sid,service,site,seq,status,t_req,t_resp,measured_ms,e2e_ms,queue_ms,exec_ms,comm_ms,link_ms
S00001,vRAN-DU,edge-A,1,DONE,0.00141,0.00919,7.7800330000172835,7.7800330000172835,0.136,6.746,0.8980330000172829,0.0
S00004,UPF,edge-B,1,DONE,0.00433,0.00918,4.849121999995987,4.849121999995987,0.221,2.71,1.9181219999959866,0.0
S00005,IMS-CSCF,edge-A,1,DONE,0.00686,0.01231,5.45738200003143,5.45738200003143,0.128,2.486,2.8433820000314296,0.0
S00006,IMS-CSCF,edge-B,1,DONE,0.00702,0.014,6.981192000012015,6.981192000012015,0.101,4.432,2.448192000012015,0.0
S00001,vRAN-DU,edge-A,2,DONE,0.0092,0.02518,15.978367999878174,15.978367999878174,0.097,14.171,1.7103679998781747,0.0
S00009,IoT-GW,edge-A,1,DONE,0.00934,0.01865,9.310089999871707,9.310089999871707,0.144,5.779,3.387089999871707,0.0
S00009,IoT-GW,edge-A,2,DONE,0.01351,0.02055,7.034595000050103,7.034595000050103,2.349,2.769,1.916595000050103,0.0
S00010,IoT-GW,edge-B,1,DONE,0.01369,0.02057,6.874948000131553,6.874948000131553,0.116,5.391,1.3679480001315536,0.0
S00004,UPF,edge-B,2,DONE,0.0138,0.02329,9.492284000089057,9.492284000089057,0.316,7.934,1.2422840000890565,0.0
S00001,vRAN-DU,edge-A,3,DONE,0.01866,0.02523,6.574160000127449,6.574160000127449,0.09,4.984,1.5001600001274493,0.0
S00001,vRAN-DU,edge-A,4,DONE,0.01879,0.02875,9.958936999964862,9.958936999964862,5.509,3.144,1.305936999964862,0.0
S00010,IoT-GW,edge-B,2,DONE,0.02057,0.02328,2.700427000036143,2.700427000036143,0.103,1.521,1.076427000036143,0.0
S00007,Transcoder,core-1,1,DONE,0.03221,0.04623,14.018195000062406,24.018195000062406,0.144,12.964,0.9101950000624051,5.0
S00004,UPF,edge-B,3,DONE,0.03473,0.03831,3.584328999977515,3.584328999977515,0.102,2.405,1.0773289999775155,0.0
S00009,IoT-GW,edge-A,3,DONE,0.03485,0.04545,10.600169999861464,10.600169999861464,0.13,7.59,2.8801699998614634,0.0
S00001,vRAN-DU,edge-A,5,DONE,0.03839,0.04536,6.968471999925896,6.968471999925896,0.057,5.753,1.1584719999258954,0.0
S00003,UPF,edge-A,1,DONE,0.04624,0.04967,3.42726799999582,3.42726799999582,0.13,2.439,0.85826799999582,0.0
S00002,vRAN-DU,edge-B,1,DONE,0.04968,0.05559,5.913230000032854,5.913230000032854,0.12,4.941,0.8522300000328542,0.0
S00006,IMS-CSCF,edge-B,2,DONE,0.05125,0.05341,2.1590160001778713,2.1590160001778713,0.064,1.231,0.8640160001778712,0.0
S00008,Transcoder,core-1,1,DONE,0.05342,0.06194,8.518375999983618,20.51837599998362,0.14,7.402,0.9763759999836177,6.0
S00010,IoT-GW,edge-B,3,DONE,0.05902,0.06195,2.9277550002007047,2.9277550002007047,0.132,1.828,0.9677550002007045,0.0
S00003,UPF,edge-A,2,DONE,0.06324,0.06954,6.299446000184616,6.299446000184616,0.092,5.427,0.7804460001846172,0.0
S00002,vRAN-DU,edge-B,2,DONE,0.06339,0.06734,3.941328000109934,3.941328000109934,0.105,3.211,0.625328000109934,0.0
S00010,IoT-GW,edge-B,4,DONE,0.06697,0.06913,2.1551450001879857,2.1551450001879857,0.056,1.271,0.8281450001879858,0.0
S00006,IMS-CSCF,edge-B,3,DONE,0.06914,0.07276,3.621867999981987,3.621867999981987,0.313,2.278,1.0308679999819867,0.0
S00010,IoT-GW,edge-B,5,DONE,0.06933,0.07473,5.397176000087711,5.397176000087711,3.039,1.393,0.965176000087711,0.0
S00002,vRAN-DU,edge-B,3,DONE,0.06955,0.07387,4.321183000001838,4.321183000001838,0.146,3.483,0.6921830000018381,0.0
S00010,IoT-GW,edge-B,6,DONE,0.07223,0.07611,3.8846979998652387,3.8846979998652387,1.714,1.11,1.0606979998652386,0.0
S00010,IoT-GW,edge-B,7,DONE,0.07474,0.07759,2.8554550001445023,2.8554550001445023,0.799,1.223,0.8334550001445022,0.0
S00010,IoT-GW,edge-B,8,DONE,0.07482,0.0797,4.88172699988354,4.88172699988354,2.363,1.836,0.6827269998835399,0.0
S00003,UPF,edge-A,3,DONE,0.08309,0.08782,4.725750000034168,4.725750000034168,0.12,3.71,0.8957500000341678,0.0
S00003,UPF,edge-A,4,DONE,0.09834,0.10975,11.411717999862958,11.411717999862958,0.141,10.424,0.8467179998629586,0.0
S00003,UPF,edge-A,5,DONE,0.09858,0.11236,13.777054999991378,13.777054999991378,10.787,2.168,0.8220549999913773,0.0
S00007,Transcoder,core-1,2,DONE,0.09864,0.1096,10.95683099993039,20.95683099993039,0.13,8.017,2.809830999930389,5.0
S00002,vRAN-DU,edge-B,4,DONE,0.09877,0.10958,10.816269000088141,10.816269000088141,0.149,5.793,4.874269000088142,0.0
S00003,UPF,edge-A,6,DONE,0.10016,0.11823,18.068298999878607,18.068298999878607,12.235,4.592,1.241298999878608,0.0
S00002,vRAN-DU,edge-B,5,DONE,0.10493,0.11824,13.31140399997821,13.31140399997821,0.141,11.31,1.8604039999782103,0.0
S00001,vRAN-DU,edge-A,6,DONE,0.10511,0.11438,9.268657999882635,9.268657999882635,0.106,4.244,4.918657999882635,0.0
S00002,vRAN-DU,edge-B,6,DONE,0.10518,0.1238,18.623644000172135,18.623644000172135,3.867,13.706,1.0506440001721344,0.0
S00010,IoT-GW,edge-B,9,DONE,0.11237,0.12007,7.7031549999446725,7.7031549999446725,5.108,1.863,0.7321549999446728,0.0
S00003,UPF,edge-A,7,DONE,0.11825,0.12213,3.8791410001977056,3.8791410001977056,0.087,2.649,1.1431410001977054,0.0
S00007,Transcoder,core-1,3,DONE,0.12134,0.13545,14.11064399985662,24.11064399985662,0.124,13.156,0.8306439998566191,5.0
S00009,IoT-GW,edge-A,4,DONE,0.12518,0.13084,5.663950000098339,5.663950000098339,0.07,4.972,0.6219500000983382,0.0
S00009,IoT-GW,edge-A,5,DONE,0.13411,0.13564,1.5358570001353655,1.5358570001353655,0.071,0.97,0.4948570001353656,0.0
S00010,IoT-GW,edge-B,10,DONE,0.14195,0.14564,3.6933119999957853,3.6933119999957853,0.092,2.885,0.7163119999957854,0.0
S00003,UPF,edge-A,8,DONE,0.14213,0.1497,7.567133000065951,7.567133000065951,0.097,6.849,0.6211330000659503,0.0
S00007,Transcoder,core-1,4,DONE,0.14259,0.14975,7.159474999980375,17.159474999980375,0.076,6.662,0.42147499998037574,5.0
S00005,IMS-CSCF,edge-A,2,DONE,0.14982,0.15224,2.411997000081101,2.411997000081101,0.097,1.588,0.7269970000811008,0.0
S00009,IoT-GW,edge-A,6,DONE,0.15224,0.15399,1.7422609998902772,1.7422609998902772,0.06,1.184,0.49826099989027717,0.0
S00009,IoT-GW,edge-A,7,DONE,0.15925,0.16152,2.2736230000646174,2.2736230000646174,0.084,1.376,0.8136230000646174,0.0
S00002,vRAN-DU,edge-B,7,DONE,0.16153,0.16578,4.251706000104605,4.251706000104605,0.102,3.548,0.6017060001046044,0.0
S00003,UPF,edge-A,9,DONE,0.16497,0.17015,5.186465999940992,5.186465999940992,0.108,4.2,0.8784659999409925,0.0
S00001,vRAN-DU,edge-A,7,DONE,0.1671,0.17147,4.378555000130291,4.378555000130291,0.084,3.64,0.6545550001302911,0.0
S00007,Transcoder,core-1,5,DONE,0.17016,0.17759,7.425380000086079,17.42538000008608,0.083,6.637,0.7053800000860795,5.0
S00004,UPF,edge-B,4,DONE,0.17277,0.17571,2.94242499990105,2.94242499990105,0.135,2.322,0.48542499990105004,0.0
S00006,IMS-CSCF,edge-B,4,DONE,0.17691,0.1789,1.98939399979281,1.98939399979281,0.126,1.391,0.47239399979281016,0.0
S00002,vRAN-DU,edge-B,8,DONE,0.17707,0.18046,3.3945079999284644,3.3945079999284644,0.19,2.74,0.46450799992846425,0.0
S00009,IoT-GW,edge-A,8,DONE,0.1888,0.1907,1.89890399997239,1.89890399997239,0.162,1.022,0.7149039999723901,0.0
S00007,Transcoder,core-1,6,DONE,0.18894,0.19592,6.981950999943365,16.981950999943365,0.143,6.254,0.5849509999433655,5.0
S00005,IMS-CSCF,edge-A,3,DONE,0.19418,0.19713,2.945842000144694,2.945842000144694,0.109,2.144,0.6928420001446938,0.0
S00003,UPF,edge-A,10,DONE,0.19937,0.20277,3.3992600001511164,3.3992600001511164,0.147,2.396,0.8562600001511167,0.0
S00005,IMS-CSCF,edge-A,4,DONE,0.20088,0.20399,3.111060000037469,3.111060000037469,0.098,2.352,0.6610600000374691,0.0
S00010,IoT-GW,edge-B,11,DONE,0.20277,0.20523,2.460582999901817,2.460582999901817,0.089,1.699,0.6725829999018169,0.0
S00010,IoT-GW,edge-B,12,DONE,0.20524,0.20713,1.8920869999874412,1.8920869999874412,0.138,1.24,0.5140869999874413,0.0
S00001,vRAN-DU,edge-A,8,DONE,0.20664,0.21037,3.7372720000803383,3.7372720000803383,0.343,2.826,0.5682720000803383,0.0
S00003,UPF,edge-A,11,DONE,0.21775,0.22082,3.0744070002128865,3.0744070002128865,0.085,2.257,0.7324070002128864,0.0
S00008,Transcoder,core-1,2,DONE,0.21918,0.22677,7.591159999947195,19.591159999947195,0.081,6.902,0.608159999947194,6.0
S00006,IMS-CSCF,edge-B,5,DONE,0.2193,0.22385,4.543894999869735,4.543894999869735,0.082,3.499,0.9628949998697354,0.0
S00003,UPF,edge-A,12,DONE,0.22395,0.22885,4.89255200000116,4.89255200000116,0.112,4.014,0.7665520000011599,0.0
S00006,IMS-CSCF,edge-B,6,DONE,0.22885,0.23169,2.8402990001268336,2.8402990001268336,0.165,1.809,0.8662990001268336,0.0
S00003,UPF,edge-A,13,DONE,0.2317,0.23492,3.2181389999550447,3.2181389999550447,0.146,2.343,0.7291389999550448,0.0
S00010,IoT-GW,edge-B,13,DONE,0.23492,0.23717,2.242214999796488,2.242214999796488,0.088,1.386,0.768214999796488,0.0
S00009,IoT-GW,edge-A,9,DONE,0.24466,0.24756,2.902040999970268,2.902040999970268,0.209,1.745,0.9480409999702677,0.0
S00001,vRAN-DU,edge-A,9,DONE,0.24988,0.25559,5.703395999944405,5.703395999944405,0.093,4.64,0.9703959999444054,0.0
S00005,IMS-CSCF,edge-A,5,DONE,0.26302,0.26631,3.2895690001168987,3.2895690001168987,0.094,2.169,1.0265690001168988,0.0
S00007,Transcoder,core-1,7,DONE,0.26632,0.28123,14.91278899993631,24.91278899993631,0.097,10.723,4.09278899993631,5.0
S00004,UPF,edge-B,5,DONE,0.27296,0.28076,7.803391999914311,7.803391999914311,0.111,6.574,1.1183919999143113,0.0
S00008,Transcoder,core-1,3,DONE,0.27322,0.28996,16.738448000069184,28.738448000069184,0.117,12.5,4.121448000069183,6.0
S00004,UPF,edge-B,6,DONE,0.28495,0.29017,5.225919999929829,5.225919999929829,0.118,4.179,0.9289199999298283,0.0
S00006,IMS-CSCF,edge-B,7,DONE,0.28957,0.29265,3.084799000134808,3.084799000134808,0.075,2.164,0.8457990001348077,0.0
S00009,IoT-GW,edge-A,10,DONE,0.28996,0.29476,4.79945899996892,4.79945899996892,0.111,2.885,1.8034589999689201,0.0
S00006,IMS-CSCF,edge-B,8,DONE,0.29145,0.2956,4.154158000119423,4.154158000119423,0.078,2.299,1.7771580001194232,0.0
S00010,IoT-GW,edge-B,14,DONE,0.29477,0.29698,2.208143999951062,2.208143999951062,0.065,1.304,0.8391439999510621,0.0
S00001,vRAN-DU,edge-A,10,DONE,0.29699,0.3024,5.413325999825247,5.413325999825247,0.133,3.983,1.2973259998252469,0.0
S00006,IMS-CSCF,edge-B,9,DONE,0.29956,0.30241,2.855328999885387,2.855328999885387,0.104,1.93,0.821328999885387,0.0
S00001,vRAN-DU,edge-A,11,DONE,0.31382,0.31881,4.987073000165765,4.987073000165765,0.116,4.042,0.8290730001657654,0.0
S00001,vRAN-DU,edge-A,12,DONE,0.31725,0.32254,5.29209000001174,5.29209000001174,0.117,4.3,0.8750900000117401,0.0
S00010,IoT-GW,edge-B,15,DONE,0.32115,0.32392,2.7744110000185174,2.7744110000185174,0.105,1.933,0.7364110000185173,0.0
S00002,vRAN-DU,edge-B,9,DONE,0.32255,0.32715,4.600106999987474,4.600106999987474,0.06,3.782,0.7581069999874748,0.0
S00003,UPF,edge-A,14,DONE,0.32716,0.3306,3.43973899998673,3.43973899998673,0.077,2.868,0.4947389999867302,0.0
S00010,IoT-GW,edge-B,16,DONE,0.3296,0.33127,1.6663880001033249,1.6663880001033249,0.065,1.123,0.47838800010332494,0.0
S00006,IMS-CSCF,edge-B,10,DONE,0.3356,0.33813,2.5300700001480436,2.5300700001480436,0.106,1.64,0.7840700001480438,0.0
S00002,vRAN-DU,edge-B,10,DONE,0.33696,0.34076,3.8026489999083424,3.8026489999083424,0.061,3.092,0.6496489999083424,0.0
S00002,vRAN-DU,edge-B,11,DONE,0.33814,0.34567,7.530029000008653,7.530029000008653,0.051,6.731,0.7480290000086534,0.0
S00001,vRAN-DU,edge-A,13,DONE,0.33821,0.34632,8.117728999877727,8.117728999877727,0.085,5.764,2.268728999877726,0.0
S00003,UPF,edge-A,15,DONE,0.34077,0.34568,4.9116679999769985,4.9116679999769985,0.067,4.149,0.6956679999769984,0.0
S00003,UPF,edge-A,16,DONE,0.34121,0.3496,8.389169999873047,8.389169999873047,4.078,3.889,0.42216999987304726,0.0
S00007,Transcoder,core-1,8,DONE,0.34568,0.35568,10.000128000001496,20.000128000001496,0.088,7.816,2.096128000001497,5.0
S00001,vRAN-DU,edge-A,14,DONE,0.34579,0.35024,4.443272000116849,4.443272000116849,0.466,3.57,0.40727200011684905,0.0
S00006,IMS-CSCF,edge-B,11,DONE,0.34864,0.35071,2.064905999986877,2.064905999986877,0.068,1.542,0.45490599998687675,0.0
S00009,IoT-GW,edge-A,11,DONE,0.35407,0.35888,4.80175000006966,4.80175000006966,0.11,4.243,0.44875000006965937,0.0
S00002,vRAN-DU,edge-B,12,DONE,0.35476,0.36387,9.109308000006422,9.109308000006422,0.158,3.858,5.093308000006422,0.0
S00001,vRAN-DU,edge-A,15,DONE,0.35544,0.36388,8.437638000032166,8.437638000032166,0.09,6.338,2.009638000032166,0.0
S00001,vRAN-DU,edge-A,16,DONE,0.35552,0.36494,9.424012999943443,9.424012999943443,2.798,5.822,0.8040129999434429,0.0
S00006,IMS-CSCF,edge-B,12,DONE,0.3587,0.36387,5.173066999986986,5.173066999986986,0.136,3.425,1.612066999986986,0.0
S00002,vRAN-DU,edge-B,13,DONE,0.35877,0.36409,5.321609000020544,5.321609000020544,0.049,4.466,0.8066090000205435,0.0
S00004,UPF,edge-B,7,DONE,0.36388,0.36665,2.76868200012359,2.76868200012359,0.092,2.209,0.46768200012358996,0.0
S00002,vRAN-DU,edge-B,14,DONE,0.36397,0.36837,4.40093799988972,4.40093799988972,0.135,3.888,0.37793799988972054,0.0
S00010,IoT-GW,edge-B,17,DONE,0.36494,0.36799,3.047138000056293,3.047138000056293,0.343,1.138,1.5661380000562932,0.0
S00003,UPF,edge-A,17,DONE,0.37586,0.37934,3.4754129999328143,3.4754129999328143,0.089,2.588,0.7984129999328142,0.0
S00002,vRAN-DU,edge-B,15,DONE,0.38673,0.39231,5.582295000067461,5.582295000067461,0.091,4.731,0.7602950000674609,0.0
S00006,IMS-CSCF,edge-B,13,DONE,0.38924,0.39219,2.95335900000282,2.95335900000282,0.082,1.723,1.1483590000028199,0.0
S00001,vRAN-DU,edge-A,17,DONE,0.3957,0.40036,4.660428000079264,4.660428000079264,0.37,2.892,1.3984280000792642,0.0
S00008,Transcoder,core-1,4,DONE,0.39589,0.4088,12.909555000078399,24.9095550000784,0.085,12.052,0.7725550000783983,6.0
S00009,IoT-GW,edge-A,12,DONE,0.40365,0.40983,6.176772000117126,6.176772000117126,0.116,4.749,1.3117720001171262,0.0
S00007,Transcoder,core-1,9,DONE,0.40381,0.42642,22.608106000006956,32.608106000006956,0.13,21.834,0.644106000006957,5.0
S00004,UPF,edge-B,8,DONE,0.40723,0.4156,8.373889000040435,8.373889000040435,0.12,4.788,3.465889000040436,0.0
S00001,vRAN-DU,edge-A,18,DONE,0.40983,0.42012,10.290615000030812,10.290615000030812,0.077,7.273,2.940615000030812,0.0
S00008,Transcoder,core-1,5,DONE,0.41225,0.42616,13.918983000166918,25.918983000166918,0.107,12.626,1.1859830001669192,6.0
S00001,vRAN-DU,edge-A,19,DONE,0.41474,0.42056,5.814215000100376,5.814215000100376,0.095,4.932,0.7872150001003755,0.0
S00010,IoT-GW,edge-B,18,DONE,0.41561,0.41748,1.8631140001161839,1.8631140001161839,0.061,0.86,0.942114000116184,0.0
S00004,UPF,edge-B,9,DONE,0.42281,0.42756,4.743782000105057,4.743782000105057,0.111,4.038,0.5947820001050568,0.0
S00002,vRAN-DU,edge-B,16,DONE,0.43593,0.44187,5.940065999993749,5.940065999993749,0.118,4.918,0.9040659999937484,0.0
S00003,UPF,edge-A,18,DONE,0.4374,0.44037,2.9674330000943883,2.9674330000943883,0.109,2.183,0.6754330000943884,0.0
S00002,vRAN-DU,edge-B,17,DONE,0.44037,0.4439,3.5280980000607087,3.5280980000607087,0.128,2.842,0.5580980000607085,0.0
S00005,IMS-CSCF,edge-A,6,DONE,0.44189,0.4442,2.3160770001595665,2.3160770001595665,0.101,1.73,0.48507700015956656,0.0
S00002,vRAN-DU,edge-B,18,DONE,0.44366,0.44734,3.672628000003897,3.672628000003897,0.048,2.798,0.8266280000038968,0.0
S00004,UPF,edge-B,10,DONE,0.44545,0.44966,4.216166000105659,4.216166000105659,0.088,3.53,0.598166000105659,0.0
S00006,IMS-CSCF,edge-B,14,DONE,0.44555,0.45039,4.840739999963262,4.840739999963262,1.312,3.051,0.4777399999632612,0.0
S00003,UPF,edge-A,19,DONE,0.4474,0.45038,2.9826269999375654,2.9826269999375654,0.073,2.503,0.40662699993756535,0.0
S00001,vRAN-DU,edge-A,20,DONE,0.4569,0.46322,6.311439999990398,6.311439999990398,0.115,5.138,1.058439999990398,0.0
S00009,IoT-GW,edge-A,13,DONE,0.46188,0.47781,15.924602000040977,15.924602000040977,0.688,10.262,4.974602000040976,0.0
S00009,IoT-GW,edge-A,14,DONE,0.46223,0.4876,25.36403500016604,25.36403500016604,18.714,1.945,4.705035000166042,0.0
S00004,UPF,edge-B,11,DONE,0.46232,0.47287,10.552006000125402,10.552006000125402,0.151,9.318,1.083006000125403,0.0
S00002,vRAN-DU,edge-B,19,DONE,0.46239,0.4706,8.21636499995293,8.21636499995293,0.542,6.617,1.05736499995293,0.0
S00002,vRAN-DU,edge-B,20,DONE,0.46322,0.47948,16.25568100007513,16.25568100007513,6.768,8.893,0.594681000075127,0.0
S00001,vRAN-DU,edge-A,21,DONE,0.46566,0.49242,26.757514999872,26.757514999872,0.121,22.349,4.287514999872002,0.0
S00003,UPF,edge-A,20,DONE,0.46582,0.48276,16.94107299999814,16.94107299999814,7.713,7.729,1.4990729999981403,0.0
S00007,Transcoder,core-1,10,DONE,0.46588,0.48763,21.754401999942274,31.754401999942274,0.111,20.214,1.4294019999422751,5.0
S00001,vRAN-DU,edge-A,22,DONE,0.46964,0.48839,18.741323999847737,18.741323999847737,13.542,3.43,1.7693239998477366,0.0
S00002,vRAN-DU,edge-B,21,DONE,0.47196,0.47854,6.585845000017798,6.585845000017798,0.046,5.705,0.8348450000177978,0.0
S00009,IoT-GW,edge-A,15,DONE,0.4721,0.49734,25.235913999949844,25.235913999949844,21.907,2.282,1.0469139999498438,0.0
S00001,vRAN-DU,edge-A,23,DONE,0.47781,0.49437,16.553376000047137,16.553376000047137,6.063,5.709,4.781376000047139,0.0
S00006,IMS-CSCF,edge-B,15,DONE,0.47791,0.48374,5.83218399992802,5.83218399992802,0.996,3.532,1.3041839999280196,0.0
S00004,UPF,edge-B,12,DONE,0.47795,0.48762,9.669541999983267,9.669541999983267,0.049,6.178,3.442541999983267,0.0
S00010,IoT-GW,edge-B,19,DONE,0.47949,0.48761,8.126700000048004,8.126700000048004,1.95,1.494,4.682700000048004,0.0
S00003,UPF,edge-A,21,DONE,0.48277,0.4951,12.33044300010988,12.33044300010988,4.552,5.634,2.144443000109881,0.0
S00004,UPF,edge-B,13,DONE,0.48839,0.49336,4.9678519999361015,4.9678519999361015,0.113,3.19,1.6648519999361011,0.0
S00003,UPF,edge-A,22,DONE,0.49242,0.50773,15.303630000062185,15.303630000062185,2.122,6.994,6.187630000062185,0.0
S00010,IoT-GW,edge-B,20,DONE,0.4951,0.49811,3.0011520000243763,3.0011520000243763,0.117,2.189,0.6951520000243763,0.0
S00006,IMS-CSCF,edge-B,16,DONE,0.49735,0.50222,4.872294000051625,4.872294000051625,0.116,3.742,1.014294000051625,0.0
S00005,IMS-CSCF,edge-A,7,DONE,0.49746,0.50282,5.365366999967591,5.365366999967591,0.096,2.382,2.887366999967591,0.0
S00005,IMS-CSCF,edge-A,8,DONE,0.49757,0.50924,11.66457099998297,11.66457099998297,2.83,6.212,2.6225709999829707,0.0
S00003,UPF,edge-A,23,DONE,0.50042,0.51392,13.495489999968413,13.495489999968413,7.434,5.452,0.6094899999684129,0.0
S00001,vRAN-DU,edge-A,24,DONE,0.50196,0.50867,6.7036549999102135,6.7036549999102135,2.81,2.456,1.4376549999102135,0.0
S00007,Transcoder,core-1,11,DONE,0.50283,0.52069,17.85578300018642,27.85578300018642,0.108,11.496,6.251783000186419,5.0
S00007,Transcoder,core-1,12,DONE,0.50775,0.52111,13.351042000067537,23.351042000067537,0.136,9.481,3.7340420000675376,5.0
S00002,vRAN-DU,edge-B,22,DONE,0.50787,0.52264,14.769244999797593,14.769244999797593,0.079,13.98,0.7102449997975917,0.0
S00005,IMS-CSCF,edge-A,9,DONE,0.50873,0.52242,13.687437000044156,13.687437000044156,0.091,12.25,1.3464370000441566,0.0
S00009,IoT-GW,edge-A,16,DONE,0.51042,0.52243,12.012501000072007,12.012501000072007,2.328,7.701,1.9835010000720077,0.0
S00003,UPF,edge-A,24,DONE,0.5207,0.52663,5.932486000119752,5.932486000119752,0.064,4.591,1.2774860001197519,0.0
S00004,UPF,edge-B,14,DONE,0.52083,0.52594,5.103492999978698,5.103492999978698,0.152,2.717,2.234492999978698,0.0
S00004,UPF,edge-B,15,DONE,0.52494,0.53015,5.205780000096638,5.205780000096638,0.934,3.002,1.2697800000966382,0.0
S00010,IoT-GW,edge-B,21,DONE,0.52788,0.52978,1.9066330000896414,1.9066330000896414,0.062,1.296,0.5486330000896413,0.0
S00010,IoT-GW,edge-B,22,DONE,0.52824,0.53111,2.871640999956071,2.871640999956071,0.96,0.946,0.9656409999560711,0.0
S00004,UPF,edge-B,16,DONE,0.53752,0.54051,2.9950780001399835,2.9950780001399835,0.087,2.289,0.6190780001399832,0.0
S00005,IMS-CSCF,edge-A,10,DONE,0.5439,0.54733,3.43513399980111,3.43513399980111,0.102,2.556,0.77713399980111,0.0
S00009,IoT-GW,edge-A,17,DONE,0.54412,0.54636,2.240612000150577,2.240612000150577,0.189,1.476,0.5756120001505769,0.0
S00010,IoT-GW,edge-B,23,DONE,0.54957,0.5513,1.7353430000639491,1.7353430000639491,0.094,1.055,0.5863430000639491,0.0
S00008,Transcoder,core-1,6,DONE,0.55253,0.56037,7.846055999834789,19.84605599983479,0.09,6.971,0.785055999834789,6.0
S00005,IMS-CSCF,edge-A,11,DONE,0.55886,0.56259,3.730213000153526,3.730213000153526,0.142,2.254,1.3342130001535262,0.0
S00009,IoT-GW,edge-A,18,DONE,0.55911,0.56225,3.1398669998452533,3.1398669998452533,0.407,1.924,0.8088669998452533,0.0
S00004,UPF,edge-B,17,DONE,0.57095,0.57444,3.4933769998133357,3.4933769998133357,0.1,2.606,0.7873769998133358,0.0
S00008,Transcoder,core-1,7,DONE,0.5735,0.58569,12.190543000087928,24.190543000087928,0.115,11.211,0.8645430000879273,6.0
S00007,Transcoder,core-1,13,DONE,0.58009,0.59014,10.056166999902416,20.056166999902416,0.085,9.186,0.7851669999024153,5.0
S00006,IMS-CSCF,edge-B,17,DONE,0.58162,0.58367,2.04581700018025,2.04581700018025,0.086,1.406,0.55381700018025,0.0
S00001,vRAN-DU,edge-A,25,DONE,0.58576,0.5906,4.8429190001115785,4.8429190001115785,0.085,4.017,0.7409190001115782,0.0
S00010,IoT-GW,edge-B,24,DONE,0.58705,0.58856,1.5157450000060635,1.5157450000060635,0.068,0.977,0.47074500000606345,0.0
S00007,Transcoder,core-1,14,DONE,0.59015,0.6057,15.551100000038787,25.551100000038787,0.072,13.034,2.445100000038787,5.0
S00001,vRAN-DU,edge-A,26,DONE,0.59386,0.59776,3.90566500004752,3.90566500004752,0.075,3.249,0.5816650000475199,0.0
S00009,IoT-GW,edge-A,19,DONE,0.59675,0.60569,8.938048000118215,8.938048000118215,0.074,5.569,3.295048000118215,0.0
S00008,Transcoder,core-1,8,DONE,0.59684,0.61193,15.08650599998873,27.08650599998873,0.182,13.488,1.4165059999887308,6.0
S00001,vRAN-DU,edge-A,27,DONE,0.59997,0.60765,7.679353999947125,7.679353999947125,0.055,7.089,0.5353539999471248,0.0
S00010,IoT-GW,edge-B,25,DONE,0.60227,0.6141,11.833781000177623,11.833781000177623,0.263,7.668,3.9027810001776233,0.0
S00008,Transcoder,core-1,9,DONE,0.6024,0.61968,17.280093999943347,29.280093999943347,0.076,16.565,0.6390939999433449,6.0
S00004,UPF,edge-B,18,DONE,0.60245,0.61107,8.625961999996434,8.625961999996434,0.129,4.943,3.553961999996435,0.0
S00002,vRAN-DU,edge-B,23,DONE,0.6057,0.61534,9.637315999952989,9.637315999952989,5.034,3.734,0.8693159999529891,0.0
S00006,IMS-CSCF,edge-B,18,DONE,0.60577,0.61656,10.785498000132065,10.785498000132065,7.602,2.477,0.7064980001320653,0.0
S00004,UPF,edge-B,19,DONE,0.60776,0.61936,11.599596999985806,11.599596999985806,7.02,3.616,0.9635969999858065,0.0
S00006,IMS-CSCF,edge-B,19,DONE,0.61656,0.61937,2.8083049999167997,2.8083049999167997,0.055,2.089,0.6643049999167996,0.0
S00006,IMS-CSCF,edge-B,20,DONE,0.61672,0.62145,4.73013800001354,4.73013800001354,2.234,2.125,0.3711380000135396,0.0
S00002,vRAN-DU,edge-B,24,DONE,0.61938,0.62458,5.201124999985041,5.201124999985041,0.047,4.794,0.3601249999850413,0.0
S00006,IMS-CSCF,edge-B,21,DONE,0.62087,0.62333,2.4656180000874883,2.4656180000874883,0.451,1.558,0.4566180000874882,0.0
S00002,vRAN-DU,edge-B,25,DONE,0.6268,0.63638,9.576601999924605,9.576601999924605,0.114,8.788,0.6746019999246045,0.0
S00001,vRAN-DU,edge-A,28,DONE,0.62913,0.63545,6.3124200000856945,6.3124200000856945,0.123,4.692,1.497420000085694,0.0
S00010,IoT-GW,edge-B,26,DONE,0.63057,0.63741,6.833342000163611,6.833342000163611,0.123,2.582,4.128342000163611,0.0
S00002,vRAN-DU,edge-B,26,DONE,0.63872,0.64946,10.731784999961747,10.731784999961747,0.165,9.669,0.8977849999617469,0.0
S00009,IoT-GW,edge-A,20,DONE,0.64052,0.64506,4.540028000064922,4.540028000064922,0.148,3.631,0.7610280000649223,0.0
S00005,IMS-CSCF,edge-A,12,DONE,0.64183,0.65018,8.343089999925724,8.343089999925724,0.084,7.462,0.7970899999257242,0.0
S00010,IoT-GW,edge-B,27,DONE,0.6447,0.65765,12.949060999972062,12.949060999972062,0.118,6.138,6.693060999972062,0.0
S00001,vRAN-DU,edge-A,29,DONE,0.64482,0.65257,7.750395000130084,7.750395000130084,0.116,6.838,0.7963950001300839,0.0
S00001,vRAN-DU,edge-A,30,DONE,0.64947,0.65767,8.201606000056927,8.201606000056927,0.096,4.679,3.4266060000569265,0.0
S00003,UPF,edge-A,25,DONE,0.64957,0.65795,8.3806719999302,8.3806719999302,2.135,5.15,1.0956719999302003,0.0
S00009,IoT-GW,edge-A,21,DONE,0.65767,0.66041,2.7338009999766655,2.7338009999766655,0.09,1.754,0.8898009999766656,0.0
S00005,IMS-CSCF,edge-A,13,DONE,0.66042,0.66388,3.460320999920441,3.460320999920441,0.081,2.668,0.7113209999204408,0.0
S00010,IoT-GW,edge-B,28,DONE,0.67135,0.67482,3.475750000006883,3.475750000006883,0.126,1.953,1.396750000006883,0.0
S00008,Transcoder,core-1,10,DONE,0.67152,0.68764,16.119170999900234,28.119170999900234,0.163,15.033,0.9231709999002344,6.0
S00001,vRAN-DU,edge-A,31,DONE,0.67171,0.68949,17.77628599984382,17.77628599984382,0.106,9.989,7.681285999843819,0.0
S00009,IoT-GW,edge-A,22,DONE,0.67483,0.67914,4.307077000021309,4.307077000021309,0.106,3.347,0.8540770000213089,0.0
S00003,UPF,edge-A,26,DONE,0.67857,0.69039,11.81678600005398,11.81678600005398,0.066,10.721,1.0297860000539796,0.0
S00006,IMS-CSCF,edge-B,22,DONE,0.6895,0.69228,2.7777089999290183,2.7777089999290183,0.2,1.904,0.6737089999290182,0.0
S00002,vRAN-DU,edge-B,27,DONE,0.69209,0.70367,11.586258999841448,11.586258999841448,0.066,10.844,0.6762589998414477,0.0
S00008,Transcoder,core-1,11,DONE,0.69216,0.72498,32.81928399997014,44.81928399997014,0.073,32.01,0.7362839999701407,6.0
S00001,vRAN-DU,edge-A,32,DONE,0.69709,0.70869,11.59578200008582,11.59578200008582,0.07,10.374,1.1517820000858183,0.0
S00010,IoT-GW,edge-B,29,DONE,0.6972,0.70449,7.2836419999475766,7.2836419999475766,0.075,6.607,0.6016419999475762,0.0
S00007,Transcoder,core-1,15,DONE,0.70449,0.75235,47.85599399997409,57.85599399997409,0.076,45.059,2.720993999974091,5.0
S00002,vRAN-DU,edge-B,28,DONE,0.70869,0.71524,6.549665999955323,6.549665999955323,0.113,5.605,0.8316659999553222,0.0
S00007,Transcoder,core-1,16,DONE,0.70883,0.75897,50.14066100011405,60.14066100011405,0.1,49.065,0.9756610001140515,5.0
S00007,Transcoder,core-1,17,DONE,0.71477,0.78204,67.26973100012401,77.26973100012401,25.896,31.264,10.109731000124011,5.0
S00009,IoT-GW,edge-A,23,DONE,0.71491,0.74415,29.23774400005641,29.23774400005641,0.224,23.601,5.41274400005641,0.0
S00003,UPF,edge-A,27,DONE,0.71525,0.73237,17.12245199996687,17.12245199996687,0.105,12.88,4.137451999966869,0.0
S00005,IMS-CSCF,edge-A,14,DONE,0.71987,0.73867,18.803445000003194,18.803445000003194,10.735,6.971,1.0974450000031943,0.0
S00001,vRAN-DU,edge-A,33,DONE,0.7237,0.75893,35.237321999829874,35.237321999829874,14.277,19.205,1.7553219998298744,0.0
S00002,vRAN-DU,edge-B,29,DONE,0.72499,0.7498,24.810545000036655,24.810545000036655,0.479,10.999,13.332545000036655,0.0
S00009,IoT-GW,edge-A,24,DONE,0.73238,0.75236,19.978783999931693,19.978783999931693,8.712,8.88,2.3867839999316924,0.0
S00008,Transcoder,core-1,12,DONE,0.73249,0.78178,49.29067800003395,61.29067800003395,0.091,48.703,0.49667800003394547,6.0
S00008,Transcoder,core-1,13,DONE,0.73757,0.78198,44.406504000107816,56.406504000107816,0.125,42.329,1.9525040001078153,6.0
S00009,IoT-GW,edge-A,25,DONE,0.73868,0.75895,20.265881999876,20.265881999876,9.219,6.591,4.455881999876001,0.0
S00002,vRAN-DU,edge-B,30,DONE,0.74417,0.75896,14.792490999980146,14.792490999980146,0.164,12.82,1.8084909999801457,0.0
S00007,Transcoder,core-1,18,DONE,0.74428,0.78968,45.406803000105356,55.406803000105356,8.287,25.847,11.272803000105355,5.0
S00001,vRAN-DU,edge-A,34,DONE,0.74434,0.77892,34.582397000122,34.582397000122,6.968,20.507,7.107397000121999,0.0
S00008,Transcoder,core-1,14,DONE,0.74439,0.79648,52.09183800002393,64.09183800002393,31.728,14.258,6.105838000023926,6.0
S00006,IMS-CSCF,edge-B,23,DONE,0.74981,0.76973,19.917873999929725,19.917873999929725,5.549,9.698,4.670873999929725,0.0
S00002,vRAN-DU,edge-B,31,DONE,0.75237,0.76661,14.241600999866932,14.241600999866932,0.09,13.242,0.9096009998669317,0.0
S00009,IoT-GW,edge-A,26,DONE,0.7568,0.7666,9.804058000099758,9.804058000099758,0.077,6.846,2.881058000099758,0.0
S00010,IoT-GW,edge-B,30,DONE,0.76662,0.76971,3.0987049999566807,3.0987049999566807,0.066,0.868,2.164704999956681,0.0
S00008,Transcoder,core-1,15,DONE,0.7771,0.7948,17.700001999855886,29.700001999855886,4.434,12.484,0.7820019998558845,6.0
S00001,vRAN-DU,edge-A,35,DONE,0.77727,0.78969,12.424541999962457,12.424541999962457,0.085,5.951,6.388541999962457,0.0
S00008,Transcoder,core-1,16,DONE,0.77737,0.80686,29.48738999998568,41.48738999998568,17.108,11.893,0.4863899999856791,6.0
S00003,UPF,edge-A,28,DONE,0.78124,0.79327,12.025887999925544,12.025887999925544,0.09,7.398,4.537887999925545,0.0
S00003,UPF,edge-A,29,DONE,0.7814,0.80001,18.613581999943563,18.613581999943563,11.116,3.386,4.111581999943563,0.0
S00006,IMS-CSCF,edge-B,24,DONE,0.7897,0.79468,4.982304999884946,4.982304999884946,0.085,3.552,1.3453049998849456,0.0
S00003,UPF,edge-A,30,DONE,0.79334,0.8023,8.963288999893848,8.963288999893848,0.427,1.877,6.659288999893849,0.0
S00006,IMS-CSCF,edge-B,25,DONE,0.79345,0.79782,4.368057999954544,4.368057999954544,0.729,3.048,0.5910579999545442,0.0
S00003,UPF,edge-A,31,DONE,0.7979,0.8043,6.405089000054431,6.405089000054431,2.268,1.682,2.4550890000544316,0.0
S00004,UPF,edge-B,20,DONE,0.80911,0.81244,3.3277020002060453,3.3277020002060453,0.121,2.345,0.8617020002060451,0.0
S00006,IMS-CSCF,edge-B,26,DONE,0.81773,0.82037,2.6366820000021107,2.6366820000021107,0.113,1.541,0.9826820000021108,0.0
S00003,UPF,edge-A,32,DONE,0.82016,0.82376,3.594515999793657,3.594515999793657,0.117,2.782,0.6955159997936571,0.0
S00005,IMS-CSCF,edge-A,15,DONE,0.82268,0.82996,7.27895900013209,7.27895900013209,0.445,5.558,1.2759590001320902,0.0
S00004,UPF,edge-B,21,DONE,0.8228,0.82694,4.14413900011823,4.14413900011823,0.085,2.615,1.4441390001182297,0.0
S00001,vRAN-DU,edge-A,36,DONE,0.82619,0.83268,6.484923000016352,6.484923000016352,0.114,5.764,0.6069230000163515,0.0
S00007,Transcoder,core-1,19,DONE,0.82673,0.83384,7.105694000074436,17.105694000074436,0.09,6.314,0.7016940000744363,5.0
S00002,vRAN-DU,edge-B,32,DONE,0.83121,0.83783,6.62004299988439,6.62004299988439,0.087,6.039,0.4940429998843907,0.0
S00005,IMS-CSCF,edge-A,16,DONE,0.83514,0.83778,2.6412260001507093,2.6412260001507093,0.109,2.108,0.4242260001507092,0.0
S00005,IMS-CSCF,edge-A,17,DONE,0.83607,0.84026,4.1879949999383825,4.1879949999383825,1.595,2.027,0.5659949999383826,0.0
S00001,vRAN-DU,edge-A,37,DONE,0.84251,0.84769,5.182993000062197,5.182993000062197,0.061,4.601,0.5209930000621972,0.0
S00010,IoT-GW,edge-B,31,DONE,0.84897,0.85314,4.17160100005276,4.17160100005276,0.523,1.433,2.21560100005276,0.0
S00002,vRAN-DU,edge-B,33,DONE,0.84914,0.86227,13.133076000030997,13.133076000030997,0.124,12.029,0.980076000030996,0.0
S00001,vRAN-DU,edge-A,38,DONE,0.85315,0.85978,6.6331020000234275,6.6331020000234275,0.204,5.182,1.2471020000234274,0.0
S00010,IoT-GW,edge-B,32,DONE,0.85327,0.85616,2.8939500000433327,2.8939500000433327,0.75,0.918,1.2259500000433325,0.0
S00003,UPF,edge-A,33,DONE,0.85348,0.86226,8.777834000056828,8.777834000056828,0.115,7.441,1.2218340000568277,0.0
S00001,vRAN-DU,edge-A,39,DONE,0.85617,0.86495,8.777801999940493,8.777801999940493,2.857,5.449,0.4718019999404932,0.0
S00009,IoT-GW,edge-A,27,DONE,0.85656,0.8703,13.744874000167329,13.744874000167329,5.105,7.461,1.178874000167328,0.0
S00006,IMS-CSCF,edge-B,27,DONE,0.85979,0.8646,4.811658000107855,4.811658000107855,0.173,2.935,1.7036580001078545,0.0
S00010,IoT-GW,edge-B,33,DONE,0.85988,0.86455,4.670096999916495,4.670096999916495,0.666,2.156,1.848096999916495,0.0
S00001,vRAN-DU,edge-A,40,DONE,0.85992,0.87032,10.399590999895736,10.399590999895736,3.262,4.282,2.8555909998957354,0.0
S00005,IMS-CSCF,edge-A,18,DONE,0.85996,0.87162,11.663100000077975,11.663100000077975,7.791,1.469,2.4031000000779743,0.0
S00002,vRAN-DU,edge-B,34,DONE,0.87163,0.87518,3.5557809999318124,3.5557809999318124,0.12,2.613,0.8227809999318123,0.0
S00004,UPF,edge-B,22,DONE,0.8806,0.88393,3.328400999862424,3.328400999862424,0.087,2.258,0.983400999862424,0.0
S00009,IoT-GW,edge-A,28,DONE,0.89141,0.89372,2.308567000000039,2.308567000000039,0.101,1.636,0.5715670000000392,0.0
S00001,vRAN-DU,edge-A,41,DONE,0.89351,0.89926,5.746588000192787,5.746588000192787,0.064,4.844,0.8385880001927868,0.0
S00002,vRAN-DU,edge-B,35,DONE,0.90152,0.90749,5.961316999901101,5.961316999901101,0.168,4.92,0.8733169999011006,0.0
S00001,vRAN-DU,edge-A,42,DONE,0.91795,0.92458,6.6301000001658394,6.6301000001658394,0.152,5.56,0.9181000001658397,0.0
S00007,Transcoder,core-1,20,DONE,0.92264,0.93385,11.206129000129295,21.206129000129295,0.133,10.147,0.9261290001292952,5.0
S00005,IMS-CSCF,edge-A,19,DONE,0.9269,0.92974,2.8428759999314934,2.8428759999314934,0.096,2.019,0.7278759999314932,0.0
S00006,IMS-CSCF,edge-B,28,DONE,0.93823,0.94215,3.9160310000170284,3.9160310000170284,0.12,2.582,1.2140310000170285,0.0
S00009,IoT-GW,edge-A,29,DONE,0.94182,0.94475,2.930889000026582,2.930889000026582,0.118,1.928,0.8848890000265821,0.0
S00008,Transcoder,core-1,17,DONE,0.95017,0.9661,15.937460000031933,27.937460000031933,0.124,14.711,1.1024600000319325,6.0
S00009,IoT-GW,edge-A,30,DONE,0.95173,0.95819,6.459859999949913,6.459859999949913,0.132,5.363,0.9648599999499128,0.0
S00006,IMS-CSCF,edge-B,29,DONE,0.95318,0.95668,3.4943990001465863,3.4943990001465863,0.12,2.68,0.6943990001465861,0.0
S00008,Transcoder,core-1,18,DONE,0.95386,0.96908,15.221919000168782,27.221919000168782,0.107,13.959,1.1559190001687831,6.0
S00006,IMS-CSCF,edge-B,30,DONE,0.96909,0.97374,4.65328999985104,4.65328999985104,0.145,2.01,2.498289999851041,0.0
S00002,vRAN-DU,edge-B,36,DONE,0.96925,0.97693,7.674750999967728,7.674750999967728,1.793,5.047,0.8347509999677278,0.0
S00009,IoT-GW,edge-A,31,DONE,0.96945,0.97181,2.3594310000589758,2.3594310000589758,0.117,1.546,0.6964310000589757,0.0
S00002,vRAN-DU,edge-B,37,DONE,0.97182,0.98194,10.123265000174797,10.123265000174797,0.068,9.357,0.6982650001747981,0.0
S00009,IoT-GW,edge-A,32,DONE,0.97189,0.97376,1.860999000200536,1.860999000200536,0.071,1.158,0.6319990002005362,0.0
S00010,IoT-GW,edge-B,34,DONE,0.97822,0.98186,3.634112000099776,3.634112000099776,0.106,2.79,0.7381120000997763,0.0
S00009,IoT-GW,edge-A,33,DONE,0.97834,0.98144,3.103827999893838,3.103827999893838,0.108,1.351,1.6448279998938378,0.0
S00009,IoT-GW,edge-A,34,DONE,0.98423,0.98715,2.9269379999732337,2.9269379999732337,0.122,1.942,0.8629379999732338,0.0
S00007,Transcoder,core-1,21,DONE,0.98846,1.00415,15.691389000039635,25.691389000039635,0.157,14.033,1.5013890000396355,5.0
S00006,IMS-CSCF,edge-B,31,DONE,0.98993,0.99429,4.355632999931913,4.355632999931913,0.123,3.337,0.8956329999319128,0.0
S00010,IoT-GW,edge-B,35,DONE,0.99009,0.9981,8.011868000039613,8.011868000039613,0.391,7.005,0.6158680000396126,0.0
S00006,IMS-CSCF,edge-B,32,DONE,0.99137,0.99579,4.413602999875366,4.413602999875366,2.565,1.409,0.43960299987536566,0.0
S00005,IMS-CSCF,edge-A,20,DONE,0.99289,0.99986,6.970658000000185,6.970658000000185,0.109,5.65,1.2116580000001846,0.0
S00009,IoT-GW,edge-A,35,DONE,1.0022,1.00507,2.8716689998873335,2.8716689998873335,0.105,2.211,0.5556689998873336,0.0
S00009,IoT-GW,edge-A,36,DONE,1.00416,1.01021,6.05301500013411,6.05301500013411,0.793,4.499,0.76101500013411,0.0
S00005,IMS-CSCF,edge-A,21,DONE,1.00633,1.01023,3.8995449999674747,3.8995449999674747,0.121,3.214,0.5645449999674748,0.0
S00002,vRAN-DU,edge-B,38,DONE,1.0089,1.01353,4.634736000070916,4.634736000070916,0.126,3.675,0.8337360000709158,0.0
S00005,IMS-CSCF,edge-A,22,DONE,1.01588,1.01939,3.5095910000109143,3.5095910000109143,0.121,2.233,1.1555910000109142,0.0
S00005,IMS-CSCF,edge-A,23,DONE,1.01613,1.02209,5.960985999990953,5.960985999990953,2.592,2.596,0.772985999990953,0.0
S00001,vRAN-DU,edge-A,43,DONE,1.01745,1.02702,9.576755000125559,9.576755000125559,0.161,7.425,1.9907550001255592,0.0
S00006,IMS-CSCF,edge-B,33,DONE,1.01765,1.02062,2.969538999877841,2.969538999877841,0.118,1.833,1.0185389998778411,0.0
S00007,Transcoder,core-1,22,DONE,1.02063,1.03467,14.03593700001693,24.03593700001693,0.124,12.465,1.4469370000169288,5.0
S00009,IoT-GW,edge-A,37,DONE,1.02073,1.027,6.275790000017878,6.275790000017878,0.097,3.05,3.1287900000178777,0.0
S00005,IMS-CSCF,edge-A,24,DONE,1.0221,1.02947,7.3659199999838165,7.3659199999838165,2.868,1.923,2.574919999983816,0.0
S00003,UPF,edge-A,34,DONE,1.0234,1.03005,6.651134000094316,6.651134000094316,3.528,2.626,0.4971340000943165,0.0
S00003,UPF,edge-A,35,DONE,1.02703,1.03286,5.83142699997552,5.83142699997552,2.857,2.333,0.6414269999755193,0.0
S00010,IoT-GW,edge-B,36,DONE,1.03412,1.03605,1.9360499998128944,1.9360499998128944,0.085,1.345,0.5060499998128944,0.0
S00003,UPF,edge-A,36,DONE,1.03828,1.04075,2.4739920002048166,2.4739920002048166,0.074,1.917,0.4829920002048167,0.0
S00003,UPF,edge-A,37,DONE,1.04206,1.04752,5.46200299982047,5.46200299982047,0.077,3.204,2.18100299982047,0.0
S00005,IMS-CSCF,edge-A,25,DONE,1.0451,1.05022,5.125797000118837,5.125797000118837,0.063,3.912,1.1507970001188372,0.0
S00004,UPF,edge-B,23,DONE,1.04518,1.05488,9.69749299997602,9.69749299997602,0.138,8.704,0.8554929999760201,0.0
S00003,UPF,edge-A,38,DONE,1.05023,1.05473,4.500514999790539,4.500514999790539,0.072,3.802,0.626514999790539,0.0
S00005,IMS-CSCF,edge-A,26,DONE,1.05489,1.05712,2.2350090000600176,2.2350090000600176,0.075,1.665,0.49500900006001736,0.0
S00002,vRAN-DU,edge-B,39,DONE,1.05941,1.06541,6.003743000064787,6.003743000064787,0.121,5.136,0.7467430000647868,0.0
S00005,IMS-CSCF,edge-A,27,DONE,1.05954,1.06379,4.24947900000916,4.24947900000916,0.073,3.257,0.9194790000091593,0.0
S00005,IMS-CSCF,edge-A,28,DONE,1.0638,1.06684,3.0386900000394235,3.0386900000394235,0.135,2.275,0.6286900000394238,0.0
S00005,IMS-CSCF,edge-A,29,DONE,1.06396,1.06953,5.570375999923272,5.570375999923272,2.502,2.258,0.8103759999232718,0.0
S00002,vRAN-DU,edge-B,40,DONE,1.06666,1.07235,5.689707999863458,5.689707999863458,0.082,4.695,0.912707999863458,0.0
S00006,IMS-CSCF,edge-B,34,DONE,1.06954,1.07263,3.098037000199838,3.098037000199838,0.08,2.591,0.4270370001998378,0.0
S00006,IMS-CSCF,edge-B,35,DONE,1.07694,1.0818,4.860030999907394,4.860030999907394,0.105,3.623,1.1320309999073936,0.0
S00010,IoT-GW,edge-B,37,DONE,1.07711,1.08185,4.74799699986761,4.74799699986761,0.193,3.551,1.00399699986761,0.0
S00008,Transcoder,core-1,19,DONE,1.08424,1.09779,13.543267999921227,25.543267999921227,0.082,12.704,0.7572679999212255,6.0
S00008,Transcoder,core-1,20,DONE,1.0858,1.10981,24.006917999940924,36.006917999940924,0.083,22.958,0.9659179999409275,6.0
S00002,vRAN-DU,edge-B,41,DONE,1.08723,1.09073,3.4958759999881295,3.4958759999881295,0.07,2.599,0.8268759999881294,0.0
S00010,IoT-GW,edge-B,38,DONE,1.09073,1.09211,1.373500999989119,1.373500999989119,0.052,0.935,0.3865009999891189,0.0
S00003,UPF,edge-A,39,DONE,1.09117,1.09834,7.170516000087446,7.170516000087446,0.076,5.443,1.6515160000874465,0.0
S00004,UPF,edge-B,24,DONE,1.09667,1.10166,4.992501000060656,4.992501000060656,0.119,4.063,0.8105010000606567,0.0
S00001,vRAN-DU,edge-A,44,DONE,1.09675,1.10556,8.801772999959212,8.801772999959212,0.123,5.43,3.248772999959213,0.0
S00003,UPF,edge-A,40,DONE,1.09679,1.1036,6.811954999875525,6.811954999875525,0.309,4.491,2.011954999875525,0.0
S00003,UPF,edge-A,41,DONE,1.09961,1.10936,9.750450999945315,9.750450999945315,3.995,4.607,1.1484509999453145,0.0
S00006,IMS-CSCF,edge-B,36,DONE,1.10487,1.10935,4.472541000041019,4.472541000041019,0.073,1.135,3.264541000041019,0.0
S00008,Transcoder,core-1,21,DONE,1.10937,1.12925,19.878008999967278,31.878008999967278,0.058,19.136,0.6840089999672792,6.0
S00005,IMS-CSCF,edge-A,30,DONE,1.10954,1.11445,4.90975000002436,4.90975000002436,0.107,3.79,1.0127500000243597,0.0
S00007,Transcoder,core-1,23,DONE,1.10981,1.13618,26.361792999978206,36.361792999978206,0.119,21.619,4.623792999978207,5.0
S00004,UPF,edge-B,25,DONE,1.10988,1.11577,5.884238999897207,5.884238999897207,0.165,4.557,1.1622389998972062,0.0
S00002,vRAN-DU,edge-B,42,DONE,1.10994,1.12611,16.17026700000679,16.17026700000679,0.686,13.423,2.0612670000067883,0.0
S00010,IoT-GW,edge-B,39,DONE,1.1113,1.12609,14.795283000012205,14.795283000012205,10.562,0.883,3.3502830000122055,0.0
S00004,UPF,edge-B,26,DONE,1.11359,1.12608,12.4899429999914,12.4899429999914,2.316,5.633,4.5409429999914,0.0
S00001,vRAN-DU,edge-A,45,DONE,1.11578,1.13378,18.00426500017238,18.00426500017238,0.104,16.822,1.078265000172383,0.0
S00010,IoT-GW,edge-B,40,DONE,1.1202,1.1261,5.903448000026401,5.903448000026401,1.041,0.633,4.229448000026401,0.0
S00001,vRAN-DU,edge-A,46,DONE,1.12038,1.13031,9.928129999934754,9.928129999934754,0.116,7.271,2.5411299999347543,0.0
S00001,vRAN-DU,edge-A,47,DONE,1.12612,1.1402,14.07527200012737,14.07527200012737,1.298,9.631,3.14627200012737,0.0
S00008,Transcoder,core-1,22,DONE,1.13032,1.14153,11.210189999928843,23.210189999928843,0.094,10.349,0.7671899999288438,6.0
S00005,IMS-CSCF,edge-A,31,DONE,1.13164,1.13689,5.252660999985892,5.252660999985892,2.452,2.134,0.6666609999858921,0.0
S00004,UPF,edge-B,27,DONE,1.13194,1.14021,8.262134000005972,8.262134000005972,0.117,6.965,1.180134000005971,0.0
S00003,UPF,edge-A,42,DONE,1.13316,1.14227,9.114876000012373,9.114876000012373,2.334,5.182,1.598876000012373,0.0
S00003,UPF,edge-A,43,DONE,1.13334,1.14791,14.572737999969831,14.572737999969831,7.627,5.519,1.4267379999698315,0.0
S00003,UPF,edge-A,44,DONE,1.13817,1.15053,12.35902200005512,12.35902200005512,9.233,2.594,0.5320220000551195,0.0
S00007,Transcoder,core-1,24,DONE,1.14154,1.15279,11.252452999997331,21.25245299999733,0.062,10.091,1.0994529999973324,5.0
S00010,IoT-GW,edge-B,41,DONE,1.14163,1.15166,10.024784000052023,10.024784000052023,0.303,8.609,1.112784000052022,0.0
S00004,UPF,edge-B,28,DONE,1.14227,1.14792,5.647761999853174,5.647761999853174,0.065,4.91,0.6727619998531731,0.0
S00004,UPF,edge-B,29,DONE,1.1435,1.1528,9.303176000003077,9.303176000003077,4.055,4.489,0.7591760000030776,0.0
S00006,IMS-CSCF,edge-B,37,DONE,1.14728,1.15293,5.64991199985343,5.64991199985343,3.928,1.198,0.5239119998534298,0.0
S00010,IoT-GW,edge-B,42,DONE,1.14736,1.1536,6.234726999991835,6.234726999991835,4.608,1.07,0.5567269999918356,0.0
S00010,IoT-GW,edge-B,43,DONE,1.1536,1.15483,1.2280359999294888,1.2280359999294888,0.046,0.819,0.36303599992948876,0.0
S00005,IMS-CSCF,edge-A,32,DONE,1.15804,1.16017,2.1264209999571904,2.1264209999571904,0.078,1.549,0.4994209999571906,0.0
S00001,vRAN-DU,edge-A,48,DONE,1.16442,1.16821,3.7919090000286815,3.7919090000286815,0.157,3.004,0.6309090000286814,0.0
S00010,IoT-GW,edge-B,44,DONE,1.16451,1.16633,1.8127109999568347,1.8127109999568347,0.094,1.02,0.6987109999568346,0.0
S00002,vRAN-DU,edge-B,43,DONE,1.17045,1.17479,4.336166000030062,4.336166000030062,0.07,3.608,0.6581660000300613,0.0
S00006,IMS-CSCF,edge-B,38,DONE,1.17278,1.1748,2.024397000013778,2.024397000013778,0.07,1.36,0.5943970000137777,0.0
S00010,IoT-GW,edge-B,45,DONE,1.17911,1.1808,1.6912210001009953,1.6912210001009953,0.071,1.035,0.5852210001009954,0.0
S00003,UPF,edge-A,45,DONE,1.18207,1.18546,3.395951999891622,3.395951999891622,0.087,2.636,0.6729519998916218,0.0
S00003,UPF,edge-A,46,DONE,1.19684,1.19987,3.0355950000284793,3.0355950000284793,0.153,2.175,0.7075950000284794,0.0
S00006,IMS-CSCF,edge-B,39,DONE,1.20424,1.20678,2.539853999905972,2.539853999905972,0.108,1.594,0.837853999905972,0.0
S00007,Transcoder,core-1,25,DONE,1.20661,1.21531,8.698246999983894,18.698246999983894,0.079,8.093,0.5262469999838935,5.0
S00009,IoT-GW,edge-A,38,DONE,1.20903,1.21134,2.3028539999359054,2.3028539999359054,0.12,1.611,0.5718539999359054,0.0
S00008,Transcoder,core-1,23,DONE,1.21029,1.21726,6.971254000063709,18.97125400006371,0.093,6.215,0.6632540000637093,6.0
S00008,Transcoder,core-1,24,DONE,1.2125,1.23054,18.039221999970323,30.039221999970323,0.113,15.471,2.4552219999703233,6.0
S00002,vRAN-DU,edge-B,44,DONE,1.2173,1.23053,13.23276099992654,13.23276099992654,0.087,11.827,1.3187609999265408,0.0
S00010,IoT-GW,edge-B,46,DONE,1.21903,1.22558,6.547720000071422,6.547720000071422,0.099,4.717,1.7317200000714221,0.0
S00009,IoT-GW,edge-A,39,DONE,1.22035,1.2256,5.247530000133338,5.247530000133338,0.393,3.281,1.573530000133338,0.0
S00005,IMS-CSCF,edge-A,33,DONE,1.22044,1.22559,5.143201000009867,5.143201000009867,0.095,3.341,1.7072010000098672,0.0
S00007,Transcoder,core-1,26,DONE,1.22684,1.23615,9.314478999840503,19.314478999840503,0.099,8.522,0.6934789998405027,5.0
S00009,IoT-GW,edge-A,40,DONE,1.22695,1.23105,4.103954000129306,4.103954000129306,0.091,2.568,1.444954000129306,0.0
S00001,vRAN-DU,edge-A,49,DONE,1.2323,1.23887,6.570481999915501,6.570481999915501,0.077,5.549,0.9444819999155003,0.0
S00005,IMS-CSCF,edge-A,34,DONE,1.23836,1.24026,1.9046390000312385,1.9046390000312385,0.044,1.446,0.41463900003123855,0.0
S00007,Transcoder,core-1,27,DONE,1.25462,1.26461,9.98581099997864,19.98581099997864,0.088,8.723,1.1748109999786394,5.0
S00005,IMS-CSCF,edge-A,35,DONE,1.25711,1.2646,7.488118999845028,7.488118999845028,0.105,5.901,1.482118999845028,0.0
S00004,UPF,edge-B,30,DONE,1.26162,1.26849,6.866533999982494,6.866533999982494,0.162,6.129,0.5755339999824942,0.0
S00003,UPF,edge-A,47,DONE,1.26461,1.2685,3.8839850001295417,3.8839850001295417,0.129,3.188,0.5669850001295416,0.0
S00010,IoT-GW,edge-B,47,DONE,1.26709,1.26962,2.527929000052609,2.527929000052609,0.107,1.81,0.6109290000526086,0.0
S00005,IMS-CSCF,edge-A,36,DONE,1.27299,1.28013,7.141654999941238,7.141654999941238,0.12,2.267,4.754654999941238,0.0
S00009,IoT-GW,edge-A,41,DONE,1.28024,1.2832,2.9615390001254127,2.9615390001254127,0.085,1.042,1.8345390001254127,0.0
S00010,IoT-GW,edge-B,48,DONE,1.28448,1.28719,2.714242000138256,2.714242000138256,0.168,1.753,0.7932420001382561,0.0
S00002,vRAN-DU,edge-B,45,DONE,1.28603,1.29023,4.205484999829423,4.205484999829423,0.098,3.567,0.540484999829423,0.0
S00003,UPF,edge-A,48,DONE,1.28949,1.29388,4.392573999894012,4.392573999894012,0.092,2.239,2.061573999894012,0.0
S00004,UPF,edge-B,31,DONE,1.29148,1.29428,2.7984609998839005,2.7984609998839005,0.066,2.251,0.4814609998839008,0.0
S00001,vRAN-DU,edge-A,50,DONE,1.29389,1.2978,3.909655000143175,3.909655000143175,0.082,3.224,0.6036550001431751,0.0
S00004,UPF,edge-B,32,DONE,1.29401,1.29666,2.650586999834559,2.650586999834559,0.045,1.916,0.689586999834559,0.0
S00009,IoT-GW,edge-A,42,DONE,1.30206,1.30426,2.1957540000130393,2.1957540000130393,0.078,1.375,0.7427540000130395,0.0
S00001,vRAN-DU,edge-A,51,DONE,1.30426,1.31118,6.917336000014984,6.917336000014984,0.098,5.902,0.9173360000149842,0.0
S00003,UPF,edge-A,49,DONE,1.30438,1.3086,4.212113999983558,4.212113999983558,0.265,3.143,0.8041139999835578,0.0
S00003,UPF,edge-A,50,DONE,1.30669,1.31081,4.117906999908882,4.117906999908882,1.23,2.16,0.7279069999088823,0.0
S00007,Transcoder,core-1,28,DONE,1.3086,1.31738,8.772442000008596,18.772442000008596,0.083,6.713,1.9764420000085954,5.0
S00003,UPF,edge-A,51,DONE,1.31081,1.31443,3.620318999992378,3.620318999992378,0.07,2.666,0.8843189999923782,0.0
S00009,IoT-GW,edge-A,43,DONE,1.31738,1.31963,2.2492989999136626,2.2492989999136626,0.083,1.128,1.0382989999136625,0.0
S00008,Transcoder,core-1,25,DONE,1.31964,1.32826,8.62406600003851,20.62406600003851,0.123,7.635,0.8660660000385114,6.0
S00009,IoT-GW,edge-A,44,DONE,1.32106,1.32733,6.276313000171285,6.276313000171285,0.063,5.335,0.8783130001712856,0.0
S00002,vRAN-DU,edge-B,46,DONE,1.32115,1.33257,11.423980000017764,11.423980000017764,0.093,10.562,0.7689800000177645,0.0
S00006,IMS-CSCF,edge-B,40,DONE,1.32119,1.32889,7.694127999911871,7.694127999911871,0.369,6.489,0.8361279999118709,0.0
S00003,UPF,edge-A,52,DONE,1.32734,1.33214,4.799886000000697,4.799886000000697,0.089,3.906,0.8048860000006965,0.0
S00009,IoT-GW,edge-A,45,DONE,1.32744,1.33335,5.907953999894744,5.907953999894744,4.004,1.424,0.4799539998947444,0.0
S00003,UPF,edge-A,53,DONE,1.3346,1.33791,3.302652999991551,3.302652999991551,0.076,2.79,0.43665299999155094,0.0
S00002,vRAN-DU,edge-B,47,DONE,1.33921,1.35416,14.946573000088392,14.946573000088392,0.096,14.178,0.6725730000883914,0.0
S00002,vRAN-DU,edge-B,48,DONE,1.33931,1.34386,4.548526999997193,4.548526999997193,0.171,3.679,0.6985269999971933,0.0
S00008,Transcoder,core-1,26,DONE,1.3427,1.35974,17.03756400002021,29.03756400002021,0.335,13.763,2.9395640000202103,6.0
S00010,IoT-GW,edge-B,49,DONE,1.34291,1.34514,2.2311920001811814,2.2311920001811814,0.05,1.203,0.9781920001811815,0.0
S00007,Transcoder,core-1,29,DONE,1.34303,1.36073,17.698555000151828,27.698555000151828,0.082,16.995,0.621555000151826,5.0
S00005,IMS-CSCF,edge-A,37,DONE,1.34514,1.3571,11.954347000028065,11.954347000028065,0.081,11.166,0.707347000028065,0.0
S00006,IMS-CSCF,edge-B,41,DONE,1.34639,1.34808,1.6878240001005906,1.6878240001005906,0.055,1.162,0.4708240001005908,0.0
S00009,IoT-GW,edge-A,46,DONE,1.34809,1.3597,11.614059999828896,11.614059999828896,0.072,8.303,3.2390599998288963,0.0
S00004,UPF,edge-B,33,DONE,1.3494,1.35308,3.678950999983499,3.678950999983499,0.061,2.365,1.252950999983499,0.0
S00001,vRAN-DU,edge-A,52,DONE,1.35224,1.35977,7.529427000008582,7.529427000008582,4.273,2.708,0.5484270000085818,0.0
S00001,vRAN-DU,edge-A,53,DONE,1.35232,1.36169,9.369401000185462,9.369401000185462,4.352,4.441,0.576401000185462,0.0
S00006,IMS-CSCF,edge-B,42,DONE,1.35416,1.35706,2.8995139998642117,2.8995139998642117,0.055,2.315,0.5295139998642115,0.0
S00003,UPF,edge-A,54,DONE,1.35565,1.36287,7.22709600017879,7.22709600017879,2.868,2.887,1.4720960001787895,0.0
S00006,IMS-CSCF,edge-B,43,DONE,1.36074,1.36288,2.1445510001285584,2.1445510001285584,0.132,1.612,0.40055100012855815,0.0
S00001,vRAN-DU,edge-A,54,DONE,1.3641,1.36724,3.134395000188306,3.134395000188306,0.052,2.696,0.38639500018830564,0.0
S00004,UPF,edge-B,34,DONE,1.38656,1.38989,3.3278799999152398,3.3278799999152398,0.118,2.567,0.6428799999152397,0.0
S00003,UPF,edge-A,55,DONE,1.39112,1.39736,6.240871000045445,6.240871000045445,0.084,5.194,0.9628710000454452,0.0
S00008,Transcoder,core-1,27,DONE,1.39123,1.39812,6.886867000048369,18.88686700004837,0.089,6.322,0.47586700004836846,6.0
S00001,vRAN-DU,edge-A,55,DONE,1.39737,1.40236,4.988735000097222,4.988735000097222,0.148,4.274,0.5667350000972222,0.0
S00003,UPF,edge-A,56,DONE,1.39746,1.40513,7.668114999887621,7.668114999887621,1.849,4.97,0.8491149998876208,0.0
S00009,IoT-GW,edge-A,47,DONE,1.3975,1.4082,10.698674999957802,10.698674999957802,7.083,2.018,1.5976749999578024,0.0
S00005,IMS-CSCF,edge-A,38,DONE,1.39936,1.40544,6.078907000073741,6.078907000073741,2.647,2.782,0.6499070000737412,0.0
S00005,IMS-CSCF,edge-A,39,DONE,1.40171,1.40971,7.996197000011307,7.996197000011307,2.937,4.216,0.8431970000113074,0.0
S00009,IoT-GW,edge-A,48,DONE,1.40523,1.4085,3.27415300012035,3.27415300012035,1.611,1.25,0.41315300012035006,0.0
S00006,IMS-CSCF,edge-B,44,DONE,1.41201,1.41512,3.101689000004626,3.101689000004626,0.111,2.39,0.6006890000046257,0.0
S00009,IoT-GW,edge-A,49,DONE,1.41341,1.41516,1.7542099999445782,1.7542099999445782,0.183,1.052,0.5192099999445781,0.0
S00005,IMS-CSCF,edge-A,40,DONE,1.41851,1.42116,2.6520230001096934,2.6520230001096934,0.149,1.709,0.7940230001096933,0.0
S00001,vRAN-DU,edge-A,56,DONE,1.42346,1.42723,3.7668080001367343,3.7668080001367343,0.07,3.01,0.6868080001367347,0.0
S00001,vRAN-DU,edge-A,57,DONE,1.42724,1.4306,3.360580999924423,3.360580999924423,0.063,2.806,0.4915809999244227,0.0
S00003,UPF,edge-A,57,DONE,1.42853,1.43116,2.6301279999643157,2.6301279999643157,0.046,2.021,0.563127999964316,0.0
S00004,UPF,edge-B,35,DONE,1.4306,1.43311,2.5079939998704504,2.5079939998704504,0.08,2.048,0.37999399987045024,0.0
S00006,IMS-CSCF,edge-B,45,DONE,1.43235,1.43419,1.8443219998971472,1.8443219998971472,0.053,1.415,0.3763219998971472,0.0
S00006,IMS-CSCF,edge-B,46,DONE,1.43536,1.4372,1.8306449999272445,1.8306449999272445,0.078,1.304,0.4486449999272444,0.0
S00010,IoT-GW,edge-B,50,DONE,1.43545,1.43803,2.581622999969113,2.581622999969113,0.121,1.857,0.6036229999691132,0.0
S00010,IoT-GW,edge-B,51,DONE,1.4372,1.44261,5.411679999951957,5.411679999951957,0.042,4.55,0.8196799999519575,0.0
S00008,Transcoder,core-1,28,DONE,1.43725,1.44475,7.502984999973705,19.502984999973705,0.08,6.664,0.7589849999737055,6.0
S00003,UPF,edge-A,58,DONE,1.44476,1.44768,2.9223039998669265,2.9223039998669265,0.083,2.38,0.4593039998669264,0.0
S00002,vRAN-DU,edge-B,49,DONE,1.44608,1.45163,5.549126999994769,5.549126999994769,0.069,5.172,0.30812699999476933,0.0
S00004,UPF,edge-B,36,DONE,1.44653,1.45145,4.9205550001261145,4.9205550001261145,0.044,4.36,0.5165550001261145,0.0
S00004,UPF,edge-B,37,DONE,1.44987,1.45556,5.692274000011821,5.692274000011821,1.666,3.42,0.6062740000118207,0.0
S00002,vRAN-DU,edge-B,50,DONE,1.45024,1.45557,5.328099000053044,5.328099000053044,0.785,3.983,0.5600990000530435,0.0
S00010,IoT-GW,edge-B,52,DONE,1.45049,1.45631,5.823258999953396,5.823258999953396,4.717,0.79,0.316258999953396,0.0
S00010,IoT-GW,edge-B,53,DONE,1.45281,1.4574,4.585075999784749,4.585075999784749,3.284,1.01,0.2910759997847492,0.0
S00005,IMS-CSCF,edge-A,41,DONE,1.46471,1.46726,2.5473439998222602,2.5473439998222602,0.093,1.651,0.8033439998222602,0.0
S00001,vRAN-DU,edge-A,58,DONE,1.46708,1.47013,3.0530950000411394,3.0530950000411394,0.053,2.495,0.5050950000411394,0.0
S00003,UPF,edge-A,59,DONE,1.46846,1.47127,2.816830000028858,2.816830000028858,0.051,2.385,0.38083000002885825,0.0
S00005,IMS-CSCF,edge-A,42,DONE,1.47344,1.47531,1.8684940000639472,1.8684940000639472,0.062,1.368,0.438494000063947,0.0
S00003,UPF,edge-A,60,DONE,1.47655,1.47904,2.488803000005646,2.488803000005646,0.052,2.005,0.4318030000056461,0.0
S00010,IoT-GW,edge-B,54,DONE,1.48021,1.48201,1.7975589998968644,1.7975589998968644,0.095,1.176,0.5265589998968645,0.0
S00001,vRAN-DU,edge-A,59,DONE,1.48206,1.48533,3.263404000108494,3.263404000108494,0.06,2.752,0.45140400010849424,0.0
S00002,vRAN-DU,edge-B,51,DONE,1.48438,1.48779,3.4109880000414705,3.4109880000414705,0.063,2.964,0.3839880000414704,0.0
S00003,UPF,edge-A,61,DONE,1.4865,1.48935,2.850167000133297,2.850167000133297,0.057,2.346,0.4471670001332968,0.0
S00004,UPF,edge-B,38,DONE,1.49357,1.49664,3.0630280000423227,3.0630280000423227,0.111,2.139,0.8130280000423227,0.0
S00003,UPF,edge-A,62,DONE,1.4937,1.49685,3.1526710001799074,3.1526710001799074,0.111,2.453,0.5886710001799074,0.0
S00004,UPF,edge-B,39,DONE,1.49664,1.49975,3.1066429999100365,3.1066429999100365,0.054,2.677,0.3756429999100366,0.0
S00005,IMS-CSCF,edge-A,43,DONE,1.49674,1.49872,1.9747510000343027,1.9747510000343027,0.056,1.366,0.5527510000343026,0.0
S00006,IMS-CSCF,edge-B,47,DONE,1.49689,1.50028,3.388805999975375,3.388805999975375,0.042,2.955,0.39180599997537513,0.0
S00002,vRAN-DU,edge-B,52,DONE,1.49872,1.50307,4.346242999872629,4.346242999872629,0.853,3.185,0.3082429998726295,0.0
S00009,IoT-GW,edge-A,50,DONE,1.50139,1.50271,1.3156180000351014,1.3156180000351014,0.061,0.892,0.3626180000351015,0.0
S00010,IoT-GW,edge-B,55,DONE,1.50633,1.50834,2.0060819999798696,2.0060819999798696,0.06,1.018,0.9280819999798695,0.0
S00010,IoT-GW,edge-B,56,DONE,1.50764,1.50885,1.2125609998747677,1.2125609998747677,0.039,0.722,0.45156099987476783,0.0
S00007,Transcoder,core-1,30,DONE,1.50771,1.52189,14.178430000129083,24.178430000129083,0.137,13.427,0.614430000129083,5.0
S00003,UPF,edge-A,63,DONE,1.51006,1.51337,3.310253999870838,3.310253999870838,0.085,2.469,0.7562539998708382,0.0
S00007,Transcoder,core-1,31,DONE,1.51013,1.52555,15.41598900007557,25.41598900007557,0.076,12.048,3.291989000075569,5.0
S00010,IoT-GW,edge-B,57,DONE,1.51019,1.51213,1.9418949998453172,1.9418949998453172,0.047,1.565,0.32989499984531734,0.0
S00003,UPF,edge-A,64,DONE,1.51663,1.51932,2.68330199992306,2.68330199992306,0.116,1.966,0.60130199992306,0.0
S00007,Transcoder,core-1,32,DONE,1.51932,1.53036,11.039468000035413,21.039468000035413,0.104,8.279,2.6564680000354137,5.0
S00005,IMS-CSCF,edge-A,44,DONE,1.52555,1.52972,4.162703000019974,4.162703000019974,0.125,1.355,2.682703000019974,0.0
S00005,IMS-CSCF,edge-A,45,DONE,1.52566,1.53184,6.182813999885184,6.182813999885184,3.552,1.935,0.6958139998851838,0.0
S00010,IoT-GW,edge-B,58,DONE,1.52691,1.53186,4.9484369999390765,4.9484369999390765,0.079,4.177,0.6924369999390771,0.0
S00004,UPF,edge-B,40,DONE,1.53517,1.5417,6.527364000021407,6.527364000021407,0.081,2.939,3.507364000021407,0.0
S00007,Transcoder,core-1,33,DONE,1.53656,1.54455,7.991725000010774,17.991725000010774,0.078,7.362,0.5517250000107738,5.0
S00001,vRAN-DU,edge-A,60,DONE,1.54141,1.54737,5.964750999964963,5.964750999964963,0.257,5.085,0.6227509999649632,0.0
S00005,IMS-CSCF,edge-A,46,DONE,1.5417,1.54484,3.134498999997959,3.134498999997959,0.115,1.623,1.3964989999979587,0.0
S00003,UPF,edge-A,65,DONE,1.54398,1.54767,3.69119399988449,3.69119399988449,0.154,2.109,1.4281939998844901,0.0
S00003,UPF,edge-A,66,DONE,1.54456,1.55004,5.482662000076743,5.482662000076743,2.446,2.28,0.7566620000767434,0.0
S00009,IoT-GW,edge-A,51,DONE,1.54462,1.54885,4.235913999991681,4.235913999991681,2.489,1.016,0.7309139999916807,0.0
S00006,IMS-CSCF,edge-B,48,DONE,1.55132,1.56324,11.92044000003989,11.92044000003989,0.087,10.044,1.789440000039889,0.0
S00008,Transcoder,core-1,29,DONE,1.55528,1.56537,10.093919999917489,22.09391999991749,0.147,8.019,1.9279199999174885,6.0
S00010,IoT-GW,edge-B,59,DONE,1.5554,1.56418,8.771674999934476,8.771674999934476,0.159,6.439,2.173674999934475,0.0
S00003,UPF,edge-A,67,DONE,1.56325,1.56749,4.238324999960241,4.238324999960241,0.097,3.109,1.0323249999602409,0.0
S00009,IoT-GW,edge-A,52,DONE,1.56662,1.56958,2.961127999924429,2.961127999924429,0.046,1.14,1.7751279999244292,0.0
S00010,IoT-GW,edge-B,60,DONE,1.56749,1.56999,2.495561999921847,2.495561999921847,0.083,1.914,0.4985619999218469,0.0
S00010,IoT-GW,edge-B,61,DONE,1.56959,1.57112,1.5355680000084249,1.5355680000084249,0.07,0.774,0.6915680000084248,0.0
S00010,IoT-GW,edge-B,62,DONE,1.57438,1.57645,2.0700460001989995,2.0700460001989995,0.069,1.362,0.6390460001989995,0.0
S00001,vRAN-DU,edge-A,61,DONE,1.57645,1.58029,3.838415000018358,3.838415000018358,0.084,3.042,0.7124150000183582,0.0
S00009,IoT-GW,edge-A,53,DONE,1.58036,1.58237,2.0107440000174392,2.0107440000174392,0.095,1.403,0.5127440000174392,0.0
S00010,IoT-GW,edge-B,63,DONE,1.58669,1.58904,2.3468620001949603,2.3468620001949603,0.12,1.328,0.8988620001949601,0.0
S00009,IoT-GW,edge-A,54,DONE,1.5935,1.59587,2.3708809999334335,2.3708809999334335,0.129,1.563,0.6788809999334335,0.0
S00003,UPF,edge-A,68,DONE,1.59596,1.5988,2.839463000100295,2.839463000100295,0.083,2.262,0.494463000100295,0.0
S00004,UPF,edge-B,41,DONE,1.59735,1.6018,4.446972000096139,4.446972000096139,0.112,3.422,0.9129720000961385,0.0
S00009,IoT-GW,edge-A,55,DONE,1.60121,1.60313,1.9219349999275437,1.9219349999275437,0.086,1.226,0.6099349999275436,0.0
S00004,UPF,edge-B,42,DONE,1.60437,1.60904,4.673096000033183,4.673096000033183,0.147,3.306,1.220096000033183,0.0
S00001,vRAN-DU,edge-A,62,DONE,1.60479,1.6101,5.307408000135183,5.307408000135183,0.094,4.639,0.5744080001351826,0.0
S00006,IMS-CSCF,edge-B,49,DONE,1.60905,1.61177,2.7181959999325045,2.7181959999325045,0.126,1.917,0.6751959999325046,0.0
S00010,IoT-GW,edge-B,64,DONE,1.60917,1.61279,3.6205320000135544,3.6205320000135544,1.416,1.658,0.5465320000135545,0.0
S00010,IoT-GW,edge-B,65,DONE,1.61177,1.6143,2.5316750000001775,2.5316750000001775,0.664,1.279,0.5886750000001775,0.0
S00007,Transcoder,core-1,34,DONE,1.61652,1.62632,9.804466000105094,19.804466000105094,0.068,8.959,0.777466000105095,5.0
S00003,UPF,edge-A,69,DONE,1.62102,1.62648,5.461220999904981,5.461220999904981,0.107,4.553,0.8012209999049809,0.0
S00004,UPF,edge-B,43,DONE,1.62633,1.62941,3.086012000039773,3.086012000039773,0.084,2.211,0.7910120000397729,0.0
S00001,vRAN-DU,edge-A,63,DONE,1.63282,1.63923,6.40911599998617,6.40911599998617,0.104,5.347,0.9581159999861697,0.0
S00002,vRAN-DU,edge-B,53,DONE,1.6418,1.64697,5.1776880000034,5.1776880000034,0.138,4.053,0.9866880000034,0.0
S00007,Transcoder,core-1,35,DONE,1.64207,1.65487,12.806468999997378,22.806468999997378,0.112,11.837,0.8574689999973781,5.0
S00002,vRAN-DU,edge-B,54,DONE,1.64215,1.64953,7.382210999821837,7.382210999821837,0.193,6.471,0.7182109998218369,0.0
S00002,vRAN-DU,edge-B,55,DONE,1.64866,1.65436,5.7023780000236,5.7023780000236,0.076,4.098,1.5283780000236007,0.0
S00010,IoT-GW,edge-B,66,DONE,1.65488,1.65804,3.1608639999376464,3.1608639999376464,0.121,2.131,0.9088639999376467,0.0
S00004,UPF,edge-B,44,DONE,1.65639,1.66122,4.829378000067663,4.829378000067663,0.092,3.878,0.8593780000676636,0.0
S00005,IMS-CSCF,edge-A,47,DONE,1.66123,1.66475,3.5231929998644773,3.5231929998644773,0.145,2.521,0.8571929998644774,0.0
S00010,IoT-GW,edge-B,67,DONE,1.66399,1.67338,9.39147100007176,9.39147100007176,0.102,5.34,3.9494710000717603,0.0
S00007,Transcoder,core-1,36,DONE,1.66476,1.67774,12.9706080001597,22.9706080001597,0.169,11.944,0.8576080001596988,5.0
S00001,vRAN-DU,edge-A,64,DONE,1.66832,1.67475,6.428101999972569,6.428101999972569,0.117,5.387,0.924101999972569,0.0
S00009,IoT-GW,edge-A,56,DONE,1.67339,1.67897,5.5836219999036985,5.5836219999036985,0.074,3.9,1.6096219999036987,0.0
S00002,vRAN-DU,edge-B,56,DONE,1.67354,1.67891,5.374110000047949,5.374110000047949,0.094,4.541,0.7391100000479485,0.0
S00008,Transcoder,core-1,30,DONE,1.67899,1.687,8.012437000161299,20.0124370001613,0.072,7.201,0.7394370001612991,6.0
S00005,IMS-CSCF,edge-A,48,DONE,1.6894,1.6921,2.7016819999516883,2.7016819999516883,0.083,1.799,0.8196819999516882,0.0
S00005,IMS-CSCF,edge-A,49,DONE,1.69211,1.69407,1.9609700000273733,1.9609700000273733,0.059,1.497,0.40497000002737327,0.0
S00006,IMS-CSCF,edge-B,50,DONE,1.69635,1.7022,5.8559700000841985,5.8559700000841985,0.105,4.704,1.0469700000841984,0.0
S00010,IoT-GW,edge-B,68,DONE,1.69646,1.7023,5.841404999955557,5.841404999955557,0.334,4.477,1.0304049999555573,0.0
S00006,IMS-CSCF,edge-B,51,DONE,1.69873,1.70426,5.537395999908767,5.537395999908767,2.823,2.14,0.5743959999087673,0.0
S00001,vRAN-DU,edge-A,65,DONE,1.70231,1.71027,7.958106999922165,7.958106999922165,0.061,7.387,0.5101069999221659,0.0
S00005,IMS-CSCF,edge-A,50,DONE,1.70427,1.71059,6.324849000066024,6.324849000066024,0.064,5.144,1.1168490000660238,0.0
S00002,vRAN-DU,edge-B,57,DONE,1.70435,1.71215,7.795346999955655,7.795346999955655,0.061,7.044,0.6903469999556551,0.0
S00006,IMS-CSCF,edge-B,52,DONE,1.70558,1.70979,4.2060310001943435,4.2060310001943435,0.118,3.554,0.5340310001943434,0.0
S00009,IoT-GW,edge-A,57,DONE,1.70891,1.71216,3.250342000001183,3.250342000001183,0.074,0.965,2.211342000001183,0.0
S00001,vRAN-DU,edge-A,66,DONE,1.71216,1.71952,7.354758000019501,7.354758000019501,0.051,6.622,0.6817580000195012,0.0
S00004,UPF,edge-B,45,DONE,1.71223,1.71637,4.138086000011754,4.138086000011754,0.065,3.115,0.958086000011753,0.0
S00009,IoT-GW,edge-A,58,DONE,1.71638,1.72225,5.877678999922864,5.877678999922864,2.597,2.464,0.8166789999228641,0.0
S00003,UPF,edge-A,70,DONE,1.71649,1.72019,3.7006019999807904,3.7006019999807904,0.07,3.105,0.5256019999807906,0.0
S00006,IMS-CSCF,edge-B,53,DONE,1.71876,1.72102,2.261545000010301,2.261545000010301,0.148,1.586,0.5275450000103008,0.0
S00002,vRAN-DU,edge-B,58,DONE,1.7189,1.7256,6.6977189999306574,6.6977189999306574,0.101,4.821,1.7757189999306577,0.0
S00006,IMS-CSCF,edge-B,54,DONE,1.72226,1.72508,2.812325999911991,2.812325999911991,0.106,1.758,0.9483259999119911,0.0
S00004,UPF,edge-B,46,DONE,1.72785,1.73232,4.467502999887074,4.467502999887074,0.073,3.586,0.8085029998870739,0.0
S00004,UPF,edge-B,47,DONE,1.73232,1.74406,11.735616999885679,11.735616999885679,0.116,5.733,5.886616999885679,0.0
S00004,UPF,edge-B,48,DONE,1.73661,1.75128,14.664264999964871,14.664264999964871,7.48,6.57,0.6142649999648704,0.0
S00001,vRAN-DU,edge-A,67,DONE,1.7367,1.75098,14.275237999981982,14.275237999981982,0.173,12.558,1.5442379999819824,0.0
S00009,IoT-GW,edge-A,59,DONE,1.73801,1.75091,12.895283000034397,12.895283000034397,0.109,8.426,4.360283000034396,0.0
S00010,IoT-GW,edge-B,69,DONE,1.73818,1.7549,16.72020999990309,16.72020999990309,0.465,9.22,7.03520999990309,0.0
S00010,IoT-GW,edge-B,70,DONE,1.74098,1.7582,17.217019999861805,17.217019999861805,9.456,3.424,4.3370199998618055,0.0
S00010,IoT-GW,edge-B,71,DONE,1.7423,1.76386,21.562290000019857,21.562290000019857,13.492,4.945,3.125290000019856,0.0
S00010,IoT-GW,edge-B,72,DONE,1.74407,1.76776,23.693399999956455,23.693399999956455,18.632,3.622,1.4393999999564535,0.0
S00003,UPF,edge-A,71,DONE,1.74542,1.75497,9.547642999905293,9.547642999905293,4.698,3.863,0.9866429999052921,0.0
S00006,IMS-CSCF,edge-B,55,DONE,1.74614,1.75491,8.775647999982539,8.775647999982539,4.922,2.857,0.9966479999825388,0.0
S00001,vRAN-DU,edge-A,68,DONE,1.75498,1.76061,5.633863000184647,5.633863000184647,0.109,4.772,0.7528630001846466,0.0
S00004,UPF,edge-B,49,DONE,1.75553,1.76616,10.631954000018595,10.631954000018595,0.463,6.843,3.325954000018596,0.0
S00005,IMS-CSCF,edge-A,51,DONE,1.75752,1.76618,8.664213999963977,8.664213999963977,0.101,6.029,2.534213999963976,0.0
S00009,IoT-GW,edge-A,60,DONE,1.76387,1.76645,2.580783999974301,2.580783999974301,0.097,1.943,0.5407839999743009,0.0
S00002,vRAN-DU,edge-B,59,DONE,1.76777,1.77236,4.593869000018458,4.593869000018458,0.1,3.844,0.6498690000184584,0.0
S00005,IMS-CSCF,edge-A,52,DONE,1.76865,1.77469,6.0381379998943885,6.0381379998943885,0.115,2.068,3.855137999894388,0.0
S00004,UPF,edge-B,50,DONE,1.76887,1.77235,3.4831579998808593,3.4831579998808593,0.092,2.729,0.6621579998808591,0.0
S00007,Transcoder,core-1,37,DONE,1.77707,1.79401,16.939404999902763,26.939404999902763,0.108,14.468,2.3634049999027624,5.0
S00003,UPF,edge-A,72,DONE,1.7785,1.78506,6.56614400008948,6.56614400008948,0.103,5.42,1.0431440000894803,0.0
S00001,vRAN-DU,edge-A,69,DONE,1.78508,1.79402,8.944686000177171,8.944686000177171,0.117,7.613,1.2146860001771698,0.0
S00010,IoT-GW,edge-B,73,DONE,1.7921,1.79464,2.536102000021856,2.536102000021856,0.114,1.645,0.777102000021856,0.0
S00001,vRAN-DU,edge-A,70,DONE,1.79407,1.79812,4.0497830000276736,4.0497830000276736,0.096,2.872,1.0817830000276736,0.0
S00002,vRAN-DU,edge-B,60,DONE,1.80265,1.80736,4.70496999992065,4.70496999992065,0.181,3.469,1.0549699999206497,0.0
S00007,Transcoder,core-1,38,DONE,1.80737,1.81503,7.6678699999774835,17.667869999977484,0.097,6.705,0.865869999977483,5.0
S00002,vRAN-DU,edge-B,61,DONE,1.81847,1.82871,10.242293999908725,10.242293999908725,0.1,9.406,0.7362939999087246,0.0
S00001,vRAN-DU,edge-A,71,DONE,1.81871,1.82808,9.3720800000483,9.3720800000483,0.137,8.263,0.9720800000482992,0.0
S00010,IoT-GW,edge-B,74,DONE,1.82279,1.82761,4.819438999902559,4.819438999902559,0.078,3.98,0.7614389999025586,0.0
S00006,IMS-CSCF,edge-B,56,DONE,1.82762,1.83117,3.5462850000840263,3.5462850000840263,0.078,3.126,0.3422850000840265,0.0
S00003,UPF,edge-A,73,DONE,1.83749,1.84568,8.189446000187672,8.189446000187672,0.147,7.26,0.7824460001876723,0.0
S00008,Transcoder,core-1,31,DONE,1.83765,1.84728,9.63485900001615,21.63485900001615,0.086,8.957,0.5918590000161483,6.0
S00002,vRAN-DU,edge-B,62,DONE,1.8377,1.84425,6.546431000060693,6.546431000060693,0.075,5.506,0.9654310000606925,0.0
S00002,vRAN-DU,edge-B,63,DONE,1.84851,1.85245,3.945611000062854,3.945611000062854,0.071,3.477,0.3976110000628541,0.0
S00009,IoT-GW,edge-A,61,DONE,1.8494,1.85106,1.6539719999855151,1.6539719999855151,0.094,0.983,0.5769719999855151,0.0
S00003,UPF,edge-A,74,DONE,1.85366,1.85642,2.7673090000917,2.7673090000917,0.075,2.067,0.6253090000916997,0.0
S00006,IMS-CSCF,edge-B,57,DONE,1.85869,1.86068,1.99058199996216,1.99058199996216,0.072,1.392,0.5265819999621599,0.0
S00006,IMS-CSCF,edge-B,58,DONE,1.87629,1.87908,2.7848689999245835,2.7848689999245835,0.093,1.901,0.7908689999245835,0.0
S00005,IMS-CSCF,edge-A,53,DONE,1.87664,1.88184,5.198178000000553,5.198178000000553,1.507,2.593,1.0981780000005532,0.0
S00007,Transcoder,core-1,39,DONE,1.88164,1.90776,26.1188229999334,36.1188229999334,0.142,24.848,1.1288229999334014,5.0
S00005,IMS-CSCF,edge-A,54,DONE,1.88317,1.88767,4.499172999885559,4.499172999885559,0.137,2.628,1.7341729998855584,0.0
S00009,IoT-GW,edge-A,62,DONE,1.88564,1.89187,6.225509000159946,6.225509000159946,2.328,2.431,1.4665090001599457,0.0
S00003,UPF,edge-A,75,DONE,1.8858,1.89443,8.631981000007727,8.631981000007727,0.108,7.011,1.5129810000077262,0.0
S00005,IMS-CSCF,edge-A,55,DONE,1.88768,1.89694,9.25351499995486,9.25351499995486,3.683,3.589,1.9815149999548596,0.0
S00002,vRAN-DU,edge-B,64,DONE,1.88963,1.90775,18.12052499985839,18.12052499985839,0.128,14.981,3.0115249998583895,0.0
S00009,IoT-GW,edge-A,63,DONE,1.8911,1.89787,6.762630999901376,6.762630999901376,1.181,3.459,2.1226309999013755,0.0
S00008,Transcoder,core-1,32,DONE,1.89365,1.91756,23.915680000072825,35.915680000072825,0.202,20.503,3.2106800000728235,6.0
S00005,IMS-CSCF,edge-A,56,DONE,1.90523,1.90821,2.9865760000120645,2.9865760000120645,0.091,2.421,0.47457600001206446,0.0
S00006,IMS-CSCF,edge-B,59,DONE,1.90748,1.91365,6.170476999841412,6.170476999841412,1.56,3.764,0.8464769998414119,0.0
S00002,vRAN-DU,edge-B,65,DONE,1.90759,1.91758,9.992594999857829,9.992594999857829,0.179,8.714,1.0995949998578283,0.0
S00002,vRAN-DU,edge-B,66,DONE,1.91271,1.91963,6.917787000020326,6.917787000020326,0.096,5.163,1.6587870000203253,0.0
S00003,UPF,edge-A,76,DONE,1.91366,1.92024,6.58544099997016,6.58544099997016,0.078,5.268,1.23944099997016,0.0
S00007,Transcoder,core-1,40,DONE,1.91499,1.93199,16.997258000174043,26.997258000174043,0.096,15.163,1.7382580001740422,5.0
S00009,IoT-GW,edge-A,64,DONE,1.91758,1.9237,6.1170489998403355,6.1170489998403355,0.177,4.735,1.2050489998403355,0.0
S00004,UPF,edge-B,51,DONE,1.9177,1.92398,6.273031000091578,6.273031000091578,0.102,4.821,1.3500310000915778,0.0
S00010,IoT-GW,edge-B,75,DONE,1.92734,1.93011,2.7752860000873625,2.7752860000873625,0.098,1.909,0.7682860000873626,0.0
S00009,IoT-GW,edge-A,65,DONE,1.92874,1.9313,2.5578820000191627,2.5578820000191627,0.113,1.567,0.8778820000191627,0.0
S00001,vRAN-DU,edge-A,72,DONE,1.9313,1.94099,9.6811500000058,9.6811500000058,0.089,8.399,1.1931500000058008,0.0
S00010,IoT-GW,edge-B,76,DONE,1.93172,1.9363,4.581471000165038,4.581471000165038,0.091,1.491,2.999471000165038,0.0
S00003,UPF,edge-A,77,DONE,1.93631,1.941,4.688588000135496,4.688588000135496,0.102,3.711,0.8755880001354961,0.0
S00002,vRAN-DU,edge-B,67,DONE,1.93647,1.94183,5.366849999973056,5.366849999973056,0.101,4.628,0.6378499999730556,0.0
S00006,IMS-CSCF,edge-B,60,DONE,1.94184,1.94573,3.883193000092433,3.883193000092433,0.074,3.132,0.6771930000924331,0.0
S00005,IMS-CSCF,edge-A,57,DONE,1.94433,1.94715,2.8294470000673755,2.8294470000673755,0.107,1.964,0.7584470000673753,0.0
S00009,IoT-GW,edge-A,66,DONE,1.94716,1.94952,2.3526949998995406,2.3526949998995406,0.068,1.0,1.2846949998995405,0.0
S00007,Transcoder,core-1,41,DONE,1.94854,1.95926,10.723203999987163,20.723203999987163,0.161,9.99,0.5722039999871633,5.0
S00001,vRAN-DU,edge-A,73,DONE,1.95386,1.95913,5.269808999855741,5.269808999855741,0.101,4.202,0.9668089998557408,0.0
S00006,IMS-CSCF,edge-B,61,DONE,1.96156,1.96626,4.708106999942174,4.708106999942174,0.125,1.707,2.8761069999421744,0.0
S00003,UPF,edge-A,78,DONE,1.96172,1.97034,8.616027000016402,8.616027000016402,0.113,7.644,0.8590270000164022,0.0
S00009,IoT-GW,edge-A,67,DONE,1.96233,1.96925,6.9284090000110155,6.9284090000110155,0.075,4.24,2.613409000011015,0.0
S00006,IMS-CSCF,edge-B,62,DONE,1.96287,1.96654,3.66681100013011,3.66681100013011,0.068,1.794,1.80481100013011,0.0
S00010,IoT-GW,edge-B,77,DONE,1.96627,1.97031,4.039536999925986,4.039536999925986,0.131,2.743,1.1655369999259855,0.0
S00005,IMS-CSCF,edge-A,58,DONE,1.96638,1.97035,3.967664999890985,3.967664999890985,0.087,2.611,1.2696649998909848,0.0
S00006,IMS-CSCF,edge-B,63,DONE,1.96644,1.97033,3.8918289999401168,3.8918289999401168,0.074,2.031,1.7868289999401168,0.0
S00002,vRAN-DU,edge-B,68,DONE,1.97164,1.97818,6.538488999922265,6.538488999922265,0.094,5.607,0.8374889999222646,0.0
S00006,IMS-CSCF,edge-B,64,DONE,1.97406,1.97734,3.273953000189067,3.273953000189067,0.082,1.917,1.2749530001890672,0.0
S00003,UPF,edge-A,79,DONE,1.97418,1.98142,7.243911999921693,7.243911999921693,0.098,3.737,3.408911999921693,0.0
S00004,UPF,edge-B,52,DONE,1.97819,1.98209,3.902088999893749,3.902088999893749,0.073,3.114,0.7150889998937493,0.0
S00004,UPF,edge-B,53,DONE,1.98143,1.99378,12.351358000159962,12.351358000159962,0.141,7.769,4.441358000159962,0.0
S00004,UPF,edge-B,54,DONE,1.98153,1.99781,16.279489999988073,16.279489999988073,8.17,7.414,0.695489999988073,0.0
S00002,vRAN-DU,edge-B,69,DONE,1.9821,1.98576,3.6648049999712384,3.6648049999712384,0.114,2.721,0.8298049999712385,0.0
S00005,IMS-CSCF,edge-A,59,DONE,1.98535,1.99774,12.390761000006023,12.390761000006023,0.259,9.862,2.2697610000060227,0.0
S00009,IoT-GW,edge-A,68,DONE,1.98549,2.00565,20.16460000004372,20.16460000004372,10.881,2.318,6.96560000004372,0.0
S00007,Transcoder,core-1,42,DONE,1.98555,2.03754,51.99329700008093,61.99329700008093,0.102,42.67,9.22129700008093,5.0
S00001,vRAN-DU,edge-A,74,DONE,1.98561,1.99772,12.111308999919856,12.111308999919856,0.097,9.938,2.0763089999198563,0.0
S00003,UPF,edge-A,80,DONE,1.98738,2.00743,20.05492100010997,20.05492100010997,9.701,9.065,1.288921000109971,0.0
S00003,UPF,edge-A,81,DONE,1.98747,2.01207,24.603479999996125,24.603479999996125,19.282,4.72,0.6014799999961253,0.0
S00009,IoT-GW,edge-A,69,DONE,1.98751,2.03853,51.02027800012365,51.02027800012365,49.818,0.851,0.3512780001236555,0.0
S00001,vRAN-DU,edge-A,75,DONE,1.9938,2.00745,13.651578999997582,13.651578999997582,2.763,6.473,4.4155789999975825,0.0
S00004,UPF,edge-B,55,DONE,1.99402,2.00604,12.015386000030048,12.015386000030048,0.142,7.214,4.659386000030048,0.0
S00001,vRAN-DU,edge-A,76,DONE,1.99412,2.03756,43.441179999945234,43.441179999945234,14.913,18.505,10.023179999945235,0.0
S00005,IMS-CSCF,edge-A,60,DONE,1.99619,2.01879,22.596129000021392,22.596129000021392,10.286,10.129,2.181129000021393,0.0
S00006,IMS-CSCF,edge-B,65,DONE,1.99636,2.01878,22.417970999867975,22.417970999867975,0.198,20.353,1.8669709998679735,0.0
S00004,UPF,edge-B,56,DONE,1.99912,2.01877,19.649226999945313,19.649226999945313,6.125,12.004,1.5202269999453133,0.0
S00004,UPF,edge-B,57,DONE,1.99929,2.02846,29.16192200018486,29.16192200018486,18.769,9.264,1.1289220001848612,0.0
S00001,vRAN-DU,edge-A,77,DONE,2.00566,2.02844,22.77943499984758,22.77943499984758,11.124,9.287,2.3684349998475795,0.0
S00001,vRAN-DU,edge-A,78,DONE,2.00578,2.03757,31.79562100012845,31.79562100012845,20.681,7.607,3.507621000128448,0.0
S00001,vRAN-DU,edge-A,79,DONE,2.00584,2.04887,43.03475200003959,43.03475200003959,24.178,17.498,1.358752000039587,0.0
S00004,UPF,edge-B,58,DONE,2.00612,2.03758,31.46463899997798,31.46463899997798,19.332,9.29,2.8426389999779786,0.0
S00009,IoT-GW,edge-A,70,DONE,2.00745,2.04512,37.664502000097855,37.664502000097855,34.303,0.585,2.7765020000978575,0.0
S00007,Transcoder,core-1,43,DONE,2.00881,2.03823,29.427336000026116,39.427336000026116,0.268,28.527,0.6323360000261147,5.0
S00009,IoT-GW,edge-A,71,DONE,2.01146,2.04512,33.669578000171896,33.669578000171896,30.656,0.66,2.353578000171897,0.0
S00001,vRAN-DU,edge-A,80,DONE,2.01879,2.0451,26.309898000135945,26.309898000135945,19.338,2.288,4.683898000135944,0.0
S00010,IoT-GW,edge-B,78,DONE,2.02115,2.02847,7.314055000051667,7.314055000051667,0.052,5.711,1.551055000051667,0.0
S00007,Transcoder,core-1,44,DONE,2.02123,2.05552,34.28647399982765,44.28647399982765,8.023,25.638,0.6254739998276477,5.0
S00008,Transcoder,core-1,33,DONE,2.02132,2.04972,28.402276999941023,40.40227699994102,0.067,27.81,0.5252769999410241,6.0
S00005,IMS-CSCF,edge-A,61,DONE,2.02847,2.03765,9.176915000125518,9.176915000125518,4.33,1.96,2.8869150001255184,0.0
S00005,IMS-CSCF,edge-A,62,DONE,2.02856,2.04511,16.553397000052428,16.553397000052428,9.868,1.113,5.572397000052428,0.0
S00002,vRAN-DU,edge-B,70,DONE,2.04513,2.05399,8.85719899997639,8.85719899997639,0.106,5.458,3.29319899997639,0.0
S00010,IoT-GW,edge-B,79,DONE,2.04522,2.054,8.77617400010422,8.77617400010422,5.711,1.688,1.3771740001042196,0.0
S00002,vRAN-DU,edge-B,71,DONE,2.04525,2.05439,9.136871000009705,9.136871000009705,0.153,8.281,0.7028710000097043,0.0
S00010,IoT-GW,edge-B,80,DONE,2.04536,2.06153,16.1782940001558,16.1782940001558,7.55,4.457,4.171294000155801,0.0
S00007,Transcoder,core-1,45,DONE,2.04762,2.06949,21.868164999887085,31.868164999887085,0.05,19.627,2.1911649998870857,5.0
S00003,UPF,edge-A,82,DONE,2.04888,2.05429,5.4097669999464415,5.4097669999464415,0.046,4.447,0.9167669999464412,0.0
S00008,Transcoder,core-1,34,DONE,2.054,2.0636,9.595751999995628,21.595751999995628,0.192,8.52,0.8837519999956278,6.0
S00010,IoT-GW,edge-B,81,DONE,2.05412,2.06154,7.423017000064647,7.423017000064647,3.502,0.772,3.1490170000646467,0.0
S00010,IoT-GW,edge-B,82,DONE,2.05418,2.06155,7.3712640000849206,7.3712640000849206,4.37,0.673,2.3282640000849204,0.0
S00007,Transcoder,core-1,46,DONE,2.05439,2.06637,11.981197000068278,21.981197000068278,0.585,10.83,0.5661970000682768,5.0
S00006,IMS-CSCF,edge-B,66,DONE,2.06155,2.06668,5.125302999886117,5.125302999886117,0.056,2.618,2.4513029998861167,0.0
S00003,UPF,edge-A,83,DONE,2.0636,2.06717,3.572748999886244,3.572748999886244,0.093,2.633,0.8467489998862439,0.0
S00001,vRAN-DU,edge-A,81,DONE,2.06366,2.06941,5.746417999944242,5.746417999944242,0.139,4.711,0.8964179999442417,0.0
S00006,IMS-CSCF,edge-B,67,DONE,2.0718,2.07399,2.1933769999122887,2.1933769999122887,0.077,1.488,0.6283769999122888,0.0
S00001,vRAN-DU,edge-A,82,DONE,2.07825,2.08187,3.6292120000780415,3.6292120000780415,0.084,2.995,0.5502120000780413,0.0
S00003,UPF,edge-A,84,DONE,2.08338,2.08605,2.6713000002018816,2.6713000002018816,0.057,2.149,0.46530000020188167,0.0
S00002,vRAN-DU,edge-B,72,DONE,2.08349,2.09018,6.686889999855339,6.686889999855339,0.079,6.127,0.4808899998553393,0.0
S00003,UPF,edge-A,85,DONE,2.08478,2.08878,4.006373000038366,4.006373000038366,1.175,2.324,0.507373000038366,0.0
S00002,vRAN-DU,edge-B,73,DONE,2.08484,2.08934,4.500514000028488,4.500514000028488,0.056,3.828,0.6165140000284883,0.0
S00009,IoT-GW,edge-A,72,DONE,2.08605,2.08879,2.7392920001148013,2.7392920001148013,0.035,2.221,0.4832920001148011,0.0
S00004,UPF,edge-B,59,DONE,2.09236,2.09536,3.0007640000349056,3.0007640000349056,0.068,2.079,0.8537640000349054,0.0
S00006,IMS-CSCF,edge-B,68,DONE,2.09475,2.09639,1.641123999888805,1.641123999888805,0.047,1.174,0.4201239998888051,0.0
S00001,vRAN-DU,edge-A,83,DONE,2.09481,2.09869,3.8788100000601844,3.8788100000601844,0.076,3.367,0.43581000006018433,0.0
S00006,IMS-CSCF,edge-B,69,DONE,2.09755,2.0994,1.8555789999936678,1.8555789999936678,0.077,1.322,0.4565789999936678,0.0
S00001,vRAN-DU,edge-A,84,DONE,2.10371,2.10762,3.9047739999205078,3.9047739999205078,0.114,2.909,0.8817739999205081,0.0
S00002,vRAN-DU,edge-B,74,DONE,2.10708,2.11042,3.340020999985427,3.340020999985427,0.075,2.808,0.4570209999854269,0.0
S00004,UPF,edge-B,60,DONE,2.11467,2.11752,2.8409510000528826,2.8409510000528826,0.077,2.102,0.6619510000528828,0.0
S00010,IoT-GW,edge-B,83,DONE,2.1228,2.12457,1.7649440001150651,1.7649440001150651,0.074,1.206,0.4849440001150651,0.0
S00006,IMS-CSCF,edge-B,70,DONE,2.12418,2.12624,2.0569240000440914,2.0569240000440914,0.12,1.304,0.6329240000440912,0.0
S00002,vRAN-DU,edge-B,75,DONE,2.12425,2.12786,3.610895999827335,3.610895999827335,0.045,2.981,0.5848959998273351,0.0
S00004,UPF,edge-B,61,DONE,2.12739,2.13001,2.6118000000678876,2.6118000000678876,0.056,1.942,0.6138000000678876,0.0
S00005,IMS-CSCF,edge-A,63,DONE,2.13834,2.14037,2.0296690001941897,2.0296690001941897,0.088,1.321,0.6206690001941897,0.0
S00006,IMS-CSCF,edge-B,71,DONE,2.13849,2.14037,1.880005999964851,1.880005999964851,0.073,1.352,0.455005999964851,0.0
S00002,vRAN-DU,edge-B,76,DONE,2.1426,2.14634,3.7313699999685923,3.7313699999685923,0.1,3.139,0.49236999996859243,0.0
S00005,IMS-CSCF,edge-A,64,DONE,2.14272,2.14461,1.8956260000777547,1.8956260000777547,0.1,1.377,0.41862600007775463,0.0
S00003,UPF,edge-A,86,DONE,2.15264,2.15578,3.1365899999400426,3.1365899999400426,0.149,2.053,0.9345899999400427,0.0
S00001,vRAN-DU,edge-A,85,DONE,2.15399,2.15829,4.305704999978843,4.305704999978843,0.057,3.766,0.48270499997884286,0.0
S00004,UPF,edge-B,62,DONE,2.15411,2.15725,3.1381539999983943,3.1381539999983943,0.073,2.198,0.8671539999983944,0.0
S00004,UPF,edge-B,63,DONE,2.15725,2.16002,2.7645039999697474,2.7645039999697474,0.068,2.215,0.48150399996974746,0.0
S00005,IMS-CSCF,edge-A,65,DONE,2.16002,2.16169,1.6715689998818561,1.6715689998818561,0.056,1.254,0.3615689998818561,0.0
S00006,IMS-CSCF,edge-B,72,DONE,2.16133,2.16316,1.8295020001914963,1.8295020001914963,0.052,1.412,0.36550200019149637,0.0
S00003,UPF,edge-A,87,DONE,2.16432,2.16693,2.617614999962825,2.617614999962825,0.076,2.07,0.4716149999628252,0.0
S00010,IoT-GW,edge-B,84,DONE,2.16916,2.17096,1.8043380000563047,1.8043380000563047,0.071,1.116,0.6173380000563047,0.0
S00009,IoT-GW,edge-A,73,DONE,2.17524,2.17705,1.8109239999830606,1.8109239999830606,0.079,1.17,0.5619239999830608,0.0
S00002,vRAN-DU,edge-B,77,DONE,2.17656,2.18004,3.476436000028116,3.476436000028116,0.269,2.706,0.5014360000281157,0.0
S00002,vRAN-DU,edge-B,78,DONE,2.17663,2.18043,3.800304999913351,3.800304999913351,0.335,3.103,0.36230499991335074,0.0
S00001,vRAN-DU,edge-A,86,DONE,2.18162,2.18718,5.556495000064388,5.556495000064388,0.105,4.894,0.557495000064387,0.0
S00002,vRAN-DU,edge-B,79,DONE,2.18397,2.18717,3.203918000053818,3.203918000053818,0.058,2.551,0.5949180000538181,0.0
S00005,IMS-CSCF,edge-A,66,DONE,2.18838,2.19036,1.9808199999715725,1.9808199999715725,0.067,1.487,0.4268199999715725,0.0
S00001,vRAN-DU,edge-A,87,DONE,2.19154,2.19456,3.0234319999635773,3.0234319999635773,0.057,2.599,0.3674319999635771,0.0
S00006,IMS-CSCF,edge-B,73,DONE,2.19385,2.19622,2.3722379999071563,2.3722379999071563,0.076,1.694,0.6022379999071563,0.0
S00006,IMS-CSCF,edge-B,74,DONE,2.19966,2.20232,2.6616389998253,2.6616389998253,0.096,1.868,0.6976389998252996,0.0
S00003,UPF,edge-A,88,DONE,2.1998,2.20254,2.732474000140428,2.732474000140428,0.086,2.17,0.4764740001404282,0.0
S00003,UPF,edge-A,89,DONE,2.20788,2.21127,3.398135999987062,3.398135999987062,0.105,2.414,0.8791359999870618,0.0
S00009,IoT-GW,edge-A,74,DONE,2.21454,2.2164,1.8593510001210234,1.8593510001210234,0.117,1.179,0.5633510001210233,0.0
S00005,IMS-CSCF,edge-A,67,DONE,2.2318,2.23422,2.4235559999397083,2.4235559999397083,0.084,1.516,0.8235559999397082,0.0
S00010,IoT-GW,edge-B,85,DONE,2.23322,2.235,1.7847799999799463,1.7847799999799463,0.083,0.991,0.7107799999799463,0.0
S00007,Transcoder,core-1,47,DONE,2.23625,2.24408,7.831032000012783,17.831032000012783,0.08,7.063,0.6880320000127833,5.0
S00009,IoT-GW,edge-A,75,DONE,2.24534,2.24723,1.8912079999608977,1.8912079999608977,0.087,1.24,0.5642079999608978,0.0
S00009,IoT-GW,edge-A,76,DONE,2.24945,2.25115,1.6956580000169197,1.6956580000169197,0.068,1.1,0.5276580000169195,0.0
S00007,Transcoder,core-1,48,DONE,2.25643,2.26342,6.986451999864585,16.986451999864585,0.114,6.179,0.6934519998645845,5.0
S00002,vRAN-DU,edge-B,80,DONE,2.25982,2.26432,4.503064000118684,4.503064000118684,0.084,3.858,0.5610640001186842,0.0
S00003,UPF,edge-A,90,DONE,2.26964,2.27554,5.902936999973463,5.902936999973463,0.145,4.99,0.7679369999734629,0.0
S00009,IoT-GW,edge-A,77,DONE,2.27506,2.27704,1.9828250001410197,1.9828250001410197,0.053,1.148,0.7818250001410199,0.0
S00005,IMS-CSCF,edge-A,68,DONE,2.28335,2.28599,2.639298000076451,2.639298000076451,0.087,1.979,0.5732980000764507,0.0
S00005,IMS-CSCF,edge-A,69,DONE,2.28572,2.28765,1.9321090001085395,1.9321090001085395,0.064,1.295,0.5731090001085395,0.0
S00010,IoT-GW,edge-B,86,DONE,2.2872,2.28935,2.1428389998163766,2.1428389998163766,0.271,1.296,0.5758389998163767,0.0
S00005,IMS-CSCF,edge-A,70,DONE,2.29573,2.30114,5.401954000035403,5.401954000035403,0.086,4.572,0.7439540000354024,0.0
S00010,IoT-GW,edge-B,87,DONE,2.29718,2.30036,3.1724259999919013,3.1724259999919013,0.082,2.285,0.8054259999919013,0.0
S00006,IMS-CSCF,edge-B,75,DONE,2.30036,2.30218,1.812414000141871,1.812414000141871,0.058,1.392,0.362414000141871,0.0
S00005,IMS-CSCF,edge-A,71,DONE,2.30542,2.30803,2.6111559998298617,2.6111559998298617,0.073,1.955,0.5831559998298617,0.0
S00004,UPF,edge-B,64,DONE,2.30804,2.31064,2.598635999902399,2.598635999902399,0.079,2.065,0.4546359999023988,0.0
S00002,vRAN-DU,edge-B,81,DONE,2.30938,2.31432,4.935939999995753,4.935939999995753,0.067,4.4,0.46893999999575264,0.0
S00003,UPF,edge-A,91,DONE,2.31652,2.3195,2.9837099998530903,2.9837099998530903,0.141,2.239,0.6037099998530904,0.0
S00003,UPF,edge-A,92,DONE,2.32077,2.32468,3.9162559999113,3.9162559999113,0.069,3.239,0.6082559999113002,0.0
S00002,vRAN-DU,edge-B,82,DONE,2.32469,2.32911,4.419281000082265,4.419281000082265,0.113,2.959,1.3472810000822641,0.0
S00009,IoT-GW,edge-A,78,DONE,2.32604,2.32924,3.203603999963889,3.203603999963889,0.076,2.711,0.41660399996388886,0.0
S00005,IMS-CSCF,edge-A,72,DONE,2.32834,2.3307,2.365646000043853,2.365646000043853,0.063,1.873,0.42964600004385267,0.0
S00007,Transcoder,core-1,49,DONE,2.33045,2.34519,14.741447999995216,24.741447999995216,0.116,13.924,0.7014479999952172,5.0
S00008,Transcoder,core-1,35,DONE,2.33292,2.34006,7.140944999946441,19.14094499994644,0.065,6.569,0.506944999946441,6.0
S00004,UPF,edge-B,65,DONE,2.33621,2.342,5.788674000086758,5.788674000086758,0.112,4.99,0.6866740000867573,0.0
S00003,UPF,edge-A,93,DONE,2.33957,2.34427,4.693581999845264,4.693581999845264,0.086,2.46,2.147581999845264,0.0
S00001,vRAN-DU,edge-A,88,DONE,2.35658,2.36063,4.045305999852644,4.045305999852644,0.109,3.082,0.8543059998526443,0.0
S00005,IMS-CSCF,edge-A,73,DONE,2.3721,2.37534,3.2388239999363577,3.2388239999363577,0.104,2.314,0.8208239999363576,0.0
S00005,IMS-CSCF,edge-A,74,DONE,2.37228,2.37739,5.1090070001009735,5.1090070001009735,2.677,1.851,0.5810070001009735,0.0
S00001,vRAN-DU,edge-A,89,DONE,2.38067,2.38581,5.137220000051457,5.137220000051457,0.072,4.524,0.5412200000514567,0.0
S00006,IMS-CSCF,edge-B,76,DONE,2.38307,2.38582,2.751222999904712,2.751222999904712,0.079,2.166,0.5062229999047121,0.0
S00003,UPF,edge-A,94,DONE,2.38592,2.38972,3.8075719999142166,3.8075719999142166,0.049,3.129,0.6295719999142166,0.0
S00004,UPF,edge-B,66,DONE,2.39406,2.39909,5.0260269999853335,5.0260269999853335,0.131,4.294,0.6010269999853337,0.0
S00003,UPF,edge-A,95,DONE,2.3942,2.39739,3.190011000015147,3.190011000015147,0.081,2.513,0.5960110000151473,0.0
S00009,IoT-GW,edge-A,79,DONE,2.39542,2.39856,3.1366050000087853,3.1366050000087853,0.053,2.671,0.4126050000087855,0.0
S00003,UPF,edge-A,96,DONE,2.40553,2.40975,4.218411000010747,4.218411000010747,0.116,3.283,0.8194110000107471,0.0
S00005,IMS-CSCF,edge-A,75,DONE,2.42425,2.42748,3.2292559999405057,3.2292559999405057,0.113,2.255,0.8612559999405058,0.0
S00003,UPF,edge-A,97,DONE,2.42872,2.43265,3.930884000055812,3.930884000055812,0.086,3.255,0.5898840000558123,0.0
S00002,vRAN-DU,edge-B,83,DONE,2.43114,2.43626,5.121700000017881,5.121700000017881,0.107,4.291,0.7237000000178808,0.0
S00004,UPF,edge-B,67,DONE,2.44057,2.44865,8.083471000190912,8.083471000190912,0.105,7.087,0.8914710001909114,0.0
S00001,vRAN-DU,edge-A,90,DONE,2.44074,2.4458,5.054746000041632,5.054746000041632,0.1,4.367,0.5877460000416326,0.0
S00004,UPF,edge-B,68,DONE,2.44706,2.45281,5.750827999918329,5.750827999918329,1.01,4.134,0.6068279999183286,0.0
S00001,vRAN-DU,edge-A,91,DONE,2.44716,2.4576,10.439024999868707,10.439024999868707,0.062,7.546,2.831024999868707,0.0
S00009,IoT-GW,edge-A,80,DONE,2.45221,2.45762,5.400437999924179,5.400437999924179,0.1,3.973,1.3274379999241797,0.0
S00009,IoT-GW,edge-A,81,DONE,2.45235,2.45879,6.445258999974612,6.445258999974612,4.168,1.775,0.5022589999746123,0.0
S00004,UPF,edge-B,69,DONE,2.45404,2.45762,3.5796810000192636,3.5796810000192636,0.077,2.849,0.6536810000192634,0.0
S00006,IMS-CSCF,edge-B,77,DONE,2.46011,2.46345,3.3349490001910453,3.3349490001910453,0.091,2.592,0.6519490001910451,0.0
S00006,IMS-CSCF,edge-B,78,DONE,2.46024,2.46607,5.830495000054725,5.830495000054725,2.994,2.007,0.8294950000547248,0.0
S00005,IMS-CSCF,edge-A,76,DONE,2.46579,2.46839,2.6018010000825598,2.6018010000825598,0.096,1.906,0.5998010000825598,0.0
S00003,UPF,edge-A,98,DONE,2.46964,2.47441,4.7642130000440375,4.7642130000440375,0.09,3.98,0.6942130000440376,0.0
S00004,UPF,edge-B,70,DONE,2.46977,2.47303,3.266423000013674,3.266423000013674,0.107,2.286,0.8734230000136738,0.0
S00006,IMS-CSCF,edge-B,79,DONE,2.46982,2.4744,4.576556000074561,4.576556000074561,1.933,1.876,0.7675560000745612,0.0
S00006,IMS-CSCF,edge-B,80,DONE,2.47305,2.47554,2.4934989999110257,2.4934989999110257,0.869,1.223,0.40149899991102567,0.0
S00004,UPF,edge-B,71,DONE,2.47677,2.48038,3.617885000039678,3.617885000039678,0.051,3.034,0.5328850000396779,0.0
S00006,IMS-CSCF,edge-B,81,DONE,2.48376,2.49566,11.896582999952443,11.896582999952443,0.093,10.26,1.5435829999524433,0.0
S00007,Transcoder,core-1,50,DONE,2.48396,2.49267,8.712863999789988,18.712863999789988,0.098,7.974,0.6408639997899872,5.0
S00004,UPF,edge-B,72,DONE,2.48531,2.50168,16.37257600009434,16.37257600009434,0.128,11.722,4.522576000094341,0.0
S00009,IoT-GW,edge-A,82,DONE,2.48538,2.48729,1.9086130000687263,1.9086130000687263,0.081,1.25,0.5776130000687263,0.0
S00004,UPF,edge-B,73,DONE,2.48729,2.50434,17.048616000010952,17.048616000010952,11.98,2.336,2.732616000010952,0.0
S00006,IMS-CSCF,edge-B,82,DONE,2.48851,2.49876,10.245735999887984,10.245735999887984,5.438,2.611,2.196735999887984,0.0
S00010,IoT-GW,edge-B,88,DONE,2.49003,2.50243,12.407660000008036,12.407660000008036,6.891,4.19,1.3266600000080357,0.0
S00001,vRAN-DU,edge-A,92,DONE,2.4901,2.50142,11.31764399997337,11.31764399997337,0.072,10.0,1.245643999973371,0.0
S00003,UPF,edge-A,99,DONE,2.49244,2.49876,6.3272580000557355,6.3272580000557355,0.068,2.788,3.471258000055736,0.0
S00007,Transcoder,core-1,51,DONE,2.4925,2.50143,8.932997999863801,18.9329979998638,0.049,8.102,0.7819979998638011,5.0
S00004,UPF,edge-B,74,DONE,2.49567,2.50708,11.413645999937216,11.413645999937216,8.161,2.669,0.5836459999372168,0.0
S00009,IoT-GW,edge-A,83,DONE,2.49694,2.50143,4.481181000073775,4.481181000073775,1.188,2.419,0.8741810000737753,0.0
S00006,IMS-CSCF,edge-B,83,DONE,2.49877,2.50537,6.6053939999619615,6.6053939999619615,2.924,2.706,0.9753939999619616,0.0
S00009,IoT-GW,edge-A,84,DONE,2.50377,2.50733,3.562648000070112,3.562648000070112,0.068,2.718,0.7766480000701121,0.0
S00006,IMS-CSCF,edge-B,84,DONE,2.51171,2.51399,2.281895999885819,2.281895999885819,0.095,1.616,0.5708959998858187,0.0
S00010,IoT-GW,edge-B,89,DONE,2.51185,2.51372,1.8609960000048886,1.8609960000048886,0.166,1.222,0.47299600000488873,0.0
S00002,vRAN-DU,edge-B,84,DONE,2.5193,2.52285,3.5468809999201767,3.5468809999201767,0.088,2.887,0.5718809999201766,0.0
S00004,UPF,edge-B,75,DONE,2.52068,2.52385,3.175542000008136,3.175542000008136,0.074,2.569,0.532542000008136,0.0
S00006,IMS-CSCF,edge-B,85,DONE,2.52199,2.52503,3.03976899999725,3.03976899999725,0.766,1.824,0.44976899999724984,0.0
S00004,UPF,edge-B,76,DONE,2.52207,2.52681,4.741893000073105,4.741893000073105,1.474,2.577,0.6908930000731051,0.0
S00009,IoT-GW,edge-A,85,DONE,2.52626,2.52801,1.7552570000134438,1.7552570000134438,0.081,1.095,0.5792570000134438,0.0
S00006,IMS-CSCF,edge-B,86,DONE,2.52922,2.53122,1.9957780000368075,1.9957780000368075,0.063,1.432,0.5007780000368076,0.0
S00006,IMS-CSCF,edge-B,87,DONE,2.53342,2.53547,2.0516440001756564,2.0516440001756564,0.09,1.484,0.47764400017565634,0.0
S00005,IMS-CSCF,edge-A,77,DONE,2.54292,2.54948,6.557039000199438,6.557039000199438,0.211,4.841,1.5050390001994378,0.0
S00008,Transcoder,core-1,36,DONE,2.54309,2.55113,8.041322000053697,20.041322000053697,0.083,7.372,0.5863220000536966,6.0
S00001,vRAN-DU,edge-A,93,DONE,2.54316,2.54883,5.668548999892664,5.668548999892664,0.094,4.498,1.0765489998926636,0.0
S00005,IMS-CSCF,edge-A,78,DONE,2.54325,2.55042,7.169760999886421,7.169760999886421,5.139,1.121,0.9097609998864207,0.0
S00002,vRAN-DU,edge-B,85,DONE,2.55113,2.55507,3.9370960000724153,3.9370960000724153,0.081,3.275,0.5810960000724155,0.0
S00002,vRAN-DU,edge-B,86,DONE,2.55245,2.56317,10.726946999966458,10.726946999966458,0.097,8.911,1.7189469999664588,0.0
S00009,IoT-GW,edge-A,86,DONE,2.55253,2.56152,8.98905899998681,8.98905899998681,0.101,1.262,7.6260589999868085,0.0
S00005,IMS-CSCF,edge-A,79,DONE,2.56848,2.57111,2.6234370000111085,2.6234370000111085,0.229,1.557,0.8374370000111084,0.0
S00003,UPF,edge-A,100,DONE,2.56863,2.57155,2.9281629999786674,2.9281629999786674,0.084,2.349,0.4951629999786671,0.0
S00003,UPF,edge-A,101,DONE,2.57277,2.5753,2.525783000010051,2.525783000010051,0.064,1.993,0.468783000010051,0.0
S00001,vRAN-DU,edge-A,94,DONE,2.57957,2.58322,3.6504280001281586,3.6504280001281586,0.091,2.93,0.6294280001281582,0.0
S00008,Transcoder,core-1,37,DONE,2.58298,2.59113,8.152563000066948,20.152563000066948,0.132,6.69,1.330563000066948,6.0
S00003,UPF,edge-A,102,DONE,2.5831,2.58568,2.583241999900565,2.583241999900565,0.046,2.138,0.3992419999005654,0.0
S00009,IoT-GW,edge-A,87,DONE,2.58553,2.59155,6.016758999976446,6.016758999976446,0.206,5.168,0.6427589999764454,0.0
S00009,IoT-GW,edge-A,88,DONE,2.58703,2.59582,8.798728000101619,8.798728000101619,4.287,3.85,0.6617280001016188,0.0
S00002,vRAN-DU,edge-B,87,DONE,2.59114,2.60268,11.542190000000119,11.542190000000119,0.092,9.228,2.2221900000001185,0.0
S00003,UPF,edge-A,103,DONE,2.59274,2.59583,3.091279000045688,3.091279000045688,0.108,2.275,0.708279000045688,0.0
S00005,IMS-CSCF,edge-A,80,DONE,2.59514,2.59998,4.841714999884061,4.841714999884061,0.048,4.116,0.6777149998840617,0.0
S00004,UPF,edge-B,77,DONE,2.5952,2.60032,5.11593700002777,5.11593700002777,0.092,3.745,1.2789370000277707,0.0
S00001,vRAN-DU,edge-A,95,DONE,2.59705,2.59997,2.9295770000317134,2.9295770000317134,0.05,2.321,0.5585770000317134,0.0
S00007,Transcoder,core-1,52,DONE,2.60148,2.61443,12.949499000114884,22.949499000114884,0.194,12.077,0.6784990001148827,5.0
S00006,IMS-CSCF,edge-B,88,DONE,2.60269,2.60749,4.798950000122204,4.798950000122204,0.082,4.096,0.6209500001222041,0.0
S00008,Transcoder,core-1,38,DONE,2.60447,2.62005,15.579764999984036,27.579764999984036,0.102,14.686,0.7917649999840357,6.0
S00006,IMS-CSCF,edge-B,89,DONE,2.60724,2.61603,8.793229000048086,8.793229000048086,0.092,5.854,2.8472290000480855,0.0
S00001,vRAN-DU,edge-A,96,DONE,2.60732,2.61602,8.6981240001478,8.6981240001478,0.095,7.484,1.1191240001477993,0.0
S00005,IMS-CSCF,edge-A,81,DONE,2.61227,2.61601,3.733559000011155,3.733559000011155,0.097,2.112,1.524559000011155,0.0
S00003,UPF,edge-A,104,DONE,2.61604,2.62139,5.352620999929059,5.352620999929059,0.102,4.052,1.1986209999290587,0.0
S00004,UPF,edge-B,78,DONE,2.61621,2.62004,3.829561000202375,3.829561000202375,0.084,2.785,0.9605610002023748,0.0
S00009,IoT-GW,edge-A,89,DONE,2.62006,2.623,2.947778000134349,2.947778000134349,0.137,2.074,0.7367780001343491,0.0
S00007,Transcoder,core-1,53,DONE,2.62947,2.64119,11.713333999978204,21.713333999978204,0.126,10.619,0.9683339999782046,5.0
S00004,UPF,edge-B,79,DONE,2.63042,2.63749,7.067404000054012,7.067404000054012,0.137,3.158,3.7724040000540113,0.0
S00002,vRAN-DU,edge-B,88,DONE,2.6375,2.64414,6.636316000140141,6.636316000140141,0.102,5.755,0.7793160001401409,0.0
S00006,IMS-CSCF,edge-B,90,DONE,2.6412,2.6443,3.1087879999631696,3.1087879999631696,0.089,2.001,1.0187879999631697,0.0
S00004,UPF,edge-B,80,DONE,2.64359,2.65244,8.849569999938467,8.849569999938467,0.123,7.234,1.4925699999384676,0.0
S00006,IMS-CSCF,edge-B,91,DONE,2.64368,2.64707,3.388504999975339,3.388504999975339,0.207,1.994,1.1875049999753393,0.0
S00002,vRAN-DU,edge-B,89,DONE,2.64415,2.65364,9.490128000152254,9.490128000152254,2.091,6.539,0.8601280001522538,0.0
S00008,Transcoder,core-1,39,DONE,2.64708,2.65936,12.285359999850698,24.285359999850698,0.108,11.354,0.8233599998506982,6.0
S00010,IoT-GW,edge-B,90,DONE,2.64722,2.65451,7.284403000085149,7.284403000085149,3.729,2.389,1.166403000085149,0.0
S00009,IoT-GW,edge-A,90,DONE,2.65245,2.66006,7.6073640000231535,7.6073640000231535,0.145,6.679,0.7833640000231537,0.0
S00007,Transcoder,core-1,54,DONE,2.6558,2.66412,8.319608999954653,18.319608999954653,0.109,7.578,0.6326089999546527,5.0
S00009,IoT-GW,edge-A,91,DONE,2.66132,2.66273,1.4116069999090541,1.4116069999090541,0.065,0.85,0.4966069999090542,0.0
S00007,Transcoder,core-1,55,DONE,2.66396,2.67105,7.090824999977485,17.090824999977485,0.062,6.414,0.6148249999774853,5.0
S00006,IMS-CSCF,edge-B,92,DONE,2.67106,2.67313,2.06621899997117,2.06621899997117,0.097,1.357,0.61221899997117,0.0
S00006,IMS-CSCF,edge-B,93,DONE,2.67536,2.67726,1.8990420001046004,1.8990420001046004,0.058,1.341,0.5000420001046004,0.0
S00006,IMS-CSCF,edge-B,94,DONE,2.68253,2.68467,2.146026999980677,2.146026999980677,0.083,1.361,0.7020269999806767,0.0
S00002,vRAN-DU,edge-B,90,DONE,2.68468,2.68811,3.427739000017027,3.427739000017027,0.056,2.775,0.5967390000170272,0.0
S00009,IoT-GW,edge-A,92,DONE,2.68811,2.69001,1.8981519999670127,1.8981519999670127,0.093,1.201,0.6041519999670126,0.0
S00002,vRAN-DU,edge-B,91,DONE,2.69002,2.69309,3.069310000000769,3.069310000000769,0.094,2.524,0.45131000000076904,0.0
S00002,vRAN-DU,edge-B,92,DONE,2.69236,2.69566,3.298099999938131,3.298099999938131,0.056,2.832,0.4100999999381312,0.0
S00005,IMS-CSCF,edge-A,82,DONE,2.69427,2.69629,2.0211249998283165,2.0211249998283165,0.071,1.526,0.42412499982831653,0.0
S00006,IMS-CSCF,edge-B,95,DONE,2.70258,2.70481,2.2294190000593517,2.2294190000593517,0.084,1.505,0.6404190000593517,0.0
S00006,IMS-CSCF,edge-B,96,DONE,2.71711,2.71917,2.0570039998801803,2.0570039998801803,0.091,1.39,0.5760039998801805,0.0
S00010,IoT-GW,edge-B,91,DONE,2.71843,2.71998,1.5475519999199605,1.5475519999199605,0.056,1.133,0.35855199991996045,0.0
S00004,UPF,edge-B,81,DONE,2.7232,2.72564,2.4442260000796523,2.4442260000796523,0.049,1.836,0.5592260000796523,0.0
S00002,vRAN-DU,edge-B,93,DONE,2.72565,2.72854,2.8955090001545614,2.8955090001545614,0.045,2.528,0.3225090001545614,0.0
S00003,UPF,edge-A,105,DONE,2.74285,2.74593,3.080114000113099,3.080114000113099,0.09,2.239,0.7511140001130991,0.0
S00006,IMS-CSCF,edge-B,97,DONE,2.74594,2.75105,5.113192999942839,5.113192999942839,0.153,1.923,3.0371929999428398,0.0
S00005,IMS-CSCF,edge-A,83,DONE,2.75534,2.7579,2.5596790001145564,2.5596790001145564,0.092,1.735,0.7326790001145562,0.0
S00003,UPF,edge-A,106,DONE,2.75791,2.76064,2.72703099994942,2.72703099994942,0.063,2.049,0.6150309999494201,0.0
S00009,IoT-GW,edge-A,93,DONE,2.76189,2.76355,1.6655640001772554,1.6655640001772554,0.106,1.087,0.4725640001772553,0.0
S00005,IMS-CSCF,edge-A,84,DONE,2.76578,2.76807,2.2863279998546204,2.2863279998546204,0.316,1.373,0.5973279998546204,0.0
S00006,IMS-CSCF,edge-B,98,DONE,2.76934,2.77162,2.277207000133785,2.277207000133785,0.087,1.553,0.6372070001337851,0.0
S00002,vRAN-DU,edge-B,94,DONE,2.77162,2.77596,4.336441999839735,4.336441999839735,0.077,3.701,0.5584419998397352,0.0
S00006,IMS-CSCF,edge-B,99,DONE,2.77398,2.77614,2.163885999834747,2.163885999834747,0.057,1.761,0.3458859998347472,0.0
S00002,vRAN-DU,edge-B,95,DONE,2.77837,2.78165,3.2875080000849266,3.2875080000849266,0.056,2.824,0.4075080000849267,0.0
S00003,UPF,edge-A,107,DONE,2.78149,2.7846,3.1051410001055046,3.1051410001055046,0.124,2.337,0.6441410001055043,0.0
S00010,IoT-GW,edge-B,92,DONE,2.7846,2.78619,1.5905300001577416,1.5905300001577416,0.094,1.057,0.4395300001577416,0.0
S00010,IoT-GW,edge-B,93,DONE,2.78594,2.78736,1.41953199999989,1.41953199999989,0.042,0.907,0.47053199999989004,0.0
S00010,IoT-GW,edge-B,94,DONE,2.78955,2.7909,1.3508010001714865,1.3508010001714865,0.051,0.923,0.37680100017148654,0.0
S00005,IMS-CSCF,edge-A,85,DONE,2.80125,2.80357,2.3213260001284652,2.3213260001284652,0.09,1.52,0.7113260001284654,0.0
S00010,IoT-GW,edge-B,95,DONE,2.80147,2.80358,2.114797999865914,2.114797999865914,0.087,1.524,0.5037979998659137,0.0
S00010,IoT-GW,edge-B,96,DONE,2.80274,2.80457,1.8368660000760428,1.8368660000760428,0.348,0.911,0.5778660000760429,0.0
S00004,UPF,edge-B,82,DONE,2.81197,2.81506,3.0833149999125453,3.0833149999125453,0.084,2.352,0.6473149999125454,0.0
S00004,UPF,edge-B,83,DONE,2.81344,2.81763,4.193932000134737,4.193932000134737,1.362,2.229,0.6029320001347367,0.0
S00009,IoT-GW,edge-A,94,DONE,2.81472,2.81782,3.1048779999309772,3.1048779999309772,0.081,2.263,0.7608779999309774,0.0
S00002,vRAN-DU,edge-B,96,DONE,2.81764,2.82163,3.987592999919798,3.987592999919798,0.109,2.657,1.2215929999197979,0.0
S00009,IoT-GW,edge-A,95,DONE,2.81772,2.82104,3.3127660001355252,3.3127660001355252,0.094,2.653,0.5657660001355254,0.0
S00008,Transcoder,core-1,40,DONE,2.82051,2.83352,13.00930000002154,25.00930000002154,0.105,12.399,0.5053000000215402,6.0
S00008,Transcoder,core-1,41,DONE,2.82062,2.83321,12.58889700011423,24.58889700011423,0.149,11.92,0.5198970001142307,6.0
S00002,vRAN-DU,edge-B,97,DONE,2.82104,2.83269,11.648851000018112,11.648851000018112,0.053,10.511,1.0848510000181122,0.0
S00003,UPF,edge-A,108,DONE,2.82163,2.82458,2.949741000065842,2.949741000065842,0.098,2.464,0.3877410000658421,0.0
S00010,IoT-GW,edge-B,97,DONE,2.8229,2.82925,6.349700999862762,6.349700999862762,0.048,5.784,0.517700999862762,0.0
S00009,IoT-GW,edge-A,96,DONE,2.82926,2.83062,1.3642320000144537,1.3642320000144537,0.067,0.844,0.45323200001445374,0.0
S00002,vRAN-DU,edge-B,98,DONE,2.83573,2.84145,5.7213839997984905,5.7213839997984905,0.067,3.194,2.4603839997984904,0.0
S00009,IoT-GW,edge-A,97,DONE,2.83582,2.84146,5.635257999983878,5.635257999983878,0.06,3.478,2.0972579999838783,0.0
S00007,Transcoder,core-1,56,DONE,2.83645,2.84313,6.684900999971433,16.684900999971433,0.05,6.153,0.4819009999714332,5.0
S00007,Transcoder,core-1,57,DONE,2.84635,2.85638,10.03156100000524,20.03156100000524,0.056,9.556,0.4195610000052419,5.0
S00008,Transcoder,core-1,42,DONE,2.84763,2.85584,8.217776000037702,20.217776000037702,0.153,7.722,0.34277600003770115,6.0
S00005,IMS-CSCF,edge-A,86,DONE,2.84989,2.85227,2.377450999802022,2.377450999802022,0.076,1.697,0.604450999802022,0.0
S00004,UPF,edge-B,84,DONE,2.84996,2.85654,6.570491000047696,6.570491000047696,0.075,6.031,0.46449100004769583,0.0
S00005,IMS-CSCF,edge-A,87,DONE,2.85228,2.8581,5.822237000074892,5.822237000074892,0.045,5.421,0.35623700007489223,0.0
S00010,IoT-GW,edge-B,98,DONE,2.85357,2.85855,4.976018999968801,4.976018999968801,0.077,1.718,3.181018999968801,0.0
S00001,vRAN-DU,edge-A,97,DONE,2.8577,2.86228,4.580264999958672,4.580264999958672,0.048,3.996,0.5362649999586719,0.0
S00006,IMS-CSCF,edge-B,100,DONE,2.85776,2.86195,4.19129800002338,4.19129800002338,0.047,3.2,0.9442980000233803,0.0
S00001,vRAN-DU,edge-A,98,DONE,2.86072,2.86493,4.200693000029787,4.200693000029787,0.057,3.678,0.46569300002978675,0.0
S00005,IMS-CSCF,edge-A,88,DONE,2.86493,2.86658,1.6463399999793182,1.6463399999793182,0.047,1.249,0.3503399999793182,0.0
S00001,vRAN-DU,edge-A,99,DONE,2.87788,2.88676,8.88531000009607,8.88531000009607,0.105,8.148,0.6323100000960693,0.0
S00010,IoT-GW,edge-B,99,DONE,2.87814,2.88169,3.553140999883908,3.553140999883908,0.078,2.983,0.49214099988390814,0.0
S00007,Transcoder,core-1,58,DONE,2.87872,2.8863,7.579558000088582,17.579558000088582,0.085,6.929,0.5655580000885818,5.0
S00002,vRAN-DU,edge-B,99,DONE,2.8817,2.88733,5.634783999994397,5.634783999994397,0.094,5.222,0.31878399999439644,0.0
S00006,IMS-CSCF,edge-B,101,DONE,2.8863,2.88849,2.1845789999588305,2.1845789999588305,0.056,1.776,0.35257899995883046,0.0
S00008,Transcoder,core-1,43,DONE,2.89271,2.90059,7.886649000056423,19.886649000056423,0.068,6.935,0.8836490000564234,6.0
S00004,UPF,edge-B,85,DONE,2.8928,2.89566,2.8637799998705304,2.8637799998705304,0.052,2.331,0.48077999987053044,0.0
S00006,IMS-CSCF,edge-B,102,DONE,2.8951,2.89701,1.9089180000264605,1.9089180000264605,0.042,1.193,0.6739180000264604,0.0
S00002,vRAN-DU,edge-B,100,DONE,2.89702,2.90126,4.248180999866236,4.248180999866236,0.043,3.908,0.2971809998662356,0.0
S00004,UPF,edge-B,86,DONE,2.89924,2.90155,2.3045279999678314,2.3045279999678314,0.044,1.986,0.2745279999678314,0.0
S00007,Transcoder,core-1,59,DONE,2.90777,2.9165,8.73120000005656,18.73120000005656,0.09,6.242,2.3992000000565605,5.0
S00001,vRAN-DU,edge-A,100,DONE,2.91314,2.91672,3.5822289999032364,3.5822289999032364,0.085,2.915,0.5822289999032364,0.0
S00009,IoT-GW,edge-A,98,DONE,2.91651,2.91838,1.8743619998531358,1.8743619998531358,0.052,1.277,0.5453619998531358,0.0
S00001,vRAN-DU,edge-A,101,DONE,2.9184,2.9216,3.2038520000696735,3.2038520000696735,0.051,2.579,0.5738520000696732,0.0
S00004,UPF,edge-B,87,DONE,2.91855,2.92367,5.120550000128787,5.120550000128787,0.148,4.139,0.8335500001287874,0.0
S00002,vRAN-DU,edge-B,101,DONE,2.92058,2.92548,4.893063000054099,4.893063000054099,0.12,3.98,0.7930630000540986,0.0
S00004,UPF,edge-B,88,DONE,2.92073,2.9269,6.176490999905582,6.176490999905582,2.224,3.237,0.7154909999055814,0.0
S00003,UPF,edge-A,109,DONE,2.92556,2.92842,2.8592869998647075,2.8592869998647075,0.071,2.34,0.44828699986470744,0.0
S00006,IMS-CSCF,edge-B,103,DONE,2.9261,2.92906,2.9640179998295935,2.9640179998295935,0.04,2.565,0.3590179998295935,0.0
S00007,Transcoder,core-1,60,DONE,2.92843,2.93599,7.563748999928066,17.563748999928066,0.093,6.254,1.2167489999280665,5.0
S00007,Transcoder,core-1,61,DONE,2.92849,2.93656,8.071943999993891,18.07194399999389,0.145,7.049,0.8779439999938914,5.0
S00004,UPF,edge-B,89,DONE,2.93538,2.93945,4.070740000088335,4.070740000088335,0.075,3.568,0.4277400000883351,0.0
S00010,IoT-GW,edge-B,100,DONE,2.93583,2.93794,2.1091969999815774,2.1091969999815774,0.052,1.204,0.8531969999815774,0.0
S00006,IMS-CSCF,edge-B,104,DONE,2.95083,2.95734,6.510113999866007,6.510113999866007,0.167,1.658,4.685113999866008,0.0
S00004,UPF,edge-B,90,DONE,2.95735,2.97026,12.904142000024876,12.904142000024876,0.1,6.524,6.280142000024877,0.0
S00005,IMS-CSCF,edge-A,89,DONE,2.95753,2.97025,12.718408999944586,12.718408999944586,0.273,5.718,6.727408999944586,0.0
S00001,vRAN-DU,edge-A,102,DONE,2.9577,2.97024,12.538015000018277,12.538015000018277,0.114,5.787,6.637015000018276,0.0
S00005,IMS-CSCF,edge-A,90,DONE,2.96214,2.97032,8.186926999997013,8.186926999997013,0.077,1.352,6.757926999997013,0.0
S00008,Transcoder,core-1,44,DONE,2.97362,2.98256,8.946733000129825,20.946733000129825,0.099,7.967,0.8807330001298252,6.0
S00010,IoT-GW,edge-B,101,DONE,2.97507,2.9769,1.8294550000064191,1.8294550000064191,0.135,1.187,0.5074550000064191,0.0
S00005,IMS-CSCF,edge-A,91,DONE,2.98227,2.98451,2.245235999907891,2.245235999907891,0.085,1.587,0.5732359999078909,0.0
S00002,vRAN-DU,edge-B,102,DONE,2.98983,2.99398,4.15041399992333,4.15041399992333,0.089,3.11,0.95141399992333,0.0
S00004,UPF,edge-B,91,DONE,2.99227,2.99567,3.4040150001146685,3.4040150001146685,0.107,2.839,0.45801500011466834,0.0
S00010,IoT-GW,edge-B,102,DONE,2.99399,2.99526,1.273621999871466,1.273621999871466,0.05,0.931,0.29262199987146587,0.0
S00001,vRAN-DU,edge-A,103,DONE,2.99442,2.9982,3.774164999867935,3.774164999867935,0.085,3.232,0.4571649998679348,0.0
S00010,IoT-GW,edge-B,103,DONE,2.99938,3.0011,1.7135869998128328,1.7135869998128328,0.074,1.111,0.5285869998128327,0.0
S00010,IoT-GW,edge-B,104,DONE,3.0024,3.0045,2.104856999949334,2.104856999949334,0.062,1.484,0.558856999949334,0.0
S00004,UPF,edge-B,92,DONE,3.00451,3.00883,4.3259440001293115,4.3259440001293115,0.073,3.365,0.8879440001293109,0.0
S00009,IoT-GW,edge-A,99,DONE,3.00589,3.00807,2.184873999794945,2.184873999794945,0.114,1.506,0.5648739997949452,0.0
S00001,vRAN-DU,edge-A,104,DONE,3.00718,3.01149,4.300883000041722,4.300883000041722,0.055,3.947,0.2988830000417222,0.0
S00010,IoT-GW,edge-B,105,DONE,3.00745,3.0097,2.2472350001407904,2.2472350001407904,0.1,1.775,0.37223500014079036,0.0
S00010,IoT-GW,edge-B,106,DONE,3.0097,3.01127,1.5656880000278761,1.5656880000278761,0.062,1.108,0.39568800002787596,0.0
S00006,IMS-CSCF,edge-B,105,DONE,3.01101,3.01276,1.757789000066623,1.757789000066623,0.042,1.193,0.5227890000666229,0.0
S00009,IoT-GW,edge-A,100,DONE,3.01811,3.01997,1.8593659999623924,1.8593659999623924,0.094,1.06,0.7053659999623922,0.0
S00007,Transcoder,core-1,62,DONE,3.01826,3.02641,8.14363799986495,18.14363799986495,0.081,6.977,1.0856379998649501,5.0
S00006,IMS-CSCF,edge-B,106,DONE,3.01998,3.02194,1.9569480000427575,1.9569480000427575,0.075,1.293,0.5889480000427576,0.0
S00006,IMS-CSCF,edge-B,107,DONE,3.02642,3.02857,2.1591340000668424,2.1591340000668424,0.075,1.555,0.5291340000668423,0.0
S00001,vRAN-DU,edge-A,105,DONE,3.03088,3.03538,4.504778999944392,4.504778999944392,0.089,3.817,0.5987789999443915,0.0
S00004,UPF,edge-B,93,DONE,3.04864,3.05183,3.192195000110587,3.192195000110587,0.168,2.141,0.8831950001105868,0.0
S00006,IMS-CSCF,edge-B,108,DONE,3.06424,3.06741,3.162990999953763,3.162990999953763,0.093,2.303,0.7669909999537632,0.0
S00001,vRAN-DU,edge-A,106,DONE,3.06445,3.06857,4.12642599985702,4.12642599985702,0.086,3.481,0.5594259998570195,0.0
S00006,IMS-CSCF,edge-B,109,DONE,3.06858,3.07075,2.1696329999940644,2.1696329999940644,0.103,1.583,0.4836329999940643,0.0
S00004,UPF,edge-B,94,DONE,3.07075,3.07442,3.6629100000027393,3.6629100000027393,0.057,2.44,1.1659100000027394,0.0
S00004,UPF,edge-B,95,DONE,3.07309,3.0769,3.8097210001524218,3.8097210001524218,1.086,2.196,0.5277210001524213,0.0
S00005,IMS-CSCF,edge-A,92,DONE,3.0872,3.08953,2.330692999976236,2.330692999976236,0.084,1.499,0.7476929999762358,0.0
S00010,IoT-GW,edge-B,107,DONE,3.08954,3.09141,1.864326000031724,1.864326000031724,0.12,1.289,0.4553260000317241,0.0
S00008,Transcoder,core-1,45,DONE,3.09089,3.09962,8.729489999950601,20.7294899999506,0.076,6.802,1.8514899999506014,6.0
S00004,UPF,edge-B,96,DONE,3.09264,3.09575,3.1067610000263812,3.1067610000263812,0.103,2.322,0.681761000026381,0.0
S00010,IoT-GW,edge-B,108,DONE,3.09507,3.09647,1.4039089999187127,1.4039089999187127,0.05,0.861,0.4929089999187126,0.0
S00002,vRAN-DU,edge-B,103,DONE,3.09575,3.10027,4.513675999987754,4.513675999987754,0.046,4.056,0.4116759999877537,0.0
S00002,vRAN-DU,edge-B,104,DONE,3.09968,3.10342,3.744493000112925,3.744493000112925,0.048,2.907,0.789493000112925,0.0
S00006,IMS-CSCF,edge-B,110,DONE,3.1025,3.10569,3.185817000030511,3.185817000030511,0.719,2.047,0.4198170000305108,0.0
S00001,vRAN-DU,edge-A,107,DONE,3.10258,3.11045,7.872426999938398,7.872426999938398,0.12,7.302,0.4504269999383981,0.0
S00004,UPF,edge-B,97,DONE,3.10264,3.1048,2.1592900000086956,2.1592900000086956,0.081,1.795,0.28329000000869575,0.0
S00002,vRAN-DU,edge-B,105,DONE,3.10795,3.11631,8.36376699999164,8.36376699999164,0.051,7.945,0.3677669999916393,0.0
S00002,vRAN-DU,edge-B,106,DONE,3.10823,3.11454,6.312417999879472,6.312417999879472,0.047,5.349,0.9164179998794717,0.0
S00001,vRAN-DU,edge-A,108,DONE,3.10831,3.11396,5.647351999868988,5.647351999868988,0.078,4.671,0.8983519998689875,0.0
S00001,vRAN-DU,edge-A,109,DONE,3.10978,3.11573,5.947214000116219,5.947214000116219,0.048,5.001,0.8982140001162184,0.0
S00009,IoT-GW,edge-A,101,DONE,3.11291,3.11743,4.52166600007331,4.52166600007331,0.046,2.556,1.9196660000733097,0.0
S00009,IoT-GW,edge-A,102,DONE,3.11396,3.11814,4.177242999958253,4.177242999958253,2.1,1.229,0.8482429999582526,0.0
S00005,IMS-CSCF,edge-A,93,DONE,3.11402,3.11815,4.132493000042814,4.132493000042814,1.92,1.641,0.571493000042814,0.0
S00002,vRAN-DU,edge-B,107,DONE,3.11752,3.12082,3.299605999927735,3.299605999927735,0.056,2.846,0.3976059999277348,0.0
S00010,IoT-GW,edge-B,109,DONE,3.12097,3.12237,1.4068819998556137,1.4068819998556137,0.051,0.985,0.37088199985561376,0.0
S00005,IMS-CSCF,edge-A,94,DONE,3.12459,3.12767,3.0870400000821974,3.0870400000821974,0.157,1.681,1.2490400000821973,0.0
S00005,IMS-CSCF,edge-A,95,DONE,3.12615,3.12906,2.9145099999823287,2.9145099999823287,0.956,1.391,0.5675099999823288,0.0
S00009,IoT-GW,edge-A,103,DONE,3.13244,3.13494,2.4922699999478937,2.4922699999478937,0.07,1.723,0.6992699999478937,0.0
S00009,IoT-GW,edge-A,104,DONE,3.13381,3.13649,2.6744930000859313,2.6744930000859313,0.459,1.589,0.6264930000859312,0.0
S00005,IMS-CSCF,edge-A,96,DONE,3.134,3.13621,2.206614999977319,2.206614999977319,0.05,1.693,0.4636149999773189,0.0
S00001,vRAN-DU,edge-A,110,DONE,3.13495,3.13908,4.131412999868189,4.131412999868189,0.353,2.764,1.0144129998681897,0.0
S00009,IoT-GW,edge-A,105,DONE,3.13503,3.1381,3.065891999995074,3.065891999995074,0.614,1.346,1.105891999995074,0.0
S00003,UPF,edge-A,110,DONE,3.14649,3.15057,4.082192999931067,4.082192999931067,0.088,3.373,0.6211929999310666,0.0
S00004,UPF,edge-B,98,DONE,3.14996,3.1538,3.8395510000555078,3.8395510000555078,0.078,3.181,0.5805510000555079,0.0
S00009,IoT-GW,edge-A,106,DONE,3.16411,3.16655,2.4393149999468733,2.4393149999468733,0.116,1.474,0.8493149999468732,0.0
S00009,IoT-GW,edge-A,107,DONE,3.16997,3.17232,2.3470039998301218,2.3470039998301218,0.073,1.629,0.6450039998301218,0.0
S00010,IoT-GW,edge-B,110,DONE,3.17458,3.17697,2.388887000051909,2.388887000051909,0.115,1.38,0.893887000051909,0.0
S00003,UPF,edge-A,111,DONE,3.17943,3.18463,5.196054000180084,5.196054000180084,0.133,4.334,0.729054000180084,0.0
S00010,IoT-GW,edge-B,111,DONE,3.19911,3.20192,2.813573999901564,2.813573999901564,0.095,1.652,1.066573999901564,0.0
S00007,Transcoder,core-1,63,DONE,3.20161,3.22157,19.961871000077736,29.961871000077736,0.102,16.266,3.593871000077737,5.0
S00006,IMS-CSCF,edge-B,111,DONE,3.20173,3.20735,5.615528999896924,5.615528999896924,0.093,4.83,0.6925289998969237,0.0
S00001,vRAN-DU,edge-A,111,DONE,3.20178,3.21003,8.252280000078827,8.252280000078827,0.118,7.255,0.8792800000788263,0.0
S00009,IoT-GW,edge-A,108,DONE,3.20957,3.21212,2.548164000018005,2.548164000018005,0.047,1.679,0.8221640000180048,0.0
S00007,Transcoder,core-1,64,DONE,3.21123,3.23666,25.439153999968767,35.43915399996877,0.123,19.918,5.398153999968766,5.0
S00007,Transcoder,core-1,65,DONE,3.21536,3.23668,21.31420699993214,31.31420699993214,2.839,17.133,1.3422069999321415,5.0
S00007,Transcoder,core-1,66,DONE,3.21548,3.25263,37.14953199983029,47.14953199983029,18.207,18.391,0.5515319998302886,5.0
S00009,IoT-GW,edge-A,109,DONE,3.21772,3.22813,10.41333700004543,10.41333700004543,0.177,5.336,4.900337000045431,0.0
S00002,vRAN-DU,edge-B,108,DONE,3.2178,3.24301,25.203487999988283,25.203487999988283,0.09,23.712,1.4014879999882837,0.0
S00003,UPF,edge-A,112,DONE,3.22158,3.23689,15.308191000031002,15.308191000031002,0.082,14.48,0.7461910000310006,0.0
S00009,IoT-GW,edge-A,110,DONE,3.22286,3.2306,7.7411120000761,7.7411120000761,4.584,2.602,0.5551120000761007,0.0
S00007,Transcoder,core-1,67,DONE,3.22814,3.24467,16.52624200005448,26.52624200005448,1.905,8.542,6.079242000054482,5.0
S00006,IMS-CSCF,edge-B,112,DONE,3.22822,3.23665,8.436260000053153,8.436260000053153,0.082,2.563,5.791260000053152,0.0
S00003,UPF,edge-A,113,DONE,3.23061,3.24905,18.442638000124134,18.442638000124134,6.024,11.833,0.585638000124133,0.0
S00004,UPF,edge-B,99,DONE,3.23668,3.24752,10.841645000027711,10.841645000027711,0.054,4.688,6.099645000027711,0.0
S00009,IoT-GW,edge-A,111,DONE,3.23693,3.24752,10.582848000012746,10.582848000012746,0.084,3.574,6.924848000012746,0.0
S00002,vRAN-DU,edge-B,109,DONE,3.24301,3.24964,6.627062999996269,6.627062999996269,0.068,6.14,0.41906299999627006,0.0
S00010,IoT-GW,edge-B,112,DONE,3.24309,3.2505,7.410984999978609,7.410984999978609,3.741,3.355,0.3149849999786092,0.0
S00009,IoT-GW,edge-A,112,DONE,3.24467,3.24906,4.3863710000096034,4.3863710000096034,1.5,2.229,0.6573710000096034,0.0
S00004,UPF,edge-B,100,DONE,3.24753,3.25215,4.62166000011166,4.62166000011166,0.815,2.229,1.5776600001116603,0.0
S00002,vRAN-DU,edge-B,110,DONE,3.25594,3.25941,3.472058000170364,3.472058000170364,0.058,2.882,0.5320580001703639,0.0
S00003,UPF,edge-A,114,DONE,3.25891,3.2619,2.9916620001131378,2.9916620001131378,0.081,1.931,0.9796620001131378,0.0
S00001,vRAN-DU,edge-A,112,DONE,3.26612,3.27098,4.861282000092615,4.861282000092615,0.108,3.956,0.7972820000926153,0.0
S00005,IMS-CSCF,edge-A,97,DONE,3.26628,3.26832,2.043364000201109,2.043364000201109,0.078,1.351,0.6143640002011088,0.0
S00003,UPF,edge-A,115,DONE,3.26832,3.27099,2.6673340000797907,2.6673340000797907,0.045,1.96,0.6623340000797908,0.0
S00001,vRAN-DU,edge-A,113,DONE,3.27099,3.27398,2.984111999921879,2.984111999921879,0.056,2.446,0.4821119999218788,0.0
S00004,UPF,edge-B,101,DONE,3.27108,3.27564,4.562944000099378,4.562944000099378,0.083,4.039,0.4409440000993783,0.0
S00006,IMS-CSCF,edge-B,113,DONE,3.27906,3.28215,3.0883800000083284,3.0883800000083284,0.094,2.153,0.8413800000083285,0.0
S00005,IMS-CSCF,edge-A,98,DONE,3.28154,3.29621,14.664541000001918,14.664541000001918,0.08,7.431,7.153541000001918,0.0
S00003,UPF,edge-A,116,DONE,3.28814,3.30499,16.852328000140915,16.852328000140915,0.204,7.704,8.944328000140914,0.0
S00007,Transcoder,core-1,68,DONE,3.28826,3.30498,16.717181999865716,26.717181999865716,0.319,15.416,0.9821819998657162,5.0
S00004,UPF,edge-B,102,DONE,3.2896,3.29541,5.8107350000682345,5.8107350000682345,0.126,4.985,0.6997350000682339,0.0
S00007,Transcoder,core-1,69,DONE,3.29036,3.30653,16.16396800000075,26.16396800000075,0.077,12.652,3.434968000000749,5.0
S00005,IMS-CSCF,edge-A,99,DONE,3.29273,3.305,12.279470000066794,12.279470000066794,0.111,7.299,4.869470000066793,0.0
S00003,UPF,edge-A,117,DONE,3.2941,3.30741,13.30730799986668,13.30730799986668,7.632,2.495,3.18030799986668,0.0
S00002,vRAN-DU,edge-B,111,DONE,3.29749,3.30395,6.462889999966137,6.462889999966137,0.198,5.28,0.9848899999661365,0.0
S00008,Transcoder,core-1,46,DONE,3.30742,3.31505,7.624978999956511,19.62497899995651,0.067,6.432,1.1259789999565104,6.0
S00005,IMS-CSCF,edge-A,100,DONE,3.31401,3.31837,4.351308999957837,4.351308999957837,0.124,2.596,1.6313089999578372,0.0
S00001,vRAN-DU,edge-A,114,DONE,3.31475,3.32215,7.402379000041037,7.402379000041037,0.09,6.469,0.843379000041037,0.0
S00002,vRAN-DU,edge-B,112,DONE,3.31734,3.32849,11.147208000011233,11.147208000011233,0.138,10.13,0.8792080000112321,0.0
S00010,IoT-GW,edge-B,113,DONE,3.32163,3.32942,7.789854000066043,7.789854000066043,4.157,2.653,0.9798540000660432,0.0
S00004,UPF,edge-B,103,DONE,3.32174,3.32699,5.245485999921584,5.245485999921584,0.073,3.777,1.3954859999215836,0.0
S00003,UPF,edge-A,118,DONE,3.32216,3.32835,6.186473000070691,6.186473000070691,0.097,5.576,0.5134730000706913,0.0
S00009,IoT-GW,edge-A,113,DONE,3.33166,3.3339,2.2449740001775353,2.2449740001775353,0.078,1.488,0.6789740001775355,0.0
S00010,IoT-GW,edge-B,114,DONE,3.33619,3.33896,2.7621679998901527,2.7621679998901527,0.122,1.567,1.0731679998901529,0.0
S00006,IMS-CSCF,edge-B,114,DONE,3.33758,3.34756,9.977391999882457,9.977391999882457,0.091,8.109,1.7773919998824574,0.0
S00003,UPF,edge-A,119,DONE,3.3377,3.34567,7.974904999855426,7.974904999855426,0.09,2.567,5.3179049998554255,0.0
S00008,Transcoder,core-1,47,DONE,3.33792,3.35768,19.765465999853404,31.765465999853404,0.101,15.818,3.8464659998534056,6.0
S00008,Transcoder,core-1,48,DONE,3.33801,3.3639,25.89791300010802,37.89791300010802,0.155,22.693,3.049913000108017,6.0
S00010,IoT-GW,edge-B,115,DONE,3.34568,3.35423,8.54396199997609,8.54396199997609,0.1,5.558,2.8859619999760913,0.0
S00005,IMS-CSCF,edge-A,101,DONE,3.34585,3.3542,8.346597000127076,8.346597000127076,0.103,5.953,2.290597000127076,0.0
S00004,UPF,edge-B,104,DONE,3.34757,3.35421,6.6436419999718055,6.6436419999718055,0.1,3.981,2.562641999971806,0.0
S00009,IoT-GW,edge-A,114,DONE,3.34766,3.35767,10.007030999986455,10.007030999986455,0.093,6.231,3.683030999986455,0.0
S00009,IoT-GW,edge-A,115,DONE,3.35107,3.35906,7.987819999925705,7.987819999925705,2.915,4.03,1.0428199999257046,0.0
S00006,IMS-CSCF,edge-B,115,DONE,3.35122,3.35791,6.688904999919032,6.688904999919032,0.094,4.245,2.3499049999190316,0.0
S00002,vRAN-DU,edge-B,113,DONE,3.35423,3.36708,12.851930999886463,12.851930999886463,0.195,8.455,4.2019309998864625,0.0
S00002,vRAN-DU,edge-B,114,DONE,3.35769,3.36977,12.087551999911739,12.087551999911739,0.076,10.527,1.484551999911739,0.0
S00001,vRAN-DU,edge-A,115,DONE,3.35776,3.36415,6.3971080001010705,6.3971080001010705,0.07,5.406,0.9211080001010705,0.0
S00009,IoT-GW,edge-A,116,DONE,3.36392,3.36589,1.9748580000396032,1.9748580000396032,0.084,1.076,0.8148580000396031,0.0
S00006,IMS-CSCF,edge-B,116,DONE,3.3659,3.36991,4.009200000155033,4.009200000155033,0.071,2.906,1.0322000001550329,0.0
S00009,IoT-GW,edge-A,117,DONE,3.36709,3.36946,2.3708109999915905,2.3708109999915905,0.09,1.458,0.8228109999915907,0.0
S00003,UPF,edge-A,120,DONE,3.37119,3.3741,2.9086589997859846,2.9086589997859846,0.097,2.351,0.4606589997859847,0.0
S00008,Transcoder,core-1,49,DONE,3.37959,3.39748,17.881258999977945,29.881258999977945,0.197,16.666,1.0182589999779452,6.0
S00004,UPF,edge-B,105,DONE,3.38574,3.38979,4.0516859999115695,4.0516859999115695,0.134,3.034,0.8836859999115698,0.0
S00006,IMS-CSCF,edge-B,117,DONE,3.38611,3.39013,4.022482999971544,4.022482999971544,0.039,3.367,0.6164829999715438,0.0
S00006,IMS-CSCF,edge-B,118,DONE,3.39141,3.39321,1.8001480000293668,1.8001480000293668,0.06,1.258,0.48214800002936675,0.0
S00009,IoT-GW,edge-A,118,DONE,3.40396,3.40713,3.176590999828477,3.176590999828477,0.149,2.1,0.9275909998284768,0.0
S00002,vRAN-DU,edge-B,115,DONE,3.40425,3.40843,4.177453000011155,4.177453000011155,0.085,3.514,0.5784530000111556,0.0
S00004,UPF,edge-B,106,DONE,3.4065,3.40994,3.4373080000023037,3.4373080000023037,0.11,2.309,1.0183080000023037,0.0
S00010,IoT-GW,edge-B,116,DONE,3.40843,3.40966,1.2253009999767528,1.2253009999767528,0.04,0.805,0.3803009999767527,0.0
S00004,UPF,edge-B,107,DONE,3.41114,3.41531,4.166428999951677,4.166428999951677,0.123,3.639,0.4044289999516768,0.0
S00002,vRAN-DU,edge-B,116,DONE,3.41121,3.41621,5.001416000141035,5.001416000141035,0.049,4.419,0.5334160001410346,0.0
S00002,vRAN-DU,edge-B,117,DONE,3.41344,3.42124,7.80639999993582,7.80639999993582,1.759,5.627,0.4203999999358201,0.0
S00002,vRAN-DU,edge-B,118,DONE,3.41351,3.42416,10.653854000111096,10.653854000111096,2.3,7.589,0.7648540001110948,0.0
S00001,vRAN-DU,edge-A,116,DONE,3.41622,3.42402,7.80254099981903,7.80254099981903,0.086,5.917,1.7995409998190297,0.0
S00006,IMS-CSCF,edge-B,119,DONE,3.41628,3.42539,9.11013399991134,9.11013399991134,6.307,1.947,0.8561339999113402,0.0
S00003,UPF,edge-A,121,DONE,3.4185,3.42403,5.5293759999131,5.5293759999131,0.066,4.934,0.5293759999130998,0.0
S00006,IMS-CSCF,edge-B,120,DONE,3.42403,3.42717,3.1416459999036306,3.1416459999036306,1.12,1.231,0.7906459999036304,0.0
S00008,Transcoder,core-1,50,DONE,3.42659,3.45033,23.74398500001007,35.74398500001007,0.083,22.487,1.1739850000100738,6.0
S00005,IMS-CSCF,edge-A,102,DONE,3.42668,3.42888,2.1929030001501815,2.1929030001501815,0.062,1.738,0.39290300015018165,0.0
S00004,UPF,edge-B,108,DONE,3.43315,3.43696,3.804664000199409,3.804664000199409,0.082,3.183,0.5396640001994095,0.0
S00001,vRAN-DU,edge-A,117,DONE,3.43553,3.44012,4.589318000171261,4.589318000171261,0.103,3.615,0.8713180001712608,0.0
S00008,Transcoder,core-1,51,DONE,3.43563,3.45698,21.350029999894105,33.350029999894105,0.082,18.622,2.646029999894104,6.0
S00001,vRAN-DU,edge-A,118,DONE,3.44136,3.45034,8.985761000076309,8.985761000076309,0.06,8.168,0.7577610000763091,0.0
S00004,UPF,edge-B,109,DONE,3.4441,3.45096,6.859790999897086,6.859790999897086,0.095,6.124,0.6407909998970869,0.0
S00006,IMS-CSCF,edge-B,121,DONE,3.44418,3.45409,9.906665000016801,9.906665000016801,0.371,8.481,1.0546650000168007,0.0
S00001,vRAN-DU,edge-A,119,DONE,3.44919,3.45409,4.9018119998436305,4.9018119998436305,0.048,3.611,1.2428119998436302,0.0
S00003,UPF,edge-A,122,DONE,3.4541,3.45947,5.372924999846873,5.372924999846873,0.055,4.65,0.667924999846873,0.0
S00009,IoT-GW,edge-A,119,DONE,3.45453,3.45932,4.789479000010033,4.789479000010033,0.043,3.264,1.482479000010033,0.0
S00009,IoT-GW,edge-A,120,DONE,3.45667,3.46094,4.268545999821072,4.268545999821072,1.65,1.936,0.6825459998210719,0.0
S00009,IoT-GW,edge-A,121,DONE,3.45689,3.46367,6.778918000009071,6.778918000009071,3.587,2.401,0.790918000009071,0.0
S00009,IoT-GW,edge-A,122,DONE,3.45831,3.46488,6.567112999846358,6.567112999846358,4.401,1.003,1.1631129998463587,0.0
S00006,IMS-CSCF,edge-B,122,DONE,3.45933,3.46304,3.717281000035655,3.717281000035655,0.114,2.011,1.5922810000356549,0.0
S00009,IoT-GW,edge-A,123,DONE,3.46712,3.46914,2.0154869998805225,2.0154869998805225,0.075,1.376,0.5644869998805226,0.0
S00001,vRAN-DU,edge-A,120,DONE,3.47049,3.4747,4.216882000037003,4.216882000037003,0.1,3.512,0.6048820000370037,0.0
S00009,IoT-GW,edge-A,124,DONE,3.47061,3.47431,3.7042280000605388,3.7042280000605388,0.171,2.621,0.912228000060539,0.0
S00002,vRAN-DU,edge-B,119,DONE,3.47907,3.48473,5.662684000071749,5.662684000071749,0.087,4.867,0.7086840000717496,0.0
S00006,IMS-CSCF,edge-B,123,DONE,3.48598,3.48837,2.394202999994377,2.394202999994377,0.096,1.43,0.868202999994377,0.0
S00003,UPF,edge-A,123,DONE,3.4873,3.49237,5.068922999953429,5.068922999953429,0.098,4.186,0.7849229999534293,0.0
S00006,IMS-CSCF,edge-B,124,DONE,3.48838,3.49001,1.6283500001463835,1.6283500001463835,0.048,1.204,0.37635000014638353,0.0
S00010,IoT-GW,edge-B,117,DONE,3.49119,3.49242,1.2239069999395724,1.2239069999395724,0.049,0.774,0.40090699993957246,0.0
S00003,UPF,edge-A,124,DONE,3.49572,3.50034,4.622233999953096,4.622233999953096,0.091,3.766,0.7652339999530957,0.0
S00009,IoT-GW,edge-A,125,DONE,3.49714,3.49857,1.433730000144351,1.433730000144351,0.057,0.86,0.516730000144351,0.0
S00002,vRAN-DU,edge-B,120,DONE,3.49977,3.50307,3.308757000013429,3.308757000013429,0.081,2.739,0.48875700001342937,0.0
S00009,IoT-GW,edge-A,126,DONE,3.50022,3.50213,1.910150999947291,1.910150999947291,0.047,1.496,0.36715099994729106,0.0
S00007,Transcoder,core-1,70,DONE,3.50426,3.51156,7.3013490000448655,17.301349000044866,0.085,6.605,0.6113490000448651,5.0
S00005,IMS-CSCF,edge-A,103,DONE,3.50657,3.5087,2.134260000048016,2.134260000048016,0.092,1.416,0.6262600000480161,0.0
S00007,Transcoder,core-1,71,DONE,3.51387,3.52146,7.597652999947968,17.597652999947968,0.074,6.726,0.7976529999479682,5.0
S00004,UPF,edge-B,110,DONE,3.51742,3.52692,9.502209999936895,9.502209999936895,0.083,8.796,0.6232099999368952,0.0
S00007,Transcoder,core-1,72,DONE,3.52147,3.52908,7.605831999853763,17.605831999853763,0.105,6.574,0.9268319998537624,5.0
S00003,UPF,edge-A,125,DONE,3.5259,3.52909,3.186792999940735,3.186792999940735,0.19,2.281,0.7157929999407351,0.0
S00008,Transcoder,core-1,52,DONE,3.54345,3.55219,8.738399000094432,20.738399000094432,0.087,7.862,0.7893990000944324,6.0
S00002,vRAN-DU,edge-B,121,DONE,3.54492,3.54897,4.050959999858605,4.050959999858605,0.233,3.183,0.6349599998586055,0.0
S00010,IoT-GW,edge-B,118,DONE,3.54556,3.54966,4.1078690001086215,4.1078690001086215,0.073,1.142,2.8928690001086212,0.0
S00009,IoT-GW,edge-A,127,DONE,3.54898,3.55278,3.8046669999403093,3.8046669999403093,0.179,2.574,1.0516669999403097,0.0
S00005,IMS-CSCF,edge-A,104,DONE,3.54967,3.55273,3.060739000147805,3.060739000147805,0.1,2.222,0.7387390001478051,0.0
S00007,Transcoder,core-1,73,DONE,3.55818,3.56539,7.216119000077015,17.216119000077015,0.087,6.394,0.7351190000770149,5.0
S00002,vRAN-DU,edge-B,122,DONE,3.56466,3.56843,3.7688479999360425,3.7688479999360425,0.132,2.892,0.7448479999360424,0.0
S00002,vRAN-DU,edge-B,123,DONE,3.56485,3.56873,3.8801169998805562,3.8801169998805562,0.257,3.168,0.455116999880556,0.0
S00001,vRAN-DU,edge-A,121,DONE,3.57316,3.58523,12.074733999952514,12.074733999952514,0.098,9.331,2.6457339999525136,0.0
S00001,vRAN-DU,edge-A,122,DONE,3.57334,3.58025,6.909541000140962,6.909541000140962,0.155,6.237,0.5175410001409615,0.0
S00010,IoT-GW,edge-B,119,DONE,3.57338,3.5799,6.513416999951005,6.513416999951005,0.081,1.187,5.245416999951004,0.0
S00010,IoT-GW,edge-B,120,DONE,3.57992,3.58518,5.25919899996552,5.25919899996552,0.087,1.916,3.25619899996552,0.0
S00005,IMS-CSCF,edge-A,105,DONE,3.58014,3.58521,5.075535000059972,5.075535000059972,0.043,2.417,2.615535000059972,0.0
S00001,vRAN-DU,edge-A,123,DONE,3.58524,3.59247,7.2333369998887065,7.2333369998887065,0.062,5.552,1.6193369998887066,0.0
S00008,Transcoder,core-1,53,DONE,3.58551,3.59342,7.911203000048772,19.911203000048772,0.13,6.392,1.3892030000487718,6.0
S00010,IoT-GW,edge-B,121,DONE,3.59249,3.59527,2.7826809998714452,2.7826809998714452,0.134,1.899,0.7496809998714453,0.0
S00009,IoT-GW,edge-A,128,DONE,3.59966,3.60243,2.772858999833261,2.772858999833261,0.086,1.766,0.920858999833261,0.0
S00002,vRAN-DU,edge-B,124,DONE,3.60224,3.60743,5.190893000190044,5.190893000190044,0.083,4.473,0.6348930001900444,0.0
S00010,IoT-GW,edge-B,122,DONE,3.60474,3.60872,3.975501000013537,3.975501000013537,2.268,1.108,0.5995010000135372,0.0
S00006,IMS-CSCF,edge-B,125,DONE,3.6049,3.60756,2.6585179998619424,2.6585179998619424,0.062,2.164,0.4325179998619424,0.0
S00007,Transcoder,core-1,74,DONE,3.61095,3.61794,6.994759000008344,16.994759000008344,0.08,6.303,0.6117590000083437,5.0
S00003,UPF,edge-A,126,DONE,3.61535,3.61903,3.6765710001418483,3.6765710001418483,0.084,2.979,0.6135710001418482,0.0
S00001,vRAN-DU,edge-A,124,DONE,3.6177,3.62268,4.978572999789321,4.978572999789321,0.117,3.938,0.9235729997893212,0.0
S00001,vRAN-DU,edge-A,125,DONE,3.6203,3.62379,3.4865869999975985,3.4865869999975985,0.068,2.899,0.5195869999975984,0.0
S00001,vRAN-DU,edge-A,126,DONE,3.62611,3.63116,5.046821999940221,5.046821999940221,0.067,4.297,0.682821999940221,0.0
S00001,vRAN-DU,edge-A,127,DONE,3.62852,3.63255,4.029517999924792,4.029517999924792,0.11,3.368,0.5515179999247923,0.0
S00006,IMS-CSCF,edge-B,126,DONE,3.63597,3.63913,3.164623000202482,3.164623000202482,0.088,2.308,0.7686230002024823,0.0
S00009,IoT-GW,edge-A,129,DONE,3.64561,3.648,2.3924990000523394,2.3924990000523394,0.143,1.357,0.8924990000523396,0.0
S00004,UPF,edge-B,111,DONE,3.65638,3.65938,2.9915929999333457,2.9915929999333457,0.105,2.182,0.7045929999333458,0.0
S00009,IoT-GW,edge-A,130,DONE,3.65656,3.65832,1.7613760001040646,1.7613760001040646,0.107,1.06,0.5943760001040646,0.0
S00005,IMS-CSCF,edge-A,106,DONE,3.66064,3.66277,2.1317820001058863,2.1317820001058863,0.065,1.556,0.5107820001058863,0.0
S00004,UPF,edge-B,112,DONE,3.66497,3.66953,4.559593000067252,4.559593000067252,0.13,1.977,2.4525930000672522,0.0
S00005,IMS-CSCF,edge-A,107,DONE,3.66627,3.66975,3.4877629998391058,3.4877629998391058,0.06,3.031,0.39676299983910557,0.0
S00002,vRAN-DU,edge-B,125,DONE,3.66634,3.67154,5.202169000085632,5.202169000085632,0.055,4.483,0.6641690000856331,0.0
S00005,IMS-CSCF,edge-A,108,DONE,3.66953,3.67123,1.6947470001014153,1.6947470001014153,0.055,1.17,0.46974700010141546,0.0
S00006,IMS-CSCF,edge-B,127,DONE,3.6696,3.67139,1.7937569998593972,1.7937569998593972,0.053,1.265,0.47575699985939734,0.0
S00005,IMS-CSCF,edge-A,109,DONE,3.66968,3.67283,3.1533850001324026,3.1533850001324026,1.447,1.301,0.40538500013240264,0.0
S00002,vRAN-DU,edge-B,126,DONE,3.67918,3.68291,3.7355689999003516,3.7355689999003516,0.085,2.999,0.6515689999003516,0.0
S00001,vRAN-DU,edge-A,128,DONE,3.68255,3.68633,3.7752359999103646,3.7752359999103646,0.081,2.939,0.7552359999103646,0.0
S00003,UPF,edge-A,127,DONE,3.69268,3.69622,3.532907999897361,3.532907999897361,0.133,2.35,1.049907999897361,0.0
S00002,vRAN-DU,edge-B,127,DONE,3.70054,3.70565,5.108098999926369,5.108098999926369,0.119,4.039,0.9500989999263698,0.0
S00004,UPF,edge-B,113,DONE,3.70069,3.70627,5.573056000002907,5.573056000002907,0.288,4.728,0.5570560000029072,0.0
S00010,IoT-GW,edge-B,123,DONE,3.70199,3.71292,10.930465000001277,10.930465000001277,3.089,6.933,0.9084650000012768,0.0
S00007,Transcoder,core-1,75,DONE,3.70207,3.71758,15.50617200018678,25.50617200018678,0.114,13.044,2.3481720001867785,5.0
S00004,UPF,edge-B,114,DONE,3.70218,3.71293,10.756554999943546,10.756554999943546,4.021,6.019,0.7165549999435461,0.0
S00007,Transcoder,core-1,76,DONE,3.70754,3.72303,15.491652000036993,25.491652000036993,0.082,12.907,2.502652000036992,5.0
S00007,Transcoder,core-1,77,DONE,3.71294,3.72401,11.067960999980642,21.06796099998064,2.469,7.772,0.826960999980642,5.0
S00009,IoT-GW,edge-A,131,DONE,3.71306,3.72297,9.905280000111816,9.905280000111816,0.258,5.542,4.105280000111817,0.0
S00009,IoT-GW,edge-A,132,DONE,3.71759,3.7243,6.715656000096715,6.715656000096715,4.387,1.009,1.3196560000967152,0.0
S00001,vRAN-DU,edge-A,129,DONE,3.71768,3.72633,8.64720300000954,8.64720300000954,0.347,7.043,1.2572030000095404,0.0
S00009,IoT-GW,edge-A,133,DONE,3.71772,3.72563,7.90173399991545,7.90173399991545,5.665,1.077,1.1597339999154501,0.0
S00002,vRAN-DU,edge-B,128,DONE,3.73218,3.73641,4.232183999874906,4.232183999874906,0.093,3.273,0.8661839998749055,0.0
S00003,UPF,edge-A,128,DONE,3.73642,3.74291,6.492040000011912,6.492040000011912,0.087,5.792,0.6130400000119121,0.0
S00004,UPF,edge-B,115,DONE,3.7415,3.74867,7.173373000114225,7.173373000114225,0.106,6.279,0.7883730001142251,0.0
S00009,IoT-GW,edge-A,134,DONE,3.74164,3.75014,8.496953000076246,8.496953000076246,0.262,6.864,1.3709530000762458,0.0
S00006,IMS-CSCF,edge-B,128,DONE,3.74782,3.75793,10.10699200014642,10.10699200014642,0.093,8.336,1.6779920001464195,0.0
S00004,UPF,edge-B,116,DONE,3.74868,3.75715,8.471174000078463,8.471174000078463,0.043,7.037,1.3911740000784638,0.0
S00003,UPF,edge-A,129,DONE,3.74884,3.75791,9.064086000080351,9.064086000080351,0.063,7.044,1.9570860000803512,0.0
S00009,IoT-GW,edge-A,135,DONE,3.7489,3.75792,9.014213999989806,9.014213999989806,0.103,7.02,1.891213999989807,0.0
S00004,UPF,edge-B,117,DONE,3.75922,3.76301,3.7882210001498606,3.7882210001498606,0.058,3.192,0.5382210001498606,0.0
S00005,IMS-CSCF,edge-A,110,DONE,3.76425,3.76677,2.5165500001094188,2.5165500001094188,0.119,1.699,0.6985500001094189,0.0
S00005,IMS-CSCF,edge-A,111,DONE,3.76908,3.77193,2.848997999990388,2.848997999990388,0.075,2.107,0.6669979999903877,0.0
S00001,vRAN-DU,edge-A,130,DONE,3.77927,3.78466,5.388945000049716,5.388945000049716,0.169,4.251,0.9689450000497164,0.0
S00002,vRAN-DU,edge-B,129,DONE,3.77943,3.7834,3.9671279998856335,3.9671279998856335,0.087,3.169,0.7111279998856332,0.0
S00002,vRAN-DU,edge-B,130,DONE,3.78466,3.78923,4.563811000025453,4.563811000025453,0.107,3.557,0.8998110000254527,0.0
S00007,Transcoder,core-1,78,DONE,3.78924,3.80615,16.911973000105718,26.911973000105718,0.105,14.664,2.1429730001057177,5.0
S00009,IoT-GW,edge-A,136,DONE,3.79068,3.79451,3.834714000049644,3.834714000049644,0.119,2.921,0.7947140000496442,0.0
S00008,Transcoder,core-1,54,DONE,3.79208,3.81506,22.98195699995631,34.98195699995631,0.104,16.984,5.893956999956309,6.0
S00005,IMS-CSCF,edge-A,112,DONE,3.79365,3.80408,10.433042999920872,10.433042999920872,0.138,8.73,1.5650429999208715,0.0
S00009,IoT-GW,edge-A,137,DONE,3.79452,3.80592,11.398067000072842,11.398067000072842,0.068,8.431,2.8990670000728436,0.0
S00003,UPF,edge-A,130,DONE,3.7969,3.80641,9.501647999968554,9.501647999968554,6.861,2.138,0.5026479999685547,0.0
S00010,IoT-GW,edge-B,124,DONE,3.80409,3.80769,3.6054510001122253,3.6054510001122253,0.086,0.924,2.5954510001122255,0.0
S00010,IoT-GW,edge-B,125,DONE,3.80604,3.81661,10.566929000106029,10.566929000106029,1.131,8.589,0.8469290001060283,0.0
S00004,UPF,edge-B,118,DONE,3.8077,3.81686,9.161323999933302,9.161323999933302,0.048,8.054,1.0593239999333015,0.0
S00007,Transcoder,core-1,79,DONE,3.80776,3.82156,13.806679000026634,23.806679000026634,0.091,13.004,0.7116790000266349,5.0
S00004,UPF,edge-B,119,DONE,3.81507,3.82239,7.326213999931497,7.326213999931497,0.115,5.421,1.7902139999314963,0.0
S00009,IoT-GW,edge-A,138,DONE,3.81518,3.81764,2.454576999980418,2.454576999980418,0.118,1.778,0.558576999980418,0.0
S00010,IoT-GW,edge-B,126,DONE,3.81525,3.82182,6.571775000111302,6.571775000111302,0.427,4.417,1.7277750001113024,0.0
S00009,IoT-GW,edge-A,139,DONE,3.81529,3.81908,3.795602000081999,3.795602000081999,2.282,1.008,0.505602000081999,0.0
S00002,vRAN-DU,edge-B,131,DONE,3.81662,3.82587,9.253228000034142,9.253228000034142,3.314,4.048,1.8912280000341415,0.0
S00006,IMS-CSCF,edge-B,129,DONE,3.8167,3.82493,8.229023000012603,8.229023000012603,4.015,2.187,2.0270230000126035,0.0
S00003,UPF,edge-A,131,DONE,3.81915,3.82517,6.017887000098199,6.017887000098199,0.061,5.461,0.4958870000981985,0.0
S00007,Transcoder,core-1,80,DONE,3.82157,3.84438,22.80977299983533,32.80977299983533,0.081,21.169,1.5597729998353316,5.0
S00004,UPF,edge-B,120,DONE,3.82165,3.83413,12.476364999884026,12.476364999884026,2.322,7.66,2.494364999884027,0.0
S00003,UPF,edge-A,132,DONE,3.8224,3.83001,7.606672000065373,7.606672000065373,0.734,4.532,2.340672000065373,0.0
S00004,UPF,edge-B,121,DONE,3.82494,3.83756,12.622047999911956,12.622047999911956,7.336,4.769,0.5170479999119557,0.0
S00010,IoT-GW,edge-B,127,DONE,3.82823,3.83469,6.457248000060645,6.457248000060645,2.657,3.152,0.6482480000606445,0.0
S00006,IMS-CSCF,edge-B,130,DONE,3.8284,3.83157,3.171284000018204,3.171284000018204,0.117,2.266,0.7882840000182041,0.0
S00009,IoT-GW,edge-A,140,DONE,3.83008,3.83461,4.529114999968442,4.529114999968442,0.097,2.706,1.7261149999684418,0.0
S00004,UPF,edge-B,122,DONE,3.83158,3.84325,11.669577000020581,11.669577000020581,5.703,3.797,2.1695770000205807,0.0
S00007,Transcoder,core-1,81,DONE,3.83894,3.8659,26.967136000166647,36.96713600016665,0.108,18.644,8.215136000166648,5.0
S00008,Transcoder,core-1,55,DONE,3.84326,3.86592,22.66421900003479,34.66421900003479,0.081,19.532,3.0512190000347914,6.0
S00010,IoT-GW,edge-B,128,DONE,3.84439,3.85068,6.292715999961729,6.292715999961729,0.147,5.423,0.7227159999617285,0.0
S00007,Transcoder,core-1,82,DONE,3.8502,3.89006,39.86661999988428,49.86661999988428,0.111,37.093,2.662619999884278,5.0
S00003,UPF,edge-A,133,DONE,3.85085,3.85578,4.930004000016197,4.930004000016197,0.113,3.599,1.2180040000161965,0.0
S00004,UPF,edge-B,123,DONE,3.85096,3.86593,14.972908000117968,14.972908000117968,0.128,6.433,8.411908000117968,0.0
S00006,IMS-CSCF,edge-B,131,DONE,3.8511,3.86595,14.84852199996567,14.84852199996567,0.258,10.583,4.00752199996567,0.0
S00009,IoT-GW,edge-A,141,DONE,3.85345,3.87134,17.888988000095196,17.888988000095196,0.079,15.353,2.456988000095196,0.0
S00007,Transcoder,core-1,83,DONE,3.85854,3.8875,28.960149000113233,38.96014900011323,0.071,27.2,1.6891490001132325,5.0
S00007,Transcoder,core-1,84,DONE,3.86595,3.89931,33.357414000192875,43.357414000192875,14.515,11.989,6.853414000192874,5.0
S00006,IMS-CSCF,edge-B,132,DONE,3.86611,3.87033,4.220454000005702,4.220454000005702,0.183,2.475,1.5624540000057023,0.0
S00006,IMS-CSCF,edge-B,133,DONE,3.86621,3.88115,14.942515000029744,14.942515000029744,5.775,5.39,3.7775150000297435,0.0
S00004,UPF,edge-B,124,DONE,3.86626,3.88117,14.9054559999513,14.9054559999513,2.824,8.905,3.176455999951301,0.0
S00005,IMS-CSCF,edge-A,113,DONE,3.8663,3.87391,7.607790000065506,7.607790000065506,0.188,3.747,3.6727900000655067,0.0
S00001,vRAN-DU,edge-A,131,DONE,3.86637,3.88465,18.278382000062265,18.278382000062265,1.345,12.627,4.306382000062266,0.0
S00008,Transcoder,core-1,56,DONE,3.87034,3.89576,25.418494999939867,37.41849499993987,0.11,22.343,2.9654949999398674,6.0
S00006,IMS-CSCF,edge-B,134,DONE,3.88117,3.88749,6.320619000007355,6.320619000007355,0.143,5.151,1.0266190000073552,0.0
S00002,vRAN-DU,edge-B,132,DONE,3.88139,3.89007,8.686270999987755,8.686270999987755,0.453,7.266,0.9672709999877558,0.0
S00005,IMS-CSCF,edge-A,114,DONE,3.88751,3.89008,2.569798000195078,2.569798000195078,0.146,1.622,0.8017980001950782,0.0
S00008,Transcoder,core-1,57,DONE,3.89008,3.89911,9.028663999970377,21.028663999970377,0.062,8.428,0.5386639999703764,6.0
S00009,IoT-GW,edge-A,142,DONE,3.8937,3.89577,2.063722000002599,2.063722000002599,0.079,1.217,0.767722000002599,0.0
S00004,UPF,edge-B,125,DONE,3.89386,3.89897,5.112271000143664,5.112271000143664,0.081,3.608,1.423271000143664,0.0
S00003,UPF,edge-A,134,DONE,3.90259,3.90533,2.732828000034715,2.732828000034715,0.084,1.959,0.6898280000347148,0.0
S00004,UPF,edge-B,126,DONE,3.90757,3.91018,2.6142700000946206,2.6142700000946206,0.088,1.973,0.5532700000946205,0.0
S00010,IoT-GW,edge-B,129,DONE,3.91252,3.91661,4.090298999926745,4.090298999926745,0.085,3.111,0.8942989999267446,0.0
S00005,IMS-CSCF,edge-A,115,DONE,3.9139,3.91662,2.7249980000760843,2.7249980000760843,0.093,1.965,0.6669980000760842,0.0
S00006,IMS-CSCF,edge-B,135,DONE,3.9189,3.92141,2.508872000134943,2.508872000134943,0.115,1.619,0.7748720001349427,0.0
S00005,IMS-CSCF,edge-A,116,DONE,3.92569,3.92866,2.9739120000158437,2.9739120000158437,0.085,2.204,0.6849120000158435,0.0
S00009,IoT-GW,edge-A,143,DONE,3.93406,3.93631,2.250976000141236,2.250976000141236,0.13,1.339,0.7819760001412361,0.0
S00004,UPF,edge-B,127,DONE,3.93976,3.94276,3.000638000003164,3.000638000003164,0.089,2.128,0.783638000003164,0.0
S00007,Transcoder,core-1,85,DONE,3.94001,3.95124,11.22936399997343,21.22936399997343,0.106,10.405,0.7183639999734304,5.0
S00004,UPF,edge-B,128,DONE,3.95963,3.96281,3.1764160000875563,3.1764160000875563,0.126,2.246,0.8044160000875564,0.0
S00002,vRAN-DU,edge-B,133,DONE,3.96107,3.9674,6.333190000077593,6.333190000077593,0.098,5.54,0.6951900000775932,0.0
S00010,IoT-GW,edge-B,130,DONE,3.96408,3.96653,2.4477980000483512,2.4477980000483512,0.08,1.761,0.6067980000483513,0.0
S00002,vRAN-DU,edge-B,134,DONE,3.96557,3.97061,5.042240999955538,5.042240999955538,0.984,2.952,1.1062409999555385,0.0
S00009,IoT-GW,edge-A,144,DONE,3.96868,3.97102,2.3387319999983447,2.3387319999983447,0.111,1.472,0.7557319999983445,0.0
S00010,IoT-GW,edge-B,131,DONE,3.97103,3.97306,2.039022999952067,2.039022999952067,0.096,1.499,0.44402299995206684,0.0
S00010,IoT-GW,edge-B,132,DONE,3.97116,3.97444,3.2844279999153514,3.2844279999153514,1.641,1.138,0.5054279999153515,0.0
S00010,IoT-GW,edge-B,133,DONE,3.97882,3.98127,2.4425760000212904,2.4425760000212904,0.071,1.688,0.6835760000212903,0.0
S00008,Transcoder,core-1,58,DONE,3.98465,3.997,12.341366000100606,24.341366000100606,0.107,11.451,0.7833660001006066,6.0
S00010,IoT-GW,edge-B,134,DONE,3.99019,3.9951,4.919317000030787,4.919317000030787,0.11,4.0,0.809317000030787,0.0
S00008,Transcoder,core-1,59,DONE,3.9964,4.00945,13.047483000036664,25.047483000036664,0.064,11.656,1.327483000036663,6.0
S00010,IoT-GW,edge-B,135,DONE,3.99925,4.00154,2.2850909999760916,2.2850909999760916,0.106,1.547,0.6320909999760917,0.0
S00006,IMS-CSCF,edge-B,136,DONE,4.00109,4.00416,3.0699100000219914,3.0699100000219914,0.067,2.146,0.8569100000219914,0.0
S00002,vRAN-DU,edge-B,135,DONE,4.00541,4.01129,5.878981000023487,5.878981000023487,0.086,5.19,0.6029810000234859,0.0
S00004,UPF,edge-B,129,DONE,4.01259,4.01719,4.597998000008374,4.597998000008374,0.105,3.676,0.8169980000083736,0.0
S00010,IoT-GW,edge-B,136,DONE,4.01957,4.02218,2.6123580000785296,2.6123580000785296,0.11,1.626,0.8763580000785298,0.0
S00008,Transcoder,core-1,60,DONE,4.03272,4.04923,16.503097000168054,28.503097000168054,0.144,15.497,0.8620970001680561,6.0
S00003,UPF,edge-A,135,DONE,4.03532,4.04212,6.798308000043107,6.798308000043107,0.184,5.574,1.0403080000431073,0.0
S00010,IoT-GW,edge-B,137,DONE,4.03912,4.04211,2.9860789998110704,2.9860789998110704,0.115,1.456,1.4150789998110702,0.0
S00009,IoT-GW,edge-A,145,DONE,4.04212,4.04452,2.395044000195412,2.395044000195412,0.115,1.583,0.6970440001954119,0.0
S00004,UPF,edge-B,130,DONE,4.04453,4.04886,4.334986999992907,4.334986999992907,0.115,3.524,0.6959869999929067,0.0
S00002,vRAN-DU,edge-B,136,DONE,4.04834,4.05706,8.723376000034477,8.723376000034477,0.131,4.501,4.091376000034477,0.0
S00001,vRAN-DU,edge-A,132,DONE,4.04846,4.05705,8.588455999870348,8.588455999870348,0.104,4.676,3.8084559998703487,0.0
S00004,UPF,edge-B,131,DONE,4.04852,4.05744,8.91848299988851,8.91848299988851,3.502,3.402,2.0144829998885108,0.0
S00007,Transcoder,core-1,86,DONE,4.05707,4.07763,20.5643560000226,30.5643560000226,0.125,19.671,0.7683560000225995,5.0
S00007,Transcoder,core-1,87,DONE,4.0572,4.08232,25.118946000020514,35.118946000020514,3.775,20.515,0.8289460000205153,5.0
S00005,IMS-CSCF,edge-A,117,DONE,4.05725,4.0697,12.452808000034565,12.452808000034565,0.108,10.852,1.4928080000345645,0.0
S00002,vRAN-DU,edge-B,137,DONE,4.06275,4.07757,14.818605000073148,14.818605000073148,0.108,14.121,0.5896050000731474,0.0
S00001,vRAN-DU,edge-A,133,DONE,4.06347,4.06972,6.245063000051232,6.245063000051232,0.105,5.409,0.7310630000512317,0.0
S00003,UPF,edge-A,136,DONE,4.07307,4.07716,4.0957109999908425,4.0957109999908425,0.098,3.186,0.8117109999908427,0.0
S00009,IoT-GW,edge-A,146,DONE,4.08462,4.08705,2.4341929999991407,2.4341929999991407,0.129,1.526,0.7791929999991407,0.0
S00009,IoT-GW,edge-A,147,DONE,4.0924,4.09508,2.6798199999120698,2.6798199999120698,0.126,1.709,0.8448199999120698,0.0
S00006,IMS-CSCF,edge-B,137,DONE,4.10047,4.10399,3.5216199999013043,3.5216199999013043,0.098,2.564,0.8596199999013043,0.0
S00005,IMS-CSCF,edge-A,118,DONE,4.10066,4.10471,4.052228999853469,4.052228999853469,0.105,3.382,0.5652289998534687,0.0
S00003,UPF,edge-A,137,DONE,4.10194,4.10625,4.313581999895177,4.313581999895177,0.069,2.504,1.7405819998951775,0.0
S00004,UPF,edge-B,132,DONE,4.11662,4.11991,3.29012900010639,3.29012900010639,0.113,2.454,0.7231290001063897,0.0
S00001,vRAN-DU,edge-A,134,DONE,4.11682,4.12065,3.824864999842248,3.824864999842248,0.139,3.145,0.5408649998422477,0.0
S00009,IoT-GW,edge-A,148,DONE,4.12065,4.12221,1.5563240001483791,1.5563240001483791,0.058,1.062,0.436324000148379,0.0
S00002,vRAN-DU,edge-B,138,DONE,4.1265,4.13067,4.1786670001329185,4.1786670001329185,0.085,3.186,0.9076670001329186,0.0
S00006,IMS-CSCF,edge-B,138,DONE,4.13068,4.13274,2.0596039998963533,2.0596039998963533,0.055,1.423,0.5816039998963531,0.0
S00002,vRAN-DU,edge-B,139,DONE,4.14011,4.14374,3.6297419999300473,3.6297419999300473,0.086,2.71,0.8337419999300475,0.0
S00004,UPF,edge-B,133,DONE,4.14145,4.14415,2.696923000030438,2.696923000030438,0.057,2.257,0.3829230000304378,0.0
S00002,vRAN-DU,edge-B,140,DONE,4.16053,4.16936,8.835921999889251,8.835921999889251,0.098,7.876,0.8619219998892502,0.0
S00010,IoT-GW,edge-B,138,DONE,4.16202,4.1636,1.58274899990829,1.58274899990829,0.062,0.865,0.6557489999082899,0.0
S00001,vRAN-DU,edge-A,135,DONE,4.16214,4.16698,4.840128000068944,4.840128000068944,0.087,2.695,2.0581280000689444,0.0
S00007,Transcoder,core-1,88,DONE,4.17667,4.18542,8.747086000084892,18.74708600008489,0.176,7.536,1.0350860000848918,5.0
S00010,IoT-GW,edge-B,139,DONE,4.18123,4.18339,2.163399999972171,2.163399999972171,0.118,1.309,0.7363999999721711,0.0
S00009,IoT-GW,edge-A,149,DONE,4.1834,4.18614,2.7419180000833876,2.7419180000833876,0.123,1.99,0.6289180000833874,0.0
S00008,Transcoder,core-1,61,DONE,4.18835,4.1954,7.0522349999464495,19.05223499994645,0.15,5.991,0.9112349999464495,6.0
S00009,IoT-GW,edge-A,150,DONE,4.19283,4.19699,4.151718999992227,4.151718999992227,0.392,3.083,0.6767189999922265,0.0
S00005,IMS-CSCF,edge-A,119,DONE,4.19298,4.19569,2.7007599999251397,2.7007599999251397,0.131,2.053,0.5167599999251395,0.0
S00005,IMS-CSCF,edge-A,120,DONE,4.20734,4.21188,4.53722099996412,4.53722099996412,0.093,3.644,0.8002209999641199,0.0
S00004,UPF,edge-B,134,DONE,4.20753,4.21181,4.286024000066391,4.286024000066391,0.095,3.564,0.6270240000663909,0.0
S00004,UPF,edge-B,135,DONE,4.20987,4.2147,4.831286999888107,4.831286999888107,1.892,2.27,0.669286999888107,0.0
S00009,IoT-GW,edge-A,151,DONE,4.21597,4.22152,5.550975999994989,5.550975999994989,0.085,1.095,4.3709759999949895,0.0
S00008,Transcoder,core-1,62,DONE,4.2161,4.22668,10.574728999927174,22.574728999927174,0.111,9.846,0.6177289999271736,6.0
S00009,IoT-GW,edge-A,152,DONE,4.22381,4.22561,1.8000930001562665,1.8000930001562665,0.077,1.27,0.4530930001562665,0.0
S00007,Transcoder,core-1,89,DONE,4.22668,4.23382,7.14015899984588,17.14015899984588,0.088,6.366,0.6861589998458806,5.0
S00002,vRAN-DU,edge-B,141,DONE,4.2291,4.23252,3.4170659998835617,3.4170659998835617,0.082,2.65,0.685065999883562,0.0
S00002,vRAN-DU,edge-B,142,DONE,4.23383,4.23788,4.051409999874522,4.051409999874522,0.083,3.091,0.877409999874522,0.0
S00004,UPF,edge-B,136,DONE,4.23791,4.24068,2.771439000071041,2.771439000071041,0.188,2.053,0.5304390000710408,0.0
S00002,vRAN-DU,edge-B,143,DONE,4.23805,4.2417,3.6533729999064235,3.6533729999064235,0.094,3.083,0.47637299990642346,0.0
S00006,IMS-CSCF,edge-B,139,DONE,4.24292,4.24665,3.724558999920191,3.724558999920191,0.073,2.983,0.6685589999201911,0.0
S00009,IoT-GW,edge-A,153,DONE,4.24445,4.24666,2.213947999962329,2.213947999962329,0.142,1.456,0.6159479999623292,0.0
S00009,IoT-GW,edge-A,154,DONE,4.24998,4.25229,2.314652999984901,2.314652999984901,0.063,1.572,0.6796529999849006,0.0
S00006,IMS-CSCF,edge-B,140,DONE,4.2523,4.25648,4.185194999990927,4.185194999990927,0.21,3.031,0.9441949999909265,0.0
S00009,IoT-GW,edge-A,155,DONE,4.25241,4.25687,4.454622999901403,4.454622999901403,0.265,3.614,0.5756229999014035,0.0
S00004,UPF,edge-B,137,DONE,4.2525,4.25649,3.991496999788069,3.991496999788069,0.078,2.669,1.244496999788069,0.0
S00003,UPF,edge-A,138,DONE,4.25257,4.25647,3.9058300001215684,3.9058300001215684,0.076,2.788,1.0418300001215686,0.0
S00001,vRAN-DU,edge-A,136,DONE,4.25908,4.26265,3.577791999987312,3.577791999987312,0.083,2.882,0.6127919999873117,0.0
S00006,IMS-CSCF,edge-B,141,DONE,4.26596,4.26845,2.492148999863275,2.492148999863275,0.087,1.69,0.715148999863275,0.0
S00007,Transcoder,core-1,90,DONE,4.26846,4.27555,7.093622999946092,17.093622999946092,0.118,6.379,0.5966229999460921,5.0
S00007,Transcoder,core-1,91,DONE,4.27395,4.28538,11.431093000055625,21.431093000055625,0.079,10.703,0.6490930000556254,5.0
S00002,vRAN-DU,edge-B,144,DONE,4.27408,4.28388,9.806129000025976,9.806129000025976,0.072,8.951,0.7831290000259763,0.0
S00010,IoT-GW,edge-B,140,DONE,4.27556,4.2771,1.5429959998982667,1.5429959998982667,0.101,0.999,0.44299599989826677,0.0
S00007,Transcoder,core-1,92,DONE,4.27715,4.2991,21.9473099998595,31.9473099998595,0.061,21.504,0.38230999985949765,5.0
S00008,Transcoder,core-1,63,DONE,4.28265,4.29226,9.610094999970897,21.610094999970897,0.08,8.956,0.5740949999708977,6.0
S00008,Transcoder,core-1,64,DONE,4.28857,4.29614,7.562101000075927,19.562101000075927,0.124,7.013,0.42510100007592744,6.0
S00004,UPF,edge-B,138,DONE,4.29226,4.29482,2.5554970000030153,2.5554970000030153,0.069,2.098,0.38849700000301546,0.0
S00008,Transcoder,core-1,65,DONE,4.29839,4.31168,13.2864409999911,25.2864409999911,0.042,12.043,1.2014409999911013,6.0
S00004,UPF,edge-B,139,DONE,4.29846,4.30972,11.251528000002509,11.251528000002509,0.065,10.733,0.4535280000025086,0.0
S00003,UPF,edge-A,139,DONE,4.30028,4.30359,3.315316999987772,3.315316999987772,0.099,2.787,0.42931699998777173,0.0
S00002,vRAN-DU,edge-B,145,DONE,4.3025,4.31008,7.572561999950267,7.572561999950267,0.093,7.114,0.36556199995026706,0.0
S00003,UPF,edge-A,140,DONE,4.30478,4.30738,2.597163000018554,2.597163000018554,0.054,2.18,0.36316300001855417,0.0
S00008,Transcoder,core-1,66,DONE,4.31015,4.32214,11.989328000026944,23.989328000026944,0.14,11.039,0.8103280000269439,6.0
S00008,Transcoder,core-1,67,DONE,4.31489,4.32243,7.541963999983636,19.541963999983636,0.053,7.105,0.38396399998363595,6.0
S00006,IMS-CSCF,edge-B,142,DONE,4.31616,4.31809,1.9331099999817525,1.9331099999817525,0.078,1.356,0.4991099999817523,0.0
S00003,UPF,edge-A,141,DONE,4.3181,4.32072,2.6243769998473,2.6243769998473,0.082,2.019,0.5233769998472999,0.0
S00003,UPF,edge-A,142,DONE,4.31854,4.32395,5.401272999961293,5.401272999961293,1.637,2.975,0.7892729999612929,0.0
S00010,IoT-GW,edge-B,141,DONE,4.32395,4.32541,1.4550690000305622,1.4550690000305622,0.08,0.926,0.44906900003056205,0.0
S00003,UPF,edge-A,143,DONE,4.32541,4.32814,2.7307489999657264,2.7307489999657264,0.057,1.861,0.8127489999657265,0.0
S00010,IoT-GW,edge-B,142,DONE,4.32768,4.32913,1.4535599998453108,1.4535599998453108,0.063,0.996,0.39455999984531087,0.0
S00010,IoT-GW,edge-B,143,DONE,4.33239,4.33413,1.7452890001550259,1.7452890001550259,0.066,1.059,0.6202890001550259,0.0
S00001,vRAN-DU,edge-A,137,DONE,4.33414,4.33784,3.7033270000392804,3.7033270000392804,0.06,3.027,0.6163270000392802,0.0
S00006,IMS-CSCF,edge-B,143,DONE,4.34105,4.34359,2.5349649999952817,2.5349649999952817,0.087,1.782,0.6659649999952815,0.0
S00005,IMS-CSCF,edge-A,121,DONE,4.35396,4.35658,2.6181289999840374,2.6181289999840374,0.096,1.786,0.7361289999840372,0.0
S00005,IMS-CSCF,edge-A,122,DONE,4.35536,4.35843,3.070510000043214,3.070510000043214,0.95,1.626,0.4945100000432139,0.0
S00010,IoT-GW,edge-B,144,DONE,4.36272,4.36491,2.189101999874765,2.189101999874765,0.089,1.309,0.7911019998747653,0.0
S00005,IMS-CSCF,edge-A,123,DONE,4.36918,4.37209,2.9062050000447925,2.9062050000447925,0.165,1.801,0.9402050000447926,0.0
S00001,vRAN-DU,edge-A,138,DONE,4.37441,4.3795,5.084162000002834,5.084162000002834,0.136,4.265,0.6831620000028344,0.0
S00009,IoT-GW,edge-A,156,DONE,4.3807,4.38295,2.2471899999345624,2.2471899999345624,0.071,1.581,0.5951899999345622,0.0
S00010,IoT-GW,edge-B,145,DONE,4.38723,4.38966,2.4313890000939864,2.4313890000939864,0.176,1.418,0.8373890000939863,0.0
S00005,IMS-CSCF,edge-A,124,DONE,4.39197,4.39465,2.6758110000173474,2.6758110000173474,0.079,2.013,0.5838110000173473,0.0
S00004,UPF,edge-B,140,DONE,4.39344,4.39719,3.7477369999123766,3.7477369999123766,0.066,3.176,0.5057369999123766,0.0
S00005,IMS-CSCF,edge-A,125,DONE,4.39466,4.39633,1.6769220001151552,1.6769220001151552,0.064,1.188,0.42492200011515524,0.0
S00001,vRAN-DU,edge-A,139,DONE,4.39837,4.40389,5.520218999890858,5.520218999890858,0.137,3.108,2.2752189998908574,0.0
S00001,vRAN-DU,edge-A,140,DONE,4.40077,4.41171,10.934844999837878,10.934844999837878,0.073,9.832,1.0298449998378771,0.0
S00004,UPF,edge-B,141,DONE,4.4009,4.40481,3.9121750000958855,3.9121750000958855,0.093,2.78,1.0391750000958857,0.0
S00010,IoT-GW,edge-B,146,DONE,4.4039,4.41555,11.654297000177394,11.654297000177394,8.79,1.674,1.1902970001773947,0.0
S00009,IoT-GW,edge-A,157,DONE,4.40397,4.40846,4.493922000165185,4.493922000165185,0.081,1.74,2.672922000165184,0.0
S00009,IoT-GW,edge-A,158,DONE,4.40406,4.41137,7.313125999871772,7.313125999871772,1.967,4.753,0.5931259998717717,0.0
S00002,vRAN-DU,edge-B,146,DONE,4.4041,4.41326,9.159913999837954,9.159913999837954,0.119,8.235,0.805913999837955,0.0
S00006,IMS-CSCF,edge-B,144,DONE,4.40413,4.41442,10.288453999919511,10.288453999919511,6.435,3.001,0.8524539999195118,0.0
S00004,UPF,edge-B,142,DONE,4.40416,4.4102,6.031210999935865,6.031210999935865,0.173,5.001,0.857210999935865,0.0
S00010,IoT-GW,edge-B,147,DONE,4.41138,4.41718,5.801756999971985,5.801756999971985,1.825,1.56,2.416756999971985,0.0
S00009,IoT-GW,edge-A,159,DONE,4.41145,4.41319,1.7383490001066093,1.7383490001066093,0.062,1.061,0.6153490001066093,0.0
S00008,Transcoder,core-1,68,DONE,4.41556,4.42328,7.723876000000018,19.72387600000002,0.097,6.743,0.8838760000000176,6.0
S00002,vRAN-DU,edge-B,147,DONE,4.41954,4.42312,3.582013999903211,3.582013999903211,0.094,2.706,0.782013999903211,0.0
S00008,Transcoder,core-1,69,DONE,4.42313,4.43009,6.959123000115142,18.95912300011514,0.049,6.279,0.6311230001151413,6.0
S00001,vRAN-DU,edge-A,141,DONE,4.43132,4.43501,3.692131999969206,3.692131999969206,0.089,2.915,0.6881319999692059,0.0
S00001,vRAN-DU,edge-A,142,DONE,4.43271,4.43625,3.5464889999730076,3.5464889999730076,0.078,2.929,0.5394889999730079,0.0
S00003,UPF,edge-A,144,DONE,4.44251,4.44553,3.0271470000116096,3.0271470000116096,0.085,2.207,0.7351470000116098,0.0
S00003,UPF,edge-A,145,DONE,4.44984,4.45288,3.0427029998918442,3.0427029998918442,0.084,2.323,0.6357029998918442,0.0
S00003,UPF,edge-A,146,DONE,4.45123,4.45752,6.285987999945064,6.285987999945064,1.369,4.447,0.46998799994506424,0.0
S00009,IoT-GW,edge-A,160,DONE,4.45289,4.45486,1.975907000087318,1.975907000087318,0.061,1.235,0.679907000087318,0.0
S00004,UPF,edge-B,143,DONE,4.45429,4.45694,2.6473130001249956,2.6473130001249956,0.088,1.987,0.5723130001249954,0.0
S00001,vRAN-DU,edge-A,143,DONE,4.45438,4.45966,5.277906999936022,5.277906999936022,0.043,4.468,0.7669069999360216,0.0
S00007,Transcoder,core-1,93,DONE,4.4619,4.47135,9.45546100001593,19.45546100001593,2.386,6.417,0.6524610000159301,5.0
S00001,vRAN-DU,edge-A,144,DONE,4.462,4.46518,3.1812140000511135,3.1812140000511135,0.074,2.587,0.5202140000511135,0.0
S00001,vRAN-DU,edge-A,145,DONE,4.46519,4.4717,6.506134999881397,6.506134999881397,0.091,3.473,2.9421349998813966,0.0
S00005,IMS-CSCF,edge-A,126,DONE,4.46756,4.47223,4.669660999979897,4.669660999979897,0.134,3.985,0.5506609999798964,0.0
S00005,IMS-CSCF,edge-A,127,DONE,4.47092,4.47458,3.6513210000066465,3.6513210000066465,0.325,1.691,1.6353210000066463,0.0
S00005,IMS-CSCF,edge-A,128,DONE,4.489,4.49295,3.9500120001321193,3.9500120001321193,0.09,2.919,0.9410120001321194,0.0
S00002,vRAN-DU,edge-B,148,DONE,4.48919,4.49294,3.7495090000447817,3.7495090000447817,0.096,3.096,0.5575090000447815,0.0
S00002,vRAN-DU,edge-B,149,DONE,4.49417,4.49836,4.190911000023334,4.190911000023334,0.121,2.981,1.0889110000233337,0.0
S00009,IoT-GW,edge-A,161,DONE,4.49757,4.49955,1.973721000013029,1.973721000013029,0.099,1.141,0.733721000013029,0.0
S00003,UPF,edge-A,147,DONE,4.49955,4.50232,2.7625190000435396,2.7625190000435396,0.072,2.124,0.5665190000435394,0.0
S00002,vRAN-DU,edge-B,150,DONE,4.50093,4.50626,5.331908000016483,5.331908000016483,0.172,4.437,0.7229080000164831,0.0
S00005,IMS-CSCF,edge-A,129,DONE,4.50959,4.51236,2.7760949999446893,2.7760949999446893,0.11,1.819,0.8470949999446895,0.0
S00004,UPF,edge-B,144,DONE,4.51247,4.51785,5.377617000021928,5.377617000021928,0.122,3.999,1.256617000021928,0.0
S00010,IoT-GW,edge-B,148,DONE,4.51265,4.51779,5.140522999909081,5.140522999909081,0.143,3.837,1.1605229999090807,0.0
S00006,IMS-CSCF,edge-B,145,DONE,4.51794,4.52204,4.099541999948997,4.099541999948997,0.059,3.448,0.5925419999489967,0.0
S00004,UPF,edge-B,145,DONE,4.51828,4.5221,3.8210870000057184,3.8210870000057184,0.261,2.696,0.8640870000057181,0.0
S00005,IMS-CSCF,edge-A,130,DONE,4.52331,4.5261,2.7949279999575083,2.7949279999575083,0.123,1.719,0.952927999957508,0.0
S00002,vRAN-DU,edge-B,151,DONE,4.52473,4.53224,7.516823000059958,7.516823000059958,0.111,6.635,0.7708230000599583,0.0
S00002,vRAN-DU,edge-B,152,DONE,4.52611,4.53307,6.965106000052401,6.965106000052401,0.076,6.421,0.4681060000524013,0.0
S00001,vRAN-DU,edge-A,146,DONE,4.52667,4.53308,6.412978000071234,6.412978000071234,0.062,5.758,0.5929780000712341,0.0
S00009,IoT-GW,edge-A,162,DONE,4.53231,4.535,2.6944940000248607,2.6944940000248607,0.12,1.225,1.3494940000248605,0.0
S00009,IoT-GW,edge-A,163,DONE,4.53309,4.53784,4.751592999809873,4.751592999809873,1.355,2.751,0.6455929998098728,0.0
S00001,vRAN-DU,edge-A,147,DONE,4.53432,4.5433,8.974215999842272,8.974215999842272,0.095,8.024,0.8552159998422724,0.0
S00007,Transcoder,core-1,94,DONE,4.53501,4.54563,10.614846999942529,20.61484699994253,0.076,9.805,0.7338469999425286,5.0
S00010,IoT-GW,edge-B,149,DONE,4.53509,4.54331,8.211242000015773,8.211242000015773,0.058,7.614,0.5392420000157729,0.0
S00003,UPF,edge-A,148,DONE,4.54009,4.54251,2.4253549997865775,2.4253549997865775,0.061,1.861,0.5033549997865776,0.0
S00010,IoT-GW,edge-B,150,DONE,4.54331,4.54592,2.609013999972376,2.609013999972376,0.093,2.077,0.4390139999723761,0.0
S00005,IMS-CSCF,edge-A,131,DONE,4.54563,4.54786,2.221329999883892,2.221329999883892,0.062,1.391,0.7683299998838922,0.0
S00002,vRAN-DU,edge-B,153,DONE,4.54573,4.54884,3.116623999858348,3.116623999858348,0.046,2.605,0.465623999858348,0.0
S00002,vRAN-DU,edge-B,154,DONE,4.55112,4.55437,3.2572260001870745,3.2572260001870745,0.06,2.741,0.4562260001870744,0.0
S00005,IMS-CSCF,edge-A,132,DONE,4.55365,4.55651,2.856452999822068,2.856452999822068,0.086,2.166,0.604452999822068,0.0
S00010,IoT-GW,edge-B,151,DONE,4.55423,4.55654,2.3095669998838275,2.3095669998838275,0.056,1.877,0.37656699988382747,0.0
S00006,IMS-CSCF,edge-B,146,DONE,4.55879,4.56119,2.4014610000904213,2.4014610000904213,0.098,1.775,0.5284610000904215,0.0
S00002,vRAN-DU,edge-B,155,DONE,4.56014,4.56333,3.1968799999049224,3.1968799999049224,0.052,2.752,0.3928799999049226,0.0
S00010,IoT-GW,edge-B,152,DONE,4.56124,4.56406,2.817895999896791,2.817895999896791,0.053,2.273,0.4918959998967911,0.0
S00008,Transcoder,core-1,70,DONE,4.56531,4.58064,15.335425999865038,27.335425999865038,0.077,13.955,1.3034259998650377,6.0
S00004,UPF,edge-B,146,DONE,4.56663,4.56915,2.518277000035596,2.518277000035596,0.059,1.858,0.6012770000355956,0.0
S00004,UPF,edge-B,147,DONE,4.56679,4.57411,7.327106000047934,7.327106000047934,2.03,4.697,0.6001060000479344,0.0
S00007,Transcoder,core-1,95,DONE,4.56921,4.58063,11.423082999954204,21.423082999954204,0.08,10.0,1.3430829999542038,5.0
S00002,vRAN-DU,edge-B,156,DONE,4.5705,4.5758,5.300178000197775,5.300178000197775,0.048,4.82,0.43217800019777464,0.0
S00004,UPF,edge-B,148,DONE,4.57094,4.57732,6.37901499999316,6.37901499999316,2.763,3.279,0.3370149999931602,0.0
S00003,UPF,edge-A,149,DONE,4.57343,4.5807,7.271629999877405,7.271629999877405,0.134,2.726,4.4116299998774045,0.0
S00006,IMS-CSCF,edge-B,147,DONE,4.57581,4.58138,5.572539000013421,5.572539000013421,0.045,5.067,0.4605390000134211,0.0
S00009,IoT-GW,edge-A,164,DONE,4.58566,4.58771,2.0506700000169076,2.0506700000169076,0.091,1.222,0.7376700000169076,0.0
S00006,IMS-CSCF,edge-B,148,DONE,4.58705,4.5922,5.143908999798441,5.143908999798441,0.081,4.292,0.7709089997984409,0.0
S00002,vRAN-DU,edge-B,157,DONE,4.59553,4.60593,10.401193999996394,10.401193999996394,0.124,5.316,4.961193999996394,0.0
S00003,UPF,edge-A,150,DONE,4.60601,4.6092,3.1831789999614557,3.1831789999614557,0.093,2.377,0.713178999961456,0.0
S00001,vRAN-DU,edge-A,148,DONE,4.61554,4.62079,5.245543000000907,5.245543000000907,0.202,4.006,1.0375430000009072,0.0
S00002,vRAN-DU,edge-B,158,DONE,4.6208,4.63127,10.469629999988683,10.469629999988683,0.092,9.77,0.6076299999886832,0.0
S00005,IMS-CSCF,edge-A,133,DONE,4.62095,4.62572,4.7696369999812305,4.7696369999812305,0.093,4.185,0.4916369999812309,0.0
S00005,IMS-CSCF,edge-A,134,DONE,4.62225,4.63052,8.271681999985958,8.271681999985958,3.145,4.509,0.6176819999859582,0.0
S00005,IMS-CSCF,edge-A,135,DONE,4.62547,4.63223,6.7636579999543756,6.7636579999543756,4.416,1.605,0.7426579999543752,0.0
S00005,IMS-CSCF,edge-A,136,DONE,4.62556,4.63824,12.676028999976552,12.676028999976552,6.141,5.845,0.6900289999765521,0.0
S00001,vRAN-DU,edge-A,149,DONE,4.6256,4.62959,3.988751999941087,3.988751999941087,0.059,2.912,1.017751999941087,0.0
S00001,vRAN-DU,edge-A,150,DONE,4.6296,4.63816,8.560541999941051,8.560541999941051,0.072,7.999,0.48954199994105263,0.0
S00008,Transcoder,core-1,71,DONE,4.63128,4.64758,16.30132299987963,28.30132299987963,0.474,14.742,1.0853229998796294,6.0
S00001,vRAN-DU,edge-A,151,DONE,4.63553,4.64564,10.107578999850375,10.107578999850375,2.261,6.587,1.2595789998503752,0.0
S00002,vRAN-DU,edge-B,159,DONE,4.63792,4.6424,4.479210999988936,4.479210999988936,0.11,3.252,1.1172109999889361,0.0
S00006,IMS-CSCF,edge-B,149,DONE,4.64154,4.64565,4.109801999902629,4.109801999902629,0.061,2.698,1.3508019999026293,0.0
S00006,IMS-CSCF,edge-B,150,DONE,4.64463,4.65105,6.422455999882004,6.422455999882004,0.058,5.35,1.0144559998820046,0.0
S00001,vRAN-DU,edge-A,152,DONE,4.64565,4.65225,6.599387000051138,6.599387000051138,0.083,5.897,0.6193870000511374,0.0
S00003,UPF,edge-A,151,DONE,4.65106,4.65591,4.844648000016605,4.844648000016605,0.249,3.32,1.2756480000166053,0.0
S00001,vRAN-DU,edge-A,153,DONE,4.66423,4.67055,6.320687999959773,6.320687999959773,0.182,5.145,0.9936879999597732,0.0
S00001,vRAN-DU,edge-A,154,DONE,4.66879,4.67464,5.845353999802683,5.845353999802683,0.192,4.95,0.7033539998026823,0.0
S00001,vRAN-DU,edge-A,155,DONE,4.66892,4.67364,4.720632999806185,4.720632999806185,1.253,2.948,0.5196329998061846,0.0
S00004,UPF,edge-B,149,DONE,4.67597,4.68108,5.111718000080145,5.111718000080145,0.113,4.005,0.9937180000801451,0.0
S00009,IoT-GW,edge-A,165,DONE,4.67853,4.68251,3.978976999860606,3.978976999860606,0.099,2.956,0.923976999860606,0.0
S00010,IoT-GW,edge-B,153,DONE,4.67868,4.6825,3.8252809999903548,3.8252809999903548,0.097,2.259,1.4692809999903549,0.0
S00001,vRAN-DU,edge-A,156,DONE,4.68035,4.6879,7.548614999905112,7.548614999905112,0.15,5.937,1.4616149999051116,0.0
S00003,UPF,edge-A,152,DONE,4.68109,4.6858,4.713347000006252,4.713347000006252,0.802,3.249,0.6623470000062515,0.0
S00005,IMS-CSCF,edge-A,137,DONE,4.68259,4.68871,6.127819000084855,6.127819000084855,2.901,2.464,0.7628190000848556,0.0
S00005,IMS-CSCF,edge-A,138,DONE,4.68267,4.69096,8.292556000014883,8.292556000014883,5.517,1.982,0.7935560000148831,0.0
S00010,IoT-GW,edge-B,154,DONE,4.68581,4.68789,2.078211000025476,2.078211000025476,0.055,1.098,0.9252110000254758,0.0
S00001,vRAN-DU,edge-A,157,DONE,4.69097,4.69441,3.4478989998660836,3.4478989998660836,0.064,2.847,0.5368989998660836,0.0
S00001,vRAN-DU,edge-A,158,DONE,4.69563,4.70112,5.481671000097776,5.481671000097776,0.073,4.834,0.5746710000977764,0.0
S00010,IoT-GW,edge-B,155,DONE,4.69706,4.69917,2.1113880000029894,2.1113880000029894,0.115,1.392,0.6043880000029895,0.0
S00009,IoT-GW,edge-A,166,DONE,4.70542,4.70746,2.0370949998778087,2.0370949998778087,0.098,1.285,0.6540949998778087,0.0
S00001,vRAN-DU,edge-A,159,DONE,4.70695,4.71083,3.873076999980185,3.873076999980185,0.057,2.949,0.8670769999801853,0.0
S00001,vRAN-DU,edge-A,160,DONE,4.70706,4.71143,4.368808999970497,4.368808999970497,0.109,3.577,0.6828089999704972,0.0
S00005,IMS-CSCF,edge-A,139,DONE,4.70863,4.71271,4.079609999962486,4.079609999962486,0.074,1.542,2.463609999962486,0.0
S00007,Transcoder,core-1,96,DONE,4.71593,4.72325,7.326265000074272,17.326265000074272,0.11,6.253,0.963265000074272,5.0
S00002,vRAN-DU,edge-B,160,DONE,4.72326,4.72721,3.952841999989687,3.952841999989687,0.082,3.356,0.5148419999896872,0.0
S00004,UPF,edge-B,150,DONE,4.72841,4.73128,2.8734339998663927,2.8734339998663927,0.062,2.194,0.6174339998663929,0.0
S00005,IMS-CSCF,edge-A,140,DONE,4.73256,4.73531,2.750229999946896,2.750229999946896,0.087,2.026,0.637229999946896,0.0
S00010,IoT-GW,edge-B,156,DONE,4.73877,4.74596,7.193067000116571,7.193067000116571,4.225,2.241,0.7270670001165711,0.0
S00004,UPF,edge-B,151,DONE,4.73892,4.74328,4.3660689998432645,4.3660689998432645,0.082,3.684,0.6000689998432645,0.0
S00006,IMS-CSCF,edge-B,151,DONE,4.73896,4.74336,4.39862100006394,4.39862100006394,0.166,3.631,0.6016210000639401,0.0
S00002,vRAN-DU,edge-B,161,DONE,4.74022,4.74855,8.334298999898238,8.334298999898238,2.832,4.969,0.5332989998982374,0.0
S00008,Transcoder,core-1,72,DONE,4.74829,4.76501,16.720346000056452,28.720346000056452,0.145,15.367,1.2083460000564514,6.0
S00005,IMS-CSCF,edge-A,141,DONE,4.7509,4.75646,5.560624000054304,5.560624000054304,0.116,4.617,0.8276240000543043,0.0
S00010,IoT-GW,edge-B,157,DONE,4.75107,4.75721,6.1398160000862845,6.1398160000862845,0.114,3.503,2.5228160000862845,0.0
S00009,IoT-GW,edge-A,167,DONE,4.75646,4.763,6.534929000054035,6.534929000054035,0.079,5.121,1.3349290000540348,0.0
S00006,IMS-CSCF,edge-B,152,DONE,4.75654,4.76641,9.866557000123066,9.866557000123066,0.044,8.163,1.6595570001230655,0.0
S00007,Transcoder,core-1,97,DONE,4.7611,4.77393,12.831279000010909,22.83127900001091,0.087,12.071,0.6732790000109095,5.0
S00004,UPF,edge-B,152,DONE,4.76118,4.76715,5.970400000023801,5.970400000023801,0.064,4.634,1.2724000000238007,0.0
S00006,IMS-CSCF,edge-B,153,DONE,4.76122,4.77171,10.481566999942515,10.481566999942515,3.621,5.956,0.9045669999425145,0.0
S00003,UPF,edge-A,153,DONE,4.763,4.76642,3.413324000121065,3.413324000121065,0.051,2.803,0.5593240001210651,0.0
S00005,IMS-CSCF,edge-A,142,DONE,4.76642,4.7723,5.877132000023266,5.877132000023266,0.052,4.991,0.834132000023267,0.0
S00003,UPF,edge-A,154,DONE,4.76716,4.77231,5.147729999862349,5.147729999862349,0.044,4.469,0.6347299998623495,0.0
S00001,vRAN-DU,edge-A,161,DONE,4.7711,4.77502,3.9143779999903927,3.9143779999903927,0.048,2.768,1.0983779999903929,0.0
S00009,IoT-GW,edge-A,168,DONE,4.77825,4.77994,1.6925929999160871,1.6925929999160871,0.066,1.104,0.522592999916087,0.0
S00005,IMS-CSCF,edge-A,143,DONE,4.78,4.78171,1.7116829999395122,1.7116829999395122,0.051,1.33,0.3306829999395122,0.0
S00008,Transcoder,core-1,73,DONE,4.78396,4.79977,15.81524200014428,27.81524200014428,0.091,14.997,0.7272420001442814,6.0
S00005,IMS-CSCF,edge-A,144,DONE,4.78948,4.79843,8.949040000061359,8.949040000061359,0.21,7.472,1.2670400000613578,0.0
S00004,UPF,edge-B,153,DONE,4.78961,4.79626,6.653232000189746,6.653232000189746,0.187,5.759,0.7072320001897454,0.0
S00002,vRAN-DU,edge-B,162,DONE,4.78966,4.7932,3.5433049999937793,3.5433049999937793,0.089,2.707,0.7473049999937795,0.0
S00010,IoT-GW,edge-B,158,DONE,4.7897,4.80114,11.436507999860623,11.436507999860623,6.256,4.323,0.8575079998606228,0.0
S00001,vRAN-DU,edge-A,162,DONE,4.78978,4.806,16.22021599996515,16.22021599996515,0.058,15.192,0.9702159999651485,0.0
S00003,UPF,edge-A,155,DONE,4.78982,4.80142,11.601358000007167,11.601358000007167,7.774,3.022,0.8053580000071672,0.0
S00002,vRAN-DU,edge-B,163,DONE,4.79101,4.80236,11.346144999833996,11.346144999833996,1.882,9.032,0.4321449998339961,0.0
S00009,IoT-GW,edge-A,169,DONE,4.79844,4.81001,11.577225999872098,11.577225999872098,6.996,3.891,0.6902259998720979,0.0
S00003,UPF,edge-A,156,DONE,4.79988,4.80664,6.755723999958718,6.755723999958718,0.98,5.114,0.6617239999587179,0.0
S00008,Transcoder,core-1,74,DONE,4.80115,4.82667,25.52034499990441,37.52034499990441,0.141,24.552,0.8273449999044118,6.0
S00006,IMS-CSCF,edge-B,154,DONE,4.80236,4.80601,3.644291999989946,3.644291999989946,0.052,2.93,0.6622919999899457,0.0
S00009,IoT-GW,edge-A,170,DONE,4.80533,4.81146,6.136252000032982,6.136252000032982,4.15,1.164,0.822252000032982,0.0
S00006,IMS-CSCF,edge-B,155,DONE,4.80539,4.80717,1.7794560001220816,1.7794560001220816,0.054,1.276,0.44945600012208153,0.0
S00004,UPF,edge-B,154,DONE,4.81267,4.81633,3.656613999964975,3.656613999964975,0.06,2.979,0.6176139999649748,0.0
S00004,UPF,edge-B,155,DONE,4.81323,4.82133,8.10553099995559,8.10553099995559,2.915,4.368,0.8225309999555899,0.0
S00007,Transcoder,core-1,98,DONE,4.8156,4.83231,16.70354399993812,26.70354399993812,0.108,15.831,0.7645439999381196,5.0
S00010,IoT-GW,edge-B,159,DONE,4.81637,4.82275,6.380448000072647,6.380448000072647,0.048,4.113,2.2194480000726466,0.0
S00002,vRAN-DU,edge-B,164,DONE,4.82134,4.82535,4.008411000086198,4.008411000086198,0.046,3.581,0.38141100008619855,0.0
S00004,UPF,edge-B,156,DONE,4.82159,4.82608,4.489723000006052,4.489723000006052,0.52,3.221,0.7487230000060516,0.0
S00005,IMS-CSCF,edge-A,145,DONE,4.82164,4.82899,7.343333000108032,7.343333000108032,0.121,2.363,4.859333000108032,0.0
S00004,UPF,edge-B,157,DONE,4.82497,4.82964,4.671658000006573,4.671658000006573,0.46,3.275,0.9366580000065734,0.0
S00002,vRAN-DU,edge-B,165,DONE,4.82899,4.83631,7.323362999841265,7.323362999841265,0.092,5.623,1.6083629998412654,0.0
S00003,UPF,edge-A,157,DONE,4.82964,4.83632,6.678891999854386,6.678891999854386,0.083,5.163,1.4328919998543856,0.0
S00005,IMS-CSCF,edge-A,146,DONE,4.83231,4.83704,4.7284499999022955,4.7284499999022955,0.06,3.899,0.7694499999022959,0.0
S00004,UPF,edge-B,158,DONE,4.83258,4.83705,4.462657999965813,4.462657999965813,0.047,3.654,0.7616579999658137,0.0
S00006,IMS-CSCF,edge-B,156,DONE,4.83632,4.83861,2.2845789999337285,2.2845789999337285,0.082,1.691,0.5115789999337286,0.0
S00004,UPF,edge-B,159,DONE,4.84085,4.84355,2.7031150000311754,2.7031150000311754,0.05,2.279,0.3741150000311757,0.0
S00002,vRAN-DU,edge-B,166,DONE,4.84311,4.84643,3.32232099981411,3.32232099981411,0.044,2.577,0.7013209998141101,0.0
S00003,UPF,edge-A,158,DONE,4.84764,4.85152,3.880964000018139,3.880964000018139,0.088,3.023,0.7699640000181387,0.0
S00003,UPF,edge-A,159,DONE,4.85375,4.85657,2.8232949998709955,2.8232949998709955,0.084,2.093,0.6462949998709955,0.0
S00006,IMS-CSCF,edge-B,157,DONE,4.85784,4.86259,4.749438000089867,4.749438000089867,0.079,4.178,0.4924380000898676,0.0
S00005,IMS-CSCF,edge-A,147,DONE,4.85826,4.86209,3.8293180000437133,3.8293180000437133,1.05,1.481,1.2983180000437133,0.0
S00010,IoT-GW,edge-B,160,DONE,4.85951,4.86455,5.038597000066147,5.038597000066147,0.086,1.491,3.461597000066147,0.0
S00003,UPF,edge-A,160,DONE,4.87906,4.88435,5.289012000048388,5.289012000048388,0.485,4.006,0.798012000048387,0.0
S00003,UPF,edge-A,161,DONE,4.87926,4.88738,8.118535999983578,8.118535999983578,4.731,2.777,0.6105359999835782,0.0
S00006,IMS-CSCF,edge-B,158,DONE,4.87931,4.88324,3.9293809998071083,3.9293809998071083,0.21,3.018,0.7013809998071086,0.0
S00009,IoT-GW,edge-A,171,DONE,4.88565,4.88785,2.2058690001358627,2.2058690001358627,0.096,1.446,0.6638690001358627,0.0
S00004,UPF,edge-B,160,DONE,4.88909,4.89355,4.458587000044645,4.458587000044645,0.111,3.451,0.896587000044645,0.0
S00001,vRAN-DU,edge-A,163,DONE,4.90405,4.91023,6.186431000060111,6.186431000060111,0.167,4.069,1.950431000060111,0.0
S00004,UPF,edge-B,161,DONE,4.90562,4.91258,6.961241999988488,6.961241999988488,0.133,5.924,0.9042419999884874,0.0
S00006,IMS-CSCF,edge-B,159,DONE,4.90913,4.91316,4.026302000056603,4.026302000056603,0.117,2.864,1.0453020000566031,0.0
S00002,vRAN-DU,edge-B,167,DONE,4.91327,4.91864,5.376168000111647,5.376168000111647,0.12,4.664,0.5921680001116476,0.0
S00004,UPF,edge-B,162,DONE,4.91351,4.91679,3.274795999914204,3.274795999914204,0.115,2.582,0.5777959999142039,0.0
S00009,IoT-GW,edge-A,172,DONE,4.92303,4.92943,6.399689000090802,6.399689000090802,0.113,1.787,4.499689000090802,0.0
S00004,UPF,edge-B,163,DONE,4.92515,4.92898,3.8364130000445584,3.8364130000445584,0.161,2.892,0.7834130000445585,0.0
S00007,Transcoder,core-1,99,DONE,4.92532,4.93777,12.44633199985401,22.44633199985401,0.142,8.838,3.4663319998540114,5.0
S00003,UPF,edge-A,162,DONE,4.9283,4.93778,9.484470999950645,9.484470999950645,0.117,5.944,3.423470999950644,0.0
S00001,vRAN-DU,edge-A,164,DONE,4.93277,4.94519,12.416088999998465,12.416088999998465,0.089,8.641,3.6860889999984643,0.0
S00004,UPF,edge-B,164,DONE,4.93779,4.95068,12.891209999907005,12.891209999907005,0.284,11.848,0.7592099999070037,0.0
S00002,vRAN-DU,edge-B,168,DONE,4.93793,4.94719,9.255664999955115,9.255664999955115,0.113,8.537,0.6056649999551151,0.0
S00001,vRAN-DU,edge-A,165,DONE,4.93799,4.95442,16.42498399996839,16.42498399996839,2.049,12.564,1.8119839999683904,0.0
S00005,IMS-CSCF,edge-A,148,DONE,4.9403,4.95443,14.12623999999596,14.12623999999596,0.849,12.045,1.2322399999959597,0.0
S00008,Transcoder,core-1,75,DONE,4.94163,4.95957,17.93849999990016,29.93849999990016,0.227,16.544,1.1674999999001585,6.0
S00007,Transcoder,core-1,100,DONE,4.94177,4.96052,18.751502999975855,28.751502999975855,0.102,17.693,0.9565029999758536,5.0
S00010,IoT-GW,edge-B,161,DONE,4.95195,4.95444,2.492593999932069,2.492593999932069,0.064,1.542,0.8865939999320689,0.0
S00002,vRAN-DU,edge-B,169,DONE,4.95574,4.96953,13.784590999875945,13.784590999875945,0.094,9.545,4.145590999875946,0.0
S00007,Transcoder,core-1,101,DONE,4.96053,4.96997,9.439377000035165,19.439377000035165,0.075,8.467,0.8973770000351653,5.0
S00007,Transcoder,core-1,102,DONE,4.96401,4.97824,14.232277000019167,24.232277000019167,0.101,13.558,0.573277000019166,5.0
S00004,UPF,edge-B,165,DONE,4.96954,4.97607,6.5301800000270305,6.5301800000270305,0.132,4.676,1.7221800000270306,0.0
S00001,vRAN-DU,edge-A,166,DONE,4.96965,4.97387,4.212998999946649,4.212998999946649,0.13,2.971,1.1119989999466489,0.0
S00010,IoT-GW,edge-B,162,DONE,4.96976,4.97422,4.460201000028974,4.460201000028974,0.197,2.728,1.5352010000289735,0.0
S00009,IoT-GW,edge-A,173,DONE,4.96998,4.97486,4.884471000195845,4.884471000195845,0.197,4.003,0.6844710001958445,0.0
S00008,Transcoder,core-1,76,DONE,4.98156,4.98892,7.358482000199729,19.35848200019973,0.081,6.304,0.973482000199728,6.0
S00009,IoT-GW,edge-A,174,DONE,4.98893,4.99153,2.602313000124923,2.602313000124923,0.179,1.736,0.687313000124923,0.0
S00007,Transcoder,core-1,103,DONE,4.98964,5.00463,14.986934000035035,24.986934000035035,0.116,14.421,0.4499340000350358,5.0
S00009,IoT-GW,edge-A,175,DONE,4.99154,4.99682,5.279606999920361,5.279606999920361,0.169,4.326,0.7846069999203618,0.0
S00003,UPF,edge-A,163,DONE,4.99162,4.99602,4.396521999979086,4.396521999979086,0.09,3.471,0.8355219999790862,0.0
S00009,IoT-GW,edge-A,176,DONE,4.99683,4.99847,1.6463929998735694,1.6463929998735694,0.094,1.006,0.5463929998735693,0.0
S00009,IoT-GW,edge-A,177,DONE,4.99848,4.99992,1.437061000160611,1.437061000160611,0.077,0.773,0.587061000160611,0.0
S00004,UPF,edge-B,166,DONE,5.00111,5.0038,2.695337999966796,2.695337999966796,0.091,2.02,0.5843379999667957,0.0
S00002,vRAN-DU,edge-B,170,DONE,5.00587,5.00913,3.258326999912242,3.258326999912242,0.067,2.711,0.48032699991224215,0.0
S00006,IMS-CSCF,edge-B,160,DONE,5.01033,5.01215,1.814788000046974,1.814788000046974,0.062,1.306,0.44678800004697394,0.0
S00003,UPF,edge-A,164,DONE,5.01645,5.01922,2.7758970002196293,2.7758970002196293,0.094,2.163,0.5188970002196296,0.0
S00008,Transcoder,core-1,77,DONE,5.01778,5.02752,9.739893999949345,21.739893999949345,0.078,8.974,0.6878939999493454,6.0
S00009,IoT-GW,edge-A,178,DONE,5.03491,5.03701,2.097226999921986,2.097226999921986,0.09,1.25,0.7572269999219863,0.0
S00009,IoT-GW,edge-A,179,DONE,5.04002,5.04213,2.1179729999403207,2.1179729999403207,0.083,1.338,0.6969729999403205,0.0
S00003,UPF,edge-A,165,DONE,5.04214,5.04456,2.417890000060652,2.417890000060652,0.057,1.927,0.4338900000606518,0.0
S00001,vRAN-DU,edge-A,167,DONE,5.04344,5.04653,3.0852120000872674,3.0852120000872674,0.052,2.624,0.4092120000872672,0.0
S00006,IMS-CSCF,edge-B,161,DONE,5.04876,5.05382,5.0543779998406535,5.0543779998406535,0.083,4.198,0.7733779998406529,0.0
S00001,vRAN-DU,edge-A,168,DONE,5.04887,5.0531,4.23631400008162,4.23631400008162,0.057,3.153,1.0263140000816198,0.0
S00010,IoT-GW,edge-B,163,DONE,5.05116,5.05591,4.750061000095229,4.750061000095229,0.073,4.116,0.5610610000952292,0.0
S00005,IMS-CSCF,edge-A,149,DONE,5.05124,5.05441,3.167334999943705,3.167334999943705,0.059,2.571,0.5373349999437047,0.0
S00004,UPF,edge-B,167,DONE,5.05311,5.05586,2.7444780000678293,2.7444780000678293,0.044,2.049,0.6514780000678293,0.0
S00004,UPF,edge-B,168,DONE,5.05382,5.05819,4.37216300019827,4.37216300019827,1.589,2.043,0.7401630001982702,0.0
S00006,IMS-CSCF,edge-B,162,DONE,5.0582,5.0656,7.398885000156952,7.398885000156952,0.054,2.43,4.914885000156952,0.0
S00007,Transcoder,core-1,104,DONE,5.05956,5.06818,8.618243000000803,18.618243000000803,0.084,7.78,0.7542430000008027,5.0
S00003,UPF,edge-A,166,DONE,5.05965,5.06561,5.958613000075275,5.958613000075275,0.669,3.167,2.1226130000752743,0.0
S00002,vRAN-DU,edge-B,171,DONE,5.06561,5.07045,4.838826999957746,4.838826999957746,0.082,4.201,0.5558269999577465,0.0
S00009,IoT-GW,edge-A,180,DONE,5.07474,5.07685,2.1051969999916764,2.1051969999916764,0.109,1.031,0.9651969999916765,0.0
S00007,Transcoder,core-1,105,DONE,5.07493,5.08314,8.211047000031613,18.211047000031613,0.213,7.503,0.4950470000316125,5.0
S00002,vRAN-DU,edge-B,172,DONE,5.0781,5.08239,4.293555000003835,4.293555000003835,0.082,3.52,0.6915550000038349,0.0
S00007,Transcoder,core-1,106,DONE,5.08174,5.09383,12.085716000001412,22.085716000001412,0.083,11.391,0.6117160000014117,5.0
S00010,IoT-GW,edge-B,164,DONE,5.08855,5.09248,3.931155999907787,3.931155999907787,0.19,3.015,0.7261559999077871,0.0
S00004,UPF,edge-B,169,DONE,5.0888,5.09236,3.565566000133913,3.565566000133913,0.107,2.582,0.8765660001339128,0.0
S00005,IMS-CSCF,edge-A,150,DONE,5.09002,5.09269,2.6697309999690333,2.6697309999690333,0.085,2.107,0.4777309999690331,0.0
S00002,vRAN-DU,edge-B,173,DONE,5.09237,5.09641,4.043136000063896,4.043136000063896,0.064,3.44,0.5391360000638961,0.0
S00006,IMS-CSCF,edge-B,163,DONE,5.09383,5.09547,1.6353839998828335,1.6353839998828335,0.079,1.193,0.36338399988283343,0.0
S00004,UPF,edge-B,170,DONE,5.09391,5.09862,4.714239000122689,4.714239000122689,1.353,3.042,0.319239000122689,0.0
S00009,IoT-GW,edge-A,181,DONE,5.09642,5.09865,2.2346319999542175,2.2346319999542175,0.148,1.696,0.3906319999542174,0.0
S00007,Transcoder,core-1,107,DONE,5.10603,5.11376,7.730485000138287,17.730485000138287,0.099,6.722,0.9094850001382868,5.0
S00004,UPF,edge-B,171,DONE,5.1126,5.11654,3.9432550001947675,3.9432550001947675,0.09,3.163,0.6902550001947678,0.0
S00006,IMS-CSCF,edge-B,164,DONE,5.11377,5.11607,2.2958519998610427,2.2958519998610427,0.066,1.6,0.6298519998610428,0.0
S00007,Transcoder,core-1,108,DONE,5.11655,5.12385,7.302445000050284,17.302445000050284,0.11,6.403,0.789445000050284,5.0
S00004,UPF,edge-B,172,DONE,5.12203,5.12555,3.522860999964905,3.522860999964905,0.09,2.831,0.6018609999649054,0.0
S00004,UPF,edge-B,173,DONE,5.12386,5.12862,4.75964399993245,4.75964399993245,1.441,2.759,0.5596439999324505,0.0
S00006,IMS-CSCF,edge-B,165,DONE,5.12517,5.12999,4.822045999844704,4.822045999844704,0.08,3.593,1.149045999844704,0.0
S00003,UPF,edge-A,167,DONE,5.13831,5.14123,2.9219210000519524,2.9219210000519524,0.099,2.144,0.6789210000519521,0.0
S00010,IoT-GW,edge-B,165,DONE,5.13968,5.14147,1.7939679999017244,1.7939679999017244,0.085,1.095,0.6139679999017245,0.0
S00009,IoT-GW,edge-A,182,DONE,5.14988,5.15214,2.2525790000145207,2.2525790000145207,0.116,1.312,0.8245790000145206,0.0
S00002,vRAN-DU,edge-B,174,DONE,5.16055,5.16515,4.599751999876389,4.599751999876389,0.086,3.805,0.7087519998763887,0.0
S00008,Transcoder,core-1,78,DONE,5.16306,5.17769,14.62988299999779,26.62988299999779,0.094,10.921,3.614882999997791,6.0
S00003,UPF,edge-A,168,DONE,5.16649,5.16994,3.447096999934729,3.447096999934729,0.111,2.474,0.8620969999347285,0.0
S00007,Transcoder,core-1,109,DONE,5.16663,5.17915,12.516041000026235,22.516041000026235,0.101,11.492,0.9230410000262328,5.0
S00006,IMS-CSCF,edge-B,166,DONE,5.17224,5.17831,6.066693000093437,6.066693000093437,0.163,4.719,1.1846930000934366,0.0
S00004,UPF,edge-B,174,DONE,5.17414,5.17832,4.17442699995263,4.17442699995263,0.07,3.024,1.0804269999526293,0.0
S00002,vRAN-DU,edge-B,175,DONE,5.17773,5.18221,4.489094000064142,4.489094000064142,0.059,3.473,0.9570940000641421,0.0
S00009,IoT-GW,edge-A,183,DONE,5.18037,5.18223,1.8524949998663942,1.8524949998663942,0.152,1.123,0.5774949998663943,0.0
S00004,UPF,edge-B,175,DONE,5.18654,5.18986,3.315014000008887,3.315014000008887,0.081,2.513,0.7210140000088869,0.0
S00003,UPF,edge-A,169,DONE,5.18675,5.19139,4.639872999860017,4.639872999860017,0.176,3.972,0.4918729998600173,0.0
S00006,IMS-CSCF,edge-B,167,DONE,5.1896,5.19167,2.0775099999355007,2.0775099999355007,0.104,1.377,0.5965099999355006,0.0
S00010,IoT-GW,edge-B,166,DONE,5.18968,5.19118,1.5007990000412974,1.5007990000412974,0.086,0.687,0.7277990000412973,0.0
S00001,vRAN-DU,edge-A,169,DONE,5.19802,5.20176,3.73907799985318,3.73907799985318,0.088,2.971,0.6800779998531796,0.0
S00004,UPF,edge-B,176,DONE,5.20043,5.20383,3.393211999991763,3.393211999991763,0.126,2.567,0.7002119999917631,0.0
S00009,IoT-GW,edge-A,184,DONE,5.20177,5.20486,3.0948329999773705,3.0948329999773705,0.045,2.538,0.5118329999773708,0.0
S00005,IMS-CSCF,edge-A,151,DONE,5.20384,5.20579,1.9521770000210381,1.9521770000210381,0.112,1.369,0.471177000021038,0.0
S00002,vRAN-DU,edge-B,176,DONE,5.20805,5.21417,6.124813000042195,6.124813000042195,0.086,5.637,0.40181300004219533,0.0
S00004,UPF,edge-B,177,DONE,5.20939,5.21396,4.569471999957386,4.569471999957386,0.06,4.041,0.4684719999573863,0.0
S00001,vRAN-DU,edge-A,170,DONE,5.20947,5.21308,3.605019000133325,3.605019000133325,0.071,2.674,0.8600190001333248,0.0
S00003,UPF,edge-A,170,DONE,5.21844,5.22155,3.104376000010234,3.104376000010234,0.089,2.233,0.7823760000102338,0.0
S00001,vRAN-DU,edge-A,171,DONE,5.22086,5.22536,4.5019300000603835,4.5019300000603835,0.105,2.818,1.578930000060383,0.0
S00001,vRAN-DU,edge-A,172,DONE,5.22488,5.22867,3.7957110000661487,3.7957110000661487,0.051,3.337,0.40771100006614835,0.0
S00009,IoT-GW,edge-A,185,DONE,5.22515,5.22706,1.9138170000587706,1.9138170000587706,0.046,1.422,0.4458170000587707,0.0
S00007,Transcoder,core-1,110,DONE,5.22992,5.23816,8.235042000023896,18.235042000023896,0.067,7.117,1.0510420000238954,5.0
S00005,IMS-CSCF,edge-A,152,DONE,5.23129,5.23325,1.960925000048519,1.960925000048519,0.078,1.256,0.6269250000485189,0.0
S00009,IoT-GW,edge-A,186,DONE,5.23568,5.23797,2.2943389999454666,2.2943389999454666,0.1,1.135,1.0593389999454665,0.0
S00007,Transcoder,core-1,111,DONE,5.23798,5.24812,10.144399999944653,20.144399999944653,0.054,9.412,0.6783999999446522,5.0
S00009,IoT-GW,edge-A,187,DONE,5.25549,5.26161,6.117175000099451,6.117175000099451,0.107,3.067,2.9431750000994503,0.0
S00007,Transcoder,core-1,112,DONE,5.25688,5.27102,14.14013899989186,24.14013899989186,0.178,12.755,1.2071389998918587,5.0
S00010,IoT-GW,edge-B,167,DONE,5.26162,5.26343,1.811117999977796,1.811117999977796,0.086,1.067,0.658117999977796,0.0
S00005,IMS-CSCF,edge-A,153,DONE,5.26578,5.27103,5.256907999864779,5.256907999864779,0.115,4.076,1.0659079998647796,0.0
S00007,Transcoder,core-1,113,DONE,5.27104,5.28829,17.247200000156226,27.247200000156226,0.081,14.591,2.5752000001562276,5.0
S00009,IoT-GW,edge-A,188,DONE,5.27118,5.27562,4.443069999979343,4.443069999979343,0.085,3.832,0.5260699999793435,0.0
S00001,vRAN-DU,edge-A,173,DONE,5.27312,5.28365,10.533190999922226,10.533190999922226,0.094,9.083,1.3561909999222266,0.0
S00010,IoT-GW,edge-B,168,DONE,5.27326,5.27642,3.1688259998645663,3.1688259998645663,0.15,2.301,0.7178259998645662,0.0
S00006,IMS-CSCF,edge-B,168,DONE,5.27867,5.28366,4.9949270000979595,4.9949270000979595,0.081,3.978,0.9359270000979589,0.0
S00002,vRAN-DU,edge-B,177,DONE,5.28367,5.2891,5.4258650000065245,5.4258650000065245,0.084,4.784,0.5578650000065251,0.0
S00001,vRAN-DU,edge-A,174,DONE,5.28795,5.29334,5.395531999965897,5.395531999965897,0.116,4.489,0.7905319999658973,0.0
S00004,UPF,edge-B,178,DONE,5.28829,5.29137,3.0749249999644235,3.0749249999644235,0.075,1.939,1.0609249999644232,0.0
S00003,UPF,edge-A,171,DONE,5.29276,5.29582,3.0627909998202085,3.0627909998202085,0.107,1.935,1.0207909998202083,0.0
S00003,UPF,edge-A,172,DONE,5.29285,5.29804,5.1895560000048135,5.1895560000048135,2.191,2.332,0.6665560000048139,0.0
S00009,IoT-GW,edge-A,189,DONE,5.29338,5.29616,2.779494000151317,2.779494000151317,0.107,2.166,0.5064940001513167,0.0
S00005,IMS-CSCF,edge-A,154,DONE,5.30037,5.30316,2.789329000052021,2.789329000052021,0.122,1.735,0.932329000052021,0.0
S00009,IoT-GW,edge-A,190,DONE,5.30054,5.30361,3.067356000201471,3.067356000201471,0.176,2.182,0.7093560002014709,0.0
S00003,UPF,edge-A,173,DONE,5.30592,5.31186,5.940429000020231,5.940429000020231,0.087,5.247,0.6064290000202313,0.0
S00006,IMS-CSCF,edge-B,169,DONE,5.30732,5.31184,4.523315999904298,4.523315999904298,0.143,3.66,0.7203159999042983,0.0
S00001,vRAN-DU,edge-A,175,DONE,5.30741,5.31141,4.006576999927347,4.006576999927347,0.066,2.967,0.9735769999273471,0.0
S00004,UPF,edge-B,179,DONE,5.33527,5.33963,4.361310999911439,4.361310999911439,0.121,3.221,1.019310999911438,0.0
S00009,IoT-GW,edge-A,191,DONE,5.33964,5.34184,2.207127000019682,2.207127000019682,0.12,1.374,0.7131270000196817,0.0
S00003,UPF,edge-A,174,DONE,5.34315,5.34704,3.892061999977159,3.892061999977159,0.077,3.087,0.7280619999771587,0.0
S00003,UPF,edge-A,175,DONE,5.34455,5.35428,9.733599000128379,9.733599000128379,2.503,6.506,0.7245990001283786,0.0
S00002,vRAN-DU,edge-B,178,DONE,5.34596,5.35955,13.582829999904789,13.582829999904789,0.088,11.631,1.8638299999047891,0.0
S00007,Transcoder,core-1,114,DONE,5.34705,5.35956,12.512423000089257,22.512423000089257,0.115,8.644,3.7534230000892563,5.0
S00010,IoT-GW,edge-B,169,DONE,5.35153,5.35995,8.429019999994125,8.429019999994125,0.117,7.336,0.9760199999941239,0.0
S00010,IoT-GW,edge-B,170,DONE,5.35957,5.3614,1.8326249999063293,1.8326249999063293,0.084,1.066,0.6826249999063292,0.0
S00006,IMS-CSCF,edge-B,170,DONE,5.35979,5.36217,2.3865000000569125,2.3865000000569125,0.037,1.966,0.38350000005691265,0.0
S00010,IoT-GW,edge-B,171,DONE,5.36141,5.3636,2.191713999991407,2.191713999991407,0.047,1.67,0.47471399999140695,0.0
S00009,IoT-GW,edge-A,192,DONE,5.36481,5.36745,2.643385000055787,2.643385000055787,0.213,1.608,0.8223850000557866,0.0
S00010,IoT-GW,edge-B,172,DONE,5.36491,5.36641,1.4972190001572017,1.4972190001572017,0.062,1.074,0.36121900015720154,0.0
S00004,UPF,edge-B,180,DONE,5.36641,5.37622,9.809095000036905,9.809095000036905,0.109,9.178,0.522095000036904,0.0
S00007,Transcoder,core-1,115,DONE,5.36647,5.37643,9.966067000050316,19.966067000050316,0.076,9.155,0.7350670000503161,5.0
S00001,vRAN-DU,edge-A,176,DONE,5.37019,5.37792,7.726686999831145,7.726686999831145,0.109,7.009,0.6086869998311446,0.0
S00009,IoT-GW,edge-A,193,DONE,5.37084,5.37507,4.230559000006906,4.230559000006906,0.08,3.04,1.1105590000069059,0.0
S00001,vRAN-DU,edge-A,177,DONE,5.37774,5.38186,4.121417000078509,4.121417000078509,0.071,2.882,1.168417000078509,0.0
S00007,Transcoder,core-1,116,DONE,5.38159,5.39154,9.95113399994807,19.95113399994807,0.074,9.192,0.6851339999480697,5.0
S00004,UPF,edge-B,181,DONE,5.38415,5.38671,2.5606960000459367,2.5606960000459367,0.072,1.956,0.5326960000459366,0.0
S00008,Transcoder,core-1,79,DONE,5.3879,5.39513,7.231197999999495,19.231197999999495,0.071,6.123,1.0371979999994947,6.0
S00005,IMS-CSCF,edge-A,155,DONE,5.39127,5.39514,3.8744830001178343,3.8744830001178343,0.117,2.43,1.3274830001178342,0.0
S00009,IoT-GW,edge-A,194,DONE,5.39389,5.39631,2.4192980001771502,2.4192980001771502,0.142,1.095,1.1822980001771504,0.0
S00001,vRAN-DU,edge-A,178,DONE,5.39632,5.40078,4.4583180001609435,4.4583180001609435,0.079,3.657,0.7223180001609437,0.0
S00006,IMS-CSCF,edge-B,171,DONE,5.39766,5.40021,2.5506660001610726,2.5506660001610726,0.12,1.516,0.9146660001610725,0.0
S00003,UPF,edge-A,176,DONE,5.40022,5.40467,4.453884999975344,4.453884999975344,0.046,3.822,0.5858849999753435,0.0
S00010,IoT-GW,edge-B,173,DONE,5.4003,5.40355,3.251224999985425,3.251224999985425,0.071,1.222,1.9582249999854247,0.0
S00007,Transcoder,core-1,117,DONE,5.40356,5.41134,7.784469999933208,17.784469999933208,0.087,7.198,0.49946999993320773,5.0
S00005,IMS-CSCF,edge-A,156,DONE,5.40595,5.40816,2.2096630000305595,2.2096630000305595,0.058,1.655,0.49666300003055963,0.0
S00003,UPF,edge-A,177,DONE,5.40941,5.4132,3.787513000133913,3.787513000133913,0.096,3.087,0.6045130001339127,0.0
S00006,IMS-CSCF,edge-B,172,DONE,5.41117,5.41321,2.038656999957311,2.038656999957311,0.081,1.414,0.5436569999573113,0.0
S00007,Transcoder,core-1,118,DONE,5.41652,5.42323,6.711558000006335,16.711558000006335,0.074,5.988,0.6495580000063343,5.0
S00001,vRAN-DU,edge-A,179,DONE,5.41786,5.42226,4.395527000042421,4.395527000042421,0.093,3.624,0.6785270000424206,0.0
S00010,IoT-GW,edge-B,174,DONE,5.42547,5.42743,1.9536429999789107,1.9536429999789107,0.089,1.175,0.6896429999789107,0.0
S00007,Transcoder,core-1,119,DONE,5.42973,5.44124,11.509042999932717,21.509042999932717,0.08,10.735,0.6940429999327176,5.0
S00002,vRAN-DU,edge-B,179,DONE,5.43213,5.43771,5.580594999855748,5.580594999855748,0.07,3.348,2.162594999855748,0.0
S00001,vRAN-DU,edge-A,180,DONE,5.43551,5.44125,5.740024999795423,5.740024999795423,0.11,4.821,0.8090249997954233,0.0
S00003,UPF,edge-A,178,DONE,5.43891,5.44466,5.748091999976168,5.748091999976168,0.075,3.276,2.397091999976168,0.0
S00005,IMS-CSCF,edge-A,157,DONE,5.44125,5.44832,7.065232000059041,7.065232000059041,0.077,6.087,0.901232000059041,0.0
S00007,Transcoder,core-1,120,DONE,5.44778,5.46311,15.337261000013314,25.337261000013314,0.078,14.859,0.4002610000133142,5.0
S00004,UPF,edge-B,182,DONE,5.44816,5.45233,4.170400000020891,4.170400000020891,0.096,3.434,0.6404000000208905,0.0
S00004,UPF,edge-B,183,DONE,5.44822,5.4543,6.082943999899726,6.082943999899726,3.696,1.953,0.43394399989972565,0.0
S00001,vRAN-DU,edge-A,181,DONE,5.4505,5.45991,9.415554999804954,9.415554999804954,0.108,8.124,1.1835549998049526,0.0
S00006,IMS-CSCF,edge-B,173,DONE,5.45853,5.46021,1.6825720001634181,1.6825720001634181,0.061,1.26,0.3615720001634182,0.0
S00009,IoT-GW,edge-A,195,DONE,5.46535,5.46837,3.0154210001001047,3.0154210001001047,0.116,1.206,1.6934210001001047,0.0
S00002,vRAN-DU,edge-B,180,DONE,5.46552,5.4691,3.5793010001725634,3.5793010001725634,0.065,3.028,0.4863010001725634,0.0
S00009,IoT-GW,edge-A,196,DONE,5.46837,5.47051,2.1311200000582176,2.1311200000582176,0.127,1.377,0.6271200000582178,0.0
S00006,IMS-CSCF,edge-B,174,DONE,5.46846,5.47058,2.1180239998557226,2.1180239998557226,0.056,1.614,0.4480239998557225,0.0
S00010,IoT-GW,edge-B,175,DONE,5.47187,5.47314,1.2629899999865302,1.2629899999865302,0.051,0.709,0.5029899999865303,0.0
S00006,IMS-CSCF,edge-B,175,DONE,5.47546,5.47744,1.978841000209286,1.978841000209286,0.055,1.307,0.6168410002092861,0.0
S00008,Transcoder,core-1,80,DONE,5.47562,5.4864,10.773800999913874,22.773800999913874,0.079,8.434,2.260800999913874,6.0
S00002,vRAN-DU,edge-B,181,DONE,5.47574,5.48364,7.89501700000983,7.89501700000983,0.045,6.313,1.53701700000983,0.0
S00004,UPF,edge-B,184,DONE,5.48778,5.49093,3.142174000004161,3.142174000004161,0.073,2.093,0.976174000004161,0.0
S00009,IoT-GW,edge-A,197,DONE,5.49028,5.49273,2.4484370001118805,2.4484370001118805,0.091,1.685,0.6724370001118802,0.0
S00004,UPF,edge-B,185,DONE,5.49917,5.5045,5.32948199997918,5.32948199997918,0.129,4.423,0.7774819999791802,0.0
S00005,IMS-CSCF,edge-A,158,DONE,5.50065,5.50313,2.475268000125652,2.475268000125652,0.09,1.813,0.5722680001256524,0.0
S00010,IoT-GW,edge-B,176,DONE,5.50436,5.50613,1.7691699999886623,1.7691699999886623,0.055,1.09,0.6241699999886623,0.0
S00003,UPF,edge-A,179,DONE,5.50569,5.50816,2.470585999844843,2.470585999844843,0.069,1.992,0.40958599984484323,0.0
S00009,IoT-GW,edge-A,198,DONE,5.50816,5.50971,1.5505419999044534,1.5505419999044534,0.097,1.069,0.3845419999044535,0.0
S00005,IMS-CSCF,edge-A,159,DONE,5.51291,5.51488,1.9694300001447118,1.9694300001447118,0.057,1.377,0.5354300001447119,0.0
S00005,IMS-CSCF,edge-A,160,DONE,5.51712,5.51918,2.058007999949041,2.058007999949041,0.106,1.448,0.5040079999490408,0.0
S00007,Transcoder,core-1,121,DONE,5.51723,5.52418,6.946951000145418,16.946951000145418,0.079,5.945,0.9229510001454182,5.0
S00009,IoT-GW,edge-A,199,DONE,5.51732,5.52226,4.937034000022322,4.937034000022322,0.101,4.332,0.5040340000223225,0.0
S00008,Transcoder,core-1,81,DONE,5.53849,5.54531,6.823551000024963,18.823551000024963,0.084,6.005,0.7345510000249638,6.0
S00009,IoT-GW,edge-A,200,DONE,5.55757,5.55978,2.202871999998024,2.202871999998024,0.088,1.456,0.6588719999980239,0.0
S00010,IoT-GW,edge-B,177,DONE,5.5578,5.55979,1.983950999829176,1.983950999829176,0.077,1.456,0.4509509998291761,0.0
S00009,IoT-GW,edge-A,201,DONE,5.55921,5.56125,2.036728999883053,2.036728999883053,0.053,1.094,0.8897289998830529,0.0
S00007,Transcoder,core-1,122,DONE,5.56136,5.56907,7.707163999839395,17.707163999839395,0.112,6.385,1.210163999839395,5.0
S00001,vRAN-DU,edge-A,182,DONE,5.56672,5.57226,5.539174999967145,5.539174999967145,0.089,4.725,0.7251749999671446,0.0
S00002,vRAN-DU,edge-B,182,DONE,5.56907,5.57371,4.641104000029372,4.641104000029372,0.086,4.015,0.5401040000293724,0.0
S00010,IoT-GW,edge-B,178,DONE,5.57032,5.57271,2.3895140000149695,2.3895140000149695,0.059,1.943,0.3875140000149693,0.0
S00010,IoT-GW,edge-B,179,DONE,5.57277,5.57436,1.5909600001577928,1.5909600001577928,0.049,1.168,0.37396000015779296,0.0
S00006,IMS-CSCF,edge-B,176,DONE,5.57553,5.57834,2.806122000038158,2.806122000038158,0.055,2.184,0.5671220000381578,0.0
S00009,IoT-GW,edge-A,202,DONE,5.58478,5.5873,2.5111299999025505,2.5111299999025505,0.13,1.417,0.9641299999025505,0.0
S00009,IoT-GW,edge-A,203,DONE,5.58496,5.58886,3.901904000031209,3.901904000031209,1.737,1.313,0.8519040000312088,0.0
S00003,UPF,edge-A,180,DONE,5.5911,5.59389,2.7888750000784057,2.7888750000784057,0.09,2.021,0.677875000078406,0.0
S00009,IoT-GW,edge-A,204,DONE,5.59357,5.59521,1.6407640000579704,1.6407640000579704,0.047,1.081,0.5127640000579705,0.0
S00008,Transcoder,core-1,82,DONE,5.59749,5.60814,10.649180999962482,22.649180999962482,0.083,9.735,0.8311809999624824,6.0
S00003,UPF,edge-A,181,DONE,5.59985,5.6036,3.7432920000810554,3.7432920000810554,0.064,3.28,0.3992920000810556,0.0
S00002,vRAN-DU,edge-B,183,DONE,5.6079,5.6116,3.7032169998383324,3.7032169998383324,0.148,2.947,0.6082169998383322,0.0
S00001,vRAN-DU,edge-A,183,DONE,5.61134,5.61547,4.128722999894308,4.128722999894308,0.077,3.407,0.6447229998943076,0.0
S00006,IMS-CSCF,edge-B,177,DONE,5.61773,5.62046,2.7289560000554047,2.7289560000554047,0.07,2.084,0.5749560000554048,0.0
S00003,UPF,edge-A,182,DONE,5.62047,5.62355,3.0766810000386613,3.0766810000386613,0.156,2.445,0.4756810000386613,0.0
S00005,IMS-CSCF,edge-A,161,DONE,5.62278,5.62441,1.6322440001204086,1.6322440001204086,0.057,1.251,0.32424400012040877,0.0
S00004,UPF,edge-B,186,DONE,5.62285,5.62622,3.3686350000152743,3.3686350000152743,0.054,2.73,0.5846350000152745,0.0
S00006,IMS-CSCF,edge-B,178,DONE,5.62738,5.62911,1.7283839999890915,1.7283839999890915,0.092,1.233,0.40338399998909136,0.0
S00004,UPF,edge-B,187,DONE,5.63028,5.63243,2.1451640000123007,2.1451640000123007,0.047,1.757,0.34116400001230063,0.0
S00008,Transcoder,core-1,83,DONE,5.63036,5.63898,8.613795999963259,20.61379599996326,1.55,6.466,0.5977959999632585,6.0
S00010,IoT-GW,edge-B,180,DONE,5.64323,5.64507,1.8372160000126314,1.8372160000126314,0.237,0.993,0.6072160000126313,0.0
S00002,vRAN-DU,edge-B,184,DONE,5.64336,5.64695,3.591954999819791,3.591954999819791,0.128,3.032,0.4319549998197907,0.0
S00003,UPF,edge-A,183,DONE,5.65925,5.66216,2.906963999976142,2.906963999976142,0.138,2.166,0.6029639999761423,0.0
S00007,Transcoder,core-1,123,DONE,5.66546,5.67335,7.886936999966565,17.886936999966565,0.086,6.79,1.0109369999665647,5.0
S00010,IoT-GW,edge-B,181,DONE,5.66788,5.66951,1.6324890000305459,1.6324890000305459,0.086,0.95,0.5964890000305458,0.0
S00009,IoT-GW,edge-A,205,DONE,5.67072,5.67336,2.6318410000385484,2.6318410000385484,0.079,2.01,0.5428410000385484,0.0
S00004,UPF,edge-B,188,DONE,5.67205,5.67475,2.701480000041556,2.701480000041556,0.059,2.098,0.5444800000415562,0.0
S00008,Transcoder,core-1,84,DONE,5.67213,5.68223,10.107265999977244,22.107265999977244,0.047,9.091,0.9692659999772442,6.0
S00010,IoT-GW,edge-B,182,DONE,5.67593,5.67718,1.249299999926734,1.249299999926734,0.051,0.818,0.38029999992673413,0.0
S00003,UPF,edge-A,184,DONE,5.67936,5.68317,3.811885999994047,3.811885999994047,0.07,3.311,0.4308859999940471,0.0
S00006,IMS-CSCF,edge-B,179,DONE,5.68188,5.68411,2.2235680000903812,2.2235680000903812,0.059,1.427,0.737568000090381,0.0
S00004,UPF,edge-B,189,DONE,5.68411,5.68638,2.273123999884774,2.273123999884774,0.047,1.924,0.302123999884774,0.0
S00005,IMS-CSCF,edge-A,162,DONE,5.68419,5.68672,2.5261700000100973,2.5261700000100973,0.062,2.034,0.43017000001009764,0.0
S00005,IMS-CSCF,edge-A,163,DONE,5.68423,5.6886,4.364131999864185,4.364131999864185,2.296,1.42,0.648131999864185,0.0
S00001,vRAN-DU,edge-A,184,DONE,5.6879,5.69148,3.583069999876898,3.583069999876898,0.046,2.838,0.6990699998768979,0.0
S00005,IMS-CSCF,edge-A,164,DONE,5.6886,5.69046,1.8543609999142063,1.8543609999142063,0.043,1.339,0.47236099991420644,0.0
S00001,vRAN-DU,edge-A,185,DONE,5.6927,5.69754,4.843627000127526,4.843627000127526,0.047,4.305,0.4916270001275267,0.0
S00009,IoT-GW,edge-A,206,DONE,5.694,5.69516,1.162252000085573,1.162252000085573,0.043,0.767,0.352252000085573,0.0
S00006,IMS-CSCF,edge-B,180,DONE,5.69406,5.69928,5.219318000172279,5.219318000172279,0.148,4.416,0.6553180001722794,0.0
S00001,vRAN-DU,edge-A,186,DONE,5.70964,5.71423,4.597082999907798,4.597082999907798,0.145,3.557,0.8950829999077983,0.0
S00005,IMS-CSCF,edge-A,165,DONE,5.70984,5.71315,3.3059200000025157,3.3059200000025157,0.231,1.494,1.5809200000025159,0.0
S00001,vRAN-DU,edge-A,187,DONE,5.70989,5.71586,5.977556000061668,5.977556000061668,1.766,3.548,0.6635560000616678,0.0
S00005,IMS-CSCF,edge-A,166,DONE,5.70996,5.71575,5.789976999949431,5.789976999949431,3.735,1.55,0.5049769999494311,0.0
S00003,UPF,edge-A,185,DONE,5.71315,5.7184,5.246096000064426,5.246096000064426,2.448,2.369,0.42909600006442616,0.0
S00009,IoT-GW,edge-A,207,DONE,5.71333,5.71845,5.124565999949482,5.124565999949482,3.531,0.993,0.6005659999494818,0.0
S00009,IoT-GW,edge-A,208,DONE,5.71424,5.71945,5.208593999896038,5.208593999896038,4.066,0.846,0.29659399989603863,0.0
S00006,IMS-CSCF,edge-B,181,DONE,5.72065,5.72286,2.210027999808517,2.210027999808517,0.084,1.6,0.5260279998085169,0.0
S00008,Transcoder,core-1,85,DONE,5.72676,5.73421,7.452451000062865,19.452451000062865,0.084,6.519,0.8494510000628654,6.0
S00003,UPF,edge-A,186,DONE,5.73236,5.73579,3.4281459998055652,3.4281459998055652,0.141,2.743,0.5441459998055653,0.0
S00007,Transcoder,core-1,124,DONE,5.73709,5.74943,12.34357899988936,22.34357899988936,0.076,11.398,0.8695789998893595,5.0
S00009,IoT-GW,edge-A,209,DONE,5.74045,5.74491,4.452348000086204,4.452348000086204,0.074,3.937,0.441348000086204,0.0
S00009,IoT-GW,edge-A,210,DONE,5.74184,5.74861,6.76675299996532,6.76675299996532,2.954,1.096,2.7167529999653195,0.0
S00002,vRAN-DU,edge-B,185,DONE,5.74191,5.74944,7.532622000098854,7.532622000098854,0.077,6.649,0.8066220000988542,0.0
S00001,vRAN-DU,edge-A,188,DONE,5.74861,5.75415,5.5407969998668705,5.5407969998668705,0.065,4.268,1.2077969998668703,0.0
S00010,IoT-GW,edge-B,183,DONE,5.74872,5.75098,2.2552329999143694,2.2552329999143694,0.049,1.362,0.8442329999143694,0.0
S00010,IoT-GW,edge-B,184,DONE,5.74876,5.75256,3.792886999917755,3.792886999917755,2.052,1.117,0.623886999917755,0.0
S00005,IMS-CSCF,edge-A,167,DONE,5.74879,5.75555,6.753050000043004,6.753050000043004,0.136,5.629,0.9880500000430041,0.0
S00001,vRAN-DU,edge-A,189,DONE,5.75381,5.75848,4.667530999995506,4.667530999995506,0.042,3.347,1.2785309999955063,0.0
S00004,UPF,edge-B,190,DONE,5.7542,5.75891,4.707533000100739,4.707533000100739,0.058,4.12,0.5295330001007388,0.0
S00005,IMS-CSCF,edge-A,168,DONE,5.75677,5.7589,2.132376999952612,2.132376999952612,0.046,1.568,0.5183769999526122,0.0
S00004,UPF,edge-B,191,DONE,5.75687,5.761,4.137037999953463,4.137037999953463,1.702,2.1,0.3350379999534634,0.0
S00005,IMS-CSCF,edge-A,169,DONE,5.76322,5.76621,2.992171999949278,2.992171999949278,0.084,2.343,0.5651719999492779,0.0
S00006,IMS-CSCF,edge-B,182,DONE,5.76489,5.77008,5.1979550000851305,5.1979550000851305,0.075,4.389,0.73395500008513,0.0
S00007,Transcoder,core-1,125,DONE,5.76497,5.77781,12.84648399996513,22.84648399996513,0.073,12.032,0.7414839999651299,5.0
S00002,vRAN-DU,edge-B,186,DONE,5.76622,5.77541,9.189062999894304,9.189062999894304,0.249,5.349,3.5910629998943033,0.0
S00009,IoT-GW,edge-A,211,DONE,5.76749,5.77093,3.4411090000503464,3.4411090000503464,0.073,2.986,0.3821090000503462,0.0
S00003,UPF,edge-A,187,DONE,5.77353,5.77615,2.6204900000266207,2.6204900000266207,0.086,1.999,0.5354900000266207,0.0
S00005,IMS-CSCF,edge-A,170,DONE,5.78516,5.7874,2.2397929999442567,2.2397929999442567,0.098,1.195,0.9467929999442568,0.0
S00003,UPF,edge-A,188,DONE,5.7874,5.79004,2.639098999907219,2.639098999907219,0.084,2.03,0.5250989999072191,0.0
S00010,IoT-GW,edge-B,185,DONE,5.79408,5.79769,3.612523999890982,3.612523999890982,0.139,2.186,1.2875239998909818,0.0
S00009,IoT-GW,edge-A,212,DONE,5.79494,5.79676,1.8126999998457904,1.8126999998457904,0.076,1.037,0.6996999998457905,0.0
S00004,UPF,edge-B,192,DONE,5.79505,5.79886,3.806663999966986,3.806663999966986,0.857,2.18,0.7696639999669856,0.0
S00006,IMS-CSCF,edge-B,183,DONE,5.79676,5.79994,3.1763699998919037,3.1763699998919037,0.075,1.749,1.3523699998919034,0.0
S00006,IMS-CSCF,edge-B,184,DONE,5.79994,5.8015,1.5534089998254785,1.5534089998254785,0.05,1.23,0.2734089998254785,0.0
S00003,UPF,edge-A,189,DONE,5.8027,5.80526,2.553725000097984,2.553725000097984,0.074,2.028,0.451725000097984,0.0
S00002,vRAN-DU,edge-B,187,DONE,5.80526,5.80898,3.720046999887927,3.720046999887927,0.13,3.022,0.5680469998879274,0.0
S00003,UPF,edge-A,190,DONE,5.80668,5.81018,3.499581999903967,3.499581999903967,0.083,2.846,0.5705819999039665,0.0
S00003,UPF,edge-A,191,DONE,5.80899,5.81235,3.365607999967324,3.365607999967324,0.879,2.024,0.4626079999673238,0.0
S00010,IoT-GW,edge-B,186,DONE,5.81137,5.81384,2.473608999935095,2.473608999935095,0.118,1.836,0.5196089999350952,0.0
S00008,Transcoder,core-1,86,DONE,5.81144,5.82117,9.733007000022553,21.733007000022553,0.079,8.82,0.8340070000225523,6.0
S00005,IMS-CSCF,edge-A,171,DONE,5.81511,5.81843,3.3147699998608005,3.3147699998608005,0.088,2.652,0.5747699998608002,0.0
S00010,IoT-GW,edge-B,187,DONE,5.8197,5.82146,1.7578209999555838,1.7578209999555838,0.08,1.158,0.5198209999555838,0.0
S00007,Transcoder,core-1,126,DONE,5.82106,5.828,6.93814300007034,16.93814300007034,0.056,5.932,0.9501430000703399,5.0
S00005,IMS-CSCF,edge-A,172,DONE,5.83242,5.83537,2.943686999969941,2.943686999969941,0.101,1.905,0.9376869999699411,0.0
S00008,Transcoder,core-1,87,DONE,5.83537,5.84518,9.8084569999628,21.8084569999628,0.089,8.972,0.7474569999628002,6.0
S00009,IoT-GW,edge-A,213,DONE,5.83788,5.84344,5.557369000143808,5.557369000143808,0.098,4.755,0.7043690001438083,0.0
S00010,IoT-GW,edge-B,188,DONE,5.84022,5.84249,2.271298999858118,2.271298999858118,0.082,1.311,0.8782989998581181,0.0
S00003,UPF,edge-A,192,DONE,5.84172,5.84477,3.0546079999567155,3.0546079999567155,0.087,2.248,0.7196079999567151,0.0
S00009,IoT-GW,edge-A,214,DONE,5.8425,5.84519,2.689851999775783,2.689851999775783,0.041,1.728,0.9208519997757831,0.0
S00001,vRAN-DU,edge-A,190,DONE,5.84344,5.8478,4.353779999973995,4.353779999973995,0.851,2.833,0.6697799999739944,0.0
S00002,vRAN-DU,edge-B,188,DONE,5.84524,5.84964,4.403820999868913,4.403820999868913,0.067,3.798,0.5388209998689124,0.0
S00004,UPF,edge-B,193,DONE,5.85092,5.85461,3.6978110001655295,3.6978110001655295,0.067,3.115,0.5158110001655292,0.0
S00003,UPF,edge-A,193,DONE,5.85431,5.85732,3.0173070001637825,3.0173070001637825,0.085,2.112,0.8203070001637824,0.0
S00004,UPF,edge-B,194,DONE,5.8627,5.86598,3.2853840000370838,3.2853840000370838,0.113,2.359,0.8133840000370838,0.0
S00002,vRAN-DU,edge-B,189,DONE,5.86285,5.86653,3.6839120000422554,3.6839120000422554,0.173,3.03,0.48091200004225554,0.0
S00008,Transcoder,core-1,88,DONE,5.86775,5.87803,10.277975000008155,22.277975000008155,0.084,9.66,0.5339750000081551,6.0
S00002,vRAN-DU,edge-B,190,DONE,5.8711,5.87758,6.48016600007395,6.48016600007395,0.069,5.957,0.45416600007395047,0.0
S00007,Transcoder,core-1,127,DONE,5.87236,5.88281,10.451697000007698,20.451697000007698,0.124,9.738,0.589697000007698,5.0
S00001,vRAN-DU,edge-A,191,DONE,5.87461,5.88062,6.012342999838438,6.012342999838438,0.087,5.439,0.4863429998384383,0.0
S00005,IMS-CSCF,edge-A,173,DONE,5.88282,5.88515,2.334522000182915,2.334522000182915,0.075,1.677,0.5825220001829146,0.0
S00006,IMS-CSCF,edge-B,185,DONE,5.89422,5.89762,3.3969940000133647,3.3969940000133647,0.101,1.651,1.6449940000133647,0.0
S00008,Transcoder,core-1,89,DONE,5.89456,5.90182,7.263661000024513,19.263661000024513,0.156,6.424,0.6836610000245127,6.0
S00003,UPF,edge-A,194,DONE,5.89762,5.90361,5.984631000046647,5.984631000046647,0.12,5.116,0.7486310000466476,0.0
S00006,IMS-CSCF,edge-B,186,DONE,5.90373,5.90673,2.9942419998860714,2.9942419998860714,0.094,2.402,0.49824199988607143,0.0
S00010,IoT-GW,edge-B,189,DONE,5.90502,5.90662,1.5994620000583382,1.5994620000583382,0.105,1.031,0.46346200005833826,0.0
S00004,UPF,edge-B,195,DONE,5.91301,5.91573,2.717417999974714,2.717417999974714,0.082,2.032,0.603417999974714,0.0
S00003,UPF,edge-A,195,DONE,5.91435,5.92013,5.7867769999120355,5.7867769999120355,2.612,2.43,0.7447769999120353,0.0
S00001,vRAN-DU,edge-A,192,DONE,5.91443,5.91821,3.7819879999005934,3.7819879999005934,0.083,2.957,0.7419879999005934,0.0
S00001,vRAN-DU,edge-A,193,DONE,5.91447,5.92308,8.611495999957697,8.611495999957697,3.314,4.846,0.4514959999576966,0.0
S00005,IMS-CSCF,edge-A,174,DONE,5.91942,5.92184,2.426067999977022,2.426067999977022,0.054,1.517,0.8550679999770221,0.0
S00010,IoT-GW,edge-B,190,DONE,5.91967,5.92292,3.25241499990625,3.25241499990625,0.065,2.327,0.8604149999062503,0.0
S00009,IoT-GW,edge-A,215,DONE,5.92185,5.92312,1.2778919999618665,1.2778919999618665,0.058,0.953,0.2668919999618665,0.0
S00003,UPF,edge-A,196,DONE,5.92298,5.92555,2.571547999878021,2.571547999878021,0.049,2.105,0.41754799987802116,0.0
S00006,IMS-CSCF,edge-B,187,DONE,5.92431,5.92654,2.2228889999951207,2.2228889999951207,0.058,1.708,0.4568889999951209,0.0
S00009,IoT-GW,edge-A,216,DONE,5.92555,5.92721,1.6516670000328304,1.6516670000328304,0.056,1.084,0.5116670000328303,0.0
S00001,vRAN-DU,edge-A,194,DONE,5.92654,5.92976,3.2184140000026673,3.2184140000026673,0.069,2.768,0.38141400000266756,0.0
S00009,IoT-GW,edge-A,217,DONE,5.93611,5.93845,2.346653999893533,2.346653999893533,0.083,1.733,0.5306539998935329,0.0
S00003,UPF,edge-A,197,DONE,5.93754,5.94017,2.6334049998695264,2.6334049998695264,0.099,2.025,0.5094049998695263,0.0
S00007,Transcoder,core-1,128,DONE,5.94647,5.9539,7.430665000129011,17.43066500012901,0.087,6.635,0.7086650001290113,5.0
S00004,UPF,edge-B,196,DONE,5.9466,5.94956,2.9546200000822864,2.9546200000822864,0.089,2.179,0.6866200000822866,0.0
S00006,IMS-CSCF,edge-B,188,DONE,5.96539,5.96783,2.4457779998101614,2.4457779998101614,0.094,1.617,0.7347779998101616,0.0
S00010,IoT-GW,edge-B,191,DONE,5.97209,5.97412,2.0374809998884302,2.0374809998884302,0.077,1.337,0.6234809998884303,0.0
S00007,Transcoder,core-1,129,DONE,5.97539,5.98908,13.687343000128749,23.68734300012875,0.088,12.56,1.0393430001287491,5.0
S00003,UPF,edge-A,198,DONE,5.97678,5.98509,8.31263999998555,8.31263999998555,0.118,7.251,0.9436399999855487,0.0
S00008,Transcoder,core-1,90,DONE,5.98115,5.99099,9.84099100014646,21.84099100014646,0.091,8.69,1.0599910001464607,6.0
S00009,IoT-GW,edge-A,218,DONE,5.9851,5.98839,3.2947129998319724,3.2947129998319724,0.09,2.645,0.5597129998319725,0.0
S00006,IMS-CSCF,edge-B,189,DONE,5.98788,5.99394,6.05858799985981,6.05858799985981,0.166,3.998,1.8945879998598096,0.0
S00009,IoT-GW,edge-A,219,DONE,5.99029,5.99253,2.245978000019022,2.245978000019022,0.092,1.536,0.617978000019022,0.0
S00009,IoT-GW,edge-A,220,DONE,5.99378,5.99602,2.242326999976285,2.242326999976285,0.069,1.531,0.6423269999762853,0.0
S00006,IMS-CSCF,edge-B,190,DONE,5.99603,5.99834,2.3149520000060875,2.3149520000060875,0.089,1.65,0.5759520000060876,0.0
S00002,vRAN-DU,edge-B,191,DONE,6.00376,6.00812,4.35969699992711,4.35969699992711,0.09,3.631,0.6386969999271099,0.0
S00005,IMS-CSCF,edge-A,175,DONE,6.00401,6.01253,8.516561000078582,8.516561000078582,0.395,7.549,0.5725610000785819,0.0
S00010,IoT-GW,edge-B,192,DONE,6.00537,6.00883,3.4535530000994186,3.4535530000994186,0.104,2.651,0.6985530000994187,0.0
S00008,Transcoder,core-1,91,DONE,6.00547,6.01535,9.88419299983434,21.88419299983434,0.08,7.734,2.0701929998343402,6.0
S00003,UPF,edge-A,199,DONE,6.0071,6.01286,5.7606440000199655,5.7606440000199655,0.113,4.69,0.9576440000199646,0.0
S00005,IMS-CSCF,edge-A,176,DONE,6.02081,6.02316,2.34757700013688,2.34757700013688,0.104,1.466,0.77757700013688,0.0
S00007,Transcoder,core-1,130,DONE,6.02101,6.03853,17.521328999919206,27.521328999919206,0.122,16.306,1.0933289999192048,5.0
S00006,IMS-CSCF,edge-B,191,DONE,6.0224,6.02756,5.165683000086574,5.165683000086574,0.118,4.216,0.8316830000865734,0.0
S00008,Transcoder,core-1,92,DONE,6.02757,6.0424,14.834013999916351,26.83401399991635,0.106,13.753,0.9750139999163512,6.0
S00003,UPF,edge-A,200,DONE,6.02771,6.03189,4.17852500004301,4.17852500004301,0.073,3.543,0.5625250000430091,0.0
S00001,vRAN-DU,edge-A,195,DONE,6.03131,6.03563,4.322718999901554,4.322718999901554,0.067,2.994,1.2617189999015532,0.0
S00010,IoT-GW,edge-B,193,DONE,6.0349,6.03713,2.230178999980126,2.230178999980126,0.082,0.938,1.210178999980126,0.0
S00010,IoT-GW,edge-B,194,DONE,6.03835,6.04261,4.265051999936986,4.265051999936986,0.433,3.278,0.5540519999369864,0.0
S00004,UPF,edge-B,197,DONE,6.03843,6.04349,5.059588999984044,5.059588999984044,0.105,4.292,0.6625889999840435,0.0
S00003,UPF,edge-A,201,DONE,6.04241,6.04577,3.3662390001154563,3.3662390001154563,0.096,2.255,1.0152390001154563,0.0
S00009,IoT-GW,edge-A,221,DONE,6.04248,6.04547,2.991077999922709,2.991077999922709,0.142,2.161,0.6880779999227089,0.0
S00008,Transcoder,core-1,93,DONE,6.04481,6.05578,10.97501000003831,22.97501000003831,0.089,10.188,0.6980100000383089,6.0
S00007,Transcoder,core-1,131,DONE,6.04548,6.06231,16.830472000037844,26.830472000037844,0.076,15.764,0.990472000037844,5.0
S00003,UPF,edge-A,202,DONE,6.04705,6.05897,11.92412599993986,11.92412599993986,0.084,10.585,1.2551259999398603,0.0
S00009,IoT-GW,edge-A,222,DONE,6.05579,6.05925,3.458291000015379,3.458291000015379,0.081,2.81,0.5672910000153788,0.0
S00002,vRAN-DU,edge-B,192,DONE,6.06232,6.06603,3.7075360000926594,3.7075360000926594,0.108,2.885,0.7145360000926595,0.0
S00010,IoT-GW,edge-B,195,DONE,6.06723,6.06869,1.4604809998672863,1.4604809998672863,0.063,0.9,0.49748099986728633,0.0
S00009,IoT-GW,edge-A,223,DONE,6.07,6.07172,1.7255800000839372,1.7255800000839372,0.085,1.086,0.5545800000839372,0.0
S00002,vRAN-DU,edge-B,193,DONE,6.0729,6.07686,3.959407000138526,3.959407000138526,0.076,3.237,0.646407000138526,0.0
S00007,Transcoder,core-1,132,DONE,6.07686,6.08513,8.26208599983147,18.26208599983147,0.082,7.721,0.45908599983146914,5.0
S00002,vRAN-DU,edge-B,194,DONE,6.08112,6.08737,6.243403000098624,6.243403000098624,0.073,5.676,0.4944030000986235,0.0
S00001,vRAN-DU,edge-A,196,DONE,6.08121,6.08474,3.53267299988147,3.53267299988147,0.081,2.617,0.8346729998814699,0.0
S00004,UPF,edge-B,198,DONE,6.08475,6.0877,2.9497860000446963,2.9497860000446963,0.115,2.106,0.7287860000446962,0.0
S00001,vRAN-DU,edge-A,197,DONE,6.08988,6.09322,3.3375619998423645,3.3375619998423645,0.077,2.804,0.4565619998423647,0.0
S00009,IoT-GW,edge-A,224,DONE,6.09217,6.09379,1.618526999891401,1.618526999891401,0.056,1.262,0.30052699989140086,0.0
S00010,IoT-GW,edge-B,196,DONE,6.09799,6.09978,1.7821090000325057,1.7821090000325057,0.083,1.154,0.5451090000325058,0.0
S00010,IoT-GW,edge-B,197,DONE,6.09809,6.10099,2.904821000129232,2.904821000129232,1.494,1.007,0.40382100012923194,0.0
S00005,IMS-CSCF,edge-A,177,DONE,6.10622,6.10843,2.2081909999087657,2.2081909999087657,0.086,1.565,0.5571909999087659,0.0
S00004,UPF,edge-B,199,DONE,6.1147,6.11787,3.170228000044517,3.170228000044517,0.095,2.36,0.715228000044517,0.0
S00004,UPF,edge-B,200,DONE,6.11601,6.11956,3.5523439998996764,3.5523439998996764,1.509,1.715,0.32834399989967644,0.0
S00010,IoT-GW,edge-B,198,DONE,6.11608,6.11774,1.663473000007798,1.663473000007798,0.047,0.962,0.6544730000077981,0.0
S00009,IoT-GW,edge-A,225,DONE,6.11775,6.11952,1.7732369999521325,1.7732369999521325,0.087,1.175,0.5112369999521325,0.0
S00001,vRAN-DU,edge-A,198,DONE,6.11915,6.12392,4.770166000071185,4.770166000071185,0.067,3.923,0.7801660000711852,0.0
S00009,IoT-GW,edge-A,226,DONE,6.1192,6.12134,2.1358300000429153,2.1358300000429153,0.117,1.19,0.8288300000429154,0.0
S00003,UPF,edge-A,203,DONE,6.12081,6.12444,3.6295009999776084,3.6295009999776084,0.047,2.505,1.0775009999776084,0.0
S00005,IMS-CSCF,edge-A,178,DONE,6.12089,6.12852,7.622766999929809,7.622766999929809,2.736,1.453,3.4337669999298077,0.0
S00003,UPF,edge-A,204,DONE,6.12258,6.12871,6.131696000011289,6.131696000011289,1.23,4.477,0.4246960000112878,0.0
S00002,vRAN-DU,edge-B,195,DONE,6.12392,6.12852,4.600401000061538,4.600401000061538,0.057,3.637,0.9064010000615377,0.0
S00005,IMS-CSCF,edge-A,179,DONE,6.12853,6.13025,1.721657999951276,1.721657999951276,0.046,1.377,0.29865799995127595,0.0
S00007,Transcoder,core-1,133,DONE,6.12858,6.13544,6.860915000061141,16.86091500006114,0.081,6.267,0.51291500006114,5.0
S00004,UPF,edge-B,201,DONE,6.13246,6.13501,2.5493050000022777,2.5493050000022777,0.069,1.979,0.5013050000022776,0.0
S00002,vRAN-DU,edge-B,196,DONE,6.13666,6.13987,3.2070219999695837,3.2070219999695837,0.061,2.657,0.48902199996958373,0.0
S00010,IoT-GW,edge-B,199,DONE,6.13988,6.14125,1.3745229998676223,1.3745229998676223,0.048,1.007,0.31952299986762234,0.0
S00003,UPF,edge-A,205,DONE,6.14113,6.14385,2.722559999938312,2.722559999938312,0.118,2.034,0.5705599999383124,0.0
S00004,UPF,edge-B,202,DONE,6.14716,6.1506,3.434512999774597,3.434512999774597,0.067,2.862,0.5055129997745968,0.0
S00003,UPF,edge-A,206,DONE,6.14941,6.15271,3.2981130000280245,3.2981130000280245,0.077,2.649,0.5721130000280246,0.0
S00004,UPF,edge-B,203,DONE,6.14949,6.15414,4.644473000098515,4.644473000098515,0.049,3.327,1.2684730000985143,0.0
S00002,vRAN-DU,edge-B,197,DONE,6.15177,6.15533,3.5534549999738374,3.5534549999738374,0.052,3.224,0.27745499997383716,0.0
S00007,Transcoder,core-1,134,DONE,6.15414,6.16354,9.402533999946172,19.402533999946172,0.082,5.965,3.3555339999461715,5.0
S00010,IoT-GW,edge-B,200,DONE,6.15955,6.16094,1.3891270000385703,1.3891270000385703,0.056,0.96,0.37312700003857024,0.0
S00002,vRAN-DU,edge-B,198,DONE,6.15994,6.16388,3.9401910000833595,3.9401910000833595,0.044,2.656,1.2401910000833594,0.0
S00004,UPF,edge-B,204,DONE,6.16719,6.16982,2.6275909999640135,2.6275909999640135,0.102,2.05,0.47559099996401377,0.0
S00010,IoT-GW,edge-B,201,DONE,6.16729,6.17127,3.9771069998550956,3.9771069998550956,2.245,1.35,0.38210699985509544,0.0
S00002,vRAN-DU,edge-B,199,DONE,6.16733,6.17086,3.5229510001499875,3.5229510001499875,0.16,2.944,0.41895100014998743,0.0
S00009,IoT-GW,edge-A,227,DONE,6.17252,6.17466,2.1434020000015153,2.1434020000015153,0.081,1.497,0.5654020000015152,0.0
S00009,IoT-GW,edge-A,228,DONE,6.17585,6.17854,2.683493999938946,2.683493999938946,0.123,0.897,1.663493999938946,0.0
S00010,IoT-GW,edge-B,202,DONE,6.17711,6.17854,1.4342350000333681,1.4342350000333681,0.062,0.934,0.438235000033368,0.0
S00010,IoT-GW,edge-B,203,DONE,6.17854,6.18018,1.6376569999465573,1.6376569999465573,0.047,0.951,0.6396569999465574,0.0
S00001,vRAN-DU,edge-A,199,DONE,6.18245,6.18629,3.837722999833204,3.837722999833204,0.062,3.017,0.7587229998332043,0.0
S00008,Transcoder,core-1,94,DONE,6.18479,6.19275,7.962448999933258,19.962448999933258,0.086,7.437,0.4394489999332576,6.0
S00009,IoT-GW,edge-A,229,DONE,6.18522,6.19002,4.793246999952316,4.793246999952316,0.135,3.545,1.1132469999523167,0.0
S00001,vRAN-DU,edge-A,200,DONE,6.18536,6.18986,4.500745000086681,4.500745000086681,0.048,3.594,0.8587450000866812,0.0
S00007,Transcoder,core-1,135,DONE,6.18845,6.19497,6.520559000136927,16.520559000136927,0.072,6.002,0.4465590001369275,5.0
S00001,vRAN-DU,edge-A,201,DONE,6.19717,6.20047,3.3038349999969796,3.3038349999969796,0.074,2.736,0.49383499999697955,0.0
S00009,IoT-GW,edge-A,230,DONE,6.21083,6.21294,2.105762999917715,2.105762999917715,0.082,1.071,0.9527629999177154,0.0
S00004,UPF,edge-B,205,DONE,6.21217,6.21715,4.974975999857634,4.974975999857634,0.109,4.088,0.7779759998576337,0.0
S00010,IoT-GW,edge-B,204,DONE,6.21228,6.21432,2.0378389999677893,2.0378389999677893,0.214,1.164,0.6598389999677894,0.0
S00002,vRAN-DU,edge-B,200,DONE,6.21295,6.21715,4.208579000078316,4.208579000078316,0.837,2.679,0.6925790000783167,0.0
S00008,Transcoder,core-1,95,DONE,6.21433,6.22392,9.593537999990076,21.593537999990076,0.084,8.388,1.1215379999900765,6.0
S00009,IoT-GW,edge-A,231,DONE,6.21716,6.21933,2.1747890000369807,2.1747890000369807,0.1,1.573,0.5017890000369807,0.0
S00002,vRAN-DU,edge-B,201,DONE,6.21837,6.22119,2.820659999997588,2.820659999997588,0.063,2.447,0.31065999999758764,0.0
S00010,IoT-GW,edge-B,205,DONE,6.22337,6.22474,1.3719380001475656,1.3719380001475656,0.062,0.962,0.3479380001475656,0.0
S00009,IoT-GW,edge-A,232,DONE,6.22824,6.23045,2.2147230001792195,2.2147230001792195,0.111,1.3,0.8037230001792193,0.0
S00001,vRAN-DU,edge-A,202,DONE,6.23046,6.23405,3.590390999988813,3.590390999988813,0.061,2.757,0.7723909999888128,0.0
S00008,Transcoder,core-1,96,DONE,6.23527,6.24272,7.448663000104716,19.448663000104716,0.135,6.601,0.7126630001047163,6.0
S00002,vRAN-DU,edge-B,202,DONE,6.23542,6.24002,4.59625500002403,4.59625500002403,0.094,3.949,0.5532550000240297,0.0
S00006,IMS-CSCF,edge-B,192,DONE,6.2384,6.24328,4.873428000109925,4.873428000109925,0.136,3.883,0.8544280001099249,0.0
S00005,IMS-CSCF,edge-A,180,DONE,6.2385,6.2425,4.000053000027037,4.000053000027037,0.093,2.272,1.6350530000270376,0.0
S00006,IMS-CSCF,edge-B,193,DONE,6.23856,6.24588,7.317652999972779,7.317652999972779,4.331,2.384,0.6026529999727788,0.0
S00010,IoT-GW,edge-B,206,DONE,6.24251,6.2447,2.194099999996979,2.194099999996979,0.133,1.08,0.9810999999969789,0.0
S00005,IMS-CSCF,edge-A,181,DONE,6.24471,6.24758,2.871764000019539,2.871764000019539,0.098,2.072,0.7017640000195389,0.0
S00003,UPF,edge-A,207,DONE,6.24588,6.25008,4.197384000008242,4.197384000008242,0.059,2.385,1.753384000008242,0.0
S00007,Transcoder,core-1,136,DONE,6.24882,6.26204,13.221937000025719,23.22193700002572,0.082,12.565,0.5749370000257183,5.0
S00008,Transcoder,core-1,97,DONE,6.25229,6.26391,11.614227999871218,23.61422799987122,0.109,10.711,0.7942279998712181,6.0
S00005,IMS-CSCF,edge-A,182,DONE,6.25237,6.25475,2.3735019999548967,2.3735019999548967,0.058,1.52,0.7955019999548969,0.0
S00002,vRAN-DU,edge-B,203,DONE,6.25595,6.25976,3.803570999934891,3.803570999934891,0.081,3.219,0.5035709999348912,0.0
S00002,vRAN-DU,edge-B,204,DONE,6.25822,6.26228,4.051854999943316,4.051854999943316,0.079,3.576,0.39685499994331597,0.0
S00003,UPF,edge-A,208,DONE,6.26359,6.26684,3.2456579999688984,3.2456579999688984,0.096,2.412,0.7376579999688984,0.0
S00005,IMS-CSCF,edge-A,183,DONE,6.26512,6.26733,2.203189999818278,2.203189999818278,0.085,1.595,0.5231899998182781,0.0
S00005,IMS-CSCF,edge-A,184,DONE,6.26733,6.27036,3.0235209999318613,3.0235209999318613,0.07,1.449,1.5045209999318614,0.0
S00002,vRAN-DU,edge-B,205,DONE,6.27011,6.27371,3.5978769999474025,3.5978769999474025,0.083,2.919,0.5958769999474023,0.0
S00009,IoT-GW,edge-A,233,DONE,6.27158,6.27721,5.626113999824156,5.626113999824156,0.267,3.903,1.4561139998241557,0.0
S00003,UPF,edge-A,209,DONE,6.27171,6.27557,3.865541999857669,3.865541999857669,0.092,3.263,0.510541999857669,0.0
S00003,UPF,edge-A,210,DONE,6.27292,6.27861,5.688187000032485,5.688187000032485,2.961,2.392,0.33518700003248547,0.0
S00006,IMS-CSCF,edge-B,194,DONE,6.27516,6.27827,3.115295000043261,3.115295000043261,0.079,2.263,0.773295000043261,0.0
S00004,UPF,edge-B,206,DONE,6.2799,6.28342,3.517108999858465,3.517108999858465,0.068,2.761,0.6881089998584646,0.0
S00009,IoT-GW,edge-A,234,DONE,6.28002,6.28343,3.4047290000671637,3.4047290000671637,0.064,2.773,0.5677290000671635,0.0
S00002,vRAN-DU,edge-B,206,DONE,6.28343,6.28739,3.9632199998322903,3.9632199998322903,0.086,3.357,0.5202199998322903,0.0
S00010,IoT-GW,edge-B,207,DONE,6.28393,6.28721,3.2754950000253302,3.2754950000253302,0.048,2.879,0.3484950000253302,0.0
S00010,IoT-GW,edge-B,208,DONE,6.29286,6.29554,2.676649000022735,2.676649000022735,0.193,1.626,0.857649000022735,0.0
S00010,IoT-GW,edge-B,209,DONE,6.29307,6.29704,3.9670210001077066,3.9670210001077066,1.897,1.36,0.7100210001077063,0.0
S00008,Transcoder,core-1,98,DONE,6.29833,6.31032,11.989374999984648,23.989374999984648,0.114,10.566,1.3093749999846462,6.0
S00006,IMS-CSCF,edge-B,195,DONE,6.30489,6.3081,3.211343999964811,3.211343999964811,0.114,2.211,0.8863439999648111,0.0
S00003,UPF,edge-A,211,DONE,6.30948,6.31336,3.887931999997818,3.887931999997818,0.103,3.027,0.7579319999978176,0.0
S00001,vRAN-DU,edge-A,203,DONE,6.31033,6.31685,6.5220409999255935,6.5220409999255935,0.072,5.868,0.5820409999255931,0.0
S00005,IMS-CSCF,edge-A,185,DONE,6.31471,6.32195,7.232060999967871,7.232060999967871,0.129,5.915,1.1880609999678713,0.0
S00003,UPF,edge-A,212,DONE,6.31487,6.32193,7.064424999953189,7.064424999953189,1.897,4.082,1.0854249999531893,0.0
S00009,IoT-GW,edge-A,235,DONE,6.31686,6.32352,6.6648000001805485,6.6648000001805485,4.316,1.73,0.6188000001805487,0.0
S00002,vRAN-DU,edge-B,207,DONE,6.3182,6.33028,12.078712999937125,12.078712999937125,0.102,11.308,0.6687129999371244,0.0
S00006,IMS-CSCF,edge-B,196,DONE,6.32006,6.32432,4.264861999899949,4.264861999899949,0.112,3.131,1.0218619998999494,0.0
S00010,IoT-GW,edge-B,210,DONE,6.32433,6.32632,1.9945030001053965,1.9945030001053965,0.084,1.242,0.6685030001053964,0.0
S00002,vRAN-DU,edge-B,208,DONE,6.32585,6.33273,6.87671900004716,6.87671900004716,0.065,5.943,0.8687190000471601,0.0
S00005,IMS-CSCF,edge-A,186,DONE,6.32858,6.33181,3.2296770000357355,3.2296770000357355,0.109,2.287,0.8336770000357356,0.0
S00005,IMS-CSCF,edge-A,187,DONE,6.34723,6.35753,10.303974999942511,10.303974999942511,0.141,9.037,1.1259749999425104,0.0
S00009,IoT-GW,edge-A,236,DONE,6.34741,6.3524,4.988766999986183,4.988766999986183,0.391,3.527,1.0707669999861826,0.0
S00002,vRAN-DU,edge-B,209,DONE,6.34886,6.35792,9.056263000047693,9.056263000047693,0.107,8.236,0.7132630000476929,0.0
S00004,UPF,edge-B,207,DONE,6.35075,6.35787,7.111691000091014,7.111691000091014,0.092,6.045,0.9746910000910143,0.0
S00003,UPF,edge-A,213,DONE,6.35087,6.35885,7.978937000189035,7.978937000189035,0.957,6.349,0.6729370001890347,0.0
S00006,IMS-CSCF,edge-B,197,DONE,6.35618,6.36157,5.395265000061045,5.395265000061045,0.061,1.747,3.587265000061045,0.0
S00006,IMS-CSCF,edge-B,198,DONE,6.35629,6.36182,5.522666000160825,5.522666000160825,2.036,1.361,2.125666000160825,0.0
S00003,UPF,edge-A,214,DONE,6.35636,6.36376,7.4081269999624055,7.4081269999624055,1.333,4.508,1.5671269999624053,0.0
S00009,IoT-GW,edge-A,237,DONE,6.36158,6.36432,2.7429530000517843,2.7429530000517843,0.077,2.126,0.5399530000517845,0.0
S00005,IMS-CSCF,edge-A,188,DONE,6.36188,6.36496,3.0806849999862607,3.0806849999862607,1.062,1.49,0.5286849999862604,0.0
S00005,IMS-CSCF,edge-A,189,DONE,6.36385,6.36645,2.6011259999449976,2.6011259999449976,0.503,1.344,0.7541259999449974,0.0
S00007,Transcoder,core-1,137,DONE,6.36773,6.38649,18.760804000066855,28.760804000066855,0.103,17.709,0.9488040000668541,5.0
S00002,vRAN-DU,edge-B,210,DONE,6.37359,6.38116,7.570716000145694,7.570716000145694,0.09,6.708,0.7727160001456941,0.0
S00005,IMS-CSCF,edge-A,190,DONE,6.37804,6.3865,8.459983999955512,8.459983999955512,0.085,7.38,0.9949839999555108,0.0
S00002,vRAN-DU,edge-B,211,DONE,6.37936,6.38742,8.055839000007836,8.055839000007836,0.087,7.429,0.5398390000078361,0.0
S00001,vRAN-DU,edge-A,204,DONE,6.38116,6.39056,9.395969000024706,9.395969000024706,0.086,8.31,0.9999690000247057,0.0
S00001,vRAN-DU,edge-A,205,DONE,6.38196,6.3956,13.642748000165739,13.642748000165739,3.92,9.326,0.3967480001657382,0.0
S00005,IMS-CSCF,edge-A,191,DONE,6.3865,6.39434,7.837146999918332,7.837146999918332,3.497,3.538,0.8021469999183322,0.0
S00007,Transcoder,core-1,138,DONE,6.38659,6.39602,9.432161999939126,19.432161999939126,0.125,7.892,1.4151619999391256,5.0
S00009,IoT-GW,edge-A,238,DONE,6.38977,6.39603,6.255893000115975,6.255893000115975,3.774,1.75,0.7318930001159751,0.0
S00006,IMS-CSCF,edge-B,199,DONE,6.41748,6.42004,2.5654759999724774,2.5654759999724774,0.088,1.564,0.9134759999724773,0.0
S00006,IMS-CSCF,edge-B,200,DONE,6.42127,6.42428,3.0178179999893473,3.0178179999893473,0.107,1.679,1.231817999989347,0.0
S00008,Transcoder,core-1,99,DONE,6.42658,6.4418,15.22466300002634,27.22466300002634,0.082,14.401,0.7416630000263389,6.0
S00010,IoT-GW,edge-B,211,DONE,6.43177,6.43549,3.7196749999566237,3.7196749999566237,0.089,2.405,1.2256749999566239,0.0
S00008,Transcoder,core-1,100,DONE,6.43429,6.44811,13.819188000070426,25.819188000070426,0.077,12.391,1.351188000070426,6.0
S00010,IoT-GW,edge-B,212,DONE,6.4344,6.44038,5.977987000051144,5.977987000051144,0.05,4.843,1.084987000051144,0.0
S00001,vRAN-DU,edge-A,206,DONE,6.43549,6.45171,16.218883999954414,16.218883999954414,0.108,13.778,2.3328839999544133,0.0
S00001,vRAN-DU,edge-A,207,DONE,6.43929,6.45257,13.2863339999858,13.2863339999858,0.098,10.175,3.0133339999857984,0.0
S00006,IMS-CSCF,edge-B,201,DONE,6.43941,6.44231,2.898191999975097,2.898191999975097,0.049,2.08,0.7691919999750971,0.0
S00008,Transcoder,core-1,101,DONE,6.44455,6.46167,17.124978999845553,29.124978999845553,0.097,16.152,0.8759789998455503,6.0
S00006,IMS-CSCF,edge-B,202,DONE,6.44811,6.45174,3.623239000035028,3.623239000035028,0.081,1.852,1.6902390000350278,0.0
S00002,vRAN-DU,edge-B,212,DONE,6.45174,6.45508,3.3320270001695462,3.3320270001695462,0.071,2.633,0.628027000169546,0.0
S00005,IMS-CSCF,edge-A,192,DONE,6.45484,6.46553,10.688759999993636,10.688759999993636,5.748,2.112,2.8287599999936353,0.0
S00006,IMS-CSCF,edge-B,203,DONE,6.45513,6.46166,6.532836999895153,6.532836999895153,3.386,2.143,1.003836999895153,0.0
S00004,UPF,edge-B,208,DONE,6.46294,6.46618,3.245714000058797,3.245714000058797,0.074,2.544,0.6277140000587971,0.0
S00005,IMS-CSCF,edge-A,193,DONE,6.46954,6.47786,8.319499999970503,8.319499999970503,0.127,4.309,3.8834999999705024,0.0
S00003,UPF,edge-A,215,DONE,6.46975,6.47788,8.127155000011044,8.127155000011044,0.797,4.665,2.665155000011044,0.0
S00008,Transcoder,core-1,102,DONE,6.47214,6.48006,7.912377000138804,19.912377000138804,0.118,7.155,0.6393770001388033,6.0
S00007,Transcoder,core-1,139,DONE,6.47746,6.48926,11.793127999908393,21.793127999908393,0.061,7.29,4.442127999908393,5.0
S00001,vRAN-DU,edge-A,208,DONE,6.47788,6.48924,11.354020999988279,11.354020999988279,0.078,9.969,1.3070209999882803,0.0
S00002,vRAN-DU,edge-B,213,DONE,6.47795,6.48925,11.296313000002556,11.296313000002556,0.092,10.056,1.148313000002556,0.0
S00004,UPF,edge-B,209,DONE,6.48184,6.49182,9.985812999957489,9.985812999957489,0.124,5.118,4.743812999957488,0.0
S00003,UPF,edge-A,216,DONE,6.48194,6.48797,6.0332309999466815,6.0332309999466815,0.085,5.027,0.9212309999466815,0.0
S00001,vRAN-DU,edge-A,209,DONE,6.48798,6.4981,10.114278999935777,10.114278999935777,0.084,9.218,0.8122789999357778,0.0
S00009,IoT-GW,edge-A,239,DONE,6.48807,6.49235,4.278928000076121,4.278928000076121,0.168,3.417,0.693928000076121,0.0
S00001,vRAN-DU,edge-A,210,DONE,6.49358,6.50025,6.673837999869647,6.673837999869647,0.077,6.113,0.48383799986964693,0.0
S00006,IMS-CSCF,edge-B,204,DONE,6.50464,6.50699,2.35277000001588,2.35277000001588,0.087,1.499,0.7667700000158799,0.0
S00001,vRAN-DU,edge-A,211,DONE,6.50826,6.51208,3.819610999926226,3.819610999926226,0.173,3.016,0.6306109999262262,0.0
S00003,UPF,edge-A,217,DONE,6.52249,6.52885,6.3596920001600665,6.3596920001600665,0.115,5.405,0.8396920001600661,0.0
S00005,IMS-CSCF,edge-A,194,DONE,6.52547,6.52891,3.4380660001716024,3.4380660001716024,0.119,2.529,0.7900660001716027,0.0
S00010,IoT-GW,edge-B,213,DONE,6.54324,6.54566,2.420254000071509,2.420254000071509,0.124,1.384,0.9122540000715089,0.0
S00005,IMS-CSCF,edge-A,195,DONE,6.54577,6.54899,3.2265840000036405,3.2265840000036405,0.082,2.567,0.5775840000036405,0.0
S00006,IMS-CSCF,edge-B,205,DONE,6.54815,6.55027,2.1172929998556356,2.1172929998556356,0.066,1.494,0.5572929998556357,0.0
S00002,vRAN-DU,edge-B,214,DONE,6.55029,6.55562,5.330474999936996,5.330474999936996,0.051,4.87,0.40947499993699576,0.0
S00005,IMS-CSCF,edge-A,196,DONE,6.55265,6.55437,1.7177459999402345,1.7177459999402345,0.072,1.221,0.4247459999402343,0.0
S00003,UPF,edge-A,218,DONE,6.55982,6.56226,2.4399010001161514,2.4399010001161514,0.073,1.986,0.38090100011615147,0.0
S00010,IoT-GW,edge-B,214,DONE,6.56109,6.56286,1.7767749998256477,1.7767749998256477,0.114,1.303,0.35977499982564765,0.0
S00010,IoT-GW,edge-B,215,DONE,6.56711,6.56887,1.7649679998612555,1.7649679998612555,0.06,1.254,0.45096799986125546,0.0
S00009,IoT-GW,edge-A,240,DONE,6.56892,6.57068,1.757729000019026,1.757729000019026,0.072,1.143,0.5427290000190259,0.0
S00009,IoT-GW,edge-A,241,DONE,6.5729,6.57499,2.084308999883433,2.084308999883433,0.08,1.163,0.8413089998834329,0.0
S00010,IoT-GW,edge-B,216,DONE,6.573,6.57514,2.1405809998213954,2.1405809998213954,0.066,1.133,0.9415809998213955,0.0
S00010,IoT-GW,edge-B,217,DONE,6.57426,6.58332,9.061487999815654,9.061487999815654,0.427,7.68,0.9544879998156546,0.0
S00007,Transcoder,core-1,140,DONE,6.57499,6.58633,11.341110000103072,21.341110000103072,0.076,10.623,0.642110000103072,5.0
S00005,IMS-CSCF,edge-A,197,DONE,6.57505,6.57769,2.6401159998385992,2.6401159998385992,0.095,1.724,0.8211159998385991,0.0
S00006,IMS-CSCF,edge-B,206,DONE,6.5777,6.58399,6.291178000083164,6.291178000083164,0.047,5.956,0.28817800008316397,0.0
S00005,IMS-CSCF,edge-A,198,DONE,6.57794,6.57984,1.9012860000202636,1.9012860000202636,0.046,1.284,0.5712860000202635,0.0
S00010,IoT-GW,edge-B,218,DONE,6.57802,6.58593,7.901991999915481,7.901991999915481,4.568,2.717,0.6169919999154811,0.0
S00003,UPF,edge-A,219,DONE,6.57985,6.58259,2.7436430000307155,2.7436430000307155,0.053,2.283,0.40764300003071563,0.0
S00004,UPF,edge-B,210,DONE,6.58259,6.58855,5.955655999969167,5.955655999969167,2.533,2.816,0.6066559999691674,0.0
S00003,UPF,edge-A,220,DONE,6.58333,6.5887,5.379286999868782,5.379286999868782,0.095,4.821,0.4632869998687825,0.0
S00003,UPF,edge-A,221,DONE,6.58855,6.59102,2.4641219999921304,2.4641219999921304,0.066,1.99,0.4081219999921306,0.0
S00010,IoT-GW,edge-B,219,DONE,6.59528,6.59791,2.6243219999741996,2.6243219999741996,0.083,1.13,1.4113219999741995,0.0
S00006,IMS-CSCF,edge-B,207,DONE,6.598,6.60175,3.7441750000652974,3.7441750000652974,0.065,3.134,0.5451750000652975,0.0
S00001,vRAN-DU,edge-A,212,DONE,6.59813,6.60486,6.730819000040356,6.730819000040356,0.076,6.096,0.5588190000403559,0.0
S00009,IoT-GW,edge-A,242,DONE,6.59936,6.60289,3.534637000029761,3.534637000029761,0.062,2.636,0.8366370000297612,0.0
S00002,vRAN-DU,edge-B,215,DONE,6.60175,6.60533,3.5750219999499677,3.5750219999499677,0.05,2.957,0.568021999949968,0.0
S00003,UPF,edge-A,222,DONE,6.60201,6.60534,3.3270389999415784,3.3270389999415784,0.046,2.555,0.7260389999415784,0.0
S00004,UPF,edge-B,211,DONE,6.60487,6.6075,2.6300170000013168,2.6300170000013168,0.047,2.073,0.5100170000013167,0.0
S00004,UPF,edge-B,212,DONE,6.60492,6.60995,5.030626000007032,5.030626000007032,2.407,2.267,0.3566260000070325,0.0
S00010,IoT-GW,edge-B,220,DONE,6.60975,6.61159,1.8438440001773415,1.8438440001773415,0.077,1.112,0.6548440001773415,0.0
S00006,IMS-CSCF,edge-B,208,DONE,6.61165,6.61458,2.9239550001420866,2.9239550001420866,0.048,2.388,0.4879550001420867,0.0
S00009,IoT-GW,edge-A,243,DONE,6.61404,6.61628,2.249586000061754,2.249586000061754,0.086,1.662,0.5015860000617542,0.0
S00007,Transcoder,core-1,141,DONE,6.62921,6.65053,21.322586999986015,31.322586999986015,0.147,19.087,2.088586999986017,5.0
S00007,Transcoder,core-1,142,DONE,6.6294,6.6528,23.40135500003271,33.40135500003271,0.229,19.747,3.4253550000327095,5.0
S00001,vRAN-DU,edge-A,213,DONE,6.62946,6.63724,7.785693999949217,7.785693999949217,0.114,6.616,1.0556939999492174,0.0
S00004,UPF,edge-B,213,DONE,6.62953,6.6384,8.870450000131314,8.870450000131314,0.237,7.732,0.9014500001313133,0.0
S00010,IoT-GW,edge-B,221,DONE,6.62968,6.63823,8.555965999903492,8.555965999903492,0.235,7.489,0.8319659999034927,0.0
S00004,UPF,edge-B,214,DONE,6.62973,6.65281,23.084383999957936,23.084383999957936,8.258,13.519,1.3073839999579366,0.0
S00006,IMS-CSCF,edge-B,209,DONE,6.63725,6.65054,13.285883999969883,13.285883999969883,3.2,8.507,1.578883999969884,0.0
S00002,vRAN-DU,edge-B,216,DONE,6.63739,6.6545,17.115203999992445,17.115203999992445,11.871,4.065,1.1792039999924446,0.0
S00003,UPF,edge-A,223,DONE,6.64367,6.65052,6.847500000048967,6.847500000048967,0.079,5.505,1.2635000000489676,0.0
S00002,vRAN-DU,edge-B,217,DONE,6.64644,6.65797,11.526610999908371,11.526610999908371,5.446,5.436,0.6446109999083713,0.0
S00005,IMS-CSCF,edge-A,199,DONE,6.65281,6.65796,5.14465699984612,5.14465699984612,0.1,4.074,0.9706569998461205,0.0
S00006,IMS-CSCF,edge-B,210,DONE,6.65572,6.6617,5.97930499998256,5.97930499998256,0.068,5.513,0.3983049999825603,0.0
S00006,IMS-CSCF,edge-B,211,DONE,6.65699,6.66447,7.482310999876063,7.482310999876063,4.025,2.438,1.0193109998760623,0.0
S00003,UPF,edge-A,224,DONE,6.65801,6.6698,11.786496000013358,11.786496000013358,0.055,6.756,4.975496000013358,0.0
S00003,UPF,edge-A,225,DONE,6.66024,6.67348,13.240257999996174,13.240257999996174,9.361,3.197,0.6822579999961738,0.0
S00008,Transcoder,core-1,103,DONE,6.66407,6.67902,14.95186800002557,26.95186800002557,0.127,14.163,0.661868000025569,6.0
S00007,Transcoder,core-1,143,DONE,6.67581,6.69768,21.874238999998852,31.874238999998852,0.139,18.866,2.869238999998853,5.0
S00005,IMS-CSCF,edge-A,200,DONE,6.67849,6.68182,3.3310530000107974,3.3310530000107974,0.307,2.382,0.6420530000107973,0.0
S00002,vRAN-DU,edge-B,218,DONE,6.68408,6.68994,5.852780999930474,5.852780999930474,0.114,4.438,1.300780999930474,0.0
S00004,UPF,edge-B,215,DONE,6.68868,6.69355,4.87723600008394,4.87723600008394,0.136,3.894,0.8472360000839396,0.0
S00003,UPF,edge-A,226,DONE,6.68995,6.69777,7.826743999885366,7.826743999885366,0.132,6.832,0.8627439998853665,0.0
S00004,UPF,edge-B,216,DONE,6.69228,6.69878,6.494020999980421,6.494020999980421,1.998,3.847,0.6490209999804208,0.0
S00009,IoT-GW,edge-A,244,DONE,6.70423,6.71082,6.5903970000817935,6.5903970000817935,0.162,4.619,1.8093970000817938,0.0
S00010,IoT-GW,edge-B,222,DONE,6.70446,6.71083,6.372234999844295,6.372234999844295,0.123,4.775,1.4742349998442945,0.0
S00005,IMS-CSCF,edge-A,201,DONE,6.70469,6.71461,9.921648000045025,9.921648000045025,0.149,6.55,3.2226480000450257,0.0
S00004,UPF,edge-B,217,DONE,6.70608,6.71229,6.209582999872509,6.209582999872509,1.074,4.155,0.9805829998725093,0.0
S00008,Transcoder,core-1,104,DONE,6.70667,6.72083,14.160073000084594,26.160073000084594,0.112,13.568,0.4800730000845945,6.0
S00001,vRAN-DU,edge-A,214,DONE,6.71084,6.7197,8.859072999939599,8.859072999939599,0.095,8.069,0.6950729999395975,0.0
S00010,IoT-GW,edge-B,223,DONE,6.711,6.71509,4.087321000042721,4.087321000042721,0.074,2.982,1.0313210000427206,0.0
S00005,IMS-CSCF,edge-A,202,DONE,6.71509,6.718,2.903147999859357,2.903147999859357,0.052,2.438,0.4131479998593566,0.0
S00004,UPF,edge-B,218,DONE,6.72814,6.73222,4.08079900012126,4.08079900012126,0.095,2.726,1.25979900012126,0.0
S00005,IMS-CSCF,edge-A,203,DONE,6.73223,6.7345,2.2712679999585816,2.2712679999585816,0.105,1.745,0.42126799995858155,0.0
S00003,UPF,edge-A,227,DONE,6.74084,6.74441,3.563711999959196,3.563711999959196,0.127,2.447,0.9897119999591961,0.0
S00004,UPF,edge-B,219,DONE,6.74442,6.74833,3.9134479998210736,3.9134479998210736,0.121,3.246,0.5464479998210736,0.0
S00001,vRAN-DU,edge-A,215,DONE,6.7469,6.75188,4.986239999880127,4.986239999880127,0.075,4.28,0.6312399998801261,0.0
S00004,UPF,edge-B,220,DONE,6.75311,6.75675,3.642957000010938,3.642957000010938,0.172,2.181,1.2899570000109377,0.0
S00004,UPF,edge-B,221,DONE,6.75445,6.76843,13.980019999962678,13.980019999962678,1.724,11.584,0.6720199999626786,0.0
S00010,IoT-GW,edge-B,224,DONE,6.75579,6.76255,6.761120000192022,6.761120000192022,0.071,5.757,0.933120000192023,0.0
S00007,Transcoder,core-1,144,DONE,6.75588,6.76968,13.802416000089579,23.80241600008958,0.081,13.189,0.5324160000895795,5.0
S00003,UPF,edge-A,228,DONE,6.75899,6.76165,2.6652419999209087,2.6652419999209087,0.079,1.908,0.6782419999209086,0.0
S00006,IMS-CSCF,edge-B,212,DONE,6.76999,6.77515,5.162272999996276,5.162272999996276,0.452,3.905,0.805272999996276,0.0
S00004,UPF,edge-B,222,DONE,6.7805,6.78429,3.7849889999961306,3.7849889999961306,0.121,2.759,0.9049889999961307,0.0
S00001,vRAN-DU,edge-A,216,DONE,6.78875,6.7923,3.55449999983648,3.55449999983648,0.086,2.833,0.6354999998364801,0.0
S00004,UPF,edge-B,223,DONE,6.79123,6.79506,3.8253949999216275,3.8253949999216275,0.131,2.999,0.6953949999216271,0.0
S00005,IMS-CSCF,edge-A,204,DONE,6.79231,6.79402,1.711137000029339,1.711137000029339,0.041,1.273,0.39713700002933927,0.0
S00003,UPF,edge-A,229,DONE,6.79629,6.80064,4.352288000063709,4.352288000063709,0.228,3.457,0.6672880000637091,0.0
S00001,vRAN-DU,edge-A,217,DONE,6.79639,6.80008,3.698216999964643,3.698216999964643,0.102,2.888,0.7082169999646433,0.0
S00002,vRAN-DU,edge-B,219,DONE,6.80602,6.81086,4.835107999952015,4.835107999952015,0.171,3.691,0.9731079999520151,0.0
S00004,UPF,edge-B,224,DONE,6.81056,6.81499,4.429774000072939,4.429774000072939,0.049,3.458,0.9227740000729385,0.0
S00007,Transcoder,core-1,145,DONE,6.81314,6.82194,8.799085000191553,18.799085000191553,0.128,8.015,0.6560850001915526,5.0
S00004,UPF,edge-B,225,DONE,6.815,6.82094,5.9371270001520315,5.9371270001520315,0.079,5.072,0.7861270001520317,0.0
S00005,IMS-CSCF,edge-A,205,DONE,6.82095,6.82364,2.697714000078122,2.697714000078122,0.113,1.821,0.763714000078122,0.0
S00006,IMS-CSCF,edge-B,213,DONE,6.82805,6.83124,3.185368999993443,3.185368999993443,0.151,2.261,0.7733689999934432,0.0
S00001,vRAN-DU,edge-A,218,DONE,6.8366,6.84071,4.103012999848943,4.103012999848943,0.136,3.048,0.9190129998489427,0.0
S00005,IMS-CSCF,edge-A,206,DONE,6.85517,6.8589,3.7358160000167118,3.7358160000167118,0.099,2.635,1.0018160000167118,0.0
S00004,UPF,edge-B,226,DONE,6.85539,6.86098,5.586806999872351,5.586806999872351,0.118,4.819,0.649806999872351,0.0
S00010,IoT-GW,edge-B,225,DONE,6.85782,6.85982,2.002593000042907,2.002593000042907,0.099,1.28,0.6235930000429071,0.0
S00007,Transcoder,core-1,146,DONE,6.85891,6.8713,12.386619999915638,22.386619999915638,0.077,11.325,0.9846199999156386,5.0
S00006,IMS-CSCF,edge-B,214,DONE,6.85983,6.86621,6.3802479999139905,6.3802479999139905,0.055,5.708,0.6172479999139906,0.0
S00010,IoT-GW,edge-B,226,DONE,6.87363,6.87635,2.723794000075941,2.723794000075941,0.113,1.811,0.7997940000759409,0.0
S00001,vRAN-DU,edge-A,219,DONE,6.87974,6.88543,5.688829999826339,5.688829999826339,0.092,4.874,0.7228299998263399,0.0
S00008,Transcoder,core-1,105,DONE,6.88325,6.89743,14.180148000150439,26.18014800015044,0.118,13.287,0.7751480001504376,6.0
S00004,UPF,edge-B,227,DONE,6.8834,6.89139,7.990884000037113,7.990884000037113,0.092,7.342,0.5568840000371136,0.0
S00001,vRAN-DU,edge-A,220,DONE,6.88544,6.88854,3.1037950000154524,3.1037950000154524,0.051,2.502,0.5507950000154525,0.0
S00010,IoT-GW,edge-B,227,DONE,6.89269,6.89483,2.1416120000594674,2.1416120000594674,0.068,1.68,0.3936120000594674,0.0
S00001,vRAN-DU,edge-A,221,DONE,6.89404,6.89775,3.708461000087482,3.708461000087482,0.077,3.126,0.505461000087482,0.0
S00001,vRAN-DU,edge-A,222,DONE,6.90106,6.90633,5.2669730000616255,5.2669730000616255,0.125,4.07,1.0719730000616252,0.0
S00004,UPF,edge-B,228,DONE,6.90142,6.90423,2.8170790001240675,2.8170790001240675,0.095,2.107,0.6150790001240671,0.0
S00001,vRAN-DU,edge-A,223,DONE,6.90148,6.9115,10.016228000040428,10.016228000040428,3.625,5.645,0.7462280000404284,0.0
S00003,UPF,edge-A,230,DONE,6.90634,6.91151,5.168608000076347,5.168608000076347,0.064,4.536,0.5686080000763472,0.0
S00002,vRAN-DU,edge-B,220,DONE,6.90791,6.91151,3.60098500004824,3.60098500004824,0.07,2.917,0.6139850000482405,0.0
S00010,IoT-GW,edge-B,228,DONE,6.91152,6.91324,1.7212389998348954,1.7212389998348954,0.059,1.05,0.6122389998348954,0.0
S00009,IoT-GW,edge-A,245,DONE,6.91652,6.91899,2.471493000030023,2.471493000030023,0.176,1.508,0.7874930000300226,0.0
S00009,IoT-GW,edge-A,246,DONE,6.91684,6.92016,3.3209600001100625,3.3209600001100625,1.527,1.025,0.7689600001100627,0.0
S00002,vRAN-DU,edge-B,221,DONE,6.92452,6.92996,5.447616000083144,5.447616000083144,0.089,4.51,0.848616000083144,0.0
S00005,IMS-CSCF,edge-A,207,DONE,6.92592,6.93129,5.371719999857305,5.371719999857305,0.083,4.767,0.5217199998573046,0.0
S00005,IMS-CSCF,edge-A,208,DONE,6.92998,6.93754,7.561936999991303,7.561936999991303,0.795,3.256,3.5109369999913036,0.0
S00007,Transcoder,core-1,147,DONE,6.93012,6.93907,8.950743000013972,18.950743000013972,0.084,8.008,0.8587430000139733,5.0
S00007,Transcoder,core-1,148,DONE,6.94137,6.94999,8.629456000107893,18.629456000107893,0.068,7.6,0.9614560001078942,5.0
S00007,Transcoder,core-1,149,DONE,6.94687,6.95527,8.399212000085754,18.399212000085754,0.079,7.764,0.5562120000857531,5.0
S00006,IMS-CSCF,edge-B,215,DONE,6.94824,6.95042,2.1835810000538913,2.1835810000538913,0.084,1.661,0.4385810000538912,0.0
S00004,UPF,edge-B,229,DONE,6.95168,6.95396,2.2790879997955926,2.2790879997955926,0.059,1.857,0.3630879997955925,0.0
S00009,IoT-GW,edge-A,247,DONE,6.95648,6.96086,4.377796999960992,4.377796999960992,0.082,3.592,0.7037969999609923,0.0
S00006,IMS-CSCF,edge-B,216,DONE,6.96086,6.96312,2.258375000110391,2.258375000110391,0.085,1.616,0.5573750001103908,0.0
S00001,vRAN-DU,edge-A,224,DONE,6.96448,6.97394,9.461190999900282,9.461190999900282,0.077,8.395,0.9891909999002824,0.0
S00008,Transcoder,core-1,106,DONE,6.96505,6.97933,14.27836700008811,26.27836700008811,0.085,13.539,0.6543670000881097,6.0
S00004,UPF,edge-B,230,DONE,6.9679,6.97762,9.72574499996881,9.72574499996881,0.074,6.651,3.000744999968811,0.0
S00005,IMS-CSCF,edge-A,209,DONE,6.97019,6.97764,7.448111000030622,7.448111000030622,0.076,5.943,1.4291110000306224,0.0
S00003,UPF,edge-A,231,DONE,6.97267,6.97765,4.977601000064169,4.977601000064169,0.067,2.867,2.043601000064169,0.0
S00009,IoT-GW,edge-A,248,DONE,6.97277,6.97782,5.045120999966457,5.045120999966457,3.196,0.842,1.0071209999664568,0.0
S00001,vRAN-DU,edge-A,225,DONE,6.98266,6.9902,7.540650000009919,7.540650000009919,0.087,6.355,1.0986500000099184,0.0
S00003,UPF,edge-A,232,DONE,6.98546,6.99021,4.74251000014192,4.74251000014192,0.133,3.499,1.1105100001419195,0.0
S00008,Transcoder,core-1,107,DONE,6.98562,7.00781,22.191734999978507,34.19173499997851,0.084,19.124,2.983734999978509,6.0
S00005,IMS-CSCF,edge-A,210,DONE,6.98568,6.99302,7.340608000049542,7.340608000049542,3.918,2.721,0.7016080000495419,0.0
S00003,UPF,edge-A,233,DONE,6.98697,6.9939,6.93086499995843,6.93086499995843,0.148,3.638,3.144864999958431,0.0
S00005,IMS-CSCF,edge-A,211,DONE,6.98845,6.99465,6.206357000110074,6.206357000110074,2.893,1.596,1.7173570001100744,0.0
S00008,Transcoder,core-1,108,DONE,6.99021,7.01202,21.811719999959678,33.81171999995968,0.081,21.118,0.6127199999596797,6.0
S00007,Transcoder,core-1,150,DONE,6.99303,7.0135,20.470910000085496,30.470910000085496,0.105,18.746,1.619910000085497,5.0
S00002,vRAN-DU,edge-B,222,DONE,6.99466,7.00448,9.822213000006741,9.822213000006741,0.088,8.898,0.836213000006742,0.0
S00008,Transcoder,core-1,109,DONE,6.99472,7.01936,24.635213999999905,36.635213999999905,8.246,12.788,3.601213999999903,6.0
S00007,Transcoder,core-1,151,DONE,6.99486,7.01398,19.121215000041047,29.121215000041047,0.059,16.259,2.803215000041046,5.0
S00003,UPF,edge-A,234,DONE,6.99739,7.00248,5.095428000004176,5.095428000004176,0.14,4.093,0.8624280000041766,0.0
S00006,IMS-CSCF,edge-B,217,DONE,6.99745,7.00375,6.2999130000207515,6.2999130000207515,0.071,4.93,1.298913000020752,0.0
S00009,IoT-GW,edge-A,249,DONE,6.99983,7.00532,5.490616999850317,5.490616999850317,0.064,3.186,2.2406169998503174,0.0
S00009,IoT-GW,edge-A,250,DONE,7.00249,7.00892,6.42773100003069,6.42773100003069,4.44,1.273,0.7147310000306895,0.0
S00001,vRAN-DU,edge-A,226,DONE,7.00376,7.00806,4.305396000063411,4.305396000063411,0.05,3.878,0.3773960000634107,0.0
S00003,UPF,edge-A,235,DONE,7.02283,7.02951,6.673578999880192,6.673578999880192,0.122,2.763,3.788578999880192,0.0
S00008,Transcoder,core-1,110,DONE,7.02311,7.03052,7.4080570000205626,19.408057000020563,0.09,6.799,0.5190570000205623,6.0
S00003,UPF,edge-A,236,DONE,7.03053,7.03483,4.298527999935686,4.298527999935686,0.108,3.343,0.8475279999356866,0.0
S00005,IMS-CSCF,edge-A,212,DONE,7.0329,7.03774,4.843797999910748,4.843797999910748,0.193,3.64,1.0107979999107486,0.0
S00004,UPF,edge-B,231,DONE,7.03483,7.03937,4.539755999985573,4.539755999985573,0.085,3.9,0.5547559999855731,0.0
S00001,vRAN-DU,edge-A,227,DONE,7.03555,7.0467,11.149078000016743,11.149078000016743,0.065,10.401,0.683078000016744,0.0
S00005,IMS-CSCF,edge-A,213,DONE,7.03567,7.04771,12.046626000028482,12.046626000028482,1.974,9.612,0.46062600002848164,0.0
S00002,vRAN-DU,edge-B,223,DONE,7.0357,7.04814,12.436187000048449,12.436187000048449,0.09,11.642,0.7041870000484494,0.0
S00007,Transcoder,core-1,152,DONE,7.0406,7.05044,9.835445999897274,19.835445999897274,0.084,9.324,0.42744599989727483,5.0
S00003,UPF,edge-A,237,DONE,7.0456,7.05168,6.082741000000169,6.082741000000169,0.122,4.002,1.9587410000001695,0.0
S00004,UPF,edge-B,232,DONE,7.04575,7.06044,14.693435000026511,14.693435000026511,1.974,11.782,0.937435000026511,0.0
S00003,UPF,edge-A,238,DONE,7.0458,7.05672,10.925433000011253,10.925433000011253,4.435,4.573,1.9174330000112532,0.0
S00002,vRAN-DU,edge-B,224,DONE,7.04583,7.05388,8.050734999869746,8.050734999869746,0.068,6.944,1.0387349998697468,0.0
S00009,IoT-GW,edge-A,251,DONE,7.05336,7.05517,1.8165599999520055,1.8165599999520055,0.081,1.247,0.4885599999520054,0.0
S00009,IoT-GW,edge-A,252,DONE,7.05392,7.06043,6.516502000067703,6.516502000067703,1.006,4.436,1.074502000067703,0.0
S00005,IMS-CSCF,edge-A,214,DONE,7.05518,7.06062,5.437134999965565,5.437134999965565,1.054,3.928,0.4551349999655647,0.0
S00007,Transcoder,core-1,153,DONE,7.05673,7.06512,8.386355000084222,18.386355000084222,0.078,7.394,0.9143550000842229,5.0
S00002,vRAN-DU,edge-B,225,DONE,7.05955,7.0651,5.55334299997412,5.55334299997412,0.048,4.41,1.09534299997412,0.0
S00008,Transcoder,core-1,111,DONE,7.06512,7.09402,28.898781999942003,40.898781999942,0.056,28.2,0.6427819999420024,6.0
S00002,vRAN-DU,edge-B,226,DONE,7.06663,7.07686,10.228194000092117,10.228194000092117,0.083,9.003,1.1421940000921165,0.0
S00005,IMS-CSCF,edge-A,215,DONE,7.06794,7.07686,8.928264999894964,8.928264999894964,0.085,8.114,0.7292649998949621,0.0
S00008,Transcoder,core-1,112,DONE,7.06855,7.0816,13.044870999920022,25.044870999920022,0.112,8.014,4.918870999920022,6.0
S00004,UPF,edge-B,233,DONE,7.06865,7.08618,17.52895799995713,17.52895799995713,0.067,13.104,4.357957999957129,0.0
S00010,IoT-GW,edge-B,229,DONE,7.06967,7.08619,16.521446000069773,16.521446000069773,6.308,5.918,4.295446000069773,0.0
S00008,Transcoder,core-1,113,DONE,7.07087,7.09523,24.35853599990878,36.35853599990878,6.57,17.372,0.4165359999087812,6.0
S00007,Transcoder,core-1,154,DONE,7.07687,7.0967,19.827700999940134,29.827700999940134,0.106,18.671,1.0507009999401333,5.0
S00005,IMS-CSCF,edge-A,216,DONE,7.07693,7.0862,9.272284999951808,9.272284999951808,0.054,8.357,0.861284999951808,0.0
S00006,IMS-CSCF,edge-B,218,DONE,7.08161,7.08619,4.587501999822052,4.587501999822052,0.059,1.857,2.671501999822052,0.0
S00005,IMS-CSCF,edge-A,217,DONE,7.08169,7.09128,9.58825199995772,9.58825199995772,0.055,4.956,4.57725199995772,0.0
S00004,UPF,edge-B,234,DONE,7.0862,7.09126,5.060289000084595,5.060289000084595,0.161,3.99,0.9092890000845948,0.0
S00005,IMS-CSCF,edge-A,218,DONE,7.08751,7.09566,8.146487999965757,8.146487999965757,3.172,4.338,0.6364879999657562,0.0
S00009,IoT-GW,edge-A,253,DONE,7.09902,7.10098,1.9603339999321179,1.9603339999321179,0.064,1.307,0.5893339999321179,0.0
S00009,IoT-GW,edge-A,254,DONE,7.10647,7.10917,2.702221000163263,2.702221000163263,0.165,1.595,0.9422210001632629,0.0
S00003,UPF,edge-A,239,DONE,7.10675,7.11206,5.307385000151044,5.307385000151044,0.075,4.597,0.635385000151043,0.0
S00009,IoT-GW,edge-A,255,DONE,7.10883,7.11067,1.845082000045295,1.845082000045295,0.046,0.999,0.800082000045295,0.0
S00005,IMS-CSCF,edge-A,219,DONE,7.11531,7.11904,3.72408200018981,3.72408200018981,0.076,2.945,0.7030820001898102,0.0
S00009,IoT-GW,edge-A,256,DONE,7.11541,7.11946,4.049036999958844,4.049036999958844,0.281,3.273,0.49503699995884354,0.0
S00010,IoT-GW,edge-B,230,DONE,7.11544,7.11784,2.395537999973385,2.395537999973385,0.124,1.402,0.869537999973385,0.0
S00005,IMS-CSCF,edge-A,220,DONE,7.1207,7.12285,2.1495619998859183,2.1495619998859183,0.05,1.778,0.3215619998859185,0.0
S00001,vRAN-DU,edge-A,228,DONE,7.12231,7.12717,4.860263000182385,4.860263000182385,0.046,4.519,0.29526300018238505,0.0
S00009,IoT-GW,edge-A,257,DONE,7.12403,7.1262,2.1611769998344244,2.1611769998344244,0.044,1.827,0.29017699983442435,0.0
S00009,IoT-GW,edge-A,258,DONE,7.13455,7.1366,2.0545229999697767,2.0545229999697767,0.081,1.251,0.7225229999697769,0.0
S00005,IMS-CSCF,edge-A,221,DONE,7.13599,7.13843,2.4408399999629182,2.4408399999629182,0.05,1.41,0.9808399999629185,0.0
S00009,IoT-GW,edge-A,259,DONE,7.14276,7.14549,2.733751000050688,2.733751000050688,0.093,1.913,0.7277510000506882,0.0
S00003,UPF,edge-A,240,DONE,7.1442,7.14726,3.0602049998833536,3.0602049998833536,0.131,2.552,0.3772049998833533,0.0
S00009,IoT-GW,edge-A,260,DONE,7.1455,7.1471,1.6027270000904537,1.6027270000904537,0.051,0.922,0.6297270000904537,0.0
S00003,UPF,edge-A,241,DONE,7.14561,7.15005,4.440673999852152,4.440673999852152,1.495,2.382,0.5636739998521514,0.0
S00009,IoT-GW,edge-A,261,DONE,7.15013,7.15175,1.618076999875484,1.618076999875484,0.06,1.088,0.4700769998754839,0.0
S00003,UPF,edge-A,242,DONE,7.15148,7.15466,3.183745000114868,3.183745000114868,0.042,2.184,0.9577450001148682,0.0
S00002,vRAN-DU,edge-B,227,DONE,7.15705,7.1615,4.453575000070487,4.453575000070487,0.097,3.173,1.183575000070486,0.0
S00005,IMS-CSCF,edge-A,222,DONE,7.16151,7.1645,2.9868859999169217,2.9868859999169217,0.088,2.094,0.8048859999169218,0.0
S00005,IMS-CSCF,edge-A,223,DONE,7.16682,7.16908,2.2569259999727365,2.2569259999727365,0.086,1.597,0.5739259999727366,0.0
S00008,Transcoder,core-1,114,DONE,7.16822,7.1761,7.882440000003044,19.882440000003044,0.147,6.912,0.8234400000030435,6.0
S00009,IoT-GW,edge-A,262,DONE,7.16893,7.17547,6.537374000117779,6.537374000117779,0.071,5.026,1.4403740001177798,0.0
S00009,IoT-GW,edge-A,263,DONE,7.17547,7.17772,2.2462229999291594,2.2462229999291594,0.08,1.554,0.6122229999291593,0.0
S00002,vRAN-DU,edge-B,228,DONE,7.17611,7.17968,3.5755220001192356,3.5755220001192356,0.134,2.709,0.7325220001192356,0.0
S00002,vRAN-DU,edge-B,229,DONE,7.17969,7.18311,3.421478999825922,3.421478999825922,0.058,2.805,0.5584789998259221,0.0
S00008,Transcoder,core-1,115,DONE,7.19043,7.19846,8.02822900004685,20.02822900004685,0.09,7.262,0.6762290000468498,6.0
S00006,IMS-CSCF,edge-B,219,DONE,7.19483,7.20158,6.746108000015738,6.746108000015738,0.102,4.827,1.8171080000157378,0.0
S00004,UPF,edge-B,235,DONE,7.19607,7.20088,4.810514999917359,4.810514999917359,0.182,4.092,0.5365149999173591,0.0
S00004,UPF,edge-B,236,DONE,7.20159,7.20405,2.4631649998809735,2.4631649998809735,0.059,2.019,0.3851649998809732,0.0
S00001,vRAN-DU,edge-A,229,DONE,7.20873,7.21267,3.939817999935258,3.939817999935258,0.097,3.11,0.732817999935258,0.0
S00004,UPF,edge-B,237,DONE,7.21111,7.21417,3.0517669999881036,3.0517669999881036,0.083,2.476,0.49276699998810347,0.0
S00003,UPF,edge-A,243,DONE,7.22154,7.22574,4.202394000003551,4.202394000003551,0.103,2.916,1.1833940000035512,0.0
S00001,vRAN-DU,edge-A,230,DONE,7.22418,7.23768,13.500499999963722,13.500499999963722,0.08,12.298,1.122499999963722,0.0
S00001,vRAN-DU,edge-A,231,DONE,7.2258,7.23295,7.144863000121404,7.144863000121404,0.144,6.155,0.8458630001214038,0.0
S00008,Transcoder,core-1,116,DONE,7.22725,7.23899,11.735200999964945,23.735200999964945,0.097,10.873,0.7652009999649465,6.0
S00007,Transcoder,core-1,155,DONE,7.23179,7.24286,11.070362000054956,21.070362000054956,0.121,8.655,2.2943620000549565,5.0
S00009,IoT-GW,edge-A,264,DONE,7.23201,7.23769,5.68373100009012,5.68373100009012,0.151,3.492,2.04073100009012,0.0
S00010,IoT-GW,edge-B,231,DONE,7.23295,7.23795,4.994750999912867,4.994750999912867,0.09,3.763,1.1417509999128672,0.0
S00005,IMS-CSCF,edge-A,224,DONE,7.23527,7.24061,5.333677999942665,5.333677999942665,0.072,3.037,2.2246779999426654,0.0
S00009,IoT-GW,edge-A,265,DONE,7.24517,7.24762,2.4516240000593825,2.4516240000593825,0.091,1.581,0.7796240000593824,0.0
S00005,IMS-CSCF,edge-A,225,DONE,7.256,7.25942,3.4213919998364872,3.4213919998364872,0.176,2.491,0.754391999836487,0.0
S00006,IMS-CSCF,edge-B,220,DONE,7.25617,7.25852,2.3501309999574005,2.3501309999574005,0.092,1.645,0.6131309999574004,0.0
S00005,IMS-CSCF,edge-A,226,DONE,7.26074,7.26316,2.418046000002505,2.418046000002505,0.079,1.666,0.6730460000025049,0.0
S00005,IMS-CSCF,edge-A,227,DONE,7.26643,7.27074,4.313840000122582,4.313840000122582,0.084,3.17,1.0598400001225823,0.0
S00006,IMS-CSCF,edge-B,221,DONE,7.26988,7.27205,2.1734209999522136,2.1734209999522136,0.122,1.539,0.5124209999522138,0.0
S00004,UPF,edge-B,238,DONE,7.27532,7.2783,2.9743049999524374,2.9743049999524374,0.087,2.21,0.6773049999524372,0.0
S00003,UPF,edge-A,244,DONE,7.28365,7.28659,2.935277999995378,2.935277999995378,0.088,2.16,0.687277999995378,0.0
S00006,IMS-CSCF,edge-B,222,DONE,7.28604,7.28876,2.722497999911866,2.722497999911866,0.739,1.501,0.48249799991186615,0.0
S00005,IMS-CSCF,edge-A,228,DONE,7.2866,7.28861,2.0081220000065514,2.0081220000065514,0.065,1.492,0.45112200000655145,0.0
S00003,UPF,edge-A,245,DONE,7.30535,7.30837,3.0168559999310673,3.0168559999310673,0.09,2.2,0.7268559999310673,0.0
S00010,IoT-GW,edge-B,232,DONE,7.30553,7.3073,1.7713039999307512,1.7713039999307512,0.099,1.063,0.6093039999307512,0.0
S00009,IoT-GW,edge-A,266,DONE,7.31069,7.31231,1.623661000166976,1.623661000166976,0.073,1.055,0.4956610001669761,0.0
S00009,IoT-GW,edge-A,267,DONE,7.312,7.31376,1.7562569998972322,1.7562569998972322,0.044,1.079,0.6332569998972322,0.0
S00002,vRAN-DU,edge-B,230,DONE,7.31353,7.31684,3.3087100000557257,3.3087100000557257,0.089,2.779,0.4407100000557258,0.0
S00005,IMS-CSCF,edge-A,229,DONE,7.31365,7.31798,4.33310700009315,4.33310700009315,0.087,3.827,0.4191070000931507,0.0
S00003,UPF,edge-A,246,DONE,7.31597,7.31907,3.09546199991928,3.09546199991928,0.087,2.179,0.82946199991928,0.0
S00005,IMS-CSCF,edge-A,230,DONE,7.31907,7.32079,1.719601000104376,1.719601000104376,0.058,1.256,0.40560100010437594,0.0
S00004,UPF,edge-B,239,DONE,7.3208,7.32365,2.8498450001279707,2.8498450001279707,0.089,2.21,0.5508450001279708,0.0
S00007,Transcoder,core-1,156,DONE,7.32694,7.33394,7.007163000025685,17.007163000025685,0.084,6.309,0.6141630000256848,5.0
S00003,UPF,edge-A,247,DONE,7.32832,7.33151,3.1888389999039646,3.1888389999039646,0.09,2.49,0.6088389999039645,0.0
S00003,UPF,edge-A,248,DONE,7.33924,7.34383,4.584495000017341,4.584495000017341,0.088,3.704,0.792495000017341,0.0
S00006,IMS-CSCF,edge-B,223,DONE,7.33943,7.34596,6.5218120000736235,6.5218120000736235,0.118,5.908,0.4958120000736228,0.0
S00001,vRAN-DU,edge-A,232,DONE,7.34072,7.34422,3.5057850000157487,3.5057850000157487,0.065,2.793,0.6477850000157486,0.0
S00004,UPF,edge-B,240,DONE,7.34363,7.34776,4.129504000047746,4.129504000047746,0.124,2.475,1.530504000047746,0.0
S00009,IoT-GW,edge-A,268,DONE,7.34371,7.34886,5.146736999904533,5.146736999904533,0.056,3.872,1.2187369999045332,0.0
S00005,IMS-CSCF,edge-A,231,DONE,7.34538,7.34903,3.654973000038808,3.654973000038808,2.125,1.196,0.33397300003880814,0.0
S00010,IoT-GW,edge-B,233,DONE,7.34777,7.35031,2.5398629998107936,2.5398629998107936,0.052,1.07,1.4178629998107934,0.0
S00001,vRAN-DU,edge-A,233,DONE,7.35666,7.36041,3.7585940001463314,3.7585940001463314,0.088,3.08,0.5905940001463312,0.0
S00004,UPF,edge-B,241,DONE,7.35905,7.36223,3.1736540001929825,3.1736540001929825,0.089,2.548,0.5366540001929825,0.0
S00009,IoT-GW,edge-A,269,DONE,7.36547,7.36735,1.875029999837352,1.875029999837352,0.084,1.157,0.634029999837352,0.0
S00005,IMS-CSCF,edge-A,232,DONE,7.36684,7.37003,3.1982119999156566,3.1982119999156566,0.104,2.168,0.9262119999156564,0.0
S00005,IMS-CSCF,edge-A,233,DONE,7.36735,7.37205,4.697306000025492,4.697306000025492,2.309,1.743,0.6453060000254915,0.0
S00005,IMS-CSCF,edge-A,234,DONE,7.3686,7.37377,5.173053000135042,5.173053000135042,3.246,1.247,0.6800530001350416,0.0
S00002,vRAN-DU,edge-B,231,DONE,7.37206,7.37604,3.978205000066737,3.978205000066737,0.156,3.157,0.6652050000667367,0.0
S00002,vRAN-DU,edge-B,232,DONE,7.37212,7.37825,6.130680000069333,6.130680000069333,1.44,4.004,0.6866800000693338,0.0
S00003,UPF,edge-A,249,DONE,7.37501,7.3792,4.193447000034212,4.193447000034212,0.057,3.736,0.4004470000342111,0.0
S00005,IMS-CSCF,edge-A,235,DONE,7.37726,7.37971,2.441588000010597,2.441588000010597,0.076,1.709,0.656588000010597,0.0
S00002,vRAN-DU,edge-B,233,DONE,7.3809,7.38441,3.505387000132032,3.505387000132032,0.08,2.926,0.49938700013203174,0.0
S00005,IMS-CSCF,edge-A,236,DONE,7.38565,7.38814,2.4985889999697974,2.4985889999697974,0.084,1.649,0.7655889999697973,0.0
S00010,IoT-GW,edge-B,234,DONE,7.39041,7.39251,2.0941279999533435,2.0941279999533435,0.114,1.183,0.7971279999533434,0.0
S00001,vRAN-DU,edge-A,234,DONE,7.39186,7.39614,4.28221900006065,4.28221900006065,0.483,3.285,0.5142190000606495,0.0
S00009,IoT-GW,edge-A,270,DONE,7.39584,7.40048,4.64349999992919,4.64349999992919,0.156,3.265,1.2224999999291906,0.0
S00003,UPF,edge-A,250,DONE,7.39596,7.3993,3.3377059999111225,3.3377059999111225,0.079,2.768,0.4907059999111225,0.0
S00003,UPF,edge-A,251,DONE,7.39615,7.40434,8.190392999949836,8.190392999949836,2.898,4.663,0.629392999949836,0.0
S00007,Transcoder,core-1,157,DONE,7.3962,7.41378,17.579681999905006,27.579681999905006,0.179,13.442,3.958681999905007,5.0
S00002,vRAN-DU,edge-B,234,DONE,7.39843,7.40579,7.364275000099951,7.364275000099951,0.095,5.918,1.3512750000999514,0.0
S00010,IoT-GW,edge-B,235,DONE,7.39851,7.40578,7.271471999956702,7.271471999956702,0.141,5.821,1.3094719999567026,0.0
S00009,IoT-GW,edge-A,271,DONE,7.40049,7.40447,3.986644999940836,3.986644999940836,0.055,3.197,0.7346449999408358,0.0
S00002,vRAN-DU,edge-B,235,DONE,7.40314,7.41379,10.643480999988242,10.643480999988242,0.098,7.419,3.1264809999882415,0.0
S00003,UPF,edge-A,252,DONE,7.40325,7.40808,4.826435000040874,4.826435000040874,0.104,3.18,1.5424350000408737,0.0
S00002,vRAN-DU,edge-B,236,DONE,7.4033,7.41504,11.73837999999705,11.73837999999705,0.132,9.656,1.9503799999970504,0.0
S00010,IoT-GW,edge-B,236,DONE,7.40435,7.41459,10.245357000030708,10.245357000030708,7.827,1.148,1.2703570000307083,0.0
S00004,UPF,edge-B,242,DONE,7.41379,7.41693,3.1417590000728524,3.1417590000728524,0.047,2.311,0.7837590000728523,0.0
S00001,vRAN-DU,edge-A,235,DONE,7.42027,7.42437,4.0952279998691665,4.0952279998691665,0.101,3.187,0.8072279998691667,0.0
S00005,IMS-CSCF,edge-A,237,DONE,7.43887,7.44238,3.5113219998947898,3.5113219998947898,0.101,2.541,0.8693219998947899,0.0
S00006,IMS-CSCF,edge-B,224,DONE,7.43907,7.44124,2.167355999972642,2.167355999972642,0.088,1.507,0.5723559999726422,0.0
S00001,vRAN-DU,edge-A,236,DONE,7.44239,7.44595,3.5582049999902665,3.5582049999902665,0.055,2.949,0.5542049999902665,0.0
S00004,UPF,edge-B,243,DONE,7.45834,7.46196,3.6174030001348,3.6174030001348,0.091,2.612,0.9144030001347998,0.0
S00005,IMS-CSCF,edge-A,238,DONE,7.4632,7.46604,2.839477999941664,2.839477999941664,0.222,1.65,0.9674779999416643,0.0
S00001,vRAN-DU,edge-A,237,DONE,7.46333,7.46703,3.698149999991074,3.698149999991074,0.086,3.118,0.4941499999910741,0.0
S00007,Transcoder,core-1,158,DONE,7.46605,7.47882,12.770203999934893,22.770203999934893,0.087,10.749,1.9342039999348923,5.0
S00006,IMS-CSCF,edge-B,225,DONE,7.46831,7.47062,2.315658000043186,2.315658000043186,0.097,1.504,0.7146580000431859,0.0
S00002,vRAN-DU,edge-B,237,DONE,7.46842,7.47336,4.942971999980728,4.942971999980728,0.319,3.427,1.1969719999807276,0.0
S00001,vRAN-DU,edge-A,238,DONE,7.47337,7.47905,5.676484999867171,5.676484999867171,0.082,4.869,0.7254849998671711,0.0
S00008,Transcoder,core-1,117,DONE,7.47882,7.49368,14.859116000025097,26.859116000025097,0.062,14.125,0.6721160000250972,6.0
S00003,UPF,edge-A,253,DONE,7.47894,7.48173,2.79305200001545,2.79305200001545,0.054,1.947,0.7920520000154503,0.0
S00001,vRAN-DU,edge-A,239,DONE,7.48305,7.4872,4.1419540000333654,4.1419540000333654,0.054,3.591,0.496954000033365,0.0
S00004,UPF,edge-B,244,DONE,7.48549,7.49319,7.70571199996084,7.70571199996084,1.365,5.633,0.7077119999608401,0.0
S00005,IMS-CSCF,edge-A,239,DONE,7.48565,7.48846,2.8121519999331213,2.8121519999331213,0.054,2.286,0.4721519999331214,0.0
S00007,Transcoder,core-1,159,DONE,7.48847,7.50321,14.745894000043336,24.745894000043336,0.078,13.942,0.7258940000433363,5.0
S00001,vRAN-DU,edge-A,240,DONE,7.48862,7.49434,5.721928000184562,5.721928000184562,0.069,5.118,0.5349280001845615,0.0
S00001,vRAN-DU,edge-A,241,DONE,7.49252,7.50147,8.949088000008487,8.949088000008487,0.081,6.658,2.2100880000084873,0.0
S00009,IoT-GW,edge-A,272,DONE,7.49976,7.50317,3.405844000099023,3.405844000099023,0.171,2.473,0.7618440000990234,0.0
S00004,UPF,edge-B,245,DONE,7.50552,7.50948,3.956723000101192,3.956723000101192,0.089,3.092,0.7757230001011921,0.0
S00003,UPF,edge-A,254,DONE,7.50578,7.50947,3.684333000137485,3.684333000137485,0.087,2.943,0.654333000137485,0.0
S00005,IMS-CSCF,edge-A,240,DONE,7.5128,7.51575,2.9462859999966895,2.9462859999966895,0.093,2.182,0.6712859999966896,0.0
S00003,UPF,edge-A,255,DONE,7.51349,7.51813,4.6412070000769745,4.6412070000769745,0.091,3.891,0.6592070000769743,0.0
S00010,IoT-GW,edge-B,237,DONE,7.51576,7.51923,3.4747070001230895,3.4747070001230895,0.082,2.675,0.7177070001230899,0.0
S00002,vRAN-DU,edge-B,238,DONE,7.51736,7.52409,6.722427000113385,6.722427000113385,0.085,4.374,2.263427000113385,0.0
S00006,IMS-CSCF,edge-B,226,DONE,7.52534,7.52776,2.419455000108428,2.419455000108428,0.107,1.598,0.7144550001084278,0.0
S00006,IMS-CSCF,edge-B,227,DONE,7.52777,7.53013,2.3657720000755944,2.3657720000755944,0.073,1.699,0.5937720000755944,0.0
S00009,IoT-GW,edge-A,273,DONE,7.53024,7.53268,2.447493000090617,2.447493000090617,0.105,1.672,0.6704930000906171,0.0
S00005,IMS-CSCF,edge-A,241,DONE,7.53171,7.53524,3.532862999918507,3.532862999918507,0.069,2.948,0.5158629999185069,0.0
S00003,UPF,edge-A,256,DONE,7.53181,7.53775,5.945473999872775,5.945473999872775,0.896,4.55,0.49947399987277485,0.0
S00002,vRAN-DU,edge-B,239,DONE,7.53506,7.54184,6.774828000061461,6.774828000061461,0.09,5.757,0.9278280000614618,0.0
S00001,vRAN-DU,edge-A,242,DONE,7.53514,7.5442,9.061705000021902,9.061705000021902,0.066,8.431,0.5647050000219025,0.0
S00003,UPF,edge-A,257,DONE,7.53776,7.54545,7.68851599991649,7.68851599991649,0.051,7.077,0.5605159999164897,0.0
S00004,UPF,edge-B,246,DONE,7.54303,7.54833,5.3000450000126875,5.3000450000126875,1.196,3.511,0.5930450000126877,0.0
S00010,IoT-GW,edge-B,238,DONE,7.54545,7.54738,1.9276010000339738,1.9276010000339738,0.064,1.243,0.6206010000339737,0.0
S00009,IoT-GW,edge-A,274,DONE,7.54834,7.55073,2.3966700000528363,2.3966700000528363,0.08,1.608,0.7086700000528361,0.0
S00006,IMS-CSCF,edge-B,228,DONE,7.55074,7.55291,2.1676750000096945,2.1676750000096945,0.061,1.564,0.5426750000096945,0.0
S00008,Transcoder,core-1,118,DONE,7.55517,7.56424,9.068661000128486,21.068661000128486,0.064,6.699,2.3056610001284863,6.0
S00005,IMS-CSCF,edge-A,242,DONE,7.55851,7.56042,1.9004259997927875,1.9004259997927875,0.084,1.259,0.5574259997927875,0.0
S00003,UPF,edge-A,258,DONE,7.56165,7.56527,3.6162330000024667,3.6162330000024667,0.061,2.629,0.9262330000024668,0.0
S00004,UPF,edge-B,247,DONE,7.56173,7.56804,6.305852999958006,6.305852999958006,0.076,5.656,0.5738529999580066,0.0
S00006,IMS-CSCF,edge-B,229,DONE,7.56424,7.56927,5.023966000180735,5.023966000180735,0.066,4.564,0.39396600018073524,0.0
S00009,IoT-GW,edge-A,275,DONE,7.56433,7.56639,2.0560589998694923,2.0560589998694923,0.074,1.053,0.9290589998694923,0.0
S00003,UPF,edge-A,259,DONE,7.56531,7.56805,2.732435999860172,2.732435999860172,0.08,2.2,0.4524359998601719,0.0
S00005,IMS-CSCF,edge-A,243,DONE,7.5681,7.57019,2.0894420001695835,2.0894420001695835,0.043,1.705,0.34144200016958326,0.0
S00008,Transcoder,core-1,119,DONE,7.57019,7.57946,9.270743999877595,21.270743999877595,0.071,8.741,0.45874399987759595,6.0
S00002,vRAN-DU,edge-B,240,DONE,7.57247,7.57821,5.743294000012611,5.743294000012611,0.059,5.127,0.557294000012611,0.0
S00010,IoT-GW,edge-B,239,DONE,7.575,7.57839,3.3933990000605263,3.3933990000605263,0.07,3.017,0.30639900006052656,0.0
S00006,IMS-CSCF,edge-B,230,DONE,7.58178,7.58352,1.7467719999331166,1.7467719999331166,0.062,1.246,0.43877199993311655,0.0
S00007,Transcoder,core-1,160,DONE,7.58356,7.59039,6.821960000024774,16.821960000024774,0.079,6.136,0.6069600000247739,5.0
S00004,UPF,edge-B,248,DONE,7.58988,7.59247,2.5899370000388444,2.5899370000388444,0.075,2.088,0.42693700003884416,0.0
S00010,IoT-GW,edge-B,240,DONE,7.59368,7.59521,1.5370040000561858,1.5370040000561858,0.062,1.028,0.4470040000561857,0.0
S00003,UPF,edge-A,260,DONE,7.5964,7.60031,3.906687999915448,3.906687999915448,0.086,3.214,0.6066879999154482,0.0
S00009,IoT-GW,edge-A,276,DONE,7.59969,7.60157,1.88313599983303,1.88313599983303,0.054,1.025,0.80413599983303,0.0
S00008,Transcoder,core-1,120,DONE,7.60274,7.60989,7.147582000015973,19.147582000015973,0.082,6.335,0.7305820000159731,6.0
S00001,vRAN-DU,edge-A,243,DONE,7.61111,7.61475,3.6389389999840205,3.6389389999840205,0.089,2.96,0.5899389999840206,0.0
S00002,vRAN-DU,edge-B,241,DONE,7.61596,7.62032,4.365489000065281,4.365489000065281,0.125,3.669,0.5714890000652812,0.0
S00004,UPF,edge-B,249,DONE,7.61726,7.62033,3.074543000138874,3.074543000138874,0.067,2.406,0.6015430001388737,0.0
S00008,Transcoder,core-1,121,DONE,7.61737,7.63115,13.782648999949743,25.782648999949743,0.08,11.639,2.063648999949743,6.0
S00009,IoT-GW,edge-A,277,DONE,7.61862,7.62217,3.5544869999739603,3.5544869999739603,0.143,2.989,0.42248699997396066,0.0
S00001,vRAN-DU,edge-A,244,DONE,7.61868,7.62627,7.59399300000041,7.59399300000041,0.067,7.141,0.3859930000004095,0.0
S00005,IMS-CSCF,edge-A,244,DONE,7.6254,7.62777,2.3726819999865256,2.3726819999865256,0.085,1.634,0.6536819999865258,0.0
S00007,Transcoder,core-1,161,DONE,7.62581,7.63702,11.21447800005626,21.21447800005626,0.078,10.685,0.4514780000562606,5.0
S00004,UPF,edge-B,250,DONE,7.63116,7.63405,2.892574000043169,2.892574000043169,0.233,1.911,0.7485740000431687,0.0
S00005,IMS-CSCF,edge-A,245,DONE,7.6324,7.63551,3.112014999942403,3.112014999942403,0.076,2.581,0.4550149999424029,0.0
S00004,UPF,edge-B,251,DONE,7.63286,7.63722,4.3556440000429575,4.3556440000429575,0.726,3.064,0.5656440000429575,0.0
S00009,IoT-GW,edge-A,278,DONE,7.63943,7.64111,1.6776449999724719,1.6776449999724719,0.078,1.015,0.5846449999724719,0.0
S00009,IoT-GW,edge-A,279,DONE,7.64234,7.64395,1.6118409998853167,1.6118409998853167,0.055,1.063,0.4938409998853168,0.0
S00003,UPF,edge-A,261,DONE,7.65038,7.65472,4.342264000115392,4.342264000115392,0.076,3.511,0.7552640001153925,0.0
S00006,IMS-CSCF,edge-B,231,DONE,7.65591,7.66115,5.232080000041606,5.232080000041606,0.164,4.346,0.7220800000416059,0.0
S00001,vRAN-DU,edge-A,245,DONE,7.65727,7.66114,3.872851000096489,3.872851000096489,0.064,3.15,0.6588510000964889,0.0
S00009,IoT-GW,edge-A,280,DONE,7.65863,7.65985,1.2171809999017569,1.2171809999017569,0.055,0.77,0.3921809999017569,0.0
S00004,UPF,edge-B,252,DONE,7.6587,7.66426,5.563794999943639,5.563794999943639,0.092,2.859,2.612794999943639,0.0
S00005,IMS-CSCF,edge-A,246,DONE,7.66115,7.66269,1.5379910000774544,1.5379910000774544,0.096,1.078,0.3639910000774542,0.0
S00010,IoT-GW,edge-B,241,DONE,7.66747,7.66908,1.6133510000599927,1.6133510000599927,0.111,1.048,0.4543510000599926,0.0
S00001,vRAN-DU,edge-A,246,DONE,7.67536,7.67901,3.6511499999960506,3.6511499999960506,0.088,2.977,0.5861499999960507,0.0
S00003,UPF,edge-A,262,DONE,7.67669,7.67991,3.229060000194295,3.229060000194295,0.057,2.753,0.4190600001942948,0.0
S00002,vRAN-DU,edge-B,242,DONE,7.67792,7.68177,3.8569680000364315,3.8569680000364315,0.082,3.363,0.41196800003643164,0.0
S00010,IoT-GW,edge-B,242,DONE,7.67992,7.68225,2.3297180000554363,2.3297180000554363,0.07,1.905,0.3547180000554364,0.0
S00010,IoT-GW,edge-B,243,DONE,7.6885,7.69217,3.6738500000410568,3.6738500000410568,0.173,2.833,0.6678500000410565,0.0
S00002,vRAN-DU,edge-B,243,DONE,7.68866,7.69223,3.573173999939172,3.573173999939172,0.067,2.949,0.557173999939172,0.0
S00004,UPF,edge-B,253,DONE,7.69649,7.69945,2.9619780000302853,2.9619780000302853,0.078,1.925,0.9589780000302854,0.0
S00001,vRAN-DU,edge-A,247,DONE,7.69664,7.70161,4.971011000179715,4.971011000179715,0.089,4.408,0.474011000179714,0.0
S00004,UPF,edge-B,254,DONE,7.69821,7.7011,2.8925799999797164,2.8925799999797164,0.042,1.766,1.0845799999797165,0.0
S00005,IMS-CSCF,edge-A,247,DONE,7.70481,7.7068,1.9879989999935788,1.9879989999935788,0.076,1.447,0.46499899999357863,0.0
S00005,IMS-CSCF,edge-A,248,DONE,7.70902,7.71119,2.167799000062587,2.167799000062587,0.17,1.477,0.5207990000625868,0.0
S00003,UPF,edge-A,263,DONE,7.70916,7.71167,2.5166469999930996,2.5166469999930996,0.098,1.93,0.4886469999930998,0.0
S00008,Transcoder,core-1,122,DONE,7.71119,7.71883,7.637632000069061,19.63763200006906,0.128,7.073,0.43663200006906067,6.0
S00006,IMS-CSCF,edge-B,232,DONE,7.71287,7.71506,2.193308999949295,2.193308999949295,0.221,1.526,0.44630899994929485,0.0
S00009,IoT-GW,edge-A,281,DONE,7.71469,7.71766,2.9757140000583604,2.9757140000583604,0.074,2.404,0.49771400005836064,0.0
S00010,IoT-GW,edge-B,244,DONE,7.71767,7.71926,1.5875510000569193,1.5875510000569193,0.063,1.199,0.3255510000569193,0.0
S00004,UPF,edge-B,255,DONE,7.71825,7.72095,2.699160000020129,2.699160000020129,0.051,2.133,0.5151600000201286,0.0
S00009,IoT-GW,edge-A,282,DONE,7.72043,7.7222,1.769726000020455,1.769726000020455,0.057,1.224,0.4887260000204552,0.0
S00007,Transcoder,core-1,162,DONE,7.72742,7.73467,7.25522099992304,17.25522099992304,0.118,6.527,0.6102209999230395,5.0
S00009,IoT-GW,edge-A,283,DONE,7.72973,7.73139,1.658380999970177,1.658380999970177,0.07,1.15,0.4383809999701771,0.0
S00003,UPF,edge-A,264,DONE,7.73105,7.73692,5.876884999906906,5.876884999906906,0.042,1.763,4.071884999906906,0.0
S00003,UPF,edge-A,265,DONE,7.73875,7.74274,3.9901069999359606,3.9901069999359606,0.073,3.367,0.5501069999359607,0.0
S00010,IoT-GW,edge-B,245,DONE,7.74219,7.74461,2.419970000119065,2.419970000119065,0.239,1.576,0.604970000119065,0.0
S00002,vRAN-DU,edge-B,244,DONE,7.75083,7.75482,3.9928419998886966,3.9928419998886966,0.069,3.501,0.42284199988869675,0.0
S00008,Transcoder,core-1,123,DONE,7.75094,7.75785,6.904233000113891,18.90423300011389,0.079,6.166,0.6592330001138906,6.0
S00009,IoT-GW,edge-A,284,DONE,7.75361,7.7595,5.887239999992744,5.887239999992744,0.092,1.492,4.303239999992744,0.0
S00004,UPF,edge-B,256,DONE,7.7595,7.76344,3.941744000030667,3.941744000030667,0.08,3.36,0.501744000030667,0.0
S00009,IoT-GW,edge-A,285,DONE,7.76187,7.76368,1.8095970001468231,1.8095970001468231,0.068,1.272,0.46959700014682304,0.0
S00005,IMS-CSCF,edge-A,249,DONE,7.7649,7.76733,2.4298060000091937,2.4298060000091937,0.14,1.738,0.5518060000091936,0.0
S00004,UPF,edge-B,257,DONE,7.7672,7.76995,2.753180999889082,2.753180999889082,0.101,2.201,0.4511809998890821,0.0
S00003,UPF,edge-A,266,DONE,7.76951,7.77186,2.3489979998885246,2.3489979998885246,0.114,1.886,0.34899799988852487,0.0
S00001,vRAN-DU,edge-A,248,DONE,7.76964,7.77369,4.043808999995235,4.043808999995235,0.04,3.489,0.5148089999952354,0.0
S00008,Transcoder,core-1,124,DONE,7.77888,7.78594,7.0600010001271585,19.06000100012716,0.063,6.115,0.8820010001271585,6.0
S00004,UPF,edge-B,258,DONE,7.77898,7.78519,6.212257000015597,6.212257000015597,0.139,1.919,4.154257000015598,0.0
S00006,IMS-CSCF,edge-B,233,DONE,7.7852,7.78997,4.770391999954882,4.770391999954882,0.085,4.04,0.6453919999548816,0.0
S00005,IMS-CSCF,edge-A,250,DONE,7.78532,7.78937,4.05294999995931,4.05294999995931,0.107,3.432,0.5139499999593098,0.0
S00004,UPF,edge-B,259,DONE,7.78539,7.79046,5.068927999900552,5.068927999900552,0.12,4.524,0.42492799990055197,0.0
S00001,vRAN-DU,edge-A,249,DONE,7.80006,7.81207,12.00995299996066,12.00995299996066,0.11,10.914,0.9859529999606611,0.0
S00003,UPF,edge-A,267,DONE,7.80023,7.8065,6.275193999954354,6.275193999954354,0.2,5.339,0.7361939999543532,0.0
S00006,IMS-CSCF,edge-B,234,DONE,7.80159,7.80374,2.1518769999602227,2.1518769999602227,0.091,1.47,0.5908769999602226,0.0
S00006,IMS-CSCF,edge-B,235,DONE,7.8017,7.80994,8.24496299992461,8.24496299992461,1.926,5.484,0.8349629999246098,0.0
S00004,UPF,edge-B,260,DONE,7.80497,7.81021,5.2433490000112215,5.2433490000112215,0.053,4.221,0.9693490000112215,0.0
S00010,IoT-GW,edge-B,246,DONE,7.80651,7.81206,5.5477739999787445,5.5477739999787445,0.125,1.279,4.143773999978745,0.0
S00010,IoT-GW,edge-B,247,DONE,7.80867,7.81367,5.005428000004031,5.005428000004031,1.513,1.419,2.073428000004031,0.0
S00001,vRAN-DU,edge-A,250,DONE,7.82604,7.83006,4.0189219998865156,4.0189219998865156,0.094,3.179,0.7459219998865159,0.0
S00008,Transcoder,core-1,125,DONE,7.84463,7.85764,13.003358999867487,25.003358999867487,0.091,9.309,3.6033589998674884,6.0
S00004,UPF,edge-B,261,DONE,7.8471,7.85192,4.820534999907977,4.820534999907977,0.098,4.106,0.6165349999079774,0.0
S00007,Transcoder,core-1,163,DONE,7.8532,7.8629,9.702617000129976,19.702617000129976,0.096,8.676,0.9306170001299758,5.0
S00007,Transcoder,core-1,164,DONE,7.85764,7.87004,12.391075000095952,22.391075000095952,0.096,11.488,0.8070750000959528,5.0
S00009,IoT-GW,edge-A,286,DONE,7.85775,7.86289,5.14057700002013,5.14057700002013,0.098,4.335,0.7075770000201302,0.0
S00009,IoT-GW,edge-A,287,DONE,7.8578,7.86462,6.81733900000836,6.81733900000836,5.003,1.256,0.5583390000083599,0.0
S00008,Transcoder,core-1,126,DONE,7.87236,7.8839,11.541200000010576,23.541200000010576,0.109,10.561,0.8712000000105764,6.0
S00006,IMS-CSCF,edge-B,236,DONE,7.87487,7.87787,2.9965939997964597,2.9965939997964597,0.117,2.044,0.8355939997964597,0.0
S00005,IMS-CSCF,edge-A,251,DONE,7.88721,7.89063,3.423804000021846,3.423804000021846,0.118,2.343,0.9628040000218463,0.0
S00005,IMS-CSCF,edge-A,252,DONE,7.8919,7.8953,3.4055189998980495,3.4055189998980495,0.078,2.503,0.8245189998980496,0.0
S00009,IoT-GW,edge-A,288,DONE,7.89531,7.89776,2.446343999963574,2.446343999963574,0.095,1.625,0.7263439999635737,0.0
S00007,Transcoder,core-1,165,DONE,7.90817,7.91904,10.873306000121374,20.873306000121374,0.117,10.086,0.6703060001213732,5.0
S00005,IMS-CSCF,edge-A,253,DONE,7.91573,7.91899,3.259849000187387,3.259849000187387,0.097,2.401,0.7618490001873872,0.0
S00006,IMS-CSCF,edge-B,237,DONE,7.92134,7.92364,2.2966099998029676,2.2966099998029676,0.088,1.509,0.6996099998029677,0.0
S00010,IoT-GW,edge-B,248,DONE,7.92265,7.92444,1.7945609999969747,1.7945609999969747,0.077,1.369,0.34856099999697476,0.0
S00006,IMS-CSCF,edge-B,238,DONE,7.92271,7.92539,2.677387999938219,2.677387999938219,0.598,1.638,0.4413879999382191,0.0
S00009,IoT-GW,edge-A,289,DONE,7.9254,7.92715,1.7516059999707068,1.7516059999707068,0.077,1.142,0.5326059999707069,0.0
S00003,UPF,edge-A,268,DONE,7.93036,7.93343,3.075466999916898,3.075466999916898,0.079,2.23,0.766466999916898,0.0
S00004,UPF,edge-B,262,DONE,7.93344,7.93773,4.288939000161918,4.288939000161918,0.081,3.126,1.0819390001619174,0.0
S00007,Transcoder,core-1,166,DONE,7.9369,7.94984,12.934667999843441,22.93466799984344,0.127,12.265,0.5426679998434398,5.0
S00004,UPF,edge-B,263,DONE,7.93999,7.94349,3.4946250000302825,3.4946250000302825,0.074,2.538,0.8826250000302829,0.0
S00006,IMS-CSCF,edge-B,239,DONE,7.94156,7.94533,3.77074400012134,3.77074400012134,0.059,3.262,0.44974400012133975,0.0
S00007,Transcoder,core-1,167,DONE,7.94534,7.95415,8.813082999949984,18.813082999949984,0.083,8.146,0.5840829999499828,5.0
S00002,vRAN-DU,edge-B,245,DONE,7.94868,7.95947,10.792736999974295,10.792736999974295,0.084,9.975,0.7337369999742958,0.0
S00005,IMS-CSCF,edge-A,254,DONE,7.94879,7.9608,12.014473999897746,12.014473999897746,0.142,10.831,1.0414739998977467,0.0
S00006,IMS-CSCF,edge-B,240,DONE,7.94985,7.95916,9.315317000073264,9.315317000073264,0.051,8.829,0.43531700007326357,0.0
S00008,Transcoder,core-1,127,DONE,7.95207,7.97032,18.24702699991576,30.24702699991576,0.061,17.719,0.4670269999157597,6.0
S00010,IoT-GW,edge-B,249,DONE,7.95416,7.96426,10.106837999956042,10.106837999956042,4.977,3.096,2.0338379999560416,0.0
S00004,UPF,edge-B,264,DONE,7.95421,7.96211,7.902927000031923,7.902927000031923,4.916,2.505,0.4819270000319227,0.0
S00009,IoT-GW,edge-A,290,DONE,7.95642,7.96081,4.389575999994122,4.389575999994122,0.079,3.525,0.7855759999941223,0.0
S00010,IoT-GW,edge-B,250,DONE,7.9583,7.96427,5.9703100000660925,5.9703100000660925,4.2,1.339,0.4313100000660923,0.0
S00001,vRAN-DU,edge-A,251,DONE,7.96212,7.96507,2.9554979998920317,2.9554979998920317,0.062,2.465,0.42849799989203197,0.0
S00001,vRAN-DU,edge-A,252,DONE,7.96829,7.97233,4.036157999962597,4.036157999962597,0.112,3.571,0.3531579999625971,0.0
S00006,IMS-CSCF,edge-B,241,DONE,7.96883,7.97516,6.333493999818529,6.333493999818529,0.058,5.734,0.5414939998185293,0.0
S00007,Transcoder,core-1,168,DONE,7.97033,7.97874,8.412213999918094,18.412213999918094,0.088,7.856,0.4682139999180954,5.0
S00009,IoT-GW,edge-A,291,DONE,7.97468,7.97599,1.3125890000083018,1.3125890000083018,0.057,0.859,0.3965890000083019,0.0
S00005,IMS-CSCF,edge-A,255,DONE,7.976,7.97766,1.6641069998968305,1.6641069998968305,0.039,1.304,0.32110699989683056,0.0
S00007,Transcoder,core-1,169,DONE,7.98517,7.9951,9.933225999930073,19.933225999930073,0.084,9.145,0.704225999930074,5.0
S00010,IoT-GW,edge-B,251,DONE,7.9867,7.9887,2.0040209999478975,2.0040209999478975,0.122,1.137,0.7450209999478976,0.0
S00009,IoT-GW,edge-A,292,DONE,7.98736,7.99061,3.2476760000008653,3.2476760000008653,0.152,2.147,0.9486760000008654,0.0
S00009,IoT-GW,edge-A,293,DONE,7.9899,7.99231,2.411876999985907,2.411876999985907,0.072,1.7,0.6398769999859069,0.0
S00003,UPF,edge-A,269,DONE,7.99189,7.99479,2.899070000012216,2.899070000012216,0.074,2.132,0.6930700000122161,0.0
S00006,IMS-CSCF,edge-B,242,DONE,7.9963,7.99867,2.364140000054249,2.364140000054249,0.095,1.676,0.5931400000542488,0.0
S00005,IMS-CSCF,edge-A,256,DONE,8.00292,8.00545,2.530819999947198,2.530819999947198,0.092,1.756,0.682819999947198,0.0
S00002,vRAN-DU,edge-B,246,DONE,8.00872,8.01296,4.238297000028979,4.238297000028979,0.142,3.348,0.7482970000289786,0.0
S00005,IMS-CSCF,edge-A,257,DONE,8.0153,8.01905,3.752457000018694,3.752457000018694,0.112,2.4,1.240457000018694,0.0
S00009,IoT-GW,edge-A,294,DONE,8.01554,8.01876,3.2180640000660787,3.2180640000660787,0.254,1.647,1.3170640000660787,0.0
S00006,IMS-CSCF,edge-B,243,DONE,8.02969,8.03362,3.930153999817776,3.930153999817776,0.209,2.252,1.469153999817776,0.0
S00010,IoT-GW,edge-B,252,DONE,8.02993,8.03524,5.314665000014429,5.314665000014429,0.293,3.912,1.109665000014429,0.0
S00007,Transcoder,core-1,170,DONE,8.02999,8.04736,17.365246000053958,27.365246000053958,0.103,15.883,1.379246000053957,5.0
S00002,vRAN-DU,edge-B,247,DONE,8.03525,8.04101,5.7634219999727065,5.7634219999727065,0.151,4.608,1.004421999972707,0.0
S00003,UPF,edge-A,270,DONE,8.03807,8.04596,7.888297999897986,7.888297999897986,0.112,3.532,4.244297999897986,0.0
S00010,IoT-GW,edge-B,253,DONE,8.04047,8.04802,7.552394999947865,7.552394999947865,4.155,2.265,1.1323949999478642,0.0
S00002,vRAN-DU,edge-B,248,DONE,8.04064,8.0487,8.061374999897453,8.061374999897453,0.105,6.91,1.046374999897452,0.0
S00009,IoT-GW,edge-A,295,DONE,8.04737,8.04958,2.2156950001317455,2.2156950001317455,0.095,1.408,0.7126950001317454,0.0
S00009,IoT-GW,edge-A,296,DONE,8.05191,8.05465,2.739367999993192,2.739367999993192,0.126,1.895,0.718367999993192,0.0
S00002,vRAN-DU,edge-B,249,DONE,8.05592,8.06161,5.691539000054036,5.691539000054036,0.085,4.737,0.8695390000540355,0.0
S00003,UPF,edge-A,271,DONE,8.06398,8.06747,3.4868440000082046,3.4868440000082046,0.173,2.488,0.8258440000082046,0.0
S00004,UPF,edge-B,265,DONE,8.07289,8.07754,4.654744999925242,4.654744999925242,0.089,3.51,1.055744999925242,0.0
S00010,IoT-GW,edge-B,254,DONE,8.07755,8.07944,1.8867779999709455,1.8867779999709455,0.081,1.199,0.6067779999709455,0.0
S00002,vRAN-DU,edge-B,250,DONE,8.08178,8.09005,8.266222999964157,8.266222999964157,0.109,7.162,0.9952229999641569,0.0
S00005,IMS-CSCF,edge-A,258,DONE,8.08554,8.09336,7.822311999916565,7.822311999916565,0.132,3.888,3.802311999916565,0.0
S00002,vRAN-DU,edge-B,251,DONE,8.08573,8.09412,8.389091000026383,8.389091000026383,0.111,6.923,1.3550910000263823,0.0
S00001,vRAN-DU,edge-A,253,DONE,8.08581,8.09622,10.412414000029457,10.412414000029457,0.23,8.985,1.1974140000294575,0.0
S00005,IMS-CSCF,edge-A,259,DONE,8.08814,8.09411,5.970299000182422,5.970299000182422,1.962,3.083,0.925299000182422,0.0
S00009,IoT-GW,edge-A,297,DONE,8.09337,8.09621,2.8369009999096306,2.8369009999096306,0.091,1.47,1.2759009999096305,0.0
S00001,vRAN-DU,edge-A,254,DONE,8.09353,8.10363,10.098814000002676,10.098814000002676,1.819,7.645,0.6348140000026774,0.0
S00002,vRAN-DU,edge-B,252,DONE,8.09539,8.10353,8.140491999938604,8.140491999938604,0.091,6.99,1.0594919999386043,0.0
S00005,IMS-CSCF,edge-A,260,DONE,8.09766,8.10005,2.390181999999186,2.390181999999186,0.085,1.442,0.8631819999991859,0.0
S00001,vRAN-DU,edge-A,255,DONE,8.10006,8.10415,4.0956919999644015,4.0956919999644015,0.072,3.534,0.4896919999644016,0.0
S00003,UPF,edge-A,272,DONE,8.10648,8.11183,5.357186999844998,5.357186999844998,0.093,4.389,0.8751869998449981,0.0
S00003,UPF,edge-A,273,DONE,8.10893,8.1164,7.463090000101147,7.463090000101147,2.229,3.991,1.2430900001011467,0.0
S00004,UPF,edge-B,266,DONE,8.10911,8.11639,7.275855999978376,7.275855999978376,0.163,5.357,1.7558559999783752,0.0
S00002,vRAN-DU,edge-B,253,DONE,8.11042,8.11678,6.3625909999700525,6.3625909999700525,0.088,5.128,1.1465909999700523,0.0
S00002,vRAN-DU,edge-B,254,DONE,8.1164,8.12097,4.561799000157407,4.561799000157407,0.178,3.849,0.534799000157407,0.0
S00006,IMS-CSCF,edge-B,244,DONE,8.11658,8.12355,6.974633000027097,6.974633000027097,0.129,5.907,0.9386330000270977,0.0
S00006,IMS-CSCF,edge-B,245,DONE,8.11663,8.12969,13.06094500000654,13.06094500000654,6.205,6.184,0.6719450000065406,0.0
S00002,vRAN-DU,edge-B,255,DONE,8.11667,8.12665,9.983388999899034,9.983388999899034,4.126,5.039,0.8183889998990344,0.0
S00003,UPF,edge-A,274,DONE,8.11803,8.12601,7.982803000004424,7.982803000004424,0.098,7.324,0.560803000004424,0.0
S00004,UPF,edge-B,267,DONE,8.12485,8.12933,4.480170999840993,4.480170999840993,1.212,2.556,0.7121709998409935,0.0
S00001,vRAN-DU,edge-A,256,DONE,8.12609,8.13506,8.975097000075039,8.975097000075039,0.08,8.423,0.4720970000750384,0.0
S00009,IoT-GW,edge-A,298,DONE,8.12934,8.13501,5.668490999823916,5.668490999823916,2.417,2.297,0.9544909998239164,0.0
S00010,IoT-GW,edge-B,255,DONE,8.12955,8.13102,1.4732549998370814,1.4732549998370814,0.061,0.991,0.4212549998370815,0.0
S00005,IMS-CSCF,edge-A,261,DONE,8.12975,8.13268,2.931862999957957,2.931862999957957,0.083,2.098,0.750862999957957,0.0
S00010,IoT-GW,edge-B,256,DONE,8.13275,8.13499,2.244316000087565,2.244316000087565,0.068,1.255,0.9213160000875651,0.0
S00005,IMS-CSCF,edge-A,262,DONE,8.13287,8.1372,4.321355999991283,4.321355999991283,1.178,1.923,1.2203559999912832,0.0
S00003,UPF,edge-A,275,DONE,8.14265,8.14718,4.529322000053071,4.529322000053071,0.09,3.519,0.920322000053071,0.0
S00006,IMS-CSCF,edge-B,246,DONE,8.14848,8.15059,2.109464000113803,2.109464000113803,0.089,1.314,0.7064640001138032,0.0
S00007,Transcoder,core-1,171,DONE,8.1487,8.16733,18.63359300000411,28.63359300000411,0.094,17.978,0.5615930000041089,5.0
S00003,UPF,edge-A,276,DONE,8.15383,8.15777,3.9379970000936737,3.9379970000936737,0.093,3.104,0.7409970000936736,0.0
S00007,Transcoder,core-1,172,DONE,8.15394,8.16849,14.5459299999402,24.5459299999402,0.186,10.42,3.9399299999401993,5.0
S00008,Transcoder,core-1,128,DONE,8.15518,8.17489,19.707632000063313,31.707632000063313,0.254,16.587,2.866632000063312,6.0
S00006,IMS-CSCF,edge-B,247,DONE,8.15899,8.16091,1.921075000154815,1.921075000154815,0.079,1.368,0.47407500015481485,0.0
S00005,IMS-CSCF,edge-A,263,DONE,8.16648,8.17123,4.750467000121716,4.750467000121716,0.095,3.4,1.2554670001217167,0.0
S00010,IoT-GW,edge-B,257,DONE,8.18123,8.18644,5.209754000134126,5.209754000134126,1.387,3.061,0.7617540001341259,0.0
S00006,IMS-CSCF,edge-B,248,DONE,8.18144,8.18575,4.311472000154026,4.311472000154026,0.084,2.475,1.7524720001540266,0.0
S00007,Transcoder,core-1,173,DONE,8.18336,8.20166,18.296614000064437,28.296614000064437,0.108,14.073,4.115614000064436,5.0
S00009,IoT-GW,edge-A,299,DONE,8.18352,8.19073,7.208254000033776,7.208254000033776,0.107,6.233,0.868254000033776,0.0
S00009,IoT-GW,edge-A,300,DONE,8.18781,8.19256,4.744279999840728,4.744279999840728,2.772,1.194,0.7782799998407284,0.0
S00007,Transcoder,core-1,174,DONE,8.19265,8.20296,10.302457000079812,20.302457000079812,0.118,9.444,0.740457000079811,5.0
S00006,IMS-CSCF,edge-B,249,DONE,8.20536,8.20897,3.6107759999595146,3.6107759999595146,0.091,1.963,1.5567759999595143,0.0
S00010,IoT-GW,edge-B,258,DONE,8.20779,8.21196,4.171965000068667,4.171965000068667,0.076,2.488,1.6079650000686674,0.0
S00010,IoT-GW,edge-B,259,DONE,8.21025,8.21405,3.7980740000875812,3.7980740000875812,1.366,1.82,0.6120740000875811,0.0
S00004,UPF,edge-B,268,DONE,8.21406,8.21885,4.789492999861977,4.789492999861977,0.088,4.208,0.49349299986197703,0.0
S00009,IoT-GW,edge-A,301,DONE,8.21415,8.21614,1.9843059999402612,1.9843059999402612,0.143,1.364,0.4773059999402611,0.0
S00009,IoT-GW,edge-A,302,DONE,8.21561,8.21802,2.403371999889714,2.403371999889714,0.052,1.452,0.8993719998897141,0.0
S00008,Transcoder,core-1,129,DONE,8.21802,8.22496,6.9330949997947755,18.933094999794776,0.082,6.179,0.6720949997947754,6.0
S00004,UPF,edge-B,269,DONE,8.23548,8.2414,5.923989999928381,5.923989999928381,0.117,4.575,1.2319899999283805,0.0
S00005,IMS-CSCF,edge-A,264,DONE,8.24367,8.24673,3.053990999887901,3.053990999887901,0.138,1.915,1.0009909998879012,0.0
S00008,Transcoder,core-1,130,DONE,8.24796,8.25499,7.023272999958863,19.023272999958863,0.09,6.158,0.7752729999588626,6.0
S00005,IMS-CSCF,edge-A,265,DONE,8.25137,8.255,3.6251809999612306,3.6251809999612306,0.081,2.907,0.6371809999612306,0.0
S00003,UPF,edge-A,277,DONE,8.255,8.25756,2.559124000072188,2.559124000072188,0.054,2.001,0.5041240000721885,0.0
S00002,vRAN-DU,edge-B,256,DONE,8.25735,8.26081,3.460455000094953,3.460455000094953,0.084,2.788,0.5884550000949531,0.0
S00010,IoT-GW,edge-B,260,DONE,8.25873,8.26007,1.3357519999317446,1.3357519999317446,0.061,0.794,0.48075199993174467,0.0
S00005,IMS-CSCF,edge-A,266,DONE,8.26007,8.262,1.92984999989676,1.92984999989676,0.054,1.551,0.32484999989676,0.0
S00007,Transcoder,core-1,175,DONE,8.26319,8.27681,13.625140999920404,23.625140999920404,0.132,12.973,0.5201409999204039,5.0
S00008,Transcoder,core-1,131,DONE,8.26327,8.27389,10.620982000091317,22.620982000091317,0.169,9.897,0.5549820000913162,6.0
S00004,UPF,edge-B,270,DONE,8.26653,8.2742,7.673302000057447,7.673302000057447,0.099,5.785,1.7893020000574467,0.0
S00002,vRAN-DU,edge-B,257,DONE,8.26781,8.27472,6.903693000140265,6.903693000140265,0.17,5.72,1.0136930001402655,0.0
S00004,UPF,edge-B,271,DONE,8.27073,8.27634,5.60853899992253,5.60853899992253,3.319,1.914,0.37553899992253004,0.0
S00004,UPF,edge-B,272,DONE,8.27472,8.27884,4.120071999977881,4.120071999977881,1.474,2.133,0.513071999977881,0.0
S00008,Transcoder,core-1,132,DONE,8.28113,8.28962,8.485242999995535,20.485242999995535,0.094,6.248,2.143242999995535,6.0
S00002,vRAN-DU,edge-B,258,DONE,8.2856,8.28979,4.190737000044464,4.190737000044464,0.094,2.834,1.262737000044464,0.0
S00009,IoT-GW,edge-A,303,DONE,8.28962,8.29227,2.6500989999931335,2.6500989999931335,0.082,1.979,0.5890989999931335,0.0
S00002,vRAN-DU,edge-B,259,DONE,8.29207,8.29614,4.066572000056112,4.066572000056112,0.153,3.12,0.7935720000561122,0.0
S00009,IoT-GW,edge-A,304,DONE,8.30752,8.31011,2.586693000012019,2.586693000012019,0.095,1.724,0.767693000012019,0.0
S00008,Transcoder,core-1,133,DONE,8.31233,8.33326,20.92976800008728,32.92976800008728,0.128,20.055,0.746768000087279,6.0
S00004,UPF,edge-B,273,DONE,8.32944,8.33564,6.204340000067532,6.204340000067532,0.091,5.323,0.7903400000675314,0.0
S00001,vRAN-DU,edge-A,257,DONE,8.3297,8.33864,8.943540999780453,8.943540999780453,0.157,7.086,1.7005409997804524,0.0
S00009,IoT-GW,edge-A,305,DONE,8.32976,8.33614,6.378722000135895,6.378722000135895,0.281,5.257,0.8407220001358953,0.0
S00009,IoT-GW,edge-A,306,DONE,8.3298,8.33761,7.81685800006926,7.81685800006926,5.81,0.924,1.0828580000692605,0.0
S00010,IoT-GW,edge-B,261,DONE,8.33304,8.33468,1.6353959999833023,1.6353959999833023,0.08,0.933,0.6223959999833022,0.0
S00010,IoT-GW,edge-B,262,DONE,8.33865,8.34759,8.936849000065195,8.936849000065195,0.064,8.181,0.6918490000651953,0.0
S00009,IoT-GW,edge-A,307,DONE,8.3388,8.34091,2.115958999866052,2.115958999866052,0.082,0.992,1.0419589998660523,0.0
S00008,Transcoder,core-1,134,DONE,8.33885,8.34869,9.839449000082823,21.839449000082823,0.086,9.084,0.6694490000828228,6.0
S00009,IoT-GW,edge-A,308,DONE,8.34092,8.35275,11.832331000050544,11.832331000050544,0.054,9.55,2.2283310000505434,0.0
S00005,IMS-CSCF,edge-A,267,DONE,8.34216,8.35074,8.574880000196572,8.574880000196572,0.049,8.074,0.4518800001965726,0.0
S00006,IMS-CSCF,edge-B,250,DONE,8.34577,8.35038,4.610435000131474,4.610435000131474,0.094,2.118,2.398435000131474,0.0
S00003,UPF,edge-A,278,DONE,8.34759,8.35314,5.548066000073959,5.548066000073959,2.894,2.223,0.431066000073959,0.0
S00009,IoT-GW,edge-A,309,DONE,8.3487,8.35276,4.066763000082574,4.066763000082574,2.18,0.737,1.1497630000825736,0.0
S00004,UPF,edge-B,274,DONE,8.35277,8.35611,3.3376910000697535,3.3376910000697535,0.076,2.646,0.6156910000697535,0.0
S00005,IMS-CSCF,edge-A,268,DONE,8.35432,8.35611,1.7906139999013249,1.7906139999013249,0.067,1.221,0.5026139999013248,0.0
S00002,vRAN-DU,edge-B,260,DONE,8.3604,8.36404,3.641056000105891,3.641056000105891,0.081,2.916,0.6440560001058913,0.0
S00002,vRAN-DU,edge-B,261,DONE,8.36177,8.36559,3.8239319999320287,3.8239319999320287,0.058,2.815,0.9509319999320289,0.0
S00009,IoT-GW,edge-A,310,DONE,8.36405,8.36593,1.8869510001877643,1.8869510001877643,0.143,1.333,0.4109510001877643,0.0
S00003,UPF,edge-A,279,DONE,8.36737,8.37008,2.705172000105449,2.705172000105449,0.057,2.252,0.3961720001054494,0.0
S00006,IMS-CSCF,edge-B,251,DONE,8.36966,8.37146,1.8077370000355586,1.8077370000355586,0.064,1.315,0.4287370000355586,0.0
S00004,UPF,edge-B,275,DONE,8.37265,8.37547,2.822451999918485,2.822451999918485,0.061,2.031,0.7304519999184849,0.0
S00009,IoT-GW,edge-A,311,DONE,8.37493,8.37776,2.828707000162467,2.828707000162467,0.073,2.369,0.38670700016246684,0.0
S00007,Transcoder,core-1,176,DONE,8.37534,8.38853,13.186884000106147,23.186884000106147,0.075,12.437,0.6748840001061485,5.0
S00009,IoT-GW,edge-A,312,DONE,8.381,8.38651,5.508840999937092,5.508840999937092,0.125,4.817,0.5668409999370922,0.0
S00008,Transcoder,core-1,135,DONE,8.38297,8.39125,8.275142999991658,20.275142999991658,0.078,7.634,0.5631429999916584,6.0
S00010,IoT-GW,edge-B,263,DONE,8.38854,8.39016,1.6270700000404759,1.6270700000404759,0.083,0.961,0.5830700000404759,0.0
S00002,vRAN-DU,edge-B,262,DONE,8.39552,8.3989,3.3865009997953166,3.3865009997953166,0.088,2.793,0.5055009997953164,0.0
S00010,IoT-GW,edge-B,264,DONE,8.40232,8.40407,1.746510999964812,1.746510999964812,0.068,1.107,0.571510999964812,0.0
S00004,UPF,edge-B,276,DONE,8.40379,8.40709,3.3030260001396528,3.3030260001396528,0.056,2.443,0.8040260001396526,0.0
S00004,UPF,edge-B,277,DONE,8.40386,8.40927,5.412981000063155,5.412981000063155,2.675,2.016,0.7219810000631552,0.0
S00002,vRAN-DU,edge-B,263,DONE,8.41663,8.42059,3.959491999921738,3.959491999921738,0.082,3.213,0.6644919999217382,0.0
S00008,Transcoder,core-1,136,DONE,8.41908,8.42667,7.59277900010602,19.59277900010602,0.082,6.812,0.6987790001060201,6.0
S00007,Transcoder,core-1,177,DONE,8.43107,8.44169,10.619426000175736,20.619426000175736,0.121,9.806,0.6924260001757361,5.0
S00009,IoT-GW,edge-A,313,DONE,8.43555,8.43787,2.315463000059026,2.315463000059026,0.082,1.735,0.498463000059026,0.0
S00002,vRAN-DU,edge-B,264,DONE,8.43745,8.44514,7.689448000064658,7.689448000064658,0.183,3.379,4.127448000064659,0.0
S00006,IMS-CSCF,edge-B,252,DONE,8.44171,8.4473,5.59301799989953,5.59301799989953,0.071,4.851,0.6710179998995303,0.0
S00001,vRAN-DU,edge-A,258,DONE,8.45466,8.46038,5.721368999957122,5.721368999957122,0.136,4.761,0.8243689999571213,0.0
S00008,Transcoder,core-1,137,DONE,8.45481,8.46906,14.247672000010425,26.247672000010425,0.088,13.626,0.5336720000104265,6.0
S00006,IMS-CSCF,edge-B,253,DONE,8.4553,8.45941,4.108233999886579,4.108233999886579,0.139,3.042,0.9272339998865791,0.0
S00001,vRAN-DU,edge-A,259,DONE,8.45667,8.46668,10.016661000008753,10.016661000008753,0.075,9.381,0.5606610000087535,0.0
S00001,vRAN-DU,edge-A,260,DONE,8.45942,8.46577,6.350419999989754,6.350419999989754,0.09,4.692,1.5684199999897537,0.0
S00004,UPF,edge-B,278,DONE,8.46554,8.46902,3.472539000085817,3.472539000085817,0.085,2.807,0.580539000085817,0.0
S00010,IoT-GW,edge-B,265,DONE,8.47431,8.47652,2.211119000094186,2.211119000094186,0.108,1.208,0.895119000094186,0.0
S00003,UPF,edge-A,280,DONE,8.47653,8.47984,3.3102600000347593,3.3102600000347593,0.08,2.411,0.8192600000347592,0.0
S00009,IoT-GW,edge-A,314,DONE,8.4789,8.48108,2.1816010000748065,2.1816010000748065,0.083,1.237,0.8616010000748062,0.0
S00002,vRAN-DU,edge-B,265,DONE,8.47985,8.48301,3.1643929999063403,3.1643929999063403,0.066,2.613,0.48539299990634044,0.0
S00006,IMS-CSCF,edge-B,254,DONE,8.48227,8.48397,1.701121999985844,1.701121999985844,0.089,1.171,0.441121999985844,0.0
S00007,Transcoder,core-1,178,DONE,8.48519,8.49254,7.345879000013156,17.345879000013156,0.085,6.622,0.6388790000131559,5.0
S00010,IoT-GW,edge-B,266,DONE,8.48544,8.48938,3.945181000062803,3.945181000062803,0.055,3.3,0.5901810000628029,0.0
S00004,UPF,edge-B,279,DONE,8.4867,8.49399,7.284411000000546,7.284411000000546,0.046,4.569,2.6694110000005455,0.0
S00005,IMS-CSCF,edge-A,269,DONE,8.48816,8.49094,2.78402100002495,2.78402100002495,0.187,2.006,0.5910210000249503,0.0
S00002,vRAN-DU,edge-B,266,DONE,8.49624,8.50153,5.288726999879145,5.288726999879145,0.086,2.988,2.214726999879145,0.0
S00008,Transcoder,core-1,138,DONE,8.49858,8.50622,7.635166999989451,19.63516699998945,0.08,6.317,1.238166999989451,6.0
S00006,IMS-CSCF,edge-B,255,DONE,8.50154,8.50645,4.912317999924198,4.912317999924198,0.057,4.424,0.4313179999241976,0.0
S00008,Transcoder,core-1,139,DONE,8.50659,8.51398,7.387573000187331,19.38757300018733,0.072,6.518,0.7975730001873309,6.0
S00001,vRAN-DU,edge-A,261,DONE,8.52304,8.53416,11.119693999944502,11.119693999944502,0.113,10.185,0.8216939999445021,0.0
S00005,IMS-CSCF,edge-A,270,DONE,8.52325,8.53106,7.801721000078032,7.801721000078032,0.176,7.118,0.5077210000780319,0.0
S00007,Transcoder,core-1,179,DONE,8.52331,8.54232,19.010885000170674,29.010885000170674,0.077,17.905,1.0288850001706713,5.0
S00002,vRAN-DU,edge-B,267,DONE,8.52342,8.53233,8.902643000055832,8.902643000055832,0.152,7.31,1.4406430000558332,0.0
S00002,vRAN-DU,edge-B,268,DONE,8.52358,8.53231,8.736259999977847,8.736259999977847,0.215,7.185,1.3362599999778473,0.0
S00003,UPF,edge-A,281,DONE,8.5307,8.53795,7.24728199998026,7.24728199998026,0.045,5.926,1.2762819999802595,0.0
S00004,UPF,edge-B,280,DONE,8.53084,8.53794,7.103350000079445,7.103350000079445,0.082,5.584,1.4373500000794452,0.0
S00006,IMS-CSCF,edge-B,256,DONE,8.53233,8.53793,5.592695999894204,5.592695999894204,0.075,2.071,3.4466959998942035,0.0
S00003,UPF,edge-A,282,DONE,8.53417,8.54,5.829323999932967,5.829323999932967,1.735,2.286,1.8083239999329668,0.0
S00005,IMS-CSCF,edge-A,271,DONE,8.54233,8.5442,1.8626999999469263,1.8626999999469263,0.067,1.237,0.5586999999469262,0.0
S00004,UPF,edge-B,281,DONE,8.54259,8.54641,3.820513999926334,3.820513999926334,0.098,3.211,0.5115139999263341,0.0
S00001,vRAN-DU,edge-A,262,DONE,8.5442,8.54721,3.013277000036396,3.013277000036396,0.045,2.615,0.35327700003639606,0.0
S00004,UPF,edge-B,282,DONE,8.54452,8.54988,5.356041000140976,5.356041000140976,0.817,3.26,1.2790410001409764,0.0
S00004,UPF,edge-B,283,DONE,8.54722,8.55206,4.842388000042774,4.842388000042774,0.689,1.952,2.2013880000427744,0.0
S00002,vRAN-DU,edge-B,269,DONE,8.55339,8.55811,4.723692000197843,4.723692000197843,0.083,4.07,0.5706920001978428,0.0
S00004,UPF,edge-B,284,DONE,8.55472,8.55707,2.3439639999196515,2.3439639999196515,0.052,1.957,0.3349639999196514,0.0
S00005,IMS-CSCF,edge-A,272,DONE,8.55812,8.5601,1.986494999982824,1.986494999982824,0.084,1.551,0.3514949999828241,0.0
S00006,IMS-CSCF,edge-B,257,DONE,8.55984,8.56189,2.052129000048808,2.052129000048808,0.052,1.351,0.6491290000488079,0.0
S00004,UPF,edge-B,285,DONE,8.5619,8.56861,6.716374999996333,6.716374999996333,0.045,6.326,0.34537499999633337,0.0
S00002,vRAN-DU,edge-B,270,DONE,8.56211,8.56917,7.054812999967908,7.054812999967908,0.066,6.602,0.3868129999679075,0.0
S00001,vRAN-DU,edge-A,263,DONE,8.56333,8.56673,3.3957980001559918,3.3957980001559918,0.064,2.902,0.42979800015599157,0.0
S00010,IoT-GW,edge-B,267,DONE,8.56601,8.5782,12.193715999956112,12.193715999956112,6.589,4.909,0.6957159999561116,0.0
S00006,IMS-CSCF,edge-B,258,DONE,8.56607,8.57857,12.498732000040036,12.498732000040036,2.872,8.649,0.9777320000400369,0.0
S00004,UPF,edge-B,286,DONE,8.56673,8.57287,6.143203000192443,6.143203000192443,1.941,3.834,0.36820300019244323,0.0
S00005,IMS-CSCF,edge-A,273,DONE,8.56797,8.57052,2.5570459999926243,2.5570459999926243,0.066,1.99,0.5010459999926244,0.0
S00007,Transcoder,core-1,180,DONE,8.57053,8.57957,9.042204999786918,19.042204999786918,0.075,8.359,0.6082049997869188,5.0
S00006,IMS-CSCF,edge-B,259,DONE,8.57751,8.58168,4.173600000058286,4.173600000058286,0.101,2.664,1.4086000000582861,0.0
S00009,IoT-GW,edge-A,315,DONE,8.57958,8.58402,4.442325000127312,4.442325000127312,0.358,3.385,0.6993250001273124,0.0
S00001,vRAN-DU,edge-A,264,DONE,8.57972,8.58394,4.216438999947059,4.216438999947059,0.075,3.625,0.5164389999470584,0.0
S00009,IoT-GW,edge-A,316,DONE,8.58099,8.58502,4.034924999814393,4.034924999814393,1.744,0.772,1.5189249998143934,0.0
S00005,IMS-CSCF,edge-A,274,DONE,8.58503,8.58739,2.361665000080393,2.361665000080393,0.083,1.777,0.5016650000803928,0.0
S00008,Transcoder,core-1,140,DONE,8.5874,8.59408,6.679028000007747,18.679028000007747,0.078,5.851,0.750028000007747,6.0
S00010,IoT-GW,edge-B,268,DONE,8.59284,8.59458,1.7404650000116817,1.7404650000116817,0.081,1.122,0.5374650000116816,0.0
S00006,IMS-CSCF,edge-B,260,DONE,8.59678,8.59927,2.492538999831595,2.492538999831595,0.072,1.3,1.1205389998315949,0.0
S00003,UPF,edge-A,283,DONE,8.59792,8.6004,2.4771099999725266,2.4771099999725266,0.077,1.919,0.48110999997252657,0.0
S00004,UPF,edge-B,287,DONE,8.60265,8.60702,4.376839999849835,4.376839999849835,0.062,3.523,0.7918399998498349,0.0
S00007,Transcoder,core-1,181,DONE,8.60607,8.62896,22.88904600004571,32.88904600004571,0.077,18.935,3.877046000045709,5.0
S00001,vRAN-DU,edge-A,265,DONE,8.60703,8.61093,3.900588999840693,3.900588999840693,0.072,3.315,0.5135889998406928,0.0
S00003,UPF,edge-A,284,DONE,8.60761,8.61243,4.821874000072057,4.821874000072057,0.05,4.154,0.6178740000720575,0.0
S00007,Transcoder,core-1,182,DONE,8.60769,8.61774,10.04138000007515,20.04138000007515,0.118,7.34,2.5833800000751506,5.0
S00007,Transcoder,core-1,183,DONE,8.61243,8.63173,19.29942500009929,29.29942500009929,4.431,14.394,0.47442500009928956,5.0
S00002,vRAN-DU,edge-B,271,DONE,8.61485,8.62275,7.8995320000103675,7.8995320000103675,0.108,6.664,1.1275320000103681,0.0
S00009,IoT-GW,edge-A,317,DONE,8.61737,8.62422,6.848430999980337,6.848430999980337,0.25,4.669,1.9294309999803376,0.0
S00002,vRAN-DU,edge-B,272,DONE,8.61746,8.62897,11.516142999880685,11.516142999880685,0.129,8.261,3.1261429998806864,0.0
S00006,IMS-CSCF,edge-B,261,DONE,8.61774,8.63085,13.109609000139244,13.109609000139244,8.549,3.138,1.4226090001392446,0.0
S00004,UPF,edge-B,288,DONE,8.61781,8.63017,12.357785999938642,12.357785999938642,3.159,7.49,1.7087859999386428,0.0
S00005,IMS-CSCF,edge-A,275,DONE,8.61792,8.62276,4.8481530000117345,4.8481530000117345,0.105,3.625,1.1181530000117341,0.0
S00005,IMS-CSCF,edge-A,276,DONE,8.62423,8.63143,7.199239999863494,7.199239999863494,0.175,6.317,0.7072399998634937,0.0
S00003,UPF,edge-A,285,DONE,8.62432,8.63018,5.8596810001745325,5.8596810001745325,0.078,4.825,0.9566810001745321,0.0
S00001,vRAN-DU,edge-A,266,DONE,8.62898,8.63541,6.43589600008454,6.43589600008454,0.065,5.376,0.9948960000845393,0.0
S00003,UPF,edge-A,286,DONE,8.63296,8.63911,6.146851000039533,6.146851000039533,0.073,5.718,0.3558510000395323,0.0
S00001,vRAN-DU,edge-A,267,DONE,8.63426,8.64388,9.620343000051435,9.620343000051435,0.737,8.205,0.6783430000514343,0.0
S00005,IMS-CSCF,edge-A,277,DONE,8.63434,8.64116,6.8209820001357,6.8209820001357,4.575,1.55,0.6959820001357,0.0
S00009,IoT-GW,edge-A,318,DONE,8.63742,8.64387,6.446823000032964,6.446823000032964,3.264,2.659,0.5238230000329644,0.0
S00005,IMS-CSCF,edge-A,278,DONE,8.64116,8.6462,5.032866999954422,5.032866999954422,2.364,2.289,0.37986699995442175,0.0
S00010,IoT-GW,edge-B,269,DONE,8.64139,8.64307,1.6764980000516516,1.6764980000516516,0.077,1.036,0.5634980000516516,0.0
S00010,IoT-GW,edge-B,270,DONE,8.64307,8.64619,3.1149239998740086,3.1149239998740086,0.049,2.555,0.5109239998740085,0.0
S00001,vRAN-DU,edge-A,268,DONE,8.6484,8.65399,5.59950799993203,5.59950799993203,0.053,4.67,0.8765079999320298,0.0
S00010,IoT-GW,edge-B,271,DONE,8.65183,8.65466,2.8216109999448236,2.8216109999448236,0.095,1.611,1.1156109999448234,0.0
S00002,vRAN-DU,edge-B,273,DONE,8.66201,8.66637,4.361712999980227,4.361712999980227,0.085,3.558,0.7187129999802275,0.0
S00007,Transcoder,core-1,184,DONE,8.67374,8.6815,7.753525999987687,17.753525999987687,0.122,6.713,0.9185259999876871,5.0
S00005,IMS-CSCF,edge-A,279,DONE,8.67624,8.67943,3.190427999925305,3.190427999925305,0.116,2.16,0.9144279999253047,0.0
S00002,vRAN-DU,edge-B,274,DONE,8.68072,8.68517,4.455011999880298,4.455011999880298,0.118,3.627,0.7100119998802983,0.0
S00002,vRAN-DU,edge-B,275,DONE,8.68755,8.69167,4.122965000078693,4.122965000078693,0.08,3.29,0.7529650000786932,0.0
S00002,vRAN-DU,edge-B,276,DONE,8.69168,8.69562,3.942864999999074,3.942864999999074,0.072,3.106,0.764864999999074,0.0
S00004,UPF,edge-B,289,DONE,8.6918,8.69529,3.4904900001038186,3.4904900001038186,0.129,2.436,0.9254900001038187,0.0
S00007,Transcoder,core-1,185,DONE,8.6953,8.70285,7.547760999841557,17.547760999841557,0.081,6.67,0.796760999841557,5.0
S00009,IoT-GW,edge-A,319,DONE,8.69543,8.70286,7.430684000155452,7.430684000155452,0.133,6.382,0.9156840001554523,0.0
S00005,IMS-CSCF,edge-A,280,DONE,8.71326,8.71614,2.8716050001094118,2.8716050001094118,0.122,1.734,1.015605000109412,0.0
S00001,vRAN-DU,edge-A,269,DONE,8.72165,8.7279,6.257559000005131,6.257559000005131,0.143,5.032,1.0825590000051308,0.0
S00004,UPF,edge-B,290,DONE,8.72734,8.731,3.6598070000763983,3.6598070000763983,0.113,2.476,1.0708070000763983,0.0
S00007,Transcoder,core-1,186,DONE,8.73335,8.75063,17.275282000127845,27.275282000127845,0.087,12.441,4.747282000127845,5.0
S00001,vRAN-DU,edge-A,270,DONE,8.73893,8.75061,11.680951000016648,11.680951000016648,0.098,5.73,5.852951000016647,0.0
S00005,IMS-CSCF,edge-A,281,DONE,8.73905,8.75158,12.523404999910781,12.523404999910781,0.396,11.24,0.88740499991078,0.0
S00003,UPF,edge-A,287,DONE,8.74155,8.75157,10.016554000003453,10.016554000003453,0.389,5.155,4.472554000003453,0.0
S00010,IoT-GW,edge-B,272,DONE,8.75064,8.7557,5.059236999841232,5.059236999841232,0.081,3.402,1.5762369998412318,0.0
S00005,IMS-CSCF,edge-A,282,DONE,8.75285,8.7562,3.3558249999714462,3.3558249999714462,0.079,2.746,0.530824999971446,0.0
S00002,vRAN-DU,edge-B,277,DONE,8.75754,8.7652,7.659024000076897,7.659024000076897,0.108,6.522,1.0290240000768973,0.0
S00003,UPF,edge-A,288,DONE,8.76003,8.76624,6.215893999979016,6.215893999979016,0.153,4.842,1.2208939999790172,0.0
S00009,IoT-GW,edge-A,320,DONE,8.76025,8.76588,5.631160999882923,5.631160999882923,0.463,4.457,0.7111609998829227,0.0
S00004,UPF,edge-B,291,DONE,8.7644,8.76988,5.480525000166381,5.480525000166381,0.088,4.216,1.1765250001663805,0.0
S00010,IoT-GW,edge-B,273,DONE,8.76462,8.76709,2.463466000108383,2.463466000108383,0.138,1.691,0.634466000108383,0.0
S00005,IMS-CSCF,edge-A,283,DONE,8.76956,8.77282,3.2641230000081123,3.2641230000081123,0.116,2.341,0.807123000008112,0.0
S00008,Transcoder,core-1,141,DONE,8.76971,8.78594,16.222688999960155,28.222688999960155,0.534,14.211,1.4776889999601543,6.0
S00003,UPF,edge-A,289,DONE,8.77823,8.78595,7.714514000099371,7.714514000099371,0.133,5.366,2.215514000099371,0.0
S00009,IoT-GW,edge-A,321,DONE,8.78453,8.78857,4.041171999915605,4.041171999915605,0.05,2.624,1.367171999915605,0.0
S00010,IoT-GW,edge-B,274,DONE,8.78602,8.78852,2.4934969999321765,2.4934969999321765,0.133,1.133,1.2274969999321765,0.0
S00004,UPF,edge-B,292,DONE,8.78734,8.79125,3.9094740000109596,3.9094740000109596,0.042,2.681,1.1864740000109597,0.0
S00010,IoT-GW,edge-B,275,DONE,8.7907,8.79441,3.7055059999602236,3.7055059999602236,1.734,1.038,0.9335059999602235,0.0
S00004,UPF,edge-B,293,DONE,8.7908,8.79607,5.269749000035517,5.269749000035517,0.05,4.32,0.8997490000355173,0.0
S00009,IoT-GW,edge-A,322,DONE,8.79323,8.79587,2.6413010000396753,2.6413010000396753,0.118,1.315,1.2083010000396754,0.0
S00010,IoT-GW,edge-B,276,DONE,8.79441,8.79588,1.4710519999425742,1.4710519999425742,0.049,0.592,0.8300519999425743,0.0
S00008,Transcoder,core-1,142,DONE,8.79589,8.80895,13.060117999884824,25.060117999884824,0.074,12.305,0.6811179998848242,6.0
S00004,UPF,edge-B,294,DONE,8.79833,8.80082,2.4924150000060763,2.4924150000060763,0.051,2.02,0.4214150000060761,0.0
S00009,IoT-GW,edge-A,323,DONE,8.80033,8.80291,2.576154000053066,2.576154000053066,0.121,1.908,0.5471540000530659,0.0
S00003,UPF,edge-A,290,DONE,8.802,8.80858,6.5724010000849376,6.5724010000849376,0.079,5.483,1.0104010000849382,0.0
S00003,UPF,edge-A,291,DONE,8.80292,8.81096,8.039870999937193,8.039870999937193,4.932,2.56,0.5478709999371927,0.0
S00004,UPF,edge-B,295,DONE,8.82157,8.82654,4.968537999957334,4.968537999957334,0.096,2.379,2.493537999957334,0.0
S00009,IoT-GW,edge-A,324,DONE,8.82409,8.82806,3.9736500000344677,3.9736500000344677,0.193,2.643,1.1376500000344678,0.0
S00003,UPF,edge-A,292,DONE,8.83563,8.83927,3.6443210001380066,3.6443210001380066,0.123,2.691,0.8303210001380066,0.0
S00002,vRAN-DU,edge-B,278,DONE,8.8371,8.84293,5.828739999969912,5.828739999969912,0.119,4.878,0.831739999969912,0.0
S00006,IMS-CSCF,edge-B,262,DONE,8.83928,8.84376,4.473965999977736,4.473965999977736,0.079,3.665,0.7299659999777361,0.0
S00008,Transcoder,core-1,143,DONE,8.84509,8.85906,13.969208999924376,25.969208999924376,0.09,13.166,0.713208999924376,6.0
S00003,UPF,edge-A,293,DONE,8.84525,8.84973,4.477294000025722,4.477294000025722,0.121,3.389,0.967294000025722,0.0
S00003,UPF,edge-A,294,DONE,8.85312,8.85874,5.621113999950467,5.621113999950467,0.119,4.525,0.9771139999504665,0.0
S00002,vRAN-DU,edge-B,279,DONE,8.85788,8.86393,6.05512400011321,6.05512400011321,0.094,5.019,0.9421240001132096,0.0
S00009,IoT-GW,edge-A,325,DONE,8.8603,8.86197,1.6720769999665208,1.6720769999665208,0.077,1.131,0.46407699996652085,0.0
S00002,vRAN-DU,edge-B,280,DONE,8.87632,8.88065,4.327660000171818,4.327660000171818,0.146,3.294,0.887660000171818,0.0
S00006,IMS-CSCF,edge-B,263,DONE,8.87653,8.88026,3.7254740000207676,3.7254740000207676,0.251,2.707,0.7674740000207678,0.0
S00010,IoT-GW,edge-B,277,DONE,8.87783,8.88197,4.138123000075211,4.138123000075211,0.543,1.598,1.997123000075211,0.0
S00007,Transcoder,core-1,187,DONE,8.88197,8.89465,12.681175000125222,22.681175000125222,0.122,11.233,1.3261750001252217,5.0
S00001,vRAN-DU,edge-A,271,DONE,8.8875,8.8949,7.391988999870591,7.391988999870591,0.119,6.461,0.8119889998705911,0.0
S00003,UPF,edge-A,295,DONE,8.88827,8.89466,6.398957000101291,6.398957000101291,0.131,4.425,1.8429570001012907,0.0
S00004,UPF,edge-B,296,DONE,8.88866,8.89464,5.97721700000875,5.97721700000875,0.112,4.52,1.3452170000087502,0.0
S00003,UPF,edge-A,296,DONE,8.88995,8.89684,6.893377000096734,6.893377000096734,4.064,2.427,0.40237700009673416,0.0
S00009,IoT-GW,edge-A,326,DONE,8.89467,8.89781,3.1374899999718764,3.1374899999718764,0.079,2.351,0.7074899999718762,0.0
S00003,UPF,edge-A,297,DONE,8.89477,8.90157,6.794590000026801,6.794590000026801,1.914,3.707,1.1735900000268016,0.0
S00007,Transcoder,core-1,188,DONE,8.90157,8.9122,10.62965100004476,20.62965100004476,0.117,9.791,0.7216510000447585,5.0
S00003,UPF,edge-A,298,DONE,8.90291,8.90999,7.073496999964846,7.073496999964846,0.118,3.971,2.984496999964845,0.0
S00002,vRAN-DU,edge-B,281,DONE,8.90301,8.90855,5.531699000130175,5.531699000130175,0.112,4.725,0.6946990001301749,0.0
S00005,IMS-CSCF,edge-A,284,DONE,8.90855,8.91092,2.3632370000541414,2.3632370000541414,0.093,1.735,0.5352370000541413,0.0
S00009,IoT-GW,edge-A,327,DONE,8.91221,8.91359,1.3829570000325475,1.3829570000325475,0.051,1.008,0.32395700003254757,0.0
S00003,UPF,edge-A,299,DONE,8.91782,8.92063,2.8193139999075356,2.8193139999075356,0.074,2.135,0.610313999907536,0.0
S00001,vRAN-DU,edge-A,272,DONE,8.92705,8.93265,5.594767000047796,5.594767000047796,0.12,4.458,1.0167670000477953,0.0
S00008,Transcoder,core-1,144,DONE,8.93397,8.94596,11.991539999826273,23.991539999826273,0.15,11.12,0.7215399998262733,6.0
S00005,IMS-CSCF,edge-A,285,DONE,8.93842,8.94362,5.197667999937039,5.197667999937039,0.099,4.369,0.729667999937039,0.0
S00009,IoT-GW,edge-A,328,DONE,8.94309,8.94519,2.107572000113578,2.107572000113578,0.102,1.16,0.845572000113578,0.0
S00001,vRAN-DU,edge-A,273,DONE,8.96143,8.96728,5.851287000041339,5.851287000041339,0.097,4.76,0.9942870000413384,0.0
S00006,IMS-CSCF,edge-B,264,DONE,8.96739,8.9703,2.9154790001939546,2.9154790001939546,0.102,1.984,0.8294790001939547,0.0
S00002,vRAN-DU,edge-B,282,DONE,8.96888,8.97252,3.639519999978802,3.639519999978802,0.183,2.847,0.6095199999788021,0.0
S00002,vRAN-DU,edge-B,283,DONE,8.97586,8.98116,5.296378999901208,5.296378999901208,0.105,4.482,0.7093789999012072,0.0
S00005,IMS-CSCF,edge-A,286,DONE,8.97833,8.98115,2.8233830000772286,2.8233830000772286,0.11,1.858,0.8553830000772287,0.0
S00006,IMS-CSCF,edge-B,265,DONE,8.98361,8.98652,2.9068809999444056,2.9068809999444056,0.079,1.957,0.8708809999444054,0.0
S00009,IoT-GW,edge-A,329,DONE,8.99187,8.99496,3.088534000198706,3.088534000198706,0.113,1.848,1.127534000198706,0.0
S00002,vRAN-DU,edge-B,284,DONE,8.99333,8.99718,3.8510730000780313,3.8510730000780313,0.087,3.101,0.6630730000780312,0.0
S00005,IMS-CSCF,edge-A,287,DONE,9.00359,9.00695,3.3537320000505133,3.3537320000505133,0.092,2.365,0.896732000050513,0.0
S00001,vRAN-DU,edge-A,274,DONE,9.01024,9.01383,3.5889579999093257,3.5889579999093257,0.082,2.814,0.6929579999093258,0.0
S00001,vRAN-DU,edge-A,275,DONE,9.01363,9.01691,3.2841289998941647,3.2841289998941647,0.043,2.79,0.45112899989416455,0.0
S00005,IMS-CSCF,edge-A,288,DONE,9.01504,9.01697,1.927672000192615,1.927672000192615,0.076,1.336,0.5156720001926149,0.0
S00009,IoT-GW,edge-A,330,DONE,9.01513,9.01924,4.109126000003016,4.109126000003016,1.601,0.833,1.6751260000030161,0.0
S00004,UPF,edge-B,297,DONE,9.01636,9.01967,3.311367999913273,3.311367999913273,0.086,2.583,0.6423679999132728,0.0
S00010,IoT-GW,edge-B,278,DONE,9.01924,9.02095,1.710211000045092,1.710211000045092,0.045,1.04,0.6252110000450921,0.0
S00008,Transcoder,core-1,145,DONE,9.01973,9.02682,7.095443000025625,19.095443000025625,0.079,6.232,0.7844430000256253,6.0
S00008,Transcoder,core-1,146,DONE,9.02826,9.05374,25.488232000043354,37.488232000043354,0.086,22.275,3.1272320000433567,6.0
S00003,UPF,edge-A,300,DONE,9.02839,9.03174,3.3448130000124365,3.3448130000124365,0.087,2.576,0.6818130000124363,0.0
S00009,IoT-GW,edge-A,331,DONE,9.02896,9.03354,4.583831999980248,4.583831999980248,0.08,2.713,1.7908319999802478,0.0
S00006,IMS-CSCF,edge-B,266,DONE,9.03174,9.03829,6.548835000103281,6.548835000103281,0.088,5.749,0.7118350001032816,0.0
S00002,vRAN-DU,edge-B,285,DONE,9.03355,9.05088,17.330287000049793,17.330287000049793,0.068,15.948,1.3142870000497915,0.0
S00007,Transcoder,core-1,189,DONE,9.03686,9.05982,22.955408000143507,32.95540800014351,0.085,22.055,0.8154080001435062,5.0
S00004,UPF,edge-B,298,DONE,9.0383,9.05089,12.594497000009142,12.594497000009142,0.07,10.939,1.5854970000091413,0.0
S00005,IMS-CSCF,edge-A,289,DONE,9.03909,9.04168,2.5851030000012543,2.5851030000012543,0.154,1.449,0.9821030000012543,0.0
S00008,Transcoder,core-1,147,DONE,9.04168,9.06405,22.369747000084317,34.36974700008432,0.078,19.352,2.939747000084317,6.0
S00002,vRAN-DU,edge-B,286,DONE,9.04728,9.05808,10.808343999997305,10.808343999997305,0.084,7.237,3.4873439999973055,0.0
S00001,vRAN-DU,edge-A,276,DONE,9.04743,9.05376,6.32827599997654,6.32827599997654,0.094,3.609,2.62527599997654,0.0
S00005,IMS-CSCF,edge-A,290,DONE,9.05376,9.05878,5.0152280000475,5.0152280000475,0.107,4.271,0.6372280000475001,0.0
S00001,vRAN-DU,edge-A,277,DONE,9.05983,9.06604,6.209153000099832,6.209153000099832,0.107,5.183,0.9191530000998318,0.0
S00009,IoT-GW,edge-A,332,DONE,9.06406,9.07567,11.607637999986764,11.607637999986764,8.64,1.969,0.9986379999867634,0.0
S00006,IMS-CSCF,edge-B,267,DONE,9.06417,9.07211,7.9360409999935655,7.9360409999935655,0.152,3.795,3.9890409999935654,0.0
S00003,UPF,edge-A,301,DONE,9.06424,9.07382,9.584578999920268,9.584578999920268,1.462,6.775,1.3475789999202679,0.0
S00001,vRAN-DU,edge-A,278,DONE,9.06428,9.08012,15.835236999919289,15.835236999919289,0.106,14.435,1.2942369999192884,0.0
S00009,IoT-GW,edge-A,333,DONE,9.06432,9.08361,19.28927700009808,19.28927700009808,17.676,0.916,0.6972770000980834,0.0
S00010,IoT-GW,edge-B,279,DONE,9.06604,9.07381,7.767693000005238,7.767693000005238,0.143,6.313,1.3116930000052385,0.0
S00002,vRAN-DU,edge-B,287,DONE,9.06613,9.0804,14.270197000087137,14.270197000087137,3.674,9.925,0.6711970000871368,0.0
S00004,UPF,edge-B,299,DONE,9.07212,9.08009,7.973619000040344,7.973619000040344,0.085,4.909,2.979619000040344,0.0
S00010,IoT-GW,edge-B,280,DONE,9.0723,9.08011,7.808330999978352,7.808330999978352,5.229,1.337,1.2423309999783523,0.0
S00005,IMS-CSCF,edge-A,291,DONE,9.07236,9.08399,11.63229600001614,11.63229600001614,6.246,4.26,1.12629600001614,0.0
S00005,IMS-CSCF,edge-A,292,DONE,9.07256,9.08536,12.80720099998689,12.80720099998689,10.671,1.117,1.0192009999868903,0.0
S00003,UPF,edge-A,302,DONE,9.07383,9.08268,8.854843999870354,8.854843999870354,1.464,5.685,1.7058439998703543,0.0
S00005,IMS-CSCF,edge-A,293,DONE,9.08012,9.08665,6.532244000027276,6.532244000027276,3.06,1.045,2.4272440000272764,0.0
S00007,Transcoder,core-1,190,DONE,9.08022,9.09153,11.305758999924365,21.305758999924365,0.115,10.324,0.8667589999243646,5.0
S00010,IoT-GW,edge-B,281,DONE,9.09797,9.1029,4.929945999947449,4.929945999947449,0.131,1.609,3.189945999947449,0.0
S00008,Transcoder,core-1,148,DONE,9.10291,9.11176,8.84703399992759,20.84703399992759,0.163,7.838,0.846033999927589,6.0
S00006,IMS-CSCF,edge-B,268,DONE,9.11106,9.11476,3.697891999991043,3.697891999991043,0.33,2.636,0.7318919999910429,0.0
S00010,IoT-GW,edge-B,282,DONE,9.11121,9.11385,2.6361640000232,2.6361640000232,0.419,1.595,0.6221640000232,0.0
S00006,IMS-CSCF,edge-B,269,DONE,9.12016,9.12341,3.2493420001173945,3.2493420001173945,0.09,2.209,0.9503420001173946,0.0
S00005,IMS-CSCF,edge-A,294,DONE,9.12341,9.12599,2.578933999984656,2.578933999984656,0.129,1.738,0.7119339999846561,0.0
S00006,IMS-CSCF,edge-B,270,DONE,9.12726,9.13003,2.765024999916932,2.765024999916932,0.083,2.019,0.6630249999169315,0.0
S00001,vRAN-DU,edge-A,279,DONE,9.13132,9.13521,3.892720000067129,3.892720000067129,0.114,3.09,0.6887200000671294,0.0
S00004,UPF,edge-B,300,DONE,9.13481,9.13812,3.3173619999615767,3.3173619999615767,0.158,2.3,0.8593619999615769,0.0
S00010,IoT-GW,edge-B,283,DONE,9.14252,9.1448,2.280733000134205,2.280733000134205,0.072,1.617,0.5917330001342052,0.0
S00003,UPF,edge-A,303,DONE,9.14809,9.15162,3.531955999960701,3.531955999960701,0.127,2.43,0.9749559999607009,0.0
S00002,vRAN-DU,edge-B,288,DONE,9.15389,9.15794,4.040992999989612,4.040992999989612,0.089,3.192,0.759992999989612,0.0
S00004,UPF,edge-B,301,DONE,9.15961,9.16333,3.725200999951994,3.725200999951994,0.077,2.624,1.024200999951994,0.0
S00010,IoT-GW,edge-B,284,DONE,9.16111,9.16372,2.6123029999780556,2.6123029999780556,0.117,1.989,0.5063029999780555,0.0
S00002,vRAN-DU,edge-B,289,DONE,9.1624,9.16614,3.736532999937481,3.736532999937481,0.095,2.9,0.7415329999374807,0.0
S00003,UPF,edge-A,304,DONE,9.16595,9.16911,3.1645249998746294,3.1645249998746294,0.143,2.359,0.6625249998746296,0.0
S00002,vRAN-DU,edge-B,290,DONE,9.16733,9.17161,4.282680000187611,4.282680000187611,0.089,3.409,0.7846800001876106,0.0
S00006,IMS-CSCF,edge-B,271,DONE,9.16742,9.17184,4.425932999993165,4.425932999993165,1.667,2.244,0.5149329999931651,0.0
S00010,IoT-GW,edge-B,285,DONE,9.17135,9.17306,1.7107930000292981,1.7107930000292981,0.05,1.006,0.6547930000292981,0.0
S00010,IoT-GW,edge-B,286,DONE,9.17763,9.1797,2.065533999939362,2.065533999939362,0.082,1.247,0.7365339999393616,0.0
S00008,Transcoder,core-1,149,DONE,9.17971,9.18835,8.64736200014704,20.64736200014704,0.139,7.529,0.9793620001470416,6.0
S00002,vRAN-DU,edge-B,291,DONE,9.17984,9.1884,8.564182999862169,8.564182999862169,0.075,7.753,0.7361829998621694,0.0
S00005,IMS-CSCF,edge-A,295,DONE,9.18322,9.18515,1.933132999965892,1.933132999965892,0.085,1.347,0.501132999965892,0.0
S00010,IoT-GW,edge-B,287,DONE,9.18748,9.18993,2.4494169999798032,2.4494169999798032,0.147,1.402,0.9004169999798035,0.0
S00001,vRAN-DU,edge-A,280,DONE,9.19122,9.19611,4.895665000049121,4.895665000049121,0.111,3.939,0.845665000049121,0.0
S00001,vRAN-DU,edge-A,281,DONE,9.19954,9.20985,10.311996999917028,10.311996999917028,0.087,9.407,0.8179969999170282,0.0
S00002,vRAN-DU,edge-B,292,DONE,9.19976,9.20563,5.876634000060221,5.876634000060221,0.118,4.506,1.2526340000602207,0.0
S00002,vRAN-DU,edge-B,293,DONE,9.20335,9.20819,4.837544999872989,4.837544999872989,0.098,3.92,0.8195449998729893,0.0
S00008,Transcoder,core-1,150,DONE,9.20357,9.22454,20.97100099990712,32.97100099990712,0.114,20.132,0.7250009999071167,6.0
S00007,Transcoder,core-1,191,DONE,9.20791,9.22137,13.46212600014951,23.46212600014951,0.093,12.613,0.7561260001495107,5.0
S00002,vRAN-DU,edge-B,294,DONE,9.21417,9.22317,9.001899000168123,9.001899000168123,0.093,8.072,0.836899000168124,0.0
S00005,IMS-CSCF,edge-A,296,DONE,9.22138,9.22408,2.698279000014736,2.698279000014736,0.087,1.363,1.248279000014736,0.0
S00004,UPF,edge-B,302,DONE,9.22793,9.23439,6.461055000045235,6.461055000045235,0.156,5.174,1.1310550000452348,0.0
S00006,IMS-CSCF,edge-B,272,DONE,9.22823,9.23286,4.639064000002691,4.639064000002691,0.331,3.621,0.6870640000026902,0.0
S00008,Transcoder,core-1,151,DONE,9.22961,9.246,16.3844579999477,28.3844579999477,0.207,15.456,0.7214579999476989,6.0
S00010,IoT-GW,edge-B,288,DONE,9.2344,9.24334,8.937528000160455,8.937528000160455,0.192,7.196,1.5495280001604552,0.0
S00006,IMS-CSCF,edge-B,273,DONE,9.23981,9.24412,4.309467999974004,4.309467999974004,0.087,3.352,0.8704679999740041,0.0
S00005,IMS-CSCF,edge-A,297,DONE,9.24139,9.24605,4.658153000036691,4.658153000036691,0.095,4.009,0.554153000036691,0.0
S00004,UPF,edge-B,303,DONE,9.25193,9.26209,10.159374999830106,10.159374999830106,0.2,8.235,1.7243749998301077,0.0
S00003,UPF,edge-A,305,DONE,9.25311,9.26012,7.011107999915112,7.011107999915112,0.091,2.149,4.771107999915111,0.0
S00003,UPF,edge-A,306,DONE,9.25448,9.26013,5.650006999985635,5.650006999985635,0.364,1.963,3.323006999985635,0.0
S00010,IoT-GW,edge-B,289,DONE,9.25523,9.26889,13.66431300016302,13.66431300016302,0.743,12.378,0.5433130001630193,0.0
S00005,IMS-CSCF,edge-A,298,DONE,9.26014,9.26211,1.9666389998747036,1.9666389998747036,0.068,1.17,0.7286389998747036,0.0
S00004,UPF,edge-B,304,DONE,9.26032,9.26746,7.145724999872982,7.145724999872982,0.178,5.681,1.2867249998729822,0.0
S00001,vRAN-DU,edge-A,282,DONE,9.26175,9.2649,3.151061000153277,3.151061000153277,0.055,2.38,0.7160610001532768,0.0
S00003,UPF,edge-A,307,DONE,9.26491,9.26722,2.30879399987316,2.30879399987316,0.047,1.732,0.5297939998731598,0.0
S00004,UPF,edge-B,305,DONE,9.26722,9.27029,3.0693999999584776,3.0693999999584776,0.086,2.277,0.7063999999584776,0.0
S00003,UPF,edge-A,308,DONE,9.27155,9.27908,7.5308489999770245,7.5308489999770245,0.066,6.855,0.6098489999770242,0.0
S00002,vRAN-DU,edge-B,295,DONE,9.27711,9.29039,13.281347999964055,13.281347999964055,0.099,12.623,0.5593479999640554,0.0
S00010,IoT-GW,edge-B,290,DONE,9.27722,9.28047,3.2482319998052844,3.2482319998052844,0.156,2.315,0.7772319998052843,0.0
S00009,IoT-GW,edge-A,334,DONE,9.28047,9.28795,7.477094000023499,7.477094000023499,0.132,6.864,0.4810940000234991,0.0
S00005,IMS-CSCF,edge-A,299,DONE,9.28057,9.28292,2.3490020000735967,2.3490020000735967,0.216,1.527,0.6060020000735966,0.0
S00009,IoT-GW,edge-A,335,DONE,9.28292,9.29121,8.290374000125666,8.290374000125666,4.975,2.953,0.362374000125667,0.0
S00010,IoT-GW,edge-B,291,DONE,9.28314,9.28954,6.406772999980603,6.406772999980603,0.064,5.957,0.38577299998060344,0.0
S00006,IMS-CSCF,edge-B,274,DONE,9.28437,9.29518,10.808677000113676,10.808677000113676,5.89,4.033,0.8856770001136756,0.0
S00001,vRAN-DU,edge-A,283,DONE,9.28447,9.28985,5.384799000012208,5.384799000012208,0.061,4.885,0.4387990000122084,0.0
S00010,IoT-GW,edge-B,292,DONE,9.28566,9.30015,14.489788999981101,14.489788999981101,11.938,2.038,0.513788999981101,0.0
S00002,vRAN-DU,edge-B,296,DONE,9.28686,9.29776,10.891501000060089,10.891501000060089,2.957,7.518,0.41650100006008905,0.0
S00009,IoT-GW,edge-A,336,DONE,9.2924,9.29388,1.4771270000437653,1.4771270000437653,0.053,1.026,0.39812700004376533,0.0
S00002,vRAN-DU,edge-B,297,DONE,9.29388,9.30145,7.570753999971203,7.570753999971203,0.854,6.242,0.4747539999712025,0.0
S00002,vRAN-DU,edge-B,298,DONE,9.29912,9.30431,5.193592999830798,5.193592999830798,0.469,3.938,0.7865929998307979,0.0
S00001,vRAN-DU,edge-A,284,DONE,9.30015,9.30857,8.417412999961016,8.417412999961016,0.077,7.6,0.7404129999610163,0.0
S00001,vRAN-DU,edge-A,285,DONE,9.30363,9.31001,6.372100999897157,6.372100999897157,0.069,5.136,1.1671009998971567,0.0
S00006,IMS-CSCF,edge-B,275,DONE,9.30371,9.31074,7.032580999975835,7.032580999975835,0.057,6.067,0.9085809999758343,0.0
S00003,UPF,edge-A,309,DONE,9.30632,9.31075,4.429311999956553,4.429311999956553,1.873,1.863,0.6933119999565531,0.0
S00001,vRAN-DU,edge-A,286,DONE,9.30754,9.31385,6.30352899997888,6.30352899997888,2.13,3.762,0.41152899997888026,0.0
S00005,IMS-CSCF,edge-A,300,DONE,9.30773,9.31379,6.060824999849501,6.060824999849501,2.54,3.18,0.340824999849501,0.0
S00001,vRAN-DU,edge-A,287,DONE,9.31075,9.3171,6.351248000100895,6.351248000100895,2.823,2.962,0.5662480001008952,0.0
S00008,Transcoder,core-1,152,DONE,9.31504,9.32337,8.328546000029746,20.328546000029746,0.115,7.477,0.7365460000297457,6.0
S00009,IoT-GW,edge-A,337,DONE,9.31513,9.32961,14.473383999984435,14.473383999984435,0.065,12.42,1.9883839999844355,0.0
S00007,Transcoder,core-1,192,DONE,9.31711,9.34118,24.06999899994844,34.06999899994844,0.079,22.91,1.080998999948438,5.0
S00010,IoT-GW,edge-B,293,DONE,9.32044,9.3296,9.1528330001438,9.1528330001438,0.083,7.299,1.7708330001438002,0.0
S00010,IoT-GW,edge-B,294,DONE,9.32155,9.33669,15.135977999989336,15.135977999989336,6.423,8.217,0.49597799998933567,0.0
S00008,Transcoder,core-1,153,DONE,9.32461,9.33803,13.423463999970409,25.42346399997041,0.062,12.746,0.6154639999704088,6.0
S00003,UPF,edge-A,310,DONE,9.32469,9.33095,6.260988999883921,6.260988999883921,0.049,1.92,4.2919889998839205,0.0
S00002,vRAN-DU,edge-B,299,DONE,9.32961,9.34465,15.04074100012076,15.04074100012076,0.12,10.59,4.330741000120762,0.0
S00007,Transcoder,core-1,193,DONE,9.32974,9.34456,14.820546999999351,24.82054699999935,0.066,14.31,0.4445469999993499,5.0
S00007,Transcoder,core-1,194,DONE,9.33622,9.34777,11.546497000153977,21.546497000153977,3.927,6.711,0.9084970001539769,5.0
S00010,IoT-GW,edge-B,295,DONE,9.33804,9.3446,6.562975000178994,6.562975000178994,0.073,4.081,2.4089750001789936,0.0
S00005,IMS-CSCF,edge-A,301,DONE,9.34119,9.34408,2.8871560000425234,2.8871560000425234,0.093,2.193,0.6011560000425233,0.0
S00002,vRAN-DU,edge-B,300,DONE,9.34777,9.35106,3.285681999841472,3.285681999841472,0.085,2.643,0.5576819998414724,0.0
S00001,vRAN-DU,edge-A,288,DONE,9.35228,9.35781,5.526952000082019,5.526952000082019,0.078,4.445,1.0039520000820188,0.0
S00002,vRAN-DU,edge-B,301,DONE,9.35237,9.3578,5.4296509999858245,5.4296509999858245,0.079,4.489,0.8616509999858248,0.0
S00004,UPF,edge-B,306,DONE,9.35251,9.35779,5.281370000147945,5.281370000147945,0.038,4.244,0.9993700001479446,0.0
S00005,IMS-CSCF,edge-A,302,DONE,9.35472,9.3578,3.088472999934311,3.088472999934311,0.073,2.182,0.8334729999343109,0.0
S00010,IoT-GW,edge-B,296,DONE,9.35708,9.35876,1.6838600001847226,1.6838600001847226,0.08,1.112,0.4918600001847224,0.0
S00009,IoT-GW,edge-A,338,DONE,9.36105,9.36285,1.8002599999817903,1.8002599999817903,0.129,1.313,0.35825999998179037,0.0
S00004,UPF,edge-B,307,DONE,9.36154,9.36432,2.7769829998760542,2.7769829998760542,0.058,2.245,0.4739829998760543,0.0
S00003,UPF,edge-A,311,DONE,9.36432,9.367,2.6815230000920565,2.6815230000920565,0.073,2.248,0.3605230000920563,0.0
S00009,IoT-GW,edge-A,339,DONE,9.36476,9.36671,1.9421580000198446,1.9421580000198446,0.046,1.16,0.7361580000198447,0.0
S00009,IoT-GW,edge-A,340,DONE,9.36701,9.36822,1.213372999927742,1.213372999927742,0.039,0.758,0.4163729999277421,0.0
S00002,vRAN-DU,edge-B,302,DONE,9.36822,9.37181,3.5834810000778816,3.5834810000778816,0.069,3.056,0.4584810000778816,0.0
S00009,IoT-GW,edge-A,341,DONE,9.36947,9.37204,2.566080999940823,2.566080999940823,0.045,2.04,0.481080999940823,0.0
S00006,IMS-CSCF,edge-B,276,DONE,9.38036,9.38285,2.488425000137795,2.488425000137795,0.078,1.492,0.9184250001377952,0.0
S00004,UPF,edge-B,308,DONE,9.38286,9.3861,3.244095000127345,3.244095000127345,0.05,2.632,0.562095000127345,0.0
S00010,IoT-GW,edge-B,297,DONE,9.38611,9.3877,1.596605000031559,1.596605000031559,0.053,1.095,0.4486050000315591,0.0
S00008,Transcoder,core-1,154,DONE,9.39404,9.42171,27.6663429999644,39.6663429999644,0.091,26.777,0.7983429999643974,6.0
S00006,IMS-CSCF,edge-B,277,DONE,9.40281,9.40584,3.0391850000341947,3.0391850000341947,0.087,2.166,0.7861850000341946,0.0
S00001,vRAN-DU,edge-A,289,DONE,9.40585,9.41385,7.996588999958476,7.996588999958476,0.087,7.432,0.4775889999584759,0.0
S00004,UPF,edge-B,309,DONE,9.40633,9.41925,12.915244000168968,12.915244000168968,0.055,12.304,0.5562440001689684,0.0
S00005,IMS-CSCF,edge-A,303,DONE,9.40754,9.41262,5.075070999964737,5.075070999964737,0.054,4.031,0.990070999964737,0.0
S00008,Transcoder,core-1,155,DONE,9.40975,9.43005,20.305932999917786,32.305932999917786,0.072,17.373,2.860932999917786,6.0
S00002,vRAN-DU,edge-B,303,DONE,9.41262,9.42198,9.354612999914025,9.354612999914025,0.055,8.755,0.5446129999140243,0.0
S00007,Transcoder,core-1,195,DONE,9.41268,9.43121,18.523908999895866,28.523908999895866,0.051,18.083,0.38990899989586936,5.0
S00010,IoT-GW,edge-B,298,DONE,9.42725,9.4312,3.9484720000473317,3.9484720000473317,0.102,1.229,2.6174720000473317,0.0
S00002,vRAN-DU,edge-B,304,DONE,9.43247,9.44167,9.202116000096794,9.202116000096794,0.054,4.78,4.368116000096793,0.0
S00008,Transcoder,core-1,156,DONE,9.43286,9.44661,13.750131000051624,25.750131000051624,0.104,10.501,3.1451310000516255,6.0
S00006,IMS-CSCF,edge-B,278,DONE,9.43293,9.44168,8.748833000026934,8.748833000026934,0.061,4.71,3.9778330000269344,0.0
S00005,IMS-CSCF,edge-A,304,DONE,9.43458,9.43699,2.410498000017469,2.410498000017469,0.095,1.802,0.5134980000174689,0.0
S00005,IMS-CSCF,edge-A,305,DONE,9.44169,9.44434,2.6501560000724567,2.6501560000724567,0.095,1.916,0.6391560000724565,0.0
S00006,IMS-CSCF,edge-B,279,DONE,9.44178,9.44433,2.550444000007701,2.550444000007701,0.092,1.93,0.5284440000077011,0.0
S00009,IoT-GW,edge-A,342,DONE,9.44783,9.44939,1.5685969999594818,1.5685969999594818,0.067,0.956,0.5455969999594819,0.0
S00010,IoT-GW,edge-B,299,DONE,9.4494,9.45153,2.129998000100386,2.129998000100386,0.07,1.286,0.7739980001003861,0.0
S00007,Transcoder,core-1,196,DONE,9.4506,9.4636,12.996312000041144,22.996312000041144,0.07,12.458,0.46831200004114315,5.0
S00005,IMS-CSCF,edge-A,306,DONE,9.45129,9.45894,7.657902000119066,7.657902000119066,0.313,6.528,0.8169020001190663,0.0
S00003,UPF,edge-A,312,DONE,9.45154,9.45704,5.50193499998386,5.50193499998386,0.07,4.765,0.6669349999838596,0.0
S00001,vRAN-DU,edge-A,290,DONE,9.45378,9.46124,7.4608739998893725,7.4608739998893725,0.472,4.226,2.762873999889373,0.0
S00010,IoT-GW,edge-B,300,DONE,9.45895,9.46075,1.7974779998439772,1.7974779998439772,0.086,1.277,0.43447799984397717,0.0
S00009,IoT-GW,edge-A,343,DONE,9.46252,9.46435,1.828681000006327,1.828681000006327,0.051,1.27,0.507681000006327,0.0
S00007,Transcoder,core-1,197,DONE,9.46366,9.47627,12.605366999878242,22.605366999878242,0.072,10.126,2.407366999878244,5.0
S00002,vRAN-DU,edge-B,305,DONE,9.46436,9.47048,6.124553000063315,6.124553000063315,0.074,5.444,0.6065530000633155,0.0
S00009,IoT-GW,edge-A,344,DONE,9.46771,9.46954,1.8369500000972039,1.8369500000972039,0.079,1.267,0.490950000097204,0.0
S00003,UPF,edge-A,313,DONE,9.47049,9.47784,7.356736000019737,7.356736000019737,0.073,6.817,0.46673600001973625,0.0
S00002,vRAN-DU,edge-B,306,DONE,9.47274,9.47628,3.533682999886878,3.533682999886878,0.084,2.91,0.5396829998868777,0.0
S00003,UPF,edge-A,314,DONE,9.47628,9.48257,6.295592000014949,6.295592000014949,0.069,4.053,2.173592000014949,0.0
S00002,vRAN-DU,edge-B,307,DONE,9.47633,9.48664,10.303770999826156,10.303770999826156,0.053,7.828,2.422770999826155,0.0
S00001,vRAN-DU,edge-A,291,DONE,9.48008,9.4883,8.217712000032407,8.217712000032407,0.11,7.586,0.5217120000324069,0.0
S00003,UPF,edge-A,315,DONE,9.48144,9.48974,8.298966999973345,8.298966999973345,0.595,7.236,0.46796699997334557,0.0
S00007,Transcoder,core-1,198,DONE,9.48258,9.49751,14.926077999916743,24.926077999916743,0.095,13.996,0.8350779999167415,5.0
S00010,IoT-GW,edge-B,301,DONE,9.48574,9.49119,5.45196300004136,5.45196300004136,0.094,3.818,1.5399630000413596,0.0
S00003,UPF,edge-A,316,DONE,9.48635,9.49719,10.840969000128098,10.840969000128098,1.34,4.636,4.864969000128098,0.0
S00010,IoT-GW,edge-B,302,DONE,9.48665,9.49291,6.265925000207062,6.265925000207062,3.316,1.147,1.8029250002070623,0.0
S00010,IoT-GW,edge-B,303,DONE,9.48687,9.49814,11.274545000105718,11.274545000105718,6.001,4.875,0.3985450001057176,0.0
S00006,IMS-CSCF,edge-B,280,DONE,9.48956,9.4972,7.647795999901064,7.647795999901064,1.317,5.314,1.0167959999010634,0.0
S00005,IMS-CSCF,edge-A,307,DONE,9.48962,9.49717,7.555083999932322,7.555083999932322,0.056,4.107,3.3920839999323213,0.0
S00001,vRAN-DU,edge-A,292,DONE,9.49721,9.50105,3.8454420000562095,3.8454420000562095,0.084,3.128,0.6334420000562093,0.0
S00009,IoT-GW,edge-A,345,DONE,9.4982,9.50474,6.538590999980443,6.538590999980443,0.061,4.26,2.217590999980443,0.0
S00001,vRAN-DU,edge-A,293,DONE,9.50055,9.50455,4.001661000074819,4.001661000074819,0.062,3.033,0.906661000074819,0.0
S00007,Transcoder,core-1,199,DONE,9.50456,9.5178,13.236758999937592,23.236758999937592,0.082,11.82,1.3347589999375913,5.0
S00002,vRAN-DU,edge-B,308,DONE,9.50695,9.51781,10.857214999987264,10.857214999987264,0.078,9.906,0.8732149999872636,0.0
S00007,Transcoder,core-1,200,DONE,9.50957,9.53195,22.371392999957607,32.37139299995761,0.16,21.283,0.9283929999576053,5.0
S00001,vRAN-DU,edge-A,294,DONE,9.50967,9.52396,14.290459999983796,14.290459999983796,0.097,13.289,0.9044599999837963,0.0
S00003,UPF,edge-A,317,DONE,9.51383,9.52726,13.428651999902286,13.428651999902286,0.171,9.586,3.671651999902286,0.0
S00003,UPF,edge-A,318,DONE,9.51395,9.53274,18.78723100003299,18.78723100003299,10.236,4.668,3.883231000032988,0.0
S00002,vRAN-DU,edge-B,309,DONE,9.51781,9.52865,10.840506000022287,10.840506000022287,0.1,9.643,1.0975060000222872,0.0
S00004,UPF,edge-B,310,DONE,9.51792,9.52962,11.696444999870437,11.696444999870437,0.254,10.68,0.7624449998704375,0.0
S00010,IoT-GW,edge-B,304,DONE,9.52012,9.53275,12.633495999807565,12.633495999807565,7.712,4.234,0.6874959998075649,0.0
S00005,IMS-CSCF,edge-A,308,DONE,9.52023,9.52963,9.399511000083294,9.399511000083294,0.083,5.432,3.884511000083293,0.0
S00010,IoT-GW,edge-B,305,DONE,9.52866,9.53404,5.379898000001049,5.379898000001049,3.221,1.383,0.7758980000010487,0.0
S00010,IoT-GW,edge-B,306,DONE,9.52875,9.53529,6.538624000086202,6.538624000086202,4.761,0.946,0.8316240000862016,0.0
S00010,IoT-GW,edge-B,307,DONE,9.5386,9.54029,1.6861510000580893,1.6861510000580893,0.101,1.116,0.4691510000580892,0.0
S00008,Transcoder,core-1,157,DONE,9.54365,9.55693,13.276482000037504,25.276482000037504,0.117,12.083,1.0764820000375028,6.0
S00007,Transcoder,core-1,201,DONE,9.54436,9.55879,14.428535999968517,24.428535999968517,0.078,12.982,1.3685359999685183,5.0
S00005,IMS-CSCF,edge-A,309,DONE,9.5478,9.55154,3.7403310000172496,3.7403310000172496,0.122,2.966,0.6523310000172495,0.0
S00004,UPF,edge-B,311,DONE,9.54844,9.55512,6.675330000007307,6.675330000007307,0.104,4.323,2.2483300000073063,0.0
S00007,Transcoder,core-1,202,DONE,9.55513,9.5671,11.977563999835183,21.977563999835183,0.077,9.617,2.2835639998351827,5.0
S00006,IMS-CSCF,edge-B,281,DONE,9.55523,9.55785,2.621181999984401,2.621181999984401,0.085,1.897,0.6391819999844011,0.0
S00006,IMS-CSCF,edge-B,282,DONE,9.55693,9.56172,4.784052999866617,4.784052999866617,0.245,3.019,1.5200529998666168,0.0
S00006,IMS-CSCF,edge-B,283,DONE,9.55703,9.56968,12.64843299986751,12.64843299986751,3.525,5.089,4.034432999867509,0.0
S00004,UPF,edge-B,312,DONE,9.55708,9.56097,3.8908989999981713,3.8908989999981713,0.151,2.307,1.4328989999981716,0.0
S00010,IoT-GW,edge-B,308,DONE,9.55786,9.56962,11.764236000090023,11.764236000090023,2.484,5.792,3.4882360000900228,0.0
S00001,vRAN-DU,edge-A,295,DONE,9.56647,9.57021,3.7447039999278786,3.7447039999278786,0.084,3.187,0.4737039999278787,0.0
S00001,vRAN-DU,edge-A,296,DONE,9.57354,9.57762,4.0818110001055175,4.0818110001055175,0.078,3.39,0.613811000105517,0.0
S00002,vRAN-DU,edge-B,310,DONE,9.57485,9.57918,4.335194000077536,4.335194000077536,0.085,3.719,0.5311940000775359,0.0
S00010,IoT-GW,edge-B,309,DONE,9.58769,9.59377,6.081816000005347,6.081816000005347,0.121,1.624,4.336816000005346,0.0
S00007,Transcoder,core-1,203,DONE,9.58909,9.60104,11.943744000063816,21.943744000063816,0.111,11.199,0.6337440000638157,5.0
S00005,IMS-CSCF,edge-A,310,DONE,9.59931,9.60306,3.742925999858926,3.742925999858926,0.092,2.935,0.7159259998589258,0.0
S00001,vRAN-DU,edge-A,297,DONE,9.60538,9.60968,4.298449999851073,4.298449999851073,0.216,3.297,0.7854499998510724,0.0
S00002,vRAN-DU,edge-B,311,DONE,9.60678,9.61067,3.891371000008803,3.891371000008803,0.082,3.245,0.5643710000088031,0.0
S00007,Transcoder,core-1,204,DONE,9.60947,9.61851,9.039436999955797,19.039436999955797,0.081,8.11,0.8484369999557977,5.0
S00004,UPF,edge-B,313,DONE,9.61388,9.61852,4.643299000008483,4.643299000008483,0.075,4.028,0.5402990000084831,0.0
S00002,vRAN-DU,edge-B,312,DONE,9.61573,9.61986,4.133492999926602,4.133492999926602,0.062,3.61,0.4614929999266022,0.0
S00006,IMS-CSCF,edge-B,284,DONE,9.61862,9.62066,2.0376889999624836,2.0376889999624836,0.082,1.444,0.5116889999624836,0.0
S00009,IoT-GW,edge-A,346,DONE,9.62492,9.62726,2.335621000156607,2.335621000156607,0.134,1.323,0.878621000156607,0.0
S00001,vRAN-DU,edge-A,298,DONE,9.62628,9.63289,6.604005999861329,6.604005999861329,0.287,3.314,3.0030059998613288,0.0
S00001,vRAN-DU,edge-A,299,DONE,9.62851,9.63359,5.080616999975973,5.080616999975973,0.082,4.356,0.6426169999759734,0.0
S00001,vRAN-DU,edge-A,300,DONE,9.6286,9.63634,7.739871000012499,7.739871000012499,1.774,5.497,0.4688710000124994,0.0
S00007,Transcoder,core-1,205,DONE,9.62982,9.64551,15.692715000113822,25.69271500011382,0.077,13.653,1.9627150001138212,5.0
S00010,IoT-GW,edge-B,310,DONE,9.62996,9.6329,2.9354169998896396,2.9354169998896396,0.075,0.966,1.8944169998896394,0.0
S00010,IoT-GW,edge-B,311,DONE,9.6329,9.64602,13.117129999955068,13.117129999955068,3.287,4.829,5.00112999995507,0.0
S00002,vRAN-DU,edge-B,313,DONE,9.63298,9.64601,13.03131999998186,13.03131999998186,0.073,8.0,4.95831999998186,0.0
S00004,UPF,edge-B,314,DONE,9.6336,9.64109,7.494683000004443,7.494683000004443,0.129,2.974,4.391683000004443,0.0
S00003,UPF,edge-A,319,DONE,9.63635,9.6387,2.351907000047504,2.351907000047504,0.05,1.793,0.5089070000475042,0.0
S00004,UPF,edge-B,315,DONE,9.63871,9.64959,10.879416999841851,10.879416999841851,6.937,3.354,0.5884169998418507,0.0
S00001,vRAN-DU,edge-A,301,DONE,9.6411,9.64659,5.4909939999561175,5.4909939999561175,0.13,4.741,0.6199939999561179,0.0
S00001,vRAN-DU,edge-A,302,DONE,9.64236,9.64959,7.234105999941676,7.234105999941676,0.057,6.192,0.9851059999416751,0.0
S00001,vRAN-DU,edge-A,303,DONE,9.6496,9.65292,3.3241159999306547,3.3241159999306547,0.106,2.54,0.6781159999306547,0.0
S00005,IMS-CSCF,edge-A,311,DONE,9.65087,9.66032,9.449584999856597,9.449584999856597,0.05,6.005,3.3945849998565967,0.0
S00001,vRAN-DU,edge-A,304,DONE,9.65293,9.66052,7.589155999994546,7.589155999994546,0.06,7.106,0.42315599999454623,0.0
S00005,IMS-CSCF,edge-A,312,DONE,9.66033,9.66218,1.8513590000566182,1.8513590000566182,0.05,1.344,0.4573590000566181,0.0
S00002,vRAN-DU,edge-B,314,DONE,9.66655,9.67406,7.515815000033399,7.515815000033399,0.106,6.737,0.672815000033399,0.0
S00005,IMS-CSCF,edge-A,313,DONE,9.66668,9.66978,3.093901999818627,3.093901999818627,0.073,2.59,0.430901999818627,0.0
S00002,vRAN-DU,edge-B,315,DONE,9.66823,9.67436,6.131403000154023,6.131403000154023,0.089,5.53,0.5124030001540225,0.0
S00006,IMS-CSCF,edge-B,285,DONE,9.67437,9.67681,2.4397930001214263,2.4397930001214263,0.044,1.948,0.4477930001214263,0.0
S00003,UPF,edge-A,320,DONE,9.67915,9.68248,3.32443999991483,3.32443999991483,0.086,2.503,0.73543999991483,0.0
S00005,IMS-CSCF,edge-A,314,DONE,9.68477,9.68705,2.2783290000916168,2.2783290000916168,0.078,1.586,0.6143290000916168,0.0
S00008,Transcoder,core-1,158,DONE,9.68705,9.69433,7.28221700001086,19.28221700001086,0.132,6.534,0.6162170000108604,6.0
S00004,UPF,edge-B,316,DONE,9.69252,9.69607,3.5520209999049257,3.5520209999049257,0.125,2.883,0.5440209999049257,0.0
S00005,IMS-CSCF,edge-A,315,DONE,9.69264,9.69565,3.0072819999986677,3.0072819999986677,0.141,1.853,1.0132819999986677,0.0
S00009,IoT-GW,edge-A,347,DONE,9.69434,9.69672,2.3731690000659,2.3731690000659,0.06,1.443,0.8701690000658999,0.0
S00005,IMS-CSCF,edge-A,316,DONE,9.70309,9.70545,2.359923999847524,2.359923999847524,0.101,1.488,0.7709239998475241,0.0
S00009,IoT-GW,edge-A,348,DONE,9.70665,9.70823,1.5737510000235488,1.5737510000235488,0.054,1.109,0.4107510000235488,0.0
S00009,IoT-GW,edge-A,349,DONE,9.70798,9.70959,1.6159029999016639,1.6159029999016639,0.053,1.028,0.5349029999016639,0.0
S00002,vRAN-DU,edge-B,316,DONE,9.71385,9.71746,3.608023000197136,3.608023000197136,0.084,2.854,0.6700230001971357,0.0
S00008,Transcoder,core-1,159,DONE,9.7228,9.73043,7.623801999898205,19.623801999898205,0.084,6.811,0.7288019998982058,6.0
S00003,UPF,edge-A,321,DONE,9.72526,9.72815,2.895209999906001,2.895209999906001,0.082,1.979,0.8342099999060011,0.0
S00005,IMS-CSCF,edge-A,317,DONE,9.73267,9.73478,2.1081069999127067,2.1081069999127067,0.074,1.516,0.5181069999127068,0.0
S00004,UPF,edge-B,317,DONE,9.73703,9.73986,2.8346640001473133,2.8346640001473133,0.094,2.111,0.6296640001473133,0.0
S00004,UPF,edge-B,318,DONE,9.73715,9.74236,5.2056039999115455,5.2056039999115455,2.374,2.281,0.5506039999115453,0.0
S00009,IoT-GW,edge-A,350,DONE,9.73945,9.74117,1.723341000115397,1.723341000115397,0.207,1.077,0.439341000115397,0.0
S00004,UPF,edge-B,319,DONE,9.74356,9.75725,13.688476999959676,13.688476999959676,0.059,12.995,0.6344769999596771,0.0
S00001,vRAN-DU,edge-A,305,DONE,9.74598,9.75071,4.7262390000923915,4.7262390000923915,0.074,3.69,0.9622390000923917,0.0
S00006,IMS-CSCF,edge-B,286,DONE,9.74968,9.75645,6.771841000045242,6.771841000045242,0.119,2.206,4.446841000045243,0.0
S00001,vRAN-DU,edge-A,306,DONE,9.7498,9.7578,7.999293000011676,7.999293000011676,0.046,7.218,0.7352930000116755,0.0
S00006,IMS-CSCF,edge-B,287,DONE,9.75294,9.75823,5.286969000053432,5.286969000053432,0.609,2.416,2.261969000053432,0.0
S00006,IMS-CSCF,edge-B,288,DONE,9.75306,9.76176,8.692157000041334,8.692157000041334,4.288,2.118,2.286157000041334,0.0
S00009,IoT-GW,edge-A,351,DONE,9.75647,9.7597,3.230256000051668,3.230256000051668,0.38,1.144,1.706256000051668,0.0
S00003,UPF,edge-A,322,DONE,9.75726,9.76374,6.487069000058909,6.487069000058909,1.491,3.472,1.5240690000589097,0.0
S00005,IMS-CSCF,edge-A,318,DONE,9.76177,9.766,4.232138999896051,4.232138999896051,0.144,2.911,1.177138999896051,0.0
S00005,IMS-CSCF,edge-A,319,DONE,9.76186,9.77103,9.160565999991377,9.160565999991377,3.227,4.49,1.4435659999913764,0.0
S00002,vRAN-DU,edge-B,317,DONE,9.76375,9.76753,3.7788219999583816,3.7788219999583816,0.09,3.104,0.5848219999583817,0.0
S00009,IoT-GW,edge-A,352,DONE,9.76601,9.76881,2.8047139999216597,2.8047139999216597,0.06,1.64,1.1047139999216598,0.0
S00010,IoT-GW,edge-B,312,DONE,9.76754,9.76882,1.278169999977763,1.278169999977763,0.061,0.794,0.42316999997776295,0.0
S00004,UPF,edge-B,320,DONE,9.76882,9.7716,2.780920999839509,2.780920999839509,0.043,2.141,0.5969209998395089,0.0
S00009,IoT-GW,edge-A,353,DONE,9.77103,9.77287,1.8416320001506392,1.8416320001506392,0.084,1.285,0.4726320001506392,0.0
S00009,IoT-GW,edge-A,354,DONE,9.77611,9.78881,12.700866999921345,12.700866999921345,0.085,1.327,11.288866999921344,0.0
S00005,IMS-CSCF,edge-A,320,DONE,9.78882,9.8003,11.476970000103393,11.476970000103393,0.196,10.009,1.2719700001033925,0.0
S00004,UPF,edge-B,321,DONE,9.78893,9.80523,16.300524000143923,16.300524000143923,0.436,9.975,5.889524000143924,0.0
S00001,vRAN-DU,edge-A,307,DONE,9.78897,9.80428,15.317978999974002,15.317978999974002,0.093,14.07,1.154978999974002,0.0
S00002,vRAN-DU,edge-B,318,DONE,9.79309,9.80443,11.338641999827814,11.338641999827814,4.249,4.677,2.412641999827815,0.0
S00005,IMS-CSCF,edge-A,321,DONE,9.79319,9.80429,11.098678999815093,11.098678999815093,6.487,3.84,0.7716789998150926,0.0
S00002,vRAN-DU,edge-B,319,DONE,9.7957,9.80878,13.083164000136094,13.083164000136094,4.909,4.34,3.834164000136095,0.0
S00009,IoT-GW,edge-A,355,DONE,9.79699,9.8083,11.316781000004994,11.316781000004994,6.766,4.093,0.457781000004994,0.0
S00010,IoT-GW,edge-B,313,DONE,9.8003,9.80895,8.643208999956187,8.643208999956187,0.756,3.649,4.2382089999561865,0.0
S00003,UPF,edge-A,323,DONE,9.8043,9.80982,5.5242900000394,5.5242900000394,0.065,4.415,1.0442900000393998,0.0
S00004,UPF,edge-B,322,DONE,9.81334,9.81697,3.6258730001463846,3.6258730001463846,0.104,2.571,0.9508730001463843,0.0
S00006,IMS-CSCF,edge-B,289,DONE,9.81828,9.82102,2.733695999950214,2.733695999950214,0.081,1.879,0.7736959999502142,0.0
S00010,IoT-GW,edge-B,314,DONE,9.82852,9.83425,5.725520999931177,5.725520999931177,0.259,3.738,1.728520999931177,0.0
S00004,UPF,edge-B,323,DONE,9.82874,9.836,7.259944999987056,7.259944999987056,0.124,5.671,1.4649449999870559,0.0
S00006,IMS-CSCF,edge-B,290,DONE,9.84033,9.85251,12.183064999817361,12.183064999817361,0.143,9.08,2.9600649998173605,0.0
S00008,Transcoder,core-1,160,DONE,9.84051,9.86208,21.576322999862896,33.576322999862896,0.085,20.011,1.4803229998628957,6.0
S00004,UPF,edge-B,324,DONE,9.84056,9.85253,11.964409000029264,11.964409000029264,0.223,9.009,2.7324090000292625,0.0
S00002,vRAN-DU,edge-B,320,DONE,9.84393,9.86209,18.161315000043032,18.161315000043032,0.279,10.616,7.266315000043033,0.0
S00003,UPF,edge-A,324,DONE,9.84589,9.86206,16.163196999968932,16.163196999968932,0.224,13.213,2.7261969999689324,0.0
S00006,IMS-CSCF,edge-B,291,DONE,9.84611,9.86209,15.978442000005089,15.978442000005089,0.353,10.496,5.129442000005088,0.0
S00001,vRAN-DU,edge-A,308,DONE,9.8462,9.86207,15.872381999997742,15.872381999997742,0.336,13.088,2.4483819999977428,0.0
S00008,Transcoder,core-1,161,DONE,9.85253,9.87895,26.420960999985255,38.420960999985255,0.176,24.233,2.0119609999852557,6.0
S00002,vRAN-DU,edge-B,321,DONE,9.85267,9.88413,31.46100399999341,31.46100399999341,8.692,21.89,0.8790039999934081,0.0
S00010,IoT-GW,edge-B,315,DONE,9.8532,9.87087,17.672590000074706,17.672590000074706,8.127,8.863,0.6825900000747058,0.0
S00001,vRAN-DU,edge-A,309,DONE,9.85452,9.87031,15.79139499995108,15.79139499995108,5.541,8.773,1.4773949999510805,0.0
S00003,UPF,edge-A,325,DONE,9.85608,9.8703,14.215827000043646,14.215827000043646,0.162,8.513,5.540827000043645,0.0
S00004,UPF,edge-B,325,DONE,9.86807,9.88149,13.425030999997034,13.425030999997034,2.053,8.713,2.659030999997034,0.0
S00005,IMS-CSCF,edge-A,322,DONE,9.86825,9.87354,5.289112999889767,5.289112999889767,0.155,2.382,2.7521129998897664,0.0
S00002,vRAN-DU,edge-B,322,DONE,9.87355,9.89535,21.8050220000805,21.8050220000805,5.32,14.924,1.5610220000804986,0.0
S00008,Transcoder,core-1,162,DONE,9.87374,9.88705,13.31438299985166,25.31438299985166,0.08,11.396,1.8383829998516585,6.0
S00001,vRAN-DU,edge-A,310,DONE,9.87419,9.88822,14.030540000021574,14.030540000021574,0.079,9.872,4.079540000021574,0.0
S00006,IMS-CSCF,edge-B,292,DONE,9.88414,9.88977,5.628456000067672,5.628456000067672,0.082,4.185,1.3614560000676725,0.0
S00002,vRAN-DU,edge-B,323,DONE,9.88718,9.89536,8.180682000102024,8.180682000102024,1.309,5.418,1.4536820001020239,0.0
S00002,vRAN-DU,edge-B,324,DONE,9.88808,9.90916,21.07946000000993,21.07946000000993,6.643,6.767,7.66946000000993,0.0
S00006,IMS-CSCF,edge-B,293,DONE,9.89414,9.90915,15.010448000111865,15.010448000111865,0.07,6.576,8.364448000111864,0.0
S00004,UPF,edge-B,326,DONE,9.89679,9.91097,14.176499000086551,14.176499000086551,4.97,6.944,2.262499000086552,0.0
S00009,IoT-GW,edge-A,356,DONE,9.89914,9.90913,9.997853999948347,9.997853999948347,0.09,1.447,8.460853999948348,0.0
S00010,IoT-GW,edge-B,316,DONE,9.90565,9.91196,6.310185000074853,6.310185000074853,0.108,5.692,0.5101850000748529,0.0
S00005,IMS-CSCF,edge-A,323,DONE,9.90637,9.91096,4.587033000007068,4.587033000007068,0.11,2.442,2.0350330000070675,0.0
S00009,IoT-GW,edge-A,357,DONE,9.90888,9.91694,8.057202999907531,8.057202999907531,0.066,2.289,5.702202999907531,0.0
S00001,vRAN-DU,edge-A,311,DONE,9.91694,9.92602,9.071751999954358,9.071751999954358,0.156,8.196,0.719751999954358,0.0
S00010,IoT-GW,edge-B,317,DONE,9.91707,9.92303,5.966567999848849,5.966567999848849,0.142,5.274,0.5505679998488482,0.0
S00002,vRAN-DU,edge-B,325,DONE,9.92096,9.92702,6.058037000002514,6.058037000002514,0.137,5.505,0.41603700000251376,0.0
S00009,IoT-GW,edge-A,358,DONE,9.92427,9.9265,2.2370250001131353,2.2370250001131353,0.08,1.563,0.5940250001131353,0.0
S00010,IoT-GW,edge-B,318,DONE,9.92924,9.93111,1.8729930000063177,1.8729930000063177,0.086,1.278,0.5089930000063176,0.0
S00004,UPF,edge-B,327,DONE,9.93232,9.93507,2.754090999815162,2.754090999815162,0.061,2.268,0.4250909998151622,0.0
S00005,IMS-CSCF,edge-A,324,DONE,9.93378,9.93721,3.4280289999060187,3.4280289999060187,0.08,2.845,0.5030289999060185,0.0
S00003,UPF,edge-A,326,DONE,9.93446,9.93752,3.0659709998417384,3.0659709998417384,0.073,2.624,0.3689709998417383,0.0
S00004,UPF,edge-B,328,DONE,9.93973,9.94282,3.089925000040239,3.089925000040239,0.079,2.363,0.6479250000402388,0.0
S00006,IMS-CSCF,edge-B,294,DONE,9.94407,9.9461,2.0347119998405105,2.0347119998405105,0.127,1.442,0.4657119998405106,0.0
S00009,IoT-GW,edge-A,359,DONE,9.94616,9.94856,2.392656999973042,2.392656999973042,0.085,1.398,0.909656999973042,0.0
S00006,IMS-CSCF,edge-B,295,DONE,9.94983,9.96732,17.48827500000516,17.48827500000516,0.074,14.134,3.280275000005158,0.0
S00010,IoT-GW,edge-B,319,DONE,9.96404,9.97711,13.06885400003921,13.06885400003921,0.118,10.796,2.15485400003921,0.0
S00003,UPF,edge-A,327,DONE,9.9642,9.96783,3.626957000051334,3.626957000051334,0.128,2.489,1.009957000051334,0.0
S00006,IMS-CSCF,edge-B,296,DONE,9.9643,9.97725,12.949237999919205,12.949237999919205,0.073,10.651,2.225237999919205,0.0
S00008,Transcoder,core-1,163,DONE,9.96436,9.97934,14.984739000055924,26.984739000055924,0.325,13.626,1.0337390000559257,6.0
S00010,IoT-GW,edge-B,320,DONE,9.96451,9.97905,14.533986999822446,14.533986999822446,10.971,1.693,1.8699869998224457,0.0
S00007,Transcoder,core-1,206,DONE,9.96465,9.97904,14.38383699996848,24.38383699996848,0.207,12.923,1.2538369999684793,5.0
S00001,vRAN-DU,edge-A,312,DONE,9.96471,9.97064,5.932782999934716,5.932782999934716,0.197,5.111,0.6247829999347161,0.0
S00009,IoT-GW,edge-A,360,DONE,9.97726,9.9797,2.440316999809511,2.440316999809511,0.267,1.466,0.707316999809511,0.0
S00005,IMS-CSCF,edge-A,325,DONE,9.98102,9.99252,11.49835000001076,11.49835000001076,0.121,10.55,0.8273500000107585,0.0
S00004,UPF,edge-B,329,DONE,9.98392,9.99253,8.606031999988772,8.606031999988772,0.075,8.001,0.5300319999887737,0.0
S00001,vRAN-DU,edge-A,313,DONE,9.98462,9.99346,8.835454000063692,8.835454000063692,0.059,7.832,0.9444540000636925,0.0
S00006,IMS-CSCF,edge-B,297,DONE,9.98476,9.98895,4.1893700001764955,4.1893700001764955,0.056,3.035,1.0983700001764953,0.0
S00002,vRAN-DU,edge-B,326,DONE,9.98536,9.99265,7.297257000118407,7.297257000118407,2.528,3.981,0.7882570001184064,0.0
S00001,vRAN-DU,edge-A,314,DONE,9.98895,9.99603,7.077992999938942,7.077992999938942,0.05,3.577,3.4509929999389426,0.0
S00009,IoT-GW,edge-A,361,DONE,9.99465,9.99608,1.4304970000011963,1.4304970000011963,0.056,1.109,0.26549700000119625,0.0
S00008,Transcoder,core-1,164,DONE,9.9959,10.00623,10.327023999934681,22.32702399993468,0.073,9.245,1.0090239999346817,6.0
S00003,UPF,edge-A,328,DONE,9.99825,10.00051,2.2632599998360092,2.2632599998360092,0.085,1.767,0.41125999983600936,0.0
S00005,IMS-CSCF,edge-A,326,DONE,9.99834,9.99991,1.5719790001185174,1.5719790001185174,0.078,1.07,0.4239790001185173,0.0
S00005,IMS-CSCF,edge-A,327,DONE,10.0017,10.00323,1.5294639999865467,1.5294639999865467,0.048,1.109,0.37246399998654667,0.0
S00004,UPF,edge-B,330,DONE,10.00323,10.00686,3.6297870001362753,3.6297870001362753,0.081,2.975,0.5737870001362753,0.0
S00005,IMS-CSCF,edge-A,328,DONE,10.00449,10.00685,2.365549999922223,2.365549999922223,0.047,1.889,0.42954999992222276,0.0
S00003,UPF,edge-A,329,DONE,10.00571,10.01132,5.612210999970557,5.612210999970557,0.052,2.823,2.7372109999705576,0.0
S00005,IMS-CSCF,edge-A,329,DONE,10.00577,10.00815,2.376657000013438,2.376657000013438,0.636,1.177,0.5636570000134378,0.0
S00001,vRAN-DU,edge-A,315,DONE,10.00815,10.01207,3.920969999853696,3.920969999853696,0.043,3.37,0.507969999853696,0.0
S00009,IoT-GW,edge-A,362,DONE,10.00852,10.01185,3.321877999951539,3.321877999951539,0.359,2.63,0.3328779999515392,0.0
S00004,UPF,edge-B,331,DONE,10.01528,10.01926,3.9767849998497695,3.9767849998497695,0.119,3.351,0.5067849998497698,0.0
S00006,IMS-CSCF,edge-B,298,DONE,10.01545,10.01756,2.1151019998342235,2.1151019998342235,0.166,1.288,0.6611019998342236,0.0
S00008,Transcoder,core-1,165,DONE,10.01757,10.03096,13.390076999939993,25.390076999939993,0.148,11.564,1.678076999939993,6.0
S00010,IoT-GW,edge-B,321,DONE,10.01892,10.02027,1.351918999944246,1.351918999944246,0.086,0.704,0.561918999944246,0.0
S00006,IMS-CSCF,edge-B,299,DONE,10.02143,10.02309,1.6582450000441895,1.6582450000441895,0.048,1.349,0.2612450000441895,0.0
S00004,UPF,edge-B,332,DONE,10.02734,10.03079,3.4511050000674004,3.4511050000674004,0.06,2.951,0.4401050000674003,0.0
S00004,UPF,edge-B,333,DONE,10.03325,10.03621,2.962180000167791,2.962180000167791,0.109,2.198,0.6551800001677912,0.0
S00006,IMS-CSCF,edge-B,300,DONE,10.03848,10.04103,2.5549050001245632,2.5549050001245632,0.156,1.782,0.6169050001245631,0.0
S00009,IoT-GW,edge-A,363,DONE,10.04331,10.04686,3.5473310001634673,3.5473310001634673,0.081,2.18,1.2863310001634671,0.0
S00010,IoT-GW,edge-B,322,DONE,10.0435,10.04731,3.81476699999439,3.81476699999439,0.114,3.183,0.5177669999943904,0.0
S00002,vRAN-DU,edge-B,327,DONE,10.04579,10.04955,3.7645230001999153,3.7645230001999153,0.077,3.128,0.5595230001999152,0.0
S00003,UPF,edge-A,330,DONE,10.04854,10.05707,8.529054999826258,8.529054999826258,0.351,3.581,4.597054999826259,0.0
S00001,vRAN-DU,edge-A,316,DONE,10.04956,10.05748,7.922839000002568,7.922839000002568,0.056,7.247,0.6198390000025684,0.0
S00006,IMS-CSCF,edge-B,301,DONE,10.05202,10.05709,5.061249000164025,5.061249000164025,0.056,1.32,3.685249000164025,0.0
S00003,UPF,edge-A,331,DONE,10.05709,10.06618,9.090836000041236,9.090836000041236,0.097,8.682,0.3118360000412359,0.0
S00007,Transcoder,core-1,207,DONE,10.05718,10.06843,11.248478000197792,21.248478000197792,0.107,10.359,0.7824780001977931,5.0
S00002,vRAN-DU,edge-B,328,DONE,10.05724,10.06092,3.6802079998778936,3.6802079998778936,0.067,2.562,1.0512079998778936,0.0
S00004,UPF,edge-B,334,DONE,10.0632,10.06578,2.578898000137997,2.578898000137997,0.066,2.006,0.5068980001379972,0.0
S00003,UPF,edge-A,332,DONE,10.06965,10.07326,3.605288000017026,3.605288000017026,0.071,3.018,0.5162880000170262,0.0
S00006,IMS-CSCF,edge-B,302,DONE,10.06976,10.07304,3.2869740000478487,3.2869740000478487,0.066,2.869,0.3519740000478486,0.0
S00006,IMS-CSCF,edge-B,303,DONE,10.07882,10.08104,2.2196160000476084,2.2196160000476084,0.08,1.516,0.6236160000476083,0.0
S00010,IoT-GW,edge-B,323,DONE,10.08024,10.08207,1.8318830000225717,1.8318830000225717,0.058,1.221,0.5528830000225715,0.0
S00006,IMS-CSCF,edge-B,304,DONE,10.08429,10.09002,5.731303999937154,5.731303999937154,0.058,5.191,0.48230399993715434,0.0
S00010,IoT-GW,edge-B,324,DONE,10.08589,10.08719,1.3001780000649887,1.3001780000649887,0.061,0.823,0.41617800006498884,0.0
S00003,UPF,edge-A,333,DONE,10.09226,10.096,3.741123999816409,3.741123999816409,0.081,2.105,1.5551239998164093,0.0
S00010,IoT-GW,edge-B,325,DONE,10.0946,10.09631,1.708200999928522,1.708200999928522,0.069,0.924,0.7152009999285219,0.0
S00007,Transcoder,core-1,208,DONE,10.0975,10.10423,6.736671999988175,16.736671999988175,0.078,6.044,0.6146719999881753,5.0
S00005,IMS-CSCF,edge-A,330,DONE,10.10754,10.10974,2.199396000150955,2.199396000150955,0.086,1.562,0.551396000150955,0.0
S00008,Transcoder,core-1,166,DONE,10.10769,10.11582,8.137303000012253,20.137303000012253,0.075,7.562,0.500303000012253,6.0
S00007,Transcoder,core-1,209,DONE,10.11096,10.11994,8.97904299995389,18.97904299995389,0.083,8.276,0.6200429999538901,5.0
S00001,vRAN-DU,edge-A,317,DONE,10.12735,10.13172,4.362276999927417,4.362276999927417,0.095,3.394,0.873276999927417,0.0
S00005,IMS-CSCF,edge-A,331,DONE,10.12993,10.13286,2.9283169999416714,2.9283169999416714,0.079,1.957,0.8923169999416711,0.0
S00006,IMS-CSCF,edge-B,305,DONE,10.13179,10.13396,2.174906999925952,2.174906999925952,0.084,1.648,0.44290699992595184,0.0
S00009,IoT-GW,edge-A,364,DONE,10.13192,10.13377,1.8515970000407833,1.8515970000407833,0.077,0.953,0.8215970000407834,0.0
S00005,IMS-CSCF,edge-A,332,DONE,10.13516,10.13717,2.002301999937117,2.002301999937117,0.063,1.46,0.4793019999371173,0.0
S00009,IoT-GW,edge-A,365,DONE,10.13649,10.13816,1.673226000093564,1.673226000093564,0.049,1.219,0.4052260000935639,0.0
S00004,UPF,edge-B,335,DONE,10.1425,10.14605,3.548520000094868,3.548520000094868,0.197,2.727,0.6245200000948681,0.0
S00002,vRAN-DU,edge-B,329,DONE,10.14263,10.15115,8.52589999999509,8.52589999999509,0.079,7.888,0.5588999999950897,0.0
S00001,vRAN-DU,edge-A,318,DONE,10.14524,10.15234,7.1010130000104255,7.1010130000104255,0.142,5.616,1.3430130000104255,0.0
S00002,vRAN-DU,edge-B,330,DONE,10.15116,10.15481,3.645174999974188,3.645174999974188,0.069,2.917,0.659174999974188,0.0
S00001,vRAN-DU,edge-A,319,DONE,10.15235,10.15691,4.565468000009787,4.565468000009787,0.069,3.845,0.6514680000097868,0.0
S00002,vRAN-DU,edge-B,331,DONE,10.16132,10.16586,4.53236399994239,4.53236399994239,0.12,3.617,0.7953639999423903,0.0
S00001,vRAN-DU,edge-A,320,DONE,10.17631,10.18172,5.401550999977189,5.401550999977189,0.089,4.455,0.8575509999771889,0.0
S00003,UPF,edge-A,334,DONE,10.18098,10.18498,3.999659000101019,3.999659000101019,0.074,2.922,1.003659000101019,0.0
S00004,UPF,edge-B,336,DONE,10.18112,10.18557,4.447755000001052,4.447755000001052,0.091,3.646,0.7107550000010523,0.0
S00003,UPF,edge-A,335,DONE,10.18393,10.18726,3.3326130001114507,3.3326130001114507,0.548,2.167,0.6176130001114508,0.0
S00001,vRAN-DU,edge-A,321,DONE,10.18677,10.19062,3.8449870000931696,3.8449870000931696,0.048,3.006,0.7909870000931698,0.0
S00007,Transcoder,core-1,210,DONE,10.19908,10.20976,10.679668999955538,20.67966899995554,0.088,9.631,0.9606689999555389,5.0
S00006,IMS-CSCF,edge-B,306,DONE,10.20267,10.20687,4.20491799991396,4.20491799991396,0.084,3.496,0.62491799991396,0.0
S00004,UPF,edge-B,337,DONE,10.20977,10.21284,3.0705950000537996,3.0705950000537996,0.095,2.418,0.5575950000537993,0.0
S00003,UPF,edge-A,336,DONE,10.21816,10.23048,12.31309400009195,12.31309400009195,0.099,11.376,0.8380940000919512,0.0
S00007,Transcoder,core-1,211,DONE,10.22257,10.24397,21.392203000004884,31.392203000004884,0.104,20.562,0.7262030000048831,5.0
S00009,IoT-GW,edge-A,366,DONE,10.22269,10.2358,13.111870000102499,13.111870000102499,0.149,5.026,7.9368700001025,0.0
S00010,IoT-GW,edge-B,326,DONE,10.23011,10.23533,5.223512999918967,5.223512999918967,0.382,3.896,0.9455129999189671,0.0
S00004,UPF,edge-B,338,DONE,10.23055,10.23506,4.5078109999394655,4.5078109999394655,0.108,3.441,0.9588109999394661,0.0
S00001,vRAN-DU,edge-A,322,DONE,10.2381,10.24479,6.686978999823623,6.686978999823623,0.1,5.928,0.6589789998236233,0.0
S00006,IMS-CSCF,edge-B,307,DONE,10.24148,10.24603,4.544008000038957,4.544008000038957,0.088,3.629,0.827008000038957,0.0
S00006,IMS-CSCF,edge-B,308,DONE,10.24158,10.25062,9.042228999987856,9.042228999987856,3.916,4.17,0.9562289999878555,0.0
S00003,UPF,edge-A,337,DONE,10.24281,10.25102,8.210985000005167,8.210985000005167,0.097,7.523,0.5909850000051673,0.0
S00005,IMS-CSCF,edge-A,333,DONE,10.24603,10.25084,4.800800000111849,4.800800000111849,0.064,3.99,0.7468000001118487,0.0
S00004,UPF,edge-B,339,DONE,10.2474,10.25063,3.2352649998301786,3.2352649998301786,0.091,2.51,0.6342649998301786,0.0
S00009,IoT-GW,edge-A,367,DONE,10.25064,10.25275,2.1154219998607005,2.1154219998607005,0.184,1.323,0.6084219998607006,0.0
S00003,UPF,edge-A,338,DONE,10.25072,10.25374,3.028598000128113,3.028598000128113,0.074,2.339,0.6155980001281134,0.0
S00009,IoT-GW,edge-A,368,DONE,10.25703,10.2591,2.0735530001729785,2.0735530001729785,0.066,1.376,0.6315530001729788,0.0
S00005,IMS-CSCF,edge-A,334,DONE,10.26346,10.266,2.5450480000017706,2.5450480000017706,0.115,1.742,0.6880480000017704,0.0
S00006,IMS-CSCF,edge-B,309,DONE,10.26727,10.27151,4.2346560001078615,4.2346560001078615,0.132,2.855,1.2476560001078618,0.0
S00009,IoT-GW,edge-A,369,DONE,10.26979,10.2722,2.4187930000607594,2.4187930000607594,0.08,1.67,0.6687930000607594,0.0
S00006,IMS-CSCF,edge-B,310,DONE,10.27454,10.27762,3.0728369999906135,3.0728369999906135,0.116,2.068,0.8888369999906134,0.0
S00009,IoT-GW,edge-A,370,DONE,10.2789,10.283,4.091120999873965,4.091120999873965,0.125,1.709,2.257120999873965,0.0
S00008,Transcoder,core-1,167,DONE,10.28031,10.28916,8.842490999995789,20.84249099999579,0.079,7.288,1.4754909999957881,6.0
S00009,IoT-GW,edge-A,371,DONE,10.28045,10.28914,8.691060000046491,8.691060000046491,0.643,6.197,1.8510600000464903,0.0
S00001,vRAN-DU,edge-A,323,DONE,10.28532,10.29208,6.75517900003797,6.75517900003797,0.426,3.41,2.9191790000379694,0.0
S00004,UPF,edge-B,340,DONE,10.28916,10.29368,4.515773000093759,4.515773000093759,0.114,3.541,0.8607730000937592,0.0
S00002,vRAN-DU,edge-B,332,DONE,10.29489,10.29913,4.236767000065811,4.236767000065811,0.093,3.382,0.7617670000658108,0.0
S00005,IMS-CSCF,edge-A,335,DONE,10.29914,10.30239,3.2525940000596165,3.2525940000596165,0.141,2.239,0.8725940000596166,0.0
S00004,UPF,edge-B,341,DONE,10.30162,10.30756,5.937095000035697,5.937095000035697,0.583,4.692,0.6620950000356967,0.0
S00010,IoT-GW,edge-B,327,DONE,10.3024,10.30671,4.304583000021012,4.304583000021012,0.127,3.253,0.9245830000210118,0.0
S00009,IoT-GW,edge-A,372,DONE,10.30377,10.30585,2.0837829999891255,2.0837829999891255,0.123,1.553,0.4077829999891256,0.0
S00003,UPF,edge-A,339,DONE,10.31897,10.3223,3.333495999868319,3.333495999868319,0.128,2.31,0.8954959998683187,0.0
S00006,IMS-CSCF,edge-B,311,DONE,10.32156,10.32525,3.692771000032735,3.692771000032735,0.436,2.093,1.1637710000327353,0.0
S00009,IoT-GW,edge-A,373,DONE,10.32171,10.32334,1.6284560001622594,1.6284560001622594,0.054,0.94,0.6344560001622594,0.0
S00004,UPF,edge-B,342,DONE,10.32459,10.32772,3.129418999833433,3.129418999833433,0.065,2.04,1.0244189998334332,0.0
S00006,IMS-CSCF,edge-B,312,DONE,10.32993,10.33178,1.8523030000778817,1.8523030000778817,0.055,1.386,0.4113030000778819,0.0
S00010,IoT-GW,edge-B,328,DONE,10.33296,10.33592,2.9599770000459102,2.9599770000459102,0.058,2.468,0.43397700004591044,0.0
S00009,IoT-GW,edge-A,374,DONE,10.33524,10.33725,2.0120429999224143,2.0120429999224143,0.082,1.307,0.6230429999224143,0.0
S00004,UPF,edge-B,343,DONE,10.34269,10.34716,4.475412999909167,4.475412999909167,0.098,3.545,0.8324129999091676,0.0
S00003,UPF,edge-A,340,DONE,10.34717,10.35089,3.7193029997979465,3.7193029997979465,0.111,2.896,0.7123029997979464,0.0
S00002,vRAN-DU,edge-B,333,DONE,10.34853,10.35545,6.921118000036586,6.921118000036586,0.092,6.185,0.6441180000365865,0.0
S00006,IMS-CSCF,edge-B,313,DONE,10.34984,10.35342,3.5806559999400633,3.5806559999400633,0.068,2.07,1.4426559999400634,0.0
S00010,IoT-GW,edge-B,329,DONE,10.3521,10.35697,4.871335000188992,4.871335000188992,1.065,3.197,0.6093350001889921,0.0
S00001,vRAN-DU,edge-A,324,DONE,10.36033,10.36491,4.578647000016645,4.578647000016645,0.128,3.467,0.9836470000166444,0.0
S00005,IMS-CSCF,edge-A,336,DONE,10.37129,10.37473,3.4356539999862434,3.4356539999862434,0.088,2.428,0.9196539999862434,0.0
S00006,IMS-CSCF,edge-B,314,DONE,10.37281,10.37742,4.608103000009578,4.608103000009578,0.085,3.768,0.7551030000095782,0.0
S00003,UPF,edge-A,341,DONE,10.37292,10.38049,7.57340900008785,7.57340900008785,0.072,6.306,1.1954090000878494,0.0
S00007,Transcoder,core-1,212,DONE,10.37451,10.39423,19.722875000070417,29.722875000070417,0.134,18.533,1.0558750000704151,5.0
S00004,UPF,edge-B,344,DONE,10.37474,10.37973,4.99085800015564,4.99085800015564,0.079,4.208,0.7038580001556403,0.0
S00002,vRAN-DU,edge-B,334,DONE,10.37743,10.38877,11.342125000055603,11.342125000055603,0.053,10.91,0.3791250000556019,0.0
S00009,IoT-GW,edge-A,375,DONE,10.37776,10.38458,6.813439000097787,6.813439000097787,5.332,0.833,0.6484390000977875,0.0
S00001,vRAN-DU,edge-A,325,DONE,10.37786,10.38314,5.285370000137846,5.285370000137846,0.057,4.84,0.3883700001378454,0.0
S00003,UPF,edge-A,342,DONE,10.37906,10.38441,5.348897999965629,5.348897999965629,0.544,4.103,0.7018979999656292,0.0
S00007,Transcoder,core-1,213,DONE,10.38268,10.40981,27.13707299994894,37.13707299994894,0.122,25.298,1.7170729999489431,5.0
S00001,vRAN-DU,edge-A,326,DONE,10.38758,10.40307,15.496012999847153,15.496012999847153,0.083,14.146,1.267012999847152,0.0
S00007,Transcoder,core-1,214,DONE,10.38766,10.413,25.336258999914207,35.33625899991421,5.81,18.849,0.6772589999142085,5.0
S00005,IMS-CSCF,edge-A,337,DONE,10.38773,10.39317,5.435900000065885,5.435900000065885,0.165,4.367,0.9039000000658852,0.0
S00005,IMS-CSCF,edge-A,338,DONE,10.39317,10.39559,2.415917000007539,2.415917000007539,0.054,1.307,1.0549170000075394,0.0
S00004,UPF,edge-B,345,DONE,10.39324,10.40308,9.835954999971364,9.835954999971364,0.078,8.119,1.6389549999713644,0.0
S00004,UPF,edge-B,346,DONE,10.39559,10.4105,14.90758500017364,14.90758500017364,6.178,8.222,0.5075850001736395,0.0
S00001,vRAN-DU,edge-A,327,DONE,10.39581,10.40305,7.240950999857887,7.240950999857887,0.058,5.446,1.7369509998578874,0.0
S00009,IoT-GW,edge-A,376,DONE,10.39586,10.4049,9.046671999840328,9.046671999840328,6.317,2.125,0.6046719998403276,0.0
S00009,IoT-GW,edge-A,377,DONE,10.40308,10.40606,2.975940999931481,2.975940999931481,0.813,1.274,0.8889409999314815,0.0
S00006,IMS-CSCF,edge-B,315,DONE,10.40316,10.40675,3.5986399998364504,3.5986399998364504,0.065,2.692,0.8416399998364503,0.0
S00004,UPF,edge-B,347,DONE,10.40491,10.41444,9.528572000135682,9.528572000135682,3.863,3.686,1.9795720001356827,0.0
S00010,IoT-GW,edge-B,330,DONE,10.40498,10.41119,6.2108909999096795,6.2108909999096795,0.045,4.424,1.7418909999096792,0.0
S00006,IMS-CSCF,edge-B,316,DONE,10.40676,10.41299,6.228568000096857,6.228568000096857,4.088,1.641,0.49956800009685676,0.0
S00004,UPF,edge-B,348,DONE,10.41277,10.41758,4.807620999827122,4.807620999827122,0.928,3.059,0.8206209998271223,0.0
S00009,IoT-GW,edge-A,378,DONE,10.4219,10.42465,2.7480270000523888,2.7480270000523888,0.114,1.704,0.9300270000523889,0.0
S00004,UPF,edge-B,349,DONE,10.43506,10.44192,6.858362999992096,6.858362999992096,0.314,4.244,2.300362999992096,0.0
S00002,vRAN-DU,edge-B,335,DONE,10.43524,10.44193,6.691385999829436,6.691385999829436,0.121,4.433,2.1373859998294353,0.0
S00006,IMS-CSCF,edge-B,317,DONE,10.43855,10.44369,5.140514000004259,5.140514000004259,1.953,1.955,1.232514000004259,0.0
S00005,IMS-CSCF,edge-A,339,DONE,10.4387,10.44202,3.326900999809368,3.326900999809368,0.082,1.82,1.424900999809368,0.0
S00010,IoT-GW,edge-B,331,DONE,10.44323,10.4457,2.474905999861221,2.474905999861221,0.075,1.594,0.8059059998612208,0.0
S00009,IoT-GW,edge-A,379,DONE,10.44694,10.45364,6.70482999998967,6.70482999998967,0.122,1.618,4.96482999998967,0.0
S00007,Transcoder,core-1,215,DONE,10.44704,10.45531,8.262194000053569,18.26219400005357,0.126,7.118,1.018194000053569,5.0
S00005,IMS-CSCF,edge-A,340,DONE,10.45365,10.45774,4.090674000053696,4.090674000053696,0.132,3.206,0.7526740000536956,0.0
S00008,Transcoder,core-1,168,DONE,10.45376,10.46191,8.149322999997821,20.14932299999782,0.052,6.662,1.4353229999978216,6.0
S00009,IoT-GW,edge-A,380,DONE,10.45381,10.45773,3.923266999890984,3.923266999890984,0.226,2.979,0.7182669998909841,0.0
S00006,IMS-CSCF,edge-B,318,DONE,10.45649,10.45831,1.8164780001370673,1.8164780001370673,0.082,1.266,0.4684780001370672,0.0
S00003,UPF,edge-A,343,DONE,10.4654,10.4691,3.701487000171255,3.701487000171255,0.135,2.876,0.6904870001712555,0.0
S00003,UPF,edge-A,344,DONE,10.46554,10.47141,5.873689000054583,5.873689000054583,3.283,2.04,0.5506890000545828,0.0
S00001,vRAN-DU,edge-A,328,DONE,10.46562,10.46972,4.098310000017591,4.098310000017591,0.174,3.386,0.5383100000175909,0.0
S00007,Transcoder,core-1,216,DONE,10.47672,10.48751,10.790914999915913,20.790914999915913,0.086,10.087,0.6179149999159126,5.0
S00002,vRAN-DU,edge-B,336,DONE,10.47805,10.48402,5.974215000151162,5.974215000151162,0.122,5.298,0.5542150001511619,0.0
S00001,vRAN-DU,edge-A,329,DONE,10.47932,10.48366,4.340643999967142,4.340643999967142,0.083,3.568,0.6896439999671418,0.0
S00005,IMS-CSCF,edge-A,341,DONE,10.48061,10.48556,4.951080999944679,4.951080999944679,0.188,1.609,3.1540809999446795,0.0
S00006,IMS-CSCF,edge-B,319,DONE,10.4869,10.48965,2.7447059999303747,2.7447059999303747,0.331,1.66,0.7537059999303748,0.0
S00006,IMS-CSCF,edge-B,320,DONE,10.49285,10.4947,1.8528809998770157,1.8528809998770157,0.059,1.356,0.4378809998770157,0.0
S00008,Transcoder,core-1,169,DONE,10.49412,10.50146,7.337818999985757,19.337818999985757,0.073,6.083,1.1818189999857562,6.0
S00009,IoT-GW,edge-A,381,DONE,10.49586,10.49746,1.6044950000377867,1.6044950000377867,0.073,1.015,0.5164950000377868,0.0
S00005,IMS-CSCF,edge-A,342,DONE,10.49747,10.49896,1.4947790000405803,1.4947790000405803,0.05,1.163,0.2817790000405802,0.0
S00008,Transcoder,core-1,170,DONE,10.49901,10.50848,9.47627100003956,21.47627100003956,0.071,8.886,0.5192710000395611,6.0
S00008,Transcoder,core-1,171,DONE,10.50371,10.5109,7.190081000089776,19.190081000089776,0.072,6.624,0.4940810000897766,6.0
S00006,IMS-CSCF,edge-B,321,DONE,10.50713,10.50961,2.4802500001896988,2.4802500001896988,0.087,1.79,0.6032500001896985,0.0
S00008,Transcoder,core-1,172,DONE,10.5109,10.51727,6.365640000012718,18.365640000012718,0.05,5.908,0.4076400000127176,6.0
S00010,IoT-GW,edge-B,332,DONE,10.51689,10.51893,2.0426559999577876,2.0426559999577876,0.186,1.091,0.7656559999577877,0.0
S00004,UPF,edge-B,350,DONE,10.51701,10.52001,2.9981479999605654,2.9981479999605654,0.079,2.156,0.763147999960565,0.0
S00001,vRAN-DU,edge-A,330,DONE,10.52001,10.52381,3.800092000119548,3.800092000119548,0.119,3.068,0.6130920001195483,0.0
S00009,IoT-GW,edge-A,382,DONE,10.52382,10.52566,1.8412560000342637,1.8412560000342637,0.1,1.396,0.3452560000342637,0.0
S00001,vRAN-DU,edge-A,331,DONE,10.52391,10.5271,3.190629000073386,3.190629000073386,0.055,2.679,0.45662900007338614,0.0
S00001,vRAN-DU,edge-A,332,DONE,10.52689,10.53031,3.420447000053173,3.420447000053173,0.04,2.929,0.45144700005317295,0.0
S00006,IMS-CSCF,edge-B,322,DONE,10.52936,10.53347,4.114360000130546,4.114360000130546,0.082,1.997,2.035360000130546,0.0
S00002,vRAN-DU,edge-B,337,DONE,10.53032,10.53406,3.743653999890739,3.743653999890739,0.058,3.224,0.4616539998907392,0.0
S00009,IoT-GW,edge-A,383,DONE,10.53046,10.53348,3.0204940001112845,3.0204940001112845,0.048,1.231,1.7414940001112844,0.0
S00010,IoT-GW,edge-B,333,DONE,10.54037,10.54206,1.692306999984794,1.692306999984794,0.081,1.104,0.5073069999847939,0.0
S00009,IoT-GW,edge-A,384,DONE,10.54632,10.54837,2.046738999979425,2.046738999979425,0.082,1.351,0.6137389999794249,0.0
S00003,UPF,edge-A,345,DONE,10.54956,10.552,2.437121999946612,2.437121999946612,0.072,1.909,0.45612199994661196,0.0
S00002,vRAN-DU,edge-B,338,DONE,10.54966,10.55306,3.401356000040323,3.401356000040323,0.074,2.882,0.44535600004032316,0.0
S00004,UPF,edge-B,351,DONE,10.55745,10.56043,2.9731399999946007,2.9731399999946007,0.089,2.209,0.6751399999946006,0.0
S00002,vRAN-DU,edge-B,339,DONE,10.55988,10.56374,3.865918999963469,3.865918999963469,0.241,2.932,0.6929189999634691,0.0
S00002,vRAN-DU,edge-B,340,DONE,10.56168,10.5649,3.21494999980132,3.21494999980132,0.125,2.688,0.4019499998013196,0.0
S00002,vRAN-DU,edge-B,341,DONE,10.56917,10.57333,4.156733999934659,4.156733999934659,0.23,3.083,0.8437339999346585,0.0
S00005,IMS-CSCF,edge-A,343,DONE,10.57266,10.57471,2.053145999980188,2.053145999980188,0.097,1.456,0.5001459999801883,0.0
S00004,UPF,edge-B,352,DONE,10.58104,10.58485,3.8156900000103633,3.8156900000103633,0.278,2.311,1.2266900000103633,0.0
S00002,vRAN-DU,edge-B,342,DONE,10.58915,10.59273,3.578646000050867,3.578646000050867,0.079,2.799,0.7006460000508667,0.0
S00009,IoT-GW,edge-A,385,DONE,10.59413,10.59583,1.6949729999851115,1.6949729999851115,0.087,0.964,0.6439729999851116,0.0
S00002,vRAN-DU,edge-B,343,DONE,10.59426,10.59872,4.467043999966336,4.467043999966336,0.076,3.867,0.5240439999663362,0.0
S00001,vRAN-DU,edge-A,333,DONE,10.59584,10.60136,5.526407999923322,5.526407999923322,0.05,4.993,0.4834079999233216,0.0
S00001,vRAN-DU,edge-A,334,DONE,10.59609,10.59938,3.2872169999791367,3.2872169999791367,0.077,2.727,0.4832169999791369,0.0
S00004,UPF,edge-B,353,DONE,10.6036,10.60687,3.267507000145997,3.267507000145997,0.099,2.533,0.635507000145997,0.0
S00005,IMS-CSCF,edge-A,344,DONE,10.60373,10.60601,2.2830150001027505,2.2830150001027505,0.08,1.63,0.5730150001027505,0.0
S00006,IMS-CSCF,edge-B,323,DONE,10.61527,10.618,2.7302260000396927,2.7302260000396927,0.103,1.839,0.7882260000396926,0.0
S00002,vRAN-DU,edge-B,344,DONE,10.62555,10.63068,5.133213000135584,5.133213000135584,0.09,4.103,0.940213000135584,0.0
S00003,UPF,edge-A,346,DONE,10.62708,10.62998,2.900029000102222,2.900029000102222,0.082,2.167,0.6510290001022225,0.0
S00002,vRAN-DU,edge-B,345,DONE,10.62951,10.63588,6.367010000076334,6.367010000076334,0.064,4.807,1.4960100000763337,0.0
S00004,UPF,edge-B,354,DONE,10.62999,10.63588,5.896805000020322,5.896805000020322,0.126,4.805,0.965805000020322,0.0
S00009,IoT-GW,edge-A,386,DONE,10.63288,10.64098,8.099792000166417,8.099792000166417,2.467,5.139,0.4937920001664162,0.0
S00003,UPF,edge-A,347,DONE,10.63294,10.63589,2.9478150001978065,2.9478150001978065,0.143,2.157,0.6478150001978067,0.0
S00005,IMS-CSCF,edge-A,345,DONE,10.63302,10.64041,7.393919999913123,7.393919999913123,1.804,5.154,0.43591999991312314,0.0
S00002,vRAN-DU,edge-B,346,DONE,10.63521,10.63906,3.8447669999186473,3.8447669999186473,0.047,2.82,0.9777669999186474,0.0
S00001,vRAN-DU,edge-A,335,DONE,10.63913,10.64387,4.734374999998181,4.734374999998181,1.077,3.068,0.589374999998181,0.0
S00001,vRAN-DU,edge-A,336,DONE,10.64513,10.64906,3.930270999944696,3.930270999944696,0.081,3.109,0.7402709999446961,0.0
S00004,UPF,edge-B,355,DONE,10.65758,10.66188,4.2989629998828605,4.2989629998828605,0.096,3.482,0.7209629998828602,0.0
S00009,IoT-GW,edge-A,387,DONE,10.6611,10.66362,2.523762999999235,2.523762999999235,0.1,1.559,0.864762999999235,0.0
S00002,vRAN-DU,edge-B,347,DONE,10.66363,10.66721,3.5862180000094668,3.5862180000094668,0.085,2.899,0.6022180000094668,0.0
S00003,UPF,edge-A,348,DONE,10.66375,10.66629,2.5372860000061337,2.5372860000061337,0.098,1.994,0.44528600000613383,0.0
S00007,Transcoder,core-1,217,DONE,10.67261,10.68322,10.607919999984006,20.607919999984006,0.082,9.63,0.8959199999840042,5.0
S00001,vRAN-DU,edge-A,337,DONE,10.67277,10.67702,4.252716000110013,4.252716000110013,0.089,3.553,0.6107160001100125,0.0
S00006,IMS-CSCF,edge-B,324,DONE,10.6761,10.67881,2.711481000005733,2.711481000005733,0.253,1.573,0.8854810000057332,0.0
S00005,IMS-CSCF,edge-A,346,DONE,10.67881,10.68103,2.215227000078812,2.215227000078812,0.097,1.649,0.46922700007881213,0.0
S00010,IoT-GW,edge-B,334,DONE,10.68547,10.69169,6.224531000043498,6.224531000043498,0.566,4.196,1.4625310000434988,0.0
S00001,vRAN-DU,edge-A,338,DONE,10.68684,10.69229,5.448849000003975,5.448849000003975,0.083,4.717,0.6488490000039748,0.0
S00007,Transcoder,core-1,218,DONE,10.68696,10.69774,10.782710000057705,20.782710000057705,0.12,10.142,0.5207100000577061,5.0
S00002,vRAN-DU,edge-B,348,DONE,10.6917,10.69755,5.853847999787831,5.853847999787831,0.097,5.112,0.6448479997878307,0.0
S00010,IoT-GW,edge-B,335,DONE,10.69182,10.69656,4.741285000136486,4.741285000136486,0.102,4.094,0.5452850001364853,0.0
S00003,UPF,edge-A,349,DONE,10.69448,10.6995,5.021225000064078,5.021225000064078,0.079,4.356,0.5862250000640783,0.0
S00003,UPF,edge-A,350,DONE,10.69662,10.70185,5.232227999840688,5.232227999840688,2.472,2.183,0.5772279998406886,0.0
S00003,UPF,edge-A,351,DONE,10.70074,10.70776,7.0125290001215035,7.0125290001215035,0.795,5.574,0.6435290001215037,0.0
S00004,UPF,edge-B,356,DONE,10.70407,10.70784,3.7637899999936053,3.7637899999936053,0.087,3.079,0.5977899999936049,0.0
S00007,Transcoder,core-1,219,DONE,10.70721,10.7251,17.89269999994758,27.89269999994758,0.104,16.581,1.2076999999475824,5.0
S00010,IoT-GW,edge-B,336,DONE,10.70731,10.71761,10.30881099995895,10.30881099995895,0.048,9.255,1.0058109999589497,0.0
S00008,Transcoder,core-1,173,DONE,10.70793,10.72874,20.809793000125865,32.809793000125865,0.088,19.923,0.7987930001258654,6.0
S00010,IoT-GW,edge-B,337,DONE,10.70807,10.72193,13.86260599997513,13.86260599997513,8.418,4.307,1.137605999975131,0.0
S00009,IoT-GW,edge-A,388,DONE,10.71557,10.72191,6.346658999973442,6.346658999973442,0.129,5.084,1.1336589999734432,0.0
S00003,UPF,edge-A,352,DONE,10.71641,10.72192,5.515906000027826,5.515906000027826,0.091,4.236,1.188906000027826,0.0
S00002,vRAN-DU,edge-B,349,DONE,10.71882,10.73693,18.11201999998957,18.11201999998957,0.071,16.825,1.2160199999895696,0.0
S00004,UPF,edge-B,357,DONE,10.7211,10.73161,10.504540000056295,10.504540000056295,0.401,9.497,0.6065400000562953,0.0
S00009,IoT-GW,edge-A,389,DONE,10.72193,10.72624,4.311067999879015,4.311067999879015,0.111,1.272,2.9280679998790147,0.0
S00010,IoT-GW,edge-B,338,DONE,10.72625,10.74665,20.399543999928937,20.399543999928937,9.894,9.069,1.4365439999289364,0.0
S00002,vRAN-DU,edge-B,350,DONE,10.72636,10.73781,11.451648000047498,11.451648000047498,4.594,6.096,0.7616480000474981,0.0
S00009,IoT-GW,edge-A,390,DONE,10.72996,10.73287,2.9087739999340556,2.9087739999340556,0.074,1.84,0.9947739999340557,0.0
S00007,Transcoder,core-1,220,DONE,10.73161,10.7455,13.886321000200041,23.88632100020004,0.082,11.835,1.9693210002000399,5.0
S00005,IMS-CSCF,edge-A,347,DONE,10.73694,10.74879,11.85110699998404,11.85110699998404,0.134,6.625,5.09210699998404,0.0
S00002,vRAN-DU,edge-B,351,DONE,10.73702,10.76019,23.17043800007923,23.17043800007923,0.043,20.121,3.006438000079232,0.0
S00006,IMS-CSCF,edge-B,325,DONE,10.74108,10.74851,7.431925999981104,7.431925999981104,4.572,2.355,0.5049259999811038,0.0
S00007,Transcoder,core-1,221,DONE,10.74443,10.75414,9.715282000115621,19.71528200011562,0.045,8.527,1.1432820001156223,5.0
S00006,IMS-CSCF,edge-B,326,DONE,10.74452,10.76021,15.691300000071351,15.691300000071351,3.536,9.57,2.585300000071351,0.0
S00001,vRAN-DU,edge-A,339,DONE,10.74783,10.76124,13.402242999973168,13.402242999973168,0.079,12.2,1.1232429999731686,0.0
S00010,IoT-GW,edge-B,339,DONE,10.74851,10.76021,11.692639000102645,11.692639000102645,8.409,0.874,2.409639000102644,0.0
S00006,IMS-CSCF,edge-B,327,DONE,10.74879,10.761,12.21078999992642,12.21078999992642,9.514,1.548,1.1487899999264197,0.0
S00001,vRAN-DU,edge-A,340,DONE,10.75542,10.76695,11.524710999992749,11.524710999992749,0.088,9.948,1.4887109999927493,0.0
S00001,vRAN-DU,edge-A,341,DONE,10.77929,10.7844,5.1094860000375775,5.1094860000375775,0.089,4.222,0.7984860000375766,0.0
S00006,IMS-CSCF,edge-B,328,DONE,10.78107,10.79022,9.150205999958416,9.150205999958416,0.084,3.704,5.362205999958416,0.0
S00002,vRAN-DU,edge-B,352,DONE,10.78359,10.79141,7.813092999867877,7.813092999867877,0.069,6.212,1.532092999867877,0.0
S00007,Transcoder,core-1,222,DONE,10.79023,10.80354,13.314385000057882,23.314385000057882,0.098,12.169,1.047385000057881,5.0
S00009,IoT-GW,edge-A,391,DONE,10.79037,10.7952,4.831865999904039,4.831865999904039,0.108,1.608,3.1158659999040395,0.0
S00010,IoT-GW,edge-B,340,DONE,10.79141,10.80811,16.70097600003828,16.70097600003828,0.082,7.265,9.35397600003828,0.0
S00010,IoT-GW,edge-B,341,DONE,10.79521,10.80926,14.049316999944494,14.049316999944494,11.262,1.795,0.9923169999444941,0.0
S00010,IoT-GW,edge-B,342,DONE,10.79884,10.81243,13.592485000117449,13.592485000117449,0.291,2.986,10.315485000117448,0.0
S00001,vRAN-DU,edge-A,342,DONE,10.80218,10.80812,5.945614999973259,5.945614999973259,0.092,5.161,0.6926149999732596,0.0
S00002,vRAN-DU,edge-B,353,DONE,10.80813,10.81506,6.93492100003823,6.93492100003823,0.104,4.389,2.4419210000382296,0.0
S00003,UPF,edge-A,353,DONE,10.81479,10.8216,6.801345999974728,6.801345999974728,0.088,4.594,2.119345999974728,0.0
S00004,UPF,edge-B,358,DONE,10.81645,10.82419,7.7390409999225085,7.7390409999225085,0.062,7.186,0.49104099992250827,0.0
S00003,UPF,edge-A,354,DONE,10.81656,10.8239,7.336250999969707,7.336250999969707,3.201,3.361,0.774250999969706,0.0
S00010,IoT-GW,edge-B,343,DONE,10.8216,10.82724,5.634318999909738,5.634318999909738,0.098,4.786,0.7503189999097382,0.0
S00005,IMS-CSCF,edge-A,348,DONE,10.82169,10.8277,6.0177760001352,6.0177760001352,0.094,5.433,0.49077600013519973,0.0
S00007,Transcoder,core-1,223,DONE,10.82391,10.83719,13.280930999826523,23.280930999826523,0.123,12.424,0.7339309998265247,5.0
S00003,UPF,edge-A,355,DONE,10.82656,10.83382,7.26222899993445,7.26222899993445,0.062,3.972,3.22822899993445,0.0
S00002,vRAN-DU,edge-B,354,DONE,10.82665,10.83172,5.065176000016436,5.065176000016436,0.189,4.141,0.7351760000164358,0.0
S00010,IoT-GW,edge-B,344,DONE,10.8267,10.83138,4.677647999869805,4.677647999869805,2.17,0.867,1.6406479998698051,0.0
S00008,Transcoder,core-1,174,DONE,10.83303,10.84661,13.583163000021159,25.58316300002116,0.08,10.696,2.807163000021159,6.0
S00005,IMS-CSCF,edge-A,349,DONE,10.83316,10.83718,4.0215219999026885,4.0215219999026885,0.06,2.198,1.7635219999026885,0.0
S00002,vRAN-DU,edge-B,355,DONE,10.83505,10.84176,6.714883999848098,6.714883999848098,0.094,5.808,0.8128839998480979,0.0
S00002,vRAN-DU,edge-B,356,DONE,10.83719,10.84175,4.557940000040617,4.557940000040617,0.057,2.711,1.7899400000406165,0.0
S00005,IMS-CSCF,edge-A,350,DONE,10.83725,10.8449,7.649561999869547,7.649561999869547,0.088,2.541,5.020561999869548,0.0
S00009,IoT-GW,edge-A,392,DONE,10.84176,10.84372,1.9549400001324102,1.9549400001324102,0.136,1.279,0.5399400001324102,0.0
S00006,IMS-CSCF,edge-B,329,DONE,10.84301,10.84574,2.7370000000246364,2.7370000000246364,0.083,1.542,1.1120000000246362,0.0
S00005,IMS-CSCF,edge-A,351,DONE,10.84376,10.84685,3.0952179999985674,3.0952179999985674,0.895,1.854,0.3462179999985673,0.0
S00004,UPF,edge-B,359,DONE,10.84805,10.85349,5.441388999997798,5.441388999997798,0.057,4.701,0.6833889999977982,0.0
S00005,IMS-CSCF,edge-A,352,DONE,10.84838,10.85277,4.391396000073655,4.391396000073655,0.168,2.852,1.3713960000736551,0.0
S00006,IMS-CSCF,edge-B,330,DONE,10.84845,10.85315,4.695610999988276,4.695610999988276,0.049,4.217,0.42961099998827557,0.0
S00003,UPF,edge-A,356,DONE,10.84854,10.85738,8.839278000095874,8.839278000095874,0.123,5.695,3.021278000095874,0.0
S00003,UPF,edge-A,357,DONE,10.84973,10.85917,9.439828000040507,9.439828000040507,5.737,1.799,1.9038280000405066,0.0
S00001,vRAN-DU,edge-A,343,DONE,10.84979,10.85923,9.447980000004463,9.447980000004463,0.437,7.291,1.7199800000044636,0.0
S00005,IMS-CSCF,edge-A,353,DONE,10.86965,10.87222,2.5721729998622322,2.5721729998622322,0.105,1.528,0.9391729998622322,0.0
S00004,UPF,edge-B,360,DONE,10.87223,10.87501,2.7853280000726954,2.7853280000726954,0.088,2.2,0.4973280000726952,0.0
S00004,UPF,edge-B,361,DONE,10.88346,10.88885,5.38554199988539,5.38554199988539,0.156,4.098,1.1315419998853908,0.0
S00005,IMS-CSCF,edge-A,354,DONE,10.88495,10.8887,3.7465779998910875,3.7465779998910875,0.131,2.588,1.0275779998910872,0.0
S00004,UPF,edge-B,362,DONE,10.88871,10.8939,5.196859000079712,5.196859000079712,0.097,4.299,0.8008590000797113,0.0
S00005,IMS-CSCF,edge-A,355,DONE,10.88889,10.89376,4.873446999908992,4.873446999908992,0.056,3.866,0.9514469999089923,0.0
S00004,UPF,edge-B,363,DONE,10.89391,10.89749,3.582162999919092,3.582162999919092,0.064,2.886,0.6321629999190916,0.0
S00002,vRAN-DU,edge-B,357,DONE,10.89879,10.90704,8.252317999904335,8.252317999904335,0.062,7.54,0.6503179999043356,0.0
S00009,IoT-GW,edge-A,393,DONE,10.9022,10.90448,2.281953999954567,2.281953999954567,0.09,1.602,0.5899539999545669,0.0
S00006,IMS-CSCF,edge-B,331,DONE,10.90568,10.91409,8.406022999906781,8.406022999906781,0.114,7.656,0.636022999906781,0.0
S00008,Transcoder,core-1,175,DONE,10.90704,10.92627,19.223159999910422,31.223159999910422,0.127,18.17,0.9261599999104213,6.0
S00010,IoT-GW,edge-B,345,DONE,10.91141,10.92351,12.102681999976994,12.102681999976994,0.072,9.285,2.745681999976995,0.0
S00008,Transcoder,core-1,176,DONE,10.9141,10.92996,15.862555000012435,27.862555000012435,0.131,14.095,1.636555000012434,6.0
S00001,vRAN-DU,edge-A,344,DONE,10.91419,10.91864,4.444935999799782,4.444935999799782,0.086,3.931,0.42793599979978136,0.0
S00005,IMS-CSCF,edge-A,356,DONE,10.91581,10.92093,5.116152000027796,5.116152000027796,0.064,4.607,0.44515200002779576,0.0
S00002,vRAN-DU,edge-B,358,DONE,10.91717,10.92586,8.692725999935647,8.692725999935647,0.07,7.841,0.7817259999356461,0.0
S00010,IoT-GW,edge-B,346,DONE,10.92352,10.92729,3.7711730001319665,3.7711730001319665,0.049,1.382,2.3401730001319665,0.0
S00005,IMS-CSCF,edge-A,357,DONE,10.92859,10.93273,4.141989999880025,4.141989999880025,0.119,3.14,0.8829899998800248,0.0
S00006,IMS-CSCF,edge-B,332,DONE,10.92937,10.93364,4.262150999920777,4.262150999920777,0.097,3.441,0.7241509999207771,0.0
S00003,UPF,edge-A,358,DONE,10.93274,10.93524,2.4976509998850815,2.4976509998850815,0.058,1.963,0.47665099988508164,0.0
S00003,UPF,edge-A,359,DONE,10.93651,10.93945,2.940363999869078,2.940363999869078,0.115,2.239,0.5863639998690777,0.0
S00008,Transcoder,core-1,177,DONE,10.93666,10.94712,10.451440999986517,22.451440999986517,0.081,9.733,0.6374409999865165,6.0
S00003,UPF,edge-A,360,DONE,10.93792,10.94318,5.250927999895794,5.250927999895794,1.428,3.371,0.4519279998957937,0.0
S00010,IoT-GW,edge-B,347,DONE,10.94167,10.94393,2.2654310000689293,2.2654310000689293,0.097,1.626,0.5424310000689294,0.0
S00002,vRAN-DU,edge-B,359,DONE,10.94518,10.95146,6.278629000007641,6.278629000007641,0.111,5.52,0.6476290000076412,0.0
S00004,UPF,edge-B,364,DONE,10.94712,10.94991,2.785714000083317,2.785714000083317,0.09,2.364,0.3317140000833172,0.0
S00004,UPF,edge-B,365,DONE,10.95267,10.95504,2.3711930000445136,2.3711930000445136,0.051,1.938,0.3821930000445135,0.0
S00005,IMS-CSCF,edge-A,358,DONE,10.95505,10.95787,2.8162509997855523,2.8162509997855523,0.127,1.595,1.0942509997855525,0.0
S00008,Transcoder,core-1,178,DONE,10.95738,10.96605,8.668008000086047,20.668008000086047,0.091,8.161,0.4160080000860482,6.0
S00006,IMS-CSCF,edge-B,333,DONE,10.96148,10.96509,3.6143479999282135,3.6143479999282135,0.083,2.773,0.7583479999282132,0.0
S00009,IoT-GW,edge-A,394,DONE,10.96157,10.96628,4.707144999883894,4.707144999883894,0.272,3.866,0.569144999883894,0.0
S00006,IMS-CSCF,edge-B,334,DONE,10.96164,10.96916,7.519086999991487,7.519086999991487,3.021,4.068,0.43008699999148714,0.0
S00005,IMS-CSCF,edge-A,359,DONE,10.96168,10.9695,7.816628999989916,7.816628999989916,0.111,6.993,0.7126289999899162,0.0
S00008,Transcoder,core-1,179,DONE,10.9749,10.98866,13.753530000030878,25.753530000030878,0.144,12.946,0.6635300000308781,6.0
S00003,UPF,edge-A,361,DONE,10.9763,10.97917,2.8705380000246805,2.8705380000246805,0.077,2.276,0.5175380000246808,0.0
S00005,IMS-CSCF,edge-A,360,DONE,10.98143,10.98473,3.3075540000027104,3.3075540000027104,0.075,2.703,0.5295540000027104,0.0
S00006,IMS-CSCF,edge-B,335,DONE,10.9827,10.98549,2.790248000110296,2.790248000110296,0.086,2.115,0.5892480001102958,0.0
S00005,IMS-CSCF,edge-A,361,DONE,10.98474,10.98683,2.085855000132142,2.085855000132142,0.052,1.518,0.5158550001321418,0.0
S00005,IMS-CSCF,edge-A,362,DONE,10.98683,10.98865,1.8203170000106184,1.8203170000106184,0.045,1.179,0.5963170000106184,0.0
S00001,vRAN-DU,edge-A,345,DONE,10.98866,10.99501,6.351366999979291,6.351366999979291,0.081,5.694,0.5763669999792906,0.0
S00004,UPF,edge-B,366,DONE,10.99195,10.99472,2.7700640000603016,2.7700640000603016,0.085,1.945,0.7400640000603016,0.0
S00010,IoT-GW,edge-B,348,DONE,10.9962,10.99819,1.9892230000095878,1.9892230000095878,0.062,1.538,0.38922300000958776,0.0
S00001,vRAN-DU,edge-A,346,DONE,11.00249,11.00861,6.126170000015918,6.126170000015918,0.38,4.633,1.1131700000159181,0.0
S00009,IoT-GW,edge-A,395,DONE,11.00262,11.01105,8.42726600012611,8.42726600012611,5.536,2.139,0.7522660001261108,0.0
S00003,UPF,edge-A,362,DONE,11.00266,11.01096,8.297193999851515,8.297193999851515,0.415,6.666,1.216193999851515,0.0
S00006,IMS-CSCF,edge-B,336,DONE,11.00492,11.00958,4.658099000153015,4.658099000153015,0.177,3.801,0.6800990001530156,0.0
S00010,IoT-GW,edge-B,349,DONE,11.02164,11.02456,2.918201999818848,2.918201999818848,0.098,1.875,0.9452019998188481,0.0
S00010,IoT-GW,edge-B,350,DONE,11.02321,11.03061,7.4011440001413575,7.4011440001413575,0.824,5.774,0.8031440001413577,0.0
S00003,UPF,edge-A,363,DONE,11.02457,11.03058,6.011360999991666,6.011360999991666,0.101,4.828,1.082360999991666,0.0
S00002,vRAN-DU,edge-B,360,DONE,11.02585,11.02989,4.0376460001425585,4.0376460001425585,0.134,2.593,1.3106460001425586,0.0
S00004,UPF,edge-B,367,DONE,11.02594,11.03286,6.927278999910413,6.927278999910413,2.928,3.4,0.5992789999104136,0.0
S00010,IoT-GW,edge-B,351,DONE,11.026,11.03181,5.80316499986111,5.80316499986111,4.095,0.807,0.9011649998611103,0.0
S00005,IMS-CSCF,edge-A,363,DONE,11.03182,11.03438,2.5654999999460415,2.5654999999460415,0.188,1.528,0.8494999999460413,0.0
S00010,IoT-GW,edge-B,352,DONE,11.03298,11.03541,2.431284999829586,2.431284999829586,0.068,0.99,1.373284999829586,0.0
S00010,IoT-GW,edge-B,353,DONE,11.03439,11.03643,2.041909000126907,2.041909000126907,0.114,1.008,0.9199090001269068,0.0
S00006,IMS-CSCF,edge-B,337,DONE,11.03644,11.04014,3.6988169999858656,3.6988169999858656,0.112,2.932,0.6548169999858655,0.0
S00009,IoT-GW,edge-A,396,DONE,11.03653,11.03886,2.3371520001091994,2.3371520001091994,0.074,1.694,0.5691520001091996,0.0
S00005,IMS-CSCF,edge-A,364,DONE,11.03887,11.04101,2.1382309998898563,2.1382309998898563,0.053,1.499,0.5862309998898563,0.0
S00006,IMS-CSCF,edge-B,338,DONE,11.04101,11.04424,3.2271830000354385,3.2271830000354385,0.155,1.243,1.8291830000354385,0.0
S00010,IoT-GW,edge-B,354,DONE,11.04278,11.04476,1.9782159999977011,1.9782159999977011,0.055,1.395,0.5282159999977012,0.0
S00005,IMS-CSCF,edge-A,365,DONE,11.04286,11.04498,2.114333000008628,2.114333000008628,0.056,1.473,0.5853330000086279,0.0
S00010,IoT-GW,edge-B,355,DONE,11.04428,11.04857,4.28979100001925,4.28979100001925,0.073,3.073,1.1437910000192493,0.0
S00003,UPF,edge-A,364,DONE,11.04477,11.04799,3.218484000171884,3.218484000171884,0.051,1.852,1.3154840001718837,0.0
S00005,IMS-CSCF,edge-A,366,DONE,11.05203,11.05459,2.562232999935077,2.562232999935077,0.101,1.331,1.1302329999350769,0.0
S00005,IMS-CSCF,edge-A,367,DONE,11.05224,11.05588,3.6403369999788993,3.6403369999788993,1.651,1.493,0.49633699997889913,0.0
S00005,IMS-CSCF,edge-A,368,DONE,11.05462,11.06182,7.202602000006664,7.202602000006664,1.178,4.761,1.2636020000066637,0.0
S00007,Transcoder,core-1,224,DONE,11.05499,11.06229,7.299979999970674,17.299979999970674,0.094,6.195,1.0109799999706732,5.0
S00010,IoT-GW,edge-B,356,DONE,11.06045,11.06362,3.168915999822275,3.168915999822275,0.297,1.592,1.2799159998222747,0.0
S00004,UPF,edge-B,368,DONE,11.06363,11.07002,6.398103000037736,6.398103000037736,0.071,5.371,0.9561030000377357,0.0
S00004,UPF,edge-B,369,DONE,11.06861,11.07286,4.2504999998982385,4.2504999998982385,0.197,2.172,1.8814999998982382,0.0
S00001,vRAN-DU,edge-A,347,DONE,11.07716,11.08268,5.517872000154966,5.517872000154966,0.111,3.359,2.0478720001549666,0.0
S00005,IMS-CSCF,edge-A,369,DONE,11.07795,11.08287,4.925107999952161,4.925107999952161,0.07,3.441,1.4141079999521606,0.0
S00001,vRAN-DU,edge-A,348,DONE,11.08123,11.08663,5.400235000024622,5.400235000024622,0.248,3.758,1.3942350000246222,0.0
S00002,vRAN-DU,edge-B,361,DONE,11.08269,11.09161,8.921643000121549,8.921643000121549,0.211,5.664,3.0466430001215485,0.0
S00008,Transcoder,core-1,180,DONE,11.08525,11.10383,18.586701999993238,30.586701999993238,0.086,17.736,0.764701999993239,6.0
S00003,UPF,edge-A,365,DONE,11.08794,11.09162,3.6847240000952297,3.6847240000952297,0.121,2.106,1.4577240000952298,0.0
S00005,IMS-CSCF,edge-A,370,DONE,11.09174,11.09395,2.2038590000192926,2.2038590000192926,0.091,1.533,0.5798590000192925,0.0
S00010,IoT-GW,edge-B,357,DONE,11.09821,11.10015,1.9341120000717638,1.9341120000717638,0.086,0.975,0.8731120000717637,0.0
S00001,vRAN-DU,edge-A,349,DONE,11.10152,11.10759,6.064939999987473,6.064939999987473,0.079,5.304,0.6819399999874731,0.0
S00010,IoT-GW,edge-B,358,DONE,11.10503,11.10785,2.8217359999871405,2.8217359999871405,0.134,1.44,1.2477359999871407,0.0
S00009,IoT-GW,edge-A,397,DONE,11.1076,11.10952,1.9222920000174781,1.9222920000174781,0.074,1.029,0.8192920000174782,0.0
S00001,vRAN-DU,edge-A,350,DONE,11.11072,11.11501,4.295844999887777,4.295844999887777,0.086,3.592,0.6178449998877764,0.0
S00008,Transcoder,core-1,181,DONE,11.11949,11.12795,8.457262000092669,20.45726200009267,0.133,7.33,0.9942620000926699,6.0
S00004,UPF,edge-B,370,DONE,11.13023,11.13485,4.615025000020978,4.615025000020978,0.089,3.649,0.8770250000209776,0.0
S00005,IMS-CSCF,edge-A,371,DONE,11.13917,11.1422,3.0319019999751617,3.0319019999751617,0.153,1.887,0.9919019999751617,0.0
S00009,IoT-GW,edge-A,398,DONE,11.13937,11.14265,3.2793579998724454,3.2793579998724454,0.284,2.432,0.5633579998724456,0.0
S00001,vRAN-DU,edge-A,351,DONE,11.14489,11.15035,5.462384000111342,5.462384000111342,0.061,4.628,0.7733840001113421,0.0
S00009,IoT-GW,edge-A,399,DONE,11.15668,11.15917,2.4918130000060046,2.4918130000060046,0.104,1.485,0.9028130000060044,0.0
S00003,UPF,edge-A,366,DONE,11.15918,11.16384,4.664995999974053,4.664995999974053,0.062,3.519,1.0839959999740527,0.0
S00010,IoT-GW,edge-B,359,DONE,11.16164,11.16428,2.6354780000019673,2.6354780000019673,0.223,1.68,0.7324780000019675,0.0
S00005,IMS-CSCF,edge-A,372,DONE,11.16175,11.16745,5.702480999843829,5.702480999843829,0.088,4.588,1.0264809998438285,0.0
S00001,vRAN-DU,edge-A,352,DONE,11.16304,11.16908,6.037977999994837,6.037977999994837,0.096,5.337,0.604977999994837,0.0
S00003,UPF,edge-A,367,DONE,11.16385,11.17053,6.682595000029323,6.682595000029323,3.45,2.565,0.6675950000293231,0.0
S00008,Transcoder,core-1,182,DONE,11.16392,11.18079,16.874178000080065,28.874178000080065,0.128,15.334,1.4121780000800648,6.0
S00005,IMS-CSCF,edge-A,373,DONE,11.1668,11.17708,10.28670499999862,10.28670499999862,1.239,7.387,1.660704999998619,0.0
S00009,IoT-GW,edge-A,400,DONE,11.16688,11.1771,10.216682999953264,10.216682999953264,2.698,5.954,1.5646829999532637,0.0
S00006,IMS-CSCF,edge-B,339,DONE,11.16908,11.18078,11.695351000071241,11.695351000071241,0.115,4.04,7.540351000071241,0.0
S00006,IMS-CSCF,edge-B,340,DONE,11.1771,11.18575,8.647487999951409,8.647487999951409,2.786,3.184,2.677487999951409,0.0
S00010,IoT-GW,edge-B,360,DONE,11.17879,11.1822,3.4073389999775827,3.4073389999775827,0.077,2.676,0.6543389999775826,0.0
S00003,UPF,edge-A,368,DONE,11.1822,11.18803,5.821859999969092,5.821859999969092,0.106,4.961,0.7548599999690921,0.0
S00001,vRAN-DU,edge-A,353,DONE,11.18284,11.19225,9.417716000143628,9.417716000143628,0.096,3.808,5.513716000143628,0.0
S00009,IoT-GW,edge-A,401,DONE,11.18576,11.19227,6.505655999944793,6.505655999944793,3.498,0.749,2.2586559999447924,0.0
S00001,vRAN-DU,edge-A,354,DONE,11.18622,11.19227,6.056333999822527,6.056333999822527,1.376,4.153,0.5273339998225284,0.0
S00010,IoT-GW,edge-B,361,DONE,11.18924,11.19381,4.5670540000628534,4.5670540000628534,0.213,1.34,3.0140540000628535,0.0
S00002,vRAN-DU,edge-B,362,DONE,11.18941,11.19569,6.282529999907638,6.282529999907638,0.1,3.352,2.8305299999076383,0.0
S00005,IMS-CSCF,edge-A,374,DONE,11.19502,11.19765,2.6289289999112953,2.6289289999112953,0.062,1.791,0.7759289999112955,0.0
S00008,Transcoder,core-1,183,DONE,11.19765,11.20903,11.374021000165158,23.374021000165158,0.152,10.622,0.6000210001651585,6.0
S00004,UPF,edge-B,371,DONE,11.19897,11.20344,4.464267000003019,4.464267000003019,0.073,3.805,0.5862670000030188,0.0
S00001,vRAN-DU,edge-A,355,DONE,11.20676,11.21417,7.412757000111014,7.412757000111014,0.119,6.416,0.8777570001110142,0.0
S00003,UPF,edge-A,369,DONE,11.21042,11.2164,5.981098999882306,5.981098999882306,0.116,4.843,1.0220989998823065,0.0
S00005,IMS-CSCF,edge-A,375,DONE,11.21418,11.21896,4.7820880001836485,4.7820880001836485,0.087,2.506,2.189088000183649,0.0
S00005,IMS-CSCF,edge-A,376,DONE,11.21554,11.22138,5.840279000040027,5.840279000040027,3.028,1.943,0.8692790000400272,0.0
S00003,UPF,edge-A,370,DONE,11.2319,11.23717,5.268509999950766,5.268509999950766,0.132,4.307,0.8295099999507656,0.0
S00003,UPF,edge-A,371,DONE,11.23273,11.24516,12.433083999894734,12.433083999894734,4.22,7.38,0.8330839998947352,0.0
S00008,Transcoder,core-1,184,DONE,11.23417,11.24479,10.619449000159875,22.619449000159875,0.11,9.045,1.4644490001598758,6.0
S00002,vRAN-DU,edge-B,363,DONE,11.2448,11.25976,14.955897999925583,14.955897999925583,0.129,12.259,2.5678979999255827,0.0
S00007,Transcoder,core-1,225,DONE,11.24495,11.25975,14.800379000007524,24.800379000007524,0.104,11.292,3.404379000007525,5.0
S00009,IoT-GW,edge-A,402,DONE,11.24501,11.25974,14.725184999861085,14.725184999861085,0.082,10.192,4.451184999861084,0.0
S00003,UPF,edge-A,372,DONE,11.24643,11.26078,14.344995999863386,14.344995999863386,0.107,10.494,3.7439959998633867,0.0
S00010,IoT-GW,edge-B,362,DONE,11.24874,11.25483,6.087025999931939,6.087025999931939,0.108,4.924,1.0550259999319387,0.0
S00003,UPF,edge-A,373,DONE,11.2537,11.26478,11.073902000134694,11.073902000134694,4.155,3.747,3.1719020001346943,0.0
S00004,UPF,edge-B,372,DONE,11.25382,11.25977,5.948774999978923,5.948774999978923,0.079,4.348,1.5217749999789234,0.0
S00004,UPF,edge-B,373,DONE,11.25483,11.26343,8.595135000177834,8.595135000177834,3.91,4.03,0.6551350001778333,0.0
S00006,IMS-CSCF,edge-B,341,DONE,11.25977,11.26615,6.371189999981652,6.371189999981652,0.115,4.148,2.1081899999816525,0.0
S00009,IoT-GW,edge-A,403,DONE,11.27771,11.28066,2.955357000018921,2.955357000018921,0.172,1.821,0.962357000018921,0.0
S00010,IoT-GW,edge-B,363,DONE,11.282,11.28624,4.232250999848475,4.232250999848475,0.135,3.013,1.084250999848475,0.0
S00001,vRAN-DU,edge-A,356,DONE,11.28347,11.2899,6.436153999857197,6.436153999857197,0.113,4.396,1.9271539998571967,0.0
S00009,IoT-GW,edge-A,404,DONE,11.28856,11.29226,3.7040079998860165,3.7040079998860165,0.114,1.905,1.6850079998860166,0.0
S00009,IoT-GW,edge-A,405,DONE,11.28875,11.29409,5.339817999811203,5.339817999811203,2.267,1.655,1.4178179998112028,0.0
S00002,vRAN-DU,edge-B,364,DONE,11.29227,11.29861,6.3402079999832495,6.3402079999832495,0.113,5.15,1.0772079999832487,0.0
S00003,UPF,edge-A,374,DONE,11.29541,11.29925,3.8435330000083923,3.8435330000083923,0.078,3.19,0.5755330000083925,0.0
S00010,IoT-GW,edge-B,364,DONE,11.29862,11.30153,2.906485000039538,2.906485000039538,0.123,1.541,1.242485000039538,0.0
S00001,vRAN-DU,edge-A,357,DONE,11.29897,11.30317,4.19834199988145,4.19834199988145,0.101,3.599,0.49834199988144956,0.0
S00001,vRAN-DU,edge-A,358,DONE,11.2991,11.30961,10.508767999908741,10.508767999908741,0.217,9.552,0.7397679999087412,0.0
S00005,IMS-CSCF,edge-A,377,DONE,11.30294,11.30619,3.2503330000963615,3.2503330000963615,0.228,2.418,0.6043330000963612,0.0
S00010,IoT-GW,edge-B,365,DONE,11.30318,11.30534,2.164967999988221,2.164967999988221,0.084,1.447,0.6339679999882208,0.0
S00008,Transcoder,core-1,185,DONE,11.30535,11.31679,11.434343000018998,23.434343000019,0.083,9.449,1.9023430000189983,6.0
S00001,vRAN-DU,edge-A,359,DONE,11.31191,11.3168,4.883818000052997,4.883818000052997,0.146,4.022,0.7158180000529972,0.0
S00006,IMS-CSCF,edge-B,342,DONE,11.31337,11.31722,3.8447829999768146,3.8447829999768146,0.112,3.185,0.5477829999768145,0.0
S00006,IMS-CSCF,edge-B,343,DONE,11.31595,11.32069,4.741223999872091,4.741223999872091,1.26,2.938,0.5432239998720907,0.0
S00009,IoT-GW,edge-A,406,DONE,11.31848,11.32142,2.9334710000057385,2.9334710000057385,0.092,1.179,1.6624710000057383,0.0
S00005,IMS-CSCF,edge-A,378,DONE,11.33191,11.33463,2.7164279999851715,2.7164279999851715,0.141,1.659,0.9164279999851714,0.0
S00007,Transcoder,core-1,226,DONE,11.33997,11.35119,11.21693699997195,21.21693699997195,0.086,9.982,1.1489369999719496,5.0
S00003,UPF,edge-A,375,DONE,11.34552,11.35351,7.980948000067656,7.980948000067656,0.115,7.102,0.7639480000676553,0.0
S00005,IMS-CSCF,edge-A,379,DONE,11.34571,11.35397,8.267830000022514,8.267830000022514,0.411,7.288,0.5688300000225137,0.0
S00001,vRAN-DU,edge-A,360,DONE,11.36439,11.37031,5.927365000161444,5.927365000161444,0.095,4.698,1.134365000161444,0.0
S00005,IMS-CSCF,edge-A,380,DONE,11.36786,11.37324,5.379250000032698,5.379250000032698,1.699,3.22,0.4602500000326981,0.0
S00001,vRAN-DU,edge-A,361,DONE,11.368,11.37299,4.990473999896494,4.990473999896494,0.098,4.432,0.46047399989649396,0.0
S00010,IoT-GW,edge-B,366,DONE,11.37032,11.3722,1.8833609999546752,1.8833609999546752,0.106,1.284,0.4933609999546751,0.0
S00005,IMS-CSCF,edge-A,381,DONE,11.37336,11.37785,4.492216999778975,4.492216999778975,0.044,3.892,0.5562169997789757,0.0
S00001,vRAN-DU,edge-A,362,DONE,11.37458,11.37861,4.0261800002099335,4.0261800002099335,0.048,2.748,1.2301800002099332,0.0
S00008,Transcoder,core-1,186,DONE,11.37597,11.38959,13.619436999988466,25.619436999988466,0.079,9.258,4.282436999988466,6.0
S00005,IMS-CSCF,edge-A,382,DONE,11.37617,11.38185,5.688661000021966,5.688661000021966,1.695,3.521,0.472661000021966,0.0
S00002,vRAN-DU,edge-B,365,DONE,11.37985,11.38346,3.6177320000660984,3.6177320000660984,0.222,2.687,0.7087320000660986,0.0
S00003,UPF,edge-A,376,DONE,11.38959,11.39762,8.029601000089315,8.029601000089315,0.106,2.135,5.788601000089315,0.0
S00007,Transcoder,core-1,227,DONE,11.38974,11.41326,23.52462499993635,33.52462499993635,0.105,21.044,2.375624999936349,5.0
S00006,IMS-CSCF,edge-B,344,DONE,11.3957,11.398,2.2965230000409065,2.2965230000409065,0.086,1.696,0.5145230000409067,0.0
S00001,vRAN-DU,edge-A,363,DONE,11.39737,11.41324,15.87263500005065,15.87263500005065,0.084,12.989,2.7996350000506496,0.0
S00005,IMS-CSCF,edge-A,383,DONE,11.39763,11.40633,8.704380999915884,8.704380999915884,0.049,8.16,0.49538099991588425,0.0
S00007,Transcoder,core-1,228,DONE,11.39768,11.41926,21.576008000010916,31.576008000010916,0.101,19.447,2.0280080000109173,5.0
S00006,IMS-CSCF,edge-B,345,DONE,11.40323,11.40538,2.155491999928927,2.155491999928927,0.092,1.479,0.5844919999289266,0.0
S00005,IMS-CSCF,edge-A,384,DONE,11.40384,11.41325,9.411523999915516,9.411523999915516,0.748,5.383,3.280523999915517,0.0
S00006,IMS-CSCF,edge-B,346,DONE,11.41081,11.41379,2.9752430000371533,2.9752430000371533,0.089,1.916,0.9702430000371534,0.0
S00006,IMS-CSCF,edge-B,347,DONE,11.41275,11.41499,2.239607000092292,2.239607000092292,0.642,1.217,0.38060700009229187,0.0
S00001,vRAN-DU,edge-A,364,DONE,11.41618,11.41961,3.429461999985506,3.429461999985506,0.083,2.961,0.3854619999855058,0.0
S00006,IMS-CSCF,edge-B,348,DONE,11.43702,11.44079,3.7744969999948808,3.7744969999948808,0.262,2.236,1.2764969999948805,0.0
S00004,UPF,edge-B,374,DONE,11.43718,11.44081,3.630870999813851,3.630870999813851,0.108,2.649,0.873870999813851,0.0
S00006,IMS-CSCF,edge-B,349,DONE,11.43721,11.44747,10.25390600011633,10.25390600011633,2.956,6.707,0.5909060001163313,0.0
S00001,vRAN-DU,edge-A,365,DONE,11.44056,11.44694,6.381694999845422,6.381694999845422,0.088,5.817,0.47669499984542174,0.0
S00005,IMS-CSCF,edge-A,385,DONE,11.44405,11.44612,2.0614000000023225,2.0614000000023225,0.146,1.196,0.7194000000023226,0.0
S00008,Transcoder,core-1,187,DONE,11.44547,11.45568,10.211477999973795,22.211477999973795,0.097,9.381,0.733477999973795,6.0
S00001,vRAN-DU,edge-A,366,DONE,11.4497,11.45287,3.1668720000652684,3.1668720000652684,0.07,2.496,0.6008720000652685,0.0
S00009,IoT-GW,edge-A,407,DONE,11.44977,11.45366,3.8917719998607936,3.8917719998607936,2.255,1.262,0.3747719998607937,0.0
S00010,IoT-GW,edge-B,367,DONE,11.45486,11.45953,4.663385000185372,4.663385000185372,0.079,1.75,2.834385000185372,0.0
S00001,vRAN-DU,edge-A,367,DONE,11.45494,11.45815,3.2125469999755296,3.2125469999755296,0.048,2.743,0.4215469999755297,0.0
S00003,UPF,edge-A,377,DONE,11.45569,11.45936,3.668199999992794,3.668199999992794,0.045,3.171,0.45219999999279414,0.0
S00010,IoT-GW,edge-B,368,DONE,11.46176,11.46392,2.1579310000561236,2.1579310000561236,0.071,1.535,0.5519310000561235,0.0
S00003,UPF,edge-A,378,DONE,11.46393,11.46764,3.70696200002385,3.70696200002385,0.106,2.674,0.9269620000238503,0.0
S00001,vRAN-DU,edge-A,368,DONE,11.46401,11.46768,3.6675420001301973,3.6675420001301973,0.213,2.921,0.5335420001301974,0.0
S00004,UPF,edge-B,375,DONE,11.46748,11.47011,2.6238580001063383,2.6238580001063383,0.077,1.97,0.5768580001063384,0.0
S00006,IMS-CSCF,edge-B,350,DONE,11.46885,11.47064,1.7919090000759752,1.7919090000759752,0.053,1.431,0.3079090000759752,0.0
S00007,Transcoder,core-1,229,DONE,11.47489,11.4824,7.5021549998837145,17.502154999883714,0.139,6.743,0.6201549998837139,5.0
S00010,IoT-GW,edge-B,369,DONE,11.4762,11.47774,1.5434030001415522,1.5434030001415522,0.066,0.968,0.5094030001415522,0.0
S00004,UPF,edge-B,376,DONE,11.48361,11.48654,2.930350000042381,2.930350000042381,0.078,2.226,0.6263500000423812,0.0
S00001,vRAN-DU,edge-A,369,DONE,11.48655,11.49233,5.782079000027807,5.782079000027807,0.097,4.933,0.7520790000278064,0.0
S00001,vRAN-DU,edge-A,370,DONE,11.48787,11.49372,5.852086999993844,5.852086999993844,0.108,5.14,0.6040869999938447,0.0
S00003,UPF,edge-A,379,DONE,11.48795,11.49764,9.690976999991108,9.690976999991108,3.819,5.185,0.6869769999911082,0.0
S00004,UPF,edge-B,377,DONE,11.48799,11.49286,4.874630000131219,4.874630000131219,0.079,3.994,0.8016300001312193,0.0
S00006,IMS-CSCF,edge-B,351,DONE,11.48802,11.49285,4.829054999845539,4.829054999845539,0.119,3.91,0.8000549998455391,0.0
S00001,vRAN-DU,edge-A,371,DONE,11.48923,11.49784,8.610038999904646,8.610038999904646,4.311,3.645,0.6540389999046456,0.0
S00006,IMS-CSCF,edge-B,352,DONE,11.49378,11.49723,3.449111999998422,3.449111999998422,0.06,2.789,0.6001119999984219,0.0
S00005,IMS-CSCF,edge-A,386,DONE,11.49687,11.4997,2.8366770000047836,2.8366770000047836,0.047,1.566,1.2236770000047834,0.0
S00001,vRAN-DU,edge-A,372,DONE,11.49784,11.50351,5.66552899999806,5.66552899999806,0.085,5.006,0.5745289999980594,0.0
S00009,IoT-GW,edge-A,408,DONE,11.49971,11.50576,6.057425999870247,6.057425999870247,3.288,1.179,1.5904259998702475,0.0
S00006,IMS-CSCF,edge-B,353,DONE,11.49977,11.5035,3.7326890001168067,3.7326890001168067,0.104,2.917,0.7116890001168068,0.0
S00001,vRAN-DU,edge-A,373,DONE,11.49983,11.50684,7.010028999957285,7.010028999957285,0.046,6.597,0.36702899995728444,0.0
S00004,UPF,edge-B,378,DONE,11.49986,11.50904,9.178085999792529,9.178085999792529,0.037,8.505,0.6360859997925274,0.0
S00008,Transcoder,core-1,188,DONE,11.50157,11.52692,25.34935099993163,37.34935099993163,0.077,24.494,0.7783509999316287,6.0
S00005,IMS-CSCF,edge-A,387,DONE,11.50282,11.51184,9.021014999916588,9.021014999916588,1.379,6.954,0.6880149999165885,0.0
S00008,Transcoder,core-1,189,DONE,11.50288,11.52341,20.531663000156186,32.531663000156186,0.064,19.248,1.219663000156185,6.0
S00004,UPF,edge-B,379,DONE,11.50577,11.51149,5.715320000035717,5.715320000035717,0.054,2.146,3.515320000035717,0.0
S00008,Transcoder,core-1,190,DONE,11.50582,11.53247,26.650869999912175,38.650869999912175,17.692,8.473,0.4858699999121736,6.0
S00003,UPF,edge-A,380,DONE,11.50905,11.51926,10.215741000138223,10.215741000138223,0.071,7.538,2.606741000138223,0.0
S00008,Transcoder,core-1,191,DONE,11.5156,11.53462,19.023272000140423,31.023272000140423,10.737,7.799,0.4872720001404227,6.0
S00009,IoT-GW,edge-A,409,DONE,11.51939,11.52691,7.519577000039135,7.519577000039135,0.087,6.486,0.9465770000391354,0.0
S00008,Transcoder,core-1,192,DONE,11.5235,11.54882,25.3243229999498,37.3243229999498,6.65,15.769,2.905322999949801,6.0
S00001,vRAN-DU,edge-A,374,DONE,11.52813,11.5353,7.1625890000177606,7.1625890000177606,0.069,6.623,0.4705890000177604,0.0
S00008,Transcoder,core-1,193,DONE,11.53463,11.55221,17.5763370000368,29.5763370000368,0.052,16.564,0.9603370000368017,6.0
S00002,vRAN-DU,edge-B,366,DONE,11.53743,11.54881,11.380572000007305,11.380572000007305,0.094,8.174,3.1125720000073063,0.0
S00001,vRAN-DU,edge-A,375,DONE,11.53904,11.54983,10.784325000031458,10.784325000031458,0.134,10.085,0.5653250000314571,0.0
S00009,IoT-GW,edge-A,410,DONE,11.54182,11.54882,6.9928739999340905,6.9928739999340905,0.127,2.81,4.055873999934091,0.0
S00002,vRAN-DU,edge-B,367,DONE,11.54983,11.55498,5.146729999978561,5.146729999978561,0.964,3.242,0.9407299999785605,0.0
S00003,UPF,edge-A,381,DONE,11.55442,11.5577,3.2824069999151106,3.2824069999151106,0.08,2.789,0.41340699991511043,0.0
S00010,IoT-GW,edge-B,370,DONE,11.55486,11.55743,2.5659880000148405,2.5659880000148405,0.092,0.862,1.6119880000148403,0.0
S00001,vRAN-DU,edge-A,376,DONE,11.55743,11.56318,5.748120000134804,5.748120000134804,0.063,4.883,0.8021200001348046,0.0
S00002,vRAN-DU,edge-B,368,DONE,11.55749,11.56319,5.703978000155985,5.703978000155985,0.06,5.053,0.5909780001559852,0.0
S00002,vRAN-DU,edge-B,369,DONE,11.55756,11.56319,5.626376000009259,5.626376000009259,0.085,4.99,0.5513760000092587,0.0
S00010,IoT-GW,edge-B,371,DONE,11.5589,11.56452,5.6185959999766055,5.6185959999766055,3.973,1.226,0.4195959999766057,0.0
S00006,IMS-CSCF,edge-B,354,DONE,11.5632,11.5652,2.0061959999111423,2.0061959999111423,0.084,1.171,0.7511959999111422,0.0
S00001,vRAN-DU,edge-A,377,DONE,11.56452,11.56746,2.937306000148965,2.937306000148965,0.061,2.591,0.2853060001489647,0.0
S00004,UPF,edge-B,380,DONE,11.57371,11.57767,3.9636900000914466,3.9636900000914466,0.096,3.288,0.5796900000914467,0.0
S00006,IMS-CSCF,edge-B,355,DONE,11.57502,11.57685,1.8288599999323196,1.8288599999323196,0.109,1.316,0.4038599999323196,0.0
S00002,vRAN-DU,edge-B,370,DONE,11.57768,11.58079,3.11318800004301,3.11318800004301,0.108,2.685,0.32018800004300996,0.0
S00006,IMS-CSCF,edge-B,356,DONE,11.57897,11.58064,1.6607810000550671,1.6607810000550671,0.044,1.196,0.42078100005506713,0.0
S00001,vRAN-DU,edge-A,378,DONE,11.58301,11.58652,3.509078999968551,3.509078999968551,0.089,2.987,0.43307899996855115,0.0
S00009,IoT-GW,edge-A,411,DONE,11.58355,11.58615,2.6021050000508694,2.6021050000508694,0.076,2.001,0.5251050000508695,0.0
S00004,UPF,edge-B,381,DONE,11.59077,11.5939,3.133524000077159,3.133524000077159,0.086,2.463,0.5845240000771592,0.0
S00004,UPF,edge-B,382,DONE,11.59087,11.59638,5.509954999979527,5.509954999979527,2.724,2.149,0.636954999979527,0.0
S00005,IMS-CSCF,edge-A,388,DONE,11.59215,11.59424,2.0844780001425534,2.0844780001425534,0.069,1.561,0.45447800014255346,0.0
S00006,IMS-CSCF,edge-B,357,DONE,11.59639,11.59832,1.9325159998970776,1.9325159998970776,0.071,1.397,0.4645159998970776,0.0
S00009,IoT-GW,edge-A,412,DONE,11.5967,11.59847,1.765221000141537,1.765221000141537,0.068,1.246,0.4512210001415369,0.0
S00001,vRAN-DU,edge-A,379,DONE,11.59833,11.60262,4.294125000114946,4.294125000114946,0.039,3.855,0.4001250001149459,0.0
S00004,UPF,edge-B,383,DONE,11.59847,11.60079,2.3125969999000517,2.3125969999000517,0.049,1.691,0.5725969999000518,0.0
S00008,Transcoder,core-1,194,DONE,11.60079,11.61155,10.762233999912496,22.762233999912496,0.084,7.438,3.2402339999124967,6.0
S00001,vRAN-DU,edge-A,380,DONE,11.60585,11.61154,5.695252000123219,5.695252000123219,0.077,5.079,0.539252000123219,0.0
S00004,UPF,edge-B,384,DONE,11.60812,11.61221,4.088724999974147,4.088724999974147,0.095,3.502,0.4917249999741471,0.0
S00007,Transcoder,core-1,230,DONE,11.61091,11.62553,14.618063000170878,24.618063000170878,0.068,13.527,1.023063000170879,5.0
S00005,IMS-CSCF,edge-A,389,DONE,11.61231,11.6146,2.2876740001720464,2.2876740001720464,0.069,1.84,0.37867400017204633,0.0
S00009,IoT-GW,edge-A,413,DONE,11.61355,11.62156,8.014475999971182,8.014475999971182,0.062,3.828,4.124475999971182,0.0
S00003,UPF,edge-A,382,DONE,11.6146,11.62157,6.968400999994628,6.968400999994628,0.036,2.844,4.088400999994629,0.0
S00008,Transcoder,core-1,195,DONE,11.61758,11.6335,15.913862999923367,27.913862999923367,0.094,12.165,3.6548629999233686,6.0
S00002,vRAN-DU,edge-B,371,DONE,11.62278,11.62984,7.056839999904696,7.056839999904696,0.103,6.016,0.9378399999046962,0.0
S00002,vRAN-DU,edge-B,372,DONE,11.62951,11.63442,4.913646999966659,4.913646999966659,0.08,4.22,0.613646999966659,0.0
S00008,Transcoder,core-1,196,DONE,11.62964,11.65167,22.031058000038684,34.03105800003868,0.15,18.705,3.1760580000386867,6.0
S00007,Transcoder,core-1,231,DONE,11.62971,11.64413,14.423290999957317,24.423290999957317,0.066,13.336,1.0212909999573156,5.0
S00009,IoT-GW,edge-A,414,DONE,11.62989,11.64195,12.062274000072648,12.062274000072648,0.099,10.633,1.3302740000726487,0.0
S00001,vRAN-DU,edge-A,381,DONE,11.64172,11.65166,9.942440000031638,9.942440000031638,0.081,5.835,4.026440000031639,0.0
S00004,UPF,edge-B,385,DONE,11.64543,11.65254,7.112793999795031,7.112793999795031,0.105,6.169,0.8387939997950307,0.0
S00002,vRAN-DU,edge-B,373,DONE,11.64774,11.65253,4.791578000094887,4.791578000094887,0.084,3.729,0.9785780000948874,0.0
S00002,vRAN-DU,edge-B,374,DONE,11.65168,11.65753,5.857271999957447,5.857271999957447,0.046,4.874,0.9372719999574475,0.0
S00008,Transcoder,core-1,197,DONE,11.65255,11.67047,17.918578000035268,29.918578000035268,0.092,17.183,0.6435780000352693,6.0
S00004,UPF,edge-B,386,DONE,11.65483,11.66574,10.907330000009097,10.907330000009097,0.235,4.362,6.310330000009097,0.0
S00010,IoT-GW,edge-B,372,DONE,11.65754,11.66594,8.400382999980138,8.400382999980138,0.075,7.7,0.6253829999801388,0.0
S00004,UPF,edge-B,387,DONE,11.66112,11.66859,7.466325999985202,7.466325999985202,0.164,6.304,0.9983259999852017,0.0
S00001,vRAN-DU,edge-A,382,DONE,11.66141,11.66705,5.637374999878375,5.637374999878375,0.108,5.009,0.5203749998783751,0.0
S00004,UPF,edge-B,388,DONE,11.66574,11.67195,6.205140000020037,6.205140000020037,2.465,3.195,0.5451400000200377,0.0
S00010,IoT-GW,edge-B,373,DONE,11.66712,11.67077,3.6517759999696864,3.6517759999696864,0.086,3.131,0.43477599996968674,0.0
S00010,IoT-GW,edge-B,374,DONE,11.66732,11.67241,5.086730999892097,5.086730999892097,3.323,1.244,0.5197309998920974,0.0
S00002,vRAN-DU,edge-B,375,DONE,11.67196,11.67544,3.4839899999496993,3.4839899999496993,0.071,2.732,0.6809899999496989,0.0
S00002,vRAN-DU,edge-B,376,DONE,11.67875,11.68409,5.342474000144648,5.342474000144648,0.084,3.795,1.4634740001446485,0.0
S00005,IMS-CSCF,edge-A,390,DONE,11.68116,11.6839,2.7371539999876404,2.7371539999876404,0.093,1.749,0.8951539999876403,0.0
S00009,IoT-GW,edge-A,415,DONE,11.68191,11.68405,2.139433000138524,2.139433000138524,0.052,1.709,0.3784330001385241,0.0
S00004,UPF,edge-B,389,DONE,11.68744,11.69181,4.376874999934444,4.376874999934444,0.098,3.512,0.7668749999344437,0.0
S00006,IMS-CSCF,edge-B,358,DONE,11.68756,11.69378,6.215547000010702,6.215547000010702,0.295,5.506,0.41454700001070144,0.0
S00002,vRAN-DU,edge-B,377,DONE,11.68892,11.69476,5.841548000034891,5.841548000034891,2.08,2.966,0.7955480000348905,0.0
S00005,IMS-CSCF,edge-A,391,DONE,11.69045,11.69365,3.203615000074933,3.203615000074933,0.192,2.2,0.8116150000749327,0.0
S00005,IMS-CSCF,edge-A,392,DONE,11.70535,11.70792,2.573048999920502,2.573048999920502,0.111,1.583,0.8790489999205018,0.0
S00002,vRAN-DU,edge-B,378,DONE,11.70552,11.71155,6.0286290001840825,6.0286290001840825,0.092,4.219,1.7176290001840826,0.0
S00004,UPF,edge-B,390,DONE,11.70793,11.71175,3.8176959999418614,3.8176959999418614,0.091,3.03,0.6966959999418614,0.0
S00010,IoT-GW,edge-B,375,DONE,11.70872,11.71475,6.032362999803809,6.032362999803809,1.536,3.449,1.0473629998038092,0.0
S00004,UPF,edge-B,391,DONE,11.71156,11.71901,7.44758699988779,7.44758699988779,0.142,5.625,1.6805869998877894,0.0
S00004,UPF,edge-B,392,DONE,11.71614,11.72151,5.372064999846771,5.372064999846771,1.394,3.072,0.9060649998467705,0.0
S00003,UPF,edge-A,383,DONE,11.71902,11.72661,7.593113999973866,7.593113999973866,0.131,6.795,0.667113999973866,0.0
S00005,IMS-CSCF,edge-A,393,DONE,11.7211,11.72616,5.063201999973899,5.063201999973899,0.097,4.04,0.9262019999738982,0.0
S00002,vRAN-DU,edge-B,379,DONE,11.72276,11.72801,5.25735800010807,5.25735800010807,0.074,4.552,0.6313580001080705,0.0
S00004,UPF,edge-B,393,DONE,11.72936,11.7331,3.7346040001011716,3.7346040001011716,0.079,3.008,0.6476040001011714,0.0
S00008,Transcoder,core-1,198,DONE,11.73443,11.74925,14.817300000004252,26.817300000004252,0.16,13.16,1.4973000000042518,6.0
S00002,vRAN-DU,edge-B,380,DONE,11.73791,11.74922,11.310673000025417,11.310673000025417,0.141,9.364,1.8056730000254166,0.0
S00004,UPF,edge-B,394,DONE,11.74201,11.74924,7.228310000073179,7.228310000073179,0.104,5.985,1.1393100000731788,0.0
S00004,UPF,edge-B,395,DONE,11.74513,11.754,8.874636000200553,8.874636000200553,3.035,4.766,1.073636000200553,0.0
S00002,vRAN-DU,edge-B,381,DONE,11.74523,11.75522,9.981875999983458,9.981875999983458,2.311,7.186,0.48487599998345843,0.0
S00003,UPF,edge-A,384,DONE,11.74898,11.75401,5.0312120001763105,5.0312120001763105,0.095,3.914,1.0222120001763106,0.0
S00005,IMS-CSCF,edge-A,394,DONE,11.75258,11.75675,4.167207999898892,4.167207999898892,0.5,2.885,0.7822079998988922,0.0
S00009,IoT-GW,edge-A,416,DONE,11.75675,11.75919,2.4375269999836746,2.4375269999836746,0.041,1.396,1.0005269999836748,0.0
S00007,Transcoder,core-1,232,DONE,11.75809,11.776,17.911580000145477,27.911580000145477,0.083,16.863,0.9655800001454793,5.0
S00008,Transcoder,core-1,199,DONE,11.75894,11.77394,15.002251999931104,27.002251999931104,0.072,12.081,2.8492519999311057,6.0
S00003,UPF,edge-A,385,DONE,11.76155,11.76665,5.102271999930963,5.102271999930963,0.095,4.336,0.6712719999309629,0.0
S00003,UPF,edge-A,386,DONE,11.76403,11.77357,9.536548999903971,9.536548999903971,2.196,5.894,1.4465489999039711,0.0
S00009,IoT-GW,edge-A,417,DONE,11.76789,11.77642,8.528178000005937,8.528178000005937,0.349,1.937,6.242178000005937,0.0
S00009,IoT-GW,edge-A,418,DONE,11.77103,11.77957,8.538269000155196,8.538269000155196,2.846,1.197,4.495269000155196,0.0
S00007,Transcoder,core-1,233,DONE,11.77514,11.78653,11.387694999939413,21.387694999939413,0.044,10.678,0.6656949999394115,5.0
S00009,IoT-GW,edge-A,419,DONE,11.7765,11.77959,3.0894200001512218,3.0894200001512218,1.231,0.975,0.8834200001512217,0.0
S00003,UPF,edge-A,387,DONE,11.77659,11.77958,2.9861110001547786,2.9861110001547786,0.034,2.137,0.8151110001547788,0.0
S00010,IoT-GW,edge-B,376,DONE,11.77959,11.78169,2.098280999916824,2.098280999916824,0.101,1.383,0.6142809999168239,0.0
S00005,IMS-CSCF,edge-A,395,DONE,11.7817,11.78348,1.7866990001493832,1.7866990001493832,0.056,1.261,0.46969900014938326,0.0
S00003,UPF,edge-A,388,DONE,11.78295,11.78712,4.177263999963543,4.177263999963543,0.049,3.137,0.9912639999635426,0.0
S00006,IMS-CSCF,edge-B,359,DONE,11.78468,11.78739,2.7171179999641026,2.7171179999641026,0.074,2.212,0.4311179999641026,0.0
S00004,UPF,edge-B,396,DONE,11.78862,11.79136,2.732441000034669,2.732441000034669,0.057,2.221,0.4544410000346688,0.0
S00010,IoT-GW,edge-B,377,DONE,11.78999,11.79172,1.7355670001961698,1.7355670001961698,0.102,1.219,0.41456700019616965,0.0
S00002,vRAN-DU,edge-B,382,DONE,11.79705,11.80153,4.478009999957067,4.478009999957067,0.078,3.465,0.9350099999570665,0.0
S00008,Transcoder,core-1,200,DONE,11.80046,11.80896,8.496791999959896,20.496791999959896,0.086,7.696,0.7147919999598962,6.0
S00005,IMS-CSCF,edge-A,396,DONE,11.81439,11.8168,2.4078440001176205,2.4078440001176205,0.089,1.769,0.5498440001176206,0.0
S00005,IMS-CSCF,edge-A,397,DONE,11.81573,11.81832,2.5959960000818683,2.5959960000818683,0.792,1.365,0.43899600008186823,0.0
S00006,IMS-CSCF,edge-B,360,DONE,11.82053,11.82395,3.4116289998564753,3.4116289998564753,0.073,3.02,0.3186289998564753,0.0
S00004,UPF,edge-B,397,DONE,11.82107,11.82541,4.338174999929834,4.338174999929834,0.141,2.487,1.7101749999298335,0.0
S00005,IMS-CSCF,edge-A,398,DONE,11.82142,11.82373,2.3096429999895918,2.3096429999895918,0.052,1.338,0.9196429999895916,0.0
S00002,vRAN-DU,edge-B,383,DONE,11.82151,11.82688,5.37521299997934,5.37521299997934,2.336,2.617,0.4222129999793398,0.0
S00003,UPF,edge-A,389,DONE,11.82311,11.82604,2.9322080001747963,2.9322080001747963,0.043,2.405,0.48420800017479637,0.0
S00008,Transcoder,core-1,201,DONE,11.82909,11.84198,12.889636999943832,24.889636999943832,0.087,12.208,0.5946369999438321,6.0
S00010,IoT-GW,edge-B,378,DONE,11.82919,11.83048,1.287090999994689,1.287090999994689,0.051,0.881,0.35509099999468896,0.0
S00003,UPF,edge-A,390,DONE,11.83475,11.83876,4.012102999922718,4.012102999922718,0.096,3.206,0.7101029999227175,0.0
S00002,vRAN-DU,edge-B,384,DONE,11.83709,11.84515,8.061486000087825,8.061486000087825,0.082,6.958,1.0214860000878252,0.0
S00001,vRAN-DU,edge-A,383,DONE,11.83723,11.84292,5.689578999863443,5.689578999863443,0.071,4.869,0.7495789998634432,0.0
S00006,IMS-CSCF,edge-B,361,DONE,11.83877,11.8426,3.8327019999542244,3.8327019999542244,0.127,1.836,1.8697019999542246,0.0
S00010,IoT-GW,edge-B,379,DONE,11.83999,11.84603,6.044661000032647,6.044661000032647,2.169,3.047,0.8286610000326471,0.0
S00002,vRAN-DU,edge-B,385,DONE,11.84199,11.85267,10.681466999812983,10.681466999812983,2.264,7.769,0.6484669998129835,0.0
S00001,vRAN-DU,edge-A,384,DONE,11.84516,11.84897,3.8107679999939137,3.8107679999939137,0.067,2.903,0.8407679999939135,0.0
S00004,UPF,edge-B,398,DONE,11.84522,11.85246,7.242658999984997,7.242658999984997,0.043,3.543,3.6566589999849963,0.0
S00008,Transcoder,core-1,202,DONE,11.84604,11.86187,15.837791999956607,27.837791999956607,0.084,15.069,0.684791999956607,6.0
S00007,Transcoder,core-1,234,DONE,11.85246,11.86324,10.774281000067276,20.774281000067276,0.079,10.05,0.6452810000672748,5.0
S00002,vRAN-DU,edge-B,386,DONE,11.85419,11.86248,8.296810000047117,8.296810000047117,0.067,7.617,0.6128100000471166,0.0
S00010,IoT-GW,edge-B,380,DONE,11.86759,11.86978,2.193970000007539,2.193970000007539,0.09,1.169,0.9349700000075392,0.0
S00006,IMS-CSCF,edge-B,362,DONE,11.87205,11.8783,6.251477999967392,6.251477999967392,0.088,5.435,0.7284779999673923,0.0
S00010,IoT-GW,edge-B,381,DONE,11.87219,11.87761,5.42501099994297,5.42501099994297,0.158,4.554,0.713010999942969,0.0
S00007,Transcoder,core-1,235,DONE,11.87365,11.88764,13.99657499996465,23.99657499996465,0.084,13.066,0.8465749999646501,5.0
S00001,vRAN-DU,edge-A,385,DONE,11.87379,11.8776,3.8094000001365202,3.8094000001365202,0.087,2.869,0.8534000001365198,0.0
S00009,IoT-GW,edge-A,420,DONE,11.87831,11.88629,7.986828999946738,7.986828999946738,1.127,3.039,3.820828999946738,0.0
S00001,vRAN-DU,edge-A,386,DONE,11.87841,11.88766,9.246814000107406,9.246814000107406,0.066,8.531,0.6498140001074049,0.0
S00002,vRAN-DU,edge-B,387,DONE,11.87961,11.88817,8.565003000057914,8.565003000057914,0.129,5.666,2.7700030000579137,0.0
S00005,IMS-CSCF,edge-A,399,DONE,11.88175,11.88765,5.902117999994516,5.902117999994516,0.889,4.277,0.7361179999945158,0.0
S00007,Transcoder,core-1,236,DONE,11.88182,11.89212,10.298523999836107,20.298523999836107,0.093,9.559,0.6465239998361074,5.0
S00007,Transcoder,core-1,237,DONE,11.88766,11.89504,7.378703000085807,17.378703000085807,0.05,6.82,0.5087030000858066,5.0
S00010,IoT-GW,edge-B,382,DONE,11.89511,11.89724,2.1274929999890446,2.1274929999890446,0.087,1.439,0.6014929999890444,0.0
S00010,IoT-GW,edge-B,383,DONE,11.89735,11.89855,1.2023849999422964,1.2023849999422964,0.043,0.755,0.4043849999422965,0.0
S00007,Transcoder,core-1,238,DONE,11.89974,11.9095,9.759604999999283,19.759604999999283,0.161,6.777,2.821604999999283,5.0
S00007,Transcoder,core-1,239,DONE,11.90511,11.91409,8.977112000138732,18.97711200013873,0.093,8.227,0.6571120001387314,5.0
S00009,IoT-GW,edge-A,421,DONE,11.91174,11.91349,1.7500470000868518,1.7500470000868518,0.09,1.015,0.6450470000868518,0.0
S00006,IMS-CSCF,edge-B,363,DONE,11.91634,11.91841,2.070510000066861,2.070510000066861,0.099,1.376,0.595510000066861,0.0
S00010,IoT-GW,edge-B,384,DONE,11.91841,11.91969,1.280702999792993,1.280702999792993,0.046,0.751,0.483702999792993,0.0
S00001,vRAN-DU,edge-A,387,DONE,11.9209,11.92563,4.728295000177241,4.728295000177241,0.082,3.97,0.6762950001772405,0.0
S00002,vRAN-DU,edge-B,388,DONE,11.92362,11.93188,8.263616000022012,8.263616000022012,0.084,6.652,1.5276160000220118,0.0
S00009,IoT-GW,edge-A,422,DONE,11.92371,11.93136,7.646205999890299,7.646205999890299,0.076,7.044,0.5262059998902995,0.0
S00005,IMS-CSCF,edge-A,400,DONE,11.92564,11.93135,5.710751999913555,5.710751999913555,0.054,4.937,0.7197519999135542,0.0
S00006,IMS-CSCF,edge-B,364,DONE,11.92571,11.93095,5.232295000041631,5.232295000041631,0.063,4.497,0.6722950000416317,0.0
S00006,IMS-CSCF,edge-B,365,DONE,11.93414,11.93619,2.057646999901408,2.057646999901408,0.088,1.331,0.6386469999014079,0.0
S00004,UPF,edge-B,399,DONE,11.93552,11.93794,2.4224279998179554,2.4224279998179554,0.044,1.83,0.5484279998179553,0.0
S00008,Transcoder,core-1,203,DONE,11.94318,11.95036,7.181546000083472,19.181546000083472,0.09,6.238,0.8535460000834716,6.0
S00010,IoT-GW,edge-B,385,DONE,11.94655,11.94814,1.5900779999356018,1.5900779999356018,0.079,0.913,0.5980779999356018,0.0
S00006,IMS-CSCF,edge-B,366,DONE,11.94814,11.94988,1.7347860000427318,1.7347860000427318,0.053,1.337,0.34478600004273185,0.0
S00007,Transcoder,core-1,240,DONE,11.94938,11.95658,7.195022000132667,17.195022000132667,0.138,6.079,0.9780220001326674,5.0
S00003,UPF,edge-A,391,DONE,11.95571,11.95894,3.2272169999032485,3.2272169999032485,0.122,2.498,0.6072169999032484,0.0
S00003,UPF,edge-A,392,DONE,11.95878,11.96141,2.630016000011892,2.630016000011892,0.048,2.049,0.5330160000118922,0.0
S00003,UPF,edge-A,393,DONE,11.96142,11.96387,2.4541309999221994,2.4541309999221994,0.055,2.053,0.3461309999221993,0.0
S00009,IoT-GW,edge-A,423,DONE,11.96372,11.96521,1.4934599998923659,1.4934599998923659,0.042,1.064,0.3874599998923658,0.0
S00009,IoT-GW,edge-A,424,DONE,11.96506,11.96657,1.510048000000097,1.510048000000097,0.157,1.005,0.34804800000009717,0.0
S00003,UPF,edge-A,394,DONE,11.96512,11.96766,2.543350999985705,2.543350999985705,0.077,1.979,0.4873509999857051,0.0
S00001,vRAN-DU,edge-A,388,DONE,11.96767,11.97089,3.2217520001722733,3.2217520001722733,0.059,2.906,0.25675200017227295,0.0
S00008,Transcoder,core-1,204,DONE,11.96994,11.97678,6.843084000138333,18.843084000138333,0.113,6.2,0.5300840001383325,6.0
S00004,UPF,edge-B,400,DONE,11.98212,11.98506,2.9396590000487777,2.9396590000487777,0.089,2.209,0.6416590000487776,0.0
S00004,UPF,edge-B,401,DONE,11.98356,11.98783,4.267255000058867,4.267255000058867,1.205,2.615,0.44725500005886687,0.0
S00004,UPF,edge-B,402,DONE,11.98488,11.99268,7.803062999983013,7.803062999983013,3.301,3.354,1.1480629999830123,0.0
S00009,IoT-GW,edge-A,425,DONE,11.98494,11.98916,4.217685999947207,4.217685999947207,0.149,3.017,1.0516859999472072,0.0
S00007,Transcoder,core-1,241,DONE,11.98729,12.00193,14.635145000056582,24.635145000056582,0.095,12.957,1.5831450000565805,5.0
S00009,IoT-GW,edge-A,426,DONE,11.99038,12.00362,13.240025000186506,13.240025000186506,0.18,10.198,2.862025000186506,0.0
S00007,Transcoder,core-1,242,DONE,11.99046,12.00192,11.461373999964053,21.461373999964053,0.081,8.134,3.246373999964053,5.0
S00003,UPF,edge-A,395,DONE,11.99268,12.00303,10.349828000016714,10.349828000016714,0.07,9.609,0.6708280000167139,0.0
S00009,IoT-GW,edge-A,427,DONE,11.99692,12.00608,9.165804999838656,9.165804999838656,6.282,2.454,0.4298049998386557,0.0
S00002,vRAN-DU,edge-B,389,DONE,11.99815,12.00603,7.876279000129216,7.876279000129216,0.082,6.656,1.1382790001292165,0.0
S00006,IMS-CSCF,edge-B,367,DONE,11.99822,12.00665,8.430775000078938,8.430775000078938,0.12,7.905,0.40577500007893885,0.0
S00002,vRAN-DU,edge-B,390,DONE,12.00193,12.01037,8.435521000137669,8.435521000137669,3.418,4.497,0.520521000137669,0.0
S00003,UPF,edge-A,396,DONE,12.00199,12.00604,4.050561999974889,4.050561999974889,0.401,2.867,0.782561999974889,0.0
S00002,vRAN-DU,edge-B,391,DONE,12.00986,12.014,4.134284999963711,4.134284999963711,0.072,3.373,0.6892849999637107,0.0
S00004,UPF,edge-B,403,DONE,12.01041,12.01535,4.939254999953846,4.939254999953846,0.06,1.681,3.1982549999538463,0.0
S00001,vRAN-DU,edge-A,389,DONE,12.01653,12.01967,3.145029000052091,3.145029000052091,0.086,2.567,0.4920290000520908,0.0
S00009,IoT-GW,edge-A,428,DONE,12.02086,12.02227,1.4144940000733186,1.4144940000733186,0.056,0.954,0.4044940000733186,0.0
S00003,UPF,edge-A,397,DONE,12.02448,12.0292,4.7180710000702675,4.7180710000702675,0.288,2.963,1.4670710000702671,0.0
S00002,vRAN-DU,edge-B,392,DONE,12.02457,12.03093,6.361726000022827,6.361726000022827,0.081,5.854,0.42672600002282657,0.0
S00002,vRAN-DU,edge-B,393,DONE,12.02714,12.03258,5.43939599992882,5.43939599992882,0.094,4.799,0.5463959999288193,0.0
S00005,IMS-CSCF,edge-A,401,DONE,12.03584,12.03798,2.1387610001966095,2.1387610001966095,0.137,1.484,0.5177610001966095,0.0
S00001,vRAN-DU,edge-A,390,DONE,12.04021,12.04349,3.277027999956772,3.277027999956772,0.061,2.683,0.5330279999567722,0.0
S00004,UPF,edge-B,404,DONE,12.04157,12.04407,2.498890999959258,2.498890999959258,0.079,1.935,0.48489099995925766,0.0
S00006,IMS-CSCF,edge-B,368,DONE,12.04407,12.04577,1.6947340000115219,1.6947340000115219,0.086,1.294,0.31473400001152174,0.0
S00006,IMS-CSCF,edge-B,369,DONE,12.04693,12.04855,1.6202239999074664,1.6202239999074664,0.048,1.223,0.3492239999074662,0.0
S00004,UPF,edge-B,405,DONE,12.05276,12.05532,2.5586950000615616,2.5586950000615616,0.06,2.067,0.43169500006156136,0.0
S00005,IMS-CSCF,edge-A,402,DONE,12.05404,12.05598,1.9374170001356106,1.9374170001356106,0.084,1.364,0.4894170001356104,0.0
S00002,vRAN-DU,edge-B,394,DONE,12.05715,12.06006,2.91231399978642,2.91231399978642,0.053,2.444,0.41531399978642014,0.0
S00009,IoT-GW,edge-A,429,DONE,12.05943,12.06111,1.6857040000104462,1.6857040000104462,0.064,1.249,0.372704000010446,0.0
S00002,vRAN-DU,edge-B,395,DONE,12.06549,12.06972,4.235042000118483,4.235042000118483,0.09,3.667,0.4780420001184833,0.0
S00004,UPF,edge-B,406,DONE,12.0656,12.06903,3.4252059999744233,3.4252059999744233,0.155,2.897,0.3732059999744237,0.0
S00002,vRAN-DU,edge-B,396,DONE,12.06812,12.0736,5.482134000203587,5.482134000203587,0.729,4.237,0.5161340002035866,0.0
S00003,UPF,edge-A,398,DONE,12.06822,12.07153,3.307723000034457,3.307723000034457,0.081,2.664,0.562723000034457,0.0
S00005,IMS-CSCF,edge-A,403,DONE,12.0736,12.07574,2.1333760000743496,2.1333760000743496,0.059,1.599,0.47537600007434944,0.0
S00007,Transcoder,core-1,243,DONE,12.0831,12.09015,7.051068000009764,17.051068000009764,0.099,6.018,0.9340680000097636,5.0
S00009,IoT-GW,edge-A,430,DONE,12.08335,12.08518,1.8352600000071106,1.8352600000071106,0.083,1.124,0.6282600000071106,0.0
S00001,vRAN-DU,edge-A,391,DONE,12.08648,12.09016,3.6752860000888177,3.6752860000888177,0.069,2.937,0.6692860000888179,0.0
S00003,UPF,edge-A,399,DONE,12.09016,12.09351,3.347700999938752,3.347700999938752,0.151,2.36,0.8367009999387522,0.0
S00001,vRAN-DU,edge-A,392,DONE,12.0903,12.09568,5.381613999816182,5.381613999816182,0.087,4.769,0.5256139998161817,0.0
S00006,IMS-CSCF,edge-B,370,DONE,12.09034,12.09543,5.088239999849975,5.088239999849975,0.185,4.198,0.705239999849975,0.0
S00005,IMS-CSCF,edge-A,404,DONE,12.09352,12.09604,2.5172659998133895,2.5172659998133895,0.057,2.123,0.33726599981338934,0.0
S00009,IoT-GW,edge-A,431,DONE,12.09573,12.09737,1.6308630001731217,1.6308630001731217,0.042,0.954,0.6348630001731217,0.0
S00001,vRAN-DU,edge-A,393,DONE,12.09969,12.10359,3.9044479999574833,3.9044479999574833,0.107,3.23,0.5674479999574831,0.0
S00009,IoT-GW,edge-A,432,DONE,12.09987,12.10331,3.437540000049921,3.437540000049921,0.099,0.893,2.4455400000499212,0.0
S00002,vRAN-DU,edge-B,397,DONE,12.10692,12.11219,5.266247999998086,5.266247999998086,0.086,4.375,0.8052479999980857,0.0
S00006,IMS-CSCF,edge-B,371,DONE,12.13154,12.134,2.4638810000396916,2.4638810000396916,0.09,1.69,0.6838810000396918,0.0
S00001,vRAN-DU,edge-A,394,DONE,12.13625,12.13968,3.425697000011496,3.425697000011496,0.111,2.741,0.5736970000114958,0.0
S00005,IMS-CSCF,edge-A,405,DONE,12.13636,12.14037,4.0071430000807595,4.0071430000807595,0.164,3.361,0.48214300008075917,0.0
S00002,vRAN-DU,edge-B,398,DONE,12.1364,12.14036,3.9600320001227374,3.9600320001227374,0.075,3.349,0.536032000122737,0.0
S00006,IMS-CSCF,edge-B,372,DONE,12.13644,12.14152,5.0857220001034875,5.0857220001034875,0.26,4.292,0.5337220001034879,0.0
S00005,IMS-CSCF,edge-A,406,DONE,12.14153,12.14334,1.808344999972178,1.808344999972178,0.086,1.316,0.40634499997217777,0.0
S00005,IMS-CSCF,edge-A,407,DONE,12.14162,12.1447,3.0747230000542913,3.0747230000542913,1.499,1.194,0.3817230000542913,0.0
S00009,IoT-GW,edge-A,433,DONE,12.14894,12.15044,1.5018459998827893,1.5018459998827893,0.097,0.928,0.4768459998827893,0.0
S00002,vRAN-DU,edge-B,399,DONE,12.14905,12.15229,3.246621000016603,3.246621000016603,0.149,2.622,0.475621000016603,0.0
S00004,UPF,edge-B,407,DONE,12.15164,12.15466,3.02107800007434,3.02107800007434,0.081,2.183,0.75707800007434,0.0
S00010,IoT-GW,edge-B,386,DONE,12.15347,12.15541,1.9438920000993676,1.9438920000993676,0.053,1.149,0.7418920000993676,0.0
S00008,Transcoder,core-1,205,DONE,12.15353,12.16202,8.490178999863929,20.49017899986393,0.077,7.829,0.5841789998639291,6.0
S00004,UPF,edge-B,408,DONE,12.15661,12.15875,2.147214999922653,2.147214999922653,0.047,1.706,0.39421499992265296,0.0
S00002,vRAN-DU,edge-B,400,DONE,12.15876,12.16167,2.9146360000140703,2.9146360000140703,0.044,2.559,0.3116360000140701,0.0
S00006,IMS-CSCF,edge-B,373,DONE,12.16172,12.16335,1.6351749998193554,1.6351749998193554,0.045,1.235,0.3551749998193554,0.0
S00009,IoT-GW,edge-A,434,DONE,12.16203,12.1649,2.8712519999771757,2.8712519999771757,0.232,1.871,0.7682519999771755,0.0
S00003,UPF,edge-A,400,DONE,12.1649,12.16747,2.5634559999616613,2.5634559999616613,0.109,1.932,0.5224559999616614,0.0
S00010,IoT-GW,edge-B,387,DONE,12.16498,12.1661,1.124037999943539,1.124037999943539,0.045,0.791,0.28803799994353907,0.0
S00006,IMS-CSCF,edge-B,374,DONE,12.16731,12.17239,5.076958000017839,5.076958000017839,0.125,2.768,2.1839580000178396,0.0
S00004,UPF,edge-B,409,DONE,12.16738,12.17239,5.0186959999791725,5.0186959999791725,0.048,2.851,2.1196959999791725,0.0
S00001,vRAN-DU,edge-A,395,DONE,12.1687,12.17287,4.1629279999142454,4.1629279999142454,0.054,3.483,0.6259279999142451,0.0
S00001,vRAN-DU,edge-A,396,DONE,12.1724,12.17621,3.8126249999095307,3.8126249999095307,0.058,3.033,0.721624999909531,0.0
S00003,UPF,edge-A,401,DONE,12.17246,12.17541,2.9533069998706196,2.9533069998706196,0.087,2.098,0.7683069998706196,0.0
S00005,IMS-CSCF,edge-A,408,DONE,12.18457,12.19008,5.5128090000380325,5.5128090000380325,0.088,4.402,1.0228090000380323,0.0
S00001,vRAN-DU,edge-A,397,DONE,12.18596,12.19009,4.1304370001853385,4.1304370001853385,0.064,3.051,1.0154370001853383,0.0
S00006,IMS-CSCF,edge-B,375,DONE,12.18947,12.19173,2.2549539999090484,2.2549539999090484,0.089,1.575,0.5909539999090485,0.0
S00003,UPF,edge-A,402,DONE,12.19699,12.20006,3.0779570001868706,3.0779570001868706,0.084,2.228,0.7659570001868703,0.0
S00003,UPF,edge-A,403,DONE,12.19941,12.20291,3.495237999914025,3.495237999914025,0.243,2.253,0.9992379999140248,0.0
S00001,vRAN-DU,edge-A,398,DONE,12.19952,12.20382,4.30269399998906,4.30269399998906,0.159,3.299,0.8446939999890604,0.0
S00001,vRAN-DU,edge-A,399,DONE,12.20291,12.20606,3.14388400011012,3.14388400011012,0.125,2.583,0.43588400011011963,0.0
S00001,vRAN-DU,edge-A,400,DONE,12.20606,12.20916,3.0977890000940533,3.0977890000940533,0.077,2.706,0.3147890000940534,0.0
S00005,IMS-CSCF,edge-A,409,DONE,12.21034,12.21359,3.2465379999848665,3.2465379999848665,0.051,2.8,0.3955379999848665,0.0
S00007,Transcoder,core-1,244,DONE,12.21043,12.21813,7.70667400001912,17.70667400001912,0.217,6.893,0.5966740000191209,5.0
S00002,vRAN-DU,edge-B,401,DONE,12.21267,12.21593,3.2614450001346995,3.2614450001346995,0.086,2.699,0.4764450001346998,0.0
S00008,Transcoder,core-1,206,DONE,12.23257,12.24106,8.487295000122685,20.487295000122685,0.107,7.636,0.744295000122686,6.0
S00007,Transcoder,core-1,245,DONE,12.23275,12.24283,10.077698000031887,20.077698000031887,0.289,9.297,0.4916980000318869,5.0
S00002,vRAN-DU,edge-B,402,DONE,12.23606,12.23986,3.79369699999188,3.79369699999188,0.091,3.006,0.6966969999918802,0.0
S00002,vRAN-DU,edge-B,403,DONE,12.24107,12.24647,5.405683999924804,5.405683999924804,0.068,4.776,0.5616839999248047,0.0
S00009,IoT-GW,edge-A,435,DONE,12.24235,12.24457,2.2156900001846225,2.2156900001846225,0.176,1.386,0.6536900001846224,0.0
S00009,IoT-GW,edge-A,436,DONE,12.24457,12.24575,1.1834140000246407,1.1834140000246407,0.04,0.769,0.37441400002464065,0.0
S00002,vRAN-DU,edge-B,404,DONE,12.25281,12.25628,3.4752169999592297,3.4752169999592297,0.167,2.719,0.58921699995923,0.0
S00006,IMS-CSCF,edge-B,376,DONE,12.25415,12.25577,1.6221719999975903,1.6221719999975903,0.056,1.128,0.4381719999975904,0.0
S00005,IMS-CSCF,edge-A,410,DONE,12.25847,12.26046,1.9904180001049099,1.9904180001049099,0.082,1.431,0.47741800010490976,0.0
S00009,IoT-GW,edge-A,437,DONE,12.2605,12.2619,1.3987459999498242,1.3987459999498242,0.053,0.988,0.35774599994982426,0.0
S00005,IMS-CSCF,edge-A,411,DONE,12.27335,12.27555,2.1993519999341515,2.1993519999341515,0.087,1.534,0.5783519999341513,0.0
S00005,IMS-CSCF,edge-A,412,DONE,12.27469,12.27852,3.8226079998366913,3.8226079998366913,0.538,2.712,0.5726079998366909,0.0
S00010,IoT-GW,edge-B,388,DONE,12.27673,12.27865,1.922672999853603,1.922672999853603,0.08,1.313,0.5296729998536029,0.0
S00009,IoT-GW,edge-A,438,DONE,12.27852,12.28138,2.856990000054793,2.856990000054793,0.049,2.302,0.5059900000547932,0.0
S00003,UPF,edge-A,404,DONE,12.28865,12.29496,6.306860999984565,6.306860999984565,0.106,4.969,1.2318609999845647,0.0
S00001,vRAN-DU,edge-A,401,DONE,12.28879,12.29543,6.647276999956375,6.647276999956375,0.179,5.432,1.0362769999563746,0.0
S00002,vRAN-DU,edge-B,405,DONE,12.29008,12.29393,3.8501470000937843,3.8501470000937843,0.081,3.13,0.6391470000937844,0.0
S00002,vRAN-DU,edge-B,406,DONE,12.29496,12.29863,3.670143000135795,3.670143000135795,0.087,2.905,0.6781430001357949,0.0
S00002,vRAN-DU,edge-B,407,DONE,12.29864,12.30198,3.339395000011791,3.339395000011791,0.058,2.791,0.49039500001179137,0.0
S00010,IoT-GW,edge-B,389,DONE,12.30418,12.30602,1.8322509999961767,1.8322509999961767,0.06,1.132,0.6402509999961767,0.0
S00007,Transcoder,core-1,246,DONE,12.30824,12.31524,7.00325899993004,17.00325899993004,0.081,6.178,0.7442589999300395,5.0
S00004,UPF,edge-B,410,DONE,12.3106,12.31576,5.160441000043647,5.160441000043647,0.08,4.634,0.44644100004364695,0.0
S00006,IMS-CSCF,edge-B,377,DONE,12.31696,12.31906,2.1055239999441255,2.1055239999441255,0.16,1.519,0.4265239999441257,0.0
S00002,vRAN-DU,edge-B,408,DONE,12.33142,12.33609,4.673937000006845,4.673937000006845,0.14,3.467,1.066937000006845,0.0
S00003,UPF,edge-A,405,DONE,12.33157,12.33553,3.9607460000752326,3.9607460000752326,0.11,3.156,0.6947460000752326,0.0
S00010,IoT-GW,edge-B,390,DONE,12.33169,12.33608,4.393188999983977,4.393188999983977,0.055,3.293,1.045188999983977,0.0
S00001,vRAN-DU,edge-A,402,DONE,12.33485,12.33883,3.9780699999028,3.9780699999028,0.069,2.735,1.1740699999028004,0.0
S00009,IoT-GW,edge-A,439,DONE,12.33554,12.33925,3.7146050001410913,3.7146050001410913,0.053,3.147,0.5146050001410916,0.0
S00009,IoT-GW,edge-A,440,DONE,12.33737,12.34386,6.487953000032576,6.487953000032576,1.764,3.809,0.9149530000325754,0.0
S00002,vRAN-DU,edge-B,409,DONE,12.33867,12.34388,5.212446000086857,5.212446000086857,0.069,4.594,0.5494460000868564,0.0
S00004,UPF,edge-B,411,DONE,12.34045,12.34387,3.427756000064619,3.427756000064619,0.073,2.761,0.5937560000646189,0.0
S00005,IMS-CSCF,edge-A,413,DONE,12.34051,12.34387,3.355537000061304,3.355537000061304,0.054,2.167,1.1345370000613042,0.0
S00007,Transcoder,core-1,247,DONE,12.34296,12.3543,11.339092000071105,21.339092000071105,0.081,10.479,0.7790920000711061,5.0
S00004,UPF,edge-B,412,DONE,12.34302,12.34753,4.512985000019398,4.512985000019398,0.491,2.145,1.8769850000193986,0.0
S00002,vRAN-DU,edge-B,410,DONE,12.34306,12.34754,4.4881020000957506,4.4881020000957506,0.046,3.3,1.1421020000957505,0.0
S00004,UPF,edge-B,413,DONE,12.34755,12.35136,3.814165999983743,3.814165999983743,0.052,3.288,0.4741659999837431,0.0
S00003,UPF,edge-A,406,DONE,12.35359,12.35657,2.977918000169666,2.977918000169666,0.087,2.201,0.6899180001696656,0.0
S00006,IMS-CSCF,edge-B,378,DONE,12.3543,12.3564,2.099214000054417,2.099214000054417,0.065,1.426,0.608214000054417,0.0
S00010,IoT-GW,edge-B,391,DONE,12.35437,12.35928,4.91353600000366,4.91353600000366,0.221,4.107,0.5855360000036596,0.0
S00004,UPF,edge-B,414,DONE,12.35641,12.35921,2.7996970000003785,2.7996970000003785,0.083,2.151,0.5656970000003785,0.0
S00006,IMS-CSCF,edge-B,379,DONE,12.35649,12.36085,4.361932999927376,4.361932999927376,2.433,1.52,0.4089329999273761,0.0
S00004,UPF,edge-B,415,DONE,12.3606,12.36313,2.5222940000730887,2.5222940000730887,0.042,2.047,0.4332940000730887,0.0
S00009,IoT-GW,edge-A,441,DONE,12.36211,12.36375,1.6424600000846112,1.6424600000846112,0.082,0.953,0.6074600000846112,0.0
S00003,UPF,edge-A,407,DONE,12.36498,12.36786,2.876972999956706,2.876972999956706,0.071,2.156,0.6499729999567059,0.0
S00001,vRAN-DU,edge-A,403,DONE,12.37307,12.37665,3.5855159999300668,3.5855159999300668,0.077,2.887,0.6215159999300668,0.0
S00010,IoT-GW,edge-B,392,DONE,12.37442,12.37719,2.7679120000811963,2.7679120000811963,0.082,2.235,0.4509120000811966,0.0
S00002,vRAN-DU,edge-B,411,DONE,12.37666,12.38043,3.767141000025731,3.767141000025731,0.054,2.718,0.9951410000257312,0.0
S00005,IMS-CSCF,edge-A,414,DONE,12.38048,12.38501,4.526284999883501,4.526284999883501,0.096,3.546,0.884284999883501,0.0
S00001,vRAN-DU,edge-A,404,DONE,12.38179,12.38504,3.247553999926822,3.247553999926822,0.052,2.67,0.5255539999268222,0.0
S00004,UPF,edge-B,416,DONE,12.38627,12.3892,2.9328570001325716,2.9328570001325716,0.089,2.231,0.6128570001325717,0.0
S00010,IoT-GW,edge-B,393,DONE,12.3887,12.39116,2.462746999981391,2.462746999981391,0.044,1.749,0.669746999981391,0.0
S00003,UPF,edge-A,408,DONE,12.38892,12.39246,3.5361370000828174,3.5361370000828174,0.135,2.305,1.0961370000828174,0.0
S00003,UPF,edge-A,409,DONE,12.39065,12.39453,3.8889479999397736,3.8889479999397736,0.795,2.177,0.9169479999397736,0.0
S00002,vRAN-DU,edge-B,412,DONE,12.39117,12.39512,3.9524940000319475,3.9524940000319475,0.061,3.343,0.5484940000319476,0.0
S00010,IoT-GW,edge-B,394,DONE,12.39739,12.39898,1.5904819999832398,1.5904819999832398,0.059,1.055,0.4764819999832399,0.0
S00009,IoT-GW,edge-A,442,DONE,12.40446,12.41108,6.625568999879761,6.625568999879761,0.079,2.135,4.411568999879761,0.0
S00008,Transcoder,core-1,207,DONE,12.40462,12.4139,9.28577900003802,21.28577900003802,0.083,8.578,0.6247790000380196,6.0
S00007,Transcoder,core-1,248,DONE,12.41072,12.41934,8.62330099994324,18.62330099994324,0.193,7.255,1.1753009999432402,5.0
S00005,IMS-CSCF,edge-A,415,DONE,12.41935,12.42165,2.2975939998559625,2.2975939998559625,0.085,1.628,0.5845939998559626,0.0
S00005,IMS-CSCF,edge-A,416,DONE,12.42287,12.42545,2.5798730000587966,2.5798730000587966,0.062,1.856,0.6618730000587967,0.0
S00001,vRAN-DU,edge-A,405,DONE,12.42427,12.4306,6.330063999939739,6.330063999939739,0.065,5.76,0.5050639999397388,0.0
S00004,UPF,edge-B,417,DONE,12.42435,12.42709,2.7368339999611635,2.7368339999611635,0.083,2.22,0.4338339999611631,0.0
S00008,Transcoder,core-1,208,DONE,12.43037,12.43961,9.239102000037747,21.239102000037747,0.077,8.628,0.5341020000377465,6.0
S00006,IMS-CSCF,edge-B,380,DONE,12.43183,12.43572,3.892468000003646,3.892468000003646,0.063,3.112,0.7174680000036457,0.0
S00003,UPF,edge-A,410,DONE,12.43192,12.43547,3.547750000052474,3.547750000052474,0.058,3.032,0.45775000005247435,0.0
S00010,IoT-GW,edge-B,395,DONE,12.43548,12.43731,1.833248999901116,1.833248999901116,0.04,1.285,0.5082489999011159,0.0
S00007,Transcoder,core-1,249,DONE,12.43573,12.44333,7.607170000028418,17.607170000028418,0.079,6.145,1.3831700000284188,5.0
S00007,Transcoder,core-1,250,DONE,12.44287,12.44964,6.770788000039829,16.77078800003983,0.053,6.027,0.690788000039829,5.0
S00004,UPF,edge-B,418,DONE,12.4476,12.45076,3.1658420000439946,3.1658420000439946,0.086,2.351,0.7288420000439948,0.0
S00010,IoT-GW,edge-B,396,DONE,12.4591,12.46104,1.93953099983446,1.93953099983446,0.094,1.133,0.71253099983446,0.0
S00003,UPF,edge-A,411,DONE,12.45928,12.46274,3.4606050001002586,3.4606050001002586,0.083,2.869,0.5086050001002582,0.0
S00003,UPF,edge-A,412,DONE,12.46105,12.4651,4.0487320000011096,4.0487320000011096,0.164,2.158,1.7267320000011095,0.0
S00010,IoT-GW,edge-B,397,DONE,12.46631,12.46814,1.8295119998583687,1.8295119998583687,0.082,1.14,0.6075119998583687,0.0
S00006,IMS-CSCF,edge-B,381,DONE,12.46814,12.47009,1.9485540001369372,1.9485540001369372,0.052,1.462,0.43455400013693724,0.0
S00004,UPF,edge-B,419,DONE,12.47433,12.47712,2.7867179999248037,2.7867179999248037,0.065,2.122,0.5997179999248039,0.0
S00010,IoT-GW,edge-B,398,DONE,12.47837,12.48002,1.6502690000379516,1.6502690000379516,0.077,1.066,0.5072690000379516,0.0
S00009,IoT-GW,edge-A,443,DONE,12.47849,12.48008,1.5843469998344517,1.5843469998344517,0.085,1.117,0.38234699983445175,0.0
S00002,vRAN-DU,edge-B,413,DONE,12.48333,12.48665,3.324131999988822,3.324131999988822,0.081,2.721,0.5221319999888219,0.0
S00009,IoT-GW,edge-A,444,DONE,12.48343,12.48624,2.809544999990976,2.809544999990976,0.077,2.285,0.44754499999097597,0.0
S00009,IoT-GW,edge-A,445,DONE,12.48884,12.49161,2.7728359998491214,2.7728359998491214,0.244,1.878,0.6508359998491218,0.0
S00005,IMS-CSCF,edge-A,417,DONE,12.48895,12.49166,2.716167000016867,2.716167000016867,0.129,1.999,0.5881670000168668,0.0
S00005,IMS-CSCF,edge-A,418,DONE,12.49056,12.49318,2.6291080000646616,2.6291080000646616,0.72,1.384,0.5251080000646617,0.0
S00007,Transcoder,core-1,251,DONE,12.49946,12.50695,7.490765999818905,17.490765999818905,0.056,6.586,0.8487659998189043,5.0
S00009,IoT-GW,edge-A,446,DONE,12.50391,12.5064,2.4935110000114946,2.4935110000114946,0.095,1.75,0.6485110000114944,0.0
S00005,IMS-CSCF,edge-A,419,DONE,12.50695,12.50923,2.274420000048849,2.274420000048849,0.085,1.524,0.665420000048849,0.0
S00008,Transcoder,core-1,209,DONE,12.50924,12.518,8.763881000049878,20.763881000049878,0.078,7.844,0.8418810000498782,6.0
S00006,IMS-CSCF,edge-B,382,DONE,12.51062,12.51381,3.1894619999093266,3.1894619999093266,0.076,2.549,0.5644619999093266,0.0
S00003,UPF,edge-A,413,DONE,12.51071,12.51438,3.670251999892571,3.670251999892571,0.107,2.897,0.6662519998925709,0.0
S00010,IoT-GW,edge-B,399,DONE,12.51558,12.51802,2.432049000162806,2.432049000162806,0.074,1.703,0.655049000162806,0.0
S00004,UPF,edge-B,420,DONE,12.51937,12.52477,5.399592999992819,5.399592999992819,0.191,4.337,0.8715929999928198,0.0
S00004,UPF,edge-B,421,DONE,12.51951,12.52747,7.959776000006968,7.959776000006968,4.812,2.346,0.801776000006968,0.0
S00007,Transcoder,core-1,252,DONE,12.5261,12.53357,7.471593999980541,17.47159399998054,0.084,6.32,1.0675939999805415,5.0
S00010,IoT-GW,edge-B,400,DONE,12.52874,12.5335,4.75546999996368,4.75546999996368,0.079,4.109,0.5674699999636799,0.0
S00009,IoT-GW,edge-A,447,DONE,12.52917,12.53303,3.856300000052215,3.856300000052215,0.112,2.452,1.2923000000522151,0.0
S00009,IoT-GW,edge-A,448,DONE,12.53485,12.53712,2.2672970001167414,2.2672970001167414,0.111,1.427,0.7292970001167411,0.0
S00010,IoT-GW,edge-B,401,DONE,12.53842,12.54091,2.4903959999846847,2.4903959999846847,0.079,1.794,0.6173959999846845,0.0
S00001,vRAN-DU,edge-A,406,DONE,12.5443,12.54867,4.375730999981897,4.375730999981897,0.105,3.495,0.7757309999818967,0.0
S00009,IoT-GW,edge-A,449,DONE,12.54991,12.55212,2.2188240000104997,2.2188240000104997,0.112,1.511,0.5958240000104997,0.0
S00009,IoT-GW,edge-A,450,DONE,12.5654,12.56799,2.595667999912621,2.595667999912621,0.266,1.409,0.9206679999126208,0.0
S00009,IoT-GW,edge-A,451,DONE,12.5723,12.57455,2.2500640000089334,2.2500640000089334,0.063,1.163,1.0240640000089332,0.0
S00001,vRAN-DU,edge-A,407,DONE,12.57361,12.57769,4.086890999815296,4.086890999815296,0.052,3.034,1.0008909998152964,0.0
S00003,UPF,edge-A,414,DONE,12.5809,12.58347,2.5702640000417887,2.5702640000417887,0.129,2.039,0.4022640000417885,0.0
S00010,IoT-GW,edge-B,402,DONE,12.58566,12.58792,2.263201999994635,2.263201999994635,0.087,1.076,1.1002019999946349,0.0
S00001,vRAN-DU,edge-A,408,DONE,12.59325,12.59657,3.3202790000359528,3.3202790000359528,0.074,2.735,0.5112790000359531,0.0
S00003,UPF,edge-A,415,DONE,12.59774,12.60054,2.8052889999798936,2.8052889999798936,0.061,2.286,0.4582889999798936,0.0
S00009,IoT-GW,edge-A,452,DONE,12.60005,12.60229,2.237901999933456,2.237901999933456,0.062,1.246,0.9299019999334561,0.0
S00005,IMS-CSCF,edge-A,420,DONE,12.60055,12.60289,2.3381670000617305,2.3381670000617305,0.07,1.782,0.48616700006173064,0.0
S00002,vRAN-DU,edge-B,414,DONE,12.6023,12.60611,3.8102370001524832,3.8102370001524832,0.118,3.146,0.5462370001524834,0.0
S00009,IoT-GW,edge-A,453,DONE,12.60238,12.60378,1.4059299999189534,1.4059299999189534,0.045,0.923,0.4379299999189534,0.0
S00009,IoT-GW,edge-A,454,DONE,12.6084,12.60999,1.5936699999201664,1.5936699999201664,0.066,1.097,0.4306699999201664,0.0
S00004,UPF,edge-B,422,DONE,12.6153,12.61965,4.352671999868107,4.352671999868107,0.081,3.744,0.5276719998681068,0.0
S00001,vRAN-DU,edge-A,409,DONE,12.61916,12.62289,3.7298990000635968,3.7298990000635968,0.22,2.914,0.5958990000635964,0.0
S00001,vRAN-DU,edge-A,410,DONE,12.62411,12.62743,3.320507999887923,3.320507999887923,0.062,2.759,0.49950799988792305,0.0
S00007,Transcoder,core-1,253,DONE,12.62424,12.63112,6.875360000094588,16.875360000094588,0.084,6.171,0.6203600000945881,5.0
S00009,IoT-GW,edge-A,455,DONE,12.62962,12.63113,1.5092460000687424,1.5092460000687424,0.052,1.045,0.41224600006874246,0.0
S00001,vRAN-DU,edge-A,411,DONE,12.63837,12.64179,3.4288370000012947,3.4288370000012947,0.081,2.858,0.4898370000012946,0.0
S00001,vRAN-DU,edge-A,412,DONE,12.63846,12.64208,3.616590999854452,3.616590999854452,0.131,3.154,0.33159099985445195,0.0
S00002,vRAN-DU,edge-B,415,DONE,12.64533,12.65336,8.021322999866243,8.021322999866243,0.124,6.551,1.346322999866243,0.0
S00005,IMS-CSCF,edge-A,421,DONE,12.64666,12.65339,6.726324000055683,6.726324000055683,0.095,5.689,0.9423240000556836,0.0
S00004,UPF,edge-B,423,DONE,12.64677,12.65338,6.610812000189981,6.610812000189981,0.077,4.919,1.614812000189981,0.0
S00009,IoT-GW,edge-A,456,DONE,12.64682,12.65138,4.567192999957115,4.567192999957115,0.138,1.452,2.977192999957115,0.0
S00007,Transcoder,core-1,254,DONE,12.65139,12.65843,7.035413000039625,17.035413000039625,0.08,6.026,0.9294130000396255,5.0
S00006,IMS-CSCF,edge-B,383,DONE,12.65844,12.66204,3.593784000031519,3.593784000031519,0.073,2.95,0.570784000031519,0.0
S00006,IMS-CSCF,edge-B,384,DONE,12.66433,12.6683,3.975660000151038,3.975660000151038,0.144,3.265,0.5666600001510376,0.0
S00004,UPF,edge-B,424,DONE,12.66445,12.66937,4.919111000162957,4.919111000162957,0.068,4.264,0.5871110001629569,0.0
S00005,IMS-CSCF,edge-A,422,DONE,12.66449,12.66706,2.5703200001316873,2.5703200001316873,0.088,1.996,0.4863200001316872,0.0
S00004,UPF,edge-B,425,DONE,12.66608,12.67141,5.326843000148074,5.326843000148074,1.447,2.049,1.8308430001480738,0.0
S00003,UPF,edge-A,416,DONE,12.66707,12.66942,2.3499649998939276,2.3499649998939276,0.051,1.88,0.41896499989392755,0.0
S00003,UPF,edge-A,417,DONE,12.67141,12.67399,2.574951000042347,2.574951000042347,0.058,2.06,0.4569510000423471,0.0
S00007,Transcoder,core-1,255,DONE,12.6884,12.69693,8.532242000001133,18.532242000001133,0.097,7.843,0.5922420000011339,5.0
S00003,UPF,edge-A,418,DONE,12.69078,12.69557,4.7849869999936345,4.7849869999936345,0.082,4.069,0.6339869999936347,0.0
S00009,IoT-GW,edge-A,457,DONE,12.69677,12.69885,2.083956999967995,2.083956999967995,0.06,1.543,0.48095699996799524,0.0
S00009,IoT-GW,edge-A,458,DONE,12.69811,12.69994,1.8331220001073234,1.8331220001073234,0.48,0.905,0.4481220001073234,0.0
S00002,vRAN-DU,edge-B,416,DONE,12.70524,12.70979,4.557732000193937,4.557732000193937,0.083,3.788,0.686732000193937,0.0
S00003,UPF,edge-A,419,DONE,12.7087,12.71236,3.6621209999339044,3.6621209999339044,0.092,2.909,0.6611209999339045,0.0
S00005,IMS-CSCF,edge-A,423,DONE,12.7088,12.71118,2.385484000114957,2.385484000114957,0.341,1.566,0.4784840001149566,0.0
S00006,IMS-CSCF,edge-B,385,DONE,12.7098,12.71552,5.7213110001157474,5.7213110001157474,0.106,2.061,3.5543110001157476,0.0
S00001,vRAN-DU,edge-A,413,DONE,12.71889,12.72335,4.456283000081385,4.456283000081385,0.115,3.364,0.9772830000813846,0.0
S00006,IMS-CSCF,edge-B,386,DONE,12.72571,12.72948,3.772992999984126,3.772992999984126,0.089,2.803,0.8809929999841262,0.0
S00005,IMS-CSCF,edge-A,424,DONE,12.72949,12.73275,3.258475999928123,3.258475999928123,0.25,2.199,0.8094759999281234,0.0
S00007,Transcoder,core-1,256,DONE,12.7318,12.73936,7.568272999833425,17.568272999833425,0.081,6.846,0.6412729998334248,5.0
S00002,vRAN-DU,edge-B,417,DONE,12.74056,12.74426,3.6936239998794917,3.6936239998794917,0.126,2.933,0.634623999879492,0.0
S00008,Transcoder,core-1,210,DONE,12.74192,12.75762,15.69939199998771,27.69939199998771,0.071,14.045,1.583391999987711,6.0
S00003,UPF,edge-A,420,DONE,12.74426,12.75184,7.579782999982854,7.579782999982854,0.079,1.965,5.535782999982854,0.0
S00006,IMS-CSCF,edge-B,387,DONE,12.74433,12.74801,3.676545999951486,3.676545999951486,0.444,2.437,0.7955459999514862,0.0
S00004,UPF,edge-B,426,DONE,12.74802,12.75266,4.644479000035062,4.644479000035062,0.084,4.002,0.5584790000350628,0.0
S00007,Transcoder,core-1,257,DONE,12.75193,12.76265,10.720106000007945,20.720106000007945,0.129,9.489,1.1021060000079448,5.0
S00004,UPF,edge-B,427,DONE,12.75267,12.75763,4.961751000109871,4.961751000109871,0.057,4.154,0.7507510001098705,0.0
S00006,IMS-CSCF,edge-B,388,DONE,12.75763,12.76046,2.8263689998766495,2.8263689998766495,0.146,2.048,0.6323689998766495,0.0
S00005,IMS-CSCF,edge-A,425,DONE,12.75773,12.7596,1.8722020001860074,1.8722020001860074,0.073,1.288,0.5112020001860074,0.0
S00010,IoT-GW,edge-B,403,DONE,12.75779,12.76238,4.594530999838753,4.594530999838753,0.544,1.398,2.6525309998387527,0.0
S00006,IMS-CSCF,edge-B,389,DONE,12.76047,12.76512,4.653281999935643,4.653281999935643,0.093,1.999,2.5612819999356433,0.0
S00010,IoT-GW,edge-B,404,DONE,12.76391,12.76585,1.9402319999244355,1.9402319999244355,0.169,1.253,0.5182319999244356,0.0
S00007,Transcoder,core-1,258,DONE,12.76813,12.77933,11.194079999995665,21.194079999995665,0.121,10.401,0.672079999995665,5.0
S00004,UPF,edge-B,428,DONE,12.76949,12.77175,2.2581739999623096,2.2581739999623096,0.056,1.812,0.3901739999623095,0.0
S00001,vRAN-DU,edge-A,414,DONE,12.78157,12.78523,3.6592609999388515,3.6592609999388515,0.099,2.906,0.6542609999388511,0.0
S00003,UPF,edge-A,421,DONE,12.78753,12.79188,4.354202000058649,4.354202000058649,0.059,3.759,0.5362020000586489,0.0
S00005,IMS-CSCF,edge-A,426,DONE,12.79933,12.80226,2.9269029998886253,2.9269029998886253,0.138,1.837,0.9519029998886255,0.0
S00004,UPF,edge-B,429,DONE,12.80227,12.80525,2.986202000101912,2.986202000101912,0.084,2.272,0.630202000101912,0.0
S00006,IMS-CSCF,edge-B,390,DONE,12.80947,12.81139,1.9206510000913113,1.9206510000913113,0.069,1.239,0.6126510000913112,0.0
S00008,Transcoder,core-1,211,DONE,12.81311,12.82573,12.624982000033924,24.624982000033924,0.109,11.723,0.7929820000339234,6.0
S00008,Transcoder,core-1,212,DONE,12.81321,12.82379,10.581751000017903,22.581751000017903,0.078,9.591,0.912751000017904,6.0
S00005,IMS-CSCF,edge-A,427,DONE,12.81845,12.82378,5.321912999988854,5.321912999988854,0.082,3.018,2.221912999988854,0.0
S00006,IMS-CSCF,edge-B,391,DONE,12.8238,12.8263,2.501384999959555,2.501384999959555,0.149,1.498,0.854384999959555,0.0
S00001,vRAN-DU,edge-A,415,DONE,12.82952,12.83593,6.412842999907298,6.412842999907298,0.089,5.608,0.7158429999072977,0.0
S00003,UPF,edge-A,422,DONE,12.83714,12.84113,3.99333099994692,3.99333099994692,0.118,2.991,0.8843309999469202,0.0
S00002,vRAN-DU,edge-B,418,DONE,12.8408,12.84741,6.614315999968312,6.614315999968312,0.126,5.651,0.837315999968312,0.0
S00002,vRAN-DU,edge-B,419,DONE,12.84549,12.84978,4.290218000051027,4.290218000051027,0.08,2.955,1.255218000051027,0.0
S00005,IMS-CSCF,edge-A,428,DONE,12.84874,12.85221,3.4712149999904796,3.4712149999904796,0.131,2.747,0.5932149999904794,0.0
S00009,IoT-GW,edge-A,459,DONE,12.85097,12.85356,2.5963870000396128,2.5963870000396128,0.121,1.705,0.7703870000396127,0.0
S00009,IoT-GW,edge-A,460,DONE,12.85357,12.85791,4.342592000057266,4.342592000057266,0.072,2.29,1.9805920000572659,0.0
S00010,IoT-GW,edge-B,405,DONE,12.85373,12.8569,3.1650159999117022,3.1650159999117022,0.103,2.472,0.5900159999117021,0.0
S00009,IoT-GW,edge-A,461,DONE,12.85912,12.86151,2.3921769998196396,2.3921769998196396,0.104,1.471,0.8171769998196394,0.0
S00008,Transcoder,core-1,213,DONE,12.86285,12.87686,14.011677999860694,26.011677999860694,0.083,13.373,0.5556779998606949,6.0
S00005,IMS-CSCF,edge-A,429,DONE,12.86304,12.86774,4.705521000005319,4.705521000005319,0.127,3.85,0.7285210000053195,0.0
S00008,Transcoder,core-1,214,DONE,12.86775,12.87569,7.938110000168308,19.938110000168308,0.076,7.341,0.5211100001683082,6.0
S00004,UPF,edge-B,430,DONE,12.87215,12.88039,8.234213999912754,8.234213999912754,0.08,7.571,0.5832139999127541,0.0
S00009,IoT-GW,edge-A,462,DONE,12.87807,12.87951,1.436056000102326,1.436056000102326,0.078,0.893,0.46505600010232584,0.0
S00001,vRAN-DU,edge-A,416,DONE,12.88763,12.89183,4.198008999992453,4.198008999992453,0.086,3.678,0.4340089999924528,0.0
S00005,IMS-CSCF,edge-A,430,DONE,12.8881,12.89124,3.14067299996168,3.14067299996168,0.05,2.386,0.7046729999616801,0.0
S00002,vRAN-DU,edge-B,420,DONE,12.89059,12.89474,4.152876999796717,4.152876999796717,0.09,2.732,1.3308769997967174,0.0
S00003,UPF,edge-A,423,DONE,12.89407,12.8969,2.8309189999617956,2.8309189999617956,0.061,2.258,0.5119189999617957,0.0
S00001,vRAN-DU,edge-A,417,DONE,12.89924,12.90283,3.5963620000529772,3.5963620000529772,0.08,2.897,0.6193620000529774,0.0
S00005,IMS-CSCF,edge-A,431,DONE,12.89938,12.9018,2.4137089999385353,2.4137089999385353,0.139,1.861,0.41370899993853505,0.0
S00003,UPF,edge-A,424,DONE,12.90809,12.91115,3.062575000058132,3.062575000058132,0.079,2.349,0.6345750000581316,0.0
S00006,IMS-CSCF,edge-B,392,DONE,12.90965,12.91207,2.420951999965837,2.420951999965837,0.173,1.559,0.6889519999658369,0.0
S00006,IMS-CSCF,edge-B,393,DONE,12.91437,12.91754,3.1691820001924498,3.1691820001924498,0.076,2.203,0.8901820001924499,0.0
S00006,IMS-CSCF,edge-B,394,DONE,12.91683,12.91933,2.499000999932832,2.499000999932832,0.054,1.539,0.9060009999328325,0.0
S00010,IoT-GW,edge-B,406,DONE,12.92063,12.92291,2.2748680000859167,2.2748680000859167,0.389,1.292,0.5938680000859167,0.0
S00001,vRAN-DU,edge-A,418,DONE,12.92078,12.92916,8.377023000093686,8.377023000093686,0.114,5.104,3.1590230000936854,0.0
S00008,Transcoder,core-1,215,DONE,12.92291,12.92988,6.966761000057886,18.966761000057886,0.117,6.085,0.7647610000578862,6.0
S00006,IMS-CSCF,edge-B,395,DONE,12.92917,12.93208,2.916873999993186,2.916873999993186,0.078,2.168,0.6708739999931859,0.0
S00010,IoT-GW,edge-B,407,DONE,12.92937,12.93105,1.6780240000571212,1.6780240000571212,0.141,1.158,0.3790240000571212,0.0
S00003,UPF,edge-A,425,DONE,12.93334,12.93661,3.273492000062106,3.273492000062106,0.098,2.316,0.8594920000621062,0.0
S00003,UPF,edge-A,426,DONE,12.93341,12.93907,5.662310999923648,5.662310999923648,2.673,2.423,0.5663109999236475,0.0
S00003,UPF,edge-A,427,DONE,12.93344,12.94452,11.083128999871406,11.083128999871406,5.275,5.276,0.5321289998714054,0.0
S00002,vRAN-DU,edge-B,421,DONE,12.93565,12.93867,3.022361999910572,3.022361999910572,0.062,2.588,0.3723619999105723,0.0
S00006,IMS-CSCF,edge-B,396,DONE,12.93911,12.94067,1.556226999809951,1.556226999809951,0.051,1.207,0.29822699980995093,0.0
S00001,vRAN-DU,edge-A,419,DONE,12.93944,12.94702,7.5805769999988115,7.5805769999988115,2.162,3.146,2.2725769999988117,0.0
S00009,IoT-GW,edge-A,463,DONE,12.94395,12.94648,2.5236100000256556,2.5236100000256556,0.064,1.358,1.1016100000256555,0.0
S00008,Transcoder,core-1,216,DONE,12.94703,12.95931,12.285209000083341,24.28520900008334,0.094,10.65,1.5412090000833416,6.0
S00006,IMS-CSCF,edge-B,397,DONE,12.95048,12.95227,1.7959320000500156,1.7959320000500156,0.076,1.184,0.5359320000500156,0.0
S00007,Transcoder,core-1,259,DONE,12.95345,12.96085,7.396101000040289,17.39610100004029,0.082,6.82,0.49410100004028923,5.0
S00005,IMS-CSCF,edge-A,432,DONE,12.95468,12.95932,4.637803999912649,4.637803999912649,0.114,3.625,0.8988039999126487,0.0
S00005,IMS-CSCF,edge-A,433,DONE,12.95704,12.96038,3.338291000090976,3.338291000090976,0.414,1.2,1.724291000090976,0.0
S00005,IMS-CSCF,edge-A,434,DONE,12.96038,12.96252,2.134017000116728,2.134017000116728,0.05,1.405,0.6790170001167282,0.0
S00008,Transcoder,core-1,217,DONE,12.97488,12.98549,10.607709999931103,22.607709999931103,0.094,7.008,3.5057099999311037,6.0
S00004,UPF,edge-B,431,DONE,12.97836,12.98144,3.0847160001030716,3.0847160001030716,0.087,2.181,0.8167160001030713,0.0
S00008,Transcoder,core-1,218,DONE,12.98145,12.98872,7.263582999939899,19.2635829999399,0.098,6.624,0.5415829999398998,6.0
S00006,IMS-CSCF,edge-B,398,DONE,12.98549,12.98845,2.95465400017747,2.95465400017747,0.089,2.185,0.6806540001774701,0.0
S00004,UPF,edge-B,432,DONE,12.992,12.99481,2.815242999986367,2.815242999986367,0.085,2.143,0.5872429999863673,0.0
S00006,IMS-CSCF,edge-B,399,DONE,12.99341,12.99525,1.83377999996992,1.83377999996992,0.058,1.386,0.3897799999699201,0.0
S00009,IoT-GW,edge-A,464,DONE,12.99768,13.00172,4.046307999942655,4.046307999942655,0.098,3.292,0.6563079999426558,0.0
S00010,IoT-GW,edge-B,408,DONE,12.99779,12.99984,2.0511710001756,2.0511710001756,0.055,1.728,0.26817100017560014,0.0
S00008,Transcoder,core-1,219,DONE,12.9981,13.00811,10.009204999960275,22.009204999960275,0.087,9.274,0.6482049999602761,6.0
S00006,IMS-CSCF,edge-B,400,DONE,13.00173,13.00456,2.8318960000888183,2.8318960000888183,0.052,1.884,0.8958960000888183,0.0
S00010,IoT-GW,edge-B,409,DONE,13.00295,13.00496,2.0160200001555495,2.0160200001555495,0.048,1.461,0.5070200001555494,0.0
S00008,Transcoder,core-1,220,DONE,13.00461,13.01249,7.887543000151709,19.88754300015171,0.143,6.768,0.9765430001517093,6.0
S00010,IoT-GW,edge-B,410,DONE,13.00728,13.00906,1.7797110001538385,1.7797110001538385,0.098,1.138,0.5437110001538386,0.0
S00002,vRAN-DU,edge-B,422,DONE,13.0125,13.01611,3.6042409999481606,3.6042409999481606,0.07,3.038,0.49624099994816095,0.0
S00001,vRAN-DU,edge-A,420,DONE,13.01386,13.01774,3.887318000124651,3.887318000124651,0.127,3.098,0.6623180001246514,0.0
S00007,Transcoder,core-1,260,DONE,13.01775,13.02496,7.211688999859689,17.21168899985969,0.065,6.715,0.43168899985968867,5.0
S00006,IMS-CSCF,edge-B,401,DONE,13.02132,13.0279,6.5771329998369765,6.5771329998369765,0.195,5.436,0.9461329998369763,0.0
S00003,UPF,edge-A,428,DONE,13.02144,13.0279,6.464879000077417,6.464879000077417,0.078,5.161,1.2258790000774171,0.0
S00004,UPF,edge-B,433,DONE,13.02148,13.02789,6.404938000059701,6.404938000059701,0.08,5.5,0.8249380000597011,0.0
S00010,IoT-GW,edge-B,411,DONE,13.02155,13.0321,10.545518999833803,10.545518999833803,5.838,4.014,0.6935189998338025,0.0
S00009,IoT-GW,edge-A,465,DONE,13.02274,13.02944,6.6955569998299325,6.6955569998299325,0.051,6.187,0.45755699982993203,0.0
S00005,IMS-CSCF,edge-A,435,DONE,13.02303,13.02943,6.398190000027171,6.398190000027171,4.353,1.485,0.5601900000271709,0.0
S00010,IoT-GW,edge-B,412,DONE,13.02796,13.03296,5.001175999950647,5.001175999950647,3.29,0.935,0.7761759999506466,0.0
S00002,vRAN-DU,edge-B,423,DONE,13.02802,13.0321,4.086227000016152,4.086227000016152,0.054,3.015,1.0172270000161512,0.0
S00009,IoT-GW,edge-A,466,DONE,13.04032,13.04219,1.8691370000851748,1.8691370000851748,0.078,1.26,0.5311370000851747,0.0
S00002,vRAN-DU,edge-B,424,DONE,13.04173,13.04589,4.158701999813275,4.158701999813275,0.092,3.224,0.8427019998132748,0.0
S00001,vRAN-DU,edge-A,421,DONE,13.04447,13.04797,3.5023079999518814,3.5023079999518814,0.146,2.799,0.5573079999518815,0.0
S00001,vRAN-DU,edge-A,422,DONE,13.04461,13.05016,5.544676999988951,5.544676999988951,0.481,4.672,0.39167699998895156,0.0
S00001,vRAN-DU,edge-A,423,DONE,13.0492,13.05267,3.472596999927191,3.472596999927191,0.06,2.958,0.4545969999271908,0.0
S00009,IoT-GW,edge-A,467,DONE,13.05387,13.05558,1.7067300000235264,1.7067300000235264,0.194,1.02,0.4927300000235264,0.0
S00003,UPF,edge-A,429,DONE,13.05398,13.05664,2.6641599999948085,2.6641599999948085,0.069,2.139,0.4561599999948087,0.0
S00003,UPF,edge-A,430,DONE,13.05786,13.0606,2.7411490000304184,2.7411490000304184,0.065,2.148,0.5281490000304183,0.0
S00005,IMS-CSCF,edge-A,436,DONE,13.06289,13.06527,2.3831280000194965,2.3831280000194965,0.078,1.704,0.6011280000194967,0.0
S00010,IoT-GW,edge-B,413,DONE,13.06302,13.06537,2.3504149999098445,2.3504149999098445,0.089,1.644,0.6174149999098446,0.0
S00003,UPF,edge-A,431,DONE,13.06762,13.07396,6.345058000079007,6.345058000079007,0.114,5.494,0.7370580000790072,0.0
S00004,UPF,edge-B,434,DONE,13.06773,13.07395,6.223401999932321,6.223401999932321,0.077,5.267,0.8794019999323206,0.0
S00004,UPF,edge-B,435,DONE,13.07144,13.0763,4.863660999944841,4.863660999944841,0.082,2.311,2.4706609999448412,0.0
S00005,IMS-CSCF,edge-A,437,DONE,13.07154,13.07526,3.7209310000889673,3.7209310000889673,0.079,3.127,0.5149310000889673,0.0
S00004,UPF,edge-B,436,DONE,13.07158,13.07927,7.691383000064889,7.691383000064889,2.642,2.666,2.3833830000648892,0.0
S00005,IMS-CSCF,edge-A,438,DONE,13.07397,13.07774,3.774744999873292,3.774744999873292,0.639,2.176,0.9597449998732914,0.0
S00002,vRAN-DU,edge-B,425,DONE,13.07631,13.08005,3.7451709999913874,3.7451709999913874,0.108,2.678,0.9591709999913873,0.0
S00009,IoT-GW,edge-A,468,DONE,13.07937,13.08162,2.251960000194231,2.251960000194231,0.08,1.433,0.7389600001942307,0.0
S00003,UPF,edge-A,432,DONE,13.08138,13.08595,4.574778999995033,4.574778999995033,0.132,3.722,0.7207789999950331,0.0
S00001,vRAN-DU,edge-A,424,DONE,13.0815,13.08706,5.557985999985249,5.557985999985249,0.073,5.029,0.45598599998524847,0.0
S00003,UPF,edge-A,433,DONE,13.08283,13.08797,5.138031999877057,5.138031999877057,0.046,2.074,3.0180319998770573,0.0
S00003,UPF,edge-A,434,DONE,13.08596,13.09258,6.618873999968855,6.618873999968855,2.526,3.429,0.6638739999688554,0.0
S00007,Transcoder,core-1,261,DONE,13.08797,13.10372,15.754044000004797,25.754044000004797,0.081,13.947,1.7260440000047979,5.0
S00010,IoT-GW,edge-B,414,DONE,13.09139,13.09581,4.419928999823242,4.419928999823242,0.118,3.698,0.6039289998232413,0.0
S00002,vRAN-DU,edge-B,426,DONE,13.09202,13.09901,6.991881999965699,6.991881999965699,0.19,5.991,0.8108819999656989,0.0
S00009,IoT-GW,edge-A,469,DONE,13.09385,13.09631,2.460774999917703,2.460774999917703,0.161,1.773,0.5267749999177032,0.0
S00003,UPF,edge-A,435,DONE,13.09902,13.10403,5.009448999999222,5.009448999999222,0.082,4.44,0.48744899999922175,0.0
S00004,UPF,edge-B,437,DONE,13.10029,13.104,3.7038899999970454,3.7038899999970454,0.058,3.278,0.3678899999970455,0.0
S00007,Transcoder,core-1,262,DONE,13.10526,13.11815,12.898060999987138,22.898060999987138,0.111,12.055,0.7320609999871373,5.0
S00004,UPF,edge-B,438,DONE,13.10653,13.10872,2.196731999902113,2.196731999902113,0.054,1.788,0.354731999902113,0.0
S00005,IMS-CSCF,edge-A,439,DONE,13.11393,13.11693,3.005823000194141,3.005823000194141,0.103,1.878,1.024823000194141,0.0
S00006,IMS-CSCF,edge-B,402,DONE,13.11522,13.11694,1.718661000040811,1.718661000040811,0.062,1.227,0.42966100004081076,0.0
S00002,vRAN-DU,edge-B,427,DONE,13.11935,13.12241,3.0564860001049965,3.0564860001049965,0.058,2.523,0.47548600010499653,0.0
S00009,IoT-GW,edge-A,470,DONE,13.12463,13.12685,2.218697999978758,2.218697999978758,0.09,1.472,0.6566979999787583,0.0
S00004,UPF,edge-B,439,DONE,13.1315,13.13777,6.265370999926745,6.265370999926745,0.177,5.191,0.8973709999267454,0.0
S00003,UPF,edge-A,436,DONE,13.13167,13.13626,4.589269000007334,4.589269000007334,0.084,3.908,0.5972690000073348,0.0
S00002,vRAN-DU,edge-B,428,DONE,13.13299,13.13897,5.98115399998278,5.98115399998278,0.063,5.265,0.6531539999827807,0.0
S00002,vRAN-DU,edge-B,429,DONE,13.13784,13.14233,4.492230000096242,4.492230000096242,0.139,3.28,1.0732300000962423,0.0
S00003,UPF,edge-A,437,DONE,13.14015,13.1427,2.5568910000401956,2.5568910000401956,0.07,2.083,0.4038910000401956,0.0
S00006,IMS-CSCF,edge-B,403,DONE,13.14391,13.14627,2.3657559997900535,2.3657559997900535,0.081,1.699,0.5857559997900534,0.0
S00009,IoT-GW,edge-A,471,DONE,13.15466,13.15698,2.324749999843334,2.324749999843334,0.148,1.4,0.776749999843334,0.0
S00001,vRAN-DU,edge-A,425,DONE,13.15922,13.16281,3.586381000104666,3.586381000104666,0.066,3.004,0.516381000104666,0.0
S00009,IoT-GW,edge-A,472,DONE,13.16058,13.16192,1.340159999926982,1.340159999926982,0.05,0.915,0.3751599999269819,0.0
S00003,UPF,edge-A,438,DONE,13.16703,13.16978,2.7543890000742977,2.7543890000742977,0.074,2.12,0.5603890000742977,0.0
S00003,UPF,edge-A,439,DONE,13.17099,13.1742,3.2079289999273897,3.2079289999273897,0.062,2.552,0.5939289999273898,0.0
S00002,vRAN-DU,edge-B,430,DONE,13.17345,13.17755,4.103823999912493,4.103823999912493,0.089,3.002,1.0128239999124924,0.0
S00005,IMS-CSCF,edge-A,440,DONE,13.17756,13.17959,2.028444999950807,2.028444999950807,0.069,1.496,0.463444999950807,0.0
S00010,IoT-GW,edge-B,415,DONE,13.19124,13.19577,4.5224850000522565,4.5224850000522565,0.207,3.305,1.0104850000522565,0.0
S00004,UPF,edge-B,440,DONE,13.19151,13.19597,4.462119999971037,4.462119999971037,0.083,3.433,0.946119999971037,0.0
S00010,IoT-GW,edge-B,416,DONE,13.193,13.19676,3.7574850000510196,3.7574850000510196,1.696,0.958,1.10348500005102,0.0
S00003,UPF,edge-A,440,DONE,13.19581,13.1989,3.082086999938838,3.082086999938838,0.094,2.308,0.6800869999388381,0.0
S00009,IoT-GW,edge-A,473,DONE,13.2032,13.20558,2.3845760001677263,2.3845760001677263,0.083,1.344,0.957576000167726,0.0
S00001,vRAN-DU,edge-A,426,DONE,13.20781,13.21292,5.106712000042535,5.106712000042535,0.095,4.451,0.5607120000425354,0.0
S00001,vRAN-DU,edge-A,427,DONE,13.20795,13.21241,4.462255000134974,4.462255000134974,0.164,3.606,0.6922550001349741,0.0
S00001,vRAN-DU,edge-A,428,DONE,13.21123,13.21637,5.142406000004485,5.142406000004485,0.845,3.549,0.748406000004485,0.0
S00005,IMS-CSCF,edge-A,441,DONE,13.2114,13.21689,5.4949090001628065,5.4949090001628065,1.194,3.527,0.7739090001628064,0.0
S00002,vRAN-DU,edge-B,431,DONE,13.21242,13.21577,3.3544700002039463,3.3544700002039463,0.122,2.632,0.6004700002039463,0.0
S00007,Transcoder,core-1,263,DONE,13.21531,13.22338,8.067104000019754,18.067104000019754,0.08,6.183,1.8041040000197537,5.0
S00003,UPF,edge-A,441,DONE,13.2181,13.22036,2.264251999804401,2.264251999804401,0.053,1.775,0.436251999804401,0.0
S00009,IoT-GW,edge-A,474,DONE,13.22558,13.22769,2.1024520001446945,2.1024520001446945,0.082,1.41,0.6104520001446947,0.0
S00010,IoT-GW,edge-B,417,DONE,13.2299,13.23183,1.9315780000397353,1.9315780000397353,0.089,1.21,0.6325780000397354,0.0
S00005,IMS-CSCF,edge-A,442,DONE,13.23129,13.23448,3.1974300000001676,3.1974300000001676,0.09,2.077,1.0304300000001678,0.0
S00009,IoT-GW,edge-A,475,DONE,13.23141,13.23448,3.0669050001961295,3.0669050001961295,0.157,1.965,0.9449050001961294,0.0
S00005,IMS-CSCF,edge-A,443,DONE,13.2332,13.23595,2.7540549999685027,2.7540549999685027,0.861,1.426,0.46705499996850275,0.0
S00006,IMS-CSCF,edge-B,404,DONE,13.23355,13.23545,1.9053680000524764,1.9053680000524764,0.075,1.247,0.5833680000524764,0.0
S00001,vRAN-DU,edge-A,429,DONE,13.23602,13.24028,4.261603000031755,4.261603000031755,0.059,2.733,1.4696030000317548,0.0
S00002,vRAN-DU,edge-B,432,DONE,13.23741,13.24054,3.125969999928202,3.125969999928202,0.072,2.613,0.44096999992820196,0.0
S00010,IoT-GW,edge-B,418,DONE,13.24028,13.24478,4.497639999954117,4.497639999954117,2.977,0.984,0.5366399999541174,0.0
S00006,IMS-CSCF,edge-B,405,DONE,13.24035,13.24455,4.201426000008723,4.201426000008723,0.117,3.486,0.5984260000087231,0.0
S00002,vRAN-DU,edge-B,433,DONE,13.24038,13.24454,4.159333999950832,4.159333999950832,0.059,2.709,1.3913339999508314,0.0
S00001,vRAN-DU,edge-A,430,DONE,13.25005,13.2542,4.153452000082325,4.153452000082325,0.095,3.274,0.7844520000823252,0.0
S00009,IoT-GW,edge-A,476,DONE,13.25149,13.25301,1.518204000149126,1.518204000149126,0.063,0.994,0.461204000149126,0.0
S00005,IMS-CSCF,edge-A,444,DONE,13.25944,13.26205,2.615377999973134,2.615377999973134,0.08,1.88,0.6553779999731342,0.0
S00002,vRAN-DU,edge-B,434,DONE,13.26637,13.27044,4.061238000076628,4.061238000076628,0.112,3.148,0.8012380000766277,0.0
S00010,IoT-GW,edge-B,419,DONE,13.2737,13.27564,1.9408589998874959,1.9408589998874959,0.086,1.237,0.6178589998874957,0.0
S00010,IoT-GW,edge-B,420,DONE,13.27518,13.27702,1.8358199999966018,1.8358199999966018,0.046,1.164,0.6258199999966019,0.0
S00002,vRAN-DU,edge-B,435,DONE,13.27827,13.28209,3.819132999979047,3.819132999979047,0.055,3.009,0.7551329999790468,0.0
S00010,IoT-GW,edge-B,421,DONE,13.28068,13.28233,1.6498029999638675,1.6498029999638675,0.057,1.163,0.4298029999638675,0.0
S00007,Transcoder,core-1,264,DONE,13.2821,13.29453,12.428497999962929,22.42849799996293,0.08,11.702,0.6464979999629286,5.0
S00004,UPF,edge-B,441,DONE,13.2836,13.28648,2.879840999867156,2.879840999867156,0.064,2.378,0.43784099986715574,0.0
S00009,IoT-GW,edge-A,477,DONE,13.28588,13.2927,6.825965999951222,6.825965999951222,0.203,3.68,2.942965999951222,0.0
S00005,IMS-CSCF,edge-A,445,DONE,13.28772,13.29246,4.73891900014678,4.73891900014678,0.091,3.697,0.9509190001467793,0.0
S00002,vRAN-DU,edge-B,436,DONE,13.29881,13.30284,4.038584999989325,4.038584999989325,0.145,3.067,0.8265849999893251,0.0
S00005,IMS-CSCF,edge-A,446,DONE,13.30408,13.30641,2.329682999970828,2.329682999970828,0.082,1.643,0.6046829999708281,0.0
S00009,IoT-GW,edge-A,478,DONE,13.31796,13.32003,2.074339000046166,2.074339000046166,0.09,1.222,0.7623390000461658,0.0
S00001,vRAN-DU,edge-A,431,DONE,13.32228,13.32579,3.5122439999213384,3.5122439999213384,0.065,2.938,0.5092439999213383,0.0
S00004,UPF,edge-B,442,DONE,13.33736,13.34077,3.4076350000304956,3.4076350000304956,0.106,2.6,0.7016350000304956,0.0
S00010,IoT-GW,edge-B,422,DONE,13.3551,13.35795,2.845205000085116,2.845205000085116,0.126,1.943,0.776205000085116,0.0
S00001,vRAN-DU,edge-A,432,DONE,13.36225,13.3662,3.9522590000160562,3.9522590000160562,0.089,3.195,0.6682590000160564,0.0
S00001,vRAN-DU,edge-A,433,DONE,13.36945,13.37382,4.373937000082151,4.373937000082151,0.081,3.598,0.6949370000821506,0.0
S00006,IMS-CSCF,edge-B,406,DONE,13.37081,13.37383,3.0180169999312056,3.0180169999312056,0.477,1.94,0.6010169999312058,0.0
S00004,UPF,edge-B,443,DONE,13.3709,13.37384,2.9422830000385147,2.9422830000385147,0.129,2.221,0.5922830000385146,0.0
S00002,vRAN-DU,edge-B,437,DONE,13.37913,13.38274,3.605776000085825,3.605776000085825,0.075,2.934,0.5967760000858249,0.0
S00005,IMS-CSCF,edge-A,447,DONE,13.38254,13.38546,2.9153020000194374,2.9153020000194374,0.108,2.104,0.7033020000194372,0.0
S00010,IoT-GW,edge-B,423,DONE,13.38666,13.38864,1.9820859999981622,1.9820859999981622,0.123,1.249,0.610085999998162,0.0
S00002,vRAN-DU,edge-B,438,DONE,13.3868,13.39137,4.561744999818984,4.561744999818984,0.211,3.834,0.5167449998189837,0.0
S00003,UPF,edge-A,442,DONE,13.39364,13.39675,3.111358999831282,3.111358999831282,0.094,2.399,0.618358999831282,0.0
S00005,IMS-CSCF,edge-A,448,DONE,13.39504,13.39904,3.9930709999680403,3.9930709999680403,1.043,2.26,0.6900709999680403,0.0
S00001,vRAN-DU,edge-A,434,DONE,13.39519,13.39859,3.402830999903017,3.402830999903017,0.053,2.785,0.564830999903017,0.0
S00001,vRAN-DU,edge-A,435,DONE,13.39676,13.40166,4.899937999880422,4.899937999880422,1.732,2.761,0.40693799988042123,0.0
S00004,UPF,edge-B,444,DONE,13.40125,13.40457,3.3197820000623324,3.3197820000623324,0.082,2.452,0.7857820000623326,0.0
S00004,UPF,edge-B,445,DONE,13.40136,13.40774,6.3846610000837245,6.3846610000837245,2.798,3.041,0.5456610000837245,0.0
S00010,IoT-GW,edge-B,424,DONE,13.40457,13.40867,4.098518999853695,4.098518999853695,0.056,3.53,0.5125189998536954,0.0
S00006,IMS-CSCF,edge-B,407,DONE,13.4211,13.42348,2.379254000061337,2.379254000061337,0.157,1.479,0.743254000061337,0.0
S00009,IoT-GW,edge-A,479,DONE,13.4226,13.42482,2.2155170001951774,2.2155170001951774,0.099,1.457,0.6595170001951771,0.0
S00008,Transcoder,core-1,221,DONE,13.42482,13.43759,12.761604999923293,24.761604999923293,0.16,11.164,1.437604999923293,6.0
S00008,Transcoder,core-1,222,DONE,13.42495,13.43246,7.501971000010599,19.5019710000106,0.212,6.687,0.6029710000105988,6.0
S00002,vRAN-DU,edge-B,439,DONE,13.4283,13.43608,7.783233000054679,7.783233000054679,0.092,7.067,0.6242330000546792,0.0
S00010,IoT-GW,edge-B,425,DONE,13.42843,13.43636,7.931498000061765,7.931498000061765,0.091,7.366,0.47449800006176535,0.0
S00001,vRAN-DU,edge-A,436,DONE,13.42964,13.43847,8.831111000063174,8.831111000063174,0.065,8.211,0.5551110000631745,0.0
S00005,IMS-CSCF,edge-A,449,DONE,13.43609,13.43945,3.3662790001471876,3.3662790001471876,0.119,1.602,1.6452790001471878,0.0
S00001,vRAN-DU,edge-A,437,DONE,13.43621,13.44357,7.365080999989004,7.365080999989004,0.776,3.18,3.4090809999890044,0.0
S00001,vRAN-DU,edge-A,438,DONE,13.43625,13.44443,8.1811679999646,8.1811679999646,1.8,4.9,1.4811679999646001,0.0
S00006,IMS-CSCF,edge-B,408,DONE,13.43847,13.44396,5.491147000157071,5.491147000157071,0.05,5.16,0.2811470001570706,0.0
S00009,IoT-GW,edge-A,480,DONE,13.44563,13.4472,1.574999000013122,1.574999000013122,0.06,1.003,0.511999000013122,0.0
S00009,IoT-GW,edge-A,481,DONE,13.44571,13.44827,2.5584459999663522,2.5584459999663522,1.179,0.933,0.44644599996635215,0.0
S00010,IoT-GW,edge-B,426,DONE,13.44828,13.4496,1.320008999982747,1.320008999982747,0.056,0.85,0.4140089999827469,0.0
S00009,IoT-GW,edge-A,482,DONE,13.44836,13.44959,1.2336869999671762,1.2336869999671762,0.048,0.829,0.35668699996717623,0.0
S00010,IoT-GW,edge-B,427,DONE,13.45177,13.45335,1.5821510000932903,1.5821510000932903,0.054,1.033,0.4951510000932904,0.0
S00004,UPF,edge-B,446,DONE,13.46872,13.4718,3.076104999991003,3.076104999991003,0.121,2.235,0.720104999991003,0.0
S00003,UPF,edge-A,443,DONE,13.47607,13.48335,7.276899999851594,7.276899999851594,0.091,3.988,3.1978999998515936,0.0
S00008,Transcoder,core-1,223,DONE,13.47745,13.48454,7.090981999908763,19.090981999908763,0.087,6.485,0.518981999908763,6.0
S00002,vRAN-DU,edge-B,440,DONE,13.47926,13.48336,4.098349999821949,4.098349999821949,0.077,3.424,0.5973499998219487,0.0
S00009,IoT-GW,edge-A,483,DONE,13.48455,13.48623,1.674460000003819,1.674460000003819,0.07,1.096,0.5084600000038189,0.0
S00005,IMS-CSCF,edge-A,450,DONE,13.48623,13.48784,1.6072539999640867,1.6072539999640867,0.051,1.222,0.3342539999640868,0.0
S00002,vRAN-DU,edge-B,441,DONE,13.49003,13.49336,3.3272789999045926,3.3272789999045926,0.072,2.696,0.5592789999045924,0.0
S00009,IoT-GW,edge-A,484,DONE,13.49012,13.49195,1.8252870002015698,1.8252870002015698,0.054,0.777,0.9942870002015697,0.0
S00009,IoT-GW,edge-A,485,DONE,13.49024,13.49228,2.037177999909545,2.037177999909545,0.931,0.744,0.36217799990954513,0.0
S00010,IoT-GW,edge-B,428,DONE,13.49969,13.50395,4.260688999920603,4.260688999920603,0.218,3.275,0.7676889999206034,0.0
S00007,Transcoder,core-1,265,DONE,13.49984,13.51257,12.727863000009165,22.727863000009165,0.078,9.993,2.6568630000091655,5.0
S00002,vRAN-DU,edge-B,442,DONE,13.50139,13.51057,9.177420000014536,9.177420000014536,0.048,6.558,2.5714200000145357,0.0
S00009,IoT-GW,edge-A,486,DONE,13.50267,13.50428,1.6053150000061578,1.6053150000061578,0.086,0.989,0.5303150000061577,0.0
S00006,IMS-CSCF,edge-B,409,DONE,13.50429,13.50905,4.767660999959844,4.767660999959844,0.052,4.179,0.5366609999598442,0.0
S00003,UPF,edge-A,444,DONE,13.50906,13.5129,3.838806999965527,3.838806999965527,0.074,2.725,1.0398069999655273,0.0
S00010,IoT-GW,edge-B,429,DONE,13.50913,13.51168,2.5505109999812703,2.5505109999812703,0.061,1.755,0.7345109999812705,0.0
S00010,IoT-GW,edge-B,430,DONE,13.50947,13.51258,3.107350999925984,3.107350999925984,1.914,0.798,0.3953509999259841,0.0
S00010,IoT-GW,edge-B,431,DONE,13.51435,13.5164,2.0479350000641716,2.0479350000641716,0.059,1.456,0.5329350000641717,0.0
S00010,IoT-GW,edge-B,432,DONE,13.52678,13.52865,1.8790910000916483,1.8790910000916483,0.099,1.131,0.6490910000916483,0.0
S00009,IoT-GW,edge-A,487,DONE,13.53027,13.53265,2.3838929998873937,2.3838929998873937,0.084,1.721,0.5788929998873935,0.0
S00006,IMS-CSCF,edge-B,410,DONE,13.53386,13.53604,2.183113000000958,2.183113000000958,0.09,1.546,0.5471130000009581,0.0
S00003,UPF,edge-A,445,DONE,13.53725,13.54186,4.608344999951441,4.608344999951441,0.082,3.725,0.8013449999514415,0.0
S00010,IoT-GW,edge-B,433,DONE,13.53962,13.54124,1.6265930000827211,1.6265930000827211,0.072,0.924,0.630593000082721,0.0
S00003,UPF,edge-A,446,DONE,13.53971,13.5442,4.487754999900062,4.487754999900062,0.054,2.17,2.263754999900062,0.0
S00008,Transcoder,core-1,224,DONE,13.54125,13.55164,10.393156999953135,22.393156999953135,0.112,7.783,2.4981569999531343,6.0
S00009,IoT-GW,edge-A,488,DONE,13.54186,13.54498,3.1142409998210496,3.1142409998210496,0.065,1.178,1.8712409998210497,0.0
S00004,UPF,edge-B,447,DONE,13.54421,13.54757,3.3608190001359617,3.3608190001359617,0.063,2.866,0.4318190001359614,0.0
S00002,vRAN-DU,edge-B,443,DONE,13.54877,13.55207,3.2914430000801076,3.2914430000801076,0.107,2.679,0.5054430000801076,0.0
S00008,Transcoder,core-1,225,DONE,13.55743,13.56454,7.110753000006298,19.110753000006298,0.084,6.265,0.7617530000062986,6.0
S00006,IMS-CSCF,edge-B,411,DONE,13.55757,13.55939,1.8233329999475245,1.8233329999475245,0.078,1.255,0.49033299994752455,0.0
S00003,UPF,edge-A,447,DONE,13.56366,13.56676,3.0979370001205098,3.0979370001205098,0.199,2.287,0.61193700012051,0.0
S00010,IoT-GW,edge-B,434,DONE,13.56801,13.57073,2.723062000086429,2.723062000086429,0.108,1.884,0.7310620000864292,0.0
S00005,IMS-CSCF,edge-A,451,DONE,13.57399,13.57701,3.026217000069664,3.026217000069664,0.114,2.012,0.9002170000696643,0.0
S00003,UPF,edge-A,448,DONE,13.57532,13.58179,6.4673869999296585,6.4673869999296585,0.079,5.475,0.9133869999296591,0.0
S00004,UPF,edge-B,448,DONE,13.57542,13.58081,5.390067000007548,5.390067000007548,0.126,4.421,0.8430670000075473,0.0
S00004,UPF,edge-B,449,DONE,13.57926,13.58408,4.82490800004598,4.82490800004598,0.093,2.294,2.43790800004598,0.0
S00005,IMS-CSCF,edge-A,452,DONE,13.58063,13.58552,4.8951829999168694,4.8951829999168694,0.072,3.177,1.6461829999168693,0.0
S00002,vRAN-DU,edge-B,444,DONE,13.58302,13.58955,6.528109000100812,6.528109000100812,0.059,3.083,3.386109000100812,0.0
S00004,UPF,edge-B,450,DONE,13.58409,13.58956,5.471873000033156,5.471873000033156,0.076,3.884,1.5118730000331566,0.0
S00001,vRAN-DU,edge-A,439,DONE,13.58494,13.59127,6.337611999924775,6.337611999924775,0.119,5.688,0.5306119999247754,0.0
S00003,UPF,edge-A,449,DONE,13.58553,13.59171,6.173527000100876,6.173527000100876,0.067,5.819,0.2875270001008756,0.0
S00008,Transcoder,core-1,226,DONE,13.59128,13.59978,8.501508000108515,20.501508000108515,0.166,7.568,0.7675080001085153,6.0
S00004,UPF,edge-B,451,DONE,13.59396,13.59721,3.253177999795298,3.253177999795298,0.112,2.027,1.1141779997952979,0.0
S00008,Transcoder,core-1,227,DONE,13.59603,13.61346,17.427850000103717,29.427850000103717,0.097,16.002,1.3288500001037171,6.0
S00004,UPF,edge-B,452,DONE,13.59979,13.60627,6.480330999920625,6.480330999920625,0.119,5.754,0.6073309999206256,0.0
S00003,UPF,edge-A,450,DONE,13.60119,13.60861,7.421067999985098,7.421067999985098,0.084,6.652,0.6850679999850984,0.0
S00006,IMS-CSCF,edge-B,412,DONE,13.6025,13.61294,10.438428999805183,10.438428999805183,0.07,9.657,0.7114289998051824,0.0
S00004,UPF,edge-B,453,DONE,13.60862,13.61347,4.8492500000065775,4.8492500000065775,0.06,4.274,0.5152500000065778,0.0
S00001,vRAN-DU,edge-A,440,DONE,13.61347,13.61954,6.071624000014708,6.071624000014708,0.08,5.563,0.42862400001470835,0.0
S00010,IoT-GW,edge-B,435,DONE,13.61677,13.6182,1.4295030000539555,1.4295030000539555,0.058,0.862,0.5095030000539554,0.0
S00009,IoT-GW,edge-A,489,DONE,13.61804,13.61969,1.6448919998310885,1.6448919998310885,0.089,0.95,0.6058919998310885,0.0
S00002,vRAN-DU,edge-B,445,DONE,13.62697,13.63118,4.205061999982718,4.205061999982718,0.118,3.235,0.8520619999827175,0.0
S00003,UPF,edge-A,451,DONE,13.63448,13.63927,4.7888280000734085,4.7888280000734085,0.086,4.045,0.6578280000734082,0.0
S00003,UPF,edge-A,452,DONE,13.63748,13.64166,4.176936000021669,4.176936000021669,1.489,2.177,0.5109360000216694,0.0
S00002,vRAN-DU,edge-B,446,DONE,13.64054,13.64851,7.966268000018317,7.966268000018317,0.116,7.204,0.6462680000183179,0.0
S00010,IoT-GW,edge-B,436,DONE,13.64166,13.64682,5.154678999815587,5.154678999815587,0.083,4.563,0.5086789998155874,0.0
S00009,IoT-GW,edge-A,490,DONE,13.64494,13.64754,2.5996009999289527,2.5996009999289527,0.106,2.173,0.32060099992895275,0.0
S00006,IMS-CSCF,edge-B,413,DONE,13.65174,13.65384,2.0949550000750605,2.0949550000750605,0.129,1.466,0.49995500007506055,0.0
S00006,IMS-CSCF,edge-B,414,DONE,13.65305,13.65619,3.1416269998771895,3.1416269998771895,0.484,2.059,0.5986269998771894,0.0
S00006,IMS-CSCF,edge-B,415,DONE,13.65602,13.65804,2.019023999991987,2.019023999991987,0.083,1.437,0.49902399999198677,0.0
S00004,UPF,edge-B,454,DONE,13.66641,13.67103,4.615826000190282,4.615826000190282,0.082,3.575,0.9588260001902817,0.0
S00008,Transcoder,core-1,228,DONE,13.66783,13.67705,9.21796100010397,21.21796100010397,0.126,8.365,0.7269610001039695,6.0
S00003,UPF,edge-A,453,DONE,13.67104,13.67557,4.531219999989844,4.531219999989844,0.127,3.725,0.6792199999898441,0.0
S00004,UPF,edge-B,455,DONE,13.67116,13.67681,5.653671999880316,5.653671999880316,0.056,5.12,0.4776719998803163,0.0
S00009,IoT-GW,edge-A,491,DONE,13.67682,13.67856,1.7428610001388734,1.7428610001388734,0.279,1.031,0.4328610001388735,0.0
S00002,vRAN-DU,edge-B,447,DONE,13.67693,13.68108,4.153172000087579,4.153172000087579,0.108,2.662,1.3831720000875798,0.0
S00001,vRAN-DU,edge-A,441,DONE,13.67826,13.68144,3.1845620001149655,3.1845620001149655,0.044,2.436,0.7045620001149655,0.0
S00003,UPF,edge-A,454,DONE,13.68365,13.68621,2.5516499999866937,2.5516499999866937,0.055,2.034,0.46264999998669376,0.0
S00008,Transcoder,core-1,229,DONE,13.68743,13.697,9.578591000035885,21.578591000035885,0.081,9.052,0.44559100003588625,6.0
S00003,UPF,edge-A,455,DONE,13.68753,13.69049,2.962786999887612,2.962786999887612,0.053,2.538,0.37178699988761243,0.0
S00006,IMS-CSCF,edge-B,416,DONE,13.68952,13.69791,8.391839000069012,8.391839000069012,3.099,4.648,0.6448390000690125,0.0
S00002,vRAN-DU,edge-B,448,DONE,13.6896,13.69308,3.481549000071027,3.481549000071027,0.081,2.829,0.5715490000710268,0.0
S00004,UPF,edge-B,456,DONE,13.68964,13.69922,9.584779999840976,9.584779999840976,0.165,8.792,0.6277799998409765,0.0
S00004,UPF,edge-B,457,DONE,13.69428,13.70097,6.683669999802078,6.683669999802078,4.548,1.804,0.33166999980207756,0.0
S00004,UPF,edge-B,458,DONE,13.69452,13.70399,9.47064699994371,9.47064699994371,6.308,2.637,0.5256469999437106,0.0
S00006,IMS-CSCF,edge-B,417,DONE,13.69585,13.69948,3.6369379999996454,3.6369379999996454,1.771,1.627,0.2389379999996455,0.0
S00006,IMS-CSCF,edge-B,418,DONE,13.70221,13.704,1.7902739998589823,1.7902739998589823,0.055,1.139,0.5962739998589823,0.0
S00009,IoT-GW,edge-A,492,DONE,13.70348,13.70521,1.7367949999425036,1.7367949999425036,0.08,1.199,0.4577949999425035,0.0
S00007,Transcoder,core-1,266,DONE,13.70744,13.71411,6.671831999938149,16.67183199993815,0.086,5.974,0.6118319999381487,5.0
S00003,UPF,edge-A,456,DONE,13.70757,13.70999,2.4122459999489365,2.4122459999489365,0.063,1.939,0.4102459999489363,0.0
S00005,IMS-CSCF,edge-A,453,DONE,13.71003,13.71238,2.3412479999933566,2.3412479999933566,0.099,1.614,0.6282479999933563,0.0
S00004,UPF,edge-B,459,DONE,13.71238,13.71537,2.9932219999864174,2.9932219999864174,0.083,2.562,0.34822199998641734,0.0
S00002,vRAN-DU,edge-B,449,DONE,13.71397,13.71708,3.1042060002164362,3.1042060002164362,0.059,2.57,0.4752060002164362,0.0
S00001,vRAN-DU,edge-A,442,DONE,13.72037,13.72421,3.8402440000027127,3.8402440000027127,0.088,3.115,0.6372440000027124,0.0
S00006,IMS-CSCF,edge-B,419,DONE,13.72542,13.7276,2.178783000090334,2.178783000090334,0.092,1.469,0.6177830000903339,0.0
S00004,UPF,edge-B,460,DONE,13.72761,13.73008,2.4748490000092715,2.4748490000092715,0.053,2.06,0.36184900000927156,0.0
S00004,UPF,edge-B,461,DONE,13.72887,13.73207,3.1974370001535135,3.1974370001535135,0.986,1.88,0.33143700015351385,0.0
S00004,UPF,edge-B,462,DONE,13.73125,13.73439,3.1377359998714383,3.1377359998714383,0.651,2.008,0.47873599987143844,0.0
S00010,IoT-GW,edge-B,437,DONE,13.73439,13.73566,1.2664019998283038,1.2664019998283038,0.048,0.891,0.32740199982830376,0.0
S00004,UPF,edge-B,463,DONE,13.74093,13.74379,2.862575999870387,2.862575999870387,0.094,2.107,0.661575999870387,0.0
S00004,UPF,edge-B,464,DONE,13.74234,13.74622,3.8839169999391743,3.8839169999391743,1.227,2.008,0.648916999939174,0.0
S00001,vRAN-DU,edge-A,443,DONE,13.74246,13.74649,4.026934999956211,4.026934999956211,0.089,2.647,1.2909349999562112,0.0
S00003,UPF,edge-A,457,DONE,13.74768,13.75228,4.596132999949987,4.596132999949987,0.056,4.051,0.4891329999499865,0.0
S00002,vRAN-DU,edge-B,450,DONE,13.74905,13.75231,3.2560069998908148,3.2560069998908148,0.104,2.718,0.4340069998908147,0.0
S00008,Transcoder,core-1,230,DONE,13.75349,13.76057,7.082705999891914,19.082705999891914,0.082,6.497,0.5037059998919142,6.0
S00005,IMS-CSCF,edge-A,454,DONE,13.75363,13.75536,1.7235640000308194,1.7235640000308194,0.056,1.278,0.38956400003081937,0.0
S00010,IoT-GW,edge-B,438,DONE,13.75753,13.75904,1.509865999878457,1.509865999878457,0.073,0.975,0.461865999878457,0.0
S00006,IMS-CSCF,edge-B,420,DONE,13.76693,13.76937,2.430892000120366,2.430892000120366,0.118,1.514,0.7988920001203661,0.0
S00001,vRAN-DU,edge-A,444,DONE,13.77262,13.77631,3.6873990000003687,3.6873990000003687,0.098,2.868,0.7213990000003689,0.0
S00002,vRAN-DU,edge-B,451,DONE,13.77748,13.78092,3.444111000135308,3.444111000135308,0.081,2.861,0.502111000135308,0.0
S00001,vRAN-DU,edge-A,445,DONE,13.79232,13.79969,7.362995999983468,7.362995999983468,0.118,5.937,1.3079959999834676,0.0
S00010,IoT-GW,edge-B,439,DONE,13.79757,13.80001,2.4390420001054736,2.4390420001054736,0.098,1.89,0.4510420001054738,0.0
S00008,Transcoder,core-1,231,DONE,13.79829,13.81232,14.027854999994815,26.027854999994815,0.868,11.615,1.544854999994815,6.0
S00003,UPF,edge-A,458,DONE,13.79969,13.804,4.309469999952853,4.309469999952853,0.086,3.41,0.8134699999528525,0.0
S00006,IMS-CSCF,edge-B,421,DONE,13.80347,13.81231,8.839370000032432,8.839370000032432,0.088,5.825,2.926370000032432,0.0
S00008,Transcoder,core-1,232,DONE,13.80357,13.81326,9.698393999997279,21.69839399999728,0.077,8.593,1.028393999997279,6.0
S00010,IoT-GW,edge-B,440,DONE,13.80404,13.81266,8.61377100000027,8.61377100000027,0.142,7.545,0.9267710000002705,0.0
S00006,IMS-CSCF,edge-B,422,DONE,13.80525,13.81321,7.95591299993248,7.95591299993248,5.452,2.109,0.39491299993247964,0.0
S00008,Transcoder,core-1,233,DONE,13.81558,13.8258,10.2167139998528,22.2167139998528,0.229,8.049,1.9387139998528014,6.0
S00009,IoT-GW,edge-A,493,DONE,13.8199,13.82191,2.0058970001173293,2.0058970001173293,0.09,1.369,0.5468970001173292,0.0
S00009,IoT-GW,edge-A,494,DONE,13.82197,13.82449,2.527767999936259,2.527767999936259,0.162,1.913,0.45276799993625905,0.0
S00001,vRAN-DU,edge-A,446,DONE,13.8245,13.82974,5.23599699999977,5.23599699999977,0.051,4.825,0.35999699999976986,0.0
S00002,vRAN-DU,edge-B,452,DONE,13.82581,13.83376,7.952967999926841,7.952967999926841,0.125,6.594,1.2339679999268407,0.0
S00010,IoT-GW,edge-B,441,DONE,13.82595,13.83375,7.803243999887854,7.803243999887854,0.266,6.315,1.222243999887854,0.0
S00008,Transcoder,core-1,234,DONE,13.82818,13.83987,11.692053999922791,23.69205399992279,0.109,7.928,3.6550539999227913,6.0
S00007,Transcoder,core-1,267,DONE,13.83376,13.8465,12.733749999824795,22.733749999824795,0.083,8.426,4.224749999824795,5.0
S00002,vRAN-DU,edge-B,453,DONE,13.83988,13.84719,7.316040999967299,7.316040999967299,0.132,6.65,0.5340409999672993,0.0
S00008,Transcoder,core-1,235,DONE,13.8465,13.85432,7.822666000038225,19.822666000038225,0.055,7.277,0.49066600003822547,6.0
S00002,vRAN-DU,edge-B,454,DONE,13.84948,13.85537,5.8918730001096264,5.8918730001096264,0.072,5.477,0.34287300010962607,0.0
S00004,UPF,edge-B,465,DONE,13.85003,13.8547,4.667387999916173,4.667387999916173,0.054,4.303,0.3103879999161725,0.0
S00006,IMS-CSCF,edge-B,423,DONE,13.8576,13.86055,2.944317000128649,2.944317000128649,0.058,1.169,1.717317000128649,0.0
S00008,Transcoder,core-1,236,DONE,13.85769,13.86547,7.7788479998162074,19.778847999816207,0.071,6.939,0.7688479998162077,6.0
S00005,IMS-CSCF,edge-A,455,DONE,13.86056,13.86548,4.91990699993039,4.91990699993039,0.099,4.002,0.8189069999303902,0.0
S00001,vRAN-DU,edge-A,447,DONE,13.86106,13.86549,4.427265999993324,4.427265999993324,0.079,3.192,1.156265999993324,0.0
S00007,Transcoder,core-1,268,DONE,13.86679,13.8762,9.411063000015929,19.41106300001593,0.101,8.725,0.5850630000159285,5.0
S00004,UPF,edge-B,466,DONE,13.87117,13.87615,4.985984000086319,4.985984000086319,0.086,2.102,2.7979840000863185,0.0
S00008,Transcoder,core-1,237,DONE,13.87743,13.88556,8.132422000016959,20.13242200001696,0.072,6.198,1.8624220000169593,6.0
S00009,IoT-GW,edge-A,495,DONE,13.87758,13.87908,1.496069000040734,1.496069000040734,0.09,0.888,0.5180690000407339,0.0
S00001,vRAN-DU,edge-A,448,DONE,13.88335,13.88656,3.2155100000181847,3.2155100000181847,0.076,2.673,0.46651000001818455,0.0
S00004,UPF,edge-B,467,DONE,13.88777,13.89474,6.966887999851679,6.966887999851679,0.111,5.145,1.7108879998516793,0.0
S00003,UPF,edge-A,459,DONE,13.8903,13.89278,2.4725810001200443,2.4725810001200443,0.065,1.845,0.5625810001200444,0.0
S00010,IoT-GW,edge-B,442,DONE,13.89278,13.89592,3.1399380000038946,3.1399380000038946,0.057,2.152,0.9309380000038945,0.0
S00010,IoT-GW,edge-B,443,DONE,13.89285,13.89695,4.103832000055263,4.103832000055263,2.44,0.751,0.9128320000552631,0.0
S00005,IMS-CSCF,edge-A,456,DONE,13.89291,13.8956,2.695678999998563,2.695678999998563,0.05,1.823,0.8226789999985633,0.0
S00007,Transcoder,core-1,269,DONE,13.89474,13.90221,7.46409900011713,17.46409900011713,0.087,6.052,1.325099000117131,5.0
S00010,IoT-GW,edge-B,444,DONE,13.90221,13.90408,1.8641910000951611,1.8641910000951611,0.065,1.289,0.5101910000951613,0.0
S00006,IMS-CSCF,edge-B,424,DONE,13.90359,13.90566,2.067352000040046,2.067352000040046,0.053,1.187,0.8273520000400458,0.0
S00010,IoT-GW,edge-B,445,DONE,13.90686,13.90825,1.3857830001597904,1.3857830001597904,0.054,0.981,0.35078300015979036,0.0
S00010,IoT-GW,edge-B,446,DONE,13.90731,13.91044,3.1303360001402325,3.1303360001402325,0.944,1.769,0.41733600014023264,0.0
S00009,IoT-GW,edge-A,496,DONE,13.90825,13.91024,1.9881729999724485,1.9881729999724485,0.097,1.369,0.5221729999724485,0.0
S00003,UPF,edge-A,460,DONE,13.91265,13.91606,3.411186999983329,3.411186999983329,0.093,2.629,0.6891869999833289,0.0
S00001,vRAN-DU,edge-A,449,DONE,13.91607,13.92081,4.73912500001461,4.73912500001461,0.062,4.138,0.53912500001461,0.0
S00006,IMS-CSCF,edge-B,425,DONE,13.91625,13.91841,2.164053000115018,2.164053000115018,0.232,1.423,0.5090530001150182,0.0
S00003,UPF,edge-A,461,DONE,13.91842,13.9234,4.9788149999585585,4.9788149999585585,0.077,4.442,0.45981499995855835,0.0
S00004,UPF,edge-B,468,DONE,13.9185,13.92224,3.731132999973852,3.731132999973852,0.042,3.252,0.43713299997385224,0.0
S00003,UPF,edge-A,462,DONE,13.92465,13.9275,2.8537440000491188,2.8537440000491188,0.06,2.252,0.5417440000491189,0.0
S00004,UPF,edge-B,469,DONE,13.93483,13.93869,3.863578999926176,3.863578999926176,0.087,3.028,0.7485789999261758,0.0
S00006,IMS-CSCF,edge-B,426,DONE,13.93627,13.93909,2.8207339998971293,2.8207339998971293,0.062,1.82,0.9387339998971294,0.0
S00004,UPF,edge-B,470,DONE,13.93637,13.94108,4.710964999958378,4.710964999958378,2.341,1.92,0.4499649999583779,0.0
S00001,vRAN-DU,edge-A,450,DONE,13.94231,13.94649,4.184951999832265,4.184951999832265,0.091,3.224,0.8699519998322645,0.0
S00004,UPF,edge-B,471,DONE,13.9465,13.94977,3.272737000088455,3.272737000088455,0.086,2.324,0.8627370000884551,0.0
S00003,UPF,edge-A,463,DONE,13.94667,13.94978,3.1145030000061524,3.1145030000061524,0.083,1.939,1.0925030000061522,0.0
S00002,vRAN-DU,edge-B,455,DONE,13.94678,13.95246,5.685598999889407,5.685598999889407,0.054,4.831,0.8005989998894067,0.0
S00004,UPF,edge-B,472,DONE,13.95247,13.96085,8.381312999972579,8.381312999972579,0.078,7.688,0.6153129999725797,0.0
S00003,UPF,edge-A,464,DONE,13.95372,13.9605,6.78037099987705,6.78037099987705,0.077,6.304,0.3993709998770498,0.0
S00002,vRAN-DU,edge-B,456,DONE,13.95497,13.96086,5.887327999971603,5.887327999971603,0.068,5.172,0.647327999971604,0.0
S00009,IoT-GW,edge-A,497,DONE,13.95504,13.95873,3.6976169999434205,3.6976169999434205,0.055,2.517,1.1256169999434205,0.0
S00005,IMS-CSCF,edge-A,457,DONE,13.96208,13.96598,3.8967680000041582,3.8967680000041582,0.074,3.12,0.7027680000041583,0.0
S00008,Transcoder,core-1,238,DONE,13.96226,13.97209,9.831046000044807,21.831046000044807,0.083,9.136,0.612046000044808,6.0
S00001,vRAN-DU,edge-A,451,DONE,13.96387,13.96864,4.7659179999755,4.7659179999755,0.125,4.243,0.39791799997549937,0.0
S00009,IoT-GW,edge-A,498,DONE,13.96598,13.9742,8.21550999989995,8.21550999989995,0.044,7.613,0.5585099998999494,0.0
S00002,vRAN-DU,edge-B,457,DONE,13.97084,13.97495,4.101370999933351,4.101370999933351,0.125,3.442,0.5343709999333512,0.0
S00006,IMS-CSCF,edge-B,427,DONE,13.97209,13.97419,2.0957209999323823,2.0957209999323823,0.06,1.147,0.8887209999323822,0.0
S00003,UPF,edge-A,465,DONE,13.97495,13.97791,2.964198999961809,2.964198999961809,0.08,2.294,0.5901989999618089,0.0
S00006,IMS-CSCF,edge-B,428,DONE,13.9812,13.98336,2.1634890001678286,2.1634890001678286,0.078,1.479,0.6064890001678287,0.0
S00001,vRAN-DU,edge-A,452,DONE,13.98261,13.98642,3.8103599999885773,3.8103599999885773,0.07,3.159,0.5813599999885777,0.0
S00009,IoT-GW,edge-A,499,DONE,13.99375,13.99646,2.713215000085256,2.713215000085256,0.397,1.657,0.6592150000852559,0.0
S00003,UPF,edge-A,466,DONE,13.99559,14.00123,5.6400290000055975,5.6400290000055975,0.047,4.292,1.301029000005598,0.0
S00002,vRAN-DU,edge-B,458,DONE,13.99574,14.00131,5.5718119999710325,5.5718119999710325,0.127,4.756,0.6888119999710325,0.0
S00002,vRAN-DU,edge-B,459,DONE,14.0014,14.00636,4.963720999967336,4.963720999967336,0.104,3.61,1.249720999967336,0.0
S00005,IMS-CSCF,edge-A,458,DONE,14.00147,14.00327,1.7942500001026929,1.7942500001026929,0.054,1.334,0.40625000010269274,0.0
S00010,IoT-GW,edge-B,447,DONE,14.00183,14.00683,5.0017510000088805,5.0017510000088805,0.248,3.473,1.2807510000088804,0.0
S00002,vRAN-DU,edge-B,460,DONE,14.00539,14.01,4.610900999978185,4.610900999978185,0.08,2.85,1.6809009999781845,0.0
S00010,IoT-GW,edge-B,448,DONE,14.00546,14.01202,6.559141000025193,6.559141000025193,3.108,2.199,1.2521410000251927,0.0
S00004,UPF,edge-B,473,DONE,14.0055,14.01174,6.2484360000780725,6.2484360000780725,0.11,4.732,1.406436000078072,0.0
S00003,UPF,edge-A,467,DONE,14.00637,14.00902,2.6547269999355194,2.6547269999355194,0.086,1.964,0.6047269999355196,0.0
S00009,IoT-GW,edge-A,500,DONE,14.01001,14.01129,1.2827409998408257,1.2827409998408257,0.058,0.862,0.36274099984082564,0.0
S00010,IoT-GW,edge-B,449,DONE,14.011,14.01308,2.079096999977992,2.079096999977992,0.26,0.861,0.9580969999779918,0.0
S00001,vRAN-DU,edge-A,453,DONE,14.01635,14.02206,5.706534000182728,5.706534000182728,0.091,4.824,0.791534000182728,0.0
S00010,IoT-GW,edge-B,450,DONE,14.01644,14.02017,3.7257550000049378,3.7257550000049378,0.158,1.678,1.889755000004938,0.0
S00005,IMS-CSCF,edge-A,459,DONE,14.01648,14.02388,7.40259999997761,7.40259999997761,3.071,3.852,0.4795999999776108,0.0
S00006,IMS-CSCF,edge-B,429,DONE,14.01651,14.02016,3.6508279999907245,3.6508279999907245,0.076,1.713,1.8618279999907243,0.0
S00003,UPF,edge-A,468,DONE,14.01774,14.0256,7.863546999942628,7.863546999942628,2.067,2.937,2.8595469999426277,0.0
S00009,IoT-GW,edge-A,501,DONE,14.01781,14.02984,12.032480000016221,12.032480000016221,5.363,3.591,3.0784800000162207,0.0
S00001,vRAN-DU,edge-A,454,DONE,14.02017,14.02863,8.456248999891613,8.456248999891613,3.573,4.414,0.4692489998916134,0.0
S00009,IoT-GW,edge-A,502,DONE,14.02684,14.03097,4.125355000041964,4.125355000041964,2.415,1.343,0.36735500004196364,0.0
S00004,UPF,edge-B,474,DONE,14.02864,14.03188,3.239994000068691,3.239994000068691,0.087,2.744,0.4089940000686907,0.0
S00008,Transcoder,core-1,239,DONE,14.03103,14.04077,9.743147000108365,21.743147000108365,0.085,8.365,1.2931470001083643,6.0
S00007,Transcoder,core-1,270,DONE,14.03406,14.04703,12.970341000027474,22.970341000027474,0.075,12.269,0.626341000027475,5.0
S00001,vRAN-DU,edge-A,455,DONE,14.03554,14.04109,5.551952999894638,5.551952999894638,0.079,4.991,0.4819529998946388,0.0
S00004,UPF,edge-B,475,DONE,14.03991,14.04475,4.833945999962452,4.833945999962452,0.165,3.535,1.1339459999624522,0.0
S00002,vRAN-DU,edge-B,461,DONE,14.04001,14.04475,4.740536000099382,4.740536000099382,0.073,3.639,1.0285360000993822,0.0
S00009,IoT-GW,edge-A,503,DONE,14.04387,14.04605,2.184895000027609,2.184895000027609,0.072,1.315,0.797895000027609,0.0
S00008,Transcoder,core-1,240,DONE,14.04704,14.06053,13.487651999867012,25.487651999867012,0.055,12.689,0.7436519998670121,6.0
S00010,IoT-GW,edge-B,451,DONE,14.04715,14.05239,5.241099000159011,5.241099000159011,0.07,3.597,1.5740990001590105,0.0
S00005,IMS-CSCF,edge-A,460,DONE,14.04837,14.05238,4.005881000011868,4.005881000011868,0.061,2.002,1.9428810000118686,0.0
S00005,IMS-CSCF,edge-A,461,DONE,14.04844,14.05306,4.624976999821229,4.624976999821229,2.2,1.822,0.6029769998212284,0.0
S00003,UPF,edge-A,469,DONE,14.05239,14.05776,5.369142000063221,5.369142000063221,0.044,4.749,0.5761420000632214,0.0
S00004,UPF,edge-B,476,DONE,14.05307,14.06053,7.467745999974795,7.467745999974795,0.065,6.893,0.5097459999747951,0.0
S00005,IMS-CSCF,edge-A,462,DONE,14.05739,14.06133,3.9463630000682315,3.9463630000682315,0.061,1.341,2.5443630000682314,0.0
S00009,IoT-GW,edge-A,504,DONE,14.06662,14.06833,1.7120140000770334,1.7120140000770334,0.073,1.074,0.5650140000770334,0.0
S00007,Transcoder,core-1,271,DONE,14.06839,14.07791,9.517776999928174,19.517776999928174,0.076,8.296,1.1457769999281737,5.0
S00009,IoT-GW,edge-A,505,DONE,14.06998,14.07145,1.4727810000749741,1.4727810000749741,0.056,0.975,0.4417810000749741,0.0
S00002,vRAN-DU,edge-B,462,DONE,14.07145,14.07468,3.2267789999878005,3.2267789999878005,0.091,2.695,0.44077899998780046,0.0
S00002,vRAN-DU,edge-B,463,DONE,14.07695,14.08036,3.409928000110085,3.409928000110085,0.118,2.56,0.7319280001100852,0.0
S00005,IMS-CSCF,edge-A,463,DONE,14.08037,14.08321,2.846034999947733,2.846034999947733,0.139,1.858,0.8490349999477327,0.0
S00005,IMS-CSCF,edge-A,464,DONE,14.08058,14.08459,4.011276999790425,4.011276999790425,1.977,1.549,0.48527699979042493,0.0
S00010,IoT-GW,edge-B,452,DONE,14.08186,14.08322,1.3588130000243837,1.3588130000243837,0.059,0.812,0.48781300002438366,0.0
S00006,IMS-CSCF,edge-B,430,DONE,14.08441,14.08637,1.9625519998953678,1.9625519998953678,0.063,1.291,0.6085519998953679,0.0
S00007,Transcoder,core-1,272,DONE,14.08578,14.09304,7.260436000024129,17.26043600002413,0.468,6.277,0.5154360000241285,5.0
S00006,IMS-CSCF,edge-B,431,DONE,14.08638,14.08945,3.0727169998954196,3.0727169998954196,0.048,1.025,1.9997169998954196,0.0
S00006,IMS-CSCF,edge-B,432,DONE,14.08946,14.09107,1.6135830001076101,1.6135830001076101,0.047,1.238,0.3285830001076102,0.0
S00010,IoT-GW,edge-B,453,DONE,14.09625,14.09777,1.5145019999636133,1.5145019999636133,0.065,1.092,0.3575019999636133,0.0
S00010,IoT-GW,edge-B,454,DONE,14.09734,14.09971,2.375307999955112,2.375307999955112,0.05,1.189,1.136307999955112,0.0
S00001,vRAN-DU,edge-A,456,DONE,14.09745,14.10289,5.434063000166134,5.434063000166134,0.083,4.614,0.7370630001661338,0.0
S00001,vRAN-DU,edge-A,457,DONE,14.11429,14.12063,6.330746000003273,6.330746000003273,0.158,5.326,0.8467460000032734,0.0
S00009,IoT-GW,edge-A,506,DONE,14.11445,14.11865,4.192091000049913,4.192091000049913,0.265,3.242,0.6850910000499133,0.0
S00002,vRAN-DU,edge-B,464,DONE,14.1145,14.11864,4.140179999922111,4.140179999922111,0.095,3.533,0.5121799999221115,0.0
S00005,IMS-CSCF,edge-A,465,DONE,14.11759,14.12089,3.304414000012912,3.304414000012912,0.706,1.765,0.833414000012912,0.0
S00009,IoT-GW,edge-A,507,DONE,14.11769,14.12189,4.197331999876042,4.197331999876042,2.658,1.088,0.45133199987604167,0.0
S00004,UPF,edge-B,477,DONE,14.12425,14.12834,4.087467999852379,4.087467999852379,0.076,3.423,0.5884679998523792,0.0
S00002,vRAN-DU,edge-B,465,DONE,14.13258,14.13627,3.688610999915909,3.688610999915909,0.103,2.884,0.7016109999159088,0.0
S00005,IMS-CSCF,edge-A,466,DONE,14.14669,14.14968,2.987572999927579,2.987572999927579,0.098,2.079,0.810572999927579,0.0
S00010,IoT-GW,edge-B,455,DONE,14.15193,14.15382,1.8976040000779903,1.8976040000779903,0.112,1.159,0.6266040000779902,0.0
S00003,UPF,edge-A,470,DONE,14.15334,14.15642,3.083808000155841,3.083808000155841,0.288,2.226,0.5698080001558412,0.0
S00001,vRAN-DU,edge-A,458,DONE,14.15969,14.16493,5.23905999989438,5.23905999989438,0.069,4.566,0.6040599998943801,0.0
S00007,Transcoder,core-1,273,DONE,14.16925,14.17596,6.712967000112258,16.712967000112258,0.08,5.962,0.6709670001122578,5.0
S00002,vRAN-DU,edge-B,466,DONE,14.17566,14.17962,3.962056000091252,3.962056000091252,0.082,3.136,0.744056000091252,0.0
S00003,UPF,edge-A,471,DONE,14.17578,14.17865,2.8664490000664955,2.8664490000664955,0.125,2.203,0.5384490000664957,0.0
S00008,Transcoder,core-1,241,DONE,14.18188,14.19117,9.296257999949376,21.296257999949376,0.088,8.634,0.574257999949376,6.0
S00009,IoT-GW,edge-A,508,DONE,14.18322,14.18975,6.537260999948558,6.537260999948558,0.073,5.775,0.6892609999485568,0.0
S00006,IMS-CSCF,edge-B,433,DONE,14.18449,14.18975,5.255944000055024,5.255944000055024,0.383,3.753,1.1199440000550238,0.0
S00002,vRAN-DU,edge-B,467,DONE,14.18456,14.18974,5.174612000018897,5.174612000018897,0.072,4.019,1.0836120000188965,0.0
S00001,vRAN-DU,edge-A,459,DONE,14.18577,14.19107,5.298173000028328,5.298173000028328,0.059,4.852,0.38717300002832733,0.0
S00010,IoT-GW,edge-B,456,DONE,14.18583,14.19252,6.6860029999133985,6.6860029999133985,2.77,3.13,0.7860029999133986,0.0
S00004,UPF,edge-B,478,DONE,14.19253,14.1958,3.2758679999460583,3.2758679999460583,0.07,2.685,0.5208679999460584,0.0
S00010,IoT-GW,edge-B,457,DONE,14.1949,14.19683,1.9298249999337713,1.9298249999337713,0.151,0.945,0.8338249999337713,0.0
S00004,UPF,edge-B,479,DONE,14.19581,14.19954,3.734140999995361,3.734140999995361,0.117,3.141,0.4761409999953612,0.0
S00005,IMS-CSCF,edge-A,467,DONE,14.2009,14.20345,2.5492359998224856,2.5492359998224856,0.1,1.663,0.7862359998224855,0.0
S00009,IoT-GW,edge-A,509,DONE,14.20471,14.20701,2.2984060001363105,2.2984060001363105,0.06,1.692,0.5464060001363105,0.0
S00009,IoT-GW,edge-A,510,DONE,14.20701,14.20867,1.658674999816867,1.658674999816867,0.073,1.09,0.495674999816867,0.0
S00001,vRAN-DU,edge-A,460,DONE,14.21194,14.21621,4.271946000017124,4.271946000017124,0.056,2.704,1.5119460000171236,0.0
S00004,UPF,edge-B,480,DONE,14.21206,14.21653,4.466392000040287,4.466392000040287,0.114,3.388,0.964392000040287,0.0
S00010,IoT-GW,edge-B,458,DONE,14.21622,14.21748,1.2615009998171445,1.2615009998171445,0.043,0.741,0.47750099981714456,0.0
S00007,Transcoder,core-1,274,DONE,14.21631,14.23427,17.95867299983911,27.95867299983911,0.106,16.17,1.682672999839106,5.0
S00001,vRAN-DU,edge-A,461,DONE,14.21638,14.21988,3.492328999982419,3.492328999982419,0.103,2.679,0.7103289999824192,0.0
S00009,IoT-GW,edge-A,511,DONE,14.2166,14.22058,3.9849309998771787,3.9849309998771787,1.103,2.315,0.566930999877179,0.0
S00003,UPF,edge-A,472,DONE,14.21993,14.22478,4.850624000027892,4.850624000027892,0.112,3.367,1.371624000027892,0.0
S00008,Transcoder,core-1,242,DONE,14.22059,14.23254,11.954840000043987,23.954840000043987,0.085,11.362,0.507840000043986,6.0
S00010,IoT-GW,edge-B,459,DONE,14.22485,14.23121,6.361015000038606,6.361015000038606,0.104,5.5,0.7570150000386056,0.0
S00010,IoT-GW,edge-B,460,DONE,14.22823,14.23253,4.304753000042183,4.304753000042183,2.438,0.946,0.9207530000421829,0.0
S00010,IoT-GW,edge-B,461,DONE,14.23122,14.23396,2.7422020000358316,2.7422020000358316,0.498,1.79,0.45420200003583133,0.0
S00006,IMS-CSCF,edge-B,434,DONE,14.23128,14.23395,2.6739979998637864,2.6739979998637864,0.044,2.211,0.4189979998637865,0.0
S00009,IoT-GW,edge-A,512,DONE,14.23131,14.23394,2.6344699999754084,2.6344699999754084,0.076,1.547,1.0114699999754084,0.0
S00010,IoT-GW,edge-B,462,DONE,14.24259,14.24785,5.253261999996539,5.253261999996539,0.091,1.184,3.9782619999965387,0.0
S00010,IoT-GW,edge-B,463,DONE,14.2522,14.25571,3.5169669999959297,3.5169669999959297,0.076,1.095,2.3459669999959294,0.0
S00001,vRAN-DU,edge-A,462,DONE,14.25234,14.25624,3.901259000031132,3.901259000031132,0.088,3.252,0.5612590000311322,0.0
S00001,vRAN-DU,edge-A,463,DONE,14.25572,14.25959,3.8666919999741367,3.8666919999741367,0.116,2.993,0.7576919999741367,0.0
S00003,UPF,edge-A,473,DONE,14.25848,14.26601,7.537440999840328,7.537440999840328,0.055,6.86,0.622440999840328,0.0
S00008,Transcoder,core-1,243,DONE,14.25855,14.26943,10.878283000010924,22.878283000010924,0.078,10.0,0.8002830000109249,6.0
S00003,UPF,edge-A,474,DONE,14.26178,14.26803,6.25095100008366,6.25095100008366,3.842,2.027,0.3819510000836597,0.0
S00006,IMS-CSCF,edge-B,435,DONE,14.26924,14.27166,2.4140570001236483,2.4140570001236483,0.101,1.624,0.6890570001236482,0.0
S00006,IMS-CSCF,edge-B,436,DONE,14.27395,14.27823,4.28255499991792,4.28255499991792,0.088,3.118,1.0765549999179203,0.0
S00005,IMS-CSCF,edge-A,468,DONE,14.27419,14.2783,4.11320600005638,4.11320600005638,0.111,3.458,0.5442060000563798,0.0
S00006,IMS-CSCF,edge-B,437,DONE,14.27961,14.28182,2.2063169999455567,2.2063169999455567,0.078,1.571,0.557316999945557,0.0
S00005,IMS-CSCF,edge-A,469,DONE,14.27977,14.28306,3.2890369998312963,3.2890369998312963,0.153,1.884,1.2520369998312963,0.0
S00006,IMS-CSCF,edge-B,438,DONE,14.28182,14.28349,1.6664339998442301,1.6664339998442301,0.049,1.309,0.30843399984423026,0.0
S00006,IMS-CSCF,edge-B,439,DONE,14.28675,14.28946,2.7107979999527743,2.7107979999527743,0.093,2.066,0.5517979999527745,0.0
S00002,vRAN-DU,edge-B,468,DONE,14.29373,14.2999,6.175448000021788,6.175448000021788,0.161,5.348,0.6664480000217887,0.0
S00003,UPF,edge-A,475,DONE,14.29387,14.29704,3.1711560000076133,3.1711560000076133,0.092,2.348,0.7311560000076134,0.0
S00010,IoT-GW,edge-B,464,DONE,14.29705,14.29901,1.9622959998741862,1.9622959998741862,0.088,1.362,0.5122959998741861,0.0
S00004,UPF,edge-B,481,DONE,14.2988,14.30165,2.8562560000864323,2.8562560000864323,0.119,2.223,0.5142560000864327,0.0
S00006,IMS-CSCF,edge-B,440,DONE,14.29991,14.30264,2.734540000119523,2.734540000119523,0.112,2.222,0.40054000011952295,0.0
S00010,IoT-GW,edge-B,465,DONE,14.31516,14.31751,2.3507710000103543,2.3507710000103543,0.09,1.514,0.7467710000103545,0.0
S00010,IoT-GW,edge-B,466,DONE,14.32184,14.32396,2.1139350001249113,2.1139350001249113,0.102,1.296,0.7159350001249114,0.0
S00007,Transcoder,core-1,275,DONE,14.32525,14.33454,9.292684000001827,19.292684000001827,0.079,8.506,0.7076840000018265,5.0
S00009,IoT-GW,edge-A,513,DONE,14.32665,14.32806,1.412506999940888,1.412506999940888,0.082,0.905,0.4255069999408878,0.0
S00007,Transcoder,core-1,276,DONE,14.33028,14.33775,7.467827999789733,17.467827999789733,0.077,6.886,0.5048279997897334,5.0
S00010,IoT-GW,edge-B,467,DONE,14.33455,14.33733,2.783650999845122,2.783650999845122,0.119,1.487,1.1776509998451221,0.0
S00004,UPF,edge-B,482,DONE,14.33734,14.34046,3.114397999979701,3.114397999979701,0.109,2.322,0.6833979999797011,0.0
S00006,IMS-CSCF,edge-B,441,DONE,14.33742,14.34279,5.376998999963689,5.376998999963689,0.158,3.592,1.6269989999636887,0.0
S00010,IoT-GW,edge-B,468,DONE,14.33893,14.34399,5.0596849998783,5.0596849998783,1.274,3.328,0.45768499987830014,0.0
S00001,vRAN-DU,edge-A,464,DONE,14.339,14.34398,4.982846000075369,4.982846000075369,0.08,4.29,0.6128460000753693,0.0
S00001,vRAN-DU,edge-A,465,DONE,14.3428,14.34683,4.034050999962346,4.034050999962346,0.128,3.482,0.4240509999623461,0.0
S00002,vRAN-DU,edge-B,469,DONE,14.34286,14.34765,4.789978999951927,4.789978999951927,0.046,4.058,0.685978999951927,0.0
S00003,UPF,edge-A,476,DONE,14.34986,14.35265,2.787238999871988,2.787238999871988,0.107,2.125,0.555238999871988,0.0
S00005,IMS-CSCF,edge-A,470,DONE,14.35124,14.35387,2.6253820001329586,2.6253820001329586,0.081,2.057,0.48738200013295874,0.0
S00001,vRAN-DU,edge-A,466,DONE,14.35719,14.36236,5.1684479999494215,5.1684479999494215,0.064,4.32,0.7844479999494212,0.0
S00010,IoT-GW,edge-B,469,DONE,14.36465,14.36694,2.2895570000400767,2.2895570000400767,0.084,1.513,0.6925570000400767,0.0
S00001,vRAN-DU,edge-A,467,DONE,14.36601,14.37113,5.114562000017031,5.114562000017031,0.079,4.356,0.6795620000170315,0.0
S00009,IoT-GW,edge-A,514,DONE,14.36613,14.36782,1.6873360000317916,1.6873360000317916,0.208,0.932,0.5473360000317916,0.0
S00005,IMS-CSCF,edge-A,471,DONE,14.37123,14.37355,2.3206400001072325,2.3206400001072325,0.077,1.703,0.5406400001072325,0.0
S00004,UPF,edge-B,483,DONE,14.37784,14.3814,3.5654610001074616,3.5654610001074616,0.107,2.724,0.7344610001074612,0.0
S00009,IoT-GW,edge-A,515,DONE,14.37796,14.38147,3.5059940000792267,3.5059940000792267,0.073,2.931,0.5019940000792267,0.0
S00001,vRAN-DU,edge-A,468,DONE,14.37957,14.38402,4.452083999922252,4.452083999922252,0.077,3.904,0.4710839999222518,0.0
S00001,vRAN-DU,edge-A,469,DONE,14.37999,14.39011,10.124539000116783,10.124539000116783,1.182,7.743,1.1995390001167827,0.0
S00004,UPF,edge-B,484,DONE,14.38269,14.39006,7.36688500001037,7.36688500001037,0.088,5.163,2.11588500001037,0.0
S00004,UPF,edge-B,485,DONE,14.38521,14.3923,7.088703000135865,7.088703000135865,2.773,3.477,0.8387030001358657,0.0
S00009,IoT-GW,edge-A,516,DONE,14.38756,14.39007,2.5039040001502144,2.5039040001502144,0.061,1.056,1.3869040001502144,0.0
S00002,vRAN-DU,edge-B,470,DONE,14.38932,14.39452,5.1924110000527435,5.1924110000527435,0.207,4.363,0.6224110000527432,0.0
S00007,Transcoder,core-1,277,DONE,14.39683,14.40623,9.399983000093926,19.399983000093926,0.151,8.413,0.8359830000939255,5.0
S00006,IMS-CSCF,edge-B,442,DONE,14.40544,14.40887,3.428460999884919,3.428460999884919,0.095,2.663,0.6704609998849191,0.0
S00006,IMS-CSCF,edge-B,443,DONE,14.41119,14.41373,2.539729000091029,2.539729000091029,0.092,1.774,0.6737290000910288,0.0
S00003,UPF,edge-A,477,DONE,14.41718,14.42265,5.470790999879682,5.470790999879682,0.203,3.877,1.3907909998796821,0.0
S00005,IMS-CSCF,edge-A,472,DONE,14.41749,14.42251,5.018922000090242,5.018922000090242,0.137,3.561,1.320922000090242,0.0
S00005,IMS-CSCF,edge-A,473,DONE,14.41877,14.42481,6.037627000068824,6.037627000068824,3.062,2.561,0.4146270000688239,0.0
S00008,Transcoder,core-1,244,DONE,14.42252,14.43116,8.647166999935507,20.647166999935507,0.116,7.302,1.229166999935508,6.0
S00009,IoT-GW,edge-A,517,DONE,14.42258,14.42394,1.3624459998027305,1.3624459998027305,0.048,0.896,0.41844599980273045,0.0
S00006,IMS-CSCF,edge-B,444,DONE,14.43021,14.43342,3.207407999980205,3.207407999980205,0.447,1.655,1.1054079999802051,0.0
S00001,vRAN-DU,edge-A,470,DONE,14.43117,14.43565,4.479799000137064,4.479799000137064,0.109,3.921,0.44979900013706375,0.0
S00010,IoT-GW,edge-B,470,DONE,14.43343,14.43504,1.61839600013991,1.61839600013991,0.142,0.945,0.5313960001399102,0.0
S00006,IMS-CSCF,edge-B,445,DONE,14.43351,14.43548,1.9703909999861935,1.9703909999861935,0.063,1.382,0.5253909999861937,0.0
S00004,UPF,edge-B,486,DONE,14.44598,14.45394,7.962326000097164,7.962326000097164,0.086,7.172,0.7043260000971641,0.0
S00007,Transcoder,core-1,278,DONE,14.44618,14.4565,10.317817999975887,20.317817999975887,0.079,9.731,0.5078179999758863,5.0
S00005,IMS-CSCF,edge-A,474,DONE,14.44846,14.45466,6.201572000009037,6.201572000009037,0.077,5.663,0.46157200000903664,0.0
S00006,IMS-CSCF,edge-B,446,DONE,14.44917,14.45512,5.945409000105428,5.945409000105428,0.072,5.439,0.43440900010542816,0.0
S00010,IoT-GW,edge-B,471,DONE,14.4608,14.46282,2.0136539999384695,2.0136539999384695,0.141,1.202,0.6706539999384695,0.0
S00007,Transcoder,core-1,279,DONE,14.46714,14.47396,6.824751000067408,16.82475100006741,0.082,6.086,0.6567510000674082,5.0
S00002,vRAN-DU,edge-B,471,DONE,14.47724,14.48114,3.894901999956346,3.894901999956346,0.085,3.148,0.661901999956346,0.0
S00003,UPF,edge-A,478,DONE,14.48339,14.48659,3.1967730001269956,3.1967730001269956,0.168,2.156,0.8727730001269953,0.0
S00009,IoT-GW,edge-A,518,DONE,14.48353,14.48577,2.244364000034693,2.244364000034693,0.234,1.293,0.7173640000346932,0.0
S00009,IoT-GW,edge-A,519,DONE,14.48659,14.48798,1.3937749999968219,1.3937749999968219,0.052,0.971,0.37077499999682184,0.0
S00010,IoT-GW,edge-B,472,DONE,14.48785,14.48978,1.9299580001188588,1.9299580001188588,0.08,1.223,0.6269580001188586,0.0
S00003,UPF,edge-A,479,DONE,14.48922,14.4923,3.081947000055152,3.081947000055152,0.055,2.445,0.5819470000551519,0.0
S00005,IMS-CSCF,edge-A,475,DONE,14.48979,14.49214,2.3524079999788228,2.3524079999788228,0.047,1.958,0.34740799997882266,0.0
S00007,Transcoder,core-1,280,DONE,14.48987,14.49748,7.614028000034523,17.614028000034523,0.082,6.945,0.5870280000345227,5.0
S00003,UPF,edge-A,480,DONE,14.49869,14.50203,3.335399999969013,3.335399999969013,0.167,2.368,0.8003999999690135,0.0
S00010,IoT-GW,edge-B,473,DONE,14.50426,14.50601,1.7529790000025969,1.7529790000025969,0.084,1.176,0.49297900000259687,0.0
S00002,vRAN-DU,edge-B,472,DONE,14.50824,14.51195,3.715825999961453,3.715825999961453,0.085,3.021,0.609825999961453,0.0
S00003,UPF,edge-A,481,DONE,14.51058,14.51412,3.539443000136089,3.539443000136089,0.098,2.896,0.545443000136089,0.0
S00003,UPF,edge-A,482,DONE,14.51196,14.51643,4.4707199999720615,4.4707199999720615,1.977,1.993,0.5007199999720611,0.0
S00003,UPF,edge-A,483,DONE,14.51644,14.51881,2.3764109998865024,2.3764109998865024,0.047,1.833,0.4964109998865023,0.0
S00004,UPF,edge-B,487,DONE,14.51653,14.51915,2.6161569999203493,2.6161569999203493,0.222,1.952,0.4421569999203494,0.0
S00004,UPF,edge-B,488,DONE,14.52033,14.52275,2.4280529999032296,2.4280529999032296,0.053,2.009,0.3660529999032298,0.0
S00004,UPF,edge-B,489,DONE,14.52261,14.52599,3.380290999984936,3.380290999984936,0.043,2.992,0.34529099998493606,0.0
S00002,vRAN-DU,edge-B,473,DONE,14.52394,14.5269,2.9644530000041414,2.9644530000041414,0.079,2.491,0.3944530000041411,0.0
S00008,Transcoder,core-1,245,DONE,14.53137,14.55171,20.342016000086005,32.342016000086005,0.103,19.357,0.8820160000860042,6.0
S00007,Transcoder,core-1,281,DONE,14.53156,14.55021,18.647946000101,28.647946000101,0.195,17.723,0.7299460001010019,5.0
S00009,IoT-GW,edge-A,520,DONE,14.53164,14.5396,7.962089000102424,7.962089000102424,0.209,3.894,3.859089000102424,0.0
S00001,vRAN-DU,edge-A,471,DONE,14.53242,14.54571,13.286479999806033,13.286479999806033,0.114,4.288,8.884479999806032,0.0
S00003,UPF,edge-A,484,DONE,14.53263,14.54572,13.09287599997333,13.09287599997333,0.19,4.524,8.378875999973332,0.0
S00002,vRAN-DU,edge-B,474,DONE,14.53268,14.55172,19.042475000105696,19.042475000105696,0.195,13.887,4.960475000105696,0.0
S00010,IoT-GW,edge-B,474,DONE,14.53272,14.5514,18.67608699990342,18.67608699990342,0.271,13.755,4.650086999903417,0.0
S00010,IoT-GW,edge-B,475,DONE,14.53961,14.55442,14.807717000167031,14.807717000167031,13.084,0.732,0.9917170001670315,0.0
S00006,IMS-CSCF,edge-B,447,DONE,14.53976,14.55347,13.70697399988785,13.70697399988785,11.346,1.48,0.8809739998878503,0.0
S00009,IoT-GW,edge-A,521,DONE,14.54573,14.54778,2.049221999868678,2.049221999868678,0.088,1.341,0.6202219998686778,0.0
S00010,IoT-GW,edge-B,476,DONE,14.54582,14.55565,9.8211669999273,9.8211669999273,8.04,0.879,0.9021669999273008,0.0
S00002,vRAN-DU,edge-B,475,DONE,14.54587,14.55559,9.72180999997363,9.72180999997363,5.276,3.6,0.8458099999736297,0.0
S00004,UPF,edge-B,490,DONE,14.56002,14.56446,4.44585500008543,4.44585500008543,0.145,3.289,1.0118550000854305,0.0
S00005,IMS-CSCF,edge-A,476,DONE,14.56025,14.56357,3.328626999973494,3.328626999973494,0.119,2.63,0.5796269999734944,0.0
S00002,vRAN-DU,edge-B,476,DONE,14.56102,14.56743,6.414141000050222,6.414141000050222,0.072,4.248,2.0941410000502216,0.0
S00004,UPF,edge-B,491,DONE,14.56263,14.56687,4.245021000087945,4.245021000087945,1.306,2.385,0.5540210000879453,0.0
S00008,Transcoder,core-1,246,DONE,14.57069,14.57928,8.5910469999817,20.5910469999817,0.106,7.362,1.1230469999816997,6.0
S00008,Transcoder,core-1,247,DONE,14.57302,14.5796,6.58687899999677,18.58687899999677,0.107,6.005,0.4748789999967702,6.0
S00004,UPF,edge-B,492,DONE,14.57929,14.58241,3.1196909999380296,3.1196909999380296,0.082,2.121,0.9166909999380297,0.0
S00009,IoT-GW,edge-A,522,DONE,14.57961,14.58234,2.735962000087966,2.735962000087966,0.266,1.5,0.9699620000879658,0.0
S00002,vRAN-DU,edge-B,477,DONE,14.58478,14.59147,6.688623999934862,6.688623999934862,0.094,5.326,1.2686239999348619,0.0
S00007,Transcoder,core-1,282,DONE,14.58496,14.60167,16.711585999928502,26.711585999928502,0.128,15.735,0.8485859999285026,5.0
S00004,UPF,edge-B,493,DONE,14.58645,14.59467,8.229164000113087,8.229164000113087,0.083,7.435,0.7111640001130874,0.0
S00009,IoT-GW,edge-A,523,DONE,14.58658,14.59148,4.906890000029307,4.906890000029307,0.119,3.42,1.3678900000293073,0.0
S00006,IMS-CSCF,edge-B,448,DONE,14.58788,14.59228,4.398284999979296,4.398284999979296,2.504,1.254,0.6402849999792961,0.0
S00003,UPF,edge-A,485,DONE,14.58939,14.59396,4.566264000004594,4.566264000004594,0.065,2.515,1.9862640000045935,0.0
S00002,vRAN-DU,edge-B,478,DONE,14.59149,14.59656,5.0719359999220615,5.0719359999220615,0.165,4.237,0.6699359999220613,0.0
S00010,IoT-GW,edge-B,477,DONE,14.59359,14.60248,8.889048000128241,8.889048000128241,6.812,1.281,0.7960480001282411,0.0
S00004,UPF,edge-B,494,DONE,14.594,14.60167,7.66660099998262,7.66660099998262,0.269,6.049,1.3486009999826196,0.0
S00006,IMS-CSCF,edge-B,449,DONE,14.59468,14.60166,6.978691000085746,6.978691000085746,1.473,4.111,1.3946910000857464,0.0
S00002,vRAN-DU,edge-B,479,DONE,14.59656,14.60378,7.215737000024092,7.215737000024092,3.936,2.843,0.43673700002409177,0.0
S00002,vRAN-DU,edge-B,480,DONE,14.61016,14.6169,6.736740000178543,6.736740000178543,0.092,3.302,3.342740000178543,0.0
S00005,IMS-CSCF,edge-A,477,DONE,14.61379,14.61736,3.5719990000870894,3.5719990000870894,0.096,2.807,0.6689990000870893,0.0
S00002,vRAN-DU,edge-B,481,DONE,14.6139,14.61725,3.3494290000817273,3.3494290000817273,0.052,2.651,0.6464290000817274,0.0
S00005,IMS-CSCF,edge-A,478,DONE,14.61394,14.61943,5.498150999983409,5.498150999983409,3.158,1.735,0.6051509999834088,0.0
S00010,IoT-GW,edge-B,478,DONE,14.61691,14.61892,2.017948000002434,2.017948000002434,0.093,1.057,0.8679480000024342,0.0
S00008,Transcoder,core-1,248,DONE,14.62369,14.63188,8.187908000081734,20.187908000081734,0.139,7.078,0.9709080000817343,6.0
S00007,Transcoder,core-1,283,DONE,14.62712,14.64404,16.91431599988391,26.91431599988391,0.066,16.019,0.8293159998839137,5.0
S00006,IMS-CSCF,edge-B,450,DONE,14.6294,14.63254,3.1372799999189738,3.1372799999189738,0.087,2.519,0.5312799999189735,0.0
S00008,Transcoder,core-1,249,DONE,14.62948,14.64377,14.281924999977491,26.28192499997749,0.051,12.871,1.3599249999774905,6.0
S00002,vRAN-DU,edge-B,482,DONE,14.63189,14.64234,10.452194000208692,10.452194000208692,0.095,5.259,5.098194000208691,0.0
S00002,vRAN-DU,edge-B,483,DONE,14.63255,14.64338,10.83260500013239,10.83260500013239,0.035,6.676,4.121605000132389,0.0
S00005,IMS-CSCF,edge-A,479,DONE,14.64203,14.64414,2.111314000103448,2.111314000103448,0.111,1.411,0.5893140001034478,0.0
S00005,IMS-CSCF,edge-A,480,DONE,14.64221,14.64609,3.8827370001399686,3.8827370001399686,1.69,1.546,0.6467370001399686,0.0
S00005,IMS-CSCF,edge-A,481,DONE,14.64537,14.64757,2.1996620000663825,2.1996620000663825,0.055,1.313,0.8316620000663824,0.0
S00009,IoT-GW,edge-A,524,DONE,14.652,14.65398,1.9809299999451468,1.9809299999451468,0.077,1.194,0.7099299999451469,0.0
S00003,UPF,edge-A,486,DONE,14.65399,14.65703,3.0448210000031395,3.0448210000031395,0.048,2.692,0.3048210000031393,0.0
S00008,Transcoder,core-1,250,DONE,14.65538,14.68379,28.418642999895383,40.41864299989538,0.086,27.625,0.7076429998953842,6.0
S00009,IoT-GW,edge-A,525,DONE,14.65556,14.65683,1.2735390000671032,1.2735390000671032,0.046,0.782,0.4455390000671031,0.0
S00010,IoT-GW,edge-B,479,DONE,14.65561,14.65955,3.939439999840033,3.939439999840033,0.08,2.375,1.484439999840033,0.0
S00006,IMS-CSCF,edge-B,451,DONE,14.65922,14.67377,14.542278999897462,14.542278999897462,0.336,5.225,8.981278999897462,0.0
S00003,UPF,edge-A,487,DONE,14.66073,14.66494,4.213775999915015,4.213775999915015,0.051,2.791,1.3717759999150148,0.0
S00001,vRAN-DU,edge-A,472,DONE,14.66328,14.66858,5.293112999879668,5.293112999879668,0.883,2.914,1.4961129998796676,0.0
S00002,vRAN-DU,edge-B,484,DONE,14.66336,14.68158,18.228001999887056,18.228001999887056,0.114,8.625,9.489001999887055,0.0
S00004,UPF,edge-B,495,DONE,14.66339,14.68159,18.19619299999431,18.19619299999431,4.553,5.841,7.8021929999943085,0.0
S00008,Transcoder,core-1,251,DONE,14.66614,14.68157,15.436262000093848,27.436262000093848,0.117,9.91,5.409262000093847,6.0
S00004,UPF,edge-B,496,DONE,14.66622,14.684,17.775990000018282,17.775990000018282,10.505,4.156,3.114990000018282,0.0
S00009,IoT-GW,edge-A,526,DONE,14.66751,14.66973,2.2170560000631667,2.2170560000631667,0.042,1.519,0.656056000063167,0.0
S00001,vRAN-DU,edge-A,473,DONE,14.66973,14.67673,6.9950409999819385,6.9950409999819385,0.084,6.307,0.6040409999819385,0.0
S00006,IMS-CSCF,edge-B,452,DONE,14.6721,14.68643,14.332747000025847,14.332747000025847,12.004,1.803,0.5257470000258477,0.0
S00004,UPF,edge-B,497,DONE,14.6722,14.6868,14.597224999988612,14.597224999988612,11.795,2.389,0.41322499998861195,0.0
S00002,vRAN-DU,edge-B,485,DONE,14.67673,14.6845,7.762899999988804,7.762899999988804,1.106,6.301,0.35589999998880373,0.0
S00009,IoT-GW,edge-A,527,DONE,14.69108,14.69274,1.6585289999966335,1.6585289999966335,0.085,1.051,0.5225289999966336,0.0
S00001,vRAN-DU,edge-A,474,DONE,14.69601,14.70044,4.438051000079213,4.438051000079213,0.069,3.83,0.5390510000792128,0.0
S00008,Transcoder,core-1,252,DONE,14.69946,14.7068,7.340664999901492,19.34066499990149,0.082,6.83,0.42866499990149176,6.0
S00003,UPF,edge-A,488,DONE,14.70167,14.70467,3.0052160000195727,3.0052160000195727,0.062,2.561,0.3822160000195729,0.0
S00010,IoT-GW,edge-B,480,DONE,14.70389,14.70586,1.9621330000063608,1.9621330000063608,0.082,1.342,0.5381330000063607,0.0
S00010,IoT-GW,edge-B,481,DONE,14.71742,14.71966,2.231787000027907,2.231787000027907,0.102,1.414,0.7157870000279074,0.0
S00010,IoT-GW,edge-B,482,DONE,14.71764,14.7212,3.5641029999169405,3.5641029999169405,1.691,0.827,1.0461029999169404,0.0
S00002,vRAN-DU,edge-B,486,DONE,14.72957,14.73358,4.014906000065821,4.014906000065821,0.146,3.076,0.792906000065821,0.0
S00010,IoT-GW,edge-B,483,DONE,14.73291,14.73478,1.8688689999635244,1.8688689999635244,0.069,0.973,0.8268689999635245,0.0
S00007,Transcoder,core-1,284,DONE,14.73803,14.75085,12.824480000062977,22.824480000062977,0.081,11.124,1.6194800000629765,5.0
S00002,vRAN-DU,edge-B,487,DONE,14.74047,14.74598,5.517413999996279,5.517413999996279,0.077,4.644,0.7964139999962789,0.0
S00004,UPF,edge-B,498,DONE,14.74058,14.74856,7.978703000162568,7.978703000162568,0.195,6.793,0.9907030001625676,0.0
S00006,IMS-CSCF,edge-B,453,DONE,14.74496,14.75542,10.462576999998419,10.462576999998419,2.376,7.227,0.8595769999984189,0.0
S00002,vRAN-DU,edge-B,488,DONE,14.74504,14.75312,8.075758000131827,8.075758000131827,0.041,7.154,0.8807580001318271,0.0
S00005,IMS-CSCF,edge-A,482,DONE,14.74514,14.75113,5.991227000095023,5.991227000095023,0.111,5.163,0.7172270000950229,0.0
S00001,vRAN-DU,edge-A,475,DONE,14.74716,14.75538,8.214126999973814,8.214126999973814,0.082,7.7,0.4321269999738133,0.0
S00003,UPF,edge-A,489,DONE,14.75086,14.75537,4.506975000140301,4.506975000140301,0.088,2.79,1.6289750001403007,0.0
S00002,vRAN-DU,edge-B,489,DONE,14.75865,14.76183,3.1804150000880327,3.1804150000880327,0.062,2.665,0.4534150000880328,0.0
S00002,vRAN-DU,edge-B,490,DONE,14.76612,14.77023,4.111781000119663,4.111781000119663,0.071,3.373,0.6677810001196631,0.0
S00005,IMS-CSCF,edge-A,483,DONE,14.76845,14.77118,2.7300100000502425,2.7300100000502425,0.081,2.082,0.5670100000502427,0.0
S00007,Transcoder,core-1,285,DONE,14.77238,14.78034,7.9661499999019725,17.966149999901972,0.101,7.171,0.6941499999019722,5.0
S00004,UPF,edge-B,499,DONE,14.77247,14.7763,3.8290380000489677,3.8290380000489677,0.059,3.191,0.5790380000489677,0.0
S00005,IMS-CSCF,edge-A,484,DONE,14.77748,14.77991,2.430353000136165,2.430353000136165,0.105,1.504,0.8213530001361651,0.0
S00007,Transcoder,core-1,286,DONE,14.77992,14.78732,7.396978000087984,17.396978000087984,0.044,6.066,1.2869780000879842,5.0
S00001,vRAN-DU,edge-A,476,DONE,14.78156,14.7914,9.83219799991275,9.83219799991275,0.08,9.301,0.45119799991275045,0.0
S00002,vRAN-DU,edge-B,491,DONE,14.78733,14.79222,4.89190400003281,4.89190400003281,0.095,4.301,0.49590400003280966,0.0
S00006,IMS-CSCF,edge-B,454,DONE,14.78865,14.79115,2.502756000012596,2.502756000012596,0.066,1.185,1.251756000012596,0.0
S00006,IMS-CSCF,edge-B,455,DONE,14.7954,14.79745,2.053071999853273,2.053071999853273,0.057,1.474,0.5220719998532732,0.0
S00008,Transcoder,core-1,253,DONE,14.79746,14.80423,6.77066899993406,18.77066899993406,0.074,6.176,0.5206689999340597,6.0
S00001,vRAN-DU,edge-A,477,DONE,14.79754,14.80048,2.9489539999758563,2.9489539999758563,0.06,2.513,0.3759539999758563,0.0
S00006,IMS-CSCF,edge-B,456,DONE,14.80423,14.80621,1.9729570001345564,1.9729570001345564,0.059,1.503,0.4109570001345566,0.0
S00010,IoT-GW,edge-B,484,DONE,14.81359,14.81618,2.589790999991237,2.589790999991237,0.151,1.568,0.8707909999912373,0.0
S00010,IoT-GW,edge-B,485,DONE,14.81373,14.81956,5.826530999911483,5.826530999911483,1.902,2.729,1.1955309999114831,0.0
S00010,IoT-GW,edge-B,486,DONE,14.81618,14.82417,7.985471999973015,7.985471999973015,2.397,4.944,0.6444719999730149,0.0
S00001,vRAN-DU,edge-A,478,DONE,14.81627,14.82371,7.4353730001348595,7.4353730001348595,0.109,6.077,1.2493730001348595,0.0
S00007,Transcoder,core-1,287,DONE,14.81829,14.83546,17.173102000015206,27.173102000015206,0.159,12.645,4.369102000015207,5.0
S00002,vRAN-DU,edge-B,492,DONE,14.81838,14.82625,7.865549000143801,7.865549000143801,0.266,6.702,0.8975490001438011,0.0
S00005,IMS-CSCF,edge-A,485,DONE,14.81957,14.82486,5.2961779999805,5.2961779999805,0.072,1.43,3.7941779999805005,0.0
S00007,Transcoder,core-1,288,DONE,14.82372,14.83617,12.456887000098504,22.456887000098504,0.048,11.071,1.3378870000985046,5.0
S00006,IMS-CSCF,edge-B,457,DONE,14.82626,14.82881,2.5514070000554057,2.5514070000554057,0.064,2.145,0.3424070000554056,0.0
S00002,vRAN-DU,edge-B,493,DONE,14.82802,14.8328,4.782280999961586,4.782280999961586,0.046,4.193,0.5432809999615857,0.0
S00006,IMS-CSCF,edge-B,458,DONE,14.82997,14.83279,2.8239030000349885,2.8239030000349885,0.043,2.336,0.4449030000349885,0.0
S00005,IMS-CSCF,edge-A,486,DONE,14.83738,14.84047,3.0866889999288105,3.0866889999288105,0.079,1.254,1.7536889999288103,0.0
S00002,vRAN-DU,edge-B,494,DONE,14.83864,14.84536,6.717507999837835,6.717507999837835,0.205,3.242,3.270507999837835,0.0
S00005,IMS-CSCF,edge-A,487,DONE,14.84028,14.84749,7.210320000012871,7.210320000012871,0.051,6.842,0.3173200000128711,0.0
S00008,Transcoder,core-1,254,DONE,14.84047,14.84784,7.368918999873131,19.36891899987313,0.05,6.969,0.3499189998731307,6.0
S00010,IoT-GW,edge-B,487,DONE,14.84054,14.84573,5.187872000078642,5.187872000078642,0.188,3.426,1.5738720000786417,0.0
S00003,UPF,edge-A,490,DONE,14.84911,14.8518,2.6837939999495575,2.6837939999495575,0.061,2.049,0.5737939999495576,0.0
S00010,IoT-GW,edge-B,488,DONE,14.85503,14.85668,1.644421000037255,1.644421000037255,0.091,0.921,0.632421000037255,0.0
S00008,Transcoder,core-1,255,DONE,14.85648,14.87362,17.13356000004751,29.13356000004751,0.069,16.142,0.9225600000475112,6.0
S00010,IoT-GW,edge-B,489,DONE,14.85668,14.85796,1.280062999967413,1.280062999967413,0.046,0.888,0.34606299996741285,0.0
S00004,UPF,edge-B,500,DONE,14.85918,14.8615,2.3249160001341806,2.3249160001341806,0.045,1.767,0.5129160001341808,0.0
S00007,Transcoder,core-1,289,DONE,14.86151,14.88488,23.37200099987058,33.37200099987058,0.083,19.635,3.654000999870579,5.0
S00002,vRAN-DU,edge-B,495,DONE,14.86164,14.86553,3.8947779999034537,3.8947779999034537,0.046,3.351,0.49777799990345395,0.0
S00010,IoT-GW,edge-B,490,DONE,14.87362,14.87545,1.824858999952994,1.824858999952994,0.074,1.15,0.6008589999529941,0.0
S00004,UPF,edge-B,501,DONE,14.87671,14.88321,6.5020709998862,6.5020709998862,0.057,2.688,3.7570709998861997,0.0
S00007,Transcoder,core-1,290,DONE,14.87926,14.89829,19.035316000099556,29.035316000099556,0.094,17.493,1.448316000099556,5.0
S00002,vRAN-DU,edge-B,496,DONE,14.87935,14.88487,5.51245600013317,5.51245600013317,0.083,4.018,1.4114560001331702,0.0
S00002,vRAN-DU,edge-B,497,DONE,14.88322,14.88802,4.802259000143749,4.802259000143749,0.09,3.594,1.1182590001437496,0.0
S00010,IoT-GW,edge-B,491,DONE,14.88335,14.88646,3.1176850000065315,3.1176850000065315,0.215,1.859,1.0436850000065316,0.0
S00007,Transcoder,core-1,291,DONE,14.88496,14.90072,15.755708999904527,25.755708999904527,0.072,14.09,1.5937089999045284,5.0
S00010,IoT-GW,edge-B,492,DONE,14.89839,14.90113,2.7473669999835693,2.7473669999835693,0.153,1.751,0.8433669999835693,0.0
S00003,UPF,edge-A,491,DONE,14.90238,14.90574,3.3543760000611655,3.3543760000611655,0.097,2.461,0.7963760000611657,0.0
S00009,IoT-GW,edge-A,528,DONE,14.91212,14.91504,2.913927000008698,2.913927000008698,0.097,2.054,0.7629270000086983,0.0
S00006,IMS-CSCF,edge-B,459,DONE,14.91231,14.91549,3.1830329999138485,3.1830329999138485,0.085,2.573,0.5250329999138486,0.0
S00003,UPF,edge-A,492,DONE,14.91355,14.91841,4.860283999960302,4.860283999960302,0.074,3.688,1.098283999960302,0.0
S00004,UPF,edge-B,502,DONE,14.91557,14.91858,3.004590999807988,3.004590999807988,0.053,2.237,0.7145909998079878,0.0
S00007,Transcoder,core-1,292,DONE,14.91841,14.92735,8.933689999821581,18.93368999982158,0.081,8.212,0.640689999821582,5.0
S00004,UPF,edge-B,503,DONE,14.91981,14.92319,3.3851299999696494,3.3851299999696494,0.106,2.848,0.4311299999696496,0.0
S00003,UPF,edge-A,493,DONE,14.92857,14.93186,3.299480000123367,3.299480000123367,0.09,2.427,0.7824800001233672,0.0
S00001,vRAN-DU,edge-A,479,DONE,14.93187,14.93669,4.820069000061267,4.820069000061267,0.06,3.104,1.656069000061267,0.0
S00003,UPF,edge-A,494,DONE,14.93528,14.93931,4.023468000013963,4.023468000013963,0.055,3.373,0.5954680000139629,0.0
S00010,IoT-GW,edge-B,493,DONE,14.93677,14.93875,1.9732849998490565,1.9732849998490565,0.089,1.234,0.6502849998490565,0.0
S00002,vRAN-DU,edge-B,498,DONE,14.94051,14.94402,3.511556999910681,3.511556999910681,0.065,2.974,0.4725569999106809,0.0
S00001,vRAN-DU,edge-A,480,DONE,14.94183,14.94642,4.593760999796359,4.593760999796359,0.075,4.069,0.449760999796359,0.0
S00010,IoT-GW,edge-B,494,DONE,14.94402,14.94546,1.4388510001026589,1.4388510001026589,0.059,0.824,0.555851000102659,0.0
S00001,vRAN-DU,edge-A,481,DONE,14.94547,14.94908,3.6090129999593046,3.6090129999593046,0.074,3.181,0.3540129999593047,0.0
S00006,IMS-CSCF,edge-B,460,DONE,14.94643,14.94829,1.8578839999463526,1.8578839999463526,0.061,1.27,0.5268839999463526,0.0
S00010,IoT-GW,edge-B,495,DONE,14.94651,14.94882,2.3058140000102867,2.3058140000102867,1.041,0.786,0.47881400001028673,0.0
S00001,vRAN-DU,edge-A,482,DONE,14.94882,14.95213,3.305186000034155,3.305186000034155,0.062,2.647,0.5961860000341552,0.0
S00001,vRAN-DU,edge-A,483,DONE,14.9513,14.95436,3.0648800000108167,3.0648800000108167,0.052,2.71,0.3028800000108167,0.0
S00001,vRAN-DU,edge-A,484,DONE,14.96271,14.96985,7.134360999998535,7.134360999998535,0.088,6.472,0.5743609999985342,0.0
S00002,vRAN-DU,edge-B,499,DONE,14.96286,14.97088,8.023383000136164,8.023383000136164,0.089,7.495,0.4393830001361634,0.0
S00002,vRAN-DU,edge-B,500,DONE,14.96548,14.96981,4.324918999827787,4.324918999827787,0.078,3.292,0.9549189998277869,0.0
S00003,UPF,edge-A,495,DONE,14.96558,14.97159,6.009055000049557,6.009055000049557,3.197,2.24,0.5720550000495566,0.0
S00001,vRAN-DU,edge-A,485,DONE,14.96565,14.969,3.352693999886469,3.352693999886469,0.065,2.764,0.5236939998864694,0.0
S00006,IMS-CSCF,edge-B,461,DONE,14.96869,14.97316,4.465193999976691,4.465193999976691,0.06,3.308,1.0971939999766915,0.0
S00010,IoT-GW,edge-B,496,DONE,14.96881,14.97224,3.424196000196389,3.424196000196389,1.433,1.106,0.8851960001963888,0.0
S00010,IoT-GW,edge-B,497,DONE,14.98148,14.98333,1.8509720000565721,1.8509720000565721,0.079,1.155,0.6169720000565722,0.0
S00004,UPF,edge-B,504,DONE,14.99166,14.99468,3.0189889998837316,3.0189889998837316,0.12,2.291,0.6079889998837316,0.0
S00005,IMS-CSCF,edge-A,488,DONE,14.99999,15.00248,2.482400999952006,2.482400999952006,0.085,1.729,0.6684009999520057,0.0
S00005,IMS-CSCF,edge-A,489,DONE,15.00142,15.00546,4.040565999957835,4.040565999957835,0.657,2.39,0.9935659999578346,0.0
S00001,vRAN-DU,edge-A,486,DONE,15.00149,15.00554,4.047533999937514,4.047533999937514,0.068,3.658,0.32153399993751375,0.0
S00001,vRAN-DU,edge-A,487,DONE,15.0048,15.01412,9.320523000042158,9.320523000042158,0.147,8.664,0.509523000042158,0.0
S00008,Transcoder,core-1,256,DONE,15.00532,15.01949,14.175946000023032,26.175946000023032,0.097,12.229,1.8499460000230332,6.0
S00008,Transcoder,core-1,257,DONE,15.00778,15.01647,8.68267900000319,20.68267900000319,0.11,8.202,0.3706790000031912,6.0
S00009,IoT-GW,edge-A,529,DONE,15.01039,15.01794,7.551331000058781,7.551331000058781,0.069,6.52,0.9623310000587812,0.0
S00001,vRAN-DU,edge-A,488,DONE,15.01344,15.02136,7.913771000175984,7.913771000175984,0.086,6.658,1.1697710001759836,0.0
S00003,UPF,edge-A,496,DONE,15.01631,15.02135,5.037120999986655,5.037120999986655,0.437,3.356,1.244120999986655,0.0
S00009,IoT-GW,edge-A,530,DONE,15.0165,15.02553,9.032801000103063,9.032801000103063,4.004,1.291,3.737801000103064,0.0
S00007,Transcoder,core-1,293,DONE,15.02136,15.02836,6.996914999945147,16.996914999945147,0.246,6.259,0.49191499994514665,5.0
S00001,vRAN-DU,edge-A,489,DONE,15.03973,15.0437,3.978272000040306,3.978272000040306,0.092,3.109,0.7772720000403059,0.0
S00010,IoT-GW,edge-B,498,DONE,15.04378,15.04572,1.9461489998775505,1.9461489998775505,0.089,1.16,0.6971489998775506,0.0
S00008,Transcoder,core-1,258,DONE,15.05009,15.06096,10.875790999989476,22.875790999989476,0.081,10.106,0.688790999989477,6.0
S00008,Transcoder,core-1,259,DONE,15.05356,15.06951,15.948580000213042,27.948580000213042,0.088,14.979,0.8815800002130434,6.0
S00004,UPF,edge-B,505,DONE,15.05693,15.0657,8.77152499992917,8.77152499992917,0.106,4.764,3.90152499992917,0.0
S00003,UPF,edge-A,497,DONE,15.06034,15.06937,9.028389000150128,9.028389000150128,0.119,7.101,1.808389000150128,0.0
S00005,IMS-CSCF,edge-A,490,DONE,15.06046,15.06936,8.890832000133742,8.890832000133742,0.176,6.982,1.7328320001337412,0.0
S00006,IMS-CSCF,edge-B,462,DONE,15.06097,15.06572,4.745838999951957,4.745838999951957,0.095,2.157,2.493838999951957,0.0
S00010,IoT-GW,edge-B,499,DONE,15.06572,15.06938,3.65719799992803,3.65719799992803,0.157,1.142,2.3581979999280303,0.0
S00006,IMS-CSCF,edge-B,463,DONE,15.0658,15.07553,9.732462999863856,9.732462999863856,0.077,6.45,3.2054629998638555,0.0
S00010,IoT-GW,edge-B,500,DONE,15.06583,15.07108,5.241512999873521,5.241512999873521,1.404,1.822,2.015512999873521,0.0
S00001,vRAN-DU,edge-A,490,DONE,15.06938,15.07501,5.630046000078437,5.630046000078437,0.084,3.14,2.406046000078437,0.0
S00010,IoT-GW,edge-B,501,DONE,15.07109,15.07554,4.454357000213349,4.454357000213349,0.061,3.621,0.7723570002133493,0.0
S00009,IoT-GW,edge-A,531,DONE,15.07502,15.07656,1.533530000187966,1.533530000187966,0.061,1.002,0.470530000187966,0.0
S00002,vRAN-DU,edge-B,501,DONE,15.07656,15.07987,3.3037149999017856,3.3037149999017856,0.05,2.771,0.4827149999017859,0.0
S00001,vRAN-DU,edge-A,491,DONE,15.08318,15.09271,9.534140999903684,9.534140999903684,0.076,6.131,3.3271409999036834,0.0
S00004,UPF,edge-B,506,DONE,15.08331,15.09271,9.398465000003853,9.398465000003853,0.065,5.473,3.8604650000038534,0.0
S00007,Transcoder,core-1,294,DONE,15.08567,15.09288,7.205945999885444,17.205945999885444,0.081,6.719,0.4059459998854429,5.0
S00003,UPF,edge-A,498,DONE,15.08616,15.08872,2.552914000034434,2.552914000034434,0.063,1.962,0.527914000034434,0.0
S00002,vRAN-DU,edge-B,502,DONE,15.09272,15.09576,3.04094700004498,3.04094700004498,0.11,2.457,0.47394700004498036,0.0
S00008,Transcoder,core-1,260,DONE,15.09279,15.10073,7.941013999925417,19.941013999925417,0.04,7.531,0.3700139999254173,6.0
S00004,UPF,edge-B,507,DONE,15.09724,15.1004,3.1550890000744403,3.1550890000744403,0.075,2.629,0.4510890000744401,0.0
S00003,UPF,edge-A,499,DONE,15.10497,15.10801,3.0340099999648373,3.0340099999648373,0.107,2.126,0.8010099999648372,0.0
S00009,IoT-GW,edge-A,532,DONE,15.10634,15.10821,1.8723689997841575,1.8723689997841575,0.073,1.372,0.42736899978415743,0.0
S00009,IoT-GW,edge-A,533,DONE,15.10802,15.11122,3.2003379999423487,3.2003379999423487,0.129,2.416,0.6553379999423488,0.0
S00001,vRAN-DU,edge-A,492,DONE,15.10943,15.1158,6.363016000022981,6.363016000022981,0.077,5.651,0.635016000022981,0.0
S00002,vRAN-DU,edge-B,503,DONE,15.10953,15.11323,3.696300000001429,3.696300000001429,0.082,3.083,0.531300000001429,0.0
S00009,IoT-GW,edge-A,534,DONE,15.11713,15.11909,1.9603590001224802,1.9603590001224802,0.057,1.397,0.5063590001224803,0.0
S00010,IoT-GW,edge-B,502,DONE,15.12641,15.12861,2.202667999881669,2.202667999881669,0.13,1.317,0.7556679998816691,0.0
S00003,UPF,edge-A,500,DONE,15.12775,15.1304,2.6406059998862474,2.6406059998862474,0.134,2.084,0.4226059998862475,0.0
S00004,UPF,edge-B,508,DONE,15.12866,15.13093,2.2715370000696566,2.2715370000696566,0.049,1.933,0.28953700006965666,0.0
S00006,IMS-CSCF,edge-B,464,DONE,15.13619,15.13832,2.12804300008429,2.12804300008429,0.064,1.57,0.4940430000842897,0.0
S00001,vRAN-DU,edge-A,493,DONE,15.1395,15.14336,3.861358999984077,3.861358999984077,0.078,3.261,0.522358999984077,0.0
S00001,vRAN-DU,edge-A,494,DONE,15.14457,15.14817,3.602489999821046,3.602489999821046,0.06,3.066,0.4764899998210459,0.0
S00006,IMS-CSCF,edge-B,465,DONE,15.14471,15.14694,2.2339340000598895,2.2339340000598895,0.069,1.748,0.41693400005988956,0.0
S00001,vRAN-DU,edge-A,495,DONE,15.15041,15.15673,6.319509999912043,6.319509999912043,0.067,5.563,0.6895099999120431,0.0
S00006,IMS-CSCF,edge-B,466,DONE,15.15673,15.16161,4.8711350000303355,4.8711350000303355,0.124,3.83,0.9171350000303358,0.0
S00001,vRAN-DU,edge-A,496,DONE,15.15684,15.16213,5.286838000074567,5.286838000074567,0.077,4.53,0.6798380000745672,0.0
S00003,UPF,edge-A,501,DONE,15.15693,15.16231,5.372438999984297,5.372438999984297,0.394,4.566,0.412438999984297,0.0
S00010,IoT-GW,edge-B,503,DONE,15.16161,15.16335,1.7413520001809957,1.7413520001809957,0.058,1.243,0.4403520001809955,0.0
S00002,vRAN-DU,edge-B,504,DONE,15.16336,15.16671,3.35137100000793,3.35137100000793,0.071,2.894,0.3863710000079297,0.0
S00003,UPF,edge-A,502,DONE,15.16345,15.16573,2.279420999911963,2.279420999911963,0.058,1.888,0.3334209999119633,0.0
S00005,IMS-CSCF,edge-A,491,DONE,15.1731,15.17579,2.6862719998916873,2.6862719998916873,0.143,1.73,0.8132719998916875,0.0
S00004,UPF,edge-B,509,DONE,15.17553,15.17838,2.8469010001117567,2.8469010001117567,0.081,2.252,0.513901000111757,0.0
S00003,UPF,edge-A,503,DONE,15.17805,15.1808,2.7502790001108224,2.7502790001108224,0.077,2.028,0.6452790001108224,0.0
S00005,IMS-CSCF,edge-A,492,DONE,15.17958,15.18216,2.5759699999525765,2.5759699999525765,0.216,1.726,0.6339699999525763,0.0
S00003,UPF,edge-A,504,DONE,15.17966,15.18361,3.950963999841406,3.950963999841406,0.847,2.474,0.6299639998414057,0.0
S00009,IoT-GW,edge-A,535,DONE,15.1889,15.19088,1.985530000183644,1.985530000183644,0.127,1.168,0.6905300001836441,0.0
S00009,IoT-GW,edge-A,536,DONE,15.18911,15.19217,3.054556000051889,3.054556000051889,1.255,0.977,0.8225560000518891,0.0
S00005,IMS-CSCF,edge-A,493,DONE,15.19217,15.19409,1.9191139999747975,1.9191139999747975,0.051,1.424,0.4441139999747976,0.0
S00004,UPF,edge-B,510,DONE,15.20038,15.20338,3.002728999945248,3.002728999945248,0.089,2.058,0.855728999945248,0.0
S00003,UPF,edge-A,505,DONE,15.20051,15.20356,3.0444070000612555,3.0444070000612555,0.094,2.485,0.4654070000612558,0.0
S00001,vRAN-DU,edge-A,497,DONE,15.20339,15.20661,3.2156110000869376,3.2156110000869376,0.043,2.839,0.33361100008693745,0.0
S00002,vRAN-DU,edge-B,505,DONE,15.20346,15.20657,3.101646000004621,3.101646000004621,0.064,2.616,0.4216460000046207,0.0
S00005,IMS-CSCF,edge-A,494,DONE,15.20987,15.21256,2.688322000039989,2.688322000039989,0.072,2.005,0.6113220000399888,0.0
S00009,IoT-GW,edge-A,537,DONE,15.21791,15.22045,2.5360189999901195,2.5360189999901195,0.086,1.652,0.7980189999901197,0.0
S00010,IoT-GW,edge-B,504,DONE,15.22168,15.22372,2.0395169999574136,2.0395169999574136,0.085,1.18,0.7745169999574137,0.0
S00004,UPF,edge-B,511,DONE,15.22307,15.22793,4.866422000077364,4.866422000077364,0.067,3.855,0.9444220000773638,0.0
S00010,IoT-GW,edge-B,505,DONE,15.22316,15.22822,5.065848000185724,5.065848000185724,0.099,3.845,1.1218480001857238,0.0
S00002,vRAN-DU,edge-B,506,DONE,15.22372,15.2312,7.477074000007633,7.477074000007633,4.345,2.676,0.4560740000076331,0.0
S00009,IoT-GW,edge-A,538,DONE,15.22707,15.22855,1.4821820000179287,1.4821820000179287,0.077,0.946,0.45918200001792875,0.0
S00006,IMS-CSCF,edge-B,467,DONE,15.23243,15.23463,2.1948490000340826,2.1948490000340826,0.069,1.54,0.5858490000340826,0.0
S00005,IMS-CSCF,edge-A,495,DONE,15.23255,15.23463,2.088904000174807,2.088904000174807,0.082,1.5,0.5069040001748073,0.0
S00007,Transcoder,core-1,295,DONE,15.23464,15.24443,9.791607000124714,19.791607000124714,0.08,9.131,0.5806070001247132,5.0
S00002,vRAN-DU,edge-B,507,DONE,15.23598,15.23997,3.984896000019944,3.984896000019944,0.054,3.327,0.6038960000199443,0.0
S00006,IMS-CSCF,edge-B,468,DONE,15.23862,15.24455,5.935624999892752,5.935624999892752,0.079,3.993,1.8636249998927528,0.0
S00004,UPF,edge-B,512,DONE,15.23998,15.2441,4.12687600010031,4.12687600010031,0.038,3.358,0.7308760001003098,0.0
S00003,UPF,edge-A,506,DONE,15.24322,15.24721,3.9846880001732643,3.9846880001732643,0.099,3.282,0.6036880001732641,0.0
S00008,Transcoder,core-1,261,DONE,15.24334,15.25324,9.8979589999999,21.8979589999999,0.071,8.439,1.387958999999901,6.0
S00009,IoT-GW,edge-A,539,DONE,15.24676,15.24873,1.9679500001075212,1.9679500001075212,0.056,1.199,0.7129500001075211,0.0
S00009,IoT-GW,edge-A,540,DONE,15.25066,15.25199,1.3289139999415056,1.3289139999415056,0.054,0.968,0.3069139999415056,0.0
S00009,IoT-GW,edge-A,541,DONE,15.25442,15.25618,1.762474000088332,1.762474000088332,0.083,1.102,0.577474000088332,0.0
S00001,vRAN-DU,edge-A,498,DONE,15.25626,15.25968,3.415386000142462,3.415386000142462,0.061,2.808,0.5463860001424621,0.0
S00002,vRAN-DU,edge-B,508,DONE,15.25968,15.27007,10.385358999883465,10.385358999883465,0.162,5.751,4.472358999883464,0.0
S00007,Transcoder,core-1,296,DONE,15.25979,15.27141,11.625497000068208,21.625497000068208,0.084,9.825,1.716497000068209,5.0
S00006,IMS-CSCF,edge-B,469,DONE,15.25984,15.27136,11.518238999997266,11.518238999997266,0.106,7.707,3.705238999997266,0.0
S00009,IoT-GW,edge-A,542,DONE,15.26217,15.26365,1.4887070001350367,1.4887070001350367,0.078,0.906,0.5047070001350366,0.0
S00010,IoT-GW,edge-B,506,DONE,15.27008,15.27362,3.5453420000521874,3.5453420000521874,0.084,0.969,2.4923420000521874,0.0
S00003,UPF,edge-A,507,DONE,15.27017,15.27571,5.541454999956841,5.541454999956841,0.171,4.039,1.3314549999568408,0.0
S00009,IoT-GW,edge-A,543,DONE,15.27022,15.27572,5.498282999951698,5.498282999951698,0.241,4.259,0.998282999951698,0.0
S00008,Transcoder,core-1,262,DONE,15.27025,15.2793,9.045193000019935,21.045193000019935,1.175,7.024,0.8461930000199356,6.0
S00001,vRAN-DU,edge-A,499,DONE,15.27931,15.28336,4.055963000155316,4.055963000155316,0.066,3.46,0.5299630001553162,0.0
S00003,UPF,edge-A,508,DONE,15.28061,15.28359,2.976100000068982,2.976100000068982,0.077,2.213,0.6861000000689819,0.0
S00004,UPF,edge-B,513,DONE,15.28301,15.28563,2.628554000011718,2.628554000011718,0.106,2.001,0.5215540000117183,0.0
S00005,IMS-CSCF,edge-A,496,DONE,15.28479,15.28675,1.9606190001013601,1.9606190001013601,0.094,1.478,0.3886190001013601,0.0
S00009,IoT-GW,edge-A,544,DONE,15.2868,15.28895,2.148689999785347,2.148689999785347,0.045,1.75,0.3536899997853471,0.0
S00001,vRAN-DU,edge-A,500,DONE,15.29332,15.29666,3.3344060000217723,3.3344060000217723,0.08,2.787,0.46740600002177235,0.0
S00007,Transcoder,core-1,297,DONE,15.29461,15.3022,7.582950999903915,17.582950999903915,0.507,6.553,0.522950999903915,5.0
S00005,IMS-CSCF,edge-A,497,DONE,15.29884,15.30057,1.7263349998302147,1.7263349998302147,0.104,1.303,0.3193349998302146,0.0
S00005,IMS-CSCF,edge-A,498,DONE,15.3022,15.30377,1.5698949998750322,1.5698949998750322,0.05,1.153,0.36689499987503216,0.0
S00002,vRAN-DU,edge-B,509,DONE,15.30597,15.30937,3.3991330001299502,3.3991330001299502,0.088,2.712,0.59913300012995,0.0
S00008,Transcoder,core-1,263,DONE,15.31156,15.31859,7.023957999990671,19.02395799999067,0.098,6.263,0.6629579999906712,6.0
S00001,vRAN-DU,edge-A,501,DONE,15.3198,15.32612,6.321558999843546,6.321558999843546,0.089,5.01,1.222558999843546,0.0
S00002,vRAN-DU,edge-B,510,DONE,15.31995,15.32614,6.1915070000395644,6.1915070000395644,0.087,5.212,0.892507000039565,0.0
S00004,UPF,edge-B,514,DONE,15.32226,15.32614,3.875006999805919,3.875006999805919,0.149,2.319,1.407006999805919,0.0
S00010,IoT-GW,edge-B,507,DONE,15.32266,15.32749,4.827629000146771,4.827629000146771,2.622,1.656,0.5496290001467716,0.0
S00004,UPF,edge-B,515,DONE,15.325,15.32921,4.211447999978191,4.211447999978191,0.879,2.383,0.9494479999781906,0.0
S00009,IoT-GW,edge-A,545,DONE,15.32509,15.32687,1.779794999947626,1.779794999947626,0.045,0.857,0.877794999947626,0.0
S00006,IMS-CSCF,edge-B,470,DONE,15.32687,15.32924,2.367875999880198,2.367875999880198,0.562,1.417,0.38887599988019783,0.0
S00007,Transcoder,core-1,298,DONE,15.33245,15.33991,7.455612000057954,17.455612000057954,0.083,6.499,0.8736120000579541,5.0
S00010,IoT-GW,edge-B,508,DONE,15.33582,15.33793,2.108308000060788,2.108308000060788,0.079,1.34,0.6893080000607876,0.0
S00006,IMS-CSCF,edge-B,471,DONE,15.33793,15.34152,3.586419999919599,3.586419999919599,0.078,3.079,0.4294199999195989,0.0
S00005,IMS-CSCF,edge-A,499,DONE,15.33838,15.34052,2.143314000022656,2.143314000022656,0.082,1.581,0.480314000022656,0.0
S00008,Transcoder,core-1,264,DONE,15.33991,15.34833,8.419066000215025,20.419066000215025,0.078,6.943,1.3980660002150262,6.0
S00009,IoT-GW,edge-A,546,DONE,15.34053,15.34552,4.994816000134961,4.994816000134961,0.046,1.568,3.3808160001349603,0.0
S00003,UPF,edge-A,509,DONE,15.34541,15.34756,2.156095000145797,2.156095000145797,0.053,1.778,0.32509500014579684,0.0
S00010,IoT-GW,edge-B,509,DONE,15.35051,15.35213,1.6203600000608276,1.6203600000608276,0.082,1.05,0.48836000006082747,0.0
S00003,UPF,edge-A,510,DONE,15.35338,15.35598,2.595634000044811,2.595634000044811,0.071,2.039,0.4856340000448105,0.0
S00001,vRAN-DU,edge-A,502,DONE,15.35567,15.35912,3.44461700001375,3.44461700001375,0.109,2.847,0.48861700001374997,0.0
S00009,IoT-GW,edge-A,547,DONE,15.35574,15.35741,1.6656360000979475,1.6656360000979475,0.232,0.938,0.4956360000979476,0.0
S00003,UPF,edge-A,511,DONE,15.36639,15.36979,3.402660999881846,3.402660999881846,0.072,2.76,0.5706609998818459,0.0
S00010,IoT-GW,edge-B,510,DONE,15.36653,15.3681,1.569539000001896,1.569539000001896,0.086,1.002,0.481539000001896,0.0
S00005,IMS-CSCF,edge-A,500,DONE,15.36778,15.3701,2.325321999933294,2.325321999933294,0.231,1.727,0.3673219999332942,0.0
S00003,UPF,edge-A,512,DONE,15.3723,15.37556,3.2681519999187003,3.2681519999187003,0.088,2.836,0.3441519999187004,0.0
S00009,IoT-GW,edge-A,548,DONE,15.37242,15.37521,2.791116000025795,2.791116000025795,0.059,2.303,0.429116000025795,0.0
S00003,UPF,edge-A,513,DONE,15.37447,15.37832,3.8491420000354992,3.8491420000354992,0.775,2.511,0.5631420000354992,0.0
S00005,IMS-CSCF,edge-A,501,DONE,15.37455,15.37669,2.1385330001066905,2.1385330001066905,0.247,1.285,0.6065330001066906,0.0
S00008,Transcoder,core-1,265,DONE,15.3815,15.38897,7.469317000186493,19.469317000186493,0.161,6.761,0.5473170001864931,6.0
S00009,IoT-GW,edge-A,549,DONE,15.38277,15.38674,3.9709229999971285,3.9709229999971285,0.089,3.001,0.8809229999971286,0.0
S00010,IoT-GW,edge-B,511,DONE,15.38503,15.38715,2.111485999876095,2.111485999876095,0.093,1.541,0.47748599987609497,0.0
S00010,IoT-GW,edge-B,512,DONE,15.38898,15.39062,1.648012000032395,1.648012000032395,0.139,1.004,0.505012000032395,0.0
S00002,vRAN-DU,edge-B,511,DONE,15.38909,15.39225,3.1555030000163242,3.1555030000163242,0.138,2.564,0.45350300001632426,0.0
S00003,UPF,edge-A,514,DONE,15.39339,15.39604,2.6456059999873105,2.6456059999873105,0.077,2.079,0.48960599998731036,0.0
S00006,IMS-CSCF,edge-B,472,DONE,15.40335,15.40557,2.2170639999785635,2.2170639999785635,0.087,1.456,0.6740639999785634,0.0
S00002,vRAN-DU,edge-B,512,DONE,15.4088,15.41263,3.8274419998742815,3.8274419998742815,0.071,3.253,0.5034419998742812,0.0
S00004,UPF,edge-B,516,DONE,15.41013,15.4128,2.671405999990384,2.671405999990384,0.054,2.088,0.529405999990384,0.0
S00009,IoT-GW,edge-A,550,DONE,15.41206,15.41396,1.8974670001625782,1.8974670001625782,0.097,1.249,0.5514670001625781,0.0
S00009,IoT-GW,edge-A,551,DONE,15.41215,15.41836,6.209232999935921,6.209232999935921,1.534,4.27,0.40523299993592143,0.0
S00004,UPF,edge-B,517,DONE,15.41397,15.41884,4.869911000014326,4.869911000014326,0.052,4.374,0.44391100001432715,0.0
S00005,IMS-CSCF,edge-A,502,DONE,15.41429,15.41883,4.544482000028438,4.544482000028438,0.085,4.016,0.4434820000284381,0.0
S00007,Transcoder,core-1,299,DONE,15.41658,15.43207,15.490896000073917,25.490896000073917,0.095,14.551,0.8448960000739163,5.0
S00010,IoT-GW,edge-B,513,DONE,15.41799,15.4198,1.806341000019529,1.806341000019529,0.048,0.824,0.934341000019529,0.0
S00005,IMS-CSCF,edge-A,503,DONE,15.4198,15.42156,1.7583090000243828,1.7583090000243828,0.09,1.255,0.41330900002438287,0.0
S00008,Transcoder,core-1,266,DONE,15.42272,15.43345,10.724264999907973,22.724264999907973,0.074,10.243,0.40726499990797294,6.0
S00010,IoT-GW,edge-B,514,DONE,15.42808,15.42956,1.481476000208204,1.481476000208204,0.077,0.998,0.40647600020820396,0.0
S00003,UPF,edge-A,515,DONE,15.43462,15.43717,2.55602600009297,2.55602600009297,0.086,1.993,0.47702600009297025,0.0
S00002,vRAN-DU,edge-B,513,DONE,15.43684,15.44161,4.769929000076445,4.769929000076445,0.162,4.195,0.41292900007644473,0.0
S00008,Transcoder,core-1,267,DONE,15.43833,15.44545,7.118187000060061,19.11818700006006,0.054,5.774,1.2901870000600608,6.0
S00005,IMS-CSCF,edge-A,504,DONE,15.4438,15.44588,2.0751790000304027,2.0751790000304027,0.073,1.475,0.5271790000304026,0.0
S00003,UPF,edge-A,516,DONE,15.44546,15.448,2.540568000085841,2.540568000085841,0.046,1.906,0.5885680000858413,0.0
S00002,vRAN-DU,edge-B,514,DONE,15.44921,15.45296,3.752046999807135,3.752046999807135,0.084,3.129,0.5390469998071348,0.0
S00003,UPF,edge-A,517,DONE,15.44934,15.45175,2.414342999827568,2.414342999827568,0.054,2.039,0.32134299982756787,0.0
S00003,UPF,edge-A,518,DONE,15.45126,15.45472,3.462266000042291,3.462266000042291,0.067,2.662,0.733266000042291,0.0
S00009,IoT-GW,edge-A,552,DONE,15.45132,15.4538,2.472875999956159,2.472875999956159,0.971,0.854,0.6478759999561589,0.0
S00006,IMS-CSCF,edge-B,473,DONE,15.45136,15.45483,3.4701519998634467,3.4701519998634467,0.066,2.999,0.40515199986344674,0.0
S00001,vRAN-DU,edge-A,503,DONE,15.45473,15.45785,3.1214690000069822,3.1214690000069822,0.083,2.612,0.42646900000698196,0.0
S00004,UPF,edge-B,518,DONE,15.45709,15.46342,6.333649999987756,6.333649999987756,0.057,5.51,0.7666499999877558,0.0
S00007,Transcoder,core-1,300,DONE,15.45753,15.46732,9.78989600002933,19.78989600002933,0.081,9.288,0.42089600002933025,5.0
S00004,UPF,edge-B,519,DONE,15.46017,15.46524,5.069930999979988,5.069930999979988,2.703,1.923,0.4439309999799881,0.0
S00008,Transcoder,core-1,268,DONE,15.46024,15.4712,10.956611999972665,22.956611999972665,0.075,9.37,1.5116119999726667,6.0
S00001,vRAN-DU,edge-A,504,DONE,15.46028,15.46375,3.4623950000423065,3.4623950000423065,0.052,2.953,0.4573950000423066,0.0
S00005,IMS-CSCF,edge-A,505,DONE,15.46854,15.47027,1.7249420000098326,1.7249420000098326,0.061,1.297,0.3669420000098327,0.0
S00002,vRAN-DU,edge-B,515,DONE,15.46895,15.47491,5.955174000064289,5.955174000064289,0.058,4.897,1.0001740000642894,0.0
S00004,UPF,edge-B,520,DONE,15.47027,15.47341,3.1346660000508564,3.1346660000508564,0.052,1.758,1.3246660000508563,0.0
S00006,IMS-CSCF,edge-B,474,DONE,15.47341,15.4752,1.7864700000700395,1.7864700000700395,0.044,1.42,0.32247000007003956,0.0
S00003,UPF,edge-A,519,DONE,15.47523,15.47775,2.5200049999511975,2.5200049999511975,0.084,1.89,0.5460049999511976,0.0
S00002,vRAN-DU,edge-B,516,DONE,15.48199,15.48547,3.4848650000185444,3.4848650000185444,0.078,2.784,0.6228650000185447,0.0
S00002,vRAN-DU,edge-B,517,DONE,15.48434,15.48749,3.1588120000378694,3.1588120000378694,0.057,2.777,0.32481200003786936,0.0
S00001,vRAN-DU,edge-A,505,DONE,15.48548,15.48863,3.151399999978821,3.151399999978821,0.082,2.695,0.37439999997882145,0.0
S00004,UPF,edge-B,521,DONE,15.49891,15.5044,5.489888999818504,5.489888999818504,0.116,2.805,2.5688889998185043,0.0
S00005,IMS-CSCF,edge-A,506,DONE,15.49911,15.50112,2.0089279998956044,2.0089279998956044,0.082,1.282,0.6449279998956043,0.0
S00004,UPF,edge-B,522,DONE,15.49917,15.50441,5.245478000006187,5.245478000006187,2.96,1.728,0.5574780000061874,0.0
S00008,Transcoder,core-1,269,DONE,15.50112,15.50741,6.290044000024864,18.290044000024864,0.083,5.759,0.4480440000248631,6.0
S00001,vRAN-DU,edge-A,506,DONE,15.50427,15.50799,3.7282660000528267,3.7282660000528267,0.051,3.207,0.4702660000528267,0.0
S00003,UPF,edge-A,520,DONE,15.50803,15.51038,2.3527810001269245,2.3527810001269245,0.046,1.984,0.3227810001269247,0.0
S00003,UPF,edge-A,521,DONE,15.51156,15.51404,2.4843599999258004,2.4843599999258004,0.085,2.082,0.31735999992580055,0.0
S00005,IMS-CSCF,edge-A,507,DONE,15.51164,15.51363,1.9904729999780102,1.9904729999780102,0.078,1.527,0.3854729999780102,0.0
S00002,vRAN-DU,edge-B,518,DONE,15.51363,15.51665,3.0199919999631675,3.0199919999631675,0.075,2.528,0.41699199996316727,0.0
S00001,vRAN-DU,edge-A,507,DONE,15.52188,15.5252,3.319811999972444,3.319811999972444,0.073,2.683,0.5638119999724442,0.0
S00004,UPF,edge-B,523,DONE,15.5274,15.53023,2.830966000146873,2.830966000146873,0.079,2.188,0.5639660001468725,0.0
S00007,Transcoder,core-1,301,DONE,15.53443,15.54125,6.817049000119368,16.81704900011937,0.076,5.947,0.7940490001193687,5.0
S00004,UPF,edge-B,524,DONE,15.54072,15.54326,2.5423259999115544,2.5423259999115544,0.115,1.986,0.4413259999115542,0.0
S00001,vRAN-DU,edge-A,508,DONE,15.54444,15.54771,3.273200999956316,3.273200999956316,0.083,2.748,0.4422009999563157,0.0
S00009,IoT-GW,edge-A,553,DONE,15.54568,15.54684,1.1633039998741879,1.1633039998741879,0.053,0.767,0.3433039998741879,0.0
S00003,UPF,edge-A,522,DONE,15.55091,15.55323,2.3217420000491984,2.3217420000491984,0.055,1.803,0.4637420000491983,0.0
S00003,UPF,edge-A,523,DONE,15.55099,15.5553,4.314077999879373,4.314077999879373,2.042,1.966,0.30607799987937345,0.0
S00005,IMS-CSCF,edge-A,508,DONE,15.55323,15.55511,1.8779560000439233,1.8779560000439233,0.042,1.012,0.8239560000439232,0.0
S00010,IoT-GW,edge-B,515,DONE,15.55646,15.55816,1.7028130000653618,1.7028130000653618,0.08,1.124,0.49881300006536167,0.0
S00003,UPF,edge-A,524,DONE,15.56138,15.56399,2.604081000072256,2.604081000072256,0.064,2.064,0.47608100007225573,0.0
S00003,UPF,edge-A,525,DONE,15.56366,15.57454,10.885317999964172,10.885317999964172,0.247,10.063,0.575317999964172,0.0
S00001,vRAN-DU,edge-A,509,DONE,15.56372,15.57459,10.870923000084076,10.870923000084076,0.055,10.24,0.5759230000840763,0.0
S00010,IoT-GW,edge-B,516,DONE,15.57416,15.57679,2.624149999974179,2.624149999974179,0.494,1.097,1.0331499999741793,0.0
S00009,IoT-GW,edge-A,554,DONE,15.57438,15.57783,3.451298000072711,3.451298000072711,0.062,2.966,0.4232980000727111,0.0
S00004,UPF,edge-B,525,DONE,15.57443,15.57887,4.443627999989985,4.443627999989985,0.09,3.752,0.6016279999899856,0.0
S00009,IoT-GW,edge-A,555,DONE,15.57679,15.57974,2.9519810000238067,2.9519810000238067,0.926,1.605,0.42098100002380656,0.0
S00001,vRAN-DU,edge-A,510,DONE,15.58297,15.58667,3.6928570000327454,3.6928570000327454,0.101,2.892,0.6998570000327455,0.0
S00005,IMS-CSCF,edge-A,509,DONE,15.58667,15.58884,2.162608999924487,2.162608999924487,0.06,1.681,0.42160899992448675,0.0
S00003,UPF,edge-A,526,DONE,15.5911,15.59476,3.656626000065444,3.656626000065444,0.059,3.044,0.5536260000654436,0.0
S00006,IMS-CSCF,edge-B,475,DONE,15.59477,15.59797,3.2046310000168887,3.2046310000168887,0.242,2.142,0.8206310000168888,0.0
S00002,vRAN-DU,edge-B,519,DONE,15.59489,15.59871,3.8187610000477434,3.8187610000477434,0.107,2.901,0.8107610000477434,0.0
S00001,vRAN-DU,edge-A,511,DONE,15.59798,15.60584,7.8671409999060415,7.8671409999060415,0.106,7.195,0.5661409999060414,0.0
S00003,UPF,edge-A,527,DONE,15.59852,15.60451,5.9821939998983,5.9821939998983,0.067,5.41,0.5051939998982995,0.0
S00004,UPF,edge-B,526,DONE,15.59995,15.6041,4.152982000050542,4.152982000050542,0.105,3.437,0.6109820000505422,0.0
S00001,vRAN-DU,edge-A,512,DONE,15.60233,15.60957,7.234263999862378,7.234263999862378,2.468,3.179,1.5872639998623783,0.0
S00006,IMS-CSCF,edge-B,476,DONE,15.60241,15.60517,2.753923999989638,2.753923999989638,0.069,2.18,0.504923999989638,0.0
S00004,UPF,edge-B,527,DONE,15.60717,15.61155,4.376653000008446,4.376653000008446,0.079,3.726,0.5716530000084461,0.0
S00010,IoT-GW,edge-B,517,DONE,15.60958,15.61163,2.0517609998478292,2.0517609998478292,0.11,1.261,0.6807609998478292,0.0
S00008,Transcoder,core-1,270,DONE,15.61315,15.62891,15.763690000085262,27.763690000085262,0.114,11.747,3.9026900000852613,6.0
S00004,UPF,edge-B,528,DONE,15.61334,15.62014,6.801728000027651,6.801728000027651,0.508,5.733,0.5607280000276518,0.0
S00006,IMS-CSCF,edge-B,477,DONE,15.61466,15.62067,6.007722000049398,6.007722000049398,0.06,5.612,0.33572200004939834,0.0
S00008,Transcoder,core-1,271,DONE,15.61694,15.6355,18.567885000038586,30.567885000038586,0.082,17.76,0.7258850000385841,6.0
S00003,UPF,edge-A,528,DONE,15.61706,15.63111,14.049263000060819,14.049263000060819,0.084,12.633,1.33226300006082,0.0
S00010,IoT-GW,edge-B,518,DONE,15.61956,15.63174,12.1800599999915,12.1800599999915,0.047,11.193,0.9400599999914991,0.0
S00001,vRAN-DU,edge-A,513,DONE,15.62387,15.63109,7.219296000130271,7.219296000130271,0.077,5.736,1.4062960001302711,0.0
S00003,UPF,edge-A,529,DONE,15.62895,15.63408,5.127039999933913,5.127039999933913,0.067,3.054,2.0060399999339134,0.0
S00002,vRAN-DU,edge-B,520,DONE,15.63408,15.63828,4.19783000006646,4.19783000006646,0.123,3.436,0.6388300000664602,0.0
S00006,IMS-CSCF,edge-B,478,DONE,15.63829,15.64106,2.772612999933699,2.772612999933699,0.044,2.084,0.6446129999336989,0.0
S00006,IMS-CSCF,edge-B,479,DONE,15.64052,15.64416,3.6423970000214467,3.6423970000214467,0.092,2.948,0.6023970000214467,0.0
S00002,vRAN-DU,edge-B,521,DONE,15.64058,15.64417,3.5917330001211667,3.5917330001211667,0.04,3.005,0.5467330001211668,0.0
S00005,IMS-CSCF,edge-A,510,DONE,15.65147,15.65445,2.980633999868587,2.980633999868587,0.167,2.062,0.7516339998685875,0.0
S00008,Transcoder,core-1,272,DONE,15.65386,15.66411,10.243219999892972,22.243219999892972,0.122,8.898,1.2232199998929723,6.0
S00003,UPF,edge-A,530,DONE,15.65678,15.66043,3.6554749999595515,3.6554749999595515,0.094,2.89,0.6714749999595515,0.0
S00004,UPF,edge-B,529,DONE,15.65917,15.66412,4.950510000071517,4.950510000071517,0.092,3.807,1.0515100000715178,0.0
S00003,UPF,edge-A,531,DONE,15.66044,15.66991,9.466869000107181,9.466869000107181,0.05,7.945,1.47186900010718,0.0
S00007,Transcoder,core-1,302,DONE,15.66412,15.67374,9.623192999924868,19.623192999924868,0.079,6.497,3.0471929999248673,5.0
S00002,vRAN-DU,edge-B,522,DONE,15.66956,15.67586,6.292958999893017,6.292958999893017,0.164,4.99,1.138958999893017,0.0
S00002,vRAN-DU,edge-B,523,DONE,15.66969,15.68296,13.271437999947011,13.271437999947011,3.05,9.244,0.9774379999470106,0.0
S00010,IoT-GW,edge-B,519,DONE,15.66975,15.67921,9.46959800012337,9.46959800012337,5.328,3.232,0.9095980001233688,0.0
S00007,Transcoder,core-1,303,DONE,15.67375,15.68377,10.018474999924365,20.018474999924365,0.064,9.267,0.6874749999243654,5.0
S00005,IMS-CSCF,edge-A,511,DONE,15.67714,15.68469,7.544641000094998,7.544641000094998,0.101,6.316,1.1276410000949983,0.0
S00010,IoT-GW,edge-B,520,DONE,15.68386,15.68858,4.720335000001796,4.720335000001796,0.079,4.075,0.5663350000017964,0.0
S00002,vRAN-DU,edge-B,524,DONE,15.6847,15.68932,4.620565000095667,4.620565000095667,0.08,3.887,0.6535650000956665,0.0
S00010,IoT-GW,edge-B,521,DONE,15.68858,15.69078,2.1917779999967024,2.1917779999967024,0.103,1.482,0.6067779999967022,0.0
S00009,IoT-GW,edge-A,556,DONE,15.69208,15.69443,2.347834999909537,2.347834999909537,0.086,1.672,0.5898349999095374,0.0
S00009,IoT-GW,edge-A,557,DONE,15.69974,15.70248,2.745919000062713,2.745919000062713,0.087,1.993,0.6659190000627129,0.0
S00006,IMS-CSCF,edge-B,480,DONE,15.70212,15.70498,2.860850999923059,2.860850999923059,0.151,1.97,0.7398509999230594,0.0
S00010,IoT-GW,edge-B,522,DONE,15.70253,15.70472,2.184308999858331,2.184308999858331,0.165,1.317,0.702308999858331,0.0
S00010,IoT-GW,edge-B,523,DONE,15.70825,15.71066,2.4040900000272813,2.4040900000272813,0.087,1.653,0.6640900000272811,0.0
S00006,IMS-CSCF,edge-B,481,DONE,15.71067,15.71381,3.1424470000729343,3.1424470000729343,0.056,2.554,0.5324470000729344,0.0
S00004,UPF,edge-B,530,DONE,15.71388,15.71652,2.6392770000711607,2.6392770000711607,0.056,2.077,0.5062770000711607,0.0
S00008,Transcoder,core-1,273,DONE,15.71874,15.72586,7.121473000097467,19.121473000097467,0.083,6.017,1.0214730000974663,6.0
S00007,Transcoder,core-1,304,DONE,15.72013,15.72717,7.046281999919302,17.0462819999193,0.059,6.545,0.4422819999193015,5.0
S00001,vRAN-DU,edge-A,514,DONE,15.72343,15.72877,5.339058000117802,5.339058000117802,0.088,2.889,2.3620580001178024,0.0
S00003,UPF,edge-A,532,DONE,15.74317,15.74634,3.1797060000826605,3.1797060000826605,0.096,2.149,0.9347060000826604,0.0
S00007,Transcoder,core-1,305,DONE,15.74338,15.75445,11.075106000134838,21.075106000134838,0.086,10.471,0.5181060001348374,5.0
S00005,IMS-CSCF,edge-A,512,DONE,15.74635,15.74796,1.6111059999275312,1.6111059999275312,0.06,1.167,0.38410599992753114,0.0
S00006,IMS-CSCF,edge-B,482,DONE,15.74797,15.75326,5.297149999933026,5.297149999933026,0.096,3.957,1.2441499999330263,0.0
S00002,vRAN-DU,edge-B,525,DONE,15.74926,15.75332,4.059274999917761,4.059274999917761,0.06,3.141,0.8582749999177612,0.0
S00004,UPF,edge-B,531,DONE,15.75982,15.76285,3.030359999911525,3.030359999911525,0.102,2.231,0.6973599999115252,0.0
S00003,UPF,edge-A,533,DONE,15.76137,15.7643,2.9238049999094073,2.9238049999094073,0.084,2.112,0.7278049999094072,0.0
S00004,UPF,edge-B,532,DONE,15.76413,15.76681,2.6761449998957687,2.6761449998957687,0.068,2.085,0.5231449998957687,0.0
S00002,vRAN-DU,edge-B,526,DONE,15.76805,15.77138,3.330000000005384,3.330000000005384,0.058,2.853,0.4190000000053842,0.0
S00004,UPF,edge-B,533,DONE,15.77359,15.77604,2.4572239999542944,2.4572239999542944,0.057,1.954,0.4462239999542945,0.0
S00005,IMS-CSCF,edge-A,513,DONE,15.77587,15.7782,2.328330999944228,2.328330999944228,0.083,1.531,0.714330999944228,0.0
S00001,vRAN-DU,edge-A,515,DONE,15.77721,15.78044,3.235609000057593,3.235609000057593,0.064,2.797,0.374609000057593,0.0
S00002,vRAN-DU,edge-B,527,DONE,15.7782,15.78109,2.882558000010249,2.882558000010249,0.068,2.49,0.3245580000102488,0.0
S00008,Transcoder,core-1,274,DONE,15.78328,15.80007,16.786140000021987,28.786140000021987,0.191,15.742,0.8531400000219875,6.0
S00007,Transcoder,core-1,306,DONE,15.78337,15.79024,6.875143999877764,16.875143999877764,0.075,6.391,0.40914399987776395,5.0
S00007,Transcoder,core-1,307,DONE,15.78657,15.79611,9.536058000094272,19.536058000094272,0.069,8.979,0.4880580000942718,5.0
S00003,UPF,edge-A,534,DONE,15.79008,15.79673,6.646583000019746,6.646583000019746,0.084,5.873,0.6895830000197458,0.0
S00005,IMS-CSCF,edge-A,514,DONE,15.79394,15.8039,9.961777000171423,9.961777000171423,0.576,6.347,3.0387770001714225,0.0
S00003,UPF,edge-A,535,DONE,15.79526,15.8012,5.9409979999145435,5.9409979999145435,0.151,3.919,1.8709979999145436,0.0
S00002,vRAN-DU,edge-B,528,DONE,15.79533,15.80119,5.859455000063463,5.859455000063463,0.087,5.156,0.6164550000634632,0.0
S00001,vRAN-DU,edge-A,516,DONE,15.80008,15.80436,4.282721999970818,4.282721999970818,0.743,3.131,0.40872199997081804,0.0
S00005,IMS-CSCF,edge-A,515,DONE,15.80018,15.80537,5.188766999935979,5.188766999935979,3.558,1.186,0.4447669999359789,0.0
S00010,IoT-GW,edge-B,524,DONE,15.80239,15.80374,1.341513999932431,1.341513999932431,0.07,0.844,0.427513999932431,0.0
S00009,IoT-GW,edge-A,558,DONE,15.8086,15.81006,1.457202999972651,1.457202999972651,0.054,0.95,0.453202999972651,0.0
S00008,Transcoder,core-1,275,DONE,15.81334,15.81996,6.621331000133068,18.62133100013307,0.082,6.076,0.4633310001330688,6.0
S00009,IoT-GW,edge-A,559,DONE,15.81518,15.81663,1.4456010001140385,1.4456010001140385,0.064,0.995,0.3866010001140384,0.0
S00009,IoT-GW,edge-A,560,DONE,15.82318,15.82587,2.6861559999815654,2.6861559999815654,0.107,1.999,0.5801559999815651,0.0
S00005,IMS-CSCF,edge-A,516,DONE,15.82331,15.82587,2.5613299999349692,2.5613299999349692,0.141,1.893,0.5273299999349692,0.0
S00002,vRAN-DU,edge-B,529,DONE,15.82459,15.82848,3.895253000109733,3.895253000109733,0.136,3.145,0.6142530001097328,0.0
S00006,IMS-CSCF,edge-B,483,DONE,15.82849,15.83033,1.8378820000179985,1.8378820000179985,0.054,1.472,0.3118820000179985,0.0
S00004,UPF,edge-B,534,DONE,15.84066,15.84401,3.3491879999019147,3.3491879999019147,0.093,2.423,0.8331879999019147,0.0
S00002,vRAN-DU,edge-B,530,DONE,15.84401,15.85026,6.2446219999401364,6.2446219999401364,0.085,5.597,0.5626219999401361,0.0
S00002,vRAN-DU,edge-B,531,DONE,15.84412,15.85355,9.43390200018257,9.43390200018257,0.125,5.499,3.8099020001825705,0.0
S00002,vRAN-DU,edge-B,532,DONE,15.84691,15.86206,15.150698000070406,15.150698000070406,0.247,7.762,7.141698000070407,0.0
S00003,UPF,edge-A,536,DONE,15.84701,15.84986,2.843177999920954,2.843177999920954,0.087,2.025,0.7311779999209538,0.0
S00008,Transcoder,core-1,276,DONE,15.84992,15.86208,12.169344999847453,24.169344999847453,0.085,11.338,0.7463449998474534,6.0
S00002,vRAN-DU,edge-B,533,DONE,15.85577,15.86208,6.305870999995022,6.305870999995022,0.069,5.35,0.8868709999950228,0.0
S00004,UPF,edge-B,535,DONE,15.85586,15.86394,8.085129999926721,8.085129999926721,5.64,2.088,0.35712999992672145,0.0
S00007,Transcoder,core-1,308,DONE,15.85709,15.86715,10.06360099995618,20.06360099995618,0.086,9.357,0.6206009999561797,5.0
S00004,UPF,edge-B,536,DONE,15.85856,15.86606,7.496459999856597,7.496459999856597,2.372,1.787,3.3374599998565975,0.0
S00010,IoT-GW,edge-B,525,DONE,15.86209,15.86326,1.170449000028384,1.170449000028384,0.053,0.763,0.3544490000283841,0.0
S00004,UPF,edge-B,537,DONE,15.86839,15.87151,3.120978999959334,3.120978999959334,0.066,2.547,0.507978999959334,0.0
S00009,IoT-GW,edge-A,561,DONE,15.87058,15.87235,1.7703969999729452,1.7703969999729452,0.085,1.164,0.5213969999729453,0.0
S00006,IMS-CSCF,edge-B,484,DONE,15.87068,15.87355,2.8780130000995996,2.8780130000995996,0.048,1.853,0.9770130000995996,0.0
S00005,IMS-CSCF,edge-A,517,DONE,15.87235,15.87445,2.095637000138595,2.095637000138595,0.045,1.763,0.28763700013859506,0.0
S00009,IoT-GW,edge-A,562,DONE,15.87356,15.87481,1.2556039998798951,1.2556039998798951,0.045,0.922,0.28860399987989516,0.0
S00006,IMS-CSCF,edge-B,485,DONE,15.87702,15.88634,9.317409999994197,9.317409999994197,0.109,8.713,0.4954099999941981,0.0
S00001,vRAN-DU,edge-A,517,DONE,15.87707,15.88346,6.389155000078972,6.389155000078972,0.072,5.181,1.136155000078972,0.0
S00005,IMS-CSCF,edge-A,518,DONE,15.87711,15.88345,6.344086999888532,6.344086999888532,0.162,3.075,3.1070869998885318,0.0
S00001,vRAN-DU,edge-A,518,DONE,15.88347,15.89206,8.594093000056091,8.594093000056091,0.07,5.871,2.6530930000560904,0.0
S00005,IMS-CSCF,edge-A,519,DONE,15.88634,15.88838,2.0411269999840442,2.0411269999840442,0.049,1.366,0.6261269999840442,0.0
S00002,vRAN-DU,edge-B,534,DONE,15.88839,15.89243,4.046055000117121,4.046055000117121,0.074,3.441,0.5310550001171217,0.0
S00008,Transcoder,core-1,277,DONE,15.88848,15.89884,10.36026299993864,22.36026299993864,0.081,9.231,1.0482629999386415,6.0
S00010,IoT-GW,edge-B,526,DONE,15.88974,15.89383,4.094798000096489,4.094798000096489,0.067,3.541,0.4867980000964889,0.0
S00010,IoT-GW,edge-B,527,DONE,15.89514,15.89684,1.7077349998544378,1.7077349998544378,0.092,1.142,0.4737349998544378,0.0
S00007,Transcoder,core-1,309,DONE,15.90023,15.90831,8.081447999984448,18.081447999984448,0.099,7.381,0.6014479999844475,5.0
S00003,UPF,edge-A,537,DONE,15.90033,15.90729,6.952543000124933,6.952543000124933,0.11,5.529,1.313543000124933,0.0
S00006,IMS-CSCF,edge-B,486,DONE,15.9027,15.90577,3.0660859999898094,3.0660859999898094,0.114,2.257,0.6950859999898094,0.0
S00006,IMS-CSCF,edge-B,487,DONE,15.90951,15.91185,2.342001999977583,2.342001999977583,0.065,1.887,0.3900019999775832,0.0
S00008,Transcoder,core-1,278,DONE,15.91524,15.93012,14.880721000054109,26.88072100005411,0.082,14.07,0.728721000054108,6.0
S00002,vRAN-DU,edge-B,535,DONE,15.92148,15.9307,9.220724999977392,9.220724999977392,0.206,8.364,0.6507249999773919,0.0
S00002,vRAN-DU,edge-B,536,DONE,15.92163,15.93692,15.29487099992366,15.29487099992366,0.255,14.467,0.5728709999236585,0.0
S00007,Transcoder,core-1,310,DONE,15.92167,15.93138,9.702238000045327,19.702238000045327,0.082,9.002,0.6182380000453254,5.0
S00005,IMS-CSCF,edge-A,520,DONE,15.92171,15.92503,3.316545999950904,3.316545999950904,0.087,2.233,0.9965459999509036,0.0
S00002,vRAN-DU,edge-B,537,DONE,15.92176,15.93688,15.125742000009268,15.125742000009268,8.559,5.857,0.7097420000092685,0.0
S00004,UPF,edge-B,538,DONE,15.92183,15.93895,17.12517300006766,17.12517300006766,14.626,1.931,0.5681730000676621,0.0
S00008,Transcoder,core-1,279,DONE,15.92407,15.93687,12.797570999964591,24.79757099996459,0.061,12.142,0.5945709999645921,6.0
S00006,IMS-CSCF,edge-B,488,DONE,15.93013,15.94004,9.91090999991684,9.91090999991684,6.313,2.808,0.7899099999168397,0.0
S00003,UPF,edge-A,538,DONE,15.93256,15.93688,4.315491999932419,4.315491999932419,0.087,3.284,0.9444919999324197,0.0
S00001,vRAN-DU,edge-A,519,DONE,15.93305,15.93977,6.724377000182358,6.724377000182358,0.117,3.736,2.8713770001823575,0.0
S00002,vRAN-DU,edge-B,538,DONE,15.93978,15.9444,4.624804000059157,4.624804000059157,0.045,3.378,1.2018040000591572,0.0
S00005,IMS-CSCF,edge-A,521,DONE,15.94222,15.94441,2.1885450000809215,2.1885450000809215,0.088,1.274,0.8265450000809214,0.0
S00005,IMS-CSCF,edge-A,522,DONE,15.94392,15.94585,1.933621000034691,1.933621000034691,0.065,1.505,0.3636210000346911,0.0
S00009,IoT-GW,edge-A,563,DONE,15.9459,15.94718,1.2752249999721244,1.2752249999721244,0.049,0.73,0.49622499997212444,0.0
S00009,IoT-GW,edge-A,564,DONE,15.95037,15.95159,1.2236469999606925,1.2236469999606925,0.052,0.837,0.33464699996069247,0.0
S00006,IMS-CSCF,edge-B,489,DONE,15.95578,15.95801,2.227059000006193,2.227059000006193,0.082,1.537,0.6080590000061932,0.0
S00004,UPF,edge-B,539,DONE,15.95802,15.96052,2.5026850000813283,2.5026850000813283,0.07,1.994,0.4386850000813285,0.0
S00009,IoT-GW,edge-A,565,DONE,15.96793,15.97029,2.3597540000537265,2.3597540000537265,0.098,1.334,0.9277540000537265,0.0
S00005,IMS-CSCF,edge-A,523,DONE,15.97165,15.97375,2.091567999968902,2.091567999968902,0.06,1.592,0.4395679999689017,0.0
S00007,Transcoder,core-1,311,DONE,15.97804,15.98607,8.03240100003677,18.03240100003677,0.136,7.226,0.6704010000367706,5.0
S00003,UPF,edge-A,539,DONE,15.98358,15.99249,8.904506999897421,8.904506999897421,0.108,7.942,0.8545069998974206,0.0
S00010,IoT-GW,edge-B,528,DONE,15.98373,15.99819,14.455420999865964,14.455420999865964,3.444,7.107,3.904420999865965,0.0
S00004,UPF,edge-B,540,DONE,15.98378,15.98844,4.662056000142911,4.662056000142911,0.111,3.049,1.5020560001429115,0.0
S00006,IMS-CSCF,edge-B,490,DONE,15.98382,15.9982,14.383100000031845,14.383100000031845,0.378,10.162,3.8431000000318445,0.0
S00008,Transcoder,core-1,280,DONE,15.98845,15.99843,9.986310999920534,21.986310999920534,0.065,7.468,2.453310999920534,6.0
S00001,vRAN-DU,edge-A,520,DONE,15.99821,16.00146,3.254767000044012,3.254767000044012,0.084,2.621,0.549767000044012,0.0
S00006,IMS-CSCF,edge-B,491,DONE,15.99832,16.00037,2.0501629999216675,2.0501629999216675,0.084,1.149,0.8171629999216674,0.0
S00002,vRAN-DU,edge-B,539,DONE,16.00482,16.0098,4.978396999831602,4.978396999831602,0.073,2.666,2.239396999831602,0.0
S00002,vRAN-DU,edge-B,540,DONE,16.00612,16.01335,7.233310999936293,7.233310999936293,0.056,6.522,0.6553109999362929,0.0
S00006,IMS-CSCF,edge-B,492,DONE,16.0098,16.01362,3.819226999894454,3.819226999894454,0.056,3.102,0.661226999894454,0.0
S00009,IoT-GW,edge-A,566,DONE,16.00989,16.01339,3.5061790001691406,3.5061790001691406,0.084,2.143,1.2791790001691408,0.0
S00005,IMS-CSCF,edge-A,524,DONE,16.0115,16.02156,10.064335999913965,10.064335999913965,2.48,2.105,5.479335999913964,0.0
S00001,vRAN-DU,edge-A,521,DONE,16.01246,16.01646,4.001528999879156,4.001528999879156,0.092,2.682,1.2275289998791559,0.0
S00009,IoT-GW,edge-A,567,DONE,16.01257,16.02157,9.004161000120803,9.004161000120803,2.935,1.636,4.433161000120802,0.0
S00007,Transcoder,core-1,312,DONE,16.01594,16.02551,9.574454999892623,19.574454999892623,0.084,8.269,1.2214549998926234,5.0
S00007,Transcoder,core-1,313,DONE,16.02157,16.02994,8.361155000102372,18.36115500010237,0.092,7.182,1.0871550001023706,5.0
S00004,UPF,edge-B,541,DONE,16.02552,16.02804,2.524008999898797,2.524008999898797,0.086,1.931,0.507008999898797,0.0
S00002,vRAN-DU,edge-B,541,DONE,16.02994,16.03307,3.131442000039897,3.131442000039897,0.064,2.59,0.4774420000398969,0.0
S00003,UPF,edge-A,540,DONE,16.03077,16.03324,2.4693749999187276,2.4693749999187276,0.089,1.96,0.4203749999187276,0.0
S00002,vRAN-DU,edge-B,542,DONE,16.0391,16.0428,3.695605000075375,3.695605000075375,0.111,2.819,0.7656050000753747,0.0
S00003,UPF,edge-A,541,DONE,16.04012,16.04437,4.247836000104144,4.247836000104144,0.112,3.579,0.5568360001041435,0.0
S00001,vRAN-DU,edge-A,522,DONE,16.04966,16.05482,5.158917000017027,5.158917000017027,0.117,4.231,0.8109170000170272,0.0
S00010,IoT-GW,edge-B,529,DONE,16.05316,16.05537,2.206075999993118,2.206075999993118,0.115,1.438,0.6530759999931177,0.0
S00004,UPF,edge-B,542,DONE,16.06059,16.06352,2.932029999783481,2.932029999783481,0.067,2.383,0.4820299997834807,0.0
S00007,Transcoder,core-1,314,DONE,16.06572,16.07233,6.609353999920131,16.60935399992013,0.084,5.955,0.5703539999201315,5.0
S00004,UPF,edge-B,543,DONE,16.06918,16.07385,4.669402999979866,4.669402999979866,0.078,3.82,0.7714029999798657,0.0
S00005,IMS-CSCF,edge-A,525,DONE,16.07234,16.07451,2.176024999926085,2.176024999926085,0.082,1.582,0.5120249999260851,0.0
S00009,IoT-GW,edge-A,568,DONE,16.07773,16.08274,5.009708999978102,5.009708999978102,0.063,4.096,0.8507089999781021,0.0
S00007,Transcoder,core-1,315,DONE,16.07784,16.09051,12.667167000017798,22.6671670000178,0.077,11.959,0.6311670000177987,5.0
S00001,vRAN-DU,edge-A,523,DONE,16.08212,16.09131,9.188848999883703,9.188848999883703,0.048,8.169,0.9718489998837025,0.0
S00003,UPF,edge-A,542,DONE,16.08504,16.08939,4.358171999911065,4.358171999911065,0.106,3.706,0.5461719999110648,0.0
S00010,IoT-GW,edge-B,530,DONE,16.08511,16.08715,2.041535999978805,2.041535999978805,0.082,1.151,0.8085359999788051,0.0
S00005,IMS-CSCF,edge-A,526,DONE,16.08515,16.09238,7.229874000131531,7.229874000131531,4.147,2.596,0.4868740001315306,0.0
S00003,UPF,edge-A,543,DONE,16.09132,16.0948,3.477255999996487,3.477255999996487,0.055,2.864,0.5582559999964869,0.0
S00003,UPF,edge-A,544,DONE,16.0948,16.09777,2.9690300000311254,2.9690300000311254,0.072,2.257,0.6400300000311252,0.0
S00009,IoT-GW,edge-A,569,DONE,16.09491,16.09661,1.705001999880551,1.705001999880551,0.141,1.085,0.47900199988055103,0.0
S00008,Transcoder,core-1,281,DONE,16.09778,16.10614,8.359833999975308,20.359833999975308,0.08,7.446,0.8338339999753082,6.0
S00009,IoT-GW,edge-A,570,DONE,16.10418,16.10565,1.4717690000907169,1.4717690000907169,0.065,0.94,0.466769000090717,0.0
S00006,IMS-CSCF,edge-B,493,DONE,16.10735,16.11114,3.7854770000649296,3.7854770000649296,0.088,2.14,1.5574770000649294,0.0
S00001,vRAN-DU,edge-A,524,DONE,16.10745,16.11371,6.264242000042941,6.264242000042941,0.066,5.679,0.519242000042941,0.0
S00005,IMS-CSCF,edge-A,527,DONE,16.1075,16.11371,6.211870000015551,6.211870000015551,0.209,5.499,0.503870000015552,0.0
S00007,Transcoder,core-1,316,DONE,16.10753,16.12656,19.03066799991393,29.03066799991393,0.273,18.116,0.6416679999139312,5.0
S00006,IMS-CSCF,edge-B,494,DONE,16.11121,16.1137,2.485619000026418,2.485619000026418,0.062,1.305,1.118619000026418,0.0
S00005,IMS-CSCF,edge-A,528,DONE,16.11321,16.11803,4.821823999918706,4.821823999918706,0.048,3.828,0.9458239999187064,0.0
S00006,IMS-CSCF,edge-B,495,DONE,16.11591,16.11804,2.127835999999661,2.127835999999661,0.068,1.458,0.601835999999661,0.0
S00010,IoT-GW,edge-B,531,DONE,16.11752,16.1259,8.376557000019602,8.376557000019602,0.07,7.641,0.6655570000196018,0.0
S00006,IMS-CSCF,edge-B,496,DONE,16.11814,16.13012,11.98501299995769,11.98501299995769,6.916,3.86,1.209012999957689,0.0
S00002,vRAN-DU,edge-B,543,DONE,16.11834,16.13455,16.21216200010167,16.21216200010167,0.043,15.402,0.7671620001016723,0.0
S00009,IoT-GW,edge-A,571,DONE,16.12265,16.12988,7.223817000067356,7.223817000067356,0.07,6.496,0.6578170000673556,0.0
S00002,vRAN-DU,edge-B,544,DONE,16.12656,16.13276,6.201050000072428,6.201050000072428,3.072,2.71,0.41905000007242776,0.0
S00004,UPF,edge-B,544,DONE,16.12676,16.13836,11.597949999895718,11.597949999895718,5.77,5.512,0.3159499998957189,0.0
S00007,Transcoder,core-1,317,DONE,16.12989,16.13787,7.982943999877534,17.982943999877534,0.084,7.043,0.8559439998775344,5.0
S00006,IMS-CSCF,edge-B,497,DONE,16.13001,16.13785,7.8392450000137615,7.8392450000137615,2.173,2.986,2.680245000013761,0.0
S00003,UPF,edge-A,545,DONE,16.13836,16.14126,2.8956900000594032,2.8956900000594032,0.086,2.02,0.7896900000594034,0.0
S00004,UPF,edge-B,545,DONE,16.13963,16.14205,2.4154899999757617,2.4154899999757617,0.051,2.049,0.31548999997576166,0.0
S00006,IMS-CSCF,edge-B,498,DONE,16.14126,16.14294,1.6743059998134413,1.6743059998134413,0.076,1.221,0.37730599981344115,0.0
S00003,UPF,edge-A,546,DONE,16.14294,16.14559,2.6526270000886143,2.6526270000886143,0.063,2.102,0.48762700008861426,0.0
S00003,UPF,edge-A,547,DONE,16.14533,16.14771,2.3784449999766366,2.3784449999766366,0.046,1.895,0.4374449999766368,0.0
S00005,IMS-CSCF,edge-A,529,DONE,16.14745,16.1492,1.7479559999173944,1.7479559999173944,0.251,1.039,0.45795599991739455,0.0
S00006,IMS-CSCF,edge-B,499,DONE,16.1475,16.14905,1.5502319999995962,1.5502319999995962,0.052,1.174,0.3242319999995962,0.0
S00009,IoT-GW,edge-A,572,DONE,16.1505,16.15219,1.689531000010902,1.689531000010902,0.074,1.125,0.490531000010902,0.0
S00003,UPF,edge-A,548,DONE,16.15346,16.15677,3.3120429998234613,3.3120429998234613,0.08,1.935,1.2970429998234612,0.0
S00001,vRAN-DU,edge-A,525,DONE,16.15356,16.15712,3.5533489999579615,3.5533489999579615,0.113,2.828,0.6123489999579617,0.0
S00005,IMS-CSCF,edge-A,530,DONE,16.1536,16.15766,4.056033000097159,4.056033000097159,2.115,1.587,0.35403300009715877,0.0
S00001,vRAN-DU,edge-A,526,DONE,16.15678,16.16173,4.958113999919078,4.958113999919078,0.037,4.534,0.38711399991907847,0.0
S00004,UPF,edge-B,546,DONE,16.15698,16.15983,2.850806000196826,2.850806000196826,0.092,1.909,0.849806000196826,0.0
S00005,IMS-CSCF,edge-A,531,DONE,16.15884,16.16103,2.193649999981062,2.193649999981062,0.08,1.774,0.33964999998106205,0.0
S00006,IMS-CSCF,edge-B,500,DONE,16.15911,16.16458,5.475363999948968,5.475363999948968,0.046,4.728,0.7013639999489678,0.0
S00004,UPF,edge-B,547,DONE,16.16174,16.16459,2.8502599998319056,2.8502599998319056,0.064,2.372,0.41425999983190565,0.0
S00005,IMS-CSCF,edge-A,532,DONE,16.1634,16.16492,1.5206929999749264,1.5206929999749264,0.049,1.136,0.3356929999749265,0.0
S00001,vRAN-DU,edge-A,527,DONE,16.16918,16.17423,5.046523999908459,5.046523999908459,0.072,3.27,1.7045239999084587,0.0
S00009,IoT-GW,edge-A,573,DONE,16.17159,16.17424,2.6519079999616224,2.6519079999616224,0.068,1.114,1.4699079999616222,0.0
S00002,vRAN-DU,edge-B,545,DONE,16.17171,16.17779,6.083978000106072,6.083978000106072,0.163,5.352,0.5689780001060711,0.0
S00010,IoT-GW,edge-B,532,DONE,16.17425,16.1759,1.6581120000864757,1.6581120000864757,0.106,1.005,0.5471120000864758,0.0
S00002,vRAN-DU,edge-B,546,DONE,16.17474,16.17851,3.7632549999671028,3.7632549999671028,0.16,2.508,1.0952549999671026,0.0
S00004,UPF,edge-B,548,DONE,16.1771,16.17978,2.6756689999274386,2.6756689999274386,0.067,1.937,0.6716689999274383,0.0
S00005,IMS-CSCF,edge-A,533,DONE,16.18422,16.18681,2.588531000128569,2.588531000128569,0.093,1.79,0.7055310001285688,0.0
S00009,IoT-GW,edge-A,574,DONE,16.18661,16.18841,1.800585000182764,1.800585000182764,0.051,1.26,0.48958500018276396,0.0
S00006,IMS-CSCF,edge-B,501,DONE,16.18847,16.19113,2.657919000057518,2.657919000057518,0.084,1.755,0.8189190000575182,0.0
S00009,IoT-GW,edge-A,575,DONE,16.19093,16.19248,1.54984499999955,1.54984499999955,0.066,1.049,0.43484499999955006,0.0
S00005,IMS-CSCF,edge-A,534,DONE,16.1923,16.19464,2.3404720000144152,2.3404720000144152,0.041,1.885,0.4144720000144153,0.0
S00003,UPF,edge-A,549,DONE,16.19369,16.1966,2.9196479999882285,2.9196479999882285,0.125,2.29,0.5046479999882285,0.0
S00008,Transcoder,core-1,282,DONE,16.2021,16.21067,8.568211000010706,20.568211000010706,0.087,7.944,0.5372110000107062,6.0
S00002,vRAN-DU,edge-B,547,DONE,16.20228,16.21054,8.258604999809904,8.258604999809904,0.106,7.515,0.6376049998099047,0.0
S00008,Transcoder,core-1,283,DONE,16.20353,16.21773,14.195689999951355,26.195689999951355,0.108,11.68,2.407689999951355,6.0
S00005,IMS-CSCF,edge-A,535,DONE,16.20484,16.21217,7.321799999999712,7.321799999999712,0.098,6.176,1.0477999999997119,0.0
S00001,vRAN-DU,edge-A,528,DONE,16.21054,16.21565,5.10949299996355,5.10949299996355,0.138,3.337,1.6344929999635496,0.0
S00006,IMS-CSCF,edge-B,502,DONE,16.212,16.21671,4.715622000048825,4.715622000048825,0.112,1.749,2.8546220000488245,0.0
S00006,IMS-CSCF,edge-B,503,DONE,16.21209,16.21923,7.140738999851237,7.140738999851237,1.991,2.314,2.8357389998512375,0.0
S00004,UPF,edge-B,549,DONE,16.21437,16.21919,4.821470000024419,4.821470000024419,0.139,4.051,0.6314700000244189,0.0
S00009,IoT-GW,edge-A,576,DONE,16.22046,16.22333,2.8698720000193134,2.8698720000193134,0.207,1.977,0.6858720000193135,0.0
S00005,IMS-CSCF,edge-A,536,DONE,16.22057,16.22315,2.587751000191929,2.587751000191929,0.085,1.748,0.7547510001919291,0.0
S00004,UPF,edge-B,550,DONE,16.22316,16.2265,3.344049999896015,3.344049999896015,0.072,2.361,0.9110499998960147,0.0
S00001,vRAN-DU,edge-A,529,DONE,16.22324,16.22711,3.8678100002016436,3.8678100002016436,0.05,3.306,0.5118100002016437,0.0
S00007,Transcoder,core-1,318,DONE,16.22833,16.23583,7.501088000026357,17.501088000026357,0.078,6.843,0.5800880000263566,5.0
S00004,UPF,edge-B,551,DONE,16.23071,16.23374,3.0271329999322916,3.0271329999322916,0.078,2.087,0.8621329999322915,0.0
S00002,vRAN-DU,edge-B,548,DONE,16.24325,16.24695,3.6992350001128216,3.6992350001128216,0.087,3.012,0.6002350001128214,0.0
S00002,vRAN-DU,edge-B,549,DONE,16.24414,16.24974,5.596847000106209,5.596847000106209,0.055,4.771,0.7708470001062091,0.0
S00010,IoT-GW,edge-B,533,DONE,16.24468,16.25314,8.453805000044667,8.453805000044667,2.365,5.721,0.3678050000446671,0.0
S00001,vRAN-DU,edge-A,530,DONE,16.24824,16.25313,4.8913770001490775,4.8913770001490775,0.083,3.683,1.1253770001490775,0.0
S00009,IoT-GW,edge-A,577,DONE,16.24975,16.2522,2.455404000102135,2.455404000102135,0.06,1.17,1.225404000102135,0.0
S00001,vRAN-DU,edge-A,531,DONE,16.25221,16.25616,3.9504300000317016,3.9504300000317016,0.043,3.091,0.8164300000317013,0.0
S00006,IMS-CSCF,edge-B,504,DONE,16.25432,16.25676,2.4417539998466964,2.4417539998466964,0.057,1.532,0.8527539998466964,0.0
S00006,IMS-CSCF,edge-B,505,DONE,16.25616,16.25785,1.6839469999467838,1.6839469999467838,0.049,1.247,0.3879469999467837,0.0
S00009,IoT-GW,edge-A,578,DONE,16.25621,16.25762,1.4028560001406731,1.4028560001406731,0.048,1.049,0.30585600014067316,0.0
S00010,IoT-GW,edge-B,534,DONE,16.26414,16.26986,5.713006999940262,5.713006999940262,0.084,3.943,1.6860069999402625,0.0
S00001,vRAN-DU,edge-A,532,DONE,16.26428,16.26841,4.124697999941418,4.124697999941418,0.083,3.529,0.5126979999414178,0.0
S00001,vRAN-DU,edge-A,533,DONE,16.26494,16.27066,5.724798000073861,5.724798000073861,0.052,5.222,0.4507980000738607,0.0
S00005,IMS-CSCF,edge-A,537,DONE,16.26846,16.27039,1.9267170000603073,1.9267170000603073,0.069,1.397,0.46071700006030736,0.0
S00001,vRAN-DU,edge-A,534,DONE,16.27288,16.27763,4.749551000031715,4.749551000031715,0.065,4.017,0.6675510000317146,0.0
S00001,vRAN-DU,edge-A,535,DONE,16.27427,16.27778,3.51062799995816,3.51062799995816,0.052,2.705,0.7536279999581601,0.0
S00006,IMS-CSCF,edge-B,506,DONE,16.27764,16.2797,2.063094999812165,2.063094999812165,0.12,1.297,0.646094999812165,0.0
S00001,vRAN-DU,edge-A,536,DONE,16.27782,16.28271,4.88735099997939,4.88735099997939,0.069,4.39,0.42835099997938997,0.0
S00010,IoT-GW,edge-B,535,DONE,16.27971,16.28116,1.4535499999510648,1.4535499999510648,0.05,1.016,0.38754999995106476,0.0
S00003,UPF,edge-A,550,DONE,16.28236,16.28526,2.893051999990348,2.893051999990348,0.044,2.103,0.7460519999903479,0.0
S00005,IMS-CSCF,edge-A,538,DONE,16.29132,16.2942,2.877682000189452,2.877682000189452,0.08,1.732,1.065682000189452,0.0
S00004,UPF,edge-B,552,DONE,16.2937,16.29769,3.9905610001369496,3.9905610001369496,0.107,2.962,0.9215610001369492,0.0
S00006,IMS-CSCF,edge-B,507,DONE,16.29381,16.2977,3.8944759999139933,3.8944759999139933,0.177,2.898,0.8194759999139931,0.0
S00002,vRAN-DU,edge-B,550,DONE,16.29771,16.30176,4.048545999921771,4.048545999921771,0.081,3.327,0.6405459999217711,0.0
S00001,vRAN-DU,edge-A,537,DONE,16.30176,16.30651,4.746476000036637,4.746476000036637,0.123,3.537,1.0864760000366367,0.0
S00003,UPF,edge-A,551,DONE,16.30526,16.31015,4.888725999990129,4.888725999990129,0.079,3.252,1.5577259999901294,0.0
S00010,IoT-GW,edge-B,536,DONE,16.30878,16.31047,1.692725999873801,1.692725999873801,0.091,1.095,0.506725999873801,0.0
S00004,UPF,edge-B,553,DONE,16.3117,16.31593,4.233034999970187,4.233034999970187,0.129,3.41,0.6940349999701869,0.0
S00005,IMS-CSCF,edge-A,539,DONE,16.3118,16.31384,2.040179999994507,2.040179999994507,0.092,1.525,0.42317999999450695,0.0
S00009,IoT-GW,edge-A,579,DONE,16.31304,16.3159,2.860432999796103,2.860432999796103,0.057,2.432,0.3714329997961032,0.0
S00010,IoT-GW,edge-B,537,DONE,16.31821,16.32091,2.7005699998881028,2.7005699998881028,0.074,2.002,0.6245699998881031,0.0
S00006,IMS-CSCF,edge-B,508,DONE,16.31948,16.32312,3.641368999979022,3.641368999979022,0.055,3.08,0.506368999979022,0.0
S00004,UPF,edge-B,554,DONE,16.32215,16.32605,3.904783000052703,3.904783000052703,0.05,3.306,0.548783000052703,0.0
S00005,IMS-CSCF,edge-A,540,DONE,16.3254,16.32832,2.9199870000411465,2.9199870000411465,0.084,2.312,0.5239870000411466,0.0
S00010,IoT-GW,edge-B,538,DONE,16.32724,16.32907,1.8322889998216851,1.8322889998216851,0.073,1.143,0.6162889998216852,0.0
S00010,IoT-GW,edge-B,539,DONE,16.32731,16.33083,3.5155650000433525,3.5155650000433525,1.314,1.807,0.3945650000433525,0.0
S00006,IMS-CSCF,edge-B,509,DONE,16.32833,16.33199,3.664238000055775,3.664238000055775,0.054,3.158,0.4522380000557753,0.0
S00007,Transcoder,core-1,319,DONE,16.332,16.34275,10.747075999915978,20.747075999915978,0.078,10.125,0.5440759999159788,5.0
S00010,IoT-GW,edge-B,540,DONE,16.33426,16.33835,4.096899999922243,4.096899999922243,0.051,3.719,0.3268999999222433,0.0
S00002,vRAN-DU,edge-B,551,DONE,16.33673,16.34052,3.788859999986016,3.788859999986016,0.109,3.297,0.38285999998601605,0.0
S00003,UPF,edge-A,552,DONE,16.33805,16.34118,3.1275870001081785,3.1275870001081785,0.086,2.418,0.6235870001081785,0.0
S00002,vRAN-DU,edge-B,552,DONE,16.3492,16.35278,3.5822620000089955,3.5822620000089955,0.091,2.848,0.6432620000089955,0.0
S00003,UPF,edge-A,553,DONE,16.35613,16.36005,3.9211460000387888,3.9211460000387888,0.136,2.683,1.1021460000387888,0.0
S00005,IMS-CSCF,edge-A,541,DONE,16.36014,16.36299,2.8441619999739487,2.8441619999739487,0.068,1.716,1.0601619999739487,0.0
S00001,vRAN-DU,edge-A,538,DONE,16.36299,16.36957,6.577506999974503,6.577506999974503,0.065,4.184,2.3285069999745023,0.0
S00007,Transcoder,core-1,320,DONE,16.365,16.37869,13.688717999912114,23.688717999912114,0.138,12.849,0.7017179999121144,5.0
S00002,vRAN-DU,edge-B,553,DONE,16.36958,16.37635,6.76894799994443,6.76894799994443,0.129,5.807,0.8329479999444303,0.0
S00006,IMS-CSCF,edge-B,510,DONE,16.36974,16.37407,4.3277509998915775,4.3277509998915775,0.196,3.39,0.7417509998915777,0.0
S00009,IoT-GW,edge-A,580,DONE,16.37416,16.37803,3.873021999879711,3.873021999879711,0.083,3.184,0.6060219998797107,0.0
S00010,IoT-GW,edge-B,541,DONE,16.38308,16.38639,3.3040040000287263,3.3040040000287263,0.105,1.49,1.7090040000287263,0.0
S00006,IMS-CSCF,edge-B,511,DONE,16.38598,16.38886,2.8791830000045593,2.8791830000045593,0.196,2.049,0.6341830000045592,0.0
S00004,UPF,edge-B,555,DONE,16.38612,16.38984,3.716258000167727,3.716258000167727,0.099,3.156,0.46125800016772667,0.0
S00009,IoT-GW,edge-A,581,DONE,16.38758,16.39087,3.286927999852196,3.286927999852196,0.092,2.436,0.7589279998521961,0.0
S00009,IoT-GW,edge-A,582,DONE,16.38984,16.39361,3.77092899998388,3.77092899998388,0.78,2.395,0.5959289999838799,0.0
S00005,IMS-CSCF,edge-A,542,DONE,16.39205,16.39489,2.8383089997987554,2.8383089997987554,0.082,2.306,0.4503089997987555,0.0
S00007,Transcoder,core-1,321,DONE,16.39489,16.40189,6.999295000014172,16.999295000014172,0.086,6.305,0.6082950000141718,5.0
S00004,UPF,edge-B,556,DONE,16.40315,16.40638,3.2295720000092842,3.2295720000092842,0.083,2.597,0.5495720000092841,0.0
S00005,IMS-CSCF,edge-A,543,DONE,16.4046,16.40745,2.847667000196452,2.847667000196452,0.279,1.954,0.6146670001964523,0.0
S00006,IMS-CSCF,edge-B,512,DONE,16.40639,16.40855,2.1575700000084908,2.1575700000084908,0.044,1.552,0.5615700000084907,0.0
S00006,IMS-CSCF,edge-B,513,DONE,16.40855,16.41134,2.7849260000039067,2.7849260000039067,0.049,2.282,0.4539260000039067,0.0
S00006,IMS-CSCF,edge-B,514,DONE,16.41355,16.41608,2.5347809998947923,2.5347809998947923,0.078,1.794,0.6627809998947924,0.0
S00002,vRAN-DU,edge-B,554,DONE,16.41742,16.42137,3.94930800007387,3.94930800007387,0.082,3.039,0.8283080000738701,0.0
S00006,IMS-CSCF,edge-B,515,DONE,16.41757,16.42126,3.690963000053671,3.690963000053671,0.145,2.921,0.624963000053671,0.0
S00005,IMS-CSCF,edge-A,544,DONE,16.42368,16.42674,3.05847800018455,3.05847800018455,0.089,2.065,0.9044780001845503,0.0
S00007,Transcoder,core-1,322,DONE,16.42512,16.43582,10.700178999968557,20.700178999968557,0.084,9.91,0.7061789999685573,5.0
S00001,vRAN-DU,edge-A,539,DONE,16.42522,16.43219,6.9666959998357925,6.9666959998357925,0.066,6.027,0.8736959998357925,0.0
S00010,IoT-GW,edge-B,542,DONE,16.42907,16.43462,5.555725000021994,5.555725000021994,0.086,4.722,0.747725000021993,0.0
S00004,UPF,edge-B,557,DONE,16.43463,16.44111,6.479190000163726,6.479190000163726,0.152,5.36,0.9671900001637255,0.0
S00002,vRAN-DU,edge-B,555,DONE,16.43471,16.44112,6.410861999938788,6.410861999938788,0.052,5.478,0.880861999938789,0.0
S00009,IoT-GW,edge-A,583,DONE,16.44035,16.44236,2.008921999959057,2.008921999959057,0.087,1.41,0.511921999959057,0.0
S00010,IoT-GW,edge-B,543,DONE,16.44089,16.44286,1.9768750000821456,1.9768750000821456,0.124,1.115,0.7378750000821455,0.0
S00002,vRAN-DU,edge-B,556,DONE,16.44409,16.44726,3.165013999932853,3.165013999932853,0.06,2.533,0.5720139999328531,0.0
S00001,vRAN-DU,edge-A,540,DONE,16.4442,16.44789,3.692778000186081,3.692778000186081,0.065,3.083,0.5447780001860809,0.0
S00009,IoT-GW,edge-A,584,DONE,16.4471,16.44977,2.6740979999431147,2.6740979999431147,0.056,0.827,1.7910979999431147,0.0
S00009,IoT-GW,edge-A,585,DONE,16.44717,16.44978,2.608061000046291,2.608061000046291,0.986,0.792,0.8300610000462911,0.0
S00002,vRAN-DU,edge-B,557,DONE,16.44801,16.45132,3.307295000013255,3.307295000013255,0.064,2.778,0.46529500001325497,0.0
S00010,IoT-GW,edge-B,544,DONE,16.4526,16.45503,2.437456000052407,2.437456000052407,0.102,1.688,0.6474560000524072,0.0
S00001,vRAN-DU,edge-A,541,DONE,16.45626,16.46076,4.501164999965113,4.501164999965113,0.086,3.108,1.3071649999651123,0.0
S00009,IoT-GW,edge-A,586,DONE,16.45766,16.4611,3.4403519998704724,3.4403519998704724,0.07,2.807,0.5633519998704726,0.0
S00009,IoT-GW,edge-A,587,DONE,16.45776,16.46246,4.7040340000421565,4.7040340000421565,3.319,0.881,0.5040340000421566,0.0
S00006,IMS-CSCF,edge-B,516,DONE,16.45779,16.46357,5.7757299998684175,5.7757299998684175,0.072,4.409,1.2947299998684176,0.0
S00004,UPF,edge-B,558,DONE,16.45903,16.46296,3.9314559999183984,3.9314559999183984,0.057,3.469,0.40545599991839865,0.0
S00004,UPF,edge-B,559,DONE,16.46077,16.46981,9.0473259999726,9.0473259999726,2.07,6.258,0.7193259999725994,0.0
S00008,Transcoder,core-1,284,DONE,16.46303,16.48044,17.409358000122666,29.409358000122666,2.253,14.442,0.7143580001226653,6.0
S00005,IMS-CSCF,edge-A,545,DONE,16.46475,16.4735,8.753599999863582,8.753599999863582,0.091,8.279,0.3835999998635824,0.0
S00004,UPF,edge-B,560,DONE,16.46949,16.478,8.508826000024783,8.508826000024783,0.054,7.575,0.8798260000247824,0.0
S00003,UPF,edge-A,554,DONE,16.46961,16.4729,3.289229000074556,3.289229000074556,0.077,2.264,0.9482290000745563,0.0
S00004,UPF,edge-B,561,DONE,16.46965,16.49417,24.51957400012361,24.51957400012361,7.864,14.604,2.051574000123612,0.0
S00008,Transcoder,core-1,285,DONE,16.46969,16.49416,24.470672000006743,36.47067200000674,0.087,20.7,3.6836720000067444,6.0
S00001,vRAN-DU,edge-A,542,DONE,16.47291,16.4866,13.696917000061148,13.696917000061148,0.058,7.257,6.381917000061149,0.0
S00006,IMS-CSCF,edge-B,517,DONE,16.47923,16.48661,7.386584999949264,7.386584999949264,0.068,6.208,1.110584999949264,0.0
S00007,Transcoder,core-1,323,DONE,16.47959,16.49032,10.734639000020252,20.734639000020252,0.059,8.591,2.0846390000202533,5.0
S00003,UPF,edge-A,555,DONE,16.48044,16.49418,13.738910000029136,13.738910000029136,0.051,11.136,2.551910000029137,0.0
S00005,IMS-CSCF,edge-A,546,DONE,16.48662,16.49034,3.716962999988027,3.716962999988027,0.135,2.497,1.0849629999880275,0.0
S00003,UPF,edge-A,556,DONE,16.48986,16.49858,8.71172300003309,8.71172300003309,0.1,5.101,3.5107230000330896,0.0
S00009,IoT-GW,edge-A,588,DONE,16.49034,16.49807,7.72383800017451,7.72383800017451,0.203,4.796,2.7248380001745094,0.0
S00009,IoT-GW,edge-A,589,DONE,16.49042,16.50075,10.33173399991938,10.33173399991938,5.975,1.738,2.6187339999193795,0.0
S00010,IoT-GW,edge-B,545,DONE,16.49046,16.49564,5.179924999993091,5.179924999993091,0.132,4.043,1.004924999993091,0.0
S00010,IoT-GW,edge-B,546,DONE,16.49419,16.49641,2.2183339999628515,2.2183339999628515,0.742,1.029,0.4473339999628516,0.0
S00002,vRAN-DU,edge-B,558,DONE,16.49565,16.50017,4.525480999973297,4.525480999973297,0.06,3.988,0.4774809999732974,0.0
S00001,vRAN-DU,edge-A,543,DONE,16.50018,16.5057,5.523325000012846,5.523325000012846,0.053,4.504,0.9663250000128469,0.0
S00002,vRAN-DU,edge-B,559,DONE,16.50075,16.50476,4.006957000001421,4.006957000001421,0.097,2.863,1.046957000001421,0.0
S00008,Transcoder,core-1,286,DONE,16.50306,16.51433,11.262737000151901,23.2627370001519,0.078,10.263,0.9217370001519019,6.0
S00001,vRAN-DU,edge-A,544,DONE,16.5058,16.51003,4.230380000080913,4.230380000080913,0.047,3.176,1.0073800000809134,0.0
S00002,vRAN-DU,edge-B,560,DONE,16.50587,16.5129,7.022649999953501,7.022649999953501,0.075,6.169,0.778649999953501,0.0
S00003,UPF,edge-A,557,DONE,16.50916,16.51172,2.5614319999931467,2.5614319999931467,0.051,1.878,0.6324319999931467,0.0
S00005,IMS-CSCF,edge-A,547,DONE,16.51004,16.51171,1.6756229999828065,1.6756229999828065,0.045,1.045,0.5856229999828066,0.0
S00007,Transcoder,core-1,324,DONE,16.51757,16.53405,16.4851549998275,26.4851549998275,0.129,15.55,0.8061549998274984,5.0
S00008,Transcoder,core-1,287,DONE,16.5177,16.53464,16.9433809999191,28.9433809999191,0.238,16.071,0.6343809999190988,6.0
S00005,IMS-CSCF,edge-A,548,DONE,16.5241,16.52664,2.5401890000011917,2.5401890000011917,0.088,1.818,0.6341890000011916,0.0
S00001,vRAN-DU,edge-A,545,DONE,16.52481,16.53093,6.112378999887369,6.112378999887369,0.061,4.374,1.6773789998873694,0.0
S00005,IMS-CSCF,edge-A,549,DONE,16.52783,16.53099,3.1568689998948685,3.1568689998948685,0.05,2.422,0.6848689998948685,0.0
S00004,UPF,edge-B,562,DONE,16.53013,16.5338,3.669931000104043,3.669931000104043,0.093,2.241,1.335931000104043,0.0
S00002,vRAN-DU,edge-B,561,DONE,16.53797,16.54663,8.66456499988999,8.66456499988999,0.078,7.403,1.1835649998899909,0.0
S00002,vRAN-DU,edge-B,562,DONE,16.54157,16.55566,14.086421999991217,14.086421999991217,0.108,12.444,1.5344219999912152,0.0
S00009,IoT-GW,edge-A,590,DONE,16.54226,16.5472,4.939029999832201,4.939029999832201,0.082,4.302,0.5550299998322012,0.0
S00009,IoT-GW,edge-A,591,DONE,16.54489,16.54866,3.7607909998769173,3.7607909998769173,0.987,1.032,1.7417909998769172,0.0
S00005,IMS-CSCF,edge-A,550,DONE,16.54664,16.55041,3.764406999835046,3.764406999835046,0.1,2.692,0.9724069998350457,0.0
S00010,IoT-GW,edge-B,547,DONE,16.55041,16.55565,5.2385169999524805,5.2385169999524805,0.109,3.678,1.4515169999524806,0.0
S00005,IMS-CSCF,edge-A,551,DONE,16.55476,16.55838,3.620802999876105,3.620802999876105,0.07,2.616,0.9348029998761049,0.0
S00004,UPF,edge-B,563,DONE,16.55571,16.55862,2.9150029999982507,2.9150029999982507,0.054,2.526,0.3350029999982511,0.0
S00003,UPF,edge-A,558,DONE,16.56907,16.57487,5.808383999919897,5.808383999919897,0.119,4.903,0.7863839999198978,0.0
S00007,Transcoder,core-1,325,DONE,16.57008,16.57835,8.270228999890605,18.270228999890605,0.097,7.454,0.7192289998906061,5.0
S00005,IMS-CSCF,edge-A,552,DONE,16.57816,16.58039,2.235143000007156,2.235143000007156,0.075,1.599,0.5611430000071558,0.0
S00009,IoT-GW,edge-A,592,DONE,16.5804,16.58203,1.6331950000676443,1.6331950000676443,0.096,1.061,0.47619500006764426,0.0
S00003,UPF,edge-A,559,DONE,16.58049,16.58384,3.3492219999970985,3.3492219999970985,0.063,2.427,0.8592219999970983,0.0
S00006,IMS-CSCF,edge-B,518,DONE,16.58323,16.58525,2.0220119999976305,2.0220119999976305,0.122,1.496,0.4040119999976306,0.0
S00006,IMS-CSCF,edge-B,519,DONE,16.58372,16.58684,3.115321999985099,3.115321999985099,1.156,1.367,0.592321999985099,0.0
S00005,IMS-CSCF,edge-A,553,DONE,16.58684,16.58897,2.123193999977957,2.123193999977957,0.057,1.413,0.653193999977957,0.0
S00003,UPF,edge-A,560,DONE,16.58904,16.5926,3.5583870001119067,3.5583870001119067,0.046,3.093,0.4193870001119069,0.0
S00002,vRAN-DU,edge-B,563,DONE,16.59265,16.59623,3.578912000193668,3.578912000193668,0.146,2.821,0.611912000193668,0.0
S00004,UPF,edge-B,564,DONE,16.59624,16.60011,3.8752929999645858,3.8752929999645858,0.049,3.351,0.47529299996458585,0.0
S00003,UPF,edge-A,561,DONE,16.60138,16.60567,4.281352999896626,4.281352999896626,0.122,3.525,0.6343529998966262,0.0
S00005,IMS-CSCF,edge-A,554,DONE,16.60271,16.60572,3.016996000042127,3.016996000042127,0.082,2.346,0.588996000042127,0.0
S00007,Transcoder,core-1,326,DONE,16.60508,16.61656,11.482980999971915,21.482980999971915,0.088,10.803,0.5919809999719146,5.0
S00010,IoT-GW,edge-B,548,DONE,16.60515,16.60721,2.0617630000288045,2.0617630000288045,0.159,0.993,0.9097630000288045,0.0
S00006,IMS-CSCF,edge-B,520,DONE,16.6084,16.61402,5.61567699992338,5.61567699992338,0.056,5.119,0.4406769999233804,0.0
S00005,IMS-CSCF,edge-A,555,DONE,16.61347,16.61557,2.1033599998645514,2.1033599998645514,0.105,1.442,0.5563599998645514,0.0
S00010,IoT-GW,edge-B,549,DONE,16.61359,16.61609,2.4982130000807956,2.4982130000807956,0.054,1.67,0.7742130000807959,0.0
S00002,vRAN-DU,edge-B,564,DONE,16.61776,16.6216,3.83682000006047,3.83682000006047,0.109,2.849,0.87882000006047,0.0
S00003,UPF,edge-A,562,DONE,16.62161,16.62631,4.697308000004341,4.697308000004341,0.138,3.841,0.7183080000043409,0.0
S00007,Transcoder,core-1,327,DONE,16.63668,16.64981,13.129884999898422,23.129884999898422,0.17,12.051,0.9088849998984223,5.0
S00005,IMS-CSCF,edge-A,556,DONE,16.63684,16.63906,2.2226200001114194,2.2226200001114194,0.088,1.457,0.6776200001114192,0.0
S00004,UPF,edge-B,565,DONE,16.64133,16.64402,2.6873360000081448,2.6873360000081448,0.082,1.993,0.6123360000081448,0.0
S00005,IMS-CSCF,edge-A,557,DONE,16.64408,16.64636,2.275612999937948,2.275612999937948,0.075,1.62,0.5806129999379479,0.0
S00002,vRAN-DU,edge-B,565,DONE,16.64567,16.65124,5.564528999912,5.564528999912,0.09,4.266,1.2085289999119997,0.0
S00001,vRAN-DU,edge-A,546,DONE,16.64753,16.65532,7.790880000129619,7.790880000129619,0.069,5.269,2.4528800001296185,0.0
S00004,UPF,edge-B,566,DONE,16.64982,16.66312,13.302900999860867,13.302900999860867,0.095,9.295,3.9129009998608666,0.0
S00007,Transcoder,core-1,328,DONE,16.65109,16.67529,24.199353000085466,34.199353000085466,0.091,21.897,2.2113530000854666,5.0
S00002,vRAN-DU,edge-B,566,DONE,16.65533,16.67323,17.894491000106427,17.894491000106427,0.164,13.707,4.023491000106425,0.0
S00010,IoT-GW,edge-B,550,DONE,16.65549,16.67603,20.543425999903775,20.543425999903775,14.261,5.694,0.5884259999037758,0.0
S00006,IMS-CSCF,edge-B,521,DONE,16.65565,16.67321,17.561893999982203,17.561893999982203,3.807,9.631,4.123893999982203,0.0
S00003,UPF,edge-A,563,DONE,16.65906,16.66635,7.285148999926605,7.285148999926605,0.133,5.885,1.2671489999266052,0.0
S00004,UPF,edge-B,567,DONE,16.65919,16.67533,16.138018999981796,16.138018999981796,10.156,5.176,0.806018999981795,0.0
S00007,Transcoder,core-1,329,DONE,16.65926,16.68107,21.804868000117494,31.804868000117494,0.11,20.419,1.2758680001174945,5.0
S00009,IoT-GW,edge-A,593,DONE,16.65943,16.66695,7.520599000145012,7.520599000145012,0.235,6.663,0.6225990001450112,0.0
S00008,Transcoder,core-1,288,DONE,16.66313,16.68631,23.18531100013388,35.18531100013388,0.109,22.589,0.48731100013387874,6.0
S00004,UPF,edge-B,568,DONE,16.66324,16.68178,18.542846999935136,18.542846999935136,12.384,5.397,0.7618469999351358,0.0
S00006,IMS-CSCF,edge-B,522,DONE,16.66636,16.68405,17.696990999866102,17.696990999866102,10.426,3.547,3.723990999866102,0.0
S00002,vRAN-DU,edge-B,567,DONE,16.66641,16.68033,13.921037000045544,13.921037000045544,5.475,4.731,3.7150370000455446,0.0
S00009,IoT-GW,edge-A,594,DONE,16.66814,16.66956,1.4199659999576397,1.4199659999576397,0.055,0.848,0.5169659999576398,0.0
S00004,UPF,edge-B,569,DONE,16.66821,16.69032,22.11132499996893,22.11132499996893,13.713,5.978,2.42032499996893,0.0
S00005,IMS-CSCF,edge-A,558,DONE,16.66957,16.67658,7.015849000026719,7.015849000026719,0.102,3.361,3.5528490000267188,0.0
S00010,IoT-GW,edge-B,551,DONE,16.67781,16.68545,7.637299999942115,7.637299999942115,6.067,1.11,0.4602999999421151,0.0
S00005,IMS-CSCF,edge-A,559,DONE,16.68178,16.68357,1.7816940001011972,1.7816940001011972,0.076,1.209,0.496694000101197,0.0
S00003,UPF,edge-A,564,DONE,16.68775,16.69039,2.6354179999543703,2.6354179999543703,0.076,2.129,0.43041799995437025,0.0
S00003,UPF,edge-A,565,DONE,16.69364,16.69632,2.685541000118974,2.685541000118974,0.096,2.104,0.4855410001189737,0.0
S00008,Transcoder,core-1,289,DONE,16.69762,16.71511,17.49590300005366,29.49590300005366,0.135,16.738,0.6229030000536575,6.0
S00010,IoT-GW,edge-B,552,DONE,16.699,16.70547,6.476156000189803,6.476156000189803,0.076,3.492,2.9081560001898037,0.0
S00007,Transcoder,core-1,330,DONE,16.69907,16.7077,8.626315999890721,18.62631599989072,0.052,7.825,0.7493159998907215,5.0
S00009,IoT-GW,edge-A,595,DONE,16.70771,16.70914,1.4299380000011297,1.4299380000011297,0.073,0.838,0.5189380000011298,0.0
S00002,vRAN-DU,edge-B,568,DONE,16.70914,16.7134,4.255484999930559,4.255484999930559,0.101,3.412,0.7424849999305589,0.0
S00004,UPF,edge-B,570,DONE,16.72553,16.72903,3.495437000083257,3.495437000083257,0.172,2.664,0.6594370000832566,0.0
S00001,vRAN-DU,edge-A,547,DONE,16.72828,16.73272,4.443597000090449,4.443597000090449,0.092,3.583,0.7685970000904492,0.0
S00010,IoT-GW,edge-B,553,DONE,16.73917,16.74222,3.040666999822861,3.040666999822861,0.093,2.066,0.881666999822861,0.0
S00007,Transcoder,core-1,331,DONE,16.74184,16.74996,8.117206999941118,18.117206999941118,0.132,7.226,0.7592069999411182,5.0
S00007,Transcoder,core-1,332,DONE,16.74226,16.75208,9.820789000059449,19.82078900005945,0.101,9.157,0.562789000059448,5.0
S00006,IMS-CSCF,edge-B,523,DONE,16.74912,16.75477,5.648748000112391,5.648748000112391,0.225,4.755,0.6687480001123918,0.0
S00004,UPF,edge-B,571,DONE,16.74926,16.75545,6.186133000028349,6.186133000028349,0.102,5.568,0.5161330000283488,0.0
S00006,IMS-CSCF,edge-B,524,DONE,16.74997,16.75746,7.491829000173311,7.491829000173311,3.074,2.125,2.2928290001733114,0.0
S00002,vRAN-DU,edge-B,569,DONE,16.75666,16.76156,4.892610999831959,4.892610999831959,0.082,2.925,1.8856109998319592,0.0
S00001,vRAN-DU,edge-A,548,DONE,16.75878,16.76937,10.585334999859697,10.585334999859697,0.117,9.307,1.1613349998596956,0.0
S00001,vRAN-DU,edge-A,549,DONE,16.75901,16.7664,7.387987999891266,7.387987999891266,0.325,6.231,0.8319879998912656,0.0
S00007,Transcoder,core-1,333,DONE,16.76156,16.7776,16.04243600013433,26.04243600013433,0.091,15.149,0.8024360001343318,5.0
S00001,vRAN-DU,edge-A,550,DONE,16.76202,16.77083,8.81519999984448,8.81519999984448,0.612,4.292,3.911199999844481,0.0
S00002,vRAN-DU,edge-B,570,DONE,16.76938,16.77758,8.199074000003748,8.199074000003748,0.09,3.088,5.021074000003748,0.0
S00001,vRAN-DU,edge-A,551,DONE,16.77084,16.77775,6.912896999892837,6.912896999892837,0.08,6.361,0.47189699989283707,0.0
S00003,UPF,edge-A,566,DONE,16.77521,16.77917,3.9593439998952817,3.9593439998952817,0.073,3.202,0.6843439998952818,0.0
S00005,IMS-CSCF,edge-A,560,DONE,16.77918,16.78152,2.3380370000722905,2.3380370000722905,0.063,1.554,0.7210370000722903,0.0
S00006,IMS-CSCF,edge-B,525,DONE,16.77926,16.78274,3.4760739999910584,3.4760739999910584,0.073,2.809,0.5940739999910583,0.0
S00004,UPF,edge-B,572,DONE,16.78059,16.78465,4.055066999853807,4.055066999853807,0.059,3.155,0.841066999853807,0.0
S00009,IoT-GW,edge-A,596,DONE,16.78907,16.79145,2.373284999976022,2.373284999976022,0.1,1.492,0.7812849999760219,0.0
S00007,Transcoder,core-1,334,DONE,16.79677,16.80546,8.69085899989841,18.69085899989841,0.111,7.122,1.4578589998984093,5.0
S00006,IMS-CSCF,edge-B,526,DONE,16.80147,16.80554,4.079135999973005,4.079135999973005,0.086,1.647,2.346135999973005,0.0
S00009,IoT-GW,edge-A,597,DONE,16.80165,16.81212,10.472644999936165,10.472644999936165,0.216,4.848,5.408644999936166,0.0
S00007,Transcoder,core-1,335,DONE,16.80177,16.81744,15.672958000095605,25.672958000095605,0.135,12.063,3.4749580000956044,5.0
S00004,UPF,edge-B,573,DONE,16.80886,16.81166,2.799159000005602,2.799159000005602,0.062,2.302,0.43515900000560226,0.0
S00007,Transcoder,core-1,336,DONE,16.81096,16.82351,12.55675299989889,22.55675299989889,0.102,11.65,0.8047529998988896,5.0
S00005,IMS-CSCF,edge-A,561,DONE,16.8153,16.81743,2.127559999962614,2.127559999962614,0.059,1.602,0.46655999996261355,0.0
S00003,UPF,edge-A,567,DONE,16.82265,16.82669,4.038818000026367,4.038818000026367,0.126,3.103,0.8098180000263673,0.0
S00003,UPF,edge-A,568,DONE,16.82352,16.8292,5.680047999931048,5.680047999931048,2.873,2.305,0.5020479999310479,0.0
S00010,IoT-GW,edge-B,554,DONE,16.8267,16.83216,5.464902999847254,5.464902999847254,1.682,1.584,2.1989029998472542,0.0
S00002,vRAN-DU,edge-B,571,DONE,16.8292,16.83261,3.4085689999301394,3.4085689999301394,0.1,2.72,0.5885689999301391,0.0
S00007,Transcoder,core-1,337,DONE,16.83606,16.8555,19.444023999994897,29.444023999994897,0.206,16.856,2.382023999994896,5.0
S00008,Transcoder,core-1,290,DONE,16.83614,16.85126,15.122034000114581,27.12203400011458,0.571,12.174,2.377034000114582,6.0
S00005,IMS-CSCF,edge-A,562,DONE,16.83744,16.84555,8.105979999982083,8.105979999982083,0.087,6.805,1.213979999982083,0.0
S00002,vRAN-DU,edge-B,572,DONE,16.83967,16.85495,15.278638999916438,15.278638999916438,0.111,11.136,4.031638999916439,0.0
S00009,IoT-GW,edge-A,598,DONE,16.8419,16.84556,3.6574159998963296,3.6574159998963296,0.085,2.355,1.2174159998963296,0.0
S00010,IoT-GW,edge-B,555,DONE,16.84556,16.86368,18.11769699997967,18.11769699997967,7.619,9.186,1.3126969999796714,0.0
S00010,IoT-GW,edge-B,556,DONE,16.84562,16.8674,21.788628999956927,21.788628999956927,17.178,3.717,0.8936289999569262,0.0
S00002,vRAN-DU,edge-B,573,DONE,16.84565,16.85496,9.313286999940829,9.313286999940829,0.063,7.298,1.9522869999408279,0.0
S00001,vRAN-DU,edge-A,552,DONE,16.84567,16.85837,12.700961000064126,12.700961000064126,0.158,11.052,1.490961000064127,0.0
S00009,IoT-GW,edge-A,599,DONE,16.8457,16.85125,5.549704000031852,5.549704000031852,0.204,3.512,1.8337040000318523,0.0
S00005,IMS-CSCF,edge-A,563,DONE,16.85018,16.85497,4.782746000046245,4.782746000046245,0.129,3.021,1.6327460000462457,0.0
S00003,UPF,edge-A,569,DONE,16.85246,16.86975,17.296175999945262,17.296175999945262,1.412,15.331,0.5531759999452639,0.0
S00001,vRAN-DU,edge-A,553,DONE,16.85252,16.86968,17.164779999802704,17.164779999802704,5.516,11.169,0.47977999980270347,0.0
S00005,IMS-CSCF,edge-A,564,DONE,16.85497,16.87589,20.916575999990528,20.916575999990528,12.574,4.011,4.331575999990528,0.0
S00002,vRAN-DU,edge-B,574,DONE,16.85838,16.86933,10.944484999981796,10.944484999981796,1.668,4.019,5.257484999981797,0.0
S00005,IMS-CSCF,edge-A,565,DONE,16.85844,16.87636,17.921583000088503,17.921583000088503,15.157,2.088,0.6765830000885034,0.0
S00010,IoT-GW,edge-B,557,DONE,16.85848,16.87149,13.01347599996916,13.01347599996916,6.114,1.774,5.12547599996916,0.0
S00007,Transcoder,core-1,338,DONE,16.86168,16.87701,15.331220000007306,25.331220000007306,0.123,14.633,0.5752200000073078,5.0
S00002,vRAN-DU,edge-B,575,DONE,16.86587,16.8775,11.630379000052926,11.630379000052926,1.382,9.516,0.7323790000529264,0.0
S00007,Transcoder,core-1,339,DONE,16.87715,16.88979,12.64241699982449,22.64241699982449,0.061,11.98,0.6014169998244903,5.0
S00010,IoT-GW,edge-B,558,DONE,16.87733,16.87918,1.849250999839569,1.849250999839569,0.11,0.882,0.8572509998395689,0.0
S00001,vRAN-DU,edge-A,554,DONE,16.87751,16.89421,16.697667000016736,16.697667000016736,3.849,12.209,0.6396670000167362,0.0
S00002,vRAN-DU,edge-B,576,DONE,16.88242,16.88764,5.214028000182225,5.214028000182225,0.058,2.922,2.234028000182225,0.0
S00001,vRAN-DU,edge-A,555,DONE,16.88515,16.89622,11.065314000006765,11.065314000006765,0.104,10.166,0.7953140000067656,0.0
S00004,UPF,edge-B,574,DONE,16.88526,16.88912,3.8596669999151345,3.8596669999151345,0.046,2.938,0.8756669999151345,0.0
S00010,IoT-GW,edge-B,559,DONE,16.88764,16.88895,1.305408999996871,1.305408999996871,0.053,0.895,0.35740899999687104,0.0
S00004,UPF,edge-B,575,DONE,16.88979,16.89205,2.257824000025721,2.257824000025721,0.049,1.794,0.41482400002572106,0.0
S00007,Transcoder,core-1,340,DONE,16.89741,16.9049,7.4887570001465065,17.488757000146506,0.171,6.103,1.2147570001465064,5.0
S00005,IMS-CSCF,edge-A,566,DONE,16.90398,16.90771,3.735202000143545,3.735202000143545,0.11,1.811,1.814202000143545,0.0
S00010,IoT-GW,edge-B,560,DONE,16.90623,16.90772,1.486553999939133,1.486553999939133,0.083,0.873,0.5305539999391331,0.0
S00006,IMS-CSCF,edge-B,527,DONE,16.91095,16.91238,1.4331790000596811,1.4331790000596811,0.057,1.076,0.3001790000596811,0.0
S00010,IoT-GW,edge-B,561,DONE,16.91662,16.91827,1.652974000080576,1.652974000080576,0.056,1.11,0.4869740000805758,0.0
S00009,IoT-GW,edge-A,600,DONE,16.92856,16.93126,2.6954400000249734,2.6954400000249734,0.199,1.509,0.9874400000249737,0.0
S00004,UPF,edge-B,576,DONE,16.93255,16.93625,3.7008309998327604,3.7008309998327604,0.091,2.835,0.7748309998327603,0.0
S00009,IoT-GW,edge-A,601,DONE,16.93743,16.93981,2.3837229998662224,2.3837229998662224,0.177,1.471,0.7357229998662222,0.0
S00003,UPF,edge-A,570,DONE,16.94111,16.94486,3.749671999912607,3.749671999912607,0.067,2.677,1.005671999912607,0.0
S00004,UPF,edge-B,577,DONE,16.9425,16.9455,3.008113999840134,3.008113999840134,0.089,2.286,0.6331139998401341,0.0
S00004,UPF,edge-B,578,DONE,16.94486,16.9487,3.831678000096872,3.831678000096872,0.085,2.675,1.0716780000968722,0.0
S00010,IoT-GW,edge-B,562,DONE,16.95111,16.95312,2.0089920001282735,2.0089920001282735,0.072,1.359,0.5779920001282735,0.0
S00001,vRAN-DU,edge-A,556,DONE,16.95318,16.95959,6.402692000165189,6.402692000165189,0.111,5.311,0.9806920001651891,0.0
S00003,UPF,edge-A,571,DONE,16.95565,16.95977,4.114424999897892,4.114424999897892,0.113,2.966,1.0354249998978915,0.0
S00008,Transcoder,core-1,291,DONE,16.95959,16.97101,11.418355999921914,23.418355999921914,0.11,9.537,1.771355999921914,6.0
S00009,IoT-GW,edge-A,602,DONE,16.96107,16.96317,2.097924000054263,2.097924000054263,0.093,1.272,0.7329240000542632,0.0
S00001,vRAN-DU,edge-A,557,DONE,16.96962,16.97401,4.390096999941306,4.390096999941306,0.119,3.482,0.7890969999413064,0.0
S00005,IMS-CSCF,edge-A,567,DONE,16.97035,16.97529,4.937192999932449,4.937192999932449,2.474,1.246,1.2171929999324491,0.0
S00001,vRAN-DU,edge-A,558,DONE,16.97102,16.97634,5.321429000105127,5.321429000105127,0.094,4.413,0.8144290001051262,0.0
S00009,IoT-GW,edge-A,603,DONE,16.9737,16.97756,3.86742000000595,3.86742000000595,1.36,1.906,0.6014200000059498,0.0
S00006,IMS-CSCF,edge-B,528,DONE,16.9738,16.97755,3.754350000008344,3.754350000008344,0.101,1.493,2.1603500000083438,0.0
S00009,IoT-GW,edge-A,604,DONE,16.97635,16.97938,3.0267910001384735,3.0267910001384735,0.39,1.671,0.9657910001384733,0.0
S00005,IMS-CSCF,edge-A,568,DONE,16.97765,16.97934,1.698512000075425,1.698512000075425,0.044,1.003,0.6515120000754251,0.0
S00010,IoT-GW,edge-B,563,DONE,16.9791,16.98138,2.2719559999586636,2.2719559999586636,0.067,1.66,0.5449559999586635,0.0
S00010,IoT-GW,edge-B,564,DONE,16.98575,16.98902,3.2680760000403097,3.2680760000403097,0.108,2.254,0.9060760000403096,0.0
S00009,IoT-GW,edge-A,605,DONE,16.98592,16.98804,2.1201360000304703,2.1201360000304703,0.082,1.458,0.5801360000304705,0.0
S00010,IoT-GW,edge-B,565,DONE,16.99038,16.99237,1.9833659998766962,1.9833659998766962,0.2,1.245,0.5383659998766961,0.0
S00006,IMS-CSCF,edge-B,529,DONE,16.99576,16.99901,3.246902000000773,3.246902000000773,0.235,2.077,0.9349020000007733,0.0
S00002,vRAN-DU,edge-B,577,DONE,16.99901,17.00248,3.4705390000908665,3.4705390000908665,0.067,2.962,0.4415390000908661,0.0
S00005,IMS-CSCF,edge-A,569,DONE,17.00145,17.00421,2.7531429998362,2.7531429998362,0.105,2.019,0.6291429998361999,0.0
S00009,IoT-GW,edge-A,606,DONE,17.00748,17.01034,2.8635989999656886,2.8635989999656886,0.099,1.987,0.7775989999656883,0.0
S00005,IMS-CSCF,edge-A,570,DONE,17.00898,17.01245,3.4717109999746754,3.4717109999746754,0.138,2.644,0.6897109999746753,0.0
S00010,IoT-GW,edge-B,566,DONE,17.01216,17.01435,2.1939599998859194,2.1939599998859194,0.117,1.355,0.7219599998859194,0.0
S00007,Transcoder,core-1,341,DONE,17.01229,17.02386,11.576589000014792,21.576589000014792,0.077,9.337,2.1625890000147923,5.0
S00005,IMS-CSCF,edge-A,571,DONE,17.01563,17.02177,6.135851999943043,6.135851999943043,0.09,5.348,0.697851999943043,0.0
S00006,IMS-CSCF,edge-B,530,DONE,17.01573,17.02243,6.694881999919744,6.694881999919744,0.333,5.146,1.2158819999197439,0.0
S00004,UPF,edge-B,579,DONE,17.01578,17.02703,11.249972000086927,11.249972000086927,0.084,9.183,1.982972000086928,0.0
S00006,IMS-CSCF,edge-B,531,DONE,17.01834,17.02599,7.646286000181135,7.646286000181135,1.799,3.544,2.3032860001811355,0.0
S00006,IMS-CSCF,edge-B,532,DONE,17.01849,17.02934,10.850157999811927,10.850157999811927,6.448,2.201,2.2011579998119264,0.0
S00009,IoT-GW,edge-A,607,DONE,17.02159,17.0262,4.6108290000574925,4.6108290000574925,0.05,4.151,0.4098290000574929,0.0
S00001,vRAN-DU,edge-A,559,DONE,17.02243,17.02911,6.67533499995443,6.67533499995443,0.062,4.866,1.7473349999544299,0.0
S00009,IoT-GW,edge-A,608,DONE,17.02628,17.0291,2.8129069999067724,2.8129069999067724,0.043,0.996,1.7739069999067723,0.0
S00010,IoT-GW,edge-B,567,DONE,17.02911,17.03103,1.918258000159767,1.918258000159767,0.063,1.311,0.5442580001597672,0.0
S00009,IoT-GW,edge-A,609,DONE,17.02941,17.03102,1.6158139999333798,1.6158139999333798,0.06,0.98,0.5758139999333798,0.0
S00009,IoT-GW,edge-A,610,DONE,17.03338,17.03572,2.3442260001047543,2.3442260001047543,0.078,1.61,0.6562260001047544,0.0
S00009,IoT-GW,edge-A,611,DONE,17.03573,17.03765,1.9194730000435811,1.9194730000435811,0.084,1.26,0.575473000043581,0.0
S00005,IMS-CSCF,edge-A,572,DONE,17.04002,17.04327,3.253655999969851,3.253655999969851,0.075,2.309,0.8696559999698508,0.0
S00005,IMS-CSCF,edge-A,573,DONE,17.04328,17.04598,2.6954800000567047,2.6954800000567047,0.188,1.967,0.5404800000567045,0.0
S00001,vRAN-DU,edge-A,560,DONE,17.04347,17.04832,4.845128999932058,4.845128999932058,0.162,4.051,0.6321289999320578,0.0
S00009,IoT-GW,edge-A,612,DONE,17.04541,17.05006,4.648174000067229,4.648174000067229,0.048,3.545,1.055174000067229,0.0
S00001,vRAN-DU,edge-A,561,DONE,17.04726,17.05403,6.774714000130189,6.774714000130189,0.688,5.432,0.6547140001301885,0.0
S00007,Transcoder,core-1,342,DONE,17.05007,17.0607,10.625397000012526,20.625397000012526,0.085,9.359,1.1813970000125256,5.0
S00002,vRAN-DU,edge-B,578,DONE,17.05535,17.06076,5.413944999872911,5.413944999872911,0.105,4.735,0.5739449998729098,0.0
S00005,IMS-CSCF,edge-A,574,DONE,17.05547,17.06071,5.237294999915321,5.237294999915321,0.091,3.921,1.2252949999153206,0.0
S00007,Transcoder,core-1,343,DONE,17.06209,17.07124,9.151501999895117,19.151501999895117,0.078,8.324,0.7495019998951182,5.0
S00005,IMS-CSCF,edge-A,575,DONE,17.06552,17.06784,2.31261099997937,2.31261099997937,0.119,1.512,0.68161099997937,0.0
S00006,IMS-CSCF,edge-B,533,DONE,17.06784,17.07209,4.251828000178648,4.251828000178648,0.083,3.484,0.6848280001786478,0.0
S00001,vRAN-DU,edge-A,562,DONE,17.06796,17.07323,5.268638999950781,5.268638999950781,0.052,3.776,1.4406389999507816,0.0
S00006,IMS-CSCF,edge-B,534,DONE,17.07021,17.07433,4.121400000030917,4.121400000030917,1.261,2.269,0.5914000000309168,0.0
S00009,IoT-GW,edge-A,613,DONE,17.0721,17.07432,2.2194110001692025,2.2194110001692025,0.051,1.81,0.35841100016920224,0.0
S00004,UPF,edge-B,580,DONE,17.07861,17.08374,5.131482000024334,5.131482000024334,0.076,4.498,0.5574820000243346,0.0
S00005,IMS-CSCF,edge-A,576,DONE,17.07873,17.08225,3.5120349998578604,3.5120349998578604,0.074,3.04,0.3980349998578605,0.0
S00003,UPF,edge-A,572,DONE,17.07925,17.08354,4.289308000124947,4.289308000124947,0.147,3.738,0.40430800012494705,0.0
S00009,IoT-GW,edge-A,614,DONE,17.07936,17.08824,8.880478000037328,8.880478000037328,2.602,5.583,0.695478000037328,0.0
S00008,Transcoder,core-1,292,DONE,17.0821,17.09873,16.628991000061433,28.628991000061433,0.076,15.162,1.3909910000614314,6.0
S00001,vRAN-DU,edge-A,563,DONE,17.08342,17.08819,4.768488000081561,4.768488000081561,0.069,3.744,0.9554880000815609,0.0
S00006,IMS-CSCF,edge-B,535,DONE,17.08492,17.08869,3.7710579999838956,3.7710579999838956,0.073,3.288,0.4100579999838958,0.0
S00001,vRAN-DU,edge-A,564,DONE,17.08733,17.09873,11.406504999968092,11.406504999968092,0.1,9.919,1.3875049999680922,0.0
S00003,UPF,edge-A,573,DONE,17.0874,17.09097,3.568734000054974,3.568734000054974,0.141,2.381,1.046734000054974,0.0
S00001,vRAN-DU,edge-A,565,DONE,17.08743,17.09587,8.445102999985465,8.445102999985465,2.844,4.459,1.1421029999854664,0.0
S00001,vRAN-DU,edge-A,566,DONE,17.09321,17.09989,6.6755739999280195,6.6755739999280195,2.642,3.557,0.4765739999280201,0.0
S00006,IMS-CSCF,edge-B,536,DONE,17.09992,17.10184,1.927133999970465,1.927133999970465,0.083,1.329,0.5151339999704652,0.0
S00002,vRAN-DU,edge-B,579,DONE,17.10304,17.10898,5.940611000141871,5.940611000141871,0.056,5.243,0.6416110001418707,0.0
S00002,vRAN-DU,edge-B,580,DONE,17.10537,17.10909,3.7249570000312815,3.7249570000312815,0.077,2.942,0.7059570000312814,0.0
S00010,IoT-GW,edge-B,568,DONE,17.10544,17.11033,4.887939999889568,4.887939999889568,3.21,1.264,0.41393999988956787,0.0
S00009,IoT-GW,edge-A,615,DONE,17.10899,17.11056,1.575645999992048,1.575645999992048,0.134,0.913,0.5286459999920481,0.0
S00009,IoT-GW,edge-A,616,DONE,17.11485,17.12641,11.556859000165787,11.556859000165787,0.103,10.064,1.389859000165787,0.0
S00008,Transcoder,core-1,293,DONE,17.11505,17.12987,14.823681999814653,26.823681999814653,0.08,11.931,2.8126819998146537,6.0
S00006,IMS-CSCF,edge-B,537,DONE,17.1171,17.11917,2.0720840000194585,2.0720840000194585,0.103,1.171,0.7980840000194585,0.0
S00001,vRAN-DU,edge-A,567,DONE,17.12151,17.13616,14.64401800012638,14.64401800012638,0.148,10.876,3.6200180001263806,0.0
S00007,Transcoder,core-1,344,DONE,17.12411,17.14821,24.103687999968315,34.103687999968315,0.228,19.985,3.890687999968314,5.0
S00006,IMS-CSCF,edge-B,538,DONE,17.12433,17.12959,5.265575999828798,5.265575999828798,0.156,4.158,0.9515759998287976,0.0
S00010,IoT-GW,edge-B,569,DONE,17.1311,17.13616,5.062834000000294,5.062834000000294,0.075,3.673,1.3148340000002934,0.0
S00004,UPF,edge-B,581,DONE,17.13224,17.13617,3.9275229999020667,3.9275229999020667,0.06,2.577,1.2905229999020666,0.0
S00006,IMS-CSCF,edge-B,539,DONE,17.13264,17.13755,4.903912000145283,4.903912000145283,0.044,2.08,2.7799120001452833,0.0
S00009,IoT-GW,edge-A,617,DONE,17.13275,17.13716,4.411828999991485,4.411828999991485,0.144,2.243,2.024828999991485,0.0
S00008,Transcoder,core-1,294,DONE,17.1328,17.1541,21.306191999883595,33.306191999883595,0.114,20.577,0.6151919998835922,6.0
S00005,IMS-CSCF,edge-A,577,DONE,17.13617,17.14632,10.152833999882205,10.152833999882205,0.072,9.163,0.9178339998822054,0.0
S00010,IoT-GW,edge-B,570,DONE,17.13873,17.13996,1.2296239999614045,1.2296239999614045,0.057,0.627,0.5456239999614045,0.0
S00006,IMS-CSCF,edge-B,540,DONE,17.13997,17.14197,2.0036260000324546,2.0036260000324546,0.044,1.475,0.4846260000324545,0.0
S00004,UPF,edge-B,582,DONE,17.14148,17.14371,2.2291629998107965,2.2291629998107965,0.042,1.785,0.40216299981079673,0.0
S00010,IoT-GW,edge-B,571,DONE,17.1476,17.14923,1.6311599999880855,1.6311599999880855,0.127,1.103,0.4011599999880855,0.0
S00003,UPF,edge-A,574,DONE,17.14805,17.15199,3.939369000136139,3.939369000136139,0.106,3.217,0.6163690001361393,0.0
S00006,IMS-CSCF,edge-B,541,DONE,17.15056,17.15397,3.409373000067717,3.409373000067717,0.052,1.495,1.8623730000677168,0.0
S00010,IoT-GW,edge-B,572,DONE,17.15397,17.15521,1.2374450000152137,1.2374450000152137,0.049,0.719,0.46944500001521383,0.0
S00010,IoT-GW,edge-B,573,DONE,17.15521,17.15634,1.12767900009203,1.12767900009203,0.046,0.857,0.22467900009203,0.0
S00003,UPF,edge-A,575,DONE,17.15752,17.16034,2.8194779999921593,2.8194779999921593,0.091,2.057,0.6714779999921592,0.0
S00003,UPF,edge-A,576,DONE,17.16254,17.16546,2.917780000188941,2.917780000188941,0.073,2.075,0.7697800001889408,0.0
S00010,IoT-GW,edge-B,574,DONE,17.16264,17.16402,1.3797869999052637,1.3797869999052637,0.079,0.914,0.38678699990526366,0.0
S00003,UPF,edge-A,577,DONE,17.17592,17.18431,8.389913999963028,8.389913999963028,0.13,7.273,0.9869139999630274,0.0
S00010,IoT-GW,edge-B,575,DONE,17.17624,17.17928,3.04373700009819,3.04373700009819,0.127,2.082,0.8347370000981904,0.0
S00001,vRAN-DU,edge-A,568,DONE,17.17929,17.18557,6.283346999907735,6.283346999907735,0.08,5.238,0.9653469999077346,0.0
S00006,IMS-CSCF,edge-B,542,DONE,17.17977,17.18233,2.5539060000028257,2.5539060000028257,0.057,1.751,0.7459060000028259,0.0
S00010,IoT-GW,edge-B,576,DONE,17.18169,17.18339,1.6985090001071512,1.6985090001071512,0.045,1.064,0.5895090001071512,0.0
S00005,IMS-CSCF,edge-A,578,DONE,17.18233,17.1864,4.070490999993126,4.070490999993126,0.069,1.759,2.242490999993126,0.0
S00006,IMS-CSCF,edge-B,543,DONE,17.18872,17.19067,1.9489830001475639,1.9489830001475639,0.075,1.338,0.5359830001475638,0.0
S00001,vRAN-DU,edge-A,569,DONE,17.1902,17.19883,8.631680999997116,8.631680999997116,0.189,3.918,4.524680999997115,0.0
S00009,IoT-GW,edge-A,618,DONE,17.19031,17.19882,8.510568000019703,8.510568000019703,0.287,2.898,5.325568000019702,0.0
S00008,Transcoder,core-1,295,DONE,17.19259,17.20971,17.120301999966614,29.120301999966614,0.111,11.501,5.508301999966614,6.0
S00006,IMS-CSCF,edge-B,544,DONE,17.19269,17.19883,6.144870000071023,6.144870000071023,0.067,4.723,1.3548700000710232,0.0
S00003,UPF,edge-A,578,DONE,17.19884,17.20969,10.857531000056042,10.857531000056042,0.054,5.401,5.402531000056042,0.0
S00008,Transcoder,core-1,296,DONE,17.20431,17.22025,15.94207599987385,27.94207599987385,0.09,14.564,1.2880759998738505,6.0
S00004,UPF,edge-B,583,DONE,17.20971,17.21274,3.027060000022175,3.027060000022175,0.142,2.152,0.7330600000221748,0.0
S00010,IoT-GW,edge-B,577,DONE,17.20987,17.21356,3.6904859998685424,3.6904859998685424,0.106,1.128,2.4564859998685424,0.0
S00005,IMS-CSCF,edge-A,579,DONE,17.21275,17.22024,7.4870379999083525,7.4870379999083525,0.12,6.13,1.2370379999083525,0.0
S00004,UPF,edge-B,584,DONE,17.21896,17.22762,8.664502000101493,8.664502000101493,0.094,5.586,2.984502000101493,0.0
S00006,IMS-CSCF,edge-B,545,DONE,17.21912,17.22325,4.127415999846562,4.127415999846562,0.137,2.946,1.0444159998465619,0.0
S00002,vRAN-DU,edge-B,581,DONE,17.22026,17.22824,7.983635999835315,7.983635999835315,2.203,5.219,0.5616359998353149,0.0
S00009,IoT-GW,edge-A,619,DONE,17.22062,17.22429,3.6711089999243995,3.6711089999243995,0.149,2.572,0.9501089999243995,0.0
S00002,vRAN-DU,edge-B,582,DONE,17.22326,17.22887,5.610899999965113,5.610899999965113,1.721,3.592,0.29789999996511307,0.0
S00005,IMS-CSCF,edge-A,580,DONE,17.22379,17.22763,3.843526999844471,3.843526999844471,0.087,2.34,1.416526999844471,0.0
S00006,IMS-CSCF,edge-B,546,DONE,17.22764,17.23003,2.395146000026216,2.395146000026216,0.055,1.695,0.6451460000262157,0.0
S00007,Transcoder,core-1,345,DONE,17.2277,17.23957,11.875238000129684,21.875238000129684,0.113,11.0,0.7622380001296847,5.0
S00001,vRAN-DU,edge-A,570,DONE,17.23532,17.24319,7.8606609999951615,7.8606609999951615,0.12,6.884,0.8566609999951611,0.0
S00004,UPF,edge-B,585,DONE,17.23547,17.2408,5.335661999879449,5.335661999879449,0.075,4.694,0.5666619998794484,0.0
S00003,UPF,edge-A,579,DONE,17.24319,17.25618,12.989537000066775,12.989537000066775,0.102,10.099,2.788537000066775,0.0
S00010,IoT-GW,edge-B,578,DONE,17.24329,17.24471,1.4158750000206055,1.4158750000206055,0.072,0.885,0.45887500002060544,0.0
S00008,Transcoder,core-1,297,DONE,17.24596,17.2596,13.639183999885063,25.639183999885063,0.119,12.381,1.1391839998850628,6.0
S00001,vRAN-DU,edge-A,571,DONE,17.24726,17.2562,8.940532999986317,8.940532999986317,0.078,6.159,2.703532999986318,0.0
S00009,IoT-GW,edge-A,620,DONE,17.24733,17.25621,8.881096000095567,8.881096000095567,6.599,1.525,0.7570960000955673,0.0
S00002,vRAN-DU,edge-B,583,DONE,17.25358,17.26271,9.12552699992375,9.12552699992375,0.127,8.05,0.9485269999237484,0.0
S00001,vRAN-DU,edge-A,572,DONE,17.2548,17.26556,10.763646999976118,10.763646999976118,0.091,10.162,0.5106469999761174,0.0
S00002,vRAN-DU,edge-B,584,DONE,17.25621,17.26514,8.924599000010858,8.924599000010858,0.11,5.169,3.6455990000108587,0.0
S00002,vRAN-DU,edge-B,585,DONE,17.26087,17.26794,7.06877000015993,7.06877000015993,1.228,5.295,0.5457700001599299,0.0
S00004,UPF,edge-B,586,DONE,17.26272,17.26924,6.524708000142709,6.524708000142709,1.743,4.288,0.49370800014270877,0.0
S00004,UPF,edge-B,587,DONE,17.27047,17.27474,4.270413000085682,4.270413000085682,0.051,3.799,0.42041300008568205,0.0
S00008,Transcoder,core-1,298,DONE,17.27056,17.27887,8.316881999917314,20.316881999917314,0.332,7.472,0.5128819999173135,6.0
S00010,IoT-GW,edge-B,579,DONE,17.27348,17.27846,4.9826100000700535,4.9826100000700535,0.057,4.387,0.5386100000700536,0.0
S00010,IoT-GW,edge-B,580,DONE,17.27383,17.27938,5.543432999957076,5.543432999957076,4.184,0.99,0.36943299995707624,0.0
S00010,IoT-GW,edge-B,581,DONE,17.28364,17.28569,2.0460309999634774,2.0460309999634774,0.255,1.266,0.5250309999634775,0.0
S00002,vRAN-DU,edge-B,586,DONE,17.28374,17.28964,5.899900000031266,5.899900000031266,0.062,3.823,2.014900000031266,0.0
S00002,vRAN-DU,edge-B,587,DONE,17.28965,17.29287,3.2241280000562256,3.2241280000562256,0.112,2.655,0.45712800005622567,0.0
S00010,IoT-GW,edge-B,582,DONE,17.29818,17.30006,1.8846100001610466,1.8846100001610466,0.078,1.16,0.6466100001610466,0.0
S00009,IoT-GW,edge-A,621,DONE,17.31443,17.31687,2.437668000084159,2.437668000084159,0.119,1.323,0.9956680000841591,0.0
S00003,UPF,edge-A,580,DONE,17.31691,17.31956,2.653650000183916,2.653650000183916,0.061,2.12,0.4726500001839158,0.0
S00004,UPF,edge-B,588,DONE,17.31827,17.32112,2.8592210001079366,2.8592210001079366,0.081,2.124,0.6542210001079365,0.0
S00002,vRAN-DU,edge-B,588,DONE,17.32113,17.3282,7.06560100002207,7.06560100002207,0.084,6.142,0.8396010000220704,0.0
S00003,UPF,edge-A,581,DONE,17.32125,17.32819,6.938369999943461,6.938369999943461,3.721,2.199,1.0183699999434612,0.0
S00003,UPF,edge-A,582,DONE,17.32564,17.33118,5.539096999882531,5.539096999882531,1.744,2.563,1.2320969998825313,0.0
S00004,UPF,edge-B,589,DONE,17.33045,17.33336,2.906627000129447,2.906627000129447,0.084,2.248,0.5746270001294467,0.0
S00009,IoT-GW,edge-A,622,DONE,17.33241,17.33576,3.3439710000493506,3.3439710000493506,0.093,1.523,1.7279710000493507,0.0
S00004,UPF,edge-B,590,DONE,17.33577,17.34057,4.800985999963814,4.800985999963814,0.093,3.681,1.0269859999638138,0.0
S00001,vRAN-DU,edge-A,573,DONE,17.33627,17.34186,5.584214000009524,5.584214000009524,0.083,4.99,0.5112140000095238,0.0
S00010,IoT-GW,edge-B,583,DONE,17.33853,17.34182,3.2937910000327975,3.2937910000327975,0.071,1.809,1.4137910000327973,0.0
S00001,vRAN-DU,edge-A,574,DONE,17.34609,17.35027,4.176585999857707,4.176585999857707,0.079,3.502,0.5955859998577075,0.0
S00010,IoT-GW,edge-B,584,DONE,17.35455,17.35659,2.039385999978549,2.039385999978549,0.094,1.205,0.7403859999785489,0.0
S00006,IMS-CSCF,edge-B,547,DONE,17.36316,17.36686,3.698936000091635,3.698936000091635,0.085,2.851,0.762936000091635,0.0
S00006,IMS-CSCF,edge-B,548,DONE,17.36565,17.37059,4.941244999827177,4.941244999827177,0.898,3.368,0.6752449998271772,0.0
S00005,IMS-CSCF,edge-A,581,DONE,17.3706,17.38439,13.792999999850508,13.792999999850508,0.111,12.478,1.2039999998505078,0.0
S00009,IoT-GW,edge-A,623,DONE,17.38328,17.38757,4.289829000072132,4.289829000072132,0.079,2.39,1.8208290000721319,0.0
S00008,Transcoder,core-1,299,DONE,17.38344,17.39296,9.514529000171024,21.514529000171024,0.088,8.724,0.7025290001710243,6.0
S00006,IMS-CSCF,edge-B,549,DONE,17.38352,17.3895,5.979668000009042,5.979668000009042,0.107,4.573,1.2996680000090413,0.0
S00004,UPF,edge-B,591,DONE,17.38758,17.39286,5.28468199991039,5.28468199991039,0.141,4.716,0.4276819999103898,0.0
S00010,IoT-GW,edge-B,585,DONE,17.39623,17.39887,2.6419979999445786,2.6419979999445786,0.239,1.768,0.6349979999445787,0.0
S00002,vRAN-DU,edge-B,589,DONE,17.39636,17.40021,3.85561999996753,3.85561999996753,0.102,3.082,0.6716199999675303,0.0
S00010,IoT-GW,edge-B,586,DONE,17.39902,17.40161,2.588422000144419,2.588422000144419,0.069,1.979,0.5404220001444191,0.0
S00004,UPF,edge-B,592,DONE,17.40139,17.4042,2.815201999965211,2.815201999965211,0.07,2.18,0.5652019999652111,0.0
S00009,IoT-GW,edge-A,624,DONE,17.40851,17.41117,2.6545939999778057,2.6545939999778057,0.091,1.853,0.7105939999778055,0.0
S00003,UPF,edge-A,583,DONE,17.41085,17.41376,2.909265999960553,2.909265999960553,0.045,2.272,0.5922659999605533,0.0
S00001,vRAN-DU,edge-A,575,DONE,17.42113,17.42897,7.845567999993364,7.845567999993364,0.117,6.83,0.8985679999933636,0.0
S00004,UPF,edge-B,593,DONE,17.42132,17.42898,7.6626360000773275,7.6626360000773275,0.09,6.818,0.754636000077328,0.0
S00003,UPF,edge-A,584,DONE,17.42266,17.42896,6.301278000137245,6.301278000137245,0.162,2.839,3.300278000137245,0.0
S00003,UPF,edge-A,585,DONE,17.42275,17.43297,10.22322200014969,10.22322200014969,3.114,5.095,2.01422200014969,0.0
S00005,IMS-CSCF,edge-A,582,DONE,17.42401,17.43105,7.044376000067132,7.044376000067132,4.127,2.037,0.8803760000671321,0.0
S00009,IoT-GW,edge-A,625,DONE,17.42899,17.43435,5.366895999941335,5.366895999941335,1.632,3.293,0.44189599994133477,0.0
S00006,IMS-CSCF,edge-B,550,DONE,17.42913,17.43106,1.9289759998173395,1.9289759998173395,0.073,1.299,0.5569759998173396,0.0
S00001,vRAN-DU,edge-A,576,DONE,17.43314,17.43815,5.0122400000418565,5.0122400000418565,0.091,4.645,0.2762400000418568,0.0
S00006,IMS-CSCF,edge-B,551,DONE,17.43436,17.43794,3.576991000045382,3.576991000045382,0.072,2.904,0.600991000045382,0.0
S00009,IoT-GW,edge-A,626,DONE,17.43794,17.43956,1.6186739999284327,1.6186739999284327,0.049,1.176,0.3936739999284329,0.0
S00009,IoT-GW,edge-A,627,DONE,17.43819,17.44064,2.4511019998954,2.4511019998954,1.094,0.952,0.40510199989539974,0.0
S00005,IMS-CSCF,edge-A,583,DONE,17.43944,17.44157,2.1355290000428795,2.1355290000428795,0.036,1.686,0.4135290000428795,0.0
S00009,IoT-GW,edge-A,628,DONE,17.44158,17.44481,3.2314840000253753,3.2314840000253753,0.077,2.467,0.6874840000253752,0.0
S00003,UPF,edge-A,586,DONE,17.44165,17.44423,2.5825319999057683,2.5825319999057683,0.099,1.87,0.613531999905768,0.0
S00007,Transcoder,core-1,346,DONE,17.44424,17.45125,7.009578999941368,17.00957899994137,0.072,6.306,0.6315789999413681,5.0
S00010,IoT-GW,edge-B,587,DONE,17.44433,17.44634,2.0127039999806584,2.0127039999806584,0.07,1.558,0.3847039999806583,0.0
S00005,IMS-CSCF,edge-A,584,DONE,17.45126,17.45358,2.3200240000278427,2.3200240000278427,0.06,1.829,0.4310240000278427,0.0
S00009,IoT-GW,edge-A,629,DONE,17.45475,17.4562,1.4431570000397187,1.4431570000397187,0.084,0.932,0.42715700003971857,0.0
S00003,UPF,edge-A,587,DONE,17.45484,17.45747,2.633453000044028,2.633453000044028,0.123,2.091,0.41945300004402775,0.0
S00001,vRAN-DU,edge-A,577,DONE,17.45968,17.46426,4.576639000106297,4.576639000106297,0.065,3.92,0.591639000106297,0.0
S00001,vRAN-DU,edge-A,578,DONE,17.45978,17.46439,4.618143000016062,4.618143000016062,0.113,4.155,0.350143000016061,0.0
S00010,IoT-GW,edge-B,588,DONE,17.46427,17.46627,2.003910999974323,2.003910999974323,0.082,1.213,0.708910999974323,0.0
S00005,IMS-CSCF,edge-A,585,DONE,17.46628,17.46909,2.81655599997066,2.81655599997066,0.064,1.275,1.4775559999706602,0.0
S00006,IMS-CSCF,edge-B,552,DONE,17.46645,17.4702,3.751271000055567,3.751271000055567,0.057,3.386,0.30827100005556707,0.0
S00002,vRAN-DU,edge-B,590,DONE,17.46885,17.47441,5.566740999938702,5.566740999938702,0.057,4.994,0.5157409999387017,0.0
S00003,UPF,edge-A,588,DONE,17.47146,17.4764,4.9368459999641345,4.9368459999641345,0.087,4.303,0.5468459999641349,0.0
S00001,vRAN-DU,edge-A,579,DONE,17.47274,17.47647,3.7306330000319576,3.7306330000319576,0.056,3.123,0.5516330000319574,0.0
S00009,IoT-GW,edge-A,630,DONE,17.49191,17.49582,3.9139199998317054,3.9139199998317054,0.088,3.205,0.6209199998317052,0.0
S00010,IoT-GW,edge-B,589,DONE,17.49209,17.49521,3.1248160000814096,3.1248160000814096,0.082,1.333,1.7098160000814098,0.0
S00009,IoT-GW,edge-A,631,DONE,17.49274,17.49919,6.448202000001402,6.448202000001402,3.792,1.417,1.239202000001402,0.0
S00004,UPF,edge-B,594,DONE,17.49522,17.49918,3.9637439999751223,3.9637439999751223,0.051,3.35,0.562743999975122,0.0
S00004,UPF,edge-B,595,DONE,17.50704,17.511,3.961591999996017,3.961591999996017,0.138,2.951,0.872591999996017,0.0
S00004,UPF,edge-B,596,DONE,17.51291,17.51766,4.741329000125916,4.741329000125916,0.128,3.881,0.7323290001259157,0.0
S00008,Transcoder,core-1,300,DONE,17.52413,17.53254,8.412960999976349,20.41296099997635,0.11,7.517,0.785960999976349,6.0
S00001,vRAN-DU,edge-A,580,DONE,17.52435,17.52955,5.203966999943077,5.203966999943077,0.128,4.395,0.6809669999430774,0.0
S00006,IMS-CSCF,edge-B,553,DONE,17.54296,17.54615,3.192582999872684,3.192582999872684,0.106,2.167,0.9195829998726843,0.0
S00001,vRAN-DU,edge-A,581,DONE,17.54312,17.54677,3.6503569999695173,3.6503569999695173,0.085,3.043,0.5223569999695172,0.0
S00001,vRAN-DU,edge-A,582,DONE,17.54905,17.55424,5.19512300002134,5.19512300002134,0.091,4.023,1.08112300002134,0.0
S00002,vRAN-DU,edge-B,591,DONE,17.54917,17.56064,11.472591000028842,11.472591000028842,0.074,8.16,3.2385910000288423,0.0
S00003,UPF,edge-A,589,DONE,17.5534,17.56319,9.791916000040146,9.791916000040146,0.094,8.824,0.8739160000401469,0.0
S00002,vRAN-DU,edge-B,592,DONE,17.5535,17.56066,7.151942000064082,7.151942000064082,0.244,4.814,2.0939420000640823,0.0
S00005,IMS-CSCF,edge-A,586,DONE,17.55654,17.56066,4.129411000121763,4.129411000121763,0.059,3.528,0.542411000121763,0.0
S00006,IMS-CSCF,edge-B,554,DONE,17.55685,17.56124,4.391789000010249,4.391789000010249,0.705,3.238,0.4487890000102488,0.0
S00003,UPF,edge-A,590,DONE,17.55718,17.56644,9.261532999971678,9.261532999971678,5.692,3.08,0.48953299997167754,0.0
S00002,vRAN-DU,edge-B,593,DONE,17.56977,17.57449,4.720628999848486,4.720628999848486,0.111,3.901,0.7086289998484867,0.0
S00008,Transcoder,core-1,301,DONE,17.57422,17.589,14.773128000115321,26.77312800011532,0.096,13.756,0.9211280001153206,6.0
S00003,UPF,edge-A,591,DONE,17.57433,17.5814,7.067156999937652,7.067156999937652,0.094,5.438,1.5351569999376515,0.0
S00003,UPF,edge-A,592,DONE,17.57571,17.5849,9.196993999921688,9.196993999921688,5.138,3.325,0.7339939999216876,0.0
S00003,UPF,edge-A,593,DONE,17.58043,17.58963,9.201322000080836,9.201322000080836,3.537,4.585,1.0793220000808361,0.0
S00010,IoT-GW,edge-B,590,DONE,17.58362,17.58745,3.8242929999796615,3.8242929999796615,0.099,2.992,0.7332929999796614,0.0
S00009,IoT-GW,edge-A,632,DONE,17.58616,17.58816,2.0088000001123874,2.0088000001123874,0.079,1.445,0.48480000011238733,0.0
S00002,vRAN-DU,edge-B,594,DONE,17.589,17.59319,4.190966000123808,4.190966000123808,0.147,3.472,0.5719660001238078,0.0
S00009,IoT-GW,edge-A,633,DONE,17.60162,17.60393,2.307460999873001,2.307460999873001,0.11,1.291,0.9064609998730013,0.0
S00009,IoT-GW,edge-A,634,DONE,17.60301,17.60521,2.200230999960695,2.200230999960695,0.249,1.239,0.7122309999606948,0.0
S00001,vRAN-DU,edge-A,583,DONE,17.60397,17.60718,3.207153999937873,3.207153999937873,0.048,2.834,0.32515399993787275,0.0
S00010,IoT-GW,edge-B,591,DONE,17.60838,17.61193,3.5496709999733866,3.5496709999733866,0.231,2.745,0.5736709999733867,0.0
S00002,vRAN-DU,edge-B,595,DONE,17.60851,17.61252,4.012290999980905,4.012290999980905,0.075,3.458,0.47929099998090496,0.0
S00004,UPF,edge-B,597,DONE,17.61075,17.61431,3.560594999953537,3.560594999953537,1.086,2.01,0.4645949999535368,0.0
S00001,vRAN-DU,edge-A,584,DONE,17.61373,17.61776,4.034809000131645,4.034809000131645,0.077,3.476,0.48180900013164507,0.0
S00006,IMS-CSCF,edge-B,555,DONE,17.61548,17.61692,1.4444759999605594,1.4444759999605594,0.047,1.094,0.3034759999605594,0.0
S00006,IMS-CSCF,edge-B,556,DONE,17.61777,17.61932,1.5514280000843428,1.5514280000843428,0.05,1.179,0.3224280000843427,0.0
S00001,vRAN-DU,edge-A,585,DONE,17.61903,17.62218,3.1463359998724627,3.1463359998724627,0.186,2.589,0.3713359998724628,0.0
S00006,IMS-CSCF,edge-B,557,DONE,17.62049,17.62217,1.677897000035955,1.677897000035955,0.055,1.286,0.336897000035955,0.0
S00003,UPF,edge-A,594,DONE,17.62638,17.6294,3.01943200020105,3.01943200020105,0.072,2.383,0.5644320002010499,0.0
S00009,IoT-GW,edge-A,635,DONE,17.63271,17.6348,2.0922539999901346,2.0922539999901346,0.114,1.268,0.7102539999901345,0.0
S00005,IMS-CSCF,edge-A,587,DONE,17.63292,17.6352,2.2827339998912066,2.2827339998912066,0.105,1.687,0.4907339998912066,0.0
S00010,IoT-GW,edge-B,592,DONE,17.63481,17.63802,3.2153619999917282,3.2153619999917282,0.082,2.529,0.6043619999917285,0.0
S00001,vRAN-DU,edge-A,586,DONE,17.63525,17.63832,3.078088999927786,3.078088999927786,0.044,2.76,0.27408899992778624,0.0
S00010,IoT-GW,edge-B,593,DONE,17.63567,17.63917,3.4954090001519944,3.4954090001519944,0.288,1.186,2.0214090001519947,0.0
S00005,IMS-CSCF,edge-A,588,DONE,17.6616,17.6677,6.092305000038323,6.092305000038323,0.107,3.701,2.2843050000383225,0.0
S00005,IMS-CSCF,edge-A,589,DONE,17.66303,17.66938,6.354244000021936,6.354244000021936,3.977,1.395,0.9822440000219359,0.0
S00010,IoT-GW,edge-B,594,DONE,17.66313,17.66531,2.181364000080066,2.181364000080066,0.092,1.102,0.9873640000800659,0.0
S00004,UPF,edge-B,598,DONE,17.66455,17.66721,2.663016000042262,2.663016000042262,0.048,2.181,0.43401600004226193,0.0
S00009,IoT-GW,edge-A,636,DONE,17.66939,17.67077,1.3826140000219311,1.3826140000219311,0.05,0.998,0.3346140000219311,0.0
S00006,IMS-CSCF,edge-B,558,DONE,17.67065,17.67258,1.9335829999818088,1.9335829999818088,0.071,1.355,0.5075829999818089,0.0
S00009,IoT-GW,edge-A,637,DONE,17.67378,17.67545,1.67576600006214,1.67576600006214,0.059,1.098,0.5187660000621399,0.0
S00005,IMS-CSCF,edge-A,590,DONE,17.68074,17.6836,2.8593439999440307,2.8593439999440307,0.13,1.873,0.8563439999440308,0.0
S00005,IMS-CSCF,edge-A,591,DONE,17.68215,17.68577,3.6190359999181965,3.6190359999181965,0.856,2.081,0.6820359999181966,0.0
S00004,UPF,edge-B,599,DONE,17.68225,17.68972,7.469401999969705,7.469401999969705,0.081,6.734,0.6544019999697044,0.0
S00008,Transcoder,core-1,302,DONE,17.68361,17.69866,15.047682999920653,27.047682999920653,0.085,14.276,0.6866829999206523,6.0
S00005,IMS-CSCF,edge-A,592,DONE,17.68367,17.68788,4.218509000111226,4.218509000111226,1.407,2.042,0.7695090001112259,0.0
S00009,IoT-GW,edge-A,638,DONE,17.68578,17.6879,2.1213449999777367,2.1213449999777367,0.043,1.581,0.4973449999777366,0.0
S00008,Transcoder,core-1,303,DONE,17.68932,17.69866,9.345745999780775,21.345745999780775,0.103,8.21,1.032745999780774,6.0
S00005,IMS-CSCF,edge-A,593,DONE,17.69397,17.69806,4.093874000091091,4.093874000091091,0.07,2.861,1.1628740000910907,0.0
S00002,vRAN-DU,edge-B,596,DONE,17.69597,17.70346,7.492198999898392,7.492198999898392,0.076,5.431,1.985198999898392,0.0
S00009,IoT-GW,edge-A,639,DONE,17.69604,17.69961,3.5733889999391977,3.5733889999391977,0.094,1.796,1.6833889999391978,0.0
S00001,vRAN-DU,edge-A,587,DONE,17.69871,17.70414,5.427249000149459,5.427249000149459,0.066,4.536,0.8252490001494595,0.0
S00009,IoT-GW,edge-A,640,DONE,17.70088,17.70248,1.5996849999737606,1.5996849999737606,0.061,1.076,0.46268499997376056,0.0
S00010,IoT-GW,edge-B,595,DONE,17.70096,17.70478,3.8143800002217176,3.8143800002217176,0.162,1.13,2.522380000221718,0.0
S00004,UPF,edge-B,600,DONE,17.70698,17.70992,2.943718000096851,2.943718000096851,0.05,2.46,0.43371800009685124,0.0
S00006,IMS-CSCF,edge-B,559,DONE,17.71314,17.71522,2.074713999945743,2.074713999945743,0.075,1.498,0.5017139999457432,0.0
S00007,Transcoder,core-1,347,DONE,17.71953,17.72857,9.047444000088944,19.047444000088944,0.107,8.006,0.9344440000889449,5.0
S00003,UPF,edge-A,595,DONE,17.72409,17.72878,4.6905869999136485,4.6905869999136485,0.096,3.947,0.6475869999136483,0.0
S00010,IoT-GW,edge-B,596,DONE,17.72555,17.72749,1.9350519999079552,1.9350519999079552,0.084,1.193,0.658051999907955,0.0
S00006,IMS-CSCF,edge-B,560,DONE,17.72858,17.73113,2.5517560000025696,2.5517560000025696,0.101,1.848,0.6027560000025696,0.0
S00004,UPF,edge-B,601,DONE,17.73004,17.7331,3.053146999945966,3.053146999945966,0.088,2.37,0.5951469999459658,0.0
S00003,UPF,edge-A,596,DONE,17.73231,17.73492,2.6137450001897378,2.6137450001897378,0.078,2.015,0.5207450001897378,0.0
S00006,IMS-CSCF,edge-B,561,DONE,17.7343,17.73618,1.8827930000497872,1.8827930000497872,0.06,1.233,0.5897930000497871,0.0
S00001,vRAN-DU,edge-A,588,DONE,17.7384,17.74225,3.8456629999927827,3.8456629999927827,0.081,3.183,0.5816629999927829,0.0
S00010,IoT-GW,edge-B,597,DONE,17.74345,17.74534,1.8986710001627216,1.8986710001627216,0.081,1.203,0.6146710001627216,0.0
S00005,IMS-CSCF,edge-A,594,DONE,17.74357,17.74563,2.0661590001509467,2.0661590001509467,0.067,1.606,0.3931590001509466,0.0
S00005,IMS-CSCF,edge-A,595,DONE,17.74479,17.74866,3.874866999922233,3.874866999922233,0.584,2.784,0.506866999922233,0.0
S00001,vRAN-DU,edge-A,589,DONE,17.74542,17.7487,3.2778830000097514,3.2778830000097514,0.084,2.465,0.7288830000097515,0.0
S00006,IMS-CSCF,edge-B,562,DONE,17.752,17.75464,2.6354709998486214,2.6354709998486214,0.079,1.905,0.6514709998486212,0.0
S00001,vRAN-DU,edge-A,590,DONE,17.75784,17.76149,3.6437060000480415,3.6437060000480415,0.095,2.852,0.6967060000480414,0.0
S00009,IoT-GW,edge-A,641,DONE,17.76124,17.76293,1.6918859998895641,1.6918859998895641,0.053,1.043,0.5958859998895643,0.0
S00010,IoT-GW,edge-B,598,DONE,17.76271,17.76514,2.436063999994076,2.436063999994076,0.077,1.847,0.5120639999940759,0.0
S00003,UPF,edge-A,597,DONE,17.76279,17.76514,2.3468740000680555,2.3468740000680555,0.049,1.711,0.5868740000680555,0.0
S00005,IMS-CSCF,edge-A,596,DONE,17.76515,17.76673,1.5869310000198311,1.5869310000198311,0.089,1.207,0.2909310000198311,0.0
S00005,IMS-CSCF,edge-A,597,DONE,17.77096,17.77268,1.7163410000193835,1.7163410000193835,0.057,1.244,0.41534100001938357,0.0
S00007,Transcoder,core-1,348,DONE,17.77224,17.77923,6.9805420000648155,16.980542000064816,0.258,6.213,0.5095420000648154,5.0
S00007,Transcoder,core-1,349,DONE,17.77231,17.78223,9.92241200015087,19.92241200015087,0.357,9.128,0.43741200015087145,5.0
S00001,vRAN-DU,edge-A,591,DONE,17.77741,17.78175,4.338381999787089,4.338381999787089,0.055,2.912,1.371381999787089,0.0
S00001,vRAN-DU,edge-A,592,DONE,17.78139,17.7851,3.7073029998282436,3.7073029998282436,0.043,3.14,0.5243029998282434,0.0
S00002,vRAN-DU,edge-B,597,DONE,17.79037,17.79367,3.3053069998913998,3.3053069998913998,0.086,2.743,0.4763069998914,0.0
S00003,UPF,edge-A,598,DONE,17.79303,17.7957,2.675583999916853,2.675583999916853,0.118,2.146,0.4115839999168531,0.0
S00009,IoT-GW,edge-A,642,DONE,17.79897,17.80056,1.5928549998989183,1.5928549998989183,0.069,1.077,0.4468549998989184,0.0
S00004,UPF,edge-B,602,DONE,17.80028,17.80307,2.794278999999733,2.794278999999733,0.082,2.107,0.605278999999733,0.0
S00004,UPF,edge-B,603,DONE,17.80426,17.80693,2.673984000011842,2.673984000011842,0.06,2.152,0.4619840000118418,0.0
S00009,IoT-GW,edge-A,643,DONE,17.80652,17.80835,1.8372350000390725,1.8372350000390725,0.271,1.133,0.43323500003907256,0.0
S00002,vRAN-DU,edge-B,598,DONE,17.81161,17.81583,4.214893000153097,4.214893000153097,0.08,3.482,0.6528930001530968,0.0
S00010,IoT-GW,edge-B,599,DONE,17.81583,17.81799,2.1546960001614934,2.1546960001614934,0.082,1.587,0.4856960001614936,0.0
S00002,vRAN-DU,edge-B,599,DONE,17.81767,17.82299,5.321918999925401,5.321918999925401,0.09,2.698,2.5339189999254015,0.0
S00002,vRAN-DU,edge-B,600,DONE,17.81774,17.82565,7.905924999931813,7.905924999931813,2.353,4.194,1.358924999931813,0.0
S00001,vRAN-DU,edge-A,593,DONE,17.81778,17.82363,5.850155999951312,5.850155999951312,0.091,5.15,0.6091559999513114,0.0
S00009,IoT-GW,edge-A,644,DONE,17.81781,17.82542,7.606720000012501,7.606720000012501,0.142,6.701,0.7637200000125013,0.0
S00006,IMS-CSCF,edge-B,563,DONE,17.81784,17.82604,8.204276000014943,8.204276000014943,2.879,4.959,0.36627600001494365,0.0
S00009,IoT-GW,edge-A,645,DONE,17.81803,17.82781,9.77794300001733,9.77794300001733,6.992,2.339,0.44694300001733067,0.0
S00001,vRAN-DU,edge-A,594,DONE,17.82029,17.82791,7.617651999908048,7.617651999908048,3.27,3.867,0.48065199990804874,0.0
S00001,vRAN-DU,edge-A,595,DONE,17.823,17.83058,7.575045000066893,7.575045000066893,4.557,2.586,0.43204500006689317,0.0
S00005,IMS-CSCF,edge-A,598,DONE,17.8249,17.83134,6.435447000058048,6.435447000058048,2.597,3.298,0.5404470000580477,0.0
S00002,vRAN-DU,edge-B,601,DONE,17.82496,17.82946,4.4942189999801485,4.4942189999801485,0.044,3.09,1.360218999980149,0.0
S00004,UPF,edge-B,604,DONE,17.83064,17.83298,2.334644999791635,2.334644999791635,0.049,1.919,0.36664499979163523,0.0
S00002,vRAN-DU,edge-B,602,DONE,17.83134,17.83521,3.868713999963802,3.868713999963802,0.043,3.549,0.27671399996380197,0.0
S00003,UPF,edge-A,599,DONE,17.83138,17.83516,3.777841999863085,3.777841999863085,0.046,3.183,0.5488419998630856,0.0
S00006,IMS-CSCF,edge-B,564,DONE,17.83298,17.83665,3.6658559999978024,3.6658559999978024,0.046,1.369,2.2508559999978024,0.0
S00001,vRAN-DU,edge-A,596,DONE,17.83665,17.83977,3.1139019999955053,3.1139019999955053,0.102,2.65,0.36190199999550554,0.0
S00001,vRAN-DU,edge-A,597,DONE,17.84299,17.85695,13.960127000018474,13.960127000018474,0.06,13.19,0.7101270000184741,0.0
S00006,IMS-CSCF,edge-B,565,DONE,17.84429,17.84876,4.467544000135604,4.467544000135604,0.212,3.704,0.5515440001356038,0.0
S00004,UPF,edge-B,605,DONE,17.84435,17.84824,3.8869300001351803,3.8869300001351803,0.057,3.293,0.5369300001351802,0.0
S00007,Transcoder,core-1,350,DONE,17.84438,17.85723,12.844913999970231,22.84491399997023,0.082,11.4,1.36291399997023,5.0
S00006,IMS-CSCF,edge-B,566,DONE,17.84772,17.85244,4.7276489999603655,4.7276489999603655,0.482,3.668,0.5776489999603651,0.0
S00002,vRAN-DU,edge-B,603,DONE,17.84876,17.85356,4.79594100011127,4.79594100011127,0.042,4.346,0.4079410001112702,0.0
S00005,IMS-CSCF,edge-A,599,DONE,17.85207,17.85854,6.463007999855108,6.463007999855108,0.089,5.636,0.7380079998551077,0.0
S00003,UPF,edge-A,600,DONE,17.85356,17.85998,6.414236999944478,6.414236999944478,2.872,3.093,0.4492369999444783,0.0
S00004,UPF,edge-B,606,DONE,17.8548,17.85696,2.163974999803031,2.163974999803031,0.048,1.623,0.49297499980303106,0.0
S00003,UPF,edge-A,601,DONE,17.85696,17.8622,5.232932999888362,5.232932999888362,1.579,2.12,1.5339329998883624,0.0
S00003,UPF,edge-A,602,DONE,17.85702,17.86496,7.940042999962316,7.940042999962316,3.832,2.56,1.5480429999623158,0.0
S00006,IMS-CSCF,edge-B,567,DONE,17.86946,17.87214,2.681697000070926,2.681697000070926,0.405,1.18,1.096697000070926,0.0
S00008,Transcoder,core-1,304,DONE,17.87439,17.88171,7.319513000084044,19.319513000084044,0.099,6.523,0.6975130000840437,6.0
S00008,Transcoder,core-1,305,DONE,17.8745,17.88165,7.1511740000005375,19.151174000000537,0.22,6.262,0.6691740000005382,6.0
S00005,IMS-CSCF,edge-A,600,DONE,17.8774,17.88308,5.675019000136672,5.675019000136672,0.092,1.692,3.891019000136672,0.0
S00003,UPF,edge-A,603,DONE,17.88295,17.88556,2.614860999983648,2.614860999983648,0.077,2.176,0.36186099998364796,0.0
S00008,Transcoder,core-1,306,DONE,17.88878,17.89965,10.873277000200687,22.873277000200687,0.088,10.342,0.4432770002006876,6.0
S00002,vRAN-DU,edge-B,604,DONE,17.89334,17.89753,4.19009899997036,4.19009899997036,0.104,3.254,0.8320989999703596,0.0
S00002,vRAN-DU,edge-B,605,DONE,17.89342,17.90209,8.66820999999618,8.66820999999618,0.331,7.861,0.47620999999617997,0.0
S00004,UPF,edge-B,607,DONE,17.89346,17.90111,7.653070000060325,7.653070000060325,3.627,3.592,0.4340700000603248,0.0
S00010,IoT-GW,edge-B,600,DONE,17.89663,17.90344,6.801272000075187,6.801272000075187,4.874,0.999,0.9282720000751873,0.0
S00006,IMS-CSCF,edge-B,568,DONE,17.89673,17.90341,6.6745519998221425,6.6745519998221425,4.065,1.775,0.8345519998221422,0.0
S00007,Transcoder,core-1,351,DONE,17.90464,17.91138,6.734305999998469,16.73430599999847,0.075,6.142,0.5173059999984684,5.0
S00003,UPF,edge-A,604,DONE,17.9094,17.9119,2.5044980000075157,2.5044980000075157,0.087,1.905,0.5124980000075154,0.0
S00007,Transcoder,core-1,352,DONE,17.91138,17.91979,8.407834000081493,18.407834000081493,0.049,7.902,0.45683400008149366,5.0
S00006,IMS-CSCF,edge-B,569,DONE,17.91309,17.91526,2.1733290000156558,2.1733290000156558,0.097,1.646,0.4303290000156559,0.0
S00010,IoT-GW,edge-B,601,DONE,17.91315,17.91501,1.8650209999577783,1.8650209999577783,0.27,0.947,0.6480209999577783,0.0
S00009,IoT-GW,edge-A,646,DONE,17.91502,17.91869,3.6661540000295645,3.6661540000295645,0.073,0.936,2.6571540000295646,0.0
S00004,UPF,edge-B,608,DONE,17.92099,17.92337,2.3850229999879957,2.3850229999879957,0.06,2.003,0.32202299998799555,0.0
S00009,IoT-GW,edge-A,647,DONE,17.92456,17.92621,1.657334999890736,1.657334999890736,0.093,0.927,0.637334999890736,0.0
S00010,IoT-GW,edge-B,602,DONE,17.9258,17.92706,1.2637269999231648,1.2637269999231648,0.055,0.865,0.3437269999231649,0.0
S00005,IMS-CSCF,edge-A,601,DONE,17.92824,17.9303,2.063549000013154,2.063549000013154,0.055,1.574,0.4345490000131538,0.0
S00004,UPF,edge-B,609,DONE,17.92947,17.93252,3.052788000104556,3.052788000104556,0.094,2.441,0.5177880001045563,0.0
S00003,UPF,edge-A,605,DONE,17.9303,17.93251,2.209007000146812,2.209007000146812,0.04,1.797,0.3720070001468121,0.0
S00010,IoT-GW,edge-B,603,DONE,17.9347,17.93668,1.9739670001399645,1.9739670001399645,0.054,0.961,0.9589670001399645,0.0
S00007,Transcoder,core-1,353,DONE,17.93595,17.95025,14.304983999863907,24.304983999863907,0.081,13.717,0.5069839998639072,5.0
S00004,UPF,edge-B,610,DONE,17.93604,17.93888,2.842936999968515,2.842936999968515,0.042,1.929,0.8719369999685151,0.0
S00002,vRAN-DU,edge-B,606,DONE,17.93829,17.94171,3.418085000021165,3.418085000021165,0.04,2.861,0.5170850000211646,0.0
S00008,Transcoder,core-1,307,DONE,17.94004,17.95169,11.655444000098214,23.655444000098214,0.068,11.241,0.34644400009821474,6.0
S00002,vRAN-DU,edge-B,607,DONE,17.94393,17.94698,3.044028999966031,3.044028999966031,0.058,2.672,0.31402899996603084,0.0
S00003,UPF,edge-A,606,DONE,17.94423,17.94744,3.212238000060097,3.212238000060097,0.077,2.603,0.5322380000600968,0.0
S00003,UPF,edge-A,607,DONE,17.94646,17.94953,3.0711460001384694,3.0711460001384694,0.917,1.84,0.3141460001384695,0.0
S00010,IoT-GW,edge-B,604,DONE,17.95026,17.95165,1.3867280001704785,1.3867280001704785,0.06,0.97,0.35672800017047845,0.0
S00005,IMS-CSCF,edge-A,602,DONE,17.95292,17.95474,1.8133620001208328,1.8133620001208328,0.064,1.375,0.37436200012083276,0.0
S00002,vRAN-DU,edge-B,608,DONE,17.9701,17.97654,6.446680000181004,6.446680000181004,0.085,2.53,3.8316800001810045,0.0
S00008,Transcoder,core-1,308,DONE,17.9703,17.97714,6.838668000000325,18.838668000000325,0.082,6.326,0.4306680000003258,6.0
S00006,IMS-CSCF,edge-B,570,DONE,17.97655,17.9784,1.8473360000825778,1.8473360000825778,0.106,1.307,0.4343360000825778,0.0
S00010,IoT-GW,edge-B,605,DONE,17.97959,17.98093,1.3384160001805867,1.3384160001805867,0.05,0.913,0.37541600018058663,0.0
S00002,vRAN-DU,edge-B,609,DONE,17.98317,17.98747,4.299148999962199,4.299148999962199,0.061,3.642,0.5961489999621992,0.0
S00004,UPF,edge-B,611,DONE,17.98326,17.98746,4.1988089999449585,4.1988089999449585,0.086,3.581,0.5318089999449582,0.0
S00001,vRAN-DU,edge-A,598,DONE,17.9833,17.99002,6.715229000064937,6.715229000064937,0.117,6.121,0.47722900006493685,0.0
S00008,Transcoder,core-1,309,DONE,17.98557,17.99314,7.5630549999914365,19.563054999991436,0.123,6.889,0.551054999991436,6.0
S00006,IMS-CSCF,edge-B,571,DONE,17.98622,17.99403,7.812904000047638,7.812904000047638,0.049,6.181,1.5829040000476375,0.0
S00009,IoT-GW,edge-A,648,DONE,17.98864,17.99545,6.8101389999810635,6.8101389999810635,0.122,6.234,0.45413899998106366,0.0
S00008,Transcoder,core-1,310,DONE,17.99527,18.00424,8.971670000164522,20.971670000164522,0.086,8.301,0.5846700001645218,6.0
S00005,IMS-CSCF,edge-A,603,DONE,17.99771,18.00292,5.209834999959639,5.209834999959639,0.099,4.009,1.1018349999596388,0.0
S00002,vRAN-DU,edge-B,610,DONE,17.99782,18.00423,6.407795999848531,6.407795999848531,0.125,5.751,0.5317959998485309,0.0
S00009,IoT-GW,edge-A,649,DONE,18.00082,18.00343,2.605261000098835,2.605261000098835,0.196,1.879,0.530261000098835,0.0
