sid,service,site,tier,seq,status,t_req,t_resp,measured_ms,e2e_ms,queue_ms,exec_ms,comm_ms,comm_user_gw_ms,comm_gw_site_ms,link_total_ms
S00003,Transcoder,core-1,core,1,DONE,0.02818,0.03952,11.340155000198138,21.340155000198138,0.128,6.891,4.321155000198138,2.623155000198137,1.6980000000000004,10.0
S00001,Transcoder,core-1,core,1,DONE,0.04281,0.05354,10.733457999776874,20.733457999776874,0.093,6.452,4.188457999776874,3.485457999776874,0.7030000000000003,10.0
S00002,Transcoder,cloud-1,cloud,1,DONE,0.05022,0.08295,32.72997799967925,84.72997799967925,0.129,15.398,17.20297799967925,6.812977999679248,10.390000000000002,52.0
S00004,Transcoder,cloud-1,cloud,1,DONE,0.05355,0.08297,29.4171529999403,81.4171529999403,0.076,17.349,11.992152999940298,7.8131529999403,4.1789999999999985,52.0
S00004,Transcoder,cloud-1,cloud,2,DONE,0.05365,0.0874,33.751560999917274,85.75156099991727,17.134,11.588,5.029560999917273,4.343560999917273,0.6859999999999999,52.0
S00003,Transcoder,core-1,core,2,DONE,0.05488,0.06925,14.36691399976553,24.36691399976553,0.078,12.496,1.7929139997655295,1.1289139997655298,0.6639999999999997,10.0
S00002,Transcoder,cloud-1,cloud,2,DONE,0.0592,0.09038,31.18414800019309,83.18414800019309,8.083,18.622,4.479148000193092,3.8991480001930903,0.5800000000000018,52.0
S00001,Transcoder,core-1,core,2,DONE,0.06348,0.08886,25.38033400014683,35.38033400014683,0.104,20.926,4.350334000146834,3.6043340001468316,0.7460000000000022,10.0
S00003,Transcoder,core-1,core,3,DONE,0.06357,0.09659,33.01972000008391,43.01972000008391,1.164,27.698,4.157720000083906,3.629720000083907,0.5279999999999987,10.0
S00004,Transcoder,cloud-1,cloud,3,DONE,0.06932,0.13213,62.81457200020668,114.81457200020668,11.238,41.253,10.323572000206681,1.4435720002066788,8.880000000000003,52.0
S00001,Transcoder,core-1,core,3,DONE,0.06941,0.09965,30.239306000112265,40.239306000112265,21.154,8.312,0.7733060001122638,0.35230600011226443,0.4209999999999994,10.0
S00002,Transcoder,cloud-1,cloud,3,DONE,0.08298,0.11965,36.67307500018069,88.67307500018069,3.67,32.064,0.9390750001806865,0.43607500018068635,0.5030000000000001,52.0
S00004,Transcoder,cloud-1,cloud,4,DONE,0.09039,0.13474,44.34647100015354,96.34647100015354,4.872,13.349,26.125471000153542,1.482471000153545,24.642999999999997,52.0
S00003,Transcoder,core-1,core,4,DONE,0.09567,0.10292,7.248473999879934,17.248473999879934,0.043,5.731,1.474473999879934,0.4924739998799339,0.9820000000000002,10.0
S00003,Transcoder,core-1,core,5,DONE,0.10422,0.11277,8.54630100002396,18.54630100002396,0.074,7.736,0.7363010000239596,0.33930100002395847,0.39700000000000113,10.0
S00003,Transcoder,core-1,core,6,DONE,0.10769,0.19102,83.33566500004963,93.33566500004963,0.363,78.191,4.781665000049628,3.4826650000496358,1.2989999999999924,10.0
S00003,Transcoder,core-1,core,7,DONE,0.11799,0.1971,79.10719499977859,89.10719499977859,0.053,78.056,0.9981949997785904,0.5081949997785813,0.4900000000000091,10.0
S00004,Transcoder,cloud-1,cloud,5,DONE,0.12184,0.13987,18.021076999957586,70.02107699995759,10.268,6.614,1.1390769999575845,0.49507699995758614,0.6439999999999984,52.0
S00004,Transcoder,cloud-1,cloud,6,DONE,0.14112,0.21554,74.41798599984395,126.41798599984395,0.088,72.625,1.7049859998439558,0.7289859998439567,0.9759999999999991,52.0
S00001,Transcoder,core-1,core,4,DONE,0.15552,0.20154,46.019982999951026,56.019982999951026,35.339,9.496,1.1849829999510249,0.5519829999510222,0.6330000000000027,10.0
S00003,Transcoder,core-1,core,8,DONE,0.16254,0.20571,43.176441000014165,53.176441000014165,33.7,7.491,1.9854410000141627,0.9684410000141668,1.016999999999996,10.0
S00002,Transcoder,cloud-1,cloud,4,DONE,0.17098,0.22053,49.54431800024395,101.54431800024395,0.12,7.07,42.35431800024395,0.7333180002439477,41.621,52.0
S00004,Transcoder,cloud-1,cloud,7,DONE,0.18145,0.22406,42.607633999978134,94.60763399997813,2.011,8.828,31.768633999978135,0.7536339999781347,31.015,52.0
S00003,Transcoder,core-1,core,9,DONE,0.19103,0.2923,101.26907999983814,111.26907999983814,10.015,88.115,3.1390799998381453,2.2120799998381386,0.9270000000000067,10.0
S00004,Transcoder,cloud-1,cloud,8,DONE,0.1984,0.22965,31.256784000106563,83.25678400010656,7.681,8.738,14.837784000106563,0.7127840001065628,14.125,52.0
S00001,Transcoder,core-1,core,5,DONE,0.20378,0.29505,91.26777300025424,101.26777300025424,0.348,89.288,1.6317730002542419,0.7107730002542354,0.9210000000000065,10.0
S00001,Transcoder,core-1,core,6,DONE,0.21776,0.30294,85.17402400002538,95.17402400002538,2.657,12.449,70.06802400002539,0.5220240000253824,69.546,10.0
S00002,Transcoder,cloud-1,cloud,5,DONE,0.22283,0.23322,10.381212000083906,62.381212000083906,0.058,8.547,1.7762120000839055,0.5602120000839061,1.2159999999999993,52.0
S00001,Transcoder,core-1,core,7,DONE,0.22298,0.30227,79.28897800002233,89.28897800002233,7.366,6.697,65.22597800002232,0.8729780000223286,64.353,10.0
S00002,Transcoder,cloud-1,cloud,6,DONE,0.2309,0.31947,88.56674200023917,140.56674200023917,0.061,87.638,0.8677420002391614,0.3707420002391757,0.4969999999999857,52.0
S00002,Transcoder,cloud-1,cloud,7,DONE,0.23646,0.32519,88.73630500011132,140.73630500011132,0.097,86.013,2.6263050001113157,2.006305000111311,0.6200000000000045,52.0
S00001,Transcoder,core-1,core,8,DONE,0.24077,0.39411,153.33755600022414,163.33755600022414,14.283,91.517,47.53755600022414,0.7295560002241359,46.80800000000001,10.0
S00001,Transcoder,core-1,core,9,DONE,0.24323,0.39049,147.2546360000706,157.2546360000706,15.601,85.723,45.930636000070606,0.7966360000706061,45.134,10.0
S00004,Transcoder,cloud-1,cloud,9,DONE,0.2627,0.33251,69.81291100009912,121.81291100009912,59.51,8.452,1.8509110000991171,0.898911000099119,0.9519999999999982,52.0
S00001,Transcoder,core-1,core,10,DONE,0.28216,0.40753,125.36702899978991,135.3670289997899,104.543,14.98,5.844028999789899,0.8680289997899138,4.975999999999985,10.0
S00003,Transcoder,core-1,core,10,DONE,0.28561,0.40983,124.22432499988645,134.22432499988645,105.979,14.969,3.276324999886455,1.5593249998864422,1.717000000000013,10.0
S00003,Transcoder,core-1,core,11,DONE,0.29016,0.49476,204.59999500008053,214.59999500008053,117.826,85.617,1.156995000080542,0.6809950000805145,0.4760000000000275,10.0
S00003,Transcoder,core-1,core,12,DONE,0.29231,0.5913,298.9908529998502,308.9908529998502,200.517,95.886,2.5878529998501563,0.43585299985016945,2.151999999999987,10.0
S00002,Transcoder,cloud-1,cloud,8,DONE,0.29875,0.33015,31.407143999786058,83.40714399978606,18.517,8.83,4.060143999786057,2.8151439997860592,1.2449999999999974,52.0
S00002,Transcoder,cloud-1,cloud,9,DONE,0.3102,0.42179,111.58248600031584,163.58248600031584,16.289,91.12,4.173486000315833,0.8664860003158452,3.306999999999988,52.0
S00001,Transcoder,core-1,core,11,DONE,0.31766,0.49292,175.26061399985338,185.26061399985338,87.783,84.641,2.8366139998533697,0.8076139998533733,2.0289999999999964,10.0
S00004,Transcoder,cloud-1,cloud,10,DONE,0.31849,0.42755,109.06742599991048,161.06742599991048,12.649,94.196,2.2224259999104845,0.504425999910481,1.7180000000000035,52.0
S00003,Transcoder,core-1,core,13,DONE,0.3252,0.59616,270.9522159998414,280.9522159998414,181.143,87.544,2.2652159998414163,0.660215999841455,1.6049999999999613,10.0
S00004,Transcoder,cloud-1,cloud,11,DONE,0.34704,0.44331,96.27473000000464,148.27473000000464,6.924,15.216,74.13473000000464,1.5577300000046392,72.577,52.0
S00001,Transcoder,core-1,core,12,DONE,0.35869,0.50071,142.01961899971138,152.01961899971138,132.68,7.689,1.6506189997113836,0.6676189997113795,0.9830000000000041,10.0
S00004,Transcoder,cloud-1,cloud,12,DONE,0.35937,0.52384,164.47484999980588,216.47484999980588,23.202,79.542,61.73084999980588,1.2228499998058737,60.50800000000001,52.0
S00003,Transcoder,core-1,core,14,DONE,0.36368,0.6055,241.821611999967,251.821611999967,231.765,7.195,2.8616119999670104,2.3436119999669813,0.5180000000000291,10.0
S00003,Transcoder,core-1,core,15,DONE,0.38516,0.69657,311.4188810000087,321.4188810000087,214.874,91.924,4.620881000008694,0.7508810000086896,3.8700000000000045,10.0
S00004,Transcoder,cloud-1,cloud,13,DONE,0.39381,0.61429,220.48341299978347,272.48341299978347,103.046,90.032,27.405412999783465,0.7894129997834796,26.615999999999985,52.0
S00003,Transcoder,core-1,core,16,DONE,0.39536,0.78943,394.0760659997977,404.0760659997977,300.826,91.298,1.9520659997976963,0.6960659997977245,1.2559999999999718,10.0
S00002,Transcoder,cloud-1,cloud,10,DONE,0.39967,0.44189,42.21519500015347,94.21519500015347,0.145,20.632,21.43819500015347,1.534195000153474,19.903999999999996,52.0
S00003,Transcoder,core-1,core,17,DONE,0.40401,0.79995,395.9428870002739,405.9428870002739,383.78,10.093,2.0698870002739227,1.1788870002739031,0.8910000000000196,10.0
S00003,Transcoder,core-1,core,18,DONE,0.40538,0.80579,400.41000000019267,410.41000000019267,393.524,5.748,1.138000000192676,0.534000000192691,0.603999999999985,10.0
S00002,Transcoder,cloud-1,cloud,11,DONE,0.40754,0.5196,112.06637499981298,164.06637499981298,21.242,77.268,13.556374999812974,0.7023749998129745,12.854,52.0
S00001,Transcoder,core-1,core,13,DONE,0.41204,0.5081,96.06214499990529,106.06214499990529,85.51,7.244,3.3081449999052808,0.9361449999052809,2.372,10.0
S00002,Transcoder,cloud-1,cloud,12,DONE,0.41875,0.61615,197.4044580001646,249.4044580001646,97.702,96.513,3.189458000164592,2.7164580001646073,0.47299999999998477,52.0
S00001,Transcoder,core-1,core,14,DONE,0.41893,0.59923,180.30384799976673,190.30384799976673,99.332,7.92,73.05184799976674,3.357847999766733,69.694,10.0
S00003,Transcoder,core-1,core,19,DONE,0.42115,0.89063,469.47987199973795,479.47987199973795,314.562,84.023,70.89487199973792,1.3488719997379803,69.54599999999994,10.0
S00004,Transcoder,cloud-1,cloud,14,DONE,0.47581,0.62249,146.67932700012898,198.67932700012898,102.873,6.254,37.55232700012897,0.7173270001289893,36.83499999999998,52.0
S00001,Transcoder,core-1,core,15,DONE,0.48049,0.68951,209.01947899983497,219.01947899983497,107.484,88.578,12.957478999834962,0.8124789998349797,12.144999999999982,10.0
S00003,Transcoder,core-1,core,20,DONE,0.48202,0.98911,507.0902419997765,517.0902419997765,399.277,97.859,9.954241999776514,0.5432419997764555,9.411000000000058,10.0
S00003,Transcoder,core-1,core,21,DONE,0.48548,0.99944,513.9555319997271,523.9555319997271,496.24,11.058,6.657531999727098,0.6925319997270662,5.965000000000032,10.0
S00002,Transcoder,cloud-1,cloud,13,DONE,0.48694,0.6203,133.36424499993882,185.36424499993882,100.668,6.208,26.488244999938814,4.2112449999388275,22.276999999999987,52.0
S00003,Transcoder,core-1,core,22,DONE,0.50008,1.00648,506.390411999746,516.390411999746,495.54,6.753,4.097411999745987,3.643411999745979,0.45400000000000773,10.0
S00004,Transcoder,cloud-1,cloud,15,DONE,0.502,0.71502,213.02334200026962,265.0233420002696,109.673,90.848,12.502342000269607,0.540342000269618,11.961999999999989,52.0
S00002,Transcoder,cloud-1,cloud,14,DONE,0.53227,0.62679,94.5212349997746,146.5212349997746,6.66,6.054,81.80723499977461,0.5992349997746089,81.208,52.0
S00004,Transcoder,cloud-1,cloud,16,DONE,0.53594,0.71593,179.99019399985627,231.99019399985627,13.101,88.649,78.24019399985627,0.7131939998562871,77.52699999999999,52.0
S00001,Transcoder,core-1,core,16,DONE,0.53614,0.69821,162.06918699981543,172.06918699981543,98.46,8.959,54.65018699981543,0.917186999815442,53.73299999999999,10.0
S00004,Transcoder,cloud-1,cloud,17,DONE,0.54054,0.72541,184.87453999978243,236.87453999978243,102.23,8.496,74.14853999978243,0.607539999782432,73.541,52.0
S00004,Transcoder,cloud-1,cloud,18,DONE,0.55106,0.82294,271.8793590001951,323.8793590001951,111.061,94.438,66.38035900019509,3.7123590001951356,62.66799999999995,52.0
S00001,Transcoder,core-1,core,17,DONE,0.5545,0.78946,234.95078199994168,244.95078199994168,108.237,89.955,36.758781999941675,0.7847819999416856,35.97399999999999,10.0
S00003,Transcoder,core-1,core,23,DONE,0.55469,1.09175,537.0591240002796,547.0591240002796,413.363,87.381,36.315124000279525,0.8381240002795494,35.476999999999975,10.0
S00003,Transcoder,core-1,core,24,DONE,0.58609,1.09934,513.2539890000771,523.2539890000771,500.925,7.64,4.688989000077129,0.8889890000771175,3.8000000000000114,10.0
S00003,Transcoder,core-1,core,25,DONE,0.5885,1.18849,599.9874509998335,609.9874509998335,508.812,88.559,2.616450999833546,1.1664509998335006,1.4500000000000455,10.0
S00004,Transcoder,cloud-1,cloud,19,DONE,0.59617,0.82866,232.4972629999138,284.4972629999138,205.744,8.358,18.395262999913797,0.6372629999137871,17.75800000000001,52.0
S00003,Transcoder,core-1,core,26,DONE,0.60551,1.19556,590.0475990001723,600.0475990001723,499.536,7.002,83.50959900017233,0.43959900017239306,83.06999999999994,10.0
S00003,Transcoder,core-1,core,27,DONE,0.60563,1.20319,597.5628549999783,607.5628549999783,506.733,7.414,83.41585499997825,0.5388549999782981,82.87699999999995,10.0
S00001,Transcoder,core-1,core,18,DONE,0.61299,0.80073,187.74168100026145,197.74168100026145,101.376,10.148,76.21768100026145,0.5836810002614641,75.63399999999999,10.0
S00001,Transcoder,core-1,core,19,DONE,0.61314,0.88943,276.29174400044576,286.29174400044576,111.715,88.178,76.39874400044576,0.623744000445754,75.775,10.0
S00001,Transcoder,core-1,core,20,DONE,0.62151,0.89932,277.81445099981283,287.81445099981283,201.015,9.171,67.62845099981286,1.47045099981284,66.15800000000002,10.0
S00003,Transcoder,core-1,core,28,DONE,0.63717,1.29565,658.4752059998209,668.4752059998209,514.361,91.88,52.234205999820915,1.4782059998209434,50.75599999999997,10.0
S00002,Transcoder,cloud-1,cloud,15,DONE,0.64277,0.72539,82.61932100003833,134.61932100003833,1.948,9.285,71.38632100003832,0.7233210000383252,70.663,52.0
S00003,Transcoder,core-1,core,29,DONE,0.64308,1.31079,667.7101180002865,677.7101180002865,606.835,11.538,49.33711800028641,4.020118000286402,45.31700000000001,10.0
S00004,Transcoder,cloud-1,cloud,20,DONE,0.64645,0.92548,279.02562200006287,331.02562200006287,201.136,10.68,67.20962200006286,0.56962200006285,66.64000000000001,52.0
S00004,Transcoder,cloud-1,cloud,21,DONE,0.6483,1.01816,369.85974699973667,421.85974699973667,212.284,92.124,65.45174699973666,2.1167469997366766,63.33499999999998,52.0
S00002,Transcoder,cloud-1,cloud,16,DONE,0.64845,0.81907,170.62715500014747,222.62715500014747,11.491,93.443,65.69315500014747,2.3661550001474723,63.327,52.0
S00001,Transcoder,core-1,core,21,DONE,0.65904,0.98834,329.29419799984316,339.29419799984316,210.901,87.833,30.560197999843126,1.053197999843178,29.506999999999948,10.0
S00003,Transcoder,core-1,core,30,DONE,0.65927,1.38991,730.6342110000514,740.6342110000514,616.412,84.047,30.175211000051377,1.1822110000514385,28.992999999999938,10.0
S00001,Transcoder,core-1,core,22,DONE,0.65944,0.99608,336.6457619999892,346.6457619999892,300.658,6.257,29.73076199998917,0.9397619999891731,28.790999999999997,10.0
S00001,Transcoder,core-1,core,23,DONE,0.66282,1.08779,424.96669500042117,434.96669500042117,310.756,87.828,26.382695000421222,0.6336950004211417,25.74900000000008,10.0
S00004,Transcoder,cloud-1,cloud,22,DONE,0.67346,1.03179,358.32791700022426,410.32791700022426,305.563,12.351,40.413917000224274,1.0829170002242563,39.33100000000002,52.0
S00004,Transcoder,cloud-1,cloud,23,DONE,0.67712,1.03302,355.8968139996068,407.8968139996068,312.527,6.693,36.67681399960685,0.9648139996068039,35.712000000000046,52.0
S00003,Transcoder,core-1,core,31,DONE,0.67964,1.39691,717.2693289999188,727.2693289999188,700.67,7.181,9.4183289999188,0.7973289999188182,8.620999999999981,10.0
S00002,Transcoder,cloud-1,cloud,17,DONE,0.68208,0.91501,232.93237999996563,284.93237999996563,105.341,95.552,32.03937999996563,0.9173799999656467,31.121999999999986,52.0
S00002,Transcoder,cloud-1,cloud,18,DONE,0.68554,0.91864,233.09820800022862,285.0982080002286,115.448,86.604,31.04620800022863,3.689208000228632,27.357,52.0
S00002,Transcoder,cloud-1,cloud,19,DONE,0.69659,0.92894,232.3407160001807,284.3407160001807,202.25,12.807,17.283716000180704,0.7847160001806799,16.499000000000024,52.0
S00002,Transcoder,cloud-1,cloud,20,DONE,0.70265,1.01866,316.01101000023846,368.01101000023846,215.233,89.177,11.601010000238432,1.2360100002384797,10.364999999999952,52.0
S00002,Transcoder,cloud-1,cloud,21,DONE,0.70914,1.02533,316.1958919999961,368.1958919999961,305.655,5.838,4.702891999996098,0.8118919999960781,3.8910000000000196,52.0
S00004,Transcoder,cloud-1,cloud,24,DONE,0.70935,1.12325,413.8998650000758,465.8998650000758,320.112,86.279,7.508865000075787,0.8118650000757839,6.697000000000003,52.0
S00001,Transcoder,core-1,core,24,DONE,0.71387,1.09515,381.28467900014584,391.28467900014584,299.762,7.148,74.37467900014582,0.6416790001458708,73.73299999999995,10.0
S00001,Transcoder,core-1,core,25,DONE,0.71478,1.10261,387.8298630002064,397.8298630002064,307.079,7.172,73.57886300020635,0.7778630002063665,72.80099999999999,10.0
S00003,Transcoder,core-1,core,32,DONE,0.72878,1.49213,763.3527660000254,773.3527660000254,609.953,93.634,59.76576600002545,0.8057660000254145,58.960000000000036,10.0
S00003,Transcoder,core-1,core,33,DONE,0.74692,1.5892,842.2840459998042,852.2840459998042,703.814,96.412,42.05804599980422,1.0190459998042343,41.03899999999999,10.0
S00002,Transcoder,cloud-1,cloud,22,DONE,0.74712,1.11852,371.39279399980296,423.39279399980296,218.998,85.799,66.59579399980294,0.5987939998029788,65.99699999999996,52.0
S00003,Transcoder,core-1,core,34,DONE,0.75767,1.60184,844.1704229999232,854.1704229999232,800.844,12.563,30.763422999923137,0.9374229999232284,29.825999999999908,10.0
S00003,Transcoder,core-1,core,35,DONE,0.76439,1.69423,929.8393390004094,939.8393390004094,813.949,91.381,24.509339000409454,1.3163390004093571,23.193000000000097,10.0
S00003,Transcoder,core-1,core,36,DONE,0.80277,1.70943,906.6647390000071,916.6647390000071,889.069,16.235,1.360739000007129,0.6817390000071555,0.6789999999999736,10.0
S00001,Transcoder,core-1,core,26,DONE,0.80295,1.19334,390.39141000012023,400.39141000012023,298.826,89.872,1.6934100001201955,0.9954100001202164,0.6979999999999791,10.0
S00002,Transcoder,cloud-1,cloud,23,DONE,0.81216,1.1286,316.43618099997184,368.43618099997184,305.032,10.024,1.3801809999718557,0.6741809999718384,0.7060000000000173,52.0
S00001,Transcoder,core-1,core,27,DONE,0.81571,1.20116,385.450941000272,395.450941000272,302.966,6.769,75.71594100027198,1.9209410002720233,73.79499999999996,10.0
S00003,Transcoder,core-1,core,37,DONE,0.82998,1.7977,967.7220010003111,977.7220010003111,818.486,88.467,60.769001000311164,1.1070010003111292,59.662000000000035,10.0
S00003,Transcoder,core-1,core,38,DONE,0.83854,1.89234,1053.8034490000427,1063.8034490000427,908.375,93.64,51.78844900004276,0.8214490000427759,50.966999999999985,10.0
S00004,Transcoder,cloud-1,cloud,25,DONE,0.85365,1.12601,272.35990500003027,324.35990500003027,206.484,5.579,60.29690500003025,0.9669050000302946,59.329999999999956,52.0
S00001,Transcoder,core-1,core,28,DONE,0.85828,1.28964,431.3603699997657,441.3603699997657,309.923,89.234,32.2033699997657,0.9673699997657081,31.23599999999999,10.0
S00004,Transcoder,cloud-1,cloud,26,DONE,0.86754,1.21759,350.0517749998835,402.0517749998835,215.448,88.359,46.244774999883475,0.7377749998834702,45.507000000000005,52.0
S00002,Transcoder,cloud-1,cloud,24,DONE,0.87009,1.21443,344.33507299991106,396.33507299991106,212.253,88.134,43.94807299991106,0.6380729999110599,43.31,52.0
S00003,Transcoder,core-1,core,39,EXPIRED,0.88761,1.89257,,,1002.232,,,,,
S00003,Transcoder,core-1,core,40,DONE,0.90567,1.99091,1085.2399129998958,1095.2399129998958,904.242,98.483,82.51491299989584,0.6169129998957033,81.89800000000014,10.0
S00004,Transcoder,cloud-1,cloud,27,DONE,0.91265,1.22514,312.49111000033736,364.49111000033736,303.033,6.931,2.527110000337359,1.7921100003373454,0.7350000000000136,52.0
S00002,Transcoder,cloud-1,cloud,25,DONE,0.91282,1.22273,309.90630800033614,361.90630800033614,299.279,8.3,2.3273080003361315,1.8663080003361188,0.46100000000001273,52.0
S00003,Transcoder,core-1,core,41,EXPIRED,0.92094,1.98922,,,1000.015,,,,,
S00001,Transcoder,core-1,core,29,DONE,0.92116,1.29799,376.83391400014443,386.83391400014443,301.256,8.069,67.50891400014444,1.076914000144427,66.43200000000002,10.0
S00003,Transcoder,core-1,core,42,EXPIRED,0.92244,1.98923,,,1000.004,,,,,
S00002,Transcoder,cloud-1,cloud,26,DONE,0.92372,1.31474,391.02332400034356,443.02332400034356,298.006,90.905,2.1123240003436194,0.7043240003435471,1.4080000000000723,52.0
S00003,Transcoder,core-1,core,43,EXPIRED,0.92504,1.98924,,,1000.0,,,,,
S00002,Transcoder,cloud-1,cloud,27,DONE,0.92668,1.32265,395.97499399997105,447.97499399997105,386.494,8.354,1.1269939999710346,0.5079939999710632,0.6189999999999714,52.0
S00004,Transcoder,cloud-1,cloud,28,DONE,0.93015,1.31512,384.97007700016184,436.97007700016184,211.231,88.8,84.93907700016183,0.4180770001618157,84.52100000000002,52.0
S00002,Transcoder,cloud-1,cloud,28,DONE,0.93468,1.32821,393.5230759998376,445.5230759998376,307.502,6.399,79.62207599983759,0.646075999837592,78.976,52.0
S00004,Transcoder,cloud-1,cloud,29,DONE,0.94929,1.32161,372.32167399997707,424.32167399997707,300.781,6.478,65.06267399997705,0.9626739999770848,64.09999999999997,52.0
S00004,Transcoder,cloud-1,cloud,30,DONE,0.94948,1.4137,464.2213410002114,516.2213410002114,308.565,90.718,64.93834100021138,0.9103410002114174,64.02799999999996,52.0
S00003,Transcoder,core-1,core,44,EXPIRED,0.95188,1.98924,,,1000.564,,,,,
S00002,Transcoder,cloud-1,cloud,29,DONE,0.96295,1.42031,457.35861599996497,509.35861599996497,314.719,90.923,51.71661599996497,0.8106159999649662,50.906000000000006,52.0
S00002,Transcoder,cloud-1,cloud,30,DONE,0.96316,1.4276,464.44432099997357,516.4443209999736,405.91,7.404,51.13032099997355,0.7543209999735723,50.375999999999976,52.0
S00004,Transcoder,cloud-1,cloud,31,DONE,0.97468,1.42274,448.0554970000412,500.0554970000412,399.48,7.567,41.00849700004119,2.2514970000412404,38.75699999999995,52.0
S00004,Transcoder,cloud-1,cloud,32,DONE,0.97724,1.4302,452.9550299998846,504.9550299998846,407.333,8.671,36.951029999884554,0.5630299998845771,36.38799999999998,52.0
S00002,Transcoder,cloud-1,cloud,31,DONE,0.99743,1.51511,517.6846469998964,569.6846469998964,413.564,86.897,17.223646999896346,0.7986469998963912,16.424999999999955,52.0
S00002,Transcoder,cloud-1,cloud,32,DONE,1.01274,1.52712,514.377618999788,566.377618999788,501.034,11.691,1.6526189997879328,0.6696189997879856,0.9829999999999472,52.0
S00004,Transcoder,cloud-1,cloud,33,DONE,1.01989,1.53138,511.4869159997397,563.4869159997397,407.607,100.408,3.4719159997396787,0.5019159997397082,2.9699999999999704,52.0
S00002,Transcoder,cloud-1,cloud,33,DONE,1.02535,1.62181,596.4619080000375,648.4619080000375,505.002,90.301,1.1589080000375134,0.43390800003749064,0.7250000000000227,52.0
S00003,Transcoder,core-1,core,45,DONE,1.03428,1.99753,963.2515090002016,973.2515090002016,901.231,8.091,53.92950900020162,0.6305090002016414,53.29899999999998,10.0
S00003,Transcoder,core-1,core,46,DONE,1.03657,2.00528,968.7152219999007,978.7152219999007,909.768,7.045,51.90222199990069,0.7192219999006966,51.18299999999999,10.0
S00004,Transcoder,cloud-1,cloud,34,DONE,1.04294,1.61475,571.8131949997769,623.8131949997769,411.805,85.902,74.1061949997769,0.5741949997768643,73.53200000000004,52.0
S00003,Transcoder,core-1,core,47,EXPIRED,1.05086,2.08851,,,1000.37,,,,,
S00002,Transcoder,cloud-1,cloud,34,DONE,1.05225,1.6324,580.1444849998916,632.1444849998916,506.989,9.746,63.40948499989156,0.44748499989157153,62.96199999999999,52.0
S00003,Transcoder,core-1,core,48,EXPIRED,1.06428,2.09108,,,1000.366,,,,,
S00004,Transcoder,cloud-1,cloud,35,DONE,1.06635,1.62251,556.1572030001116,608.1572030001116,497.994,9.148,49.01520300011157,0.5502030001116509,48.46499999999992,52.0
S00004,Transcoder,cloud-1,cloud,36,DONE,1.07724,1.63066,553.4219730002405,605.4219730002405,507.633,7.366,38.42297300024052,0.7979730002405176,37.625,52.0
S00001,Transcoder,core-1,core,30,DONE,1.07742,1.30551,228.0933490001189,238.0933490001189,209.53,7.464,11.099349000118906,0.6043490001189014,10.495000000000005,10.0
S00004,Transcoder,cloud-1,cloud,37,DONE,1.08288,1.73201,649.1316169999664,701.1316169999664,517.101,98.325,33.70561699996631,0.824616999966338,32.88099999999997,52.0
S00003,Transcoder,core-1,core,49,EXPIRED,1.08532,2.09109,,,1000.358,,,,,
S00001,Transcoder,core-1,core,31,DONE,1.08548,1.39483,309.3475689997831,319.3475689997831,219.732,83.434,6.18156899978311,4.039568999783114,2.141999999999996,10.0
S00004,Transcoder,cloud-1,cloud,38,DONE,1.09125,1.81653,725.2858209999431,777.2858209999431,617.488,83.224,24.573820999942996,0.6608209999430983,23.912999999999897,52.0
S00002,Transcoder,cloud-1,cloud,35,DONE,1.1059,1.73491,629.0109760002451,681.0109760002451,516.23,100.855,11.9259760002451,2.962976000245135,8.962999999999965,52.0
S00003,Transcoder,core-1,core,50,DONE,1.11041,2.09645,986.0323470002186,996.0323470002186,900.266,7.716,78.05034700021861,0.6193470002185677,77.43100000000004,10.0
S00003,Transcoder,core-1,core,51,DONE,1.12326,2.19082,1067.5596260002749,1077.5596260002749,908.213,90.959,68.38762600027485,3.2756260002747695,65.11200000000008,10.0
S00004,Transcoder,cloud-1,cloud,39,DONE,1.1319,1.82671,694.8138329998983,746.8138329998983,604.927,8.504,81.38283299989826,0.4828329998982781,80.89999999999998,52.0
S00003,Transcoder,core-1,core,52,DONE,1.1394,2.19086,1051.459677999901,1061.459677999901,914.426,87.477,49.55667799990101,0.9166779999011396,48.63999999999987,10.0
S00001,Transcoder,core-1,core,32,DONE,1.13996,1.49033,350.37506299977395,360.37506299977395,203.037,97.177,50.16106299977395,1.2510629997739215,48.910000000000025,10.0
S00004,Transcoder,cloud-1,cloud,40,DONE,1.14662,1.92682,780.1977590002025,832.1977590002025,617.748,93.705,68.74475900020241,2.4017590002024463,66.34299999999996,52.0
S00001,Transcoder,core-1,core,33,DONE,1.14725,1.50325,356.0025609999684,366.0025609999684,300.695,9.547,45.76056099996839,0.46256099996838884,45.298,10.0
S00002,Transcoder,cloud-1,cloud,36,DONE,1.14884,1.81764,668.8068349999412,720.8068349999412,518.116,86.044,64.64683499994123,0.455834999941203,64.19100000000003,52.0
S00002,Transcoder,cloud-1,cloud,37,DONE,1.19277,1.83048,637.7123639999809,689.7123639999809,603.995,13.219,20.498363999980825,0.48936399998092384,20.0089999999999,52.0
S00004,Transcoder,cloud-1,cloud,41,DONE,1.20118,2.01463,813.45105399987,865.45105399987,707.585,93.368,12.49805399987008,0.652053999870077,11.846000000000004,52.0
S00003,Transcoder,core-1,core,53,DONE,1.20645,2.20273,996.2813480001387,1006.2813480001387,902.723,8.627,84.93134800013877,3.934348000138698,80.99700000000007,10.0
S00003,Transcoder,core-1,core,54,DONE,1.21006,2.28957,1079.5110519998161,1089.5110519998161,911.659,89.936,77.91605199981609,0.6120519998162308,77.30399999999986,10.0
S00004,Transcoder,cloud-1,cloud,42,DONE,1.22188,2.02286,800.9891619999507,852.9891619999507,791.318,6.925,2.7461619999508002,2.0211619999507775,0.7250000000000227,52.0
S00003,Transcoder,core-1,core,55,EXPIRED,1.22738,2.28869,,,1000.079,,,,,
S00003,Transcoder,core-1,core,56,EXPIRED,1.23532,2.2887,,,1000.075,,,,,
S00001,Transcoder,core-1,core,34,DONE,1.24818,1.58988,341.69172700012496,351.69172700012496,215.611,85.508,40.572727000124985,1.0387270001249362,39.53400000000005,10.0
S00003,Transcoder,core-1,core,57,EXPIRED,1.25672,2.2888,,,1000.067,,,,,
S00004,Transcoder,cloud-1,cloud,43,DONE,1.2813,2.03066,749.3635769997127,801.3635769997127,707.951,8.798,32.614576999712654,0.6875769997126326,31.92700000000002,52.0
S00002,Transcoder,cloud-1,cloud,38,DONE,1.28972,1.91446,624.743166999906,676.743166999906,513.419,86.825,24.499166999905924,0.6401669999060005,23.858999999999924,52.0
S00004,Transcoder,cloud-1,cloud,44,DONE,1.29888,2.11649,817.6102789998367,869.6102789998367,717.405,85.193,15.01227899983678,0.9972789998366807,14.0150000000001,52.0
S00002,Transcoder,cloud-1,cloud,39,DONE,1.31408,1.92134,607.2596669996528,659.2596669996528,595.192,6.299,5.768666999652851,1.5866669996528344,4.182000000000016,52.0
S00004,Transcoder,cloud-1,cloud,45,DONE,1.32797,2.12737,799.4027839999944,851.4027839999944,787.501,10.088,1.8137839999944845,0.6297839999944017,1.1840000000000828,52.0
S00002,Transcoder,cloud-1,cloud,40,DONE,1.32808,2.02002,691.9451700000536,743.9451700000536,596.456,93.87,1.6191700000536002,0.5701700000536221,1.0489999999999782,52.0
S00003,Transcoder,core-1,core,58,DONE,1.33865,2.30412,965.4626579999785,975.4626579999785,901.554,12.665,51.24365799997861,0.7256579999785799,50.51800000000003,10.0
S00001,Transcoder,core-1,core,35,DONE,1.34217,1.60693,264.75953199997093,274.75953199997093,200.098,13.844,50.817531999970925,4.133531999970955,46.68399999999997,10.0
S00003,Transcoder,core-1,core,59,DONE,1.3477,2.39544,1047.7401160001136,1057.7401160001136,914.403,91.449,41.888116000113655,0.6481160001135322,41.24000000000012,10.0
S00003,Transcoder,core-1,core,60,EXPIRED,1.35222,2.39226,,,1002.478,,,,,
S00001,Transcoder,core-1,core,36,DONE,1.35685,1.69225,335.39686399990387,345.39686399990387,214.599,87.862,32.93586399990386,0.5758639999038451,32.360000000000014,10.0
S00004,Transcoder,cloud-1,cloud,46,DONE,1.36526,2.21487,849.6026949997031,901.6026949997031,762.507,85.38,1.715694999703146,0.9006949997030915,0.8150000000000546,52.0
S00002,Transcoder,cloud-1,cloud,41,DONE,1.38478,2.02683,642.0503960002861,694.0503960002861,633.693,6.96,1.3973960002861077,0.7653960002861595,0.6319999999999482,52.0
S00003,Transcoder,core-1,core,61,DONE,1.40216,2.40883,1006.6626760003601,1016.6626760003601,992.247,12.429,1.9866760003601485,0.43667600036008025,1.5500000000000682,10.0
S00004,Transcoder,cloud-1,cloud,47,DONE,1.40551,2.22755,822.0392059997721,874.0392059997721,808.818,11.948,1.2732059997721308,0.6812059997721462,0.5919999999999845,52.0
S00002,Transcoder,cloud-1,cloud,42,DONE,1.40893,2.11564,706.7091330000039,758.7091330000039,616.859,88.497,1.353133000003936,0.6621330000039052,0.6910000000000309,52.0
S00002,Transcoder,cloud-1,cloud,43,DONE,1.41949,2.12834,708.8410569999724,760.8410569999724,694.192,12.794,1.855056999972362,0.8600569999723575,0.9950000000000045,52.0
S00003,Transcoder,core-1,core,62,DONE,1.4335,2.49139,1057.8923439998107,1067.8923439998107,974.728,81.878,1.286343999810697,0.6423439998106915,0.6440000000000055,10.0
S00001,Transcoder,core-1,core,37,DONE,1.44823,1.70866,260.42783200000486,270.42783200000486,244.809,14.102,1.5168320000048539,0.6238320000048816,0.8929999999999723,10.0
S00002,Transcoder,cloud-1,cloud,44,DONE,1.46215,2.21557,753.4291229999326,805.4291229999326,612.672,88.02,52.73712299993258,0.9061229999325633,51.83100000000002,52.0
S00002,Transcoder,cloud-1,cloud,45,DONE,1.46368,2.22225,758.5701630000585,810.5701630000585,699.913,7.399,51.258163000058516,0.6571630000585174,50.601,52.0
S00004,Transcoder,cloud-1,cloud,48,DONE,1.46717,2.31867,851.4953260000766,903.4953260000766,713.512,90.458,47.52532600007669,0.5863260000766104,46.93900000000008,52.0
S00001,Transcoder,core-1,core,38,DONE,1.47374,1.79934,325.59708999997383,335.59708999997383,234.394,89.567,1.6360899999738194,0.7780899999738153,0.8580000000000041,10.0
S00004,Transcoder,cloud-1,cloud,49,DONE,1.47398,2.32333,849.3556250000438,901.3556250000438,801.94,6.359,41.05662500004371,0.9816250000437776,40.07499999999993,52.0
S00001,Transcoder,core-1,core,39,DONE,1.47938,1.89354,414.1587590002018,424.1587590002018,319.847,93.087,1.224759000201857,0.547759000201836,0.6770000000000209,10.0
S00002,Transcoder,cloud-1,cloud,46,DONE,1.48605,2.2286,742.5538590000542,794.5538590000542,707.507,6.404,28.642859000054273,0.6668590000542736,27.976,52.0
S00003,Transcoder,core-1,core,63,EXPIRED,1.48626,2.49087,,,1000.115,,,,,
S00001,Transcoder,core-1,core,40,DONE,1.49341,1.98925,495.8465609997802,505.8465609997802,404.907,89.757,1.1825609997802076,0.5365609997801926,0.646000000000015,10.0
S00003,Transcoder,core-1,core,64,DONE,1.4961,2.50303,1006.9220519999362,1016.9220519999362,994.264,10.577,2.0810519999362214,1.3210519999362305,0.7599999999999909,10.0
S00003,Transcoder,core-1,core,65,DONE,1.49869,2.59632,1097.6321489997645,1107.6321489997645,996.104,92.701,8.827148999764404,0.7151489997645513,8.111999999999853,10.0
S00001,Transcoder,core-1,core,41,DONE,1.51032,2.08825,577.9274669998813,587.9274669998813,402.096,97.062,78.76946699988127,0.7174669998812533,78.05200000000002,10.0
S00003,Transcoder,core-1,core,66,EXPIRED,1.51048,2.59275,,,1000.767,,,,,
S00002,Transcoder,cloud-1,cloud,47,DONE,1.52159,2.31651,794.9232389996723,846.9232389996723,706.811,86.696,1.4162389996722595,0.7862389996723778,0.6299999999998818,52.0
S00004,Transcoder,cloud-1,cloud,50,DONE,1.52433,2.41588,891.5547340002377,943.5547340002377,797.785,91.947,1.8227340002376877,0.6217340002376659,1.2010000000000218,52.0
S00003,Transcoder,core-1,core,67,EXPIRED,1.52834,2.59276,,,1000.758,,,,,
S00002,Transcoder,cloud-1,cloud,48,DONE,1.53139,2.32569,794.3050809999477,846.3050809999477,787.078,6.48,0.7470809999476842,0.37908099994763234,0.36800000000005184,52.0
S00004,Transcoder,cloud-1,cloud,51,DONE,1.5429,2.42782,884.9188980002509,936.9188980002509,801.11,11.725,72.08389800025088,0.7458980002509179,71.33799999999997,52.0
S00003,Transcoder,core-1,core,68,EXPIRED,1.54636,2.59277,,,1000.752,,,,,
S00002,Transcoder,cloud-1,cloud,49,DONE,1.55076,2.4204,869.6446420003667,921.6446420003667,711.605,94.06,63.979642000366766,0.5416420003667781,63.43799999999999,52.0
S00004,Transcoder,cloud-1,cloud,52,DONE,1.56128,2.43659,875.3057089998038,927.3057089998038,813.094,7.71,54.50170899980367,1.7377089998037718,52.763999999999896,52.0
S00001,Transcoder,core-1,core,42,DONE,1.56912,2.0911,521.9833420001123,531.9833420001123,416.567,83.349,22.06734200011232,0.6553420001123413,21.411999999999978,10.0
S00002,Transcoder,cloud-1,cloud,50,DONE,1.57665,2.43151,854.8600079998323,906.8600079998323,806.332,10.289,38.239007999832324,0.7010079998323135,37.53800000000001,52.0
S00002,Transcoder,cloud-1,cloud,51,DONE,1.58023,2.51885,938.6236800000916,990.6236800000916,816.888,84.344,37.39168000009158,3.15268000009155,34.23900000000003,52.0
S00004,Transcoder,cloud-1,cloud,53,DONE,1.58043,2.52458,944.1486720002104,996.1486720002104,821.055,88.503,34.59067200021036,0.8896720002103393,33.70100000000002,52.0
S00002,Transcoder,cloud-1,cloud,52,DONE,1.58989,2.52795,938.0540679999285,990.0540679999285,901.658,9.157,27.239067999928466,1.5890679999284885,25.649999999999977,52.0
S00003,Transcoder,core-1,core,69,DONE,1.59231,2.60306,1010.7497430003605,1020.7497430003605,996.963,6.401,7.385743000360549,2.708743000360414,4.677000000000135,10.0
S00003,Transcoder,core-1,core,70,DONE,1.60694,2.6923,1085.3567149997616,1095.3567149997616,911.277,88.438,85.64171499976158,1.3217149997615252,84.32000000000005,10.0
S00004,Transcoder,cloud-1,cloud,54,DONE,1.60828,2.62451,1016.232632000083,1068.232632000083,910.237,99.087,6.908632000083003,0.7046320000829382,6.204000000000065,52.0
S00004,Transcoder,cloud-1,cloud,55,EXPIRED,1.61162,2.61549,,,1000.022,,,,,
S00002,Transcoder,cloud-1,cloud,53,DONE,1.61172,2.61829,1006.5624120002212,1058.5624120002212,911.015,92.12,3.4274120002212385,0.5684120002212012,2.8590000000000373,52.0
S00001,Transcoder,core-1,core,43,DONE,1.61596,2.09665,480.6894100001955,490.6894100001955,397.63,7.365,75.69441000019549,2.3864100001954967,73.30799999999999,10.0
S00004,Transcoder,cloud-1,cloud,56,DONE,1.61723,2.6292,1011.9729030002418,1063.9729030002418,995.694,10.822,5.456903000241823,0.4689030002417667,4.988000000000056,52.0
S00003,Transcoder,core-1,core,71,EXPIRED,1.63067,2.69232,,,1000.295,,,,,
S00004,Transcoder,cloud-1,cloud,57,DONE,1.63082,2.72443,1093.6098699999093,1145.6098699999093,996.883,94.898,1.8288699999093296,0.5618699999092769,1.2670000000000528,52.0
S00004,Transcoder,cloud-1,cloud,58,EXPIRED,1.64372,2.7182,,,1070.978,,,,,
S00004,Transcoder,cloud-1,cloud,59,EXPIRED,1.65095,2.71822,,,1063.72,,,,,
S00001,Transcoder,core-1,core,44,DONE,1.65765,2.1028,445.14698300008604,455.14698300008604,405.146,5.868,34.13298300008603,0.9849830000860607,33.14799999999997,10.0
S00003,Transcoder,core-1,core,72,EXPIRED,1.66198,2.69253,,,1000.284,,,,,
S00001,Transcoder,core-1,core,45,DONE,1.67084,2.19627,525.4251940000358,535.4251940000358,496.255,8.13,21.040194000035854,0.6491940000358909,20.390999999999963,10.0
S00001,Transcoder,core-1,core,46,DONE,1.69157,2.29006,598.4886380001626,608.4886380001626,502.328,93.754,2.4066380001626158,0.7526380001626194,1.6539999999999964,10.0
S00003,Transcoder,core-1,core,73,DONE,1.69424,2.78927,1095.0285320000148,1105.0285320000148,998.148,95.462,1.418532000014693,0.6195320000147149,0.7989999999999782,10.0
S00001,Transcoder,core-1,core,47,DONE,1.70483,2.30096,596.132306999607,606.132306999607,583.961,9.162,3.009306999606906,2.2293069996069335,0.7799999999999727,10.0
S00003,Transcoder,core-1,core,74,EXPIRED,1.74329,2.78886,,,1000.09,,,,,
S00002,Transcoder,cloud-1,cloud,54,DONE,1.74475,2.63493,890.175169000031,942.175169000031,810.808,9.213,70.15416900003106,0.5751690000309964,69.57900000000006,52.0
S00002,Transcoder,cloud-1,cloud,55,DONE,1.74928,2.72,970.7154600000649,1022.7154600000649,820.256,85.56,64.89946000006489,0.9434600000648743,63.95600000000002,52.0
S00002,Transcoder,cloud-1,cloud,56,DONE,1.7539,2.73883,984.927749000235,1036.927749000235,910.584,11.215,63.128749000235075,3.795749000235105,59.33299999999997,52.0
S00002,Transcoder,cloud-1,cloud,57,DONE,1.76148,2.81803,1056.5489279997564,1108.5489279997564,922.033,81.659,52.85692799975641,4.620927999756304,48.236000000000104,52.0
S00001,Transcoder,core-1,core,48,DONE,1.76538,2.31017,544.7907480001959,554.7907480001959,511.415,8.817,24.55874800019592,2.3967480001958847,22.162000000000035,10.0
S00004,Transcoder,cloud-1,cloud,60,DONE,1.7969,2.73295,936.0454339998796,988.0454339998796,906.018,13.033,16.99443399987956,0.6864339998795685,16.307999999999993,52.0
S00003,Transcoder,core-1,core,75,DONE,1.79935,2.80039,1001.0336219997953,1011.0336219997953,989.318,10.607,1.1086219997953322,0.4366219997953067,0.6720000000000255,10.0
S00004,Transcoder,cloud-1,cloud,61,DONE,1.79945,2.814,1014.5513990000836,1066.5513990000836,919.353,80.711,14.487399000083656,3.800399000083644,10.687000000000012,52.0
S00001,Transcoder,core-1,core,49,DONE,1.8189,2.40354,584.6439330002795,594.6439330002795,420.277,94.394,69.97293300027945,1.2429330002795496,68.7299999999999,10.0
S00004,Transcoder,cloud-1,cloud,62,DONE,1.81901,2.82583,1006.8161119997967,1058.8161119997967,990.829,11.343,4.644111999796792,0.6081119997967335,4.036000000000058,52.0
S00002,Transcoder,cloud-1,cloud,58,DONE,1.82552,2.82766,1002.1416179997686,1054.1416179997686,991.363,8.928,1.8506179997685877,1.0936179997686395,0.7569999999999482,52.0
S00001,Transcoder,core-1,core,50,DONE,1.82892,2.4192,590.2786850001576,600.2786850001576,516.432,14.554,59.292685000157576,0.9816850001575403,58.311000000000035,10.0
S00003,Transcoder,core-1,core,76,DONE,1.83475,2.80799,973.240753999562,983.240753999562,912.642,6.514,54.08475399956194,1.0837539995619636,53.000999999999976,10.0
S00002,Transcoder,cloud-1,cloud,59,DONE,1.83714,2.91921,1082.0728849998886,1134.0728849998886,914.17,91.147,76.75588499988862,0.5978849998887199,76.1579999999999,52.0
S00004,Transcoder,cloud-1,cloud,63,DONE,1.84374,2.83789,994.1521699997793,1046.1521699997793,913.163,11.118,69.87116999977923,0.7171699997793439,69.15399999999988,52.0
S00004,Transcoder,cloud-1,cloud,64,DONE,1.84837,2.9268,1078.4311890001845,1130.4311890001845,924.741,88.381,65.30918900018457,0.6611890001845495,64.64800000000002,52.0
S00003,Transcoder,core-1,core,77,EXPIRED,1.85399,2.89156,,,1002.937,,,,,
S00003,Transcoder,core-1,core,78,EXPIRED,1.85533,2.89157,,,1002.934,,,,,
S00004,Transcoder,cloud-1,cloud,65,EXPIRED,1.87684,2.91408,,,1000.458,,,,,
S00003,Transcoder,core-1,core,79,EXPIRED,1.87928,2.89158,,,1002.93,,,,,
S00003,Transcoder,core-1,core,80,EXPIRED,1.88674,2.89158,,,1002.877,,,,,
S00004,Transcoder,cloud-1,cloud,66,EXPIRED,1.88697,2.91423,,,1000.454,,,,,
S00003,Transcoder,core-1,core,81,DONE,1.90275,2.90322,1000.4667480002354,1010.4667480002354,904.427,10.007,86.03274800023542,0.8317480002353932,85.20100000000002,10.0
S00003,Transcoder,core-1,core,82,DONE,1.90295,2.99547,1092.5194870001178,1102.5194870001178,914.711,86.703,91.10548700011782,1.1564870001177496,89.94900000000007,10.0
S00001,Transcoder,core-1,core,51,DONE,1.90522,2.49536,590.1456920000783,600.1456920000783,431.392,75.471,83.28269200007827,0.48169200007828294,82.80099999999999,10.0
S00003,Transcoder,core-1,core,83,EXPIRED,1.90755,2.98895,,,1000.287,,,,,
S00001,Transcoder,core-1,core,52,DONE,1.90792,2.5927,684.7774809998555,694.7774809998555,507.649,92.084,85.04448099985552,1.996480999855521,83.048,10.0
S00004,Transcoder,cloud-1,cloud,67,DONE,1.92909,3.01642,1087.3291490001975,1139.3291490001975,913.814,88.55,84.96514900019758,0.9681490001973998,83.99700000000018,52.0
S00003,Transcoder,core-1,core,84,EXPIRED,1.94682,2.98896,,,1000.273,,,,,
S00004,Transcoder,cloud-1,cloud,68,EXPIRED,1.9473,3.01676,,,1002.526,,,,,
S00002,Transcoder,cloud-1,cloud,60,DONE,1.95481,2.93211,977.3009479999928,1029.3009479999928,905.554,11.953,59.79394799999284,1.3949479999928371,58.399,52.0
S00001,Transcoder,core-1,core,53,DONE,1.95936,2.60145,642.0914420000372,652.0914420000372,602.18,10.697,29.214442000037252,0.7534420000372393,28.461000000000013,10.0
S00001,Transcoder,core-1,core,54,DONE,1.96324,2.69327,730.0247709999894,740.0247709999894,613.67,91.138,25.21677099998942,0.45177099998943504,24.764999999999986,10.0
S00001,Transcoder,core-1,core,55,DONE,1.96484,2.78883,823.9938269998675,833.9938269998675,704.215,95.31,24.46882699986736,0.6518269998674668,23.816999999999894,10.0
S00001,Transcoder,core-1,core,56,DONE,1.9673,2.79905,831.7499649997444,841.7499649997444,800.231,10.157,21.361964999744373,0.43996499974446124,20.921999999999912,10.0
S00002,Transcoder,cloud-1,cloud,61,DONE,1.97895,3.02302,1044.0689149995706,1096.0689149995706,918.028,91.312,34.72891499957052,0.9619149995705811,33.76699999999994,52.0
S00001,Transcoder,core-1,core,57,DONE,1.99225,2.89283,900.5839020001076,910.5839020001076,804.052,92.882,3.6499020001076588,2.821902000107684,0.8279999999999745,10.0
S00002,Transcoder,cloud-1,cloud,62,EXPIRED,1.99791,3.01667,,,1002.51,,,,,
S00003,Transcoder,core-1,core,85,DONE,2.0086,2.99623,987.6283700000386,997.6283700000386,978.841,6.866,1.9213700000385643,1.344370000038566,0.5769999999999982,10.0
S00001,Transcoder,core-1,core,58,DONE,2.02003,2.89891,878.8711110000804,888.8711110000804,720.123,87.081,71.66711100008035,4.154111000080434,67.51299999999992,10.0
S00004,Transcoder,cloud-1,cloud,69,DONE,2.02288,3.02664,1003.7672609996662,1055.7672609996662,989.49,6.932,7.345260999666152,6.562260999666137,0.7830000000000155,52.0
S00003,Transcoder,core-1,core,86,DONE,2.02808,3.08812,1060.0362619998123,1070.0362619998123,908.671,91.125,60.24026199981222,0.6262619998121863,59.61400000000003,10.0
S00001,Transcoder,core-1,core,59,DONE,2.0282,2.90641,878.2080689998111,888.2080689998111,807.345,10.104,60.75906899981101,0.6510689998110593,60.10799999999995,10.0
S00001,Transcoder,core-1,core,60,DONE,2.03394,2.98888,954.9434559999099,964.9434559999099,817.615,82.929,54.39945599990995,0.7334559999098929,53.666000000000054,10.0
S00002,Transcoder,cloud-1,cloud,63,DONE,2.04936,3.11417,1064.8062380000738,1116.8062380000738,907.996,90.747,66.06323800007385,0.9102380000738322,65.15300000000002,52.0
S00002,Transcoder,cloud-1,cloud,64,DONE,2.05739,3.12357,1066.178164000121,1118.178164000121,999.061,9.04,58.07716400012089,0.7901640001209671,57.28699999999992,52.0
S00002,Transcoder,cloud-1,cloud,65,EXPIRED,2.05912,3.11648,,,1001.253,,,,,
S00001,Transcoder,core-1,core,61,DONE,2.06996,2.99698,927.019952000137,937.019952000137,902.024,6.992,18.00395200013702,0.5659520001370311,17.437999999999988,10.0
S00004,Transcoder,cloud-1,cloud,70,DONE,2.08661,3.1142,1027.5894440001139,1079.5894440001139,908.607,90.131,28.85144400011393,0.7514440001139064,28.100000000000023,52.0
S00002,Transcoder,cloud-1,cloud,66,EXPIRED,2.09231,3.11649,,,1001.244,,,,,
S00004,Transcoder,cloud-1,cloud,71,DONE,2.1111,3.12699,1015.8925969999473,1067.8925969999473,999.975,10.945,4.9725969999472,0.6415969999472964,4.330999999999904,52.0
S00004,Transcoder,cloud-1,cloud,72,DONE,2.12719,3.21579,1088.5927670001365,1140.5927670001365,997.69,88.847,2.055767000136484,0.496767000136515,1.558999999999969,52.0
S00003,Transcoder,core-1,core,87,DONE,2.1356,3.09403,958.4222150001551,968.4222150001551,900.119,5.738,52.565215000155035,0.5852150001551308,51.979999999999905,10.0
S00002,Transcoder,cloud-1,cloud,67,DONE,2.15924,3.12998,970.7355909999933,1022.7355909999933,910.521,6.189,54.02559099999337,0.531590999993341,53.49400000000003,52.0
S00001,Transcoder,core-1,core,62,DONE,2.15982,3.08895,929.1392110003471,939.1392110003471,809.288,91.529,28.322211000347124,0.48121100034711617,27.841000000000008,10.0
S00004,Transcoder,cloud-1,cloud,73,EXPIRED,2.16321,3.21493,,,1001.194,,,,,
S00001,Transcoder,core-1,core,63,DONE,2.17368,3.09948,925.8001829998648,935.8001829998648,901.381,9.86,14.559182999864788,0.7751829998647963,13.783999999999992,10.0
S00003,Transcoder,core-1,core,88,DONE,2.17389,3.10062,926.7256109997106,936.7256109997106,906.298,6.076,14.351610999710601,0.6356109997105932,13.716000000000008,10.0
S00004,Transcoder,cloud-1,cloud,74,EXPIRED,2.17395,3.21494,,,1001.188,,,,,
S00003,Transcoder,core-1,core,89,DONE,2.17829,3.19094,1012.6535029999104,1022.6535029999104,912.624,89.868,10.161502999910454,1.0975029999103754,9.064000000000078,10.0
S00002,Transcoder,cloud-1,cloud,68,DONE,2.17852,3.2154,1036.8758889999299,1088.8758889999299,917.272,84.841,34.76288899992983,0.5448889999299809,34.21799999999985,52.0
S00001,Transcoder,core-1,core,64,DONE,2.18607,3.19092,1004.84719699989,1014.84719699989,911.919,90.278,2.6501969998899995,1.1651969998899858,1.4850000000000136,10.0
S00001,Transcoder,core-1,core,65,DONE,2.19096,3.19976,1008.8012319997688,1018.8012319997688,995.046,8.578,5.177231999768765,4.361231999768734,0.8160000000000309,10.0
S00001,Transcoder,core-1,core,66,DONE,2.21015,3.29387,1083.7135699998726,1093.7135699998726,912.237,93.717,77.75956999987261,0.6405699998724685,77.11900000000014,10.0
S00004,Transcoder,cloud-1,cloud,75,DONE,2.21488,3.2292,1014.3193569997493,1066.3193569997493,996.498,13.346,4.475356999749238,1.2123569997493178,3.26299999999992,52.0
S00001,Transcoder,core-1,core,67,DONE,2.21558,3.30003,1084.4446900000548,1094.4446900000548,920.427,91.143,72.87469000005478,1.044690000054743,71.83000000000004,10.0
S00001,Transcoder,core-1,core,68,EXPIRED,2.22861,3.29303,,,1003.733,,,,,
S00001,Transcoder,core-1,core,69,EXPIRED,2.25011,3.29304,,,1003.729,,,,,
S00002,Transcoder,cloud-1,cloud,69,DONE,2.25766,3.22985,972.1969289998924,1024.1969289998924,902.005,13.173,57.01892899989241,0.547928999892406,56.471000000000004,52.0
S00002,Transcoder,cloud-1,cloud,70,DONE,2.26049,3.32298,1062.490730999798,1114.490730999798,915.945,92.733,53.81273099979785,1.102730999798041,52.70999999999981,52.0
S00001,Transcoder,core-1,core,70,EXPIRED,2.26312,3.29306,,,1003.725,,,,,
S00002,Transcoder,cloud-1,cloud,71,EXPIRED,2.27567,3.31997,,,1004.837,,,,,
S00003,Transcoder,core-1,core,90,DONE,2.27819,3.20037,922.1773809999831,932.1773809999831,902.95,9.408,9.819380999983082,0.615380999983131,9.20399999999995,10.0
S00003,Transcoder,core-1,core,91,DONE,2.27882,3.20822,929.4031469999027,939.4031469999027,912.8,7.346,9.257146999902716,1.111146999902644,8.146000000000072,10.0
S00004,Transcoder,cloud-1,cloud,76,DONE,2.28133,3.31994,1038.614736999989,1090.614736999989,915.851,88.821,33.94273699998894,1.3987369999890689,32.54399999999987,52.0
S00003,Transcoder,core-1,core,92,EXPIRED,2.28147,3.29308,,,1003.713,,,,,
S00003,Transcoder,core-1,core,93,EXPIRED,2.28681,3.2931,,,1002.719,,,,,
S00001,Transcoder,core-1,core,71,EXPIRED,2.28912,3.29308,,,1000.628,,,,,
S00004,Transcoder,cloud-1,cloud,77,EXPIRED,2.28971,3.31999,,,1004.828,,,,,
S00002,Transcoder,cloud-1,cloud,72,EXPIRED,2.29434,3.31998,,,1004.825,,,,,
S00004,Transcoder,cloud-1,cloud,78,EXPIRED,2.30223,3.31999,,,1004.821,,,,,
S00003,Transcoder,core-1,core,94,DONE,2.31262,3.3884,1075.7781929996781,1085.7781929996781,902.388,93.353,80.03719299967815,0.7511929996780964,79.28600000000006,10.0
S00004,Transcoder,cloud-1,cloud,79,EXPIRED,2.31659,3.32003,,,1001.34,,,,,
S00001,Transcoder,core-1,core,72,DONE,2.32195,3.39193,1069.9845039998763,1079.9845039998763,908.02,91.762,70.2025039998764,0.966503999876295,69.2360000000001,10.0
S00001,Transcoder,core-1,core,73,EXPIRED,2.33308,3.39288,,,1000.383,,,,,
S00004,Transcoder,cloud-1,cloud,80,DONE,2.33659,3.41513,1078.538006999679,1130.538006999679,899.87,94.789,83.87900699967906,0.6960069996789571,83.1830000000001,52.0
S00004,Transcoder,cloud-1,cloud,81,DONE,2.33802,3.42988,1091.8575489999967,1143.8575489999967,910.138,96.066,85.65354899999659,3.3135489999965557,82.34000000000003,52.0
S00003,Transcoder,core-1,core,95,DONE,2.35451,3.40195,1047.4333169995589,1057.4333169995589,996.157,12.712,38.564316999558855,1.7403169995588996,36.823999999999955,10.0
S00004,Transcoder,cloud-1,cloud,82,EXPIRED,2.35727,3.42023,,,1000.146,,,,,
S00004,Transcoder,cloud-1,cloud,83,EXPIRED,2.36172,3.42057,,,1000.141,,,,,
S00004,Transcoder,cloud-1,cloud,84,EXPIRED,2.3641,3.42089,,,1000.136,,,,,
S00003,Transcoder,core-1,core,96,EXPIRED,2.36544,3.39289,,,1000.374,,,,,
S00002,Transcoder,cloud-1,cloud,73,DONE,2.37324,3.33025,957.0092989997647,1009.0092989997647,903.009,6.881,47.11929899976474,0.7882989997647201,46.33100000000002,52.0
S00002,Transcoder,cloud-1,cloud,74,DONE,2.39879,3.43086,1032.0664099999703,1084.0664099999703,994.903,15.874,21.289409999970303,0.8364099999703285,20.452999999999975,52.0
S00003,Transcoder,core-1,core,97,DONE,2.40482,3.41317,1008.3550409995041,1018.3550409995041,996.875,9.906,1.5740409995041773,0.5940409995041591,0.9800000000000182,10.0
S00004,Transcoder,cloud-1,cloud,85,EXPIRED,2.40785,3.42091,,,1000.105,,,,,
S00001,Transcoder,core-1,core,74,DONE,2.41256,3.40198,989.418638999723,999.418638999723,975.459,8.324,5.635638999723142,0.7966389997230863,4.8390000000000555,10.0
S00004,Transcoder,cloud-1,cloud,86,EXPIRED,2.4179,3.42991,,,1006.27,,,,,
S00002,Transcoder,cloud-1,cloud,75,EXPIRED,2.41801,3.4299,,,1006.263,,,,,
S00003,Transcoder,core-1,core,98,DONE,2.41805,3.50093,1082.8771349997623,1092.8771349997623,994.793,86.503,1.5811349997622983,0.8321349997622747,0.7490000000000236,10.0
S00001,Transcoder,core-1,core,75,DONE,2.44821,3.49132,1043.1072979999954,1053.1072979999954,914.406,88.645,40.05629799999542,1.2942979999952513,38.76200000000017,10.0
S00004,Transcoder,cloud-1,cloud,87,DONE,2.45468,3.51525,1060.5716910004048,1112.5716910004048,910.582,88.736,61.25369100040484,0.6656910004048768,60.587999999999965,52.0
S00002,Transcoder,cloud-1,cloud,76,DONE,2.45485,3.51414,1059.2927640004746,1111.2927640004746,914.955,82.415,61.92276400047456,0.9127640004744535,61.010000000000105,52.0
S00003,Transcoder,core-1,core,99,EXPIRED,2.45491,3.48964,,,1000.055,,,,,
S00003,Transcoder,core-1,core,100,EXPIRED,2.45532,3.48977,,,1000.046,,,,,
S00004,Transcoder,cloud-1,cloud,88,DONE,2.47115,3.52372,1052.571116999843,1104.571116999843,997.82,9.573,45.17811699984304,0.9481169998430232,44.23000000000002,52.0
S00004,Transcoder,cloud-1,cloud,89,EXPIRED,2.47402,3.52397,,,1007.569,,,,,
S00004,Transcoder,cloud-1,cloud,90,EXPIRED,2.47552,3.52397,,,1007.559,,,,,
S00003,Transcoder,core-1,core,101,EXPIRED,2.47796,3.48979,,,1000.039,,,,,
S00003,Transcoder,core-1,core,102,EXPIRED,2.47812,3.48979,,,1000.033,,,,,
S00001,Transcoder,core-1,core,76,EXPIRED,2.47887,3.4896,,,1000.027,,,,,
S00002,Transcoder,cloud-1,cloud,77,DONE,2.48223,3.53204,1049.8053930000424,1101.8053930000424,999.794,15.833,34.17839300004243,0.9223930000423479,33.256000000000085,52.0
S00001,Transcoder,core-1,core,77,DONE,2.49269,3.50269,1009.9965160002284,1019.9965160002284,995.877,10.67,3.4495160002285274,0.5935160002284192,2.8560000000001082,10.0
S00002,Transcoder,cloud-1,cloud,78,EXPIRED,2.50275,3.52383,,,1007.543,,,,,
S00001,Transcoder,core-1,core,78,DONE,2.50426,3.58818,1083.9166579999073,1093.9166579999073,997.715,84.429,1.7726579999073238,0.9606579999074256,0.8119999999998981,10.0
S00002,Transcoder,cloud-1,cloud,79,EXPIRED,2.51169,3.52388,,,1007.536,,,,,
S00003,Transcoder,core-1,core,103,DONE,2.53236,3.50784,975.4803599998922,985.4803599998922,908.476,6.98,60.024359999892226,0.9883599998922818,59.035999999999945,10.0
S00003,Transcoder,core-1,core,104,DONE,2.53265,3.59657,1063.915557999735,1073.915557999735,915.666,86.02,62.22955799973499,2.8595579997349887,59.370000000000005,10.0
S00004,Transcoder,cloud-1,cloud,91,DONE,2.53296,3.54003,1007.0640660001118,1059.0640660001118,909.339,15.657,82.06806600011168,0.8010660001117458,81.26699999999994,52.0
S00004,Transcoder,cloud-1,cloud,92,DONE,2.53436,3.62263,1088.2642040005521,1140.2642040005521,925.982,82.143,80.13920400055213,0.6852040005521758,79.45399999999995,52.0
S00001,Transcoder,core-1,core,79,DONE,2.53888,3.59809,1059.2127029999574,1069.2127029999574,995.992,9.865,53.35570299995743,0.7187029999574861,52.636999999999944,10.0
S00003,Transcoder,core-1,core,105,EXPIRED,2.55348,3.59662,,,1001.903,,,,,
S00004,Transcoder,cloud-1,cloud,93,EXPIRED,2.55376,3.62128,,,1003.992,,,,,
S00001,Transcoder,core-1,core,80,EXPIRED,2.55727,3.59658,,,1001.899,,,,,
S00004,Transcoder,cloud-1,cloud,94,EXPIRED,2.56498,3.62152,,,1003.988,,,,,
S00003,Transcoder,core-1,core,106,EXPIRED,2.56855,3.59662,,,1001.895,,,,,
S00002,Transcoder,cloud-1,cloud,80,DONE,2.57628,3.61799,1041.7105500000616,1093.7105500000616,917.703,83.077,40.93055000006166,1.230550000061612,39.700000000000045,52.0
S00001,Transcoder,core-1,core,81,EXPIRED,2.58098,3.59661,,,1001.891,,,,,
S00002,Transcoder,cloud-1,cloud,81,EXPIRED,2.58843,3.61879,,,1003.98,,,,,
S00002,Transcoder,cloud-1,cloud,82,EXPIRED,2.5886,3.61921,,,1003.954,,,,,
S00003,Transcoder,core-1,core,107,DONE,2.60307,3.60525,1002.1830099999534,1012.1830099999534,989.015,8.582,4.586009999953376,1.6470099999534114,2.9389999999999645,10.0
S00004,Transcoder,cloud-1,cloud,95,EXPIRED,2.60539,3.62183,,,1003.943,,,,,
S00001,Transcoder,core-1,core,82,DONE,2.60783,3.61135,1003.5246239995104,1013.5246239995104,910.198,11.469,81.85762399951034,0.6036239995103188,81.25400000000002,10.0
S00003,Transcoder,core-1,core,108,DONE,2.60935,3.69251,1083.1581579996055,1093.1581579996055,917.396,87.151,78.61115799960555,0.8291579996055134,77.78200000000004,10.0
S00003,Transcoder,core-1,core,109,EXPIRED,2.61469,3.68955,,,1000.513,,,,,
S00002,Transcoder,cloud-1,cloud,83,EXPIRED,2.61487,3.62026,,,1000.491,,,,,
S00002,Transcoder,cloud-1,cloud,84,EXPIRED,2.61675,3.62089,,,1000.48,,,,,
S00002,Transcoder,cloud-1,cloud,85,DONE,2.63251,3.63739,1004.8819749995346,1056.8819749995346,988.458,15.034,1.3899749995346156,0.7029749995346037,0.6870000000000118,52.0
S00002,Transcoder,cloud-1,cloud,86,EXPIRED,2.63275,3.63587,,,1001.607,,,,,
S00001,Transcoder,core-1,core,83,DONE,2.63469,3.69926,1064.5717630000036,1074.5717630000036,999.865,9.128,55.578763000003505,1.280763000003617,54.29799999999989,10.0
S00004,Transcoder,cloud-1,cloud,96,DONE,2.68042,3.63511,954.6885400004612,1006.6885400004612,907.318,11.367,36.00354000046127,1.016540000461191,34.98700000000008,52.0
S00003,Transcoder,core-1,core,110,DONE,2.69233,3.70104,1008.7100499995358,1018.7100499995358,999.729,7.726,1.2550499995357995,0.45404999953586866,0.8009999999999309,10.0
S00004,Transcoder,cloud-1,cloud,97,DONE,2.69758,3.72372,1026.1418170002798,1078.1418170002798,921.694,85.648,18.79981700027986,1.712817000279756,17.087000000000103,52.0
S00003,Transcoder,core-1,core,111,DONE,2.72249,3.79075,1068.2558439998502,1078.2558439998502,977.923,89.225,1.1078439998502745,0.673843999850078,0.43400000000019645,10.0
S00002,Transcoder,cloud-1,cloud,87,DONE,2.72397,3.71624,992.2737029996824,1044.2737029996824,911.547,79.504,1.222702999682383,0.5867029996824158,0.6359999999999673,52.0
S00001,Transcoder,core-1,core,84,DONE,2.72605,3.7112,985.1535039997543,995.1535039997543,972.165,11.219,1.7695039997543063,0.8405039997543327,0.9289999999999736,10.0
S00003,Transcoder,core-1,core,112,EXPIRED,2.73051,3.78854,,,1054.162,,,,,
S00001,Transcoder,core-1,core,85,EXPIRED,2.73164,3.78805,,,1054.144,,,,,
S00001,Transcoder,core-1,core,86,DONE,2.74011,3.80298,1062.8650820003713,1072.8650820003713,1000.478,13.636,48.75108200037141,1.9560820003712251,46.795000000000186,10.0
S00002,Transcoder,cloud-1,cloud,88,DONE,2.74029,3.72771,987.4202219998551,1039.4202219998551,902.781,11.351,73.28822199985518,1.285221999855139,72.00300000000004,52.0
S00004,Transcoder,cloud-1,cloud,98,DONE,2.74048,3.81438,1073.9025059997402,1125.9025059997402,910.599,89.73,73.57350599974018,1.6985059997402914,71.87499999999989,52.0
S00002,Transcoder,cloud-1,cloud,89,DONE,2.7418,3.81517,1073.3751290003966,1125.3751290003966,914.302,86.045,73.02812900039658,0.6671290003964714,72.3610000000001,52.0
S00003,Transcoder,core-1,core,113,EXPIRED,2.74826,3.78932,,,1000.777,,,,,
S00002,Transcoder,cloud-1,cloud,90,EXPIRED,2.75183,3.81519,,,1000.857,,,,,
S00003,Transcoder,core-1,core,114,EXPIRED,2.76339,3.79017,,,1000.768,,,,,
S00004,Transcoder,cloud-1,cloud,99,EXPIRED,2.79564,3.81519,,,1000.853,,,,,
S00001,Transcoder,core-1,core,87,DONE,2.80802,3.89269,1084.6743130000505,1094.6743130000505,993.314,89.278,2.08231300005059,0.7083130000505662,1.3740000000000236,10.0
S00001,Transcoder,core-1,core,88,DONE,2.81804,3.89622,1078.1779109997842,1088.1779109997842,988.077,86.518,3.5829109997841897,0.6609109997841642,2.9220000000000255,10.0
S00003,Transcoder,core-1,core,115,DONE,2.8204,3.80181,981.4117290002287,991.4117290002287,969.841,10.116,1.4547290002286672,0.7337290002286636,0.7210000000000036,10.0
S00001,Transcoder,core-1,core,89,EXPIRED,2.82768,3.88987,,,1059.875,,,,,
S00002,Transcoder,cloud-1,cloud,91,DONE,2.83466,3.82939,994.7359940001661,1046.735994000166,978.332,13.123,3.2809940001660607,0.8089940001660807,2.47199999999998,52.0
S00001,Transcoder,core-1,core,90,EXPIRED,2.83501,3.89052,,,1052.357,,,,,
S00002,Transcoder,cloud-1,cloud,92,DONE,2.84833,3.91979,1071.4575559995865,1123.4575559995865,979.778,89.83,1.8495559995865278,0.7915559995865351,1.0579999999999927,52.0
S00001,Transcoder,core-1,core,91,EXPIRED,2.85286,3.89259,,,1034.54,,,,,
S00004,Transcoder,cloud-1,cloud,100,DONE,2.86342,3.8227,959.2854719999195,1011.2854719999195,949.673,7.897,1.7154719999194867,0.9504719999195004,0.7649999999999864,52.0
S00003,Transcoder,core-1,core,116,DONE,2.8636,3.80958,945.9853289995408,955.9853289995408,938.196,6.424,1.3653289995407931,0.611328999540774,0.7540000000000191,10.0
S00003,Transcoder,core-1,core,117,EXPIRED,2.86696,3.89261,,,1020.482,,,,,
S00004,Transcoder,cloud-1,cloud,101,DONE,2.88147,3.83089,949.4142650000867,1001.4142650000867,908.839,7.941,32.63426500008666,0.9612650000867689,31.672999999999888,52.0
S00001,Transcoder,core-1,core,92,EXPIRED,2.88997,3.89262,,,1000.174,,,,,
S00001,Transcoder,core-1,core,93,DONE,2.90552,3.99112,1085.5940360002023,1095.5940360002023,989.657,93.823,2.1140360002023044,1.6030360002023372,0.5109999999999673,10.0
S00001,Transcoder,core-1,core,94,DONE,2.90568,3.98998,1084.3004510002174,1094.3004510002174,998.528,83.666,2.1064510002174757,1.408451000217383,0.6980000000000928,10.0
S00004,Transcoder,cloud-1,cloud,102,DONE,2.9128,3.91494,1002.1417470002234,1054.1417470002234,917.274,81.963,2.9047470002234377,1.2297470002233695,1.6750000000000682,52.0
S00001,Transcoder,core-1,core,95,EXPIRED,2.92362,3.98978,,,1000.034,,,,,
S00003,Transcoder,core-1,core,118,DONE,2.92388,3.90305,979.1648210002677,989.1648210002677,904.119,7.351,67.69482100026767,4.677821000267727,63.01699999999994,10.0
S00002,Transcoder,cloud-1,cloud,93,DONE,2.92407,3.92869,1004.6139479995873,1056.6139479995873,988.165,13.134,3.3149479995872753,1.0329479995872362,2.282000000000039,52.0
S00003,Transcoder,core-1,core,119,DONE,2.92544,3.90593,980.4952100002993,990.4952100002993,911.683,6.068,62.74421000029929,0.6632100002992729,62.08100000000002,10.0
S00002,Transcoder,cloud-1,cloud,94,DONE,2.92681,3.93482,1008.003770999494,1060.003770999494,997.013,6.427,4.563770999493954,0.9687709994940406,3.5949999999999136,52.0
S00002,Transcoder,cloud-1,cloud,95,EXPIRED,2.92695,3.93497,,,1003.831,,,,,
S00003,Transcoder,core-1,core,120,EXPIRED,2.93129,3.9898,,,1000.01,,,,,
S00003,Transcoder,core-1,core,121,EXPIRED,2.9426,3.98981,,,1000.007,,,,,
S00001,Transcoder,core-1,core,96,EXPIRED,2.94432,3.98979,,,1000.003,,,,,
S00001,Transcoder,core-1,core,97,EXPIRED,2.94889,3.98999,,,1001.777,,,,,
S00003,Transcoder,core-1,core,122,EXPIRED,2.94924,3.99001,,,1001.773,,,,,
S00004,Transcoder,cloud-1,cloud,103,DONE,2.95374,3.92872,974.9784589998853,1026.9784589998853,902.951,7.929,64.09845899988534,1.0504589998853362,63.048,52.0
S00002,Transcoder,cloud-1,cloud,96,DONE,2.96533,4.02228,1056.9489109998358,1108.9489109998358,996.477,8.799,51.672910999835835,0.9869109998357999,50.686000000000035,52.0
S00003,Transcoder,core-1,core,123,EXPIRED,2.97194,3.99008,,,1001.77,,,,,
S00002,Transcoder,cloud-1,cloud,97,EXPIRED,2.97434,4.0228,,,1006.051,,,,,
S00001,Transcoder,core-1,core,98,EXPIRED,2.98485,3.99,,,1001.767,,,,,
S00004,Transcoder,cloud-1,cloud,104,DONE,2.99526,4.01885,1023.596042999543,1075.596042999543,911.594,87.704,24.298042999542986,3.490042999542993,20.807999999999993,52.0
S00004,Transcoder,cloud-1,cloud,105,DONE,2.99536,4.0254,1030.043699000089,1082.043699000089,999.584,9.191,21.268699000088986,0.8956990000890528,20.372999999999934,52.0
S00003,Transcoder,core-1,core,124,DONE,3.00021,3.99951,999.2935430000216,1009.2935430000216,989.367,8.762,1.1645430000216948,0.6365430000215611,0.5280000000001337,10.0
S00003,Transcoder,core-1,core,125,DONE,3.00559,4.09517,1089.5816309998736,1099.5816309998736,911.702,89.286,88.59363099987354,0.8066309998735051,87.78700000000003,10.0
S00003,Transcoder,core-1,core,126,EXPIRED,3.00577,4.09035,,,1000.818,,,,,
S00001,Transcoder,core-1,core,99,DONE,3.03298,4.09521,1062.2262489996501,1072.2262489996501,902.963,98.025,61.23824899965018,0.9042489996502354,60.333999999999946,10.0
S00004,Transcoder,cloud-1,cloud,106,DONE,3.03955,4.12011,1080.5628140001318,1132.5628140001318,912.115,94.419,74.02881400013177,0.7528140001318206,73.27599999999995,52.0
S00003,Transcoder,core-1,core,127,EXPIRED,3.03974,4.09047,,,1000.806,,,,,
S00002,Transcoder,cloud-1,cloud,98,DONE,3.04204,4.11381,1071.7704899998353,1123.7704899998353,909.344,90.665,71.76148999983525,0.6244899998353048,71.13699999999994,52.0
S00001,Transcoder,core-1,core,100,EXPIRED,3.04852,4.08937,,,1000.801,,,,,
S00001,Transcoder,core-1,core,101,EXPIRED,3.05,4.08968,,,1000.796,,,,,
S00002,Transcoder,cloud-1,cloud,99,EXPIRED,3.05544,4.11438,,,1000.179,,,,,
S00004,Transcoder,cloud-1,cloud,107,EXPIRED,3.06193,4.11502,,,1000.174,,,,,
S00001,Transcoder,core-1,core,102,EXPIRED,3.06645,4.09002,,,1000.791,,,,,
S00004,Transcoder,cloud-1,cloud,108,EXPIRED,3.08103,4.11553,,,1000.17,,,,,
S00001,Transcoder,core-1,core,103,EXPIRED,3.08348,4.09023,,,1000.787,,,,,
S00004,Transcoder,cloud-1,cloud,109,EXPIRED,3.10387,4.11587,,,1000.167,,,,,
S00004,Transcoder,cloud-1,cloud,110,EXPIRED,3.10619,4.11612,,,1000.164,,,,,
S00004,Transcoder,cloud-1,cloud,111,EXPIRED,3.10775,4.11637,,,1000.161,,,,,
S00004,Transcoder,cloud-1,cloud,112,EXPIRED,3.10785,4.1166,,,1000.158,,,,,
S00002,Transcoder,cloud-1,cloud,100,DONE,3.11544,4.13397,1018.5303340003884,1070.5303340003884,1002.99,14.188,1.352334000388396,0.814334000388385,0.5380000000000109,52.0
S00004,Transcoder,cloud-1,cloud,113,DONE,3.12587,4.14142,1015.5485360005514,1067.5485360005514,993.721,18.652,3.1755360005513467,0.9055360005513649,2.269999999999982,52.0
S00003,Transcoder,core-1,core,128,DONE,3.14732,4.09728,949.9615019994962,959.9615019994962,902.087,7.212,40.66250199949627,0.4915019994962222,40.17100000000005,10.0
S00001,Transcoder,core-1,core,104,DONE,3.15523,4.0983,943.0656449999333,953.0656449999333,901.883,8.541,32.64164499993319,0.473644999933299,32.16799999999989,10.0
S00001,Transcoder,core-1,core,105,DONE,3.16187,4.19238,1030.5126660000496,1040.5126660000496,909.648,94.776,26.08866600004967,0.6526660000497486,25.435999999999922,10.0
S00004,Transcoder,cloud-1,cloud,114,DONE,3.16644,4.22216,1055.725308000092,1107.725308000092,927.15,80.252,48.32330800009197,0.8733080000918108,47.45000000000016,52.0
S00003,Transcoder,core-1,core,129,DONE,3.16785,4.18858,1020.7298599998467,1030.7298599998467,910.622,89.088,21.019859999846744,1.0948599998466761,19.925000000000068,10.0
S00003,Transcoder,core-1,core,130,EXPIRED,3.17332,4.18867,,,1000.382,,,,,
S00001,Transcoder,core-1,core,106,DONE,3.17583,4.19931,1023.478348000026,1033.478348000026,1000.041,11.061,12.376348000025928,0.6203480000260697,11.755999999999858,10.0
S00004,Transcoder,cloud-1,cloud,115,EXPIRED,3.18147,4.22112,,,1005.311,,,,,
S00001,Transcoder,core-1,core,107,EXPIRED,3.18165,4.1886,,,1000.372,,,,,
S00001,Transcoder,core-1,core,108,EXPIRED,3.18301,4.18865,,,1000.369,,,,,
S00003,Transcoder,core-1,core,131,DONE,3.20575,4.20085,995.0976949999131,1005.0976949999131,985.794,8.017,1.2866949999130384,0.7396949999131266,0.5469999999999118,10.0
S00002,Transcoder,cloud-1,cloud,101,DONE,3.20823,4.2211,1012.866631000179,1064.866631000179,919.614,85.507,7.745631000178946,1.589631000178997,6.155999999999949,52.0
S00001,Transcoder,core-1,core,109,DONE,3.21172,4.21152,999.7948700006418,1009.7948700006418,908.424,11.258,80.1128700006418,0.6048700006417675,79.50800000000004,10.0
S00004,Transcoder,cloud-1,cloud,116,EXPIRED,3.21702,4.22114,,,1002.078,,,,,
S00003,Transcoder,core-1,core,132,DONE,3.22577,4.29052,1064.7498019998238,1074.7498019998238,909.262,89.006,66.48180199982392,0.7198019998238578,65.76200000000006,10.0
S00003,Transcoder,core-1,core,133,EXPIRED,3.22625,4.29295,,,1000.733,,,,,
S00002,Transcoder,cloud-1,cloud,102,DONE,3.23518,4.23009,994.9167520003357,1046.9167520003357,983.9,9.451,1.5657520003356922,0.7457520003356422,0.82000000000005,52.0
S00003,Transcoder,core-1,core,134,EXPIRED,3.23896,4.29333,,,1000.725,,,,,
S00003,Transcoder,core-1,core,135,EXPIRED,3.25389,4.29335,,,1000.718,,,,,
S00001,Transcoder,core-1,core,110,DONE,3.25566,4.2934,1037.7370159999373,1047.7370159999373,919.87,81.542,36.32501599993725,0.4490159999372736,35.875999999999976,10.0
S00001,Transcoder,core-1,core,111,DONE,3.32019,4.30077,980.5869820002044,990.5869820002044,905.117,6.947,68.52298200020448,0.9159820002043944,67.60700000000008,10.0
S00003,Transcoder,core-1,core,136,DONE,3.33666,4.30079,964.1378670003178,974.1378670003178,904.799,7.286,52.05286700031786,0.7778670003177695,51.27500000000009,10.0
S00002,Transcoder,cloud-1,cloud,103,DONE,3.34233,4.31527,972.9461090000768,1024.9461090000768,814.629,85.656,72.66110900007675,0.9441090000768781,71.71699999999987,52.0
S00001,Transcoder,core-1,core,112,DONE,3.35805,4.39153,1033.4750709998843,1043.4750709998843,912.489,90.459,30.527070999884245,0.7010709998844504,29.825999999999794,10.0
S00003,Transcoder,core-1,core,137,DONE,3.36973,4.38828,1018.5509079992698,1028.5509079992698,912.409,87.206,18.93590799926983,0.8729079992698416,18.062999999999988,10.0
S00002,Transcoder,cloud-1,cloud,104,DONE,3.37746,4.33143,953.9740359996358,1005.9740359996358,900.696,15.913,37.36503599963578,0.6230359996358175,36.74199999999996,52.0
S00001,Transcoder,core-1,core,113,EXPIRED,3.38392,4.38931,,,1000.573,,,,,
S00003,Transcoder,core-1,core,138,DONE,3.38531,4.39888,1013.5675379997338,1023.5675379997338,1000.034,8.358,5.17553799973382,3.030537999733724,2.1450000000000955,10.0
S00003,Transcoder,core-1,core,139,EXPIRED,3.38841,4.39155,,,1002.0,,,,,
S00002,Transcoder,cloud-1,cloud,105,DONE,3.38981,4.3351,945.2855500003352,997.2855500003352,911.16,9.176,24.949550000335194,0.4605500003351608,24.489000000000033,52.0
S00003,Transcoder,core-1,core,140,EXPIRED,3.39429,4.3989,,,1001.467,,,,,
S00003,Transcoder,core-1,core,141,DONE,3.40733,4.40379,996.4582359998531,1006.4582359998531,985.501,6.932,4.0252359998530665,0.6052359998531074,3.419999999999959,10.0
S00001,Transcoder,core-1,core,114,DONE,3.41449,4.4031,988.6156350003148,998.6156350003148,903.139,11.692,73.78463500031478,1.4806350003148054,72.30399999999997,10.0
S00004,Transcoder,cloud-1,cloud,117,DONE,3.41521,4.22849,813.2800020002833,865.2800020002833,802.922,6.034,4.324002000283258,2.3910020002832653,1.9329999999999927,52.0
S00002,Transcoder,cloud-1,cloud,106,DONE,3.41778,4.41923,1001.4506229999824,1053.4506229999824,915.66,83.539,2.2516229999824873,1.6766229999824418,0.5750000000000455,52.0
S00002,Transcoder,cloud-1,cloud,107,DONE,3.44241,4.432,989.5976489997338,1041.5976489997338,906.03,10.881,72.68664899973385,0.8836489997337367,71.80300000000011,52.0
S00002,Transcoder,cloud-1,cloud,108,DONE,3.46405,4.51689,1052.8396689996953,1104.8396689996953,917.167,85.746,49.926668999695266,0.7966689996953846,49.12999999999988,52.0
S00002,Transcoder,cloud-1,cloud,109,EXPIRED,3.4642,4.51748,,,1003.667,,,,,
S00004,Transcoder,cloud-1,cloud,118,DONE,3.46543,4.31687,851.438610000514,903.438610000514,716.53,85.684,49.224610000514076,1.1246100005140534,48.10000000000002,52.0
S00003,Transcoder,core-1,core,142,DONE,3.47598,4.49504,1019.0590040001553,1029.0590040001553,915.927,87.476,15.656004000155235,3.9560040001553034,11.699999999999932,10.0
S00003,Transcoder,core-1,core,143,EXPIRED,3.47615,4.48876,,,1000.05,,,,,
S00002,Transcoder,cloud-1,cloud,110,EXPIRED,3.48096,4.51816,,,1003.657,,,,,
S00004,Transcoder,cloud-1,cloud,119,DONE,3.48641,4.32624,839.8244449999765,891.8244449999765,802.591,9.336,27.89744499997653,1.0784449999765684,26.81899999999996,52.0
S00004,Transcoder,cloud-1,cloud,120,DONE,3.4898,4.41393,924.1267150000567,976.1267150000567,818.184,81.68,24.262715000056687,0.6207150000567481,23.64199999999994,52.0
S00002,Transcoder,cloud-1,cloud,111,EXPIRED,3.50094,4.5183,,,1003.643,,,,,
S00004,Transcoder,cloud-1,cloud,121,DONE,3.51415,4.42339,909.236346000398,961.236346000398,898.678,8.842,1.7163460003980617,0.5213460003980117,1.19500000000005,52.0
S00001,Transcoder,core-1,core,115,DONE,3.5201,4.48874,968.6377029993309,978.6377029993309,815.398,84.13,69.10970299933092,1.000702999330997,68.10899999999992,10.0
S00003,Transcoder,core-1,core,144,DONE,3.52932,4.50246,973.1361140002264,983.1361140002264,903.589,10.423,59.124114000226314,0.7151140002263219,58.40899999999999,10.0
S00003,Transcoder,core-1,core,145,DONE,3.53075,4.59477,1064.020050000181,1074.020050000181,914.524,89.834,59.662050000181125,4.027050000181134,55.63499999999999,10.0
S00003,Transcoder,core-1,core,146,EXPIRED,3.5353,4.59177,,,1003.051,,,,,
S00002,Transcoder,cloud-1,cloud,112,DONE,3.53571,4.52737,991.665348999959,1043.665348999959,902.788,9.154,79.72334899995894,3.4403489999589283,76.28300000000002,52.0
S00001,Transcoder,core-1,core,116,DONE,3.5634,4.50141,938.0130360004841,948.0130360004841,899.932,12.664,25.41703600048413,1.0060360004841868,24.410999999999945,10.0
S00004,Transcoder,cloud-1,cloud,122,DONE,3.57195,4.43633,864.3772329996864,916.3772329996864,802.675,10.96,50.742232999686394,0.6762329996863627,50.06600000000003,52.0
S00004,Transcoder,cloud-1,cloud,123,DONE,3.59663,4.52117,924.5428949998313,976.5428949998313,813.868,84.989,25.68589499983125,0.6718949998313519,25.013999999999896,52.0
S00003,Transcoder,core-1,core,147,DONE,3.6003,4.60286,1002.5604680004108,1012.5604680004108,991.056,8.941,2.563468000410694,0.48946800041073857,2.0739999999999554,10.0
S00001,Transcoder,core-1,core,117,DONE,3.60271,4.59175,989.0403509998578,999.0403509998578,896.307,89.448,3.2853509998577692,0.7053509998577283,2.580000000000041,10.0
S00003,Transcoder,core-1,core,148,DONE,3.60948,4.69672,1087.2360889998163,1097.2360889998163,914.673,92.644,79.91908899981627,2.001088999816375,77.91799999999989,10.0
S00001,Transcoder,core-1,core,118,DONE,3.61142,4.60006,988.637325000127,998.637325000127,902.8,7.976,77.86132500012707,0.7993250001270553,77.06200000000001,10.0
S00001,Transcoder,core-1,core,119,DONE,3.61375,4.60811,994.3640020001112,1004.3640020001112,911.061,7.903,75.40000200011116,1.553002000111178,73.84699999999998,10.0
S00001,Transcoder,core-1,core,120,DONE,3.61921,4.69155,1072.330854000029,1082.330854000029,919.302,83.022,70.00685400002885,0.6408540000288667,69.36599999999999,10.0
S00002,Transcoder,cloud-1,cloud,113,DONE,3.62027,4.61589,995.6199210000705,1047.6199210000705,904.523,87.593,3.503921000070477,0.5409210000705116,2.9629999999999654,52.0
S00001,Transcoder,core-1,core,121,EXPIRED,3.6209,4.6917,,,1002.552,,,,,
S00004,Transcoder,cloud-1,cloud,124,DONE,3.63093,4.53227,901.3444100000925,953.3444100000925,889.588,10.507,1.2494100000925528,0.6914100000924464,0.5580000000001064,52.0
S00001,Transcoder,core-1,core,122,EXPIRED,3.63114,4.69175,,,1002.548,,,,,
S00004,Transcoder,cloud-1,cloud,125,DONE,3.64783,4.61938,971.5529149998474,1023.5529149998474,818.531,86.231,66.79091499984747,1.011914999847363,65.77900000000011,52.0
S00004,Transcoder,cloud-1,cloud,126,DONE,3.64807,4.6263,978.2345940002415,1030.2345940002415,904.978,7.02,66.23659400024155,1.01059400024144,65.22600000000011,52.0
S00004,Transcoder,cloud-1,cloud,127,DONE,3.65241,4.71609,1063.683865000712,1115.683865000712,912.372,88.578,62.73386500071217,1.1228650007121814,61.61099999999999,52.0
S00001,Transcoder,core-1,core,123,EXPIRED,3.6679,4.69183,,,1002.543,,,,,
S00004,Transcoder,cloud-1,cloud,128,EXPIRED,3.6887,4.71611,,,1001.125,,,,,
S00002,Transcoder,cloud-1,cloud,114,DONE,3.69381,4.62548,931.6713389998768,983.6713389998768,901.528,9.432,20.711338999876716,0.6113389998768071,20.09999999999991,52.0
S00001,Transcoder,core-1,core,124,EXPIRED,3.69393,4.69677,,,1001.221,,,,,
S00003,Transcoder,core-1,core,149,DONE,3.71259,4.70571,993.1249759993079,1003.1249759993079,902.348,13.788,76.98897599930797,0.6749759993078897,76.31400000000008,10.0
S00004,Transcoder,cloud-1,cloud,129,DONE,3.71626,4.81411,1097.855050000362,1149.855050000362,998.704,97.616,1.5350500003621619,0.4960500003621746,1.0389999999999873,52.0
S00001,Transcoder,core-1,core,125,DONE,3.71975,4.71125,991.4955250005733,1001.4955250005733,907.073,10.873,73.54952500057323,2.025525000573225,71.524,10.0
S00002,Transcoder,cloud-1,cloud,115,DONE,3.72118,4.71612,994.939584000349,1046.939584000349,902.937,89.977,2.0255840003489993,1.0965840003490257,0.9289999999999736,52.0
S00004,Transcoder,cloud-1,cloud,130,EXPIRED,3.72246,4.72695,,,1003.235,,,,,
S00002,Transcoder,cloud-1,cloud,116,DONE,3.73605,4.72614,990.0939459994333,1042.0939459994333,902.341,10.32,77.43294599943329,0.6069459994333783,76.82599999999991,52.0
S00004,Transcoder,cloud-1,cloud,131,EXPIRED,3.7476,4.81451,,,1000.281,,,,,
S00002,Transcoder,cloud-1,cloud,117,DONE,3.77623,4.81883,1042.593467000188,1094.593467000188,913.508,91.906,37.17946700018797,0.7744670001879967,36.40499999999997,52.0
S00004,Transcoder,cloud-1,cloud,132,EXPIRED,3.78932,4.81454,,,1000.269,,,,,
S00002,Transcoder,cloud-1,cloud,118,EXPIRED,3.80299,4.81446,,,1000.264,,,,,
S00002,Transcoder,cloud-1,cloud,119,DONE,3.81846,4.82585,1007.3912620000556,1059.3912620000556,999.209,6.802,1.380262000055609,0.731262000055608,0.6490000000000009,52.0
S00002,Transcoder,cloud-1,cloud,120,DONE,3.82709,4.91649,1089.392916000179,1141.392916000179,996.639,90.566,2.1879160001790297,0.6639160001789151,1.5240000000001146,52.0
S00001,Transcoder,core-1,core,126,DONE,3.84828,4.79017,941.8893239999306,951.8893239999306,818.579,82.589,40.721323999930746,0.6943239999305888,40.02700000000016,10.0
S00002,Transcoder,cloud-1,cloud,121,EXPIRED,3.85332,4.91604,,,1001.079,,,,,
S00004,Transcoder,cloud-1,cloud,133,DONE,3.85846,4.82206,963.6026509997464,1015.6026509997464,899.777,7.996,55.82965099974638,1.1366509997463936,54.692999999999984,52.0
S00004,Transcoder,cloud-1,cloud,134,DONE,3.86012,4.83027,970.1451560003989,1022.1451560003989,908.04,7.865,54.24015600039888,0.502156000398827,53.738000000000056,52.0
S00001,Transcoder,core-1,core,127,DONE,3.86768,4.79939,931.7077280002195,941.7077280002195,902.305,8.036,21.36672800021961,0.6537280002195303,20.71300000000008,10.0
S00002,Transcoder,cloud-1,cloud,122,EXPIRED,3.8789,4.91605,,,1001.037,,,,,
S00004,Transcoder,cloud-1,cloud,135,DONE,3.91496,4.91602,1001.0593910001262,1053.0593910001262,910.819,84.659,5.581391000126246,1.4173910001261447,4.164000000000101,52.0
S00001,Transcoder,core-1,core,128,DONE,3.91851,4.89709,978.5836770006426,988.5836770006426,812.003,96.736,69.8446770006426,0.9446770006426277,68.89999999999998,10.0
S00004,Transcoder,cloud-1,cloud,136,DONE,3.92323,5.01382,1090.5950920005125,1142.5950920005125,992.52,96.15,1.9250920005124499,0.7240920005124281,1.2010000000000218,52.0
S00003,Transcoder,core-1,core,150,DONE,3.93003,4.79116,861.1299719996168,871.1299719996168,718.357,84.776,57.9969719996169,0.6539719996168287,57.343000000000075,10.0
S00002,Transcoder,cloud-1,cloud,123,DONE,3.93839,4.92218,983.7936230005653,1035.7936230005653,902.0,6.402,75.39162300056523,0.7616230005652369,74.63,52.0
S00002,Transcoder,cloud-1,cloud,124,DONE,3.9389,5.02015,1081.2558139996327,1133.2558139996327,908.667,97.41,75.17881399963267,0.9398139996326336,74.23900000000003,52.0
S00003,Transcoder,core-1,core,151,DONE,3.95945,4.79722,837.7635280003233,847.7635280003233,802.421,6.401,28.941528000323274,0.744528000323271,28.197000000000003,10.0
S00001,Transcoder,core-1,core,129,DONE,3.96783,4.99524,1027.4177000001146,1037.4177000001146,908.982,94.323,24.112700000114614,4.63070000011453,19.482000000000085,10.0
S00004,Transcoder,cloud-1,cloud,137,DONE,3.98467,5.02172,1037.0529080000779,1089.0529080000779,1000.294,7.819,28.939908000077935,0.7579080000778049,28.18200000000013,52.0
S00002,Transcoder,cloud-1,cloud,125,EXPIRED,3.99442,5.01411,,,1000.57,,,,,
S00002,Transcoder,cloud-1,cloud,126,EXPIRED,4.00412,5.01433,,,1000.566,,,,,
S00004,Transcoder,cloud-1,cloud,138,EXPIRED,4.01084,5.01434,,,1000.562,,,,,
S00001,Transcoder,core-1,core,130,DONE,4.03078,4.99526,964.4823830003588,974.4823830003588,816.885,88.245,59.35238300035883,1.1193830003587664,58.23300000000006,10.0
S00003,Transcoder,core-1,core,152,DONE,4.03838,4.89079,852.4117150000166,862.4117150000166,707.643,91.353,53.415715000016576,2.726715000016611,50.688999999999965,10.0
S00003,Transcoder,core-1,core,153,DONE,4.05101,4.89924,848.2228929997291,858.2228929997291,799.615,10.388,38.21989299972904,0.8008929997290579,37.41899999999998,10.0
S00001,Transcoder,core-1,core,131,DONE,4.06174,5.09016,1028.4200940004666,1038.4200940004666,905.342,95.037,28.041094000466614,0.9370940004666863,27.103999999999928,10.0
S00002,Transcoder,cloud-1,cloud,127,DONE,4.06636,5.02917,962.805668999863,1014.805668999863,905.843,8.992,47.97066899986305,0.8156689998629645,47.155000000000086,52.0
S00004,Transcoder,cloud-1,cloud,139,DONE,4.06661,5.02805,961.4459610002086,1013.4459610002086,907.258,6.112,48.07596100020862,0.7359610002085901,47.34000000000003,52.0
S00003,Transcoder,core-1,core,154,DONE,4.06898,4.90713,838.1541839999045,848.1541839999045,810.194,6.385,21.57518399990454,0.7221839999044732,20.853000000000065,10.0
S00003,Transcoder,core-1,core,155,DONE,4.07345,4.9988,925.3446080001595,935.3446080001595,902.127,6.547,16.67060800015952,1.5226080001594937,15.148000000000025,10.0
S00001,Transcoder,core-1,core,132,EXPIRED,4.07698,5.09019,,,1000.557,,,,,
S00004,Transcoder,cloud-1,cloud,140,DONE,4.07715,5.11568,1038.5282489996825,1090.5282489996825,915.319,85.038,38.171248999682575,0.5842489996825861,37.58699999999999,52.0
S00002,Transcoder,cloud-1,cloud,128,DONE,4.08202,5.11567,1033.6475540007086,1085.6475540007086,913.625,86.705,33.31755400070858,0.7295540007087311,32.58799999999985,52.0
S00001,Transcoder,core-1,core,133,EXPIRED,4.08755,5.09019,,,1000.552,,,,,
S00001,Transcoder,core-1,core,134,DONE,4.09522,5.09678,1001.5562009994028,1011.5562009994028,992.547,6.436,2.5732009994027294,0.6562009994028131,1.9169999999999163,10.0
S00002,Transcoder,cloud-1,cloud,129,EXPIRED,4.09532,5.11494,,,1000.189,,,,,
S00003,Transcoder,core-1,core,156,DONE,4.10557,5.09013,984.5614389996626,994.5614389996626,809.991,91.351,83.21943899966266,0.9544389996626705,82.26499999999999,10.0
S00002,Transcoder,cloud-1,cloud,130,DONE,4.11503,5.12565,1010.6228190006732,1062.6228190006732,994.828,10.242,5.552819000673253,0.37181900067321294,5.18100000000004,52.0
S00002,Transcoder,cloud-1,cloud,131,DONE,4.12757,5.21441,1086.8339059998107,1138.8339059998107,997.504,87.463,1.8669059998105695,0.9309059998106477,0.9359999999999218,52.0
S00003,Transcoder,core-1,core,157,DONE,4.13827,5.09805,959.7868900000321,969.7868900000321,901.993,7.609,50.184890000032055,2.745890000032091,47.438999999999965,10.0
S00004,Transcoder,cloud-1,cloud,141,DONE,4.16202,5.12687,964.8465450000003,1016.8465450000003,951.697,11.309,1.8405450000003611,1.0845450000003893,0.7559999999999718,52.0
S00002,Transcoder,cloud-1,cloud,132,DONE,4.16368,5.22328,1059.5949379994636,1111.5949379994636,994.007,9.106,56.48193799946364,0.6439379994635601,55.83800000000008,52.0
S00001,Transcoder,core-1,core,135,DONE,4.1671,5.1051,938.0071959994893,948.0071959994893,908.527,8.357,21.123195999489326,1.0531959994893896,20.069999999999936,10.0
S00003,Transcoder,core-1,core,158,DONE,4.16849,5.10451,936.0173969998868,946.0173969998868,909.855,6.371,19.791396999886842,0.5103969998868934,19.28099999999995,10.0
S00003,Transcoder,core-1,core,159,DONE,4.17903,5.19618,1017.1426159995463,1027.1426159995463,917.054,90.355,9.73361599954626,0.9446159995462722,8.788999999999987,10.0
S00001,Transcoder,core-1,core,136,DONE,4.18358,5.19616,1012.5828299997011,1022.5828299997011,916.453,90.913,5.216829999701076,1.5058299997010636,3.7110000000000127,10.0
S00001,Transcoder,core-1,core,137,EXPIRED,4.18512,5.19619,,,1007.576,,,,,
S00004,Transcoder,cloud-1,cloud,142,DONE,4.18751,5.21946,1031.9576419997247,1083.9576419997247,907.573,91.429,32.955641999724776,0.9176419997247649,32.03800000000001,52.0
S00004,Transcoder,cloud-1,cloud,143,DONE,4.19094,5.2348,1043.8659159999588,1095.8659159999588,999.22,12.432,32.21391599995877,2.7359159999587064,29.478000000000065,52.0
S00001,Transcoder,core-1,core,138,DONE,4.20916,5.20765,998.4909339991646,1008.4909339991646,985.906,11.375,1.2099339991646048,0.567933999164552,0.6420000000000528,10.0
S00001,Transcoder,core-1,core,139,DONE,4.22114,5.29644,1075.2972790005515,1085.2972790005515,914.769,93.32,67.20827900055156,0.6222790005515435,66.58600000000001,10.0
S00002,Transcoder,cloud-1,cloud,133,DONE,4.23642,5.2304,993.9785130000018,1045.9785130000018,910.28,6.467,77.23151300000188,0.9555130000018153,76.27600000000007,52.0
S00002,Transcoder,cloud-1,cloud,134,DONE,4.24098,5.3208,1079.8200509998424,1131.8200509998424,918.603,88.858,72.35905099984234,0.5650509998422422,71.7940000000001,52.0
S00002,Transcoder,cloud-1,cloud,135,EXPIRED,4.24744,5.31435,,,1000.004,,,,,
S00003,Transcoder,core-1,core,160,DONE,4.26202,5.20269,940.6704860002719,950.6704860002719,908.238,6.216,26.216486000271857,0.9884860002719051,25.227999999999952,10.0
S00001,Transcoder,core-1,core,140,EXPIRED,4.26671,5.29084,,,1000.307,,,,,
S00004,Transcoder,cloud-1,cloud,144,DONE,4.27418,5.31395,1039.7746429998733,1091.7746429998733,917.144,82.799,39.83164299987334,1.0886429998734002,38.74299999999994,52.0
S00002,Transcoder,cloud-1,cloud,136,EXPIRED,4.27569,5.31982,,,1005.893,,,,,
S00003,Transcoder,core-1,core,161,DONE,4.27909,5.30103,1021.9475960002455,1031.9475960002455,919.698,93.4,8.849596000245583,0.5855960002455731,8.26400000000001,10.0
S00002,Transcoder,cloud-1,cloud,137,DONE,4.31911,5.33024,1011.1288500002047,1063.1288500002047,999.152,9.063,2.9138500002046612,2.2338500002047113,0.67999999999995,52.0
S00004,Transcoder,cloud-1,cloud,145,DONE,4.32625,5.32486,998.608470000363,1050.608470000363,983.391,11.146,4.071470000363092,2.1064700003630605,1.9650000000000318,52.0
S00004,Transcoder,cloud-1,cloud,146,DONE,4.33015,5.42337,1093.2237360002546,1145.2237360002546,993.161,98.312,1.7507360002546193,0.45273600025461747,1.2980000000000018,52.0
S00002,Transcoder,cloud-1,cloud,138,DONE,4.34647,5.42208,1075.609206000081,1127.609206000081,916.639,91.58,67.39020600008098,0.5442060000809761,66.846,52.0
S00004,Transcoder,cloud-1,cloud,147,EXPIRED,4.35133,5.42146,,,1000.071,,,,,
S00001,Transcoder,core-1,core,141,DONE,4.35702,5.30801,950.9925129996191,960.9925129996191,907.57,11.522,31.900512999618968,0.6365129996190717,31.263999999999896,10.0
S00003,Transcoder,core-1,core,162,DONE,4.36358,5.39945,1035.8623319998514,1045.8623319998514,912.907,89.505,33.450331999851414,1.7163319998514908,31.733999999999924,10.0
S00004,Transcoder,cloud-1,cloud,148,EXPIRED,4.36827,5.42169,,,1000.065,,,,,
S00003,Transcoder,core-1,core,163,EXPIRED,4.37942,5.39947,,,1002.573,,,,,
S00003,Transcoder,core-1,core,164,EXPIRED,4.37956,5.39948,,,1002.567,,,,,
S00001,Transcoder,core-1,core,142,DONE,4.38707,5.3998,1012.7387100001215,1022.7387100001215,919.313,91.645,1.7807100001215304,0.6217100001215385,1.1589999999999918,10.0
S00002,Transcoder,cloud-1,cloud,139,EXPIRED,4.3883,5.41415,,,1000.06,,,,,
S00002,Transcoder,cloud-1,cloud,140,EXPIRED,4.39282,5.4199,,,1000.055,,,,,
S00002,Transcoder,cloud-1,cloud,141,EXPIRED,4.3989,5.42068,,,1000.05,,,,,
S00002,Transcoder,cloud-1,cloud,142,EXPIRED,4.40127,5.42117,,,1000.045,,,,,
S00001,Transcoder,core-1,core,143,DONE,4.40701,5.49499,1087.9804749993127,1097.9804749993127,910.036,92.929,85.0154749993128,3.6074749993126716,81.40800000000013,10.0
S00004,Transcoder,cloud-1,cloud,149,EXPIRED,4.41514,5.42185,,,1001.731,,,,,
S00002,Transcoder,cloud-1,cloud,143,DONE,4.4313,5.51921,1087.913612000193,1139.913612000193,991.505,95.302,1.1066120001930813,0.6816120001931267,0.4249999999999545,52.0
S00001,Transcoder,core-1,core,144,EXPIRED,4.44778,5.49501,,,1003.187,,,,,
S00002,Transcoder,cloud-1,cloud,144,EXPIRED,4.47745,5.5145,,,1000.65,,,,,
S00001,Transcoder,core-1,core,145,EXPIRED,4.47777,5.49502,,,1003.18,,,,,
S00003,Transcoder,core-1,core,165,DONE,4.4843,5.39948,915.1865989997532,925.1865989997532,903.242,6.539,5.405598999753238,1.5855989997531879,3.82000000000005,10.0
S00004,Transcoder,cloud-1,cloud,150,DONE,4.48454,5.51871,1034.1693890004535,1086.1693890004535,908.828,96.241,29.10038900045356,1.0653890004534787,28.035000000000082,52.0
S00002,Transcoder,cloud-1,cloud,145,EXPIRED,4.49205,5.5147,,,1000.63,,,,,
S00004,Transcoder,cloud-1,cloud,151,EXPIRED,4.50247,5.51476,,,1000.625,,,,,
S00002,Transcoder,cloud-1,cloud,146,EXPIRED,4.50669,5.51472,,,1000.621,,,,,
S00003,Transcoder,core-1,core,166,DONE,4.51406,5.49904,984.9798549994375,994.9798549994375,808.878,98.061,78.04085499943744,0.6538549994374989,77.38699999999994,10.0
S00004,Transcoder,cloud-1,cloud,152,DONE,4.51749,5.52625,1008.7563249999221,1060.756324999922,998.285,7.236,3.2353249999221134,0.816324999922017,2.4190000000000964,52.0
S00002,Transcoder,cloud-1,cloud,147,DONE,4.51952,5.52802,1008.5075300003155,1060.5075300003155,999.265,8.265,0.9775300003154825,0.5115300003154744,0.4660000000000082,52.0
S00003,Transcoder,core-1,core,167,DONE,4.53958,5.58932,1049.7484929992424,1059.7484929992424,907.344,89.427,52.97749299924237,0.9694929992424477,52.007999999999925,10.0
S00002,Transcoder,cloud-1,cloud,148,DONE,4.54611,5.61598,1069.871351999609,1121.871351999609,981.131,87.228,1.512351999609109,0.5233519996090763,0.9890000000000327,52.0
S00003,Transcoder,core-1,core,168,DONE,4.54702,5.59911,1052.0877810004094,1062.0877810004094,997.212,7.655,47.22078100040949,0.7187810004095354,46.50199999999995,10.0
S00002,Transcoder,cloud-1,cloud,149,EXPIRED,4.54937,5.61439,,,1000.084,,,,,
S00002,Transcoder,cloud-1,cloud,150,EXPIRED,4.55207,5.6144,,,1000.063,,,,,
S00004,Transcoder,cloud-1,cloud,153,DONE,4.55968,5.61437,1054.6921360000852,1106.6921360000852,912.686,87.162,54.844136000085086,1.0171360000852019,53.826999999999884,52.0
S00001,Transcoder,core-1,core,146,DONE,4.56406,5.50318,939.1184699998121,949.1184699998121,899.728,7.808,31.582469999812133,0.8064699998120659,30.776000000000067,10.0
S00004,Transcoder,cloud-1,cloud,154,EXPIRED,4.5707,5.61441,,,1000.044,,,,,
S00004,Transcoder,cloud-1,cloud,155,EXPIRED,4.57511,5.61441,,,1000.037,,,,,
S00003,Transcoder,core-1,core,169,EXPIRED,4.58765,5.59637,,,1004.483,,,,,
S00003,Transcoder,core-1,core,170,DONE,4.60233,5.60374,1001.4177840002958,1011.4177840002958,993.124,6.718,1.575784000295812,0.7887840002957773,0.7870000000000346,10.0
S00004,Transcoder,cloud-1,cloud,156,EXPIRED,4.61139,5.61442,,,1000.031,,,,,
S00004,Transcoder,cloud-1,cloud,157,EXPIRED,4.61155,5.61445,,,1000.025,,,,,
S00002,Transcoder,cloud-1,cloud,151,DONE,4.61947,5.62278,1003.306898000119,1055.306898000119,995.406,6.553,1.3478980001190166,0.8318980001189402,0.5160000000000764,52.0
S00003,Transcoder,core-1,core,171,DONE,4.62085,5.69728,1076.4269130004323,1086.4269130004323,915.627,91.18,69.61991300043223,1.4719130004323233,68.14799999999991,10.0
S00002,Transcoder,cloud-1,cloud,152,DONE,4.6347,5.63016,995.4660729999887,1047.4660729999887,909.275,7.268,78.92307299998868,0.7680729999887035,78.15499999999997,52.0
S00004,Transcoder,cloud-1,cloud,158,DONE,4.63605,5.62115,985.0966909998533,1037.0966909998533,900.682,7.057,77.35769099985328,0.43069099985325465,76.92700000000002,52.0
S00002,Transcoder,cloud-1,cloud,153,DONE,4.63841,5.71521,1076.7947640006241,1128.7947640006241,916.974,84.022,75.79876400062403,0.5197640006240363,75.279,52.0
S00004,Transcoder,cloud-1,cloud,159,DONE,4.64454,5.62886,984.3171980000989,1036.3171980000989,908.358,7.06,68.89919800009898,0.749198000098886,68.15000000000009,52.0
S00003,Transcoder,core-1,core,172,EXPIRED,4.6501,5.69097,,,1000.25,,,,,
S00002,Transcoder,cloud-1,cloud,154,EXPIRED,4.65354,5.71884,,,1001.164,,,,,
S00001,Transcoder,core-1,core,147,DONE,4.65699,5.58931,932.3152200004188,942.3152200004188,811.409,88.962,31.944220000418795,0.9152200004187989,31.028999999999996,10.0
S00003,Transcoder,core-1,core,173,EXPIRED,4.65833,5.69098,,,1000.239,,,,,
S00004,Transcoder,cloud-1,cloud,160,DONE,4.66986,5.7208,1050.9432159997232,1102.9432159997232,915.896,91.182,43.865215999723205,0.9232159997231975,42.94200000000001,52.0
S00003,Transcoder,core-1,core,174,EXPIRED,4.67012,5.69099,,,1000.235,,,,,
S00001,Transcoder,core-1,core,148,DONE,4.67139,5.59967,928.2799840002554,938.2799840002554,902.023,8.98,17.27698400025531,0.5259840002553346,16.750999999999976,10.0
S00001,Transcoder,core-1,core,149,DONE,4.69475,5.6921,997.3451559999376,1007.3451559999376,902.829,92.038,2.4781559999375986,1.1011559999375322,1.3770000000000664,10.0
S00003,Transcoder,core-1,core,175,DONE,4.7,5.70696,1006.9555220006805,1016.9555220006805,994.375,11.351,1.2295220006805039,0.7395220006804948,0.4900000000000091,10.0
S00003,Transcoder,core-1,core,176,DONE,4.71083,5.7951,1084.2749180001192,1094.2749180001192,919.986,87.293,76.99591800011922,0.6099180001192508,76.38599999999997,10.0
S00002,Transcoder,cloud-1,cloud,155,DONE,4.73828,5.73111,992.8249570002663,1044.8249570002663,906.909,10.068,75.84795700026632,0.814957000266304,75.03300000000002,52.0
S00004,Transcoder,cloud-1,cloud,161,DONE,4.74385,5.72419,980.336786999942,1032.336786999942,901.054,9.351,69.931786999942,0.6387869999419991,69.293,52.0
S00002,Transcoder,cloud-1,cloud,156,DONE,4.7463,5.81877,1072.4684849992627,1124.4684849992627,917.151,87.844,67.47348499926284,0.5724849992627696,66.90100000000007,52.0
S00001,Transcoder,core-1,core,150,DONE,4.7538,5.70694,953.1402600005094,963.1402600005094,904.028,14.002,35.11026000050947,1.2222600005094364,33.888000000000034,10.0
S00003,Transcoder,core-1,core,177,EXPIRED,4.75828,5.78855,,,1000.567,,,,,
S00004,Transcoder,cloud-1,cloud,162,DONE,4.75968,5.81493,1055.25660100011,1107.25660100011,910.845,88.862,55.5496010001101,1.0196010001100149,54.530000000000086,52.0
S00001,Transcoder,core-1,core,151,DONE,4.76399,5.79294,1028.9515949998531,1038.9515949998531,918.771,85.978,24.202594999853204,0.6345949998531069,23.568000000000097,10.0
S00002,Transcoder,cloud-1,cloud,157,EXPIRED,4.76736,5.81495,,,1000.48,,,,,
S00002,Transcoder,cloud-1,cloud,158,EXPIRED,4.78484,5.81496,,,1000.475,,,,,
S00004,Transcoder,cloud-1,cloud,163,DONE,4.7863,5.82436,1038.0567530000917,1090.0567530000917,1000.346,9.894,27.816753000091694,0.6387530000918105,27.177999999999884,52.0
S00001,Transcoder,core-1,core,152,DONE,4.80165,5.79961,997.9584659995453,1007.9584659995453,903.997,6.739,87.2224659995453,0.5044659995453458,86.71799999999996,10.0
S00004,Transcoder,cloud-1,cloud,164,EXPIRED,4.80179,5.81501,,,1000.468,,,,,
S00002,Transcoder,cloud-1,cloud,159,EXPIRED,4.80917,5.815,,,1000.464,,,,,
S00001,Transcoder,core-1,core,153,DONE,4.81374,5.8887,1074.962580000829,1084.962580000829,910.925,88.058,75.97958000082895,1.5135800008288243,74.46600000000012,10.0
S00001,Transcoder,core-1,core,154,DONE,4.81783,5.89601,1078.184341999986,1088.184341999986,999.392,7.629,71.16334199998585,0.5003419999859489,70.6629999999999,10.0
S00001,Transcoder,core-1,core,155,EXPIRED,4.82107,5.89085,,,1000.564,,,,,
S00001,Transcoder,core-1,core,156,EXPIRED,4.82326,5.89086,,,1000.556,,,,,
S00004,Transcoder,cloud-1,cloud,165,DONE,4.83872,5.83065,991.9264580003073,1043.9264580003073,911.192,5.853,74.88145800030736,0.7344580003073133,74.14700000000005,52.0
S00002,Transcoder,cloud-1,cloud,160,DONE,4.8389,5.82952,990.6163480000032,1042.6163480000032,905.842,10.057,74.7173480000032,0.7233480000031705,73.99400000000003,52.0
S00003,Transcoder,core-1,core,178,DONE,4.84322,5.80185,958.6275900001056,968.6275900001056,906.466,6.538,45.62359000010554,0.6065900001055979,45.01699999999994,10.0
S00002,Transcoder,cloud-1,cloud,161,DONE,4.8467,5.91588,1069.1742059998433,1121.1742059998433,916.599,85.321,67.25420599984318,0.617205999843236,66.63699999999994,52.0
S00002,Transcoder,cloud-1,cloud,162,EXPIRED,4.85924,5.91613,,,1002.17,,,,,
S00002,Transcoder,cloud-1,cloud,163,EXPIRED,4.87094,5.91618,,,1002.167,,,,,
S00003,Transcoder,core-1,core,179,DONE,4.8725,5.89083,1018.3376810000482,1028.3376810000482,913.201,87.088,18.04868100004819,2.181681000048229,15.866999999999962,10.0
S00003,Transcoder,core-1,core,180,EXPIRED,4.87393,5.89086,,,1000.534,,,,,
S00001,Transcoder,core-1,core,157,EXPIRED,4.88837,5.8963,,,1004.677,,,,,
S00002,Transcoder,cloud-1,cloud,164,EXPIRED,4.89306,5.91624,,,1002.163,,,,,
S00001,Transcoder,core-1,core,158,DONE,4.89832,5.98904,1090.7184959996812,1100.7184959996812,996.286,92.315,2.117495999681296,0.7934959996812267,1.3240000000000691,10.0
S00004,Transcoder,cloud-1,cloud,166,DONE,4.90587,5.91685,1010.9821559999546,1062.9821559999546,917.142,86.212,7.628155999954515,0.5401559999545498,7.087999999999965,52.0
S00002,Transcoder,cloud-1,cloud,165,DONE,4.92748,5.92504,997.5594509996881,1049.5594509996881,902.126,8.573,86.86045099968817,0.8524509996881307,86.00800000000004,52.0
S00003,Transcoder,core-1,core,181,DONE,4.93095,5.90088,969.926886000394,979.926886000394,957.537,10.637,1.752886000394028,0.9448860003940354,0.8079999999999927,10.0
S00002,Transcoder,cloud-1,cloud,166,DONE,4.93112,6.01801,1086.8900769992251,1138.8900769992251,910.912,89.878,86.10007699922505,4.041076999225197,82.05899999999986,52.0
S00002,Transcoder,cloud-1,cloud,167,EXPIRED,4.94572,6.01802,,,1000.914,,,,,
S00003,Transcoder,core-1,core,182,DONE,4.95632,5.99453,1038.2107489995178,1048.2107489995178,942.813,93.734,1.663748999517793,0.8587489995177293,0.8050000000000637,10.0
S00004,Transcoder,cloud-1,cloud,167,DONE,4.96291,5.9301,967.1931880002376,1019.1931880002376,903.458,10.884,52.851188000237585,2.4611880002375983,50.389999999999986,52.0
S00002,Transcoder,cloud-1,cloud,168,EXPIRED,4.97748,6.01803,,,1000.904,,,,,
S00004,Transcoder,cloud-1,cloud,168,DONE,4.98199,6.01943,1037.4440550003783,1089.4440550003783,914.775,90.624,32.045055000378284,0.6930550003783083,31.351999999999975,52.0
S00002,Transcoder,cloud-1,cloud,169,EXPIRED,4.99044,6.01804,,,1000.897,,,,,
S00001,Transcoder,core-1,core,159,DONE,4.9983,5.99548,997.1785660000023,1007.1785660000023,989.641,6.646,0.891566000002399,0.3445660000023736,0.5470000000000255,10.0
S00003,Transcoder,core-1,core,183,DONE,4.99881,6.00703,1008.2266039999013,1018.2266039999013,995.587,7.6,5.03960399990126,4.366603999901258,0.6730000000000018,10.0
S00003,Transcoder,core-1,core,184,DONE,5.02409,6.09074,1066.653820999818,1076.653820999818,915.572,86.588,64.49382099981801,1.0868209998179736,63.40700000000004,10.0
S00002,Transcoder,cloud-1,cloud,170,DONE,5.02773,6.0236,995.8676280002692,1047.8676280002692,986.802,7.881,1.1846280002691856,0.5106280002692074,0.6739999999999782,52.0
S00001,Transcoder,core-1,core,160,DONE,5.03415,6.01087,976.7174139997223,986.7174139997223,908.182,14.437,54.09841399972231,0.6644139997223419,53.43399999999997,10.0
S00004,Transcoder,cloud-1,cloud,169,DONE,5.03757,6.02827,990.7023749992732,1042.7023749992732,905.425,8.016,77.26137499927324,0.5973749992731427,76.6640000000001,52.0
S00003,Transcoder,core-1,core,185,EXPIRED,5.04608,6.09077,,,1002.563,,,,,
S00001,Transcoder,core-1,core,161,DONE,5.05478,6.10276,1047.9735680000886,1057.9735680000886,922.868,88.49,36.6155680000885,3.878568000088535,32.736999999999966,10.0
S00002,Transcoder,cloud-1,cloud,171,DONE,5.06057,6.11585,1055.27953300043,1107.27953300043,909.001,91.587,54.69153300043013,0.7565330004301813,53.934999999999945,52.0
S00003,Transcoder,core-1,core,186,EXPIRED,5.08407,6.09093,,,1002.554,,,,,
S00004,Transcoder,cloud-1,cloud,170,DONE,5.09447,6.12177,1027.2923329994228,1079.2923329994228,914.051,92.776,20.4653329994228,0.6613329994227115,19.804000000000087,52.0
S00001,Transcoder,core-1,core,162,DONE,5.09925,6.18884,1089.590618999864,1099.590618999864,994.28,91.085,4.225618999864082,0.5186189998642021,3.70699999999988,10.0
S00001,Transcoder,core-1,core,163,EXPIRED,5.10629,6.18936,,,1000.983,,,,,
S00002,Transcoder,cloud-1,cloud,172,EXPIRED,5.10765,6.11888,,,1000.791,,,,,
S00004,Transcoder,cloud-1,cloud,171,EXPIRED,5.10891,6.12136,,,1000.786,,,,,
S00001,Transcoder,core-1,core,164,EXPIRED,5.11569,6.18943,,,1000.965,,,,,
S00001,Transcoder,core-1,core,165,EXPIRED,5.12434,6.18944,,,1000.958,,,,,
S00002,Transcoder,cloud-1,cloud,173,DONE,5.12472,6.12943,1004.7060180004337,1056.7060180004337,995.716,8.015,0.9750180004336926,0.4770180004336453,0.4980000000000473,52.0
S00003,Transcoder,core-1,core,187,DONE,5.13224,6.09753,965.2918360006879,975.2918360006879,902.483,6.645,56.16383600068798,0.48583600068786836,55.67800000000011,10.0
S00004,Transcoder,cloud-1,cloud,172,DONE,5.15402,6.13495,980.9331409996958,1032.9331409996958,909.392,11.59,59.95114099969567,0.82914099969571,59.12199999999996,52.0
S00004,Transcoder,cloud-1,cloud,173,DONE,5.15637,6.21772,1061.3494330000321,1113.3494330000321,921.212,82.818,57.31943300003218,0.5604330000321625,56.759000000000015,52.0
S00001,Transcoder,core-1,core,166,EXPIRED,5.16077,6.18957,,,1000.94,,,,,
S00001,Transcoder,core-1,core,167,EXPIRED,5.16842,6.18958,,,1000.935,,,,,
S00004,Transcoder,cloud-1,cloud,174,EXPIRED,5.17991,6.21482,,,1000.006,,,,,
S00002,Transcoder,cloud-1,cloud,174,DONE,5.19077,6.13596,945.1860559993293,997.1860559993293,916.119,6.342,22.725055999329243,0.6270559993292864,22.097999999999956,52.0
S00004,Transcoder,cloud-1,cloud,175,EXPIRED,5.19095,6.21483,,,1000.21,,,,,
S00003,Transcoder,core-1,core,188,DONE,5.20502,6.19086,985.8402130003014,995.8402130003014,892.371,91.155,2.3142130003014927,0.5272130003014581,1.7870000000000346,10.0
S00003,Transcoder,core-1,core,189,DONE,5.21443,6.19924,984.8178250003912,994.8178250003912,975.359,8.034,1.424825000391138,0.7468250003911407,0.6779999999999973,10.0
S00001,Transcoder,core-1,core,168,DONE,5.22277,6.19687,974.0986710003199,984.0986710003199,901.06,7.257,65.78167100031999,0.9446710003198859,64.8370000000001,10.0
S00001,Transcoder,core-1,core,169,DONE,5.22562,6.28831,1062.687501000255,1072.687501000255,908.448,91.203,63.03650100025504,0.7115010002548843,62.32500000000016,10.0
S00004,Transcoder,cloud-1,cloud,176,DONE,5.22575,6.22501,999.2641800008641,1051.2641800008641,990.212,7.143,1.9091800008641258,1.4001800008641112,0.5090000000000146,52.0
S00004,Transcoder,cloud-1,cloud,177,DONE,5.23014,6.31598,1085.8368469998823,1137.8368469998823,993.995,89.997,1.844846999882293,1.1198469998821565,0.7250000000001364,52.0
S00003,Transcoder,core-1,core,190,DONE,5.23182,6.29102,1059.2059150003479,1069.2059150003479,911.134,90.836,57.23591500034786,0.43491500034792807,56.80099999999993,10.0
S00003,Transcoder,core-1,core,191,EXPIRED,5.23608,6.29026,,,1000.447,,,,,
S00001,Transcoder,core-1,core,170,EXPIRED,5.24699,6.28898,,,1000.44,,,,,
S00001,Transcoder,core-1,core,171,EXPIRED,5.25614,6.28937,,,1000.434,,,,,
S00001,Transcoder,core-1,core,172,EXPIRED,5.26488,6.28992,,,1000.427,,,,,
S00001,Transcoder,core-1,core,173,EXPIRED,5.26518,6.29012,,,1000.421,,,,,
S00002,Transcoder,cloud-1,cloud,175,DONE,5.29412,6.21837,924.2490819997329,976.2490819997329,816.809,82.363,25.077081999732854,0.5470819997328817,24.529999999999973,52.0
S00003,Transcoder,core-1,core,192,DONE,5.31397,6.31152,997.5470500003212,1007.5470500003212,902.185,20.687,74.67505000032122,1.0800500003211937,73.59500000000003,10.0
S00004,Transcoder,cloud-1,cloud,178,DONE,5.31865,6.33538,1016.7226559997289,1068.7226559997289,996.049,19.082,1.5916559997289141,1.0716559997289323,0.5199999999999818,52.0
S00003,Transcoder,core-1,core,193,DONE,5.31882,6.39826,1079.4387920004738,1089.4387920004738,923.934,85.881,69.62379200047383,0.41679200047383347,69.207,10.0
S00004,Transcoder,cloud-1,cloud,179,DONE,5.3336,6.33957,1005.9719880000557,1057.9719880000557,913.253,12.147,80.57198800005563,0.6079880000556841,79.96399999999994,52.0
S00001,Transcoder,core-1,core,174,DONE,5.337,6.30252,965.5153150006299,975.5153150006299,901.805,11.955,51.755315000629935,0.6583150006299547,51.09699999999998,10.0
S00002,Transcoder,cloud-1,cloud,176,DONE,5.34038,6.22575,885.3711370002202,937.3711370002202,805.131,6.73,73.5101370002202,0.5401370002201702,72.97000000000003,52.0
S00001,Transcoder,core-1,core,175,DONE,5.3458,6.31245,966.6540629996234,976.6540629996234,914.02,8.854,43.7800629996234,0.6310629996233956,43.149,10.0
S00003,Transcoder,core-1,core,194,EXPIRED,5.35627,6.394,,,1004.843,,,,,
S00001,Transcoder,core-1,core,176,DONE,5.35645,6.39397,1037.5258009999015,1047.5258009999015,923.968,80.643,32.91480099990156,1.1738009999014594,31.7410000000001,10.0
S00002,Transcoder,cloud-1,cloud,177,DONE,5.36197,6.31929,957.3199319993364,1009.3199319993364,812.329,93.017,51.9739319993364,1.1899319993364088,50.78399999999999,52.0
S00003,Transcoder,core-1,core,195,EXPIRED,5.36663,6.39401,,,1004.831,,,,,
S00004,Transcoder,cloud-1,cloud,180,DONE,5.36681,6.42095,1054.1331150006954,1106.1331150006954,925.561,81.17,47.4021150006954,0.6041150006954012,46.798,52.0
S00001,Transcoder,core-1,core,177,EXPIRED,5.38379,6.39399,,,1004.826,,,,,
S00002,Transcoder,cloud-1,cloud,178,DONE,5.39949,6.32697,927.4805820004985,979.4805820004985,905.943,6.427,15.110582000498539,1.0805820004985662,14.029999999999973,52.0
S00002,Transcoder,cloud-1,cloud,179,DONE,5.39968,6.41895,1019.2744489995675,1071.2744489995675,922.495,78.824,17.95544899956758,3.999448999567562,13.956000000000017,52.0
S00004,Transcoder,cloud-1,cloud,181,EXPIRED,5.40516,6.41897,,,1001.462,,,,,
S00001,Transcoder,core-1,core,178,DONE,5.41846,6.49014,1071.6772349996972,1081.6772349996972,910.794,90.926,69.95723499969722,0.7442349996972553,69.21299999999997,10.0
S00003,Transcoder,core-1,core,196,DONE,5.41991,6.40356,983.6507970003368,993.6507970003368,905.34,9.949,68.36179700033676,0.5167970003367373,67.84500000000003,10.0
S00002,Transcoder,cloud-1,cloud,180,DONE,5.42467,6.42324,998.5705010003585,1050.5705010003585,989.967,7.594,1.0095010003584548,0.5325010003584794,0.47699999999997544,52.0
S00004,Transcoder,cloud-1,cloud,182,DONE,5.4374,6.51584,1078.4433810003975,1130.4433810003975,906.806,94.532,77.10538100039741,0.6793810003975977,76.42599999999982,52.0
S00001,Transcoder,core-1,core,179,EXPIRED,5.44467,6.49074,,,1001.926,,,,,
S00004,Transcoder,cloud-1,cloud,183,EXPIRED,5.44948,6.51781,,,1001.539,,,,,
S00001,Transcoder,core-1,core,180,EXPIRED,5.45234,6.49076,,,1001.919,,,,,
S00001,Transcoder,core-1,core,181,EXPIRED,5.45777,6.49076,,,1001.912,,,,,
S00002,Transcoder,cloud-1,cloud,181,DONE,5.46526,6.51957,1054.3125370004418,1106.3125370004418,909.404,95.82,49.088537000441875,0.7785370004417018,48.31000000000017,52.0
S00001,Transcoder,core-1,core,182,EXPIRED,5.46593,6.49077,,,1001.905,,,,,
S00004,Transcoder,cloud-1,cloud,184,EXPIRED,5.46724,6.51785,,,1001.526,,,,,
S00004,Transcoder,cloud-1,cloud,185,EXPIRED,5.47596,6.51786,,,1001.522,,,,,
S00004,Transcoder,cloud-1,cloud,186,EXPIRED,5.49503,6.51787,,,1001.518,,,,,
S00001,Transcoder,core-1,core,183,DONE,5.50669,6.4989,992.2050870000021,1002.2050870000021,902.15,8.293,81.76208700000211,0.5270870000020977,81.23500000000001,10.0
S00001,Transcoder,core-1,core,184,DONE,5.51714,6.58922,1072.08056699983,1082.08056699983,911.405,89.307,71.36856699982991,0.9705669998299982,70.39799999999991,10.0
S00002,Transcoder,cloud-1,cloud,182,DONE,5.53028,6.61419,1083.907418000308,1135.907418000308,988.26,93.939,1.7084180003080291,0.8024180003080801,0.9059999999999491,52.0
S00001,Transcoder,core-1,core,185,EXPIRED,5.53683,6.59104,,,1000.776,,,,,
S00002,Transcoder,cloud-1,cloud,183,DONE,5.53756,6.63074,1093.183945000419,1145.183945000419,1000.265,13.518,79.40094500041903,3.5709450004189875,75.83000000000004,52.0
S00004,Transcoder,cloud-1,cloud,187,DONE,5.53781,6.5309,993.0915149998327,1045.0915149998327,902.094,8.787,82.21051499983264,6.581514999832734,75.6289999999999,52.0
S00002,Transcoder,cloud-1,cloud,184,EXPIRED,5.54426,6.61654,,,1001.743,,,,,
S00002,Transcoder,cloud-1,cloud,185,EXPIRED,5.54778,6.61656,,,1001.739,,,,,
S00002,Transcoder,cloud-1,cloud,186,EXPIRED,5.54924,6.61656,,,1001.734,,,,,
S00001,Transcoder,core-1,core,186,EXPIRED,5.55794,6.59182,,,1000.771,,,,,
S00001,Transcoder,core-1,core,187,EXPIRED,5.56381,6.5926,,,1000.766,,,,,
S00001,Transcoder,core-1,core,188,EXPIRED,5.56434,6.59263,,,1000.746,,,,,
S00003,Transcoder,core-1,core,197,DONE,5.56998,6.49766,927.677923000374,937.677923000374,816.922,91.759,18.996923000373954,0.7939230003739794,18.202999999999975,10.0
S00003,Transcoder,core-1,core,198,DONE,5.57555,6.58822,1012.6744509998389,1022.6744509998389,909.065,90.495,13.114450999838823,0.740450999838913,12.37399999999991,10.0
S00004,Transcoder,cloud-1,cloud,188,DONE,5.58002,6.61662,1036.5979260004679,1088.5979260004679,911.069,90.997,34.531926000467934,0.7919260004678108,33.74000000000012,52.0
S00003,Transcoder,core-1,core,199,DONE,5.58934,6.59688,1007.5337090001995,1017.5337090001995,998.012,7.591,1.9307090001994993,0.5787090001994102,1.3520000000000891,10.0
S00001,Transcoder,core-1,core,189,DONE,5.59399,6.68943,1095.4369600003702,1105.4369600003702,995.31,96.124,4.002960000370194,1.0759600003700598,2.9270000000001346,10.0
S00002,Transcoder,cloud-1,cloud,187,EXPIRED,5.59562,6.61657,,,1001.724,,,,,
S00004,Transcoder,cloud-1,cloud,189,EXPIRED,5.59913,6.61658,,,1001.719,,,,,
S00004,Transcoder,cloud-1,cloud,190,EXPIRED,5.59927,6.61659,,,1001.715,,,,,
S00004,Transcoder,cloud-1,cloud,191,EXPIRED,5.60598,6.61661,,,1001.711,,,,,
S00002,Transcoder,cloud-1,cloud,188,DONE,5.62502,6.63144,1006.4236380003422,1058.4236380003422,997.659,6.151,2.6136380003422346,2.0256380003421555,0.5880000000000791,52.0
S00001,Transcoder,core-1,core,190,DONE,5.63642,6.6895,1053.0801790000623,1063.0801790000623,915.861,84.391,52.82817900006239,1.419179000062286,51.409000000000106,10.0
S00002,Transcoder,cloud-1,cloud,189,DONE,5.63666,6.7238,1087.1425079994879,1139.1425079994879,917.298,91.657,78.18750799948782,0.5195079994878142,77.668,52.0
S00004,Transcoder,cloud-1,cloud,192,DONE,5.65817,6.6246,966.4294920003158,1018.4294920003158,901.312,8.552,56.56549200031577,1.0584920003158231,55.50699999999995,52.0
S00003,Transcoder,core-1,core,200,DONE,5.66272,6.60458,941.858965999927,951.858965999927,907.749,7.734,26.37596599992696,0.6849659999270443,25.690999999999917,10.0
S00002,Transcoder,cloud-1,cloud,190,EXPIRED,5.67321,6.71897,,,1001.275,,,,,
S00002,Transcoder,cloud-1,cloud,191,EXPIRED,5.6734,6.71992,,,1001.27,,,,,
S00001,Transcoder,core-1,core,191,EXPIRED,5.67345,6.68952,,,1000.257,,,,,
S00003,Transcoder,core-1,core,201,DONE,5.67686,6.70084,1023.9778410004874,1033.9778410004874,999.924,11.145,12.908841000487428,0.5548410004873858,12.354000000000042,10.0
S00004,Transcoder,cloud-1,cloud,193,DONE,5.67703,6.72003,1043.0060999997295,1095.0060999997295,913.649,91.048,38.30909999972948,0.8580999997295748,37.45099999999991,52.0
S00001,Transcoder,core-1,core,192,EXPIRED,5.67716,6.68954,,,1000.246,,,,,
S00001,Transcoder,core-1,core,193,DONE,5.69099,6.69614,1005.1479680005286,1015.1479680005286,996.988,6.79,1.3699680005286154,0.5479680005286127,0.8220000000000027,10.0
S00001,Transcoder,core-1,core,194,EXPIRED,5.69332,6.69675,,,1000.12,,,,,
S00001,Transcoder,core-1,core,195,EXPIRED,5.69342,6.69968,,,1000.104,,,,,
S00001,Transcoder,core-1,core,196,EXPIRED,5.6935,6.70049,,,1000.042,,,,,
S00004,Transcoder,cloud-1,cloud,194,EXPIRED,5.70696,6.71999,,,1001.261,,,,,
S00001,Transcoder,core-1,core,197,DONE,5.71884,6.80683,1087.9901500002234,1097.9901500002234,911.439,102.296,74.25515000022335,4.996150000223452,69.2589999999999,10.0
S00004,Transcoder,cloud-1,cloud,195,DONE,5.72081,6.73158,1010.7623069998226,1062.7623069998226,997.973,11.384,1.405306999822642,0.6103069998225692,0.7950000000000728,52.0
S00004,Transcoder,cloud-1,cloud,196,DONE,5.73112,6.8303,1099.1825689998223,1151.1825689998223,917.963,96.19,85.02956899982223,0.798568999822237,84.231,52.0
S00004,Transcoder,cloud-1,cloud,197,EXPIRED,5.73947,6.819,,,1002.259,,,,,
S00004,Transcoder,cloud-1,cloud,198,EXPIRED,5.74293,6.81901,,,1002.246,,,,,
S00004,Transcoder,cloud-1,cloud,199,EXPIRED,5.76272,6.81904,,,1002.24,,,,,
S00001,Transcoder,core-1,core,198,EXPIRED,5.7651,6.7984,,,1008.179,,,,,
S00003,Transcoder,core-1,core,202,DONE,5.77254,6.70619,933.6462130004293,943.6462130004293,908.14,9.146,16.360213000429326,0.8212130004292248,15.539000000000101,10.0
S00001,Transcoder,core-1,core,199,EXPIRED,5.77598,6.79842,,,1008.168,,,,,
S00003,Transcoder,core-1,core,203,DONE,5.78142,6.79707,1015.6489680002778,1025.6489680002778,917.671,90.263,7.714968000277736,0.9089680002778096,6.805999999999926,10.0
S00002,Transcoder,cloud-1,cloud,192,DONE,5.78164,6.81897,1037.3265680000259,1089.3265680000259,910.181,91.801,35.34456800002579,3.6865680000257726,31.658000000000015,52.0
S00001,Transcoder,core-1,core,200,EXPIRED,5.78182,6.79849,,,1008.16,,,,,
S00002,Transcoder,cloud-1,cloud,193,EXPIRED,5.7942,6.81899,,,1002.228,,,,,
S00003,Transcoder,core-1,core,204,DONE,5.80609,6.90007,1093.9795619997312,1103.9795619997312,914.197,97.222,82.56056199973125,0.4615619997312024,82.09900000000005,10.0
S00002,Transcoder,cloud-1,cloud,194,DONE,5.81354,6.83208,1018.5440370005381,1070.544037000538,998.59,14.41,5.544037000538083,2.103037000538052,3.441000000000031,52.0
S00002,Transcoder,cloud-1,cloud,195,EXPIRED,5.81722,6.8307,,,1010.284,,,,,
S00003,Transcoder,core-1,core,205,EXPIRED,5.82444,6.89489,,,1002.741,,,,,
S00004,Transcoder,cloud-1,cloud,200,DONE,5.8541,6.9224,1068.3015650001835,1120.3015650001835,917.766,91.33,59.20556500018347,0.8435650001833892,58.36200000000008,52.0
S00003,Transcoder,core-1,core,206,EXPIRED,5.86983,6.89491,,,1002.722,,,,,
S00002,Transcoder,cloud-1,cloud,196,DONE,5.89087,6.92356,1032.6908180004466,1084.6908180004466,918.5,91.741,22.449818000446612,4.294818000446639,18.154999999999973,52.0
S00001,Transcoder,core-1,core,201,DONE,5.90091,6.89085,989.9395869997534,999.9395869997534,809.92,92.118,87.90158699975336,0.7155869997533273,87.18600000000004,10.0
S00002,Transcoder,cloud-1,cloud,197,EXPIRED,5.9033,6.91692,,,1002.005,,,,,
S00003,Transcoder,core-1,core,207,DONE,5.90466,6.99604,1091.3768949994846,1101.3768949994846,911.984,94.796,84.59689499948456,1.085894999484708,83.51099999999985,10.0
S00003,Transcoder,core-1,core,208,EXPIRED,5.91334,6.98915,,,1000.177,,,,,
S00002,Transcoder,cloud-1,cloud,198,DONE,5.93552,6.93067,995.1432540001406,1047.1432540001406,910.367,6.823,77.95325400014065,0.7012540001405796,77.25200000000007,52.0
S00004,Transcoder,cloud-1,cloud,201,DONE,5.9521,6.92966,977.5608270001612,1029.5608270001612,909.575,6.686,61.299827000161144,0.7968270001612154,60.50299999999993,52.0
S00003,Transcoder,core-1,core,209,EXPIRED,5.96788,6.98926,,,1000.172,,,,,
S00001,Transcoder,core-1,core,202,DONE,5.96871,6.90312,934.4105719992513,944.4105719992513,903.779,10.608,20.023571999251317,0.4395719992512568,19.58400000000006,10.0
S00001,Transcoder,core-1,core,203,DONE,5.98648,6.99379,1007.3089939996862,1017.3089939996862,914.541,89.378,3.389993999686112,0.9379939996862277,2.4519999999998845,10.0
S00002,Transcoder,cloud-1,cloud,199,DONE,6.00682,7.0229,1016.0817699998006,1068.0817699998006,917.293,85.209,13.579769999800646,8.385769999800573,5.194000000000074,52.0
S00004,Transcoder,cloud-1,cloud,202,DONE,6.00925,7.01606,1006.8037000000913,1058.8037000000913,916.723,84.991,5.089700000091398,1.1517000000912958,3.938000000000102,52.0
S00003,Transcoder,core-1,core,210,DONE,6.0094,7.00473,995.3334250003536,1005.3334250003536,982.38,11.143,1.8104250003535753,0.7884250003536408,1.0219999999999345,10.0
S00003,Transcoder,core-1,core,211,DONE,6.01208,7.09016,1078.0766280004173,1088.0766280004173,991.95,83.293,2.8336280004173204,0.8826280004172986,1.9510000000000218,10.0
S00004,Transcoder,cloud-1,cloud,203,EXPIRED,6.01217,7.02287,,,1001.866,,,,,
S00004,Transcoder,cloud-1,cloud,204,EXPIRED,6.01229,7.02289,,,1001.862,,,,,
S00002,Transcoder,cloud-1,cloud,200,DONE,6.01804,7.02341,1005.3664910001316,1057.3664910001316,992.91,7.216,5.240491000131669,0.9234910001316621,4.317000000000007,52.0
S00004,Transcoder,cloud-1,cloud,205,DONE,6.02276,7.02811,1005.3482480007006,1057.3482480007006,991.464,11.742,2.1422480007005333,1.127248000700547,1.0149999999999864,52.0
S00004,Transcoder,cloud-1,cloud,206,DONE,6.04772,7.11505,1067.3322599996027,1119.3322599996027,974.743,89.4,3.1892599996026547,0.6852599996027493,2.5039999999999054,52.0
S00004,Transcoder,cloud-1,cloud,207,EXPIRED,6.05568,7.11513,,,1056.413,,,,,
S00002,Transcoder,cloud-1,cloud,201,DONE,6.07051,7.11815,1047.6410510000278,1099.6410510000278,910.443,90.684,46.51405100002785,0.5890510000278937,45.924999999999955,52.0
S00001,Transcoder,core-1,core,204,DONE,6.07755,7.09017,1012.6183110005513,1022.6183110005513,907.703,94.493,10.422311000551417,0.900311000551369,9.522000000000048,10.0
S00001,Transcoder,core-1,core,205,EXPIRED,6.08408,7.08925,,,1000.48,,,,,
S00001,Transcoder,core-1,core,206,EXPIRED,6.08666,7.09014,,,1000.395,,,,,
S00003,Transcoder,core-1,core,212,DONE,6.08908,7.09713,1008.0480229999011,1018.0480229999011,999.433,6.652,1.9630229999011135,0.5490229999011262,1.4139999999999873,10.0
S00002,Transcoder,cloud-1,cloud,202,EXPIRED,6.11309,7.11854,,,1001.519,,,,,
S00004,Transcoder,cloud-1,cloud,208,DONE,6.11327,7.12353,1010.2526330001638,1062.2526330001638,996.672,9.857,3.7236330001637725,0.6376330001637598,3.0860000000000127,52.0
S00002,Transcoder,cloud-1,cloud,203,DONE,6.12137,7.12747,1006.093991999478,1058.093991999478,996.044,8.415,1.6349919994780748,0.6119919994780503,1.0230000000000246,52.0
S00003,Transcoder,core-1,core,213,DONE,6.12178,7.10421,982.4322799995571,992.4322799995571,910.3,6.045,66.08727999955715,0.5012799995570276,65.58600000000013,10.0
S00004,Transcoder,cloud-1,cloud,209,DONE,6.12231,7.21529,1092.988516999867,1144.988516999867,996.764,89.248,6.976516999867044,1.2365169998670353,5.740000000000009,52.0
S00002,Transcoder,cloud-1,cloud,204,DONE,6.1372,7.21536,1078.160012000808,1130.160012000808,989.895,86.543,1.7220120008078084,0.5750120008078738,1.1469999999999345,52.0
S00002,Transcoder,cloud-1,cloud,205,EXPIRED,6.14868,7.21531,,,1000.053,,,,,
S00004,Transcoder,cloud-1,cloud,210,EXPIRED,6.15054,7.21532,,,1000.04,,,,,
S00003,Transcoder,core-1,core,214,EXPIRED,6.15623,7.191,,,1000.031,,,,,
S00003,Transcoder,core-1,core,215,EXPIRED,6.15642,7.19103,,,1000.025,,,,,
S00004,Transcoder,cloud-1,cloud,211,EXPIRED,6.15873,7.21534,,,1000.034,,,,,
S00003,Transcoder,core-1,core,216,EXPIRED,6.16184,7.19104,,,1000.02,,,,,
S00003,Transcoder,core-1,core,217,EXPIRED,6.17637,7.19104,,,1000.015,,,,,
S00004,Transcoder,cloud-1,cloud,212,EXPIRED,6.18196,7.21535,,,1000.03,,,,,
S00004,Transcoder,cloud-1,cloud,213,EXPIRED,6.19477,7.21535,,,1000.025,,,,,
S00003,Transcoder,core-1,core,218,DONE,6.19495,7.19817,1003.2217429998127,1013.2217429998127,992.782,9.461,0.9787429998126527,0.3757429998127009,0.6029999999999518,10.0
S00003,Transcoder,core-1,core,219,DONE,6.19688,7.20522,1008.3372850003798,1018.3372850003798,998.685,6.63,3.0222850003798385,0.34228500037977483,2.6800000000000637,10.0
S00001,Transcoder,core-1,core,207,DONE,6.19928,7.09774,898.4624779996011,908.4624779996011,885.871,8.179,4.412477999601151,3.676477999601161,0.73599999999999,10.0
S00001,Transcoder,core-1,core,208,DONE,6.2027,7.1038,901.098379999894,911.098379999894,893.614,6.346,1.138379999893914,0.6303799998939894,0.5079999999999245,10.0
S00003,Transcoder,core-1,core,220,DONE,6.22422,7.28864,1064.418072999615,1074.418072999615,979.789,82.781,1.8480729996151695,0.8080729996152058,1.0399999999999636,10.0
S00004,Transcoder,cloud-1,cloud,214,DONE,6.23408,7.2223,988.218567000331,1040.218567000331,900.601,7.519,80.09856700033095,0.7635670003309087,79.33500000000004,52.0
S00003,Transcoder,core-1,core,221,EXPIRED,6.24464,7.28865,,,1042.342,,,,,
S00002,Transcoder,cloud-1,cloud,206,DONE,6.24668,7.227,980.3164229997492,1032.3164229997492,900.983,7.932,71.40142299974923,0.7404229997491711,70.66100000000006,52.0
S00004,Transcoder,cloud-1,cloud,215,DONE,6.25106,7.31564,1064.579744999719,1116.579744999719,908.27,92.938,63.371744999719,0.687744999718916,62.68400000000008,52.0
S00001,Transcoder,core-1,core,209,DONE,6.25476,7.19524,940.4777059999105,950.4777059999105,848.31,90.927,1.240705999910574,0.5927059999105495,0.6480000000000246,10.0
S00001,Transcoder,core-1,core,210,DONE,6.27006,7.20251,932.448628000202,942.448628000202,924.002,6.947,1.4996280002020512,0.6906280002019685,0.8090000000000828,10.0
S00001,Transcoder,core-1,core,211,DONE,6.27958,7.29222,1012.6365159994748,1022.6365159994748,914.452,89.72,8.46451599947477,0.6295159994748474,7.834999999999923,10.0
S00002,Transcoder,cloud-1,cloud,207,DONE,6.2821,7.31407,1031.9703409995782,1083.9703409995782,909.025,90.125,32.82034099957821,0.8953409995781385,31.925000000000068,52.0
S00002,Transcoder,cloud-1,cloud,208,EXPIRED,6.29035,7.31466,,,1000.382,,,,,
S00003,Transcoder,core-1,core,222,DONE,6.31153,7.29958,988.0475780000779,998.0475780000779,978.747,7.002,2.2985780000780096,0.8655780000779032,1.4330000000001064,10.0
S00001,Transcoder,core-1,core,212,DONE,6.31249,7.29537,982.8726910000114,992.8726910000114,974.685,6.77,1.417691000011473,0.9606910000113658,0.4570000000001073,10.0
S00003,Transcoder,core-1,core,223,DONE,6.3178,7.3902,1072.404892999657,1082.404892999657,980.89,90.465,1.0498929996570041,0.5078929996570878,0.5419999999999163,10.0
S00001,Transcoder,core-1,core,213,DONE,6.33356,7.30776,974.200005000057,984.200005000057,907.678,11.772,54.750005000056944,0.6420050000569972,54.10799999999995,10.0
S00004,Transcoder,cloud-1,cloud,216,DONE,6.33371,7.32453,990.81621500045,1042.81621500045,977.575,7.56,5.681215000450038,3.4882150004500545,2.1929999999999836,52.0
S00004,Transcoder,cloud-1,cloud,217,DONE,6.3354,7.33144,996.0373230005644,1048.0373230005644,985.113,9.575,1.3493230005642545,0.53632300056438,0.8129999999998745,52.0
S00003,Transcoder,core-1,core,224,EXPIRED,6.35591,7.38927,,,1000.041,,,,,
S00002,Transcoder,cloud-1,cloud,209,DONE,6.35763,7.325,967.3766519999845,1019.3766519999845,902.169,9.308,55.899651999984485,0.49465199998451226,55.40499999999997,52.0
S00004,Transcoder,cloud-1,cloud,218,DONE,6.39401,7.41717,1023.1549320005797,1075.1549320005797,918.353,85.217,19.584932000579784,0.9899320005797563,18.595000000000027,52.0
S00002,Transcoder,cloud-1,cloud,210,DONE,6.39412,7.33217,938.0525980004677,990.0525980004677,911.609,7.162,19.281598000467625,0.9105980004676439,18.37099999999998,52.0
S00003,Transcoder,core-1,core,225,DONE,6.39705,7.39791,1000.8664019997013,1010.8664019997013,991.555,7.262,2.0494019997014448,0.47540199970137564,1.5740000000000691,10.0
S00003,Transcoder,core-1,core,226,DONE,6.41395,7.4888,1074.8522639996736,1084.8522639996736,982.81,89.957,2.0852639996737707,1.1322639996735688,0.9530000000002019,10.0
S00001,Transcoder,core-1,core,214,DONE,6.42274,7.39825,975.5038449993663,985.5038449993663,884.083,90.34,1.0808449993662634,0.4448449993662962,0.6359999999999673,10.0
S00002,Transcoder,cloud-1,cloud,211,DONE,6.43562,7.41494,979.3173680000109,1031.317368000011,819.342,82.257,77.71836800001097,0.6293680000109134,77.08900000000006,52.0
S00001,Transcoder,core-1,core,215,DONE,6.4411,7.49082,1049.7196710002754,1059.7196710002754,955.873,92.201,1.6456710002753425,0.46967100027541164,1.1759999999999309,10.0
S00001,Transcoder,core-1,core,216,EXPIRED,6.44167,7.48965,,,1045.945,,,,,
S00001,Transcoder,core-1,core,217,EXPIRED,6.446,7.49052,,,1041.328,,,,,
S00001,Transcoder,core-1,core,218,EXPIRED,6.45351,7.4907,,,1000.869,,,,,
S00003,Transcoder,core-1,core,227,EXPIRED,6.464,7.49075,,,1000.85,,,,,
S00002,Transcoder,cloud-1,cloud,212,DONE,6.49505,7.42383,928.7822989999768,980.7822989999768,903.884,6.6,18.298298999976737,1.9742989999767815,16.323999999999955,52.0
S00001,Transcoder,core-1,core,219,DONE,6.49638,7.50293,1006.5473249997012,1016.5473249997012,990.646,11.604,4.297324999701232,1.8993249997012072,2.3980000000000246,10.0
S00003,Transcoder,core-1,core,228,DONE,6.50014,7.50527,1005.129785000463,1015.129785000463,989.945,13.326,1.8587850004629445,0.9607850004630336,0.8979999999999109,10.0
S00002,Transcoder,cloud-1,cloud,213,DONE,6.50024,7.52248,1022.246116000133,1074.246116000133,914.132,94.549,13.565116000133116,0.5691160001330218,12.996000000000095,52.0
S00002,Transcoder,cloud-1,cloud,214,EXPIRED,6.50321,7.51534,,,1000.023,,,,,
S00004,Transcoder,cloud-1,cloud,219,DONE,6.51112,7.42189,910.7672749996709,962.7672749996709,901.993,6.414,2.360274999670878,0.690274999670919,1.669999999999959,52.0
S00001,Transcoder,core-1,core,220,DONE,6.51483,7.59166,1076.8212599996332,1086.8212599996332,913.4,89.401,74.02025999963325,0.5612599996331937,73.45900000000006,10.0
S00004,Transcoder,cloud-1,cloud,220,DONE,6.52201,7.42943,907.4276150004152,959.4276150004152,898.706,7.161,1.5606150004152823,0.6796150004151968,0.8810000000000855,52.0
S00004,Transcoder,cloud-1,cloud,221,DONE,6.53103,7.51536,984.3370660000801,1036.33706600008,815.358,85.408,83.57106600008012,4.427066000080117,79.144,52.0
S00002,Transcoder,cloud-1,cloud,215,DONE,6.53133,7.53101,999.6806859999197,1051.6806859999197,900.979,12.56,86.14168599991967,4.2366859999197,81.90499999999997,52.0
S00002,Transcoder,cloud-1,cloud,216,DONE,6.53143,7.61761,1086.1723450007048,1138.1723450007048,914.026,85.716,86.43034500070485,4.231345000704778,82.19900000000007,52.0
S00004,Transcoder,cloud-1,cloud,222,DONE,6.53387,7.62334,1089.4740469993849,1141.4740469993849,908.217,94.766,86.49104699938493,1.9960469993848164,84.49500000000012,52.0
S00001,Transcoder,core-1,core,221,EXPIRED,6.5341,7.5913,,,1001.724,,,,,
S00002,Transcoder,cloud-1,cloud,217,EXPIRED,6.54474,7.62331,,,1000.118,,,,,
S00003,Transcoder,core-1,core,229,DONE,6.54501,7.59128,1046.2740900002245,1056.2740900002245,916.309,85.191,44.77409000022453,1.4860900002245216,43.28800000000001,10.0
S00001,Transcoder,core-1,core,222,EXPIRED,6.54567,7.59131,,,1001.714,,,,,
S00003,Transcoder,core-1,core,230,EXPIRED,6.54618,7.59133,,,1001.711,,,,,
S00003,Transcoder,core-1,core,231,EXPIRED,6.55002,7.59134,,,1001.671,,,,,
S00001,Transcoder,core-1,core,223,EXPIRED,6.56209,7.59132,,,1001.665,,,,,
S00001,Transcoder,core-1,core,224,EXPIRED,6.56527,7.59132,,,1001.659,,,,,
S00002,Transcoder,cloud-1,cloud,218,EXPIRED,6.5813,7.62332,,,1000.112,,,,,
S00003,Transcoder,core-1,core,232,DONE,6.59064,7.604,1013.3531990004485,1023.3531990004485,999.826,11.615,1.9121990004484815,0.7661990004485233,1.1459999999999582,10.0
S00001,Transcoder,core-1,core,225,DONE,6.59597,7.59892,1002.9449359999489,1012.9449359999489,993.221,7.637,2.0869359999489916,1.1419359999489416,0.94500000000005,10.0
S00003,Transcoder,core-1,core,233,EXPIRED,6.59874,7.60425,,,1004.381,,,,,
S00002,Transcoder,cloud-1,cloud,219,EXPIRED,6.5989,7.62333,,,1000.107,,,,,
S00001,Transcoder,core-1,core,226,DONE,6.6042,7.69191,1087.70850899964,1097.70850899964,993.477,92.98,1.2515089996400093,0.6935089996397892,0.5580000000002201,10.0
S00004,Transcoder,cloud-1,cloud,223,DONE,6.61785,7.62335,1005.5014230001689,1057.5014230001689,995.292,7.223,2.986423000168884,0.5304230001688666,2.4560000000000173,52.0
S00002,Transcoder,cloud-1,cloud,220,DONE,6.62221,7.62723,1005.0211139996463,1057.0211139996463,994.035,9.864,1.1221139996463307,0.5841139996463198,0.5380000000000109,52.0
S00001,Transcoder,core-1,core,227,EXPIRED,6.63076,7.69114,,,1002.483,,,,,
S00001,Transcoder,core-1,core,228,EXPIRED,6.63087,7.69171,,,1002.468,,,,,
S00002,Transcoder,cloud-1,cloud,221,DONE,6.66283,7.7273,1064.4695559994943,1116.4695559994943,913.936,88.431,62.10255599949426,0.8665559994942669,61.23599999999999,52.0
S00001,Transcoder,core-1,core,229,EXPIRED,6.66531,7.69175,,,1002.463,,,,,
S00003,Transcoder,core-1,core,234,DONE,6.67991,7.6955,1015.5916530002287,1025.5916530002287,915.523,91.065,9.003653000228724,1.1086530002287418,7.894999999999982,10.0
S00004,Transcoder,cloud-1,cloud,224,DONE,6.68742,7.62752,940.1018950002253,992.1018950002253,907.93,5.759,26.412895000225376,0.6898950002253059,25.72300000000007,52.0
S00001,Transcoder,core-1,core,230,DONE,6.69383,7.70363,1009.7971220002364,1019.7971220002364,995.685,11.141,2.9711220002365053,0.6661220002364416,2.3050000000000637,10.0
S00004,Transcoder,cloud-1,cloud,225,DONE,6.71452,7.72841,1013.8888349993067,1065.8888349993067,911.47,90.546,11.872834999306633,1.338834999306755,10.533999999999878,52.0
S00002,Transcoder,cloud-1,cloud,222,DONE,6.71898,7.72843,1009.4475870000679,1061.4475870000679,992.762,6.664,10.021587000067939,1.726587000067866,8.295000000000073,52.0
S00001,Transcoder,core-1,core,231,DONE,6.71909,7.79354,1074.452509999901,1084.452509999901,916.344,89.313,68.7955099999009,0.35650999990093624,68.43899999999996,10.0
S00003,Transcoder,core-1,core,235,DONE,6.72806,7.70517,977.1078459998535,987.1078459998535,907.555,9.507,60.045845999853555,0.6068459998534763,59.43900000000008,10.0
S00003,Transcoder,core-1,core,236,DONE,6.73684,7.79507,1058.2243549997656,1068.2243549997656,917.786,89.42,51.018354999765734,0.4543549997656555,50.56400000000008,10.0
S00001,Transcoder,core-1,core,232,EXPIRED,6.74058,7.79332,,,1000.001,,,,,
S00004,Transcoder,cloud-1,cloud,226,DONE,6.74526,7.72844,983.1826999998157,1035.1826999998157,971.4,9.924,1.8586999998157125,0.8706999998156562,0.9880000000000564,52.0
S00004,Transcoder,cloud-1,cloud,227,DONE,6.74974,7.81957,1069.8342059995412,1121.8342059995412,977.033,91.067,1.7342059995412455,0.878205999541251,0.8559999999999945,52.0
S00003,Transcoder,core-1,core,237,EXPIRED,6.78536,7.79333,,,1000.198,,,,,
S00004,Transcoder,cloud-1,cloud,228,EXPIRED,6.80078,7.8136,,,1011.236,,,,,
S00001,Transcoder,core-1,core,233,DONE,6.81016,7.80173,991.5691989999686,1001.5691989999686,905.722,5.671,80.17619899996862,2.8131989999686766,77.36299999999994,10.0
S00003,Transcoder,core-1,core,238,DONE,6.81905,7.89592,1076.876834000359,1086.876834000359,907.29,99.645,69.941834000359,4.221834000358967,65.72000000000003,10.0
S00004,Transcoder,cloud-1,cloud,229,DONE,6.82665,7.82464,997.992940999211,1049.992940999211,986.519,6.538,4.93594099921097,0.7529409992109777,4.182999999999993,52.0
S00001,Transcoder,core-1,core,234,DONE,6.8467,7.88919,1042.4929639993934,1052.4929639993934,911.809,88.311,42.37296399939339,0.8229639993933233,41.55000000000007,10.0
S00004,Transcoder,cloud-1,cloud,230,DONE,6.85401,7.91484,1060.836614999971,1112.836614999971,908.899,88.679,63.25861499997109,1.4546149999709996,61.80400000000009,52.0
S00002,Transcoder,cloud-1,cloud,223,DONE,6.85449,7.73102,876.5229589998853,928.5229589998853,807.107,6.341,63.074958999885325,0.7519589998853462,62.32299999999998,52.0
S00004,Transcoder,cloud-1,cloud,231,EXPIRED,6.85472,7.9207,,,1004.659,,,,,
S00004,Transcoder,cloud-1,cloud,232,EXPIRED,6.87032,7.92112,,,1004.655,,,,,
S00001,Transcoder,core-1,core,235,DONE,6.89722,7.9103,1013.0823389999932,1023.0823389999932,996.707,14.293,2.082338999993226,0.874338999993256,1.20799999999997,10.0
S00003,Transcoder,core-1,core,239,DONE,6.8974,7.9061,1008.6985850002748,1018.6985850002748,990.13,14.127,4.441585000274813,0.847585000274762,3.594000000000051,10.0
S00003,Transcoder,core-1,core,240,DONE,6.91151,7.9957,1084.1887820006377,1094.1887820006377,917.68,89.263,77.24578200063775,0.6857820006378006,76.55999999999995,10.0
S00001,Transcoder,core-1,core,236,DONE,6.92672,8.00381,1077.0844640001087,1087.0844640001087,921.966,92.917,62.20146400010867,3.4614640001086627,58.74000000000001,10.0
S00001,Transcoder,core-1,core,237,EXPIRED,6.94098,7.98973,,,1000.335,,,,,
S00003,Transcoder,core-1,core,241,EXPIRED,6.94335,7.99116,,,1000.321,,,,,
S00001,Transcoder,core-1,core,238,EXPIRED,6.94469,7.99092,,,1000.307,,,,,
S00003,Transcoder,core-1,core,242,EXPIRED,6.948,7.99144,,,1000.292,,,,,
S00003,Transcoder,core-1,core,243,EXPIRED,6.9685,7.99213,,,1000.28,,,,,
S00003,Transcoder,core-1,core,244,EXPIRED,6.98008,7.99214,,,1000.268,,,,,
S00004,Transcoder,cloud-1,cloud,233,DONE,6.98461,8.01467,1030.0577690004502,1082.0577690004502,908.309,91.663,30.085769000450227,1.1237690004502383,28.96199999999999,52.0
S00004,Transcoder,cloud-1,cloud,234,EXPIRED,6.99153,8.0147,,,1000.313,,,,,
S00003,Transcoder,core-1,core,245,DONE,6.99167,8.09083,1099.1562279996288,1109.1562279996288,1000.085,93.572,5.4992279996286015,2.7612279996287725,2.737999999999829,10.0
S00001,Transcoder,core-1,core,239,EXPIRED,6.99605,8.00405,,,1006.277,,,,,
S00002,Transcoder,cloud-1,cloud,224,DONE,6.99758,7.81804,820.4597399999329,872.4597399999329,716.049,88.283,16.127739999932942,0.7037399999329637,15.423999999999978,52.0
S00002,Transcoder,cloud-1,cloud,225,DONE,7.0007,7.91995,919.2468450000888,971.2468450000888,806.155,99.998,13.093845000088777,0.6338450000887406,12.460000000000036,52.0
S00004,Transcoder,cloud-1,cloud,235,EXPIRED,7.00477,8.01495,,,1000.296,,,,,
S00002,Transcoder,cloud-1,cloud,226,DONE,7.00919,7.92842,919.2364110003837,971.2364110003837,900.642,11.252,7.342411000383663,1.0514110003837231,6.29099999999994,52.0
S00001,Transcoder,core-1,core,240,DONE,7.01088,8.09545,1084.5713470007468,1094.5713470007468,915.122,91.917,77.53234700074677,0.6193470007467567,76.91300000000001,10.0
S00002,Transcoder,cloud-1,cloud,227,DONE,7.01611,8.02709,1010.9725809998054,1062.9725809998054,910.302,98.255,2.415580999805343,1.4075809998053046,1.0080000000000382,52.0
S00003,Transcoder,core-1,core,246,EXPIRED,7.02814,8.09088,,,1000.891,,,,,
S00003,Transcoder,core-1,core,247,EXPIRED,7.02835,8.09088,,,1000.885,,,,,
S00002,Transcoder,cloud-1,cloud,228,DONE,7.03402,8.12185,1087.8316819998872,1139.8316819998872,913.108,94.764,79.95968199988727,0.9166819998872597,79.043,52.0
S00001,Transcoder,core-1,core,241,EXPIRED,7.04298,8.09085,,,1000.88,,,,,
S00002,Transcoder,cloud-1,cloud,229,EXPIRED,7.0456,8.12076,,,1005.938,,,,,
S00004,Transcoder,cloud-1,cloud,236,DONE,7.05761,8.02858,970.9634539995022,1022.9634539995022,900.534,14.172,56.25745399950222,0.9544539995022205,55.303,52.0
S00001,Transcoder,core-1,core,242,EXPIRED,7.06668,8.09085,,,1000.875,,,,,
S00001,Transcoder,core-1,core,243,EXPIRED,7.08232,8.09086,,,1000.87,,,,,
S00001,Transcoder,core-1,core,244,EXPIRED,7.08586,8.09087,,,1000.866,,,,,
S00004,Transcoder,cloud-1,cloud,237,DONE,7.08824,8.12073,1032.491602999471,1084.491602999471,915.354,90.368,26.76960299947109,1.180602999471148,25.588999999999942,52.0
S00001,Transcoder,core-1,core,245,EXPIRED,7.08926,8.09309,,,1002.819,,,,,
S00004,Transcoder,cloud-1,cloud,238,EXPIRED,7.09018,8.1208,,,1005.922,,,,,
S00003,Transcoder,core-1,core,248,DONE,7.10381,8.10182,998.0091930001436,1008.0091930001436,900.855,11.9,85.25419300014357,0.5521930001435749,84.702,10.0
S00001,Transcoder,core-1,core,246,DONE,7.10422,8.19025,1086.0336699997788,1096.0336699997788,907.251,92.938,85.84466999977883,1.215669999778811,84.62900000000002,10.0
S00002,Transcoder,cloud-1,cloud,230,EXPIRED,7.1065,8.12077,,,1005.917,,,,,
S00002,Transcoder,cloud-1,cloud,231,EXPIRED,7.10989,8.12079,,,1005.912,,,,,
S00004,Transcoder,cloud-1,cloud,239,EXPIRED,7.11467,8.12081,,,1003.838,,,,,
S00002,Transcoder,cloud-1,cloud,232,DONE,7.12183,8.21511,1093.2834609993733,1145.2834609993733,996.673,94.348,2.2624609993733884,0.8914609993732938,1.3710000000000946,52.0
S00003,Transcoder,core-1,core,249,DONE,7.13183,8.20177,1069.9415779999981,1079.9415779999981,913.193,99.816,56.9325779999981,0.6915779999981169,56.240999999999985,10.0
S00002,Transcoder,cloud-1,cloud,233,EXPIRED,7.13204,8.21615,,,1000.612,,,,,
S00001,Transcoder,core-1,core,247,EXPIRED,7.14855,8.19028,,,1000.403,,,,,
S00001,Transcoder,core-1,core,248,EXPIRED,7.14873,8.19029,,,1000.399,,,,,
S00002,Transcoder,cloud-1,cloud,234,EXPIRED,7.16819,8.21653,,,1000.6,,,,,
S00001,Transcoder,core-1,core,249,EXPIRED,7.17382,8.1903,,,1000.395,,,,,
S00003,Transcoder,core-1,core,250,EXPIRED,7.19105,8.19926,,,1003.79,,,,,
S00003,Transcoder,core-1,core,251,EXPIRED,7.1975,8.19973,,,1000.662,,,,,
S00002,Transcoder,cloud-1,cloud,235,EXPIRED,7.20475,8.21661,,,1000.595,,,,,
S00002,Transcoder,cloud-1,cloud,236,EXPIRED,7.20952,8.21714,,,1000.59,,,,,
S00002,Transcoder,cloud-1,cloud,237,EXPIRED,7.21323,8.21731,,,1000.586,,,,,
S00001,Transcoder,core-1,core,250,DONE,7.21339,8.20051,987.1287900004972,997.1287900004972,901.145,11.119,74.86479000049724,0.5397900004971916,74.32500000000005,10.0
S00004,Transcoder,cloud-1,cloud,240,DONE,7.21763,8.21789,1000.2573740002845,1052.2573740002845,904.572,93.734,1.9513740002844315,0.45237400028452157,1.49899999999991,52.0
S00004,Transcoder,cloud-1,cloud,241,DONE,7.21894,8.23432,1015.3809929997806,1067.3809929997806,998.792,15.386,1.2029929997805766,0.537992999780613,0.6649999999999636,52.0
S00004,Transcoder,cloud-1,cloud,242,EXPIRED,7.22021,8.22848,,,1007.057,,,,,
S00004,Transcoder,cloud-1,cloud,243,DONE,7.22702,8.32313,1096.101493999413,1148.101493999413,920.267,88.441,87.39349399941284,0.49749399941288175,86.89599999999996,52.0
S00001,Transcoder,core-1,core,251,DONE,7.22829,8.29529,1066.9994700001553,1076.9994700001553,914.018,92.757,60.22447000015518,0.6604700001553283,59.56399999999985,10.0
S00004,Transcoder,cloud-1,cloud,244,EXPIRED,7.23159,8.31569,,,1001.058,,,,,
S00004,Transcoder,cloud-1,cloud,245,EXPIRED,7.24222,8.31621,,,1001.052,,,,,
S00003,Transcoder,core-1,core,252,DONE,7.24282,8.29216,1049.3396259998917,1059.3396259998917,912.787,91.069,45.48362599989173,0.42362599989178307,45.059999999999945,10.0
S00003,Transcoder,core-1,core,253,EXPIRED,7.24747,8.28857,,,1000.107,,,,,
S00004,Transcoder,cloud-1,cloud,246,EXPIRED,7.25114,8.31624,,,1001.046,,,,,
S00002,Transcoder,cloud-1,cloud,238,DONE,7.25492,8.23,975.07782699995,1027.07782699995,903.679,12.048,59.35082699995007,0.5068269999500217,58.84400000000005,52.0
S00003,Transcoder,core-1,core,254,EXPIRED,7.26274,8.28875,,,1000.102,,,,,
S00003,Transcoder,core-1,core,255,EXPIRED,7.27767,8.2889,,,1000.097,,,,,
S00002,Transcoder,cloud-1,cloud,239,DONE,7.28451,8.31869,1034.183206000307,1086.183206000307,916.016,87.425,30.742206000307192,2.1152060003071256,28.627000000000066,52.0
S00004,Transcoder,cloud-1,cloud,247,EXPIRED,7.28475,8.31625,,,1001.027,,,,,
S00003,Transcoder,core-1,core,256,EXPIRED,7.28866,8.29294,,,1001.402,,,,,
S00001,Transcoder,core-1,core,252,EXPIRED,7.28894,8.29293,,,1001.39,,,,,
S00001,Transcoder,core-1,core,253,DONE,7.3068,8.30857,1001.7715309995765,1011.7715309995765,987.182,13.219,1.370530999576431,0.8315309995764437,0.5389999999999873,10.0
S00002,Transcoder,cloud-1,cloud,240,EXPIRED,7.30702,8.31549,,,1001.019,,,,,
S00004,Transcoder,cloud-1,cloud,248,EXPIRED,7.30777,8.31625,,,1001.014,,,,,
S00003,Transcoder,core-1,core,257,DONE,7.31409,8.30717,993.0776410001272,1003.0776410001272,904.721,10.546,77.81064100012713,0.5796410001271397,77.231,10.0
S00001,Transcoder,core-1,core,254,DONE,7.33078,8.39535,1064.5650240003306,1074.5650240003306,920.987,85.802,57.77602400033061,0.6910240003305717,57.085000000000036,10.0
S00002,Transcoder,cloud-1,cloud,241,DONE,7.3373,8.41984,1082.5412660005895,1134.5412660005895,903.651,97.715,81.17526600058955,0.6292660005894959,80.54600000000005,52.0
S00001,Transcoder,core-1,core,255,EXPIRED,7.34343,8.39391,,,1005.276,,,,,
S00001,Transcoder,core-1,core,256,EXPIRED,7.35196,8.3942,,,1005.271,,,,,
S00003,Transcoder,core-1,core,258,DONE,7.36261,8.39388,1031.2672489999386,1041.2672489999386,918.85,86.209,26.208248999938633,0.7352489999386762,25.472999999999956,10.0
S00001,Transcoder,core-1,core,257,EXPIRED,7.36709,8.39474,,,1005.261,,,,,
S00004,Transcoder,cloud-1,cloud,249,DONE,7.36847,8.41449,1046.019428999898,1098.019428999898,908.656,90.664,46.699428999898146,0.8924289998981294,45.807000000000016,52.0
S00002,Transcoder,cloud-1,cloud,242,DONE,7.3718,8.42681,1055.0074100001439,1107.0074100001439,999.926,11.758,43.32341000014378,1.5414100001439692,41.78199999999981,52.0
S00002,Transcoder,cloud-1,cloud,243,EXPIRED,7.37198,8.4198,,,1001.062,,,,,
S00002,Transcoder,cloud-1,cloud,244,EXPIRED,7.37525,8.41981,,,1001.058,,,,,
S00002,Transcoder,cloud-1,cloud,245,EXPIRED,7.3965,8.41982,,,1001.053,,,,,
S00001,Transcoder,core-1,core,258,DONE,7.39665,8.40562,1008.9713570005188,1018.9713570005188,997.285,9.946,1.7403570005187703,0.5863570005187739,1.1539999999999964,10.0
S00002,Transcoder,cloud-1,cloud,246,EXPIRED,7.40046,8.41983,,,1001.049,,,,,
S00002,Transcoder,cloud-1,cloud,247,EXPIRED,7.40172,8.41983,,,1001.045,,,,,
S00004,Transcoder,cloud-1,cloud,250,DONE,7.43288,8.42501,992.1283070007121,1044.128307000712,902.419,9.17,80.53930700071214,2.156307000712104,78.38300000000004,52.0
S00001,Transcoder,core-1,core,259,DONE,7.44137,8.50341,1062.0419199995013,1072.0419199995013,917.573,96.17,48.29891999950132,0.757919999501155,47.54100000000017,10.0
S00003,Transcoder,core-1,core,259,DONE,7.44159,8.40412,962.5326440000208,972.5326440000208,905.237,9.015,48.28064400002086,0.9666440000207785,47.31400000000008,10.0
S00004,Transcoder,cloud-1,cloud,251,DONE,7.46291,8.51549,1052.5859409999612,1104.5859409999612,912.742,89.163,50.680940999961194,0.7379409999612108,49.942999999999984,52.0
S00001,Transcoder,core-1,core,260,EXPIRED,7.48047,8.49853,,,1008.717,,,,,
S00003,Transcoder,core-1,core,260,DONE,7.48699,8.49013,1003.1434249995073,1013.1434249995073,914.452,85.169,3.5224249995072796,1.051424999507276,2.4710000000000036,10.0
S00002,Transcoder,cloud-1,cloud,248,DONE,7.49513,8.4341,938.9743080000699,990.9743080000699,911.784,8.648,18.542308000069852,4.141308000069898,14.400999999999954,52.0
S00004,Transcoder,cloud-1,cloud,252,EXPIRED,7.50295,8.51366,,,1000.052,,,,,
S00003,Transcoder,core-1,core,261,DONE,7.51669,8.49849,981.7988439999681,991.7988439999681,901.511,8.675,71.61284399996816,0.6508439999680604,70.9620000000001,10.0
S00002,Transcoder,cloud-1,cloud,249,DONE,7.51808,8.524,1005.9150910001335,1057.9150910001335,914.978,89.299,1.6380910001336133,0.5790910001335305,1.0590000000000828,52.0
S00004,Transcoder,cloud-1,cloud,253,DONE,7.52188,8.52461,1002.7325060000294,1054.7325060000294,987.511,8.787,6.434506000029387,0.9825060000293888,5.451999999999998,52.0
S00002,Transcoder,cloud-1,cloud,250,DONE,7.52482,8.61396,1089.1467999999804,1141.1467999999804,996.161,89.804,3.1817999999805124,0.37179999998033963,2.810000000000173,52.0
S00001,Transcoder,core-1,core,261,DONE,7.52615,8.50483,978.6802399994485,988.6802399994485,910.401,6.417,61.86223999944855,0.6602399994485495,61.202,10.0
S00001,Transcoder,core-1,core,262,DONE,7.53832,8.58946,1051.1346940002113,1061.1346940002113,916.953,84.528,49.65369400021132,0.6346940002113115,49.019000000000005,10.0
S00004,Transcoder,cloud-1,cloud,254,DONE,7.54285,8.53519,992.3399889994471,1044.339988999447,980.579,10.401,1.3599889994471823,0.624988999447055,0.7350000000001273,52.0
S00004,Transcoder,cloud-1,cloud,255,EXPIRED,7.54453,8.55479,,,1009.227,,,,,
S00002,Transcoder,cloud-1,cloud,251,DONE,7.55929,8.62954,1070.2511740000773,1122.2511740000773,974.554,93.958,1.7391740000773552,0.8591740000772461,0.8800000000001091,52.0
S00001,Transcoder,core-1,core,263,EXPIRED,7.57065,8.58871,,,1000.138,,,,,
S00002,Transcoder,cloud-1,cloud,252,EXPIRED,7.57092,8.61385,,,1041.163,,,,,
S00001,Transcoder,core-1,core,264,EXPIRED,7.57583,8.58872,,,1000.131,,,,,
S00004,Transcoder,cloud-1,cloud,256,EXPIRED,7.57929,8.61391,,,1032.824,,,,,
S00003,Transcoder,core-1,core,262,DONE,7.57949,8.58849,1008.9968969996335,1018.9968969996335,915.942,83.997,9.057896999633499,0.6878969996334945,8.370000000000005,10.0
S00003,Transcoder,core-1,core,263,EXPIRED,7.58589,8.58872,,,1000.117,,,,,
S00002,Transcoder,cloud-1,cloud,253,EXPIRED,7.60319,8.61387,,,1004.618,,,,,
S00004,Transcoder,cloud-1,cloud,257,EXPIRED,7.61267,8.61401,,,1000.028,,,,,
S00001,Transcoder,core-1,core,265,DONE,7.61647,8.59726,980.7917090001865,990.7917090001865,901.524,7.565,71.70270900018647,0.5347090001865809,71.16799999999989,10.0
S00003,Transcoder,core-1,core,264,DONE,7.63787,8.5981,960.2305680000427,970.2305680000427,900.399,9.525,50.30656800004272,0.5885680000426419,49.718000000000075,10.0
S00001,Transcoder,core-1,core,266,DONE,7.63967,8.69202,1052.3512480003774,1062.3512480003774,910.472,93.527,48.35224800037736,0.33624800037728164,48.016000000000076,10.0
S00004,Transcoder,cloud-1,cloud,258,DONE,7.64725,8.62824,980.9873240001252,1032.9873240001252,898.732,13.107,69.14832400012529,0.7553240001252561,68.39300000000003,52.0
S00004,Transcoder,cloud-1,cloud,259,DONE,7.65478,8.71371,1058.9301380005054,1110.9301380005054,914.014,84.142,60.774138000505445,0.6141380005053634,60.16000000000008,52.0
S00002,Transcoder,cloud-1,cloud,254,DONE,7.66328,8.63509,971.8010829992636,1023.8010829992636,912.155,7.251,52.39508299926365,0.68608299926359,51.70900000000006,52.0
S00002,Transcoder,cloud-1,cloud,255,DONE,7.66775,8.71953,1051.7784550002034,1103.7784550002034,919.657,84.214,47.9074550002033,0.7144550002033156,47.192999999999984,52.0
S00001,Transcoder,core-1,core,267,EXPIRED,7.67114,8.69074,,,1001.83,,,,,
S00001,Transcoder,core-1,core,268,EXPIRED,7.6713,8.69076,,,1001.826,,,,,
S00003,Transcoder,core-1,core,265,DONE,7.6787,8.69073,1012.0214720000149,1022.0214720000149,909.308,92.182,10.531472000014901,1.0484720000149537,9.482999999999947,10.0
S00003,Transcoder,core-1,core,266,EXPIRED,7.68115,8.69078,,,1001.818,,,,,
S00001,Transcoder,core-1,core,269,EXPIRED,7.68128,8.69077,,,1001.814,,,,,
S00001,Transcoder,core-1,core,270,EXPIRED,7.68559,8.69078,,,1001.809,,,,,
S00001,Transcoder,core-1,core,271,EXPIRED,7.68892,8.6925,,,1001.325,,,,,
S00003,Transcoder,core-1,core,267,DONE,7.69873,8.69957,1000.8410930004175,1010.8410930004175,990.535,8.952,1.3540930004174925,0.5050930004174461,0.8490000000000464,10.0
S00004,Transcoder,cloud-1,cloud,260,DONE,7.69885,8.72074,1021.8828990000475,1073.8828990000475,998.356,6.981,16.545899000047484,3.5078990000474732,13.038000000000011,52.0
S00003,Transcoder,core-1,core,268,DONE,7.70954,8.70752,997.9818140000134,1007.9818140000134,911.474,6.539,79.96881400001337,1.9838140000133535,77.98500000000001,10.0
S00002,Transcoder,cloud-1,cloud,256,EXPIRED,7.71208,8.71995,,,1004.463,,,,,
S00002,Transcoder,cloud-1,cloud,257,DONE,7.73103,8.73067,999.6376709996184,1051.6376709996184,906.715,10.159,82.7636709996184,0.8606709996183781,81.90300000000002,52.0
S00004,Transcoder,cloud-1,cloud,261,DONE,7.7334,8.72944,996.0376870003529,1048.037687000353,907.819,7.72,80.4986870003529,0.41968700035283746,80.07900000000006,52.0
S00001,Transcoder,core-1,core,272,DONE,7.73373,8.70322,969.495127999835,979.495127999835,904.554,10.695,54.246127999834926,0.5481279998349464,53.69799999999998,10.0
S00004,Transcoder,cloud-1,cloud,262,DONE,7.74119,8.81708,1075.8819720003885,1127.8819720003885,917.459,85.85,72.57297200038852,0.7269720003885141,71.846,52.0
S00004,Transcoder,cloud-1,cloud,263,EXPIRED,7.74803,8.81568,,,1002.101,,,,,
S00003,Transcoder,core-1,core,269,DONE,7.75079,8.79439,1043.5919900000954,1053.5919900000954,918.264,87.938,37.389990000095395,0.7119900000952839,36.67800000000011,10.0
S00001,Transcoder,core-1,core,273,DONE,7.75093,8.79087,1039.9440199998935,1049.9440199998935,915.849,84.367,39.72801999989349,2.401019999893606,37.326999999999884,10.0
S00001,Transcoder,core-1,core,274,EXPIRED,7.75421,8.79089,,,1000.359,,,,,
S00003,Transcoder,core-1,core,270,EXPIRED,7.77481,8.7909,,,1000.355,,,,,
S00002,Transcoder,cloud-1,cloud,258,DONE,7.79334,8.81508,1021.7416429995865,1073.7416429995865,915.844,85.73,20.167642999586405,0.631642999586461,19.535999999999945,52.0
S00003,Transcoder,core-1,core,271,DONE,7.80175,8.89485,1093.1050369999866,1103.1050369999866,992.24,96.777,4.088036999986571,3.3270369999866034,0.7609999999999673,10.0
S00004,Transcoder,cloud-1,cloud,264,EXPIRED,7.80925,8.81692,,,1002.092,,,,,
S00002,Transcoder,cloud-1,cloud,259,EXPIRED,7.81131,8.81551,,,1002.089,,,,,
S00003,Transcoder,core-1,core,272,DONE,7.82287,8.88861,1065.7431540003017,1075.7431540003017,914.169,84.786,66.7881540003018,0.7591540003018054,66.029,10.0
S00001,Transcoder,core-1,core,275,DONE,7.83708,8.796,958.9182749996326,968.9182749996326,899.513,7.271,52.13427499963257,0.8162749996325829,51.317999999999984,10.0
S00002,Transcoder,cloud-1,cloud,260,DONE,7.84784,8.82543,977.5877689999106,1029.5877689999106,902.518,8.918,66.15176899991059,0.6997689999105887,65.452,52.0
S00001,Transcoder,core-1,core,276,DONE,7.84866,8.80313,954.4729819999702,964.4729819999702,906.999,6.879,40.59498199997017,0.8629819999702022,39.73199999999997,10.0
S00004,Transcoder,cloud-1,cloud,265,DONE,7.85211,8.82488,972.7697700000135,1024.7697700000135,902.926,7.755,62.08877000001348,0.6427700000135701,61.44599999999991,52.0
S00004,Transcoder,cloud-1,cloud,266,DONE,7.85607,8.91593,1059.8606089997702,1111.8606089997702,911.627,89.769,58.464608999770235,1.3216089997702056,57.14300000000003,52.0
S00001,Transcoder,core-1,core,277,DONE,7.85864,8.89594,1037.3063420001927,1047.3063420001927,999.427,7.312,30.56734200019264,0.7333420001925788,29.83400000000006,10.0
S00003,Transcoder,core-1,core,273,EXPIRED,7.86,8.89483,,,1002.257,,,,,
S00002,Transcoder,cloud-1,cloud,261,DONE,7.88366,8.91369,1030.0306959998125,1082.0306959998125,910.905,88.495,30.630695999812474,0.897695999812413,29.73300000000006,52.0
S00001,Transcoder,core-1,core,278,EXPIRED,7.88394,8.8948,,,1002.25,,,,,
S00003,Transcoder,core-1,core,274,EXPIRED,7.8874,8.89484,,,1001.247,,,,,
S00002,Transcoder,cloud-1,cloud,262,EXPIRED,7.88772,8.91478,,,1000.227,,,,,
S00004,Transcoder,cloud-1,cloud,267,EXPIRED,7.89053,8.9159,,,1000.218,,,,,
S00003,Transcoder,core-1,core,275,DONE,7.89072,8.89927,1008.5502649999398,1018.5502649999398,996.181,7.403,4.966264999939767,0.4802649999397772,4.48599999999999,10.0
S00004,Transcoder,cloud-1,cloud,268,EXPIRED,7.9047,8.91592,,,1000.21,,,,,
S00002,Transcoder,cloud-1,cloud,263,EXPIRED,7.90495,8.91589,,,1000.203,,,,,
S00003,Transcoder,core-1,core,276,DONE,7.91616,8.99188,1075.725591000264,1085.725591000264,911.11,88.338,76.27759100026412,1.485591000264094,74.79200000000003,10.0
S00002,Transcoder,cloud-1,cloud,264,DONE,7.93173,8.92572,993.9890200002992,1045.9890200002992,900.68,10.832,82.47702000029926,1.541020000299227,80.93600000000004,52.0
S00002,Transcoder,cloud-1,cloud,265,DONE,7.95744,8.93145,974.0059499999916,1026.0059499999916,910.516,6.657,56.83294999999157,1.1559499999915488,55.67700000000002,52.0
S00004,Transcoder,cloud-1,cloud,269,DONE,7.9578,8.92407,966.2749330000224,1018.2749330000224,902.399,7.576,56.299933000022406,1.11793300002239,55.182000000000016,52.0
S00002,Transcoder,cloud-1,cloud,266,DONE,7.97541,9.02767,1052.2633269993094,1104.2633269993094,999.471,13.607,39.18532699930938,0.7083269993092927,38.47700000000009,52.0
S00002,Transcoder,cloud-1,cloud,267,EXPIRED,7.97691,9.01524,,,1000.861,,,,,
S00003,Transcoder,core-1,core,277,DONE,7.9886,8.99573,1007.1225390001928,1017.1225390001928,997.612,7.266,2.2445390001928445,1.0675390001928236,1.177000000000021,10.0
S00004,Transcoder,cloud-1,cloud,270,DONE,7.98876,9.01479,1026.0390490002465,1078.0390490002465,912.629,87.242,26.16804900024647,1.112049000246543,25.055999999999926,52.0
S00004,Transcoder,cloud-1,cloud,271,EXPIRED,7.99798,9.01565,,,1000.844,,,,,
S00004,Transcoder,cloud-1,cloud,272,DONE,8.01504,9.02565,1010.6061399992541,1062.606139999254,996.156,7.349,7.101139999254087,0.558139999254081,6.543000000000006,52.0
S00003,Transcoder,core-1,core,278,DONE,8.02104,9.08895,1067.9100110000945,1077.9100110000945,907.942,92.317,67.65101100009451,1.2420110000946352,66.40899999999988,10.0
S00001,Transcoder,core-1,core,279,DONE,8.02449,8.90565,881.1593620002895,891.1593620002895,808.17,7.232,65.75736200028962,0.7533620002895987,65.00400000000002,10.0
S00004,Transcoder,cloud-1,cloud,273,DONE,8.03086,9.12012,1089.2637879996983,1141.2637879996983,995.598,92.481,1.184787999698301,0.5187879996983611,0.66599999999994,52.0
S00004,Transcoder,cloud-1,cloud,274,EXPIRED,8.03226,9.0355,,,1001.7,,,,,
S00003,Transcoder,core-1,core,279,EXPIRED,8.0398,9.08897,,,1000.284,,,,,
S00003,Transcoder,core-1,core,280,EXPIRED,8.06193,9.08898,,,1000.269,,,,,
S00003,Transcoder,core-1,core,281,EXPIRED,8.07663,9.08899,,,1000.262,,,,,
S00001,Transcoder,core-1,core,280,DONE,8.08526,8.99234,907.0777990000352,917.0777990000352,815.579,88.792,2.7067990000351756,0.7297990000352002,1.9769999999999754,10.0
S00002,Transcoder,cloud-1,cloud,268,DONE,8.08549,9.03499,949.5010989994626,1001.5010989994626,939.14,9.097,1.2640989994625897,0.5200989994625616,0.7440000000000282,52.0
S00003,Transcoder,core-1,core,282,DONE,8.09214,9.10158,1009.4320719999814,1019.4320719999814,995.473,12.243,1.7160719999814091,0.99007199998141,0.7259999999999991,10.0
S00004,Transcoder,cloud-1,cloud,275,EXPIRED,8.10412,9.11485,,,1000.026,,,,,
S00004,Transcoder,cloud-1,cloud,276,DONE,8.12519,9.21374,1088.5411859999294,1140.5411859999294,987.675,93.123,7.7431859999294375,0.918185999929392,6.8250000000000455,52.0
S00003,Transcoder,core-1,core,283,DONE,8.13089,9.18948,1058.5919189998094,1068.5919189998094,912.719,87.527,58.34591899980933,1.0559189998093643,57.289999999999964,10.0
S00004,Transcoder,cloud-1,cloud,277,EXPIRED,8.13754,9.21495,,,1074.623,,,,,
S00002,Transcoder,cloud-1,cloud,269,DONE,8.14888,9.1199,971.0110140003962,1023.0110140003962,821.23,83.568,66.21301400039624,1.2580140003962015,64.95500000000004,52.0
S00001,Transcoder,core-1,core,281,DONE,8.155,9.00349,848.4880450005221,858.4880450005221,804.393,8.116,35.97904500052209,1.2220450005221437,34.75699999999995,10.0
S00003,Transcoder,core-1,core,284,EXPIRED,8.16614,9.19047,,,1001.407,,,,,
S00004,Transcoder,cloud-1,cloud,278,DONE,8.16802,9.22323,1055.2100619997873,1107.2100619997873,1000.853,7.357,47.00006199978736,1.1000619997873855,45.89999999999998,52.0
S00003,Transcoder,core-1,core,285,EXPIRED,8.1682,9.1912,,,1001.4,,,,,
S00001,Transcoder,core-1,core,282,DONE,8.19483,9.09841,903.5831819992381,913.5831819992381,802.039,94.366,7.178181999238177,3.563181999238168,3.615000000000009,10.0
S00002,Transcoder,cloud-1,cloud,270,DONE,8.195,9.21971,1024.7080899998764,1076.7080899998764,906.586,98.544,19.578089999876397,3.56708999987643,16.010999999999967,52.0
S00002,Transcoder,cloud-1,cloud,271,EXPIRED,8.19507,9.21968,,,1004.775,,,,,
S00002,Transcoder,cloud-1,cloud,272,EXPIRED,8.19841,9.21969,,,1004.768,,,,,
S00001,Transcoder,core-1,core,283,DONE,8.20808,9.10534,897.2624890002407,907.2624890002407,807.465,9.25,80.54748900024072,0.7224890002407847,79.82499999999993,10.0
S00004,Transcoder,cloud-1,cloud,279,EXPIRED,8.21617,9.2197,,,1000.431,,,,,
S00003,Transcoder,core-1,core,286,DONE,8.21714,9.19948,982.333032000497,992.333032000497,901.73,6.15,74.45303200049705,1.0360320004970163,73.41700000000003,10.0
S00003,Transcoder,core-1,core,287,DONE,8.22218,9.20319,981.0081510004238,991.0081510004238,908.074,6.853,66.08115100042392,0.6541510004237807,65.42700000000013,10.0
S00004,Transcoder,cloud-1,cloud,280,DONE,8.22463,9.23309,1008.4648399997604,1060.4648399997604,994.821,9.848,3.79583999976046,0.6998399997604565,3.0960000000000036,52.0
S00003,Transcoder,core-1,core,288,DONE,8.22678,9.30293,1076.1547199999768,1086.1547199999768,915.484,97.306,63.36471999997673,0.6607199999768909,62.70399999999984,10.0
S00001,Transcoder,core-1,core,284,DONE,8.22849,9.19121,962.7187440000853,972.7187440000853,816.925,84.892,60.90174400008527,0.45274400008531757,60.448999999999955,10.0
S00003,Transcoder,core-1,core,289,EXPIRED,8.23009,9.30011,,,1011.024,,,,,
S00002,Transcoder,cloud-1,cloud,273,DONE,8.23438,9.22805,993.6713690003671,1045.6713690003671,904.519,8.309,80.84336900036715,0.6193690003671009,80.22400000000005,52.0
S00001,Transcoder,core-1,core,285,DONE,8.23575,9.20213,966.3753020004151,976.3753020004151,901.932,11.75,52.69330200041509,0.5333020004151194,52.15999999999997,10.0
S00003,Transcoder,core-1,core,290,EXPIRED,8.24166,9.30012,,,1011.009,,,,,
S00002,Transcoder,cloud-1,cloud,274,DONE,8.24578,9.23553,989.7504199998366,1041.7504199998366,913.076,7.141,69.53341999983661,0.8574199998365657,68.67600000000004,52.0
S00003,Transcoder,core-1,core,291,EXPIRED,8.25141,9.30013,,,1011.003,,,,,
S00001,Transcoder,core-1,core,286,DONE,8.25446,9.2992,1044.7340509999776,1054.7340509999776,914.504,96.331,33.89905099997759,0.6730509999777041,33.225999999999885,10.0
S00003,Transcoder,core-1,core,292,EXPIRED,8.26275,9.30014,,,1010.989,,,,,
S00003,Transcoder,core-1,core,293,EXPIRED,8.27,9.30014,,,1010.974,,,,,
S00003,Transcoder,core-1,core,294,EXPIRED,8.2726,9.30016,,,1010.966,,,,,
S00004,Transcoder,cloud-1,cloud,281,DONE,8.28018,9.32338,1043.1963239998367,1095.1963239998367,917.842,90.196,35.15832399983674,1.1003239998367462,34.05799999999999,52.0
S00001,Transcoder,core-1,core,287,EXPIRED,8.28781,9.29964,,,1010.535,,,,,
S00002,Transcoder,cloud-1,cloud,275,DONE,8.29113,9.31977,1028.6367880007674,1080.6367880007674,920.395,83.443,24.798788000767445,0.903788000767463,23.894999999999982,52.0
S00002,Transcoder,cloud-1,cloud,276,EXPIRED,8.29294,9.31974,,,1000.184,,,,,
S00004,Transcoder,cloud-1,cloud,282,EXPIRED,8.29539,9.31976,,,1000.179,,,,,
S00001,Transcoder,core-1,core,288,DONE,8.29972,9.31111,1011.388703999728,1021.388703999728,999.018,10.901,1.46970399972804,0.6287039997280317,0.8410000000000082,10.0
S00004,Transcoder,cloud-1,cloud,283,EXPIRED,8.30718,9.31976,,,1000.174,,,,,
S00002,Transcoder,cloud-1,cloud,277,EXPIRED,8.30981,9.31975,,,1000.17,,,,,
S00001,Transcoder,core-1,core,289,DONE,8.32291,9.39343,1070.520346000194,1080.520346000194,983.855,81.288,5.377346000193938,0.8493460001939184,4.52800000000002,10.0
S00002,Transcoder,cloud-1,cloud,278,DONE,8.33146,9.33587,1004.4084119999752,1056.4084119999752,909.26,12.178,82.97041199997523,0.7824119999752384,82.18799999999999,52.0
S00002,Transcoder,cloud-1,cloud,279,DONE,8.34293,9.41881,1075.8891770001355,1127.8891770001355,917.651,86.436,71.80217700013554,0.9751770001355453,70.827,52.0
S00002,Transcoder,cloud-1,cloud,280,EXPIRED,8.34541,9.41789,,,1001.296,,,,,
S00001,Transcoder,core-1,core,290,EXPIRED,8.35078,9.39093,,,1035.963,,,,,
S00001,Transcoder,core-1,core,291,EXPIRED,8.36708,9.39095,,,1000.263,,,,,
S00001,Transcoder,core-1,core,292,EXPIRED,8.37357,9.39096,,,1000.244,,,,,
S00004,Transcoder,cloud-1,cloud,284,DONE,8.39003,9.32611,936.0811019996618,988.0811019996618,904.99,6.207,24.884101999661766,1.2351019996617651,23.649,52.0
S00002,Transcoder,cloud-1,cloud,281,EXPIRED,8.39538,9.41792,,,1001.279,,,,,
S00003,Transcoder,core-1,core,295,DONE,8.40125,9.31147,910.2227660005155,920.2227660005155,898.755,9.54,1.9277660005155894,0.6317660005155403,1.2960000000000491,10.0
S00001,Transcoder,core-1,core,293,DONE,8.40413,9.49082,1086.689801999455,1096.689801999455,987.941,97.404,1.3448019994550577,0.5998019994551669,0.7449999999998909,10.0
S00003,Transcoder,core-1,core,296,DONE,8.40697,9.39897,992.0045139997455,1002.0045139997455,903.701,82.301,6.002513999745474,5.5065139997454935,0.4959999999999809,10.0
S00001,Transcoder,core-1,core,294,DONE,8.41251,9.49664,1084.1281930006517,1094.1281930006517,915.262,92.978,75.88819300065177,0.8331930006515904,75.05500000000018,10.0
S00001,Transcoder,core-1,core,295,EXPIRED,8.41571,9.48875,,,1000.156,,,,,
S00001,Transcoder,core-1,core,296,EXPIRED,8.43946,9.4893,,,1000.15,,,,,
S00003,Transcoder,core-1,core,297,DONE,8.44496,9.40373,958.772644000419,968.772644000419,906.193,8.672,43.90764400041894,0.6766440004189462,43.230999999999995,10.0
S00001,Transcoder,core-1,core,297,EXPIRED,8.4451,9.48943,,,1000.14,,,,,
S00002,Transcoder,cloud-1,cloud,282,DONE,8.45145,9.4348,983.3498409998356,1035.3498409998356,904.975,12.552,65.82284099983553,3.262840999835589,62.559999999999945,52.0
S00002,Transcoder,cloud-1,cloud,283,DONE,8.45477,9.51915,1064.3881050000346,1116.3881050000346,918.221,87.456,58.711105000034536,0.5561050000344494,58.155000000000086,52.0
S00003,Transcoder,core-1,core,298,EXPIRED,8.45491,9.48955,,,1000.134,,,,,
S00002,Transcoder,cloud-1,cloud,284,EXPIRED,8.46153,9.51818,,,1004.382,,,,,
S00001,Transcoder,core-1,core,298,EXPIRED,8.46592,9.48944,,,1000.13,,,,,
S00001,Transcoder,core-1,core,299,EXPIRED,8.46722,9.48954,,,1000.126,,,,,
S00004,Transcoder,cloud-1,cloud,285,DONE,8.4896,9.33185,842.2447259999899,894.2447259999899,812.045,5.906,24.293725999989988,0.45872599998995156,23.835000000000036,52.0
S00004,Transcoder,cloud-1,cloud,286,DONE,8.49612,9.43041,934.2970130001049,986.2970130001049,822.286,91.628,20.38301300010494,1.9880130001049565,18.394999999999982,52.0
S00003,Transcoder,core-1,core,299,DONE,8.52688,9.5886,1061.71102099961,1071.71102099961,902.275,97.23,62.206020999609905,0.8080209996098802,61.398000000000025,10.0
S00004,Transcoder,cloud-1,cloud,287,DONE,8.53864,9.51776,979.128567000771,1031.128567000771,888.204,89.494,1.4305670007710205,0.5895670007710123,0.8410000000000082,52.0
S00001,Transcoder,core-1,core,300,DONE,8.54765,9.59203,1044.3796549998297,1054.3796549998297,908.695,94.71,40.97465499982957,0.8706549998296396,40.10399999999993,10.0
S00001,Transcoder,core-1,core,301,EXPIRED,8.5511,9.58923,,,1000.146,,,,,
S00002,Transcoder,cloud-1,cloud,285,DONE,8.55358,9.61841,1064.8380019993056,1116.8380019993056,965.173,98.48,1.1850019993055412,0.595001999305623,0.5899999999999181,52.0
S00004,Transcoder,cloud-1,cloud,288,DONE,8.56006,9.53153,971.479195000029,1023.479195000029,904.924,12.627,53.92819500002906,0.797195000028978,53.131000000000085,52.0
S00001,Transcoder,core-1,core,302,EXPIRED,8.56016,9.59113,,,1000.141,,,,,
S00003,Transcoder,core-1,core,300,DONE,8.56863,9.60333,1034.6989340005166,1044.6989340005166,999.879,14.296,20.523934000516533,0.9549340005166869,19.568999999999846,10.0
S00001,Transcoder,core-1,core,303,EXPIRED,8.57516,9.59115,,,1000.131,,,,,
S00002,Transcoder,cloud-1,cloud,286,EXPIRED,8.5797,9.61693,,,1002.307,,,,,
S00002,Transcoder,cloud-1,cloud,287,EXPIRED,8.5885,9.61718,,,1002.302,,,,,
S00001,Transcoder,core-1,core,304,DONE,8.59669,9.60684,1010.1518199999191,1020.1518199999191,994.424,13.015,2.712819999919134,1.8688199999190829,0.8440000000000509,10.0
S00001,Transcoder,core-1,core,305,DONE,8.60134,9.69613,1094.795121000061,1104.795121000061,917.384,90.52,86.89112100006105,0.4551210000611263,86.43599999999992,10.0
S00003,Transcoder,core-1,core,301,DONE,8.60671,9.69496,1088.2444099997883,1098.2444099997883,914.991,89.504,83.74940999978833,2.118409999788355,81.63099999999997,10.0
S00002,Transcoder,cloud-1,cloud,288,EXPIRED,8.60683,9.6172,,,1002.297,,,,,
S00001,Transcoder,core-1,core,306,EXPIRED,8.60968,9.6889,,,1000.208,,,,,
S00002,Transcoder,cloud-1,cloud,289,DONE,8.6196,9.63169,1012.0940619999601,1064.09406199996,991.353,12.456,8.285061999960135,2.6380619999600867,5.647000000000048,52.0
S00003,Transcoder,core-1,core,302,EXPIRED,8.62672,9.69493,,,1000.202,,,,,
S00002,Transcoder,cloud-1,cloud,290,EXPIRED,8.62683,9.63012,,,1000.497,,,,,
S00004,Transcoder,cloud-1,cloud,289,DONE,8.63729,9.62957,992.2818850000112,1044.2818850000112,818.031,97.839,76.41188500001135,0.7448850000112088,75.66700000000014,52.0
S00002,Transcoder,cloud-1,cloud,291,DONE,8.64471,9.71935,1074.6415849998812,1126.6415849998812,918.676,87.236,68.72958499988113,0.9295849998811718,67.79999999999995,52.0
S00004,Transcoder,cloud-1,cloud,290,DONE,8.64605,9.71778,1071.7351140001483,1123.7351140001483,917.187,87.29,67.25811400014834,0.4531140001483891,66.80499999999995,52.0
S00003,Transcoder,core-1,core,303,EXPIRED,8.65252,9.69494,,,1000.196,,,,,
S00002,Transcoder,cloud-1,cloud,292,EXPIRED,8.65484,9.71395,,,1000.208,,,,,
S00001,Transcoder,core-1,core,307,EXPIRED,8.67429,9.69166,,,1000.19,,,,,
S00004,Transcoder,cloud-1,cloud,291,EXPIRED,8.67448,9.71435,,,1000.204,,,,,
S00001,Transcoder,core-1,core,308,EXPIRED,8.67987,9.69492,,,1000.185,,,,,
S00003,Transcoder,core-1,core,304,EXPIRED,8.68221,9.69495,,,1000.181,,,,,
S00002,Transcoder,cloud-1,cloud,293,EXPIRED,8.68864,9.71415,,,1000.199,,,,,
S00001,Transcoder,core-1,core,309,DONE,8.6979,9.78993,1092.02839199952,1102.02839199952,997.129,92.906,1.9933919995198721,0.42639199951986484,1.5670000000000073,10.0
S00002,Transcoder,cloud-1,cloud,294,DONE,8.7196,9.7291,1009.4999940001799,1061.4999940001799,998.758,9.21,1.5319940001797931,0.5229940001798923,1.0089999999999009,52.0
S00003,Transcoder,core-1,core,305,DONE,8.72268,9.70068,978.0087890003415,988.0087890003415,904.768,7.613,65.62778900034141,0.5767890003414777,65.05099999999993,10.0
S00002,Transcoder,cloud-1,cloud,295,EXPIRED,8.72704,9.72956,,,1000.35,,,,,
S00002,Transcoder,cloud-1,cloud,296,DONE,8.7284,9.82614,1097.7451320004548,1149.7451320004548,1084.583,10.717,2.445132000454578,0.8801320004547506,1.5649999999998272,52.0
S00004,Transcoder,cloud-1,cloud,292,DONE,8.72848,9.72518,996.6905040000711,1048.690504000071,987.63,6.583,2.4775040000711215,1.0265040000710997,1.4510000000000218,52.0
S00004,Transcoder,cloud-1,cloud,293,DONE,8.73488,9.82011,1085.2342839998528,1137.2342839998528,912.771,92.943,79.52028399985284,0.42328399985285614,79.09699999999998,52.0
S00001,Transcoder,core-1,core,310,EXPIRED,8.73499,9.78953,,,1000.214,,,,,
S00001,Transcoder,core-1,core,311,EXPIRED,8.75785,9.78977,,,1000.207,,,,,
S00003,Transcoder,core-1,core,306,DONE,8.76028,9.79078,1030.498310999974,1040.498310999974,913.173,89.448,27.87731099997393,0.529310999973859,27.34800000000007,10.0
S00004,Transcoder,cloud-1,cloud,294,EXPIRED,8.76466,9.81949,,,1004.978,,,,,
S00002,Transcoder,cloud-1,cloud,297,EXPIRED,8.768,9.81946,,,1004.972,,,,,
S00003,Transcoder,core-1,core,307,EXPIRED,8.76819,9.7899,,,1000.198,,,,,
S00004,Transcoder,cloud-1,cloud,295,EXPIRED,8.76944,9.8195,,,1004.967,,,,,
S00001,Transcoder,core-1,core,312,EXPIRED,8.77483,9.78982,,,1000.194,,,,,
S00004,Transcoder,cloud-1,cloud,296,EXPIRED,8.78743,9.81952,,,1004.963,,,,,
S00002,Transcoder,cloud-1,cloud,298,EXPIRED,8.7909,9.81948,,,1004.951,,,,,
S00001,Transcoder,core-1,core,313,DONE,8.79926,9.80276,1003.4943459995702,1013.4943459995702,989.505,12.584,1.4053459995702724,0.8673459995702615,0.5380000000000109,10.0
S00001,Transcoder,core-1,core,314,DONE,8.80314,9.88922,1086.0740430007354,1096.0740430007354,996.39,88.45,1.2340430007354826,0.6930430007353152,0.5410000000001673,10.0
S00004,Transcoder,cloud-1,cloud,297,EXPIRED,8.80326,9.81953,,,1004.947,,,,,
S00001,Transcoder,core-1,core,315,EXPIRED,8.81367,9.89295,,,1001.616,,,,,
S00002,Transcoder,cloud-1,cloud,299,EXPIRED,8.81693,9.81948,,,1000.45,,,,,
S00003,Transcoder,core-1,core,308,DONE,8.82132,9.80059,979.2671010000049,989.2671010000049,902.376,9.235,67.65610100000492,0.7051010000049018,66.95100000000002,10.0
S00004,Transcoder,cloud-1,cloud,298,DONE,8.83379,9.82911,995.3199309993579,1047.319930999358,985.61,7.694,2.01593099935792,1.3429309993579182,0.6730000000000018,52.0
S00003,Transcoder,core-1,core,309,DONE,8.83398,9.89712,1063.144201999421,1073.144201999421,914.477,91.018,57.64920199942105,1.1532019994210714,56.49599999999998,10.0
S00001,Transcoder,core-1,core,316,EXPIRED,8.83628,9.89313,,,1001.589,,,,,
S00004,Transcoder,cloud-1,cloud,299,DONE,8.84682,9.9201,1073.2746710000356,1125.2746710000356,981.154,90.639,1.4816710000357034,0.7586710000355197,0.7230000000001837,52.0
S00001,Transcoder,core-1,core,317,EXPIRED,8.85343,9.89335,,,1001.584,,,,,
S00002,Transcoder,cloud-1,cloud,300,DONE,8.86398,9.91718,1053.19639299978,1105.19639299978,961.424,90.228,1.5443929997800296,0.7873929997799678,0.7570000000000618,52.0
S00003,Transcoder,core-1,core,310,EXPIRED,8.87957,9.89708,,,1001.579,,,,,
S00003,Transcoder,core-1,core,311,DONE,8.90797,9.98932,1081.3502090004476,1091.3502090004476,905.981,94.496,80.87320900044767,0.854209000447554,80.01900000000012,10.0
S00004,Transcoder,cloud-1,cloud,300,DONE,8.91949,9.92982,1010.3331970003637,1062.3331970003637,996.319,8.969,5.045197000363714,3.062197000363767,1.9829999999999472,52.0
S00002,Transcoder,cloud-1,cloud,301,DONE,8.91974,9.92868,1008.9465000000928,1060.9465000000928,993.343,10.824,4.779500000092867,3.1705000000928294,1.6090000000000373,52.0
S00004,Transcoder,cloud-1,cloud,301,EXPIRED,8.92573,9.92769,,,1000.365,,,,,
S00003,Transcoder,core-1,core,312,EXPIRED,8.93679,9.99081,,,1000.74,,,,,
S00001,Transcoder,core-1,core,318,DONE,8.9392,9.90284,963.6414379992857,973.6414379992857,902.017,11.767,49.857437999285594,1.432437999285753,48.42499999999984,10.0
S00002,Transcoder,cloud-1,cloud,302,DONE,8.93938,10.02901,1089.626189000228,1141.626189000228,914.337,97.029,78.26018900022791,2.215189000227838,76.04500000000007,52.0
S00003,Transcoder,core-1,core,313,EXPIRED,8.94973,9.99083,,,1000.73,,,,,
S00002,Transcoder,cloud-1,cloud,303,EXPIRED,8.95611,10.02903,,,1011.564,,,,,
S00004,Transcoder,cloud-1,cloud,302,DONE,8.95844,10.0312,1072.7595709995512,1124.7595709995512,915.551,100.28,56.9285709995512,0.6645709995511879,56.26400000000001,52.0
S00001,Transcoder,core-1,core,319,DONE,8.9669,10.00022,1033.3242550004798,1043.3242550004798,915.677,95.231,22.416255000479737,0.8472550004796631,21.569000000000074,10.0
S00002,Transcoder,cloud-1,cloud,304,EXPIRED,8.97046,10.02904,,,1011.548,,,,,
S00002,Transcoder,cloud-1,cloud,305,EXPIRED,8.98104,10.02905,,,1011.542,,,,,
S00004,Transcoder,cloud-1,cloud,303,EXPIRED,8.98122,10.02909,,,1011.489,,,,,
S00002,Transcoder,cloud-1,cloud,306,EXPIRED,8.98252,10.02906,,,1011.48,,,,,
S00002,Transcoder,cloud-1,cloud,307,EXPIRED,8.99459,10.02907,,,1011.473,,,,,
S00004,Transcoder,cloud-1,cloud,304,EXPIRED,9.01187,10.02909,,,1011.467,,,,,
S00004,Transcoder,cloud-1,cloud,305,EXPIRED,9.01422,10.02912,,,1010.31,,,,,
S00001,Transcoder,core-1,core,320,DONE,9.02144,10.08878,1067.339933999392,1077.339933999392,910.37,88.787,68.18293399939205,0.7939339993920385,67.38900000000001,10.0
S00003,Transcoder,core-1,core,314,DONE,9.02157,9.99918,977.6093739992575,987.6093739992575,900.444,9.366,67.79937399925757,0.7923739992575065,67.00700000000006,10.0
S00002,Transcoder,cloud-1,cloud,308,DONE,9.0228,10.11729,1094.4895149996228,1146.4895149996228,999.473,86.297,8.719514999622788,0.6005149996228738,8.118999999999915,52.0
S00003,Transcoder,core-1,core,315,DONE,9.03674,10.10515,1068.414755000049,1078.414755000049,911.133,97.102,60.179755000048885,5.414755000048899,54.764999999999986,10.0
S00003,Transcoder,core-1,core,316,EXPIRED,9.04027,10.09263,,,1001.968,,,,,
S00004,Transcoder,cloud-1,cloud,306,DONE,9.04105,10.12458,1083.5326309997981,1135.5326309997981,917.67,93.0,72.86263099979817,0.6836309997981971,72.17899999999997,52.0
S00003,Transcoder,core-1,core,317,EXPIRED,9.04333,10.09264,,,1001.965,,,,,
S00003,Transcoder,core-1,core,318,EXPIRED,9.04467,10.09265,,,1001.961,,,,,
S00003,Transcoder,core-1,core,319,EXPIRED,9.04722,10.09266,,,1001.957,,,,,
S00001,Transcoder,core-1,core,321,DONE,9.04757,10.10668,1059.1120570006751,1069.1120570006751,999.561,17.347,42.20405700067511,0.614057000675075,41.59000000000003,10.0
S00001,Transcoder,core-1,core,322,EXPIRED,9.04996,10.09261,,,1001.949,,,,,
S00002,Transcoder,cloud-1,cloud,309,EXPIRED,9.07266,10.11769,,,1002.805,,,,,
S00004,Transcoder,cloud-1,cloud,307,EXPIRED,9.09126,10.11795,,,1002.796,,,,,
S00001,Transcoder,core-1,core,323,EXPIRED,9.1039,10.10677,,,1000.515,,,,,
S00003,Transcoder,core-1,core,320,DONE,9.11486,10.12014,1005.2764290003324,1015.2764290003324,912.32,19.247,73.70942900033242,0.7504290003324741,72.95899999999995,10.0
S00001,Transcoder,core-1,core,324,DONE,9.11925,10.19174,1072.4927070004924,1082.4927070004924,918.401,85.315,68.77670700049248,0.5817070004923153,68.19500000000016,10.0
S00004,Transcoder,cloud-1,cloud,308,DONE,9.12798,10.21754,1089.551537999796,1141.551537999796,910.576,90.974,88.00153799979591,1.399537999795939,86.60199999999998,52.0
S00002,Transcoder,cloud-1,cloud,310,DONE,9.12824,10.1416,1013.3605629998783,1065.3605629998783,903.676,22.836,86.84856299987825,1.0175629998783506,85.8309999999999,52.0
S00003,Transcoder,core-1,core,321,DONE,9.13371,10.19795,1064.2430750003768,1074.2430750003768,931.918,77.885,54.44007500037685,0.6440750003769153,53.795999999999935,10.0
S00002,Transcoder,cloud-1,cloud,311,DONE,9.14568,10.22218,1076.5053090008223,1128.5053090008223,927.824,79.243,69.4383090008223,0.9253090008223808,68.51299999999992,52.0
S00001,Transcoder,core-1,core,325,EXPIRED,9.15678,10.19118,,,1001.804,,,,,
S00004,Transcoder,cloud-1,cloud,309,EXPIRED,9.15788,10.21751,,,1000.671,,,,,
S00004,Transcoder,cloud-1,cloud,310,EXPIRED,9.19949,10.21753,,,1000.666,,,,,
S00003,Transcoder,core-1,core,322,DONE,9.21375,10.20763,993.8803059994825,1003.8803059994825,983.235,9.225,1.4203059994824798,0.581305999482538,0.8389999999999418,10.0
S00004,Transcoder,cloud-1,cloud,311,DONE,9.22196,10.22689,1004.9261029998888,1056.9261029998888,992.957,8.16,3.8091029998888644,2.4551029998888225,1.3540000000000418,52.0
S00003,Transcoder,core-1,core,323,DONE,9.23554,10.29837,1062.8247960003137,1072.8247960003137,971.633,89.824,1.3677960003135468,0.8247960003136541,0.5429999999998927,10.0
S00004,Transcoder,cloud-1,cloud,312,DONE,9.23565,10.31953,1083.8777769995431,1135.8777769995431,988.34,94.33,1.2077769995430572,0.6787769995430608,0.5289999999999964,52.0
S00004,Transcoder,cloud-1,cloud,313,EXPIRED,9.24202,10.32154,,,1004.715,,,,,
S00003,Transcoder,core-1,core,324,EXPIRED,9.24542,10.28855,,,1041.421,,,,,
S00004,Transcoder,cloud-1,cloud,314,EXPIRED,9.25386,10.32155,,,1004.702,,,,,
S00001,Transcoder,core-1,core,326,DONE,9.25531,10.2018,946.4916590004577,956.4916590004577,935.568,9.819,1.1046590004577865,0.5126590004576883,0.5920000000000982,10.0
S00002,Transcoder,cloud-1,cloud,312,DONE,9.25543,10.31572,1060.2899639998213,1112.2899639998213,907.476,92.193,60.620963999821356,0.5619639998212733,60.05900000000008,52.0
S00004,Transcoder,cloud-1,cloud,315,EXPIRED,9.25999,10.32155,,,1004.691,,,,,
S00002,Transcoder,cloud-1,cloud,313,DONE,9.26337,10.32466,1061.286256999665,1113.286256999665,999.955,9.11,52.221256999665,0.7892569996649854,51.432000000000016,52.0
S00002,Transcoder,cloud-1,cloud,314,EXPIRED,9.26774,10.32151,,,1004.683,,,,,
S00002,Transcoder,cloud-1,cloud,315,EXPIRED,9.26906,10.32153,,,1004.679,,,,,
S00003,Transcoder,core-1,core,325,EXPIRED,9.27035,10.28857,,,1000.002,,,,,
S00003,Transcoder,core-1,core,326,EXPIRED,9.27679,10.29475,,,1006.132,,,,,
S00001,Transcoder,core-1,core,327,DONE,9.29815,10.29471,996.553730999949,1006.553730999949,902.083,91.836,2.6347309999490562,1.3927309999490944,1.2419999999999618,10.0
S00001,Transcoder,core-1,core,328,DONE,9.29851,10.30686,1008.3502609995776,1018.3502609995776,994.43,9.854,4.066260999577594,2.5852609995775993,1.4809999999999945,10.0
S00004,Transcoder,cloud-1,cloud,316,DONE,9.3185,10.33329,1014.7855929999423,1066.7855929999423,997.134,10.634,7.017592999942281,2.602592999942317,4.414999999999964,52.0
S00001,Transcoder,core-1,core,329,DONE,9.32208,10.39488,1072.8054860001066,1082.8054860001066,916.659,89.735,66.4114860001066,0.8234860001066409,65.58799999999997,10.0
S00001,Transcoder,core-1,core,330,EXPIRED,9.32969,10.38879,,,1000.251,,,,,
S00002,Transcoder,cloud-1,cloud,316,DONE,9.33166,10.41609,1084.43300899944,1136.43300899944,992.546,89.912,1.9750089994399787,0.9660089994399641,1.0090000000000146,52.0
S00001,Transcoder,core-1,core,331,EXPIRED,9.33351,10.3888,,,1000.247,,,,,
S00003,Transcoder,core-1,core,327,DONE,9.33399,10.38877,1054.7757889999048,1064.7757889999048,910.472,89.233,55.070788999904835,0.9927889999048602,54.077999999999975,10.0
S00002,Transcoder,cloud-1,cloud,317,DONE,9.33808,10.42661,1088.5294190002242,1140.5294190002242,999.91,10.734,77.88541900022415,1.536419000224214,76.34899999999993,52.0
S00002,Transcoder,cloud-1,cloud,318,EXPIRED,9.34149,10.41636,,,1000.218,,,,,
S00001,Transcoder,core-1,core,332,EXPIRED,9.34696,10.38881,,,1000.235,,,,,
S00004,Transcoder,cloud-1,cloud,317,DONE,9.34919,10.41998,1070.785273999718,1122.785273999718,915.895,88.367,66.52327399971796,0.6222739997178905,65.90100000000007,52.0
S00001,Transcoder,core-1,core,333,EXPIRED,9.3597,10.38882,,,1000.23,,,,,
S00002,Transcoder,cloud-1,cloud,319,EXPIRED,9.36394,10.41732,,,1000.202,,,,,
S00002,Transcoder,cloud-1,cloud,320,EXPIRED,9.36426,10.41733,,,1000.196,,,,,
S00004,Transcoder,cloud-1,cloud,318,EXPIRED,9.37093,10.41737,,,1000.189,,,,,
S00001,Transcoder,core-1,core,334,EXPIRED,9.37245,10.38882,,,1000.225,,,,,
S00003,Transcoder,core-1,core,328,DONE,9.37422,10.39887,1024.650092000229,1034.650092000229,1000.142,10.591,13.91709200022899,0.4730920002291441,13.443999999999846,10.0
S00001,Transcoder,core-1,core,335,EXPIRED,9.38217,10.38883,,,1000.216,,,,,
S00004,Transcoder,cloud-1,cloud,319,EXPIRED,9.38371,10.41738,,,1000.183,,,,,
S00003,Transcoder,core-1,core,329,EXPIRED,9.39345,10.39492,,,1000.2,,,,,
S00003,Transcoder,core-1,core,330,DONE,9.40239,10.40785,1005.4642690001856,1015.4642690001856,911.125,8.141,86.19826900018563,0.8092690001856226,85.38900000000001,10.0
S00001,Transcoder,core-1,core,336,DONE,9.41792,10.40512,987.1995630001038,997.1995630001038,906.446,9.695,71.05856300010373,0.6335630001037771,70.42499999999995,10.0
S00001,Transcoder,core-1,core,337,DONE,9.42216,10.49193,1069.7695670005487,1079.7695670005487,916.461,86.433,66.8755670005487,1.1035670005487646,65.77199999999993,10.0
S00001,Transcoder,core-1,core,338,EXPIRED,9.43723,10.49196,,,1003.128,,,,,
S00003,Transcoder,core-1,core,331,DONE,9.4414,10.49195,1050.5524119998881,1060.5524119998881,919.465,83.451,47.63641199988808,0.9424119998882361,46.693999999999846,10.0
S00002,Transcoder,cloud-1,cloud,321,DONE,9.44753,10.43359,986.0619959999894,1038.0619959999894,913.057,7.076,65.92899599998941,0.6779959999894345,65.25099999999998,52.0
S00003,Transcoder,core-1,core,332,EXPIRED,9.4526,10.49197,,,1003.113,,,,,
S00003,Transcoder,core-1,core,333,EXPIRED,9.45914,10.49198,,,1003.105,,,,,
S00002,Transcoder,cloud-1,cloud,322,DONE,9.46168,10.52337,1061.6916489998403,1113.6916489998403,920.336,89.471,51.88464899984024,0.8026489998403576,51.08199999999988,52.0
S00002,Transcoder,cloud-1,cloud,323,EXPIRED,9.47209,10.51552,,,1000.184,,,,,
S00004,Transcoder,cloud-1,cloud,320,DONE,9.52463,10.43173,907.1006809999744,959.1006809999744,893.956,11.354,1.79068099997437,0.6916809999744373,1.0989999999999327,52.0
S00001,Transcoder,core-1,core,339,DONE,9.53165,10.50013,968.4792399993967,978.4792399993967,903.313,8.137,57.02923999939662,3.252239999396693,53.77699999999993,10.0
S00002,Transcoder,cloud-1,cloud,324,DONE,9.5372,10.5289,991.6986779999206,1043.6986779999206,905.89,6.108,79.70067799992069,0.8376779999206292,78.86300000000006,52.0
S00004,Transcoder,cloud-1,cloud,321,DONE,9.54236,10.51389,971.5358980001838,1023.5358980001838,815.913,81.744,73.87889800018377,1.635898000183829,72.24299999999994,52.0
S00003,Transcoder,core-1,core,334,DONE,9.54275,10.50185,959.0957629998229,969.0957629998229,906.578,6.59,45.9277629998229,0.6797629998228558,45.24800000000005,10.0
S00001,Transcoder,core-1,core,340,DONE,9.54636,10.58883,1042.469858000004,1052.469858000004,911.769,87.701,42.999858000004,0.9438580000039565,42.05600000000004,10.0
S00003,Transcoder,core-1,core,335,DONE,9.54801,10.59016,1042.1574060001149,1052.1574060001149,913.318,88.045,40.79440600011492,0.9024060001147518,39.892000000000166,10.0
S00002,Transcoder,cloud-1,cloud,325,DONE,9.56364,10.61473,1051.092071000312,1103.092071000312,912.225,86.24,52.62707100031196,1.0990710003120512,51.527999999999906,52.0
S00003,Transcoder,core-1,core,336,EXPIRED,9.56734,10.58892,,,1000.183,,,,,
S00002,Transcoder,cloud-1,cloud,326,DONE,9.5709,10.62326,1052.3555079998914,1104.3555079998914,998.65,8.708,44.99750799989147,0.7815079998913461,44.21600000000012,52.0
S00003,Transcoder,core-1,core,337,EXPIRED,9.57871,10.58893,,,1000.179,,,,,
S00002,Transcoder,cloud-1,cloud,327,EXPIRED,9.59204,10.62105,,,1004.688,,,,,
S00004,Transcoder,cloud-1,cloud,322,DONE,9.59221,10.52155,929.3399059997682,981.3399059997682,899.621,5.919,23.79990599976827,3.7529059997682452,20.047000000000025,52.0
S00001,Transcoder,core-1,core,341,DONE,9.59796,10.59671,998.7530209991746,1008.7530209991746,986.225,8.073,4.4550209991746215,0.7360209991745705,3.719000000000051,10.0
S00002,Transcoder,cloud-1,cloud,328,EXPIRED,9.59875,10.62156,,,1004.671,,,,,
S00003,Transcoder,core-1,core,338,DONE,9.61237,10.59715,984.7861610005566,994.7861610005566,901.76,7.142,75.88416100055656,0.6971610005565481,75.18700000000001,10.0
S00001,Transcoder,core-1,core,342,DONE,9.6148,10.69081,1076.0094470006152,1086.0094470006152,908.802,93.536,73.67144700061522,1.5094470006151823,72.16200000000003,10.0
S00001,Transcoder,core-1,core,343,DONE,9.61694,10.70171,1084.7649790002833,1094.7649790002833,999.761,13.014,71.98997900028337,0.7769790002832906,71.21300000000008,10.0
S00001,Transcoder,core-1,core,344,EXPIRED,9.61731,10.68955,,,1000.212,,,,,
S00002,Transcoder,cloud-1,cloud,329,DONE,9.62282,10.7203,1097.4860100004662,1149.4860100004662,995.805,96.931,4.750010000466318,1.2820100004662436,3.4680000000000746,52.0
S00003,Transcoder,core-1,core,339,DONE,9.62318,10.68953,1066.3522710001416,1076.3522710001416,909.036,90.25,67.06627100014168,0.844271000141589,66.2220000000001,10.0
S00001,Transcoder,core-1,core,345,EXPIRED,9.63713,10.68957,,,1000.187,,,,,
S00002,Transcoder,cloud-1,cloud,330,EXPIRED,9.64595,10.71525,,,1001.122,,,,,
S00002,Transcoder,cloud-1,cloud,331,EXPIRED,9.66084,10.71607,,,1001.108,,,,,
S00003,Transcoder,core-1,core,340,EXPIRED,9.66117,10.68964,,,1000.179,,,,,
S00003,Transcoder,core-1,core,341,EXPIRED,9.66135,10.68965,,,1000.171,,,,,
S00002,Transcoder,cloud-1,cloud,332,EXPIRED,9.66154,10.71656,,,1001.103,,,,,
S00004,Transcoder,cloud-1,cloud,323,DONE,9.66294,10.53124,868.2997430005344,920.2997430005344,810.434,7.083,50.782743000534424,0.7557430005343804,50.027000000000044,52.0
S00002,Transcoder,cloud-1,cloud,333,EXPIRED,9.67776,10.71739,,,1001.094,,,,,
S00002,Transcoder,cloud-1,cloud,334,EXPIRED,9.67808,10.71744,,,1001.09,,,,,
S00002,Transcoder,cloud-1,cloud,335,EXPIRED,9.68365,10.71745,,,1001.085,,,,,
S00003,Transcoder,core-1,core,342,DONE,9.69738,10.70437,1006.9811310004297,1016.9811310004297,990.32,11.452,5.209131000429693,2.06813100042973,3.1409999999999627,10.0
S00004,Transcoder,cloud-1,cloud,324,DONE,9.70706,10.621,913.9379150001332,965.9379150001332,818.281,88.41,7.246915000133299,1.0879150001331936,6.1590000000001055,52.0
S00004,Transcoder,cloud-1,cloud,325,DONE,9.7073,10.71471,1007.4069190004593,1059.4069190004593,908.148,92.211,7.047919000459274,1.399919000459363,5.647999999999911,52.0
S00001,Transcoder,core-1,core,346,DONE,9.72519,10.79113,1065.9451669998816,1075.9451669998816,913.181,86.223,66.54116699988163,3.7441669998815996,62.797000000000025,10.0
S00004,Transcoder,cloud-1,cloud,326,DONE,9.72663,10.72604,999.4159090001631,1051.415909000163,988.421,9.885,1.109909000163043,0.4979090001630766,0.6119999999999663,52.0
S00004,Transcoder,cloud-1,cloud,327,DONE,9.7341,10.81459,1080.4848299994774,1132.4848299994774,907.643,87.546,85.29582999947729,0.9208299994772915,84.375,52.0
S00004,Transcoder,cloud-1,cloud,328,DONE,9.73633,10.82645,1090.1155270003073,1142.1155270003073,995.891,11.294,82.93052700030739,0.8275270003073274,82.10300000000007,52.0
S00002,Transcoder,cloud-1,cloud,336,DONE,9.74685,10.72968,982.8266619997521,1034.826661999752,902.451,8.376,71.9996619997521,0.8896619997520929,71.11000000000001,52.0
S00001,Transcoder,core-1,core,347,DONE,9.75448,10.80002,1045.5359979996501,1055.5359979996501,999.738,11.626,34.1719979996501,0.9199979996501497,33.25199999999995,10.0
S00004,Transcoder,cloud-1,cloud,329,EXPIRED,9.7591,10.82061,,,1001.248,,,,,
S00003,Transcoder,core-1,core,343,DONE,9.77109,10.79308,1021.9961209995745,1031.9961209995745,915.434,88.576,17.986120999574496,0.8681209995744439,17.118000000000052,10.0
S00003,Transcoder,core-1,core,344,EXPIRED,9.77772,10.79307,,,1003.584,,,,,
S00001,Transcoder,core-1,core,348,EXPIRED,9.78663,10.79289,,,1003.577,,,,,
S00001,Transcoder,core-1,core,349,EXPIRED,9.79306,10.80082,,,1006.444,,,,,
S00002,Transcoder,cloud-1,cloud,337,DONE,9.8006,10.8201,1019.4985699999961,1071.498569999996,911.345,89.614,18.539569999996047,0.5585699999960525,17.980999999999995,52.0
S00002,Transcoder,cloud-1,cloud,338,EXPIRED,9.80912,10.82034,,,1001.239,,,,,
S00002,Transcoder,cloud-1,cloud,339,EXPIRED,9.81486,10.82048,,,1001.234,,,,,
S00002,Transcoder,cloud-1,cloud,340,DONE,9.8174,10.82792,1010.5166819994338,1062.5166819994338,999.296,8.04,3.180681999433773,0.6326819994337711,2.548000000000002,52.0
S00001,Transcoder,core-1,core,350,DONE,9.81753,10.89124,1073.708459000045,1083.708459000045,912.797,90.345,70.56645900004492,1.0764590000449061,69.49000000000001,10.0
S00004,Transcoder,cloud-1,cloud,330,EXPIRED,9.81953,10.82663,,,1004.838,,,,,
S00002,Transcoder,cloud-1,cloud,341,DONE,9.82842,10.919,1090.5799040001511,1142.5799040001511,999.097,89.552,1.9309040001512585,0.4299040001510548,1.5010000000002037,52.0
S00001,Transcoder,core-1,core,351,EXPIRED,9.84351,10.88991,,,1001.196,,,,,
S00003,Transcoder,core-1,core,345,DONE,9.85107,10.80202,950.9504809993814,960.9504809993814,904.337,9.562,37.0514809993814,0.7704809993814479,36.28099999999995,10.0
S00004,Transcoder,cloud-1,cloud,331,DONE,9.86183,10.92085,1059.0163880006003,1111.0163880006003,962.636,94.43,1.9503880006002419,0.9443880006003837,1.0059999999998581,52.0
S00004,Transcoder,cloud-1,cloud,332,EXPIRED,9.86203,10.91893,,,1000.5,,,,,
S00001,Transcoder,core-1,core,352,EXPIRED,9.87092,10.88992,,,1001.177,,,,,
S00003,Transcoder,core-1,core,346,DONE,9.88926,10.88989,1000.6281839996518,1010.6281839996518,911.994,86.678,1.9561839996517847,0.7081839996518511,1.2479999999999336,10.0
S00002,Transcoder,cloud-1,cloud,342,EXPIRED,9.89713,10.91884,,,1000.482,,,,,
S00004,Transcoder,cloud-1,cloud,333,EXPIRED,9.90293,10.91897,,,1000.474,,,,,
S00002,Transcoder,cloud-1,cloud,343,EXPIRED,9.91145,10.91892,,,1000.469,,,,,
S00004,Transcoder,cloud-1,cloud,334,DONE,9.92346,10.92793,1004.4719219995386,1056.4719219995386,991.149,8.632,4.690921999538659,1.355921999538623,3.3350000000000364,52.0
S00002,Transcoder,cloud-1,cloud,344,DONE,9.9277,10.92855,1000.8524029999535,1052.8524029999535,991.64,7.625,1.5874029999534969,0.36440299995342684,1.22300000000007,52.0
S00001,Transcoder,core-1,core,353,DONE,9.92983,10.90009,970.2569319997565,980.2569319997565,901.571,10.049,58.636931999756484,0.8289319997564917,57.80799999999999,10.0
S00001,Transcoder,core-1,core,354,DONE,9.97347,10.99791,1024.4423450003524,1034.4423450003524,912.004,97.231,15.207345000352348,0.819345000352314,14.388000000000034,10.0
S00003,Transcoder,core-1,core,347,DONE,9.97758,10.99085,1013.2733829996141,1023.2733829996141,903.924,95.995,13.354382999614131,3.291382999614143,10.062999999999988,10.0
S00002,Transcoder,cloud-1,cloud,345,DONE,9.98118,11.01877,1037.5884740005858,1089.5884740005858,915.801,87.629,34.158474000585784,2.919474000585751,31.239000000000033,52.0
S00002,Transcoder,cloud-1,cloud,346,EXPIRED,9.9849,11.01499,,,1000.112,,,,,
S00001,Transcoder,core-1,core,355,DONE,10.00837,11.09128,1082.9168199998094,1092.9168199998094,909.07,93.339,80.50781999980927,0.9468199998093496,79.56099999999992,10.0
S00004,Transcoder,cloud-1,cloud,335,DONE,10.02913,11.01605,986.9224520007265,1038.9224520007265,897.051,88.716,1.1554520007264273,0.5864520007264673,0.56899999999996,52.0
S00004,Transcoder,cloud-1,cloud,336,DONE,10.02935,11.02332,993.9683430002333,1045.9683430002333,985.365,6.654,1.9493430002332843,0.6923430002333362,1.2569999999999482,52.0
S00004,Transcoder,cloud-1,cloud,337,DONE,10.0528,11.11925,1066.4500129996668,1118.4500129996668,899.831,95.141,71.47801299966682,0.7870129996667856,70.69100000000003,52.0
S00003,Transcoder,core-1,core,348,DONE,10.05303,10.99978,946.7413319998741,956.7413319998741,899.675,11.181,35.8853319998741,1.0453319998740653,34.84000000000003,10.0
S00004,Transcoder,cloud-1,cloud,338,DONE,10.05447,11.21431,1159.8383549999198,1211.8383549999198,993.521,11.651,154.66635499991992,1.2713549999198221,153.3950000000001,52.0
S00004,Transcoder,cloud-1,cloud,339,EXPIRED,10.05471,11.12937,,,1003.891,,,,,
S00004,Transcoder,cloud-1,cloud,340,EXPIRED,10.05479,11.12939,,,1003.882,,,,,
S00001,Transcoder,core-1,core,356,EXPIRED,10.06539,11.09211,,,1003.485,,,,,
S00003,Transcoder,core-1,core,349,DONE,10.07817,11.09375,1015.5749100003959,1025.574910000396,911.171,93.907,10.496910000395815,0.9219100003958829,9.574999999999932,10.0
S00003,Transcoder,core-1,core,350,EXPIRED,10.0799,11.09278,,,1003.47,,,,,
S00002,Transcoder,cloud-1,cloud,347,DONE,10.0801,11.02649,946.3856270003816,998.3856270003816,893.202,9.184,43.99962700038168,0.6616270003815998,43.33800000000008,52.0
S00001,Transcoder,core-1,core,357,EXPIRED,10.08889,11.09254,,,1001.112,,,,,
S00001,Transcoder,core-1,core,358,DONE,10.09109,11.19302,1101.9332389996634,1111.9332389996634,999.832,99.027,3.074238999663521,1.1542389996634483,1.9200000000000728,10.0
S00004,Transcoder,cloud-1,cloud,341,EXPIRED,10.09121,11.1294,,,1003.862,,,,,
S00004,Transcoder,cloud-1,cloud,342,EXPIRED,10.09599,11.12941,,,1003.854,,,,,
S00002,Transcoder,cloud-1,cloud,348,DONE,10.10519,11.11764,1012.4557630006166,1064.4557630006166,903.093,89.156,20.206763000616547,1.0887630006166091,19.117999999999938,52.0
S00002,Transcoder,cloud-1,cloud,349,DONE,10.11505,11.21629,1101.2397510003211,1153.2397510003211,995.859,94.247,11.133751000321126,0.7447510003212301,10.388999999999896,52.0
S00004,Transcoder,cloud-1,cloud,343,EXPIRED,10.12018,11.12942,,,1002.441,,,,,
S00001,Transcoder,core-1,core,359,EXPIRED,10.12717,11.1917,,,1000.747,,,,,
S00004,Transcoder,cloud-1,cloud,344,EXPIRED,10.13533,11.21433,,,1073.075,,,,,
S00003,Transcoder,core-1,core,351,DONE,10.14161,11.18979,1048.1850859996484,1058.1850859996484,904.411,94.893,48.88108599964846,0.8160859996485215,48.06499999999994,10.0
S00002,Transcoder,cloud-1,cloud,350,EXPIRED,10.14403,11.21685,,,1000.409,,,,,
S00004,Transcoder,cloud-1,cloud,345,DONE,10.1479,11.22596,1078.0571479999708,1130.0571479999708,998.321,11.913,67.82314799997073,0.7441479999706644,67.07900000000006,52.0
S00001,Transcoder,core-1,core,360,EXPIRED,10.16002,11.19173,,,1000.725,,,,,
S00003,Transcoder,core-1,core,352,EXPIRED,10.16087,11.19176,,,1000.72,,,,,
S00003,Transcoder,core-1,core,353,EXPIRED,10.16148,11.19177,,,1000.715,,,,,
S00003,Transcoder,core-1,core,354,EXPIRED,10.16316,11.1918,,,1000.709,,,,,
S00004,Transcoder,cloud-1,cloud,346,EXPIRED,10.17407,11.21755,,,1000.385,,,,,
S00001,Transcoder,core-1,core,361,EXPIRED,10.17847,11.19175,,,1000.705,,,,,
S00004,Transcoder,cloud-1,cloud,347,EXPIRED,10.19607,11.21757,,,1000.378,,,,,
S00001,Transcoder,core-1,core,362,DONE,10.20104,11.20485,1003.8145440003063,1013.8145440003063,983.837,12.991,6.986544000306367,0.7905440003063404,6.196000000000026,10.0
S00001,Transcoder,core-1,core,363,DONE,10.21094,11.29533,1084.3832470000052,1094.3832470000052,916.733,90.4,77.25024700000529,0.6362470000051417,76.61400000000015,10.0
S00002,Transcoder,cloud-1,cloud,351,DONE,10.21755,11.31511,1097.5641400000313,1149.5641400000313,998.996,95.93,2.638140000031399,1.3411400000313733,1.2970000000000255,52.0
S00004,Transcoder,cloud-1,cloud,348,DONE,10.23246,11.32303,1090.5685919997268,1142.5685919997268,912.487,93.292,84.78959199972678,4.143591999726823,80.64599999999996,52.0
S00001,Transcoder,core-1,core,364,EXPIRED,10.24528,11.29489,,,1000.15,,,,,
S00002,Transcoder,cloud-1,cloud,352,EXPIRED,10.24686,11.3152,,,1000.319,,,,,
S00003,Transcoder,core-1,core,355,DONE,10.2486,11.20756,958.9636800001244,968.9636800001244,905.746,13.488,39.72968000012452,0.5986800001244319,39.131000000000085,10.0
S00002,Transcoder,cloud-1,cloud,353,EXPIRED,10.2613,11.31522,,,1000.312,,,,,
S00002,Transcoder,cloud-1,cloud,354,EXPIRED,10.26501,11.31524,,,1000.305,,,,,
S00003,Transcoder,core-1,core,356,DONE,10.26536,11.29876,1033.4043229995586,1043.4043229995586,919.39,90.994,23.02032299955863,0.7813229995585971,22.239000000000033,10.0
S00001,Transcoder,core-1,core,365,EXPIRED,10.26994,11.2949,,,1000.121,,,,,
S00001,Transcoder,core-1,core,366,EXPIRED,10.28073,11.29491,,,1000.113,,,,,
S00004,Transcoder,cloud-1,cloud,349,EXPIRED,10.28654,11.31526,,,1000.3,,,,,
S00004,Transcoder,cloud-1,cloud,350,EXPIRED,10.28858,11.31527,,,1000.295,,,,,
S00004,Transcoder,cloud-1,cloud,351,EXPIRED,10.29096,11.31529,,,1000.291,,,,,
S00003,Transcoder,core-1,core,357,EXPIRED,10.29239,11.29586,,,1001.296,,,,,
S00002,Transcoder,cloud-1,cloud,355,EXPIRED,10.29475,11.31525,,,1000.271,,,,,
S00003,Transcoder,core-1,core,358,DONE,10.30418,11.38937,1085.1876760007144,1095.1876760007144,910.649,90.312,84.2266760007144,0.8036760007144039,83.423,10.0
S00003,Transcoder,core-1,core,359,EXPIRED,10.30819,11.38903,,,1000.075,,,,,
S00001,Transcoder,core-1,core,367,DONE,10.32158,11.39287,1071.2832949993754,1081.2832949993754,907.963,96.32,67.00029499937546,0.7282949993752936,66.27200000000016,10.0
S00003,Transcoder,core-1,core,360,EXPIRED,10.33562,11.38903,,,1000.063,,,,,
S00002,Transcoder,cloud-1,cloud,356,DONE,10.33577,11.3268,991.0319680002431,1043.031968000243,898.917,11.645,80.46996800024306,0.7509680002431196,79.71899999999994,52.0
S00003,Transcoder,core-1,core,361,EXPIRED,10.34232,11.38906,,,1000.057,,,,,
S00004,Transcoder,cloud-1,cloud,352,DONE,10.34536,11.41573,1070.3665270002602,1122.3665270002602,903.885,95.661,70.8205270002602,0.7675270002603156,70.05299999999988,52.0
S00004,Transcoder,cloud-1,cloud,353,DONE,10.3759,11.43251,1056.608666000102,1108.608666000102,999.805,16.228,40.575666000102046,0.8116660001019227,39.764000000000124,52.0
S00002,Transcoder,cloud-1,cloud,357,DONE,10.3761,11.41989,1043.7883029999284,1095.7883029999284,910.943,90.411,42.43430299992838,1.34130299992853,41.09299999999985,52.0
S00001,Transcoder,core-1,core,368,EXPIRED,10.38149,11.38901,,,1000.051,,,,,
S00003,Transcoder,core-1,core,362,EXPIRED,10.38594,11.38907,,,1000.047,,,,,
S00004,Transcoder,cloud-1,cloud,354,EXPIRED,10.3931,11.41995,,,1001.458,,,,,
S00004,Transcoder,cloud-1,cloud,355,EXPIRED,10.40445,11.41997,,,1001.453,,,,,
S00001,Transcoder,core-1,core,369,DONE,10.40458,11.4003,995.7189070000823,1005.7189070000823,983.63,10.358,1.7309070000823112,0.6439070000822085,1.0870000000001028,10.0
S00002,Transcoder,cloud-1,cloud,358,EXPIRED,10.41116,11.41994,,,1001.449,,,,,
S00002,Transcoder,cloud-1,cloud,359,DONE,10.4161,11.42342,1007.316148999962,1059.316148999962,999.888,5.676,1.7521489999619462,0.7711489999620653,0.9809999999998809,52.0
S00001,Transcoder,core-1,core,370,DONE,10.42527,11.49522,1069.956242000444,1079.956242000444,912.255,90.079,67.62224200044409,0.7862420004439628,66.83600000000013,10.0
S00003,Transcoder,core-1,core,363,DONE,10.44027,11.40331,963.0409840001448,973.0409840001448,904.916,10.446,47.67898400014474,0.8129840001448656,46.86599999999987,10.0
S00003,Transcoder,core-1,core,364,DONE,10.44337,11.49049,1047.125301000051,1057.125301000051,916.108,86.17,44.84730100005106,1.9023010000510112,42.94500000000005,10.0
S00004,Transcoder,cloud-1,cloud,356,DONE,10.45488,11.42952,974.6427740001309,1026.6427740001309,908.022,5.844,60.776774000130786,0.7807740001309185,59.99599999999987,52.0
S00004,Transcoder,cloud-1,cloud,357,DONE,10.46648,11.52337,1056.8866769999659,1108.8866769999659,916.694,91.371,48.821676999965916,0.7626769999658336,48.05900000000008,52.0
S00004,Transcoder,cloud-1,cloud,358,EXPIRED,10.46682,11.51589,,,1000.552,,,,,
S00001,Transcoder,core-1,core,371,DONE,10.49633,11.49782,1001.4924670003893,1011.4924670003893,990.895,7.282,3.315467000389276,2.7824670003892606,0.5330000000000155,10.0
S00003,Transcoder,core-1,core,365,DONE,10.50305,11.49707,994.0214250000281,1004.0214250000281,986.7,6.361,0.9604250000280672,0.45142500002805264,0.5090000000000146,10.0
S00004,Transcoder,cloud-1,cloud,359,EXPIRED,10.50646,11.51619,,,1000.546,,,,,
S00002,Transcoder,cloud-1,cloud,360,DONE,10.50783,11.52283,1014.9943059996076,1066.9943059996076,914.072,93.223,7.699305999607645,0.7043059996076408,6.9950000000000045,52.0
S00001,Transcoder,core-1,core,372,DONE,10.50851,11.50447,995.9604060004494,1005.9604060004494,908.877,6.642,80.44140600044943,0.9244060004494941,79.51699999999994,10.0
S00003,Transcoder,core-1,core,366,DONE,10.52891,11.5989,1069.9959819994547,1079.9959819994547,909.558,100.537,59.90098199945464,0.8069819994545924,59.09400000000005,10.0
S00002,Transcoder,cloud-1,cloud,361,DONE,10.53354,11.54152,1007.9803500002527,1059.9803500002527,909.533,13.668,84.77935000025263,2.4003500002526152,82.37900000000002,52.0
S00001,Transcoder,core-1,core,373,DONE,10.53368,11.59681,1063.1291560002865,1073.1291560002865,915.745,92.401,54.9831560002865,0.6491560002864389,54.33400000000006,10.0
S00004,Transcoder,cloud-1,cloud,360,DONE,10.53605,11.61828,1082.228034999389,1134.228034999389,910.201,93.274,78.75303499938889,0.714034999389014,78.03899999999987,52.0
S00002,Transcoder,cloud-1,cloud,362,DONE,10.53745,11.61986,1082.4109030008913,1134.4109030008913,923.456,82.682,76.27290300089123,0.5169030008912614,75.75599999999997,52.0
S00002,Transcoder,cloud-1,cloud,363,EXPIRED,10.54082,11.61451,,,1000.06,,,,,
S00004,Transcoder,cloud-1,cloud,361,EXPIRED,10.54854,11.61476,,,1000.053,,,,,
S00003,Transcoder,core-1,core,367,EXPIRED,10.56417,11.59521,,,1003.06,,,,,
S00001,Transcoder,core-1,core,374,EXPIRED,10.57577,11.59517,,,1003.056,,,,,
S00001,Transcoder,core-1,core,375,EXPIRED,10.57604,11.5952,,,1003.051,,,,,
S00004,Transcoder,cloud-1,cloud,362,EXPIRED,10.57943,11.61477,,,1000.046,,,,,
S00002,Transcoder,cloud-1,cloud,364,EXPIRED,10.57969,11.61453,,,1000.04,,,,,
S00002,Transcoder,cloud-1,cloud,365,EXPIRED,10.581,11.61473,,,1000.033,,,,,
S00002,Transcoder,cloud-1,cloud,366,EXPIRED,10.61165,11.61475,,,1000.027,,,,,
S00003,Transcoder,core-1,core,368,DONE,10.62557,11.60674,981.1718179998934,991.1718179998934,908.817,9.109,63.24581799989335,0.6358179998934474,62.6099999999999,10.0
S00003,Transcoder,core-1,core,369,DONE,10.62686,11.69724,1070.378821000304,1080.378821000304,919.001,89.192,62.18582100030403,0.5518210003040167,61.634000000000015,10.0
S00001,Transcoder,core-1,core,376,DONE,10.64451,11.69097,1046.4537829993787,1056.4537829993787,910.376,89.598,46.47978299937881,2.108782999378718,44.371000000000095,10.0
S00003,Transcoder,core-1,core,370,EXPIRED,10.65603,11.69101,,,1000.373,,,,,
S00003,Transcoder,core-1,core,371,EXPIRED,10.66694,11.69102,,,1000.365,,,,,
S00001,Transcoder,core-1,core,377,EXPIRED,10.66712,11.69099,,,1000.359,,,,,
S00001,Transcoder,core-1,core,378,EXPIRED,10.66965,11.691,,,1000.353,,,,,
S00004,Transcoder,cloud-1,cloud,363,DONE,10.67209,11.71486,1042.7720609995959,1094.7720609995959,905.925,94.799,42.04806099959592,1.083060999595773,40.965000000000146,52.0
S00004,Transcoder,cloud-1,cloud,364,DONE,10.6868,11.6363,949.4931250001173,1001.4931250001173,916.027,6.263,27.20312500011721,2.1841250001173194,25.01899999999989,52.0
S00001,Transcoder,core-1,core,379,DONE,10.68704,11.6976,1010.5625790001795,1020.5625790001795,999.615,7.929,3.0185790001795567,2.0845790001795876,0.9339999999999691,10.0
S00001,Transcoder,core-1,core,380,DONE,10.70299,11.70441,1001.418599000317,1011.418599000317,992.867,6.393,2.1585990003170537,1.20159900031706,0.9569999999999936,10.0
S00003,Transcoder,core-1,core,372,DONE,10.71759,11.78954,1071.9504520002374,1081.9504520002374,905.062,92.393,74.49545200023738,0.7484520002374211,73.74699999999996,10.0
S00002,Transcoder,cloud-1,cloud,367,DONE,10.72271,11.62969,906.9878580003206,958.9878580003206,897.335,8.197,1.455858000320518,0.6458580003205725,0.8099999999999454,52.0
S00002,Transcoder,cloud-1,cloud,368,DONE,10.72969,11.71817,988.4796989999813,1040.4796989999813,904.603,82.036,1.8406989999814414,0.6606989999813777,1.1800000000000637,52.0
S00001,Transcoder,core-1,core,381,DONE,10.73505,11.79896,1063.9077400001042,1073.9077400001042,998.292,8.603,57.01274000010426,0.7377400001041678,56.27500000000009,10.0
S00002,Transcoder,cloud-1,cloud,369,DONE,10.75961,11.72533,965.7225250002739,1017.7225250002739,905.061,6.384,54.27752500027384,0.7405250002739194,53.53699999999992,52.0
S00004,Transcoder,cloud-1,cloud,365,DONE,10.76611,11.72219,956.078780000098,1008.078780000098,900.654,7.28,48.14478000009808,1.2997800000980533,46.84500000000003,52.0
S00003,Transcoder,core-1,core,373,DONE,10.77769,11.79492,1017.2329910001281,1027.232991000128,913.147,89.053,15.03299100012805,1.527991000128054,13.504999999999995,10.0
S00001,Transcoder,core-1,core,382,EXPIRED,10.78127,11.79494,,,1002.766,,,,,
S00001,Transcoder,core-1,core,383,EXPIRED,10.78476,11.79498,,,1002.762,,,,,
S00003,Transcoder,core-1,core,374,EXPIRED,10.7929,11.79503,,,1000.779,,,,,
S00003,Transcoder,core-1,core,375,DONE,10.79967,11.80327,1003.5968599995613,1013.5968599995613,993.992,7.887,1.7178599995613695,0.5008599995612713,1.2170000000000982,10.0
S00003,Transcoder,core-1,core,376,EXPIRED,10.79986,11.8036,,,1002.214,,,,,
S00001,Transcoder,core-1,core,384,DONE,10.81334,11.88965,1076.308565000545,1086.308565000545,911.126,89.465,75.71756500054505,0.9655650005449843,74.75200000000007,10.0
S00004,Transcoder,cloud-1,cloud,366,DONE,10.82646,11.8139,987.4491669997951,1039.4491669997951,894.713,91.052,1.6841669997951385,0.6621669997950903,1.0220000000000482,52.0
S00001,Transcoder,core-1,core,385,EXPIRED,10.84331,11.88961,,,1000.325,,,,,
S00001,Transcoder,core-1,core,386,EXPIRED,10.85087,11.88963,,,1000.319,,,,,
S00001,Transcoder,core-1,core,387,EXPIRED,10.85336,11.88964,,,1000.314,,,,,
S00002,Transcoder,cloud-1,cloud,370,DONE,10.85683,11.81551,958.6869689992454,1010.6869689992454,811.809,89.795,57.08296899924551,0.7059689992454423,56.377000000000066,52.0
S00004,Transcoder,cloud-1,cloud,367,DONE,10.86963,11.82239,952.7551479995964,1004.7551479995964,899.944,7.128,45.68314799959637,2.0751479995964246,43.60799999999995,52.0
S00004,Transcoder,cloud-1,cloud,368,DONE,10.87733,11.82931,951.9757759999266,1003.9757759999266,907.394,7.794,36.787775999926566,0.8717759999265127,35.916000000000054,52.0
S00003,Transcoder,core-1,core,377,DONE,10.87757,11.90148,1023.9068840000982,1033.9068840000982,1000.093,12.802,11.011884000098235,0.9308840000982173,10.081000000000017,10.0
S00002,Transcoder,cloud-1,cloud,371,DONE,10.87992,11.82509,945.165838000321,997.165838000321,902.221,8.787,34.15783800032091,0.780838000320955,33.37699999999995,52.0
S00004,Transcoder,cloud-1,cloud,369,DONE,10.88541,11.91839,1032.974185999592,1084.974185999592,915.792,88.685,28.49718599959192,0.6461859995920349,27.850999999999885,52.0
S00004,Transcoder,cloud-1,cloud,370,EXPIRED,10.89246,11.91798,,,1000.052,,,,,
S00001,Transcoder,core-1,core,388,DONE,10.9044,11.90735,1002.9512920000343,1012.9512920000343,900.882,13.265,88.80429200003437,0.8372920000342674,87.9670000000001,10.0
S00004,Transcoder,cloud-1,cloud,371,EXPIRED,10.90576,11.918,,,1000.048,,,,,
S00003,Transcoder,core-1,core,378,DONE,10.91037,11.99146,1081.089387999782,1091.089387999782,912.803,89.553,78.73338799978205,0.9463879997820186,77.78700000000003,10.0
S00002,Transcoder,cloud-1,cloud,372,DONE,10.91072,11.91453,1003.8191179992282,1055.8191179992282,911.909,87.715,4.1951179992281595,1.1781179992282205,3.016999999999939,52.0
S00003,Transcoder,core-1,core,379,EXPIRED,10.9338,11.99149,,,1002.525,,,,,
S00002,Transcoder,cloud-1,cloud,373,DONE,10.93621,11.92693,990.7211959998676,1042.7211959998676,902.205,10.93,77.58619599986764,0.7621959998676857,76.82399999999996,52.0
S00003,Transcoder,core-1,core,380,EXPIRED,10.93854,11.99154,,,1002.521,,,,,
S00001,Transcoder,core-1,core,389,DONE,10.95822,11.99227,1034.0583719998904,1044.0583719998904,914.388,89.311,30.3593719998903,0.9423719998903834,29.416999999999916,10.0
S00002,Transcoder,cloud-1,cloud,374,DONE,10.95969,12.02226,1062.5703910000084,1114.5703910000084,913.683,94.504,54.38339100000837,0.7143910000083906,53.66899999999998,52.0
S00002,Transcoder,cloud-1,cloud,375,EXPIRED,10.9641,12.02238,,,1008.341,,,,,
S00001,Transcoder,core-1,core,390,DONE,11.00311,12.00292,999.8138069995548,1009.8138069995548,904.007,10.046,85.7608069995548,3.965806999554843,81.79499999999996,10.0
S00002,Transcoder,cloud-1,cloud,376,EXPIRED,11.00684,12.02239,,,1008.332,,,,,
S00004,Transcoder,cloud-1,cloud,372,DONE,11.00699,11.93167,924.6797870000592,976.6797870000592,905.302,12.275,7.102787000059152,1.0497870000591547,6.052999999999997,52.0
S00004,Transcoder,cloud-1,cloud,373,DONE,11.00793,12.02491,1016.9838070005426,1068.9838070005426,918.309,92.791,5.883807000542674,0.673807000542638,5.210000000000036,52.0
S00002,Transcoder,cloud-1,cloud,377,EXPIRED,11.01144,12.0224,,,1008.251,,,,,
S00004,Transcoder,cloud-1,cloud,374,DONE,11.02455,12.11949,1094.940819999465,1146.940819999465,999.208,94.291,1.4418199994649967,0.561819999465115,0.8799999999998818,52.0
S00003,Transcoder,core-1,core,381,DONE,11.03077,12.00444,973.6731049997616,983.6731049997616,902.828,13.116,57.7291049997616,0.9141049997615482,56.815000000000055,10.0
S00004,Transcoder,cloud-1,cloud,375,EXPIRED,11.03426,12.11471,,,1000.502,,,,,
S00001,Transcoder,core-1,core,391,DONE,11.05396,12.09619,1042.2388449997015,1052.2388449997015,916.309,91.161,34.768844999701514,0.7298449997015268,34.03899999999999,10.0
S00004,Transcoder,cloud-1,cloud,376,EXPIRED,11.0547,12.11497,,,1000.487,,,,,
S00002,Transcoder,cloud-1,cloud,378,DONE,11.05491,12.02961,974.7071579995463,1026.7071579995463,908.521,7.258,58.92815799954633,0.9001579995463089,58.02800000000002,52.0
S00004,Transcoder,cloud-1,cloud,377,EXPIRED,11.07448,12.11598,,,1000.476,,,,,
S00002,Transcoder,cloud-1,cloud,379,DONE,11.07472,12.1215,1046.7806329997984,1098.7806329997984,915.994,91.905,38.8816329997984,0.914632999798414,37.966999999999985,52.0
S00001,Transcoder,core-1,core,392,EXPIRED,11.08975,12.09356,,,1000.838,,,,,
S00004,Transcoder,cloud-1,cloud,378,EXPIRED,11.08999,12.11599,,,1000.468,,,,,
S00003,Transcoder,core-1,core,382,DONE,11.0913,12.09942,1008.1196990004173,1018.1196990004173,910.1,96.524,1.4956990004172894,0.518699000417314,0.9769999999999754,10.0
S00004,Transcoder,cloud-1,cloud,379,EXPIRED,11.10422,12.116,,,1000.464,,,,,
S00002,Transcoder,cloud-1,cloud,380,EXPIRED,11.11778,12.1208,,,1000.92,,,,,
S00002,Transcoder,cloud-1,cloud,381,EXPIRED,11.12062,12.12203,,,1000.602,,,,,
S00002,Transcoder,cloud-1,cloud,382,DONE,11.12193,12.132,1010.0738149994868,1062.0738149994868,999.457,9.154,1.4628149994867954,0.8168149994868372,0.6459999999999582,52.0
S00004,Transcoder,cloud-1,cloud,380,DONE,11.12628,12.13359,1007.3055109996858,1059.3055109996858,991.668,14.129,1.5085109996857682,0.4135109996857409,1.0950000000000273,52.0
S00002,Transcoder,cloud-1,cloud,383,EXPIRED,11.12678,12.13277,,,1004.809,,,,,
S00004,Transcoder,cloud-1,cloud,381,DONE,11.13269,12.21698,1084.289735999846,1136.289735999846,915.422,83.358,85.50973599984604,0.6147359998460615,84.89499999999998,52.0
S00001,Transcoder,core-1,core,393,DONE,11.15328,12.19027,1036.9882020004297,1046.9882020004297,944.802,88.843,3.3432020004297556,1.3112020004298302,2.0319999999999254,10.0
S00002,Transcoder,cloud-1,cloud,384,DONE,11.16595,12.21976,1053.8165660000232,1105.8165660000232,917.303,84.417,52.09656600002313,0.7205660000231546,51.375999999999976,52.0
S00001,Transcoder,core-1,core,394,EXPIRED,11.17078,12.1903,,,1016.312,,,,,
S00002,Transcoder,cloud-1,cloud,385,EXPIRED,11.18574,12.22,,,1002.18,,,,,
S00001,Transcoder,core-1,core,395,DONE,11.18981,12.20044,1010.6238360003772,1020.6238360003772,995.698,10.37,4.555836000377212,0.7548360003771677,3.8010000000000446,10.0
S00003,Transcoder,core-1,core,383,DONE,11.20681,12.10274,895.9379110001464,905.9379110001464,887.66,6.585,1.6929110001464096,1.1229110001463596,0.57000000000005,10.0
S00004,Transcoder,cloud-1,cloud,382,DONE,11.21199,12.3166,1104.6104930001093,1156.6104930001093,999.769,97.777,7.064493000109223,0.741493000109358,6.322999999999865,52.0
S00001,Transcoder,core-1,core,396,DONE,11.21434,12.20597,991.6304210000817,1001.6304210000817,910.387,7.16,74.08342100008178,1.5564210000817411,72.52700000000004,10.0
S00004,Transcoder,cloud-1,cloud,383,EXPIRED,11.22197,12.31525,,,1090.372,,,,,
S00002,Transcoder,cloud-1,cloud,386,DONE,11.22827,12.31522,1086.9499049995284,1138.9499049995284,991.123,6.553,89.27390499952833,0.9739049995282585,88.30000000000007,52.0
S00003,Transcoder,core-1,core,384,DONE,11.23667,12.19146,954.7818969995205,964.7818969995205,814.746,88.418,51.61789699952055,0.8688969995205298,50.749000000000024,10.0
S00003,Transcoder,core-1,core,385,DONE,11.25229,12.19879,946.5014620000147,956.5014620000147,903.331,6.681,36.48946200001467,1.0444620000147324,35.444999999999936,10.0
S00003,Transcoder,core-1,core,386,DONE,11.25366,12.29242,1038.7589479996677,1048.7589479996677,912.156,92.022,34.58094799966773,0.6489479996678256,33.9319999999999,10.0
S00001,Transcoder,core-1,core,397,DONE,11.25504,12.29671,1041.6781070007346,1051.6781070007346,917.792,90.055,33.83110700073462,0.8131070007345897,33.01800000000003,10.0
S00002,Transcoder,cloud-1,cloud,387,EXPIRED,11.25638,12.31524,,,1000.014,,,,,
S00003,Transcoder,core-1,core,387,EXPIRED,11.26009,12.2893,,,1000.671,,,,,
S00002,Transcoder,cloud-1,cloud,388,EXPIRED,11.26444,12.31629,,,1001.175,,,,,
S00004,Transcoder,cloud-1,cloud,384,DONE,11.26491,12.32411,1059.1981730003681,1111.1981730003681,1000.344,9.256,49.59817300036809,0.49217300036821143,49.10599999999988,52.0
S00004,Transcoder,cloud-1,cloud,385,EXPIRED,11.2753,12.31643,,,1001.157,,,,,
S00003,Transcoder,core-1,core,388,EXPIRED,11.27775,12.28931,,,1000.666,,,,,
S00004,Transcoder,cloud-1,cloud,386,EXPIRED,11.29491,12.31649,,,1001.149,,,,,
S00003,Transcoder,core-1,core,389,DONE,11.2972,12.30377,1006.5726720004022,1016.5726720004022,994.176,10.46,1.9366720004021545,0.5296720004022291,1.4069999999999254,10.0
S00002,Transcoder,cloud-1,cloud,389,EXPIRED,11.29773,12.31638,,,1001.14,,,,,
S00002,Transcoder,cloud-1,cloud,390,EXPIRED,11.30001,12.31642,,,1001.132,,,,,
S00003,Transcoder,core-1,core,390,DONE,11.30011,12.39557,1095.4594779996114,1105.4594779996114,915.536,91.698,88.22547799961148,0.7894779996113357,87.43600000000015,10.0
S00004,Transcoder,cloud-1,cloud,387,EXPIRED,11.30679,12.3165,,,1001.117,,,,,
S00004,Transcoder,cloud-1,cloud,388,EXPIRED,11.31043,12.31653,,,1001.109,,,,,
S00001,Transcoder,core-1,core,398,DONE,11.31542,12.307,991.5760829999272,1001.5760829999272,908.549,10.221,72.80608299992718,0.41508299992722186,72.39099999999996,10.0
S00003,Transcoder,core-1,core,391,EXPIRED,11.32305,12.38919,,,1000.208,,,,,
S00004,Transcoder,cloud-1,cloud,389,DONE,11.33436,12.33413,999.7773829991274,1051.7773829991274,910.655,10.124,78.99838299912744,0.778382999127416,78.22000000000003,52.0
S00001,Transcoder,core-1,core,399,DONE,11.33649,12.39949,1062.9959020006936,1072.9959020006936,919.427,91.556,52.01290200069354,0.6399020006936098,51.372999999999934,10.0
S00001,Transcoder,core-1,core,400,EXPIRED,11.34134,12.38918,,,1000.192,,,,,
S00004,Transcoder,cloud-1,cloud,390,DONE,11.34522,12.41555,1070.3269790001286,1122.3269790001286,921.372,80.891,68.06397900012871,0.5199790001286146,67.5440000000001,52.0
S00003,Transcoder,core-1,core,392,EXPIRED,11.35116,12.3892,,,1000.184,,,,,
S00002,Transcoder,cloud-1,cloud,391,DONE,11.36247,12.32724,964.7745020001821,1016.7745020001821,902.671,11.096,51.00750200018206,0.6915020001821404,50.31599999999992,52.0
S00003,Transcoder,core-1,core,393,EXPIRED,11.36731,12.38921,,,1000.176,,,,,
S00002,Transcoder,cloud-1,cloud,392,DONE,11.37009,12.41489,1044.8019989999011,1096.8019989999011,914.462,86.98,43.35999899990111,0.6219989999010522,42.738000000000056,52.0
S00001,Transcoder,core-1,core,401,EXPIRED,11.39288,12.39619,,,1002.088,,,,,
S00002,Transcoder,cloud-1,cloud,393,EXPIRED,11.39574,12.41419,,,1000.021,,,,,
S00002,Transcoder,cloud-1,cloud,394,EXPIRED,11.40981,12.41421,,,1000.017,,,,,
S00003,Transcoder,core-1,core,394,DONE,11.42578,12.40561,979.8295059999873,989.8295059999873,905.982,9.124,64.72350599998731,0.7695059999873592,63.95399999999995,10.0
S00004,Transcoder,cloud-1,cloud,391,DONE,11.43181,12.42752,995.7015549998687,1047.7015549998687,902.738,9.693,83.27055499986864,3.0805549998686956,80.18999999999994,52.0
S00003,Transcoder,core-1,core,395,DONE,11.43264,12.49892,1066.2785880003867,1076.2785880003867,915.478,89.268,61.53258800038668,4.100588000386551,57.43200000000013,10.0
S00001,Transcoder,core-1,core,402,DONE,11.43505,12.49211,1057.057652000367,1067.057652000367,909.383,91.731,55.94365200036691,1.0206520003669084,54.923,10.0
S00001,Transcoder,core-1,core,403,EXPIRED,11.43567,12.49213,,,1001.378,,,,,
S00004,Transcoder,cloud-1,cloud,392,DONE,11.44654,12.51504,1068.499795000207,1120.499795000207,912.681,88.906,66.9127950002071,2.5247950002071775,64.38799999999992,52.0
S00004,Transcoder,cloud-1,cloud,393,EXPIRED,11.44689,12.51787,,,1003.693,,,,,
S00002,Transcoder,cloud-1,cloud,395,DONE,11.45945,12.42528,965.8303500000329,1017.8303500000329,902.094,8.451,55.28535000003285,1.4513500000329032,53.833999999999946,52.0
S00001,Transcoder,core-1,core,404,EXPIRED,11.46436,12.49215,,,1001.374,,,,,
S00002,Transcoder,cloud-1,cloud,396,DONE,11.46886,12.5183,1049.4464310004332,1101.4464310004332,910.913,94.106,44.42743100043322,0.6494310004331965,43.77800000000002,52.0
S00001,Transcoder,core-1,core,405,EXPIRED,11.47543,12.49215,,,1001.37,,,,,
S00002,Transcoder,cloud-1,cloud,397,EXPIRED,11.47699,12.5173,,,1003.678,,,,,
S00001,Transcoder,core-1,core,406,EXPIRED,11.4825,12.49216,,,1001.366,,,,,
S00003,Transcoder,core-1,core,396,EXPIRED,11.48276,12.49217,,,1001.361,,,,,
S00002,Transcoder,cloud-1,cloud,398,EXPIRED,11.48729,12.51771,,,1003.674,,,,,
S00002,Transcoder,cloud-1,cloud,399,EXPIRED,11.51194,12.51773,,,1003.67,,,,,
S00002,Transcoder,cloud-1,cloud,400,EXPIRED,11.51477,12.51774,,,1001.205,,,,,
S00004,Transcoder,cloud-1,cloud,394,DONE,11.51944,12.52472,1005.2871590005452,1057.2871590005452,995.819,6.057,3.41115900054524,0.5211590005452535,2.8899999999999864,52.0
S00002,Transcoder,cloud-1,cloud,401,DONE,11.51955,12.53183,1012.2774510000454,1064.2774510000454,995.359,12.952,3.9664510000453674,0.5814510000453765,3.384999999999991,52.0
S00001,Transcoder,core-1,core,407,DONE,11.53625,12.50041,964.1592280004261,974.1592280004261,949.758,8.368,6.033228000425993,5.382228000426039,0.6509999999999536,10.0
S00004,Transcoder,cloud-1,cloud,395,DONE,11.54068,12.62529,1084.6037390001584,1136.6037390001584,917.973,91.94,74.69073900015837,2.0327390001584718,72.6579999999999,52.0
S00002,Transcoder,cloud-1,cloud,402,DONE,11.54154,12.53567,994.1296060005698,1046.1296060005698,912.182,10.079,71.8686060005698,0.4366060005697818,71.43200000000002,52.0
S00001,Transcoder,core-1,core,408,DONE,11.5453,12.59398,1048.676905999855,1058.676905999855,954.036,87.572,7.068905999855133,3.4839059998550965,3.5850000000000364,10.0
S00004,Transcoder,cloud-1,cloud,396,EXPIRED,11.54781,12.62217,,,1000.855,,,,,
S00004,Transcoder,cloud-1,cloud,397,EXPIRED,11.55896,12.62218,,,1000.85,,,,,
S00004,Transcoder,cloud-1,cloud,398,EXPIRED,11.56217,12.62219,,,1000.846,,,,,
S00002,Transcoder,cloud-1,cloud,403,DONE,11.56644,12.63236,1065.9217379998154,1117.9217379998154,922.39,94.315,49.21673799981545,1.4097379998154338,47.807000000000016,52.0
S00002,Transcoder,cloud-1,cloud,404,EXPIRED,11.56678,12.62211,,,1000.821,,,,,
S00002,Transcoder,cloud-1,cloud,405,EXPIRED,11.56696,12.62213,,,1000.817,,,,,
S00003,Transcoder,core-1,core,397,DONE,11.57451,12.50321,928.7004710004112,938.7004710004112,919.12,8.086,1.4944710004111812,0.9524710004111512,0.54200000000003,10.0
S00002,Transcoder,cloud-1,cloud,406,EXPIRED,11.58543,12.62214,,,1000.813,,,,,
S00004,Transcoder,cloud-1,cloud,399,EXPIRED,11.58717,12.6222,,,1000.81,,,,,
S00001,Transcoder,core-1,core,409,DONE,11.58737,12.60896,1021.5952179996748,1031.5952179996748,997.769,19.777,4.049217999674738,1.1242179996747836,2.9249999999999545,10.0
S00004,Transcoder,cloud-1,cloud,400,EXPIRED,11.59652,12.62221,,,1000.803,,,,,
S00001,Transcoder,core-1,core,410,EXPIRED,11.59892,12.60863,,,1008.462,,,,,
S00004,Transcoder,cloud-1,cloud,401,EXPIRED,11.60138,12.62222,,,1000.8,,,,,
S00002,Transcoder,cloud-1,cloud,407,EXPIRED,11.60489,12.62215,,,1000.796,,,,,
S00003,Transcoder,core-1,core,398,DONE,11.60523,12.59408,988.8501310006177,998.8501310006177,896.917,84.392,7.541131000617725,2.9741310006177173,4.567000000000007,10.0
S00002,Transcoder,cloud-1,cloud,408,EXPIRED,11.60686,12.62216,,,1000.793,,,,,
S00002,Transcoder,cloud-1,cloud,409,EXPIRED,11.6114,12.62217,,,1000.79,,,,,
S00002,Transcoder,cloud-1,cloud,410,EXPIRED,11.61709,12.62887,,,1004.963,,,,,
S00002,Transcoder,cloud-1,cloud,411,EXPIRED,11.62224,12.63289,,,1003.086,,,,,
S00002,Transcoder,cloud-1,cloud,412,DONE,11.63507,12.64391,1008.840864999911,1060.840864999911,996.351,10.055,2.434864999911042,0.8718649999109402,1.5630000000001019,52.0
S00004,Transcoder,cloud-1,cloud,402,DONE,11.65088,12.64012,989.2490890006229,1041.249089000623,912.586,13.226,63.437089000622905,0.9110890006229511,62.525999999999954,52.0
S00002,Transcoder,cloud-1,cloud,413,DONE,11.65607,12.73739,1081.315335999534,1133.315335999534,930.234,93.211,57.87033599953395,0.885335999533936,56.985000000000014,52.0
S00001,Transcoder,core-1,core,411,DONE,11.6615,12.62531,963.808030999644,973.808030999644,919.916,14.365,29.527030999643898,2.02003099964395,27.506999999999948,10.0
S00001,Transcoder,core-1,core,412,DONE,11.66183,12.70133,1039.4986239998616,1049.4986239998616,934.489,76.952,28.057623999861562,1.103623999861611,26.95399999999995,10.0
S00001,Transcoder,core-1,core,413,EXPIRED,11.66192,12.69026,,,1000.461,,,,,
S00002,Transcoder,cloud-1,cloud,414,EXPIRED,11.67393,12.71485,,,1000.424,,,,,
S00003,Transcoder,core-1,core,399,DONE,11.67492,12.60825,933.3302470004128,943.3302470004128,900.752,17.754,14.82424700041281,1.0752470004127872,13.749000000000024,10.0
S00002,Transcoder,cloud-1,cloud,415,EXPIRED,11.67502,12.71491,,,1000.42,,,,,
S00002,Transcoder,cloud-1,cloud,416,EXPIRED,11.69102,12.71492,,,1000.415,,,,,
S00004,Transcoder,cloud-1,cloud,403,DONE,11.70355,12.72282,1019.2620810003064,1071.2620810003064,926.308,80.268,12.68608100030633,2.8830810003063334,9.802999999999997,52.0
S00001,Transcoder,core-1,core,414,DONE,11.70379,12.79263,1088.8393140003245,1098.8393140003245,912.663,91.693,84.48331400032453,0.7433140003245171,83.74000000000001,10.0
S00001,Transcoder,core-1,core,415,EXPIRED,11.70995,12.78898,,,1000.06,,,,,
S00001,Transcoder,core-1,core,416,EXPIRED,11.71488,12.78957,,,1000.054,,,,,
S00004,Transcoder,cloud-1,cloud,404,DONE,11.7222,12.73493,1012.7306770000359,1064.730677000036,997.341,9.262,6.127677000035874,5.424677000035899,0.7029999999999745,52.0
S00004,Transcoder,cloud-1,cloud,405,EXPIRED,11.72534,12.73496,,,1002.979,,,,,
S00004,Transcoder,cloud-1,cloud,406,DONE,11.73578,12.82749,1091.7152720003287,1143.7152720003287,923.485,89.666,78.56427200032863,1.0042720003286831,77.55999999999995,52.0
S00003,Transcoder,core-1,core,400,DONE,11.74282,12.69024,947.4222950002513,957.4222950002513,821.164,79.441,46.817295000251306,1.879295000251318,44.93799999999999,10.0
S00004,Transcoder,cloud-1,cloud,407,EXPIRED,11.74302,12.82073,,,1001.701,,,,,
S00004,Transcoder,cloud-1,cloud,408,EXPIRED,11.74319,12.82083,,,1001.695,,,,,
S00001,Transcoder,core-1,core,417,EXPIRED,11.7476,12.78964,,,1000.036,,,,,
S00004,Transcoder,cloud-1,cloud,409,EXPIRED,11.75018,12.82088,,,1001.69,,,,,
S00001,Transcoder,core-1,core,418,EXPIRED,11.75164,12.78965,,,1000.031,,,,,
S00002,Transcoder,cloud-1,cloud,417,DONE,11.75299,12.823,1070.0136440000279,1122.0136440000279,916.89,92.079,61.044644000027915,0.6156440000279417,60.428999999999974,52.0
S00002,Transcoder,cloud-1,cloud,418,EXPIRED,11.75957,12.81588,,,1001.679,,,,,
S00001,Transcoder,core-1,core,419,EXPIRED,11.76226,12.7897,,,1000.027,,,,,
S00004,Transcoder,cloud-1,cloud,410,EXPIRED,11.77089,12.82095,,,1001.675,,,,,
S00004,Transcoder,cloud-1,cloud,411,EXPIRED,11.78172,12.82101,,,1001.671,,,,,
S00003,Transcoder,core-1,core,401,DONE,11.782,12.70409,922.0906559994546,932.0906559994546,901.689,13.31,7.0916559994547015,1.4306559994546433,5.661000000000058,10.0
S00002,Transcoder,cloud-1,cloud,419,EXPIRED,11.78218,12.81965,,,1001.667,,,,,
S00004,Transcoder,cloud-1,cloud,412,EXPIRED,11.79736,12.82122,,,1001.656,,,,,
S00001,Transcoder,core-1,core,420,DONE,11.79751,12.80165,1004.1456030003246,1014.1456030003246,991.01,9.882,3.253603000324688,1.621603000324626,1.6320000000000618,10.0
S00001,Transcoder,core-1,core,421,EXPIRED,11.79881,12.80164,,,1000.713,,,,,
S00004,Transcoder,cloud-1,cloud,413,EXPIRED,11.79901,12.82134,,,1001.652,,,,,
S00001,Transcoder,core-1,core,422,DONE,11.80239,12.89413,1091.7465209995498,1101.7465209995498,912.914,90.459,88.37352099954978,2.9565209995498662,85.41699999999992,10.0
S00004,Transcoder,cloud-1,cloud,414,EXPIRED,11.81098,12.82135,,,1001.649,,,,,
S00003,Transcoder,core-1,core,402,DONE,11.81989,12.79033,970.4383449998204,980.4383449998204,814.39,85.874,70.17434499982039,0.6223449998203705,69.55200000000002,10.0
S00002,Transcoder,cloud-1,cloud,420,EXPIRED,11.82007,12.82338,,,1001.572,,,,,
S00002,Transcoder,cloud-1,cloud,421,DONE,11.82637,12.91452,1088.146764999692,1140.146764999692,995.611,89.977,2.55876499969213,1.48976499969217,1.06899999999996,52.0
S00004,Transcoder,cloud-1,cloud,415,DONE,11.82652,12.9205,1093.9785990003656,1145.9785990003656,999.089,92.958,1.9315990003656225,1.2915990003657498,0.6399999999998727,52.0
S00004,Transcoder,cloud-1,cloud,416,EXPIRED,11.83051,12.91666,,,1000.949,,,,,
S00003,Transcoder,core-1,core,403,DONE,11.83592,12.80757,971.6560030001347,981.6560030001347,903.526,14.553,53.57700300013471,0.752003000134664,52.825000000000045,10.0
S00002,Transcoder,cloud-1,cloud,422,DONE,11.83727,12.92814,1090.878019000229,1142.878019000229,1000.354,12.054,78.47001900022894,1.235019000228931,77.23500000000001,52.0
S00004,Transcoder,cloud-1,cloud,417,EXPIRED,11.85191,12.91666,,,1000.91,,,,,
S00003,Transcoder,core-1,core,404,DONE,11.8629,12.89532,1032.4186039997585,1042.4186039997585,919.003,86.948,26.467603999758467,0.6676039997585121,25.799999999999955,10.0
S00001,Transcoder,core-1,core,423,EXPIRED,11.8664,12.89415,,,1002.948,,,,,
S00002,Transcoder,cloud-1,cloud,423,EXPIRED,11.87106,12.91664,,,1000.889,,,,,
S00004,Transcoder,cloud-1,cloud,418,EXPIRED,11.87477,12.91667,,,1000.868,,,,,
S00001,Transcoder,core-1,core,424,DONE,11.88966,12.90313,1013.4654120001869,1023.4654120001869,996.746,9.906,6.813412000186986,0.5954120001869114,6.218000000000075,10.0
S00004,Transcoder,cloud-1,cloud,419,EXPIRED,11.89206,12.91668,,,1000.857,,,,,
S00001,Transcoder,core-1,core,425,EXPIRED,11.89225,12.90327,,,1006.838,,,,,
S00004,Transcoder,cloud-1,cloud,420,EXPIRED,11.90151,12.91668,,,1000.848,,,,,
S00003,Transcoder,core-1,core,405,DONE,11.90292,12.90319,1000.272371000392,1010.272371000392,987.326,7.266,5.680371000392029,4.26037100039207,1.419999999999959,10.0
S00002,Transcoder,cloud-1,cloud,424,EXPIRED,11.90303,12.91665,,,1000.841,,,,,
S00004,Transcoder,cloud-1,cloud,421,EXPIRED,11.90431,12.91669,,,1000.834,,,,,
S00003,Transcoder,core-1,core,406,DONE,11.91801,12.99628,1078.2712549998905,1088.2712549998905,915.016,92.969,70.28625499989062,1.0982549998905142,69.1880000000001,10.0
S00001,Transcoder,core-1,core,426,DONE,11.91822,12.99639,1078.1722760002594,1088.1722760002594,914.89,93.114,70.16827600025943,0.8952760002594005,69.27300000000002,10.0
S00004,Transcoder,cloud-1,cloud,422,DONE,11.92277,12.93185,1009.0820990008069,1061.082099000807,996.393,9.62,3.0690990008068866,2.470099000806954,0.5989999999999327,52.0
S00002,Transcoder,cloud-1,cloud,425,DONE,11.933,13.01768,1084.6728090000397,1136.6728090000397,914.095,89.819,80.75880900003972,0.7548090000398133,80.0039999999999,52.0
S00003,Transcoder,core-1,core,407,EXPIRED,11.94878,12.99534,,,1006.302,,,,,
S00003,Transcoder,core-1,core,408,EXPIRED,11.95194,12.99535,,,1006.295,,,,,
S00004,Transcoder,cloud-1,cloud,423,DONE,11.95807,13.01482,1056.7475489997378,1108.7475489997378,919.412,80.707,56.628548999737745,1.3965489997376608,55.232000000000085,52.0
S00002,Transcoder,cloud-1,cloud,426,EXPIRED,11.96687,13.0149,,,1000.301,,,,,
S00002,Transcoder,cloud-1,cloud,427,EXPIRED,11.96956,13.01669,,,1000.296,,,,,
S00001,Transcoder,core-1,core,427,EXPIRED,11.97113,12.99532,,,1006.289,,,,,
S00004,Transcoder,cloud-1,cloud,424,EXPIRED,11.98178,13.01671,,,1000.291,,,,,
S00004,Transcoder,cloud-1,cloud,425,EXPIRED,11.98201,13.01672,,,1000.287,,,,,
S00001,Transcoder,core-1,core,428,DONE,12.00267,13.00347,1000.7944290000523,1010.7944290000523,992.643,6.489,1.6624290000522706,0.7214290000523533,0.9409999999999172,10.0
S00001,Transcoder,core-1,core,429,DONE,12.01561,13.08937,1073.7540239997543,1083.7540239997543,914.082,85.108,74.56402399975423,3.694023999754336,70.86999999999989,10.0
S00003,Transcoder,core-1,core,409,DONE,12.01804,13.0894,1071.3604459997441,1081.3604459997441,907.886,91.332,72.14244599974415,1.1794459997440754,70.96300000000008,10.0
S00002,Transcoder,cloud-1,cloud,428,DONE,12.03195,13.02739,995.4372550000699,1047.4372550000699,900.141,12.158,83.13825500006988,0.8262550000698639,82.31200000000001,52.0
S00001,Transcoder,core-1,core,430,DONE,12.03336,13.10326,1069.9040130002686,1079.9040130002686,1000.598,9.788,59.51801300026864,3.7750130002687,55.74299999999994,10.0
S00003,Transcoder,core-1,core,410,DONE,12.06298,13.10342,1040.434919999825,1050.434919999825,999.83,13.521,27.08391999982507,6.192919999825108,20.890999999999963,10.0
S00003,Transcoder,core-1,core,411,EXPIRED,12.06326,13.10332,,,1010.695,,,,,
S00004,Transcoder,cloud-1,cloud,426,DONE,12.06567,13.03032,964.6508069999982,1016.6508069999982,903.45,12.438,48.76280699999813,1.5998069999981226,47.16300000000001,52.0
S00004,Transcoder,cloud-1,cloud,427,DONE,12.07121,13.11875,1047.5408359998255,1099.5408359998255,916.808,86.853,43.87983599982556,1.3588359998254873,42.52100000000007,52.0
S00003,Transcoder,core-1,core,412,EXPIRED,12.09175,13.1034,,,1006.719,,,,,
S00004,Transcoder,cloud-1,cloud,428,EXPIRED,12.09359,13.1188,,,1003.906,,,,,
S00001,Transcoder,core-1,core,431,DONE,12.10521,13.19084,1085.631406000175,1095.631406000175,996.772,88.041,0.8184060001749458,0.3484060001751459,0.4699999999997999,10.0
S00002,Transcoder,cloud-1,cloud,429,DONE,12.10571,13.12085,1015.1481809998586,1067.1481809998586,912.69,93.898,8.560180999858517,0.568180999858555,7.991999999999962,52.0
S00004,Transcoder,cloud-1,cloud,429,EXPIRED,12.11965,13.12129,,,1000.177,,,,,
S00001,Transcoder,core-1,core,432,EXPIRED,12.12957,13.19075,,,1000.827,,,,,
S00002,Transcoder,cloud-1,cloud,430,DONE,12.12981,13.12744,997.6377180000782,1049.6377180000782,985.449,8.859,3.3297180000781736,1.348718000078179,1.9809999999999945,52.0
S00003,Transcoder,core-1,core,413,DONE,12.15114,13.19073,1039.5934980006132,1049.5934980006132,910.654,89.965,38.97449800061315,1.0184980006131354,37.95600000000002,10.0
S00003,Transcoder,core-1,core,414,EXPIRED,12.15423,13.19078,,,1000.799,,,,,
S00004,Transcoder,cloud-1,cloud,430,DONE,12.15732,13.21452,1057.2006950005743,1109.2006950005743,907.455,92.814,56.93169500057434,0.675695000574251,56.256000000000085,52.0
S00004,Transcoder,cloud-1,cloud,431,EXPIRED,12.1624,13.2145,,,1000.153,,,,,
S00002,Transcoder,cloud-1,cloud,431,DONE,12.16666,13.22188,1055.2243420006562,1107.2243420006562,913.679,93.959,47.58634200065626,0.96934200065607,46.61700000000019,52.0
S00003,Transcoder,core-1,core,415,EXPIRED,12.17336,13.19079,,,1000.791,,,,,
S00004,Transcoder,cloud-1,cloud,432,EXPIRED,12.17885,13.21451,,,1000.141,,,,,
S00002,Transcoder,cloud-1,cloud,432,EXPIRED,12.1903,13.21449,,,1000.136,,,,,
S00001,Transcoder,core-1,core,433,DONE,12.21878,13.20338,984.5970449996457,994.5970449996457,902.61,6.62,75.36704499964571,0.9690449996456891,74.39800000000002,10.0
S00004,Transcoder,cloud-1,cloud,433,DONE,12.22278,13.22772,1004.943755999193,1056.943755999193,899.994,12.657,92.29275599919288,0.815755999192902,91.47699999999998,52.0
S00003,Transcoder,core-1,core,416,DONE,12.22724,13.20327,976.0299060008037,986.0299060008037,901.764,6.725,67.54090600080372,6.315906000803693,61.22500000000002,10.0
S00004,Transcoder,cloud-1,cloud,434,DONE,12.23178,13.31385,1082.0660669996869,1134.0660669996869,911.591,85.8,84.67506699968692,0.8160669996868819,83.85900000000004,52.0
S00003,Transcoder,core-1,core,417,DONE,12.24246,13.29569,1053.2347489997846,1063.2347489997846,908.951,93.367,50.91674899978466,5.014748999784615,45.902000000000044,10.0
S00002,Transcoder,cloud-1,cloud,433,DONE,12.24337,13.23114,987.7651229999174,1039.7651229999174,905.732,8.975,73.05812299991737,0.7301229999173984,72.32799999999997,52.0
S00002,Transcoder,cloud-1,cloud,434,DONE,12.25588,13.32335,1067.4740309996196,1119.4740309996196,914.953,92.339,60.182030999619656,0.7510309996196156,59.43100000000004,52.0
S00002,Transcoder,cloud-1,cloud,435,EXPIRED,12.25731,13.32025,,,1003.189,,,,,
S00002,Transcoder,cloud-1,cloud,436,EXPIRED,12.27782,13.32026,,,1003.185,,,,,
S00002,Transcoder,cloud-1,cloud,437,EXPIRED,12.30101,13.32028,,,1003.181,,,,,
S00003,Transcoder,core-1,core,418,DONE,12.306,13.29592,989.9126600003001,999.9126600003001,981.076,6.81,2.026660000300126,0.8056600003001222,1.2210000000000036,10.0
S00001,Transcoder,core-1,core,434,DONE,12.31437,13.28891,974.5401909995053,984.5401909995053,882.311,89.947,2.2821909995052465,0.7541909995053402,1.5279999999999063,10.0
S00002,Transcoder,cloud-1,cloud,438,EXPIRED,12.31525,13.32029,,,1000.352,,,,,
S00001,Transcoder,core-1,core,435,DONE,12.32955,13.30411,974.5556319994648,984.5556319994648,960.799,12.094,1.662631999464793,0.8376319994648611,0.8249999999999318,10.0
S00002,Transcoder,cloud-1,cloud,439,DONE,12.33191,13.32783,995.9248300001491,1047.924830000149,987.588,6.921,1.4158300001490716,0.643830000149137,0.7719999999999345,52.0
S00003,Transcoder,core-1,core,419,DONE,12.33547,13.30413,968.6627600003703,978.6627600003703,959.196,7.833,1.63376000037033,0.7077600003702855,0.9260000000000446,10.0
S00003,Transcoder,core-1,core,420,DONE,12.34238,13.3952,1052.826395000011,1062.826395000011,959.539,90.055,3.2323950000109107,1.2463950000110344,1.9859999999998763,10.0
S00004,Transcoder,cloud-1,cloud,435,DONE,12.34264,13.32054,977.9027269996732,1029.9027269996732,900.341,6.677,70.88472699967315,1.036726999673192,69.84799999999996,52.0
S00002,Transcoder,cloud-1,cloud,440,DONE,12.35013,13.42384,1073.705556999812,1125.705556999812,914.273,95.002,64.43055699981198,1.1495569998119208,63.28100000000006,52.0
S00002,Transcoder,cloud-1,cloud,441,EXPIRED,12.35218,13.41882,,,1003.47,,,,,
S00004,Transcoder,cloud-1,cloud,436,DONE,12.35758,13.42285,1065.2681860001394,1117.2681860001394,909.986,99.2,56.08218600013936,0.5721860001394816,55.50999999999988,52.0
S00003,Transcoder,core-1,core,421,EXPIRED,12.35896,13.39425,,,1003.823,,,,,
S00002,Transcoder,cloud-1,cloud,442,EXPIRED,12.36639,13.41883,,,1003.451,,,,,
S00004,Transcoder,cloud-1,cloud,437,EXPIRED,12.37083,13.4189,,,1003.443,,,,,
S00001,Transcoder,core-1,core,436,DONE,12.37524,13.39523,1019.9845550005193,1029.9845550005193,915.56,90.27,14.154555000519395,0.9725550005193782,13.182000000000016,10.0
S00001,Transcoder,core-1,core,437,EXPIRED,12.37874,13.39269,,,1003.792,,,,,
S00004,Transcoder,cloud-1,cloud,438,EXPIRED,12.38428,13.41891,,,1003.436,,,,,
S00001,Transcoder,core-1,core,438,EXPIRED,12.39064,13.39315,,,1000.559,,,,,
S00001,Transcoder,core-1,core,439,DONE,12.39424,13.40519,1010.9474680002677,1020.9474680002677,998.494,9.895,2.5584680002676805,0.6954680002677378,1.8629999999999427,10.0
S00002,Transcoder,cloud-1,cloud,443,EXPIRED,12.40791,13.4189,,,1003.429,,,,,
S00001,Transcoder,core-1,core,440,DONE,12.41036,13.4952,1084.8385460003556,1094.8385460003556,913.047,89.717,82.07454600035555,0.9865460003554745,81.08800000000008,10.0
S00003,Transcoder,core-1,core,422,DONE,12.42184,13.49332,1071.4782300001389,1081.4782300001389,903.707,96.146,71.62523000013891,2.1402300001388994,69.48500000000001,10.0
S00004,Transcoder,cloud-1,cloud,439,DONE,12.42763,13.43214,1004.5035040002404,1056.5035040002404,910.35,8.058,86.09550400024034,2.1835040002403048,83.91200000000003,52.0
S00004,Transcoder,cloud-1,cloud,440,DONE,12.43816,13.51628,1078.1175550000626,1130.1175550000626,928.458,74.253,75.40655500006255,1.0945550000626554,74.3119999999999,52.0
S00001,Transcoder,core-1,core,441,EXPIRED,12.44566,13.49335,,,1000.371,,,,,
S00001,Transcoder,core-1,core,442,EXPIRED,12.45256,13.49336,,,1000.366,,,,,
S00004,Transcoder,cloud-1,cloud,441,EXPIRED,12.4551,13.51485,,,1000.208,,,,,
S00002,Transcoder,cloud-1,cloud,444,DONE,12.45657,13.44272,986.1549029992602,1038.1549029992602,910.386,18.373,57.395902999260215,1.192902999260241,56.202999999999975,52.0
S00001,Transcoder,core-1,core,443,EXPIRED,12.45998,13.49337,,,1000.361,,,,,
S00001,Transcoder,core-1,core,444,EXPIRED,12.47269,13.49338,,,1000.356,,,,,
S00003,Transcoder,core-1,core,423,EXPIRED,12.47292,13.49339,,,1000.351,,,,,
S00002,Transcoder,cloud-1,cloud,445,DONE,12.50042,13.51835,1017.9251809995549,1069.9251809995549,929.488,75.448,12.989180999554833,2.611180999554904,10.377999999999929,52.0
S00003,Transcoder,core-1,core,424,DONE,12.50649,13.50381,997.3197299996173,1007.3197299996173,904.195,9.039,84.08572999961723,0.5747299996172615,83.51099999999997,10.0
S00001,Transcoder,core-1,core,445,DONE,12.51187,13.50467,992.8031990002637,1002.8031990002637,905.582,9.928,77.29319900026371,0.522199000263754,76.77099999999996,10.0
S00003,Transcoder,core-1,core,425,DONE,12.51224,13.59379,1081.5535829997316,1091.5535829997316,915.39,83.729,82.43458299973156,3.087582999731694,79.34699999999987,10.0
S00003,Transcoder,core-1,core,426,DONE,12.51732,13.59689,1079.5694280004682,1089.5694280004682,999.411,8.322,71.83642800046823,0.3874280004681623,71.44900000000007,10.0
S00001,Transcoder,core-1,core,446,DONE,12.52051,13.59483,1074.3163569995886,1084.3163569995886,915.852,89.586,68.87835699958862,0.4723569995885555,68.40600000000006,10.0
S00001,Transcoder,core-1,core,447,EXPIRED,12.5227,13.59489,,,1005.625,,,,,
S00004,Transcoder,cloud-1,cloud,442,DONE,12.52278,13.52347,1000.6884049998916,1052.6884049998916,992.646,6.778,1.264404999891667,0.5034049998916998,0.7609999999999673,52.0
S00004,Transcoder,cloud-1,cloud,443,DONE,12.53303,13.62136,1088.3323070002007,1140.3323070002007,989.353,96.755,2.2243070002007244,0.9663070002006862,1.2580000000000382,52.0
S00004,Transcoder,cloud-1,cloud,444,EXPIRED,12.54312,13.62082,,,1068.867,,,,,
S00002,Transcoder,cloud-1,cloud,446,DONE,12.54553,13.52662,981.0939380004129,1033.093938000413,971.946,7.566,1.5819380004128334,0.941938000412847,0.6399999999999864,52.0
S00001,Transcoder,core-1,core,448,EXPIRED,12.55402,13.59497,,,1005.62,,,,,
S00001,Transcoder,core-1,core,449,EXPIRED,12.56919,13.59523,,,1005.614,,,,,
S00003,Transcoder,core-1,core,427,EXPIRED,12.57025,13.5953,,,1005.609,,,,,
S00002,Transcoder,cloud-1,cloud,447,DONE,12.57661,13.62134,1044.7276340000826,1096.7276340000826,948.259,93.747,2.721634000082531,1.475634000082664,1.2459999999998672,52.0
S00002,Transcoder,cloud-1,cloud,448,EXPIRED,12.57921,13.62083,,,1004.338,,,,,
S00004,Transcoder,cloud-1,cloud,445,EXPIRED,12.59008,13.62085,,,1004.319,,,,,
S00004,Transcoder,cloud-1,cloud,446,EXPIRED,12.5941,13.62085,,,1004.313,,,,,
S00002,Transcoder,cloud-1,cloud,449,EXPIRED,12.59421,13.62084,,,1004.308,,,,,
S00002,Transcoder,cloud-1,cloud,450,DONE,12.61329,13.71381,1100.5217000001721,1152.5217000001721,994.666,92.718,13.137700000172117,1.9137000001721844,11.223999999999933,52.0
S00002,Transcoder,cloud-1,cloud,451,EXPIRED,12.62222,13.62782,,,1001.155,,,,,
S00001,Transcoder,core-1,core,450,DONE,12.62237,13.60897,986.6047260002233,996.6047260002233,906.609,13.113,66.88272600022333,1.9517260002232888,64.93100000000004,10.0
S00002,Transcoder,cloud-1,cloud,452,EXPIRED,12.62245,13.62784,,,1001.145,,,,,
S00001,Transcoder,core-1,core,451,DONE,12.62888,13.69054,1061.6597409998576,1071.6597409998576,920.021,81.813,59.82574099985766,0.7937409998576186,59.03200000000004,10.0
S00003,Transcoder,core-1,core,428,DONE,12.64139,13.68849,1047.0961490000263,1057.0961490000263,908.556,91.121,47.41914900002632,0.7151490000262584,46.704000000000065,10.0
S00003,Transcoder,core-1,core,429,DONE,12.6637,13.69812,1034.4202530004623,1044.4202530004623,999.859,9.341,25.220253000462208,1.0642530004622586,24.15599999999995,10.0
S00004,Transcoder,cloud-1,cloud,447,DONE,12.66626,13.63537,969.1078700006983,1021.1078700006983,906.374,14.481,48.252870000698294,1.1258700006983418,47.12699999999995,52.0
S00003,Transcoder,core-1,core,430,EXPIRED,12.69026,13.69929,,,1007.099,,,,,
S00004,Transcoder,cloud-1,cloud,448,DONE,12.70149,13.71574,1014.2494789997727,1066.2494789997727,921.178,80.252,12.819478999772741,1.7544789997726866,11.065000000000055,52.0
S00001,Transcoder,core-1,core,452,DONE,12.70677,13.6993,992.534846000126,1002.534846000126,902.855,7.513,82.16684600012593,0.7628460001259327,81.404,10.0
S00002,Transcoder,cloud-1,cloud,453,DONE,12.70822,13.72856,1020.3440290006256,1072.3440290006256,1000.908,13.35,6.086029000625558,0.67602900062559,5.409999999999968,52.0
S00003,Transcoder,core-1,core,431,DONE,12.73497,13.78878,1053.8163060000443,1063.8163060000443,910.203,90.278,53.335306000044284,1.2063060000443784,52.128999999999905,10.0
S00003,Transcoder,core-1,core,432,DONE,12.75172,13.79882,1047.0948259999204,1057.0948259999204,999.535,10.432,37.12782599992045,0.7638259999205275,36.36399999999992,10.0
S00004,Transcoder,cloud-1,cloud,449,DONE,12.76039,13.72859,968.1925990007585,1020.1925990007585,899.985,12.717,55.49059900075849,0.7405990007584933,54.75,52.0
S00001,Transcoder,core-1,core,453,DONE,12.76061,13.7885,1027.8855639999165,1037.8855639999165,911.817,87.441,28.627563999916447,0.8735639999165414,27.753999999999905,10.0
S00002,Transcoder,cloud-1,cloud,454,DONE,12.79735,13.7372,939.8479749997932,991.8479749997932,912.961,8.347,18.53997499979323,1.8079749997932595,16.73199999999997,52.0
S00001,Transcoder,core-1,core,454,DONE,12.79756,13.79668,999.1220720003184,1009.1220720003184,988.687,7.316,3.119072000318397,1.8130720003184706,1.3059999999999263,10.0
S00004,Transcoder,cloud-1,cloud,450,DONE,12.80166,13.73527,933.602621999853,985.602621999853,913.389,6.138,14.075621999852956,0.6756219998529787,13.399999999999977,52.0
S00004,Transcoder,cloud-1,cloud,451,DONE,12.8018,13.81889,1017.0959070001118,1069.0959070001118,921.413,81.634,14.04890700011174,0.8789070001117807,13.169999999999959,52.0
S00003,Transcoder,core-1,core,433,DONE,12.81398,13.8059,991.9211369997356,1001.9211369997356,982.169,7.994,1.7581369997355978,0.6701369997356323,1.0879999999999654,10.0
S00001,Transcoder,core-1,core,455,DONE,12.81493,13.80542,990.4966180001793,1000.4966180001793,910.477,6.421,73.59861800017927,1.1976180001793182,72.40099999999995,10.0
S00001,Transcoder,core-1,core,456,DONE,12.83388,13.89315,1059.2709310003556,1069.2709310003556,918.412,86.391,54.467931000355634,0.7719310003556075,53.696000000000026,10.0
S00003,Transcoder,core-1,core,434,DONE,12.83591,13.89089,1054.9845519999508,1064.9845519999508,917.097,84.134,53.75355199995079,1.8875519999508015,51.865999999999985,10.0
S00001,Transcoder,core-1,core,457,EXPIRED,12.84654,13.89092,,,1001.491,,,,,
S00002,Transcoder,cloud-1,cloud,455,DONE,12.8553,13.81742,962.11835899976,1014.11835899976,820.17,81.855,60.09335899975997,0.8903589997599965,59.202999999999975,52.0
S00003,Transcoder,core-1,core,435,EXPIRED,12.8752,13.89093,,,1001.48,,,,,
S00004,Transcoder,cloud-1,cloud,452,DONE,12.87545,13.82812,952.6682490004532,1004.6682490004532,904.455,8.512,39.70124900045312,0.6832490004532019,39.017999999999915,52.0
S00004,Transcoder,cloud-1,cloud,453,DONE,12.87792,13.92361,1045.6850150003447,1097.6850150003447,915.986,92.161,37.538015000344785,0.7790150003447707,36.759000000000015,52.0
S00004,Transcoder,cloud-1,cloud,454,EXPIRED,12.88569,13.91868,,,1003.185,,,,,
S00002,Transcoder,cloud-1,cloud,456,DONE,12.89656,13.82687,930.3155569996306,982.3155569996306,902.173,7.33,20.8125569996306,4.667556999630619,16.144999999999982,52.0
S00004,Transcoder,cloud-1,cloud,455,EXPIRED,12.89889,13.91884,,,1003.172,,,,,
S00002,Transcoder,cloud-1,cloud,457,DONE,12.92051,13.91502,994.5065089996206,1046.5065089996206,902.997,88.712,2.797508999620618,1.5485089996205943,1.2490000000000236,52.0
S00004,Transcoder,cloud-1,cloud,456,DONE,12.92816,14.01988,1091.717831999631,1143.717831999631,991.451,90.748,9.518831999630947,1.5678319996309256,7.951000000000022,52.0
S00003,Transcoder,core-1,core,436,DONE,12.92826,13.89993,971.6741770007502,981.6741770007502,959.547,9.493,2.634177000750128,1.7861770007501718,0.8479999999999563,10.0
S00003,Transcoder,core-1,core,437,DONE,12.93199,13.99002,1058.0227979999108,1068.0227979999108,966.531,89.45,2.041797999910841,0.7207979999109284,1.3209999999999127,10.0
S00001,Transcoder,core-1,core,458,DONE,12.94053,13.98855,1048.023364999608,1058.023364999608,951.787,94.148,2.088364999608075,0.8743649996081331,1.2139999999999418,10.0
S00003,Transcoder,core-1,core,438,EXPIRED,12.95509,13.98994,,,1000.029,,,,,
S00002,Transcoder,cloud-1,cloud,458,DONE,12.95663,13.92784,971.2131590003992,1023.2131590003992,900.363,13.004,57.8461590003991,0.691159000399125,57.15499999999997,52.0
S00001,Transcoder,core-1,core,459,EXPIRED,12.9573,13.98876,,,1000.005,,,,,
S00001,Transcoder,core-1,core,460,DONE,12.99293,14.0028,1009.8747649999495,1019.8747649999495,994.837,10.917,4.120764999949529,2.4187649999495306,1.7019999999999982,10.0
S00002,Transcoder,cloud-1,cloud,459,DONE,13.00349,14.01361,1010.1291539995145,1062.1291539995145,913.687,85.484,10.95815399951448,0.5571539995145258,10.400999999999954,52.0
S00003,Transcoder,core-1,core,439,DONE,13.00805,13.99772,989.6679840003344,999.6679840003344,901.474,7.268,80.92598400033432,0.7239840003344398,80.20199999999988,10.0
S00001,Transcoder,core-1,core,461,DONE,13.02232,14.01143,989.1121520004162,999.1121520004162,909.43,7.759,71.92315200041628,5.50615200041625,66.41700000000003,10.0
S00001,Transcoder,core-1,core,462,DONE,13.02696,14.09157,1064.6140870003364,1074.6140870003364,918.466,83.485,62.66308700033642,0.6840870003363761,61.97900000000004,10.0
S00003,Transcoder,core-1,core,440,DONE,13.0274,14.09025,1062.8453069994066,1072.8453069994066,912.983,86.874,62.98830699940663,1.2333069994065227,61.75500000000011,10.0
S00002,Transcoder,cloud-1,cloud,460,DONE,13.03263,14.02346,990.8293170001343,1042.8293170001343,901.617,8.037,81.17531700013433,0.8753170001343733,80.29999999999995,52.0
S00002,Transcoder,cloud-1,cloud,461,DONE,13.03524,14.11505,1079.8092450004333,1131.8092450004333,914.007,87.468,78.33424500043338,0.7332450004332713,77.60100000000011,52.0
S00004,Transcoder,cloud-1,cloud,457,DONE,13.04296,14.02702,984.0650389996881,1036.065038999688,900.074,13.128,70.86303899968811,0.9440389996881322,69.91899999999998,52.0
S00001,Transcoder,core-1,core,463,EXPIRED,13.04969,14.09028,,,1000.15,,,,,
S00002,Transcoder,cloud-1,cloud,462,EXPIRED,13.05125,14.11402,,,1000.023,,,,,
S00003,Transcoder,core-1,core,441,EXPIRED,13.05142,14.09029,,,1000.145,,,,,
S00003,Transcoder,core-1,core,442,EXPIRED,13.05705,14.09031,,,1000.139,,,,,
S00004,Transcoder,cloud-1,cloud,458,DONE,13.06487,14.11419,1049.3159610005023,1101.3159610005023,910.733,89.903,48.67996100050232,0.6849610005021987,47.99500000000012,52.0
S00003,Transcoder,core-1,core,443,EXPIRED,13.07364,14.09032,,,1000.133,,,,,
S00002,Transcoder,cloud-1,cloud,463,EXPIRED,13.07526,14.11403,,,1000.008,,,,,
S00001,Transcoder,core-1,core,464,DONE,13.0917,14.09824,1006.5359830005036,1016.5359830005036,992.192,5.851,8.492983000503614,3.812983000503664,4.67999999999995,10.0
S00004,Transcoder,cloud-1,cloud,459,EXPIRED,13.09946,14.11404,,,1000.001,,,,,
S00003,Transcoder,core-1,core,444,DONE,13.10343,14.18891,1085.4751090000718,1095.4751090000718,984.75,98.57,2.1551090000718887,0.6111090000717923,1.5440000000000964,10.0
S00004,Transcoder,cloud-1,cloud,460,DONE,13.1188,14.12511,1006.3062509998417,1058.3062509998417,994.911,10.102,1.2932509998418027,0.6942509998417563,0.5990000000000464,52.0
S00001,Transcoder,core-1,core,465,DONE,13.1479,14.19912,1051.218962999883,1061.218962999883,1000.201,10.101,40.91696299988291,0.8779629998830387,40.038999999999874,10.0
S00004,Transcoder,cloud-1,cloud,461,DONE,13.15717,14.13127,974.1049289996226,1026.1049289996226,909.24,8.069,56.795928999622674,0.7269289996226007,56.069000000000074,52.0
S00002,Transcoder,cloud-1,cloud,464,DONE,13.15928,14.12263,963.3497639997586,1015.3497639997586,901.659,7.018,54.67276399975856,0.598763999758603,54.073999999999955,52.0
S00004,Transcoder,cloud-1,cloud,462,DONE,13.16316,14.22357,1060.4176309998365,1112.4176309998365,917.883,90.819,51.71563099983655,0.49963099983665415,51.215999999999894,52.0
S00001,Transcoder,core-1,core,466,EXPIRED,13.17898,14.18911,,,1000.676,,,,,
S00002,Transcoder,cloud-1,cloud,465,DONE,13.18043,14.22313,1042.7092569998422,1094.7092569998422,911.126,97.408,34.17525699984219,0.8702569998422405,33.30499999999995,52.0
S00004,Transcoder,cloud-1,cloud,463,EXPIRED,13.18885,14.21965,,,1001.822,,,,,
S00003,Transcoder,core-1,core,445,DONE,13.20339,14.18906,985.6760989996474,995.6760989996474,809.671,89.429,86.57609899964734,1.050098999647389,85.52599999999995,10.0
S00002,Transcoder,cloud-1,cloud,466,EXPIRED,13.2035,14.21901,,,1001.818,,,,,
S00004,Transcoder,cloud-1,cloud,464,EXPIRED,13.20681,14.21987,,,1001.813,,,,,
S00002,Transcoder,cloud-1,cloud,467,EXPIRED,13.20733,14.21931,,,1001.809,,,,,
S00001,Transcoder,core-1,core,467,DONE,13.20757,14.20689,999.3166900003416,1009.3166900003416,909.723,6.513,83.08069000034163,2.264690000341602,80.81600000000003,10.0
S00003,Transcoder,core-1,core,446,DONE,13.21178,14.2008,989.0132099999391,999.0132099999391,899.576,12.171,77.26620999993906,0.7482099999391494,76.51799999999992,10.0
S00004,Transcoder,cloud-1,cloud,465,EXPIRED,13.22191,14.22393,,,1000.535,,,,,
S00002,Transcoder,cloud-1,cloud,468,DONE,13.22773,14.23667,1008.9381099996899,1060.93810999969,992.964,12.104,3.8701099996898165,0.5741099996898811,3.2959999999999354,52.0
S00002,Transcoder,cloud-1,cloud,469,DONE,13.23548,14.3195,1084.0216039996449,1136.0216039996449,923.25,82.17,78.60160399964491,0.6426039996449617,77.95899999999995,52.0
S00002,Transcoder,cloud-1,cloud,470,EXPIRED,13.26179,14.31511,,,1000.07,,,,,
S00003,Transcoder,core-1,core,447,DONE,13.26239,14.29401,1031.6128280001067,1041.6128280001067,912.871,91.495,27.24682800010669,1.6938280001065777,25.55300000000011,10.0
S00001,Transcoder,core-1,core,468,DONE,13.29571,14.29144,995.7256600000619,1005.7256600000619,908.754,84.297,2.6746600000618628,1.9866600000618746,0.6879999999999882,10.0
S00004,Transcoder,cloud-1,cloud,466,DONE,13.30028,14.31387,1013.5813190008776,1065.5813190008776,910.873,88.575,14.133319000877464,0.8693190008775673,13.263999999999896,52.0
S00003,Transcoder,core-1,core,448,DONE,13.30236,14.30009,997.7375570006188,1007.7375570006188,985.46,9.415,2.8625570006188354,1.3085570006188618,1.5539999999999736,10.0
S00002,Transcoder,cloud-1,cloud,471,EXPIRED,13.30845,14.31535,,,1000.058,,,,,
S00003,Transcoder,core-1,core,449,DONE,13.31516,14.39001,1074.8540730000968,1084.8540730000968,907.523,89.471,77.8600730000968,1.0680730000967742,76.79200000000003,10.0
S00004,Transcoder,cloud-1,cloud,467,DONE,13.31718,14.33014,1012.9687560001912,1064.9687560001912,993.654,16.175,3.1397560001912552,2.565756000191186,0.5740000000000691,52.0
S00001,Transcoder,core-1,core,469,DONE,13.31736,14.38815,1070.7906420002473,1080.7906420002473,902.527,92.92,75.34364200024731,0.545642000247426,74.79799999999989,10.0
S00003,Transcoder,core-1,core,450,DONE,13.31866,14.39797,1079.304883000077,1089.304883000077,997.221,7.497,74.58688300007714,0.6978830000771268,73.88900000000001,10.0
S00003,Transcoder,core-1,core,451,EXPIRED,13.32176,14.39801,,,1004.921,,,,,
S00002,Transcoder,cloud-1,cloud,472,DONE,13.33324,14.32845,995.2145479992396,1047.2145479992396,897.284,7.375,90.5555479992396,1.6935479992396267,88.86199999999997,52.0
S00004,Transcoder,cloud-1,cloud,468,DONE,13.3629,14.41532,1052.424401999815,1104.424401999815,904.993,87.595,59.83640199981494,0.9684019998151143,58.867999999999824,52.0
S00001,Transcoder,core-1,core,470,DONE,13.37069,14.39889,1028.2025400001658,1038.2025400001658,995.786,10.561,21.855540000165774,0.642540000165809,21.212999999999965,10.0
S00004,Transcoder,cloud-1,cloud,469,DONE,13.38529,14.51954,1134.2528870000024,1186.2528870000024,993.163,102.077,39.012887000002365,1.6768870000023526,37.33600000000001,52.0
S00001,Transcoder,core-1,core,471,EXPIRED,13.39325,14.398,,,1001.578,,,,,
S00001,Transcoder,core-1,core,472,DONE,13.40296,14.49241,1089.4431169999734,1099.4431169999734,992.629,91.194,5.620116999973334,3.5291169999734393,2.0909999999998945,10.0
S00004,Transcoder,cloud-1,cloud,470,EXPIRED,13.41326,14.43924,,,1016.224,,,,,
S00001,Transcoder,core-1,core,473,EXPIRED,13.42222,14.49245,,,1000.881,,,,,
S00001,Transcoder,core-1,core,474,EXPIRED,13.43365,14.49248,,,1000.866,,,,,
S00001,Transcoder,core-1,core,475,EXPIRED,13.43624,14.4925,,,1000.861,,,,,
S00001,Transcoder,core-1,core,476,EXPIRED,13.4572,14.49252,,,1000.856,,,,,
S00002,Transcoder,cloud-1,cloud,473,DONE,13.46227,14.41604,953.7701230001403,1005.7701230001403,816.908,85.701,51.161123000140265,2.117123000140282,49.04399999999998,52.0
S00003,Transcoder,core-1,core,452,DONE,13.46975,14.49512,1025.366443999701,1035.366443999701,911.379,94.549,19.438443999701008,1.1874439997009176,18.25100000000009,10.0
S00002,Transcoder,cloud-1,cloud,474,DONE,13.47327,14.51955,1046.2798240005213,1098.2798240005213,903.261,100.878,42.14082400052132,1.3958240005213156,40.745000000000005,52.0
S00004,Transcoder,cloud-1,cloud,471,EXPIRED,13.47344,14.5165,,,1000.288,,,,,
S00002,Transcoder,cloud-1,cloud,475,EXPIRED,13.47642,14.51435,,,1000.279,,,,,
S00004,Transcoder,cloud-1,cloud,472,EXPIRED,13.48387,14.51951,,,1000.272,,,,,
S00001,Transcoder,core-1,core,477,EXPIRED,13.48559,14.49252,,,1000.846,,,,,
S00004,Transcoder,cloud-1,cloud,473,EXPIRED,13.48573,14.51952,,,1000.205,,,,,
S00004,Transcoder,cloud-1,cloud,474,EXPIRED,13.4965,14.51953,,,1000.192,,,,,
S00002,Transcoder,cloud-1,cloud,476,EXPIRED,13.5069,14.51607,,,1000.184,,,,,
S00003,Transcoder,core-1,core,453,DONE,13.51037,14.59011,1079.7341440002128,1089.7341440002128,907.586,93.205,78.94314400021278,1.368144000212851,77.57499999999993,10.0
S00001,Transcoder,core-1,core,478,DONE,13.51753,14.50752,989.9885419999919,999.9885419999919,902.122,15.779,72.08754199999191,1.197541999991813,70.8900000000001,10.0
S00002,Transcoder,cloud-1,cloud,477,DONE,13.53094,14.53586,1004.9193320000995,1056.9193320000995,900.03,17.223,87.6663320000996,0.7483320000994809,86.91800000000012,52.0
S00004,Transcoder,cloud-1,cloud,475,DONE,13.5355,14.53412,998.6223289997724,1050.6223289997724,899.921,15.671,83.03032899977234,0.8013289997724087,82.22899999999993,52.0
S00003,Transcoder,core-1,core,454,EXPIRED,13.53939,14.59016,,,1001.014,,,,,
S00004,Transcoder,cloud-1,cloud,476,DONE,13.53983,14.61911,1079.2825029993764,1131.2825029993764,915.813,83.929,79.54050299937649,0.9675029993763928,78.57300000000009,52.0
S00001,Transcoder,core-1,core,479,DONE,13.54259,14.602,1059.41017799978,1069.41017799978,919.789,93.135,46.48617799978001,0.9241779997798858,45.562000000000126,10.0
S00004,Transcoder,cloud-1,cloud,477,EXPIRED,13.54453,14.61914,,,1000.012,,,,,
S00002,Transcoder,cloud-1,cloud,478,DONE,13.54842,14.62541,1076.9882189997588,1128.9882189997588,917.551,89.582,69.85521899975879,0.5412189997589394,69.31399999999985,52.0
S00004,Transcoder,cloud-1,cloud,478,DONE,13.55327,14.71962,1166.35669399966,1218.35669399966,1000.231,100.25,65.87569399965992,1.3756939996599158,64.5,52.0
S00003,Transcoder,core-1,core,455,EXPIRED,13.55832,14.59017,,,1001.005,,,,,
S00002,Transcoder,cloud-1,cloud,479,EXPIRED,13.56433,14.62409,,,1005.222,,,,,
S00004,Transcoder,cloud-1,cloud,479,EXPIRED,13.56454,14.62444,,,1005.212,,,,,
S00002,Transcoder,cloud-1,cloud,480,EXPIRED,13.56459,14.62411,,,1005.202,,,,,
S00002,Transcoder,cloud-1,cloud,481,EXPIRED,13.56902,14.62412,,,1005.193,,,,,
S00004,Transcoder,cloud-1,cloud,480,EXPIRED,13.57063,14.62445,,,1005.184,,,,,
S00001,Transcoder,core-1,core,480,EXPIRED,13.57518,14.59014,,,1001.0,,,,,
S00004,Transcoder,cloud-1,cloud,481,EXPIRED,13.58286,14.62446,,,1005.175,,,,,
S00002,Transcoder,cloud-1,cloud,482,EXPIRED,13.5938,14.62442,,,1005.165,,,,,
S00001,Transcoder,core-1,core,481,DONE,13.5982,14.69585,1097.6494330006972,1107.6494330006972,998.547,93.723,5.37943300069719,0.6654330006972486,4.713999999999942,10.0
S00003,Transcoder,core-1,core,456,DONE,13.60566,14.60732,1001.657676000832,1011.657676000832,982.633,11.595,7.4296760008319325,1.0056760008319543,6.423999999999978,10.0
S00004,Transcoder,cloud-1,cloud,482,EXPIRED,13.61026,14.62447,,,1005.155,,,,,
S00001,Transcoder,core-1,core,482,EXPIRED,13.62086,14.69218,,,1000.221,,,,,
S00001,Transcoder,core-1,core,483,EXPIRED,13.62109,14.6922,,,1000.206,,,,,
S00002,Transcoder,cloud-1,cloud,483,DONE,13.62262,14.72187,1099.2518439998094,1151.2518439998094,998.258,96.025,4.9688439998092235,0.5258439998092399,4.442999999999984,52.0
S00003,Transcoder,core-1,core,457,DONE,13.64571,14.69266,1046.9517940000514,1056.9517940000514,913.924,90.667,42.36079400005144,1.476794000051541,40.8839999999999,10.0
S00004,Transcoder,cloud-1,cloud,483,EXPIRED,13.65218,14.71436,,,1060.009,,,,,
S00004,Transcoder,cloud-1,cloud,484,EXPIRED,13.65561,14.71543,,,1056.344,,,,,
S00003,Transcoder,core-1,core,458,EXPIRED,13.65911,14.69221,,,1000.195,,,,,
S00004,Transcoder,cloud-1,cloud,485,EXPIRED,13.65928,14.72059,,,1004.428,,,,,
S00004,Transcoder,cloud-1,cloud,486,EXPIRED,13.67383,14.72067,,,1004.412,,,,,
S00004,Transcoder,cloud-1,cloud,487,EXPIRED,13.67635,14.7207,,,1004.405,,,,,
S00003,Transcoder,core-1,core,459,EXPIRED,13.67649,14.69222,,,1000.191,,,,,
S00002,Transcoder,cloud-1,cloud,484,EXPIRED,13.6787,14.71965,,,1004.4,,,,,
S00003,Transcoder,core-1,core,460,DONE,13.69786,14.70703,1009.1753809992952,1019.1753809992952,995.579,10.454,3.1423809992952556,1.312380999295101,1.8300000000001546,10.0
S00001,Transcoder,core-1,core,484,DONE,13.69931,14.79461,1095.302867999635,1105.302867999635,992.475,101.102,1.7258679996350565,0.5808679996350747,1.1449999999999818,10.0
S00001,Transcoder,core-1,core,485,DONE,13.71177,14.80314,1091.377771000225,1101.377771000225,919.336,92.174,79.86777100022505,3.9157710002250496,75.952,10.0
S00001,Transcoder,core-1,core,486,EXPIRED,13.71338,14.78923,,,1000.129,,,,,
S00002,Transcoder,cloud-1,cloud,485,EXPIRED,13.71575,14.71972,,,1002.72,,,,,
S00003,Transcoder,core-1,core,461,EXPIRED,13.72417,14.78941,,,1000.124,,,,,
S00002,Transcoder,cloud-1,cloud,486,DONE,13.72434,14.82131,1096.9747189992631,1148.9747189992631,996.199,99.238,1.5377189992632339,0.808718999263192,0.7290000000000418,52.0
S00004,Transcoder,cloud-1,cloud,488,DONE,13.72557,14.82129,1095.7211679997272,1147.7211679997272,993.806,100.9,1.0151679997270548,0.48516799972708213,0.5299999999999727,52.0
S00002,Transcoder,cloud-1,cloud,487,EXPIRED,13.73078,14.81537,,,1079.551,,,,,
S00004,Transcoder,cloud-1,cloud,489,EXPIRED,13.7475,14.81835,,,1001.036,,,,,
S00001,Transcoder,core-1,core,487,EXPIRED,13.74886,14.78925,,,1000.119,,,,,
S00004,Transcoder,cloud-1,cloud,490,EXPIRED,13.75326,14.81904,,,1000.974,,,,,
S00002,Transcoder,cloud-1,cloud,488,EXPIRED,13.7534,14.81604,,,1000.965,,,,,
S00004,Transcoder,cloud-1,cloud,491,EXPIRED,13.75345,14.81945,,,1000.959,,,,,
S00001,Transcoder,core-1,core,488,EXPIRED,13.76086,14.78926,,,1000.114,,,,,
S00003,Transcoder,core-1,core,462,EXPIRED,13.77143,14.78943,,,1000.11,,,,,
S00003,Transcoder,core-1,core,463,EXPIRED,13.77159,14.78943,,,1000.107,,,,,
S00002,Transcoder,cloud-1,cloud,489,EXPIRED,13.7717,14.81637,,,1000.953,,,,,
S00004,Transcoder,cloud-1,cloud,492,EXPIRED,13.77713,14.82001,,,1000.927,,,,,
S00002,Transcoder,cloud-1,cloud,490,EXPIRED,13.77852,14.8167,,,1000.918,,,,,
S00001,Transcoder,core-1,core,489,EXPIRED,13.77988,14.78939,,,1000.103,,,,,
S00001,Transcoder,core-1,core,490,EXPIRED,13.78246,14.7894,,,1000.099,,,,,
S00002,Transcoder,cloud-1,cloud,491,EXPIRED,13.79319,14.81711,,,1000.912,,,,,
S00002,Transcoder,cloud-1,cloud,492,EXPIRED,13.79802,14.81752,,,1000.906,,,,,
S00003,Transcoder,core-1,core,464,DONE,13.80714,14.80519,998.0502449998312,1008.0502449998312,987.348,9.56,1.1422449998312914,0.5532449998312359,0.5890000000000555,10.0
S00004,Transcoder,cloud-1,cloud,493,EXPIRED,13.80979,14.82047,,,1000.881,,,,,
S00002,Transcoder,cloud-1,cloud,493,EXPIRED,13.8111,14.81796,,,1000.875,,,,,
S00001,Transcoder,core-1,core,491,DONE,13.81643,14.8073,990.8767759998227,1000.8767759998227,912.101,6.983,71.79277599982277,0.6057759998227539,71.18700000000001,10.0
S00002,Transcoder,cloud-1,cloud,494,EXPIRED,13.81744,14.82128,,,1002.491,,,,,
S00002,Transcoder,cloud-1,cloud,495,DONE,13.82689,14.83178,1004.8965969999699,1056.89659699997,995.399,8.118,1.3795969999698627,0.5625969999699691,0.8169999999998936,52.0
S00003,Transcoder,core-1,core,465,DONE,13.83464,14.89561,1060.9743229997548,1070.9743229997548,917.248,90.288,53.438322999754746,0.6283229997548005,52.809999999999945,10.0
S00003,Transcoder,core-1,core,466,EXPIRED,13.8455,14.88924,,,1000.386,,,,,
S00002,Transcoder,cloud-1,cloud,496,DONE,13.84802,14.91659,1068.568599000173,1120.568599000173,917.65,83.473,67.44559900017305,1.222599000172977,66.22300000000007,52.0
S00003,Transcoder,core-1,core,467,EXPIRED,13.84822,14.88938,,,1000.381,,,,,
S00001,Transcoder,core-1,core,492,DONE,13.85471,14.89352,1038.813666000351,1048.813666000351,919.372,85.664,33.77766600035113,1.0496660003511806,32.72799999999995,10.0
S00004,Transcoder,cloud-1,cloud,494,DONE,13.87127,14.83012,958.8581749994773,1010.8581749994773,907.056,6.575,45.227174999477256,3.029174999477391,42.197999999999865,52.0
S00002,Transcoder,cloud-1,cloud,497,EXPIRED,13.88201,14.91663,,,1001.306,,,,,
S00003,Transcoder,core-1,core,468,EXPIRED,13.88351,14.88939,,,1000.373,,,,,
S00004,Transcoder,cloud-1,cloud,495,DONE,13.88484,14.8365,951.6574069994022,1003.6574069994022,914.245,7.387,30.025406999402207,0.6684069994021229,29.357000000000085,52.0
S00002,Transcoder,cloud-1,cloud,498,EXPIRED,13.89542,14.91664,,,1001.295,,,,,
S00003,Transcoder,core-1,core,469,DONE,13.8978,14.9004,1002.5947789999918,1012.5947789999918,993.073,7.055,2.4667789999919023,0.6317789999918659,1.8350000000000364,10.0
S00002,Transcoder,cloud-1,cloud,499,EXPIRED,13.89919,14.91665,,,1001.289,,,,,
S00004,Transcoder,cloud-1,cloud,496,DONE,13.90215,14.92262,1020.4697310000483,1072.4697310000483,921.879,86.155,12.43573100004835,0.5457310000483631,11.889999999999986,52.0
S00003,Transcoder,core-1,core,470,DONE,13.90554,14.9896,1084.0579539999453,1094.0579539999453,910.864,88.568,84.6259539999453,0.7759539999453864,83.84999999999991,10.0
S00003,Transcoder,core-1,core,471,DONE,13.9057,14.99964,1093.9387920006993,1103.9387920006993,999.714,9.869,84.35579200069924,0.71479200069939,83.64099999999985,10.0
S00004,Transcoder,cloud-1,cloud,497,EXPIRED,13.91504,14.92319,,,1003.926,,,,,
S00003,Transcoder,core-1,core,472,EXPIRED,13.91525,14.99148,,,1001.19,,,,,
S00001,Transcoder,core-1,core,493,DONE,13.92016,14.90347,983.3021209997241,993.3021209997241,905.944,7.661,69.69712099972423,1.7671209997241704,67.93000000000006,10.0
S00002,Transcoder,cloud-1,cloud,500,DONE,13.93834,14.93111,992.7708759996676,1044.7708759996676,902.227,10.171,80.3728759996676,5.50887599966768,74.86399999999992,52.0
S00002,Transcoder,cloud-1,cloud,501,DONE,13.95325,15.01938,1066.131456000221,1118.131456000221,913.25,92.286,60.59545600022102,0.8384560002211856,59.756999999999834,52.0
S00001,Transcoder,core-1,core,494,DONE,13.95481,14.99146,1036.6472039995642,1046.6472039995642,913.793,87.248,35.60620399956417,1.0052039995641735,34.601,10.0
S00002,Transcoder,cloud-1,cloud,502,EXPIRED,13.96945,15.01831,,,1000.248,,,,,
S00001,Transcoder,core-1,core,495,DONE,13.99432,15.08813,1093.8074679997953,1103.8074679997953,994.939,96.962,1.906467999795268,1.1354679997953099,0.7709999999999582,10.0
S00004,Transcoder,cloud-1,cloud,498,DONE,14.00408,14.93933,935.251505999986,987.251505999986,910.043,15.482,9.726505999985989,0.5715059999860159,9.154999999999973,52.0
S00002,Transcoder,cloud-1,cloud,503,EXPIRED,14.00554,15.01833,,,1000.236,,,,,
S00004,Transcoder,cloud-1,cloud,499,DONE,14.01145,15.02048,1009.0359260002515,1061.0359260002515,926.261,80.319,2.4559260002515657,0.8049260002514984,1.6510000000000673,52.0
S00002,Transcoder,cloud-1,cloud,504,EXPIRED,14.01164,15.01834,,,1000.226,,,,,
S00002,Transcoder,cloud-1,cloud,505,DONE,14.01989,15.02605,1006.1510610003097,1058.1510610003097,995.206,6.213,4.732061000309727,0.8880610003096763,3.844000000000051,52.0
S00002,Transcoder,cloud-1,cloud,506,EXPIRED,14.02017,15.02622,,,1001.627,,,,,
S00002,Transcoder,cloud-1,cloud,507,EXPIRED,14.02348,15.02623,,,1001.298,,,,,
S00001,Transcoder,core-1,core,496,EXPIRED,14.03245,15.08848,,,1000.041,,,,,
S00003,Transcoder,core-1,core,473,DONE,14.05218,15.09125,1039.0635750000001,1049.0635750000001,911.406,89.336,38.321575000000166,0.8185750000002372,37.50299999999993,10.0
S00002,Transcoder,cloud-1,cloud,508,DONE,14.06003,15.11552,1055.487794000328,1107.487794000328,913.564,88.284,53.63979400032804,0.5767940003279364,53.0630000000001,52.0
S00003,Transcoder,core-1,core,474,EXPIRED,14.06083,15.09122,,,1000.017,,,,,
S00003,Transcoder,core-1,core,475,EXPIRED,14.06648,15.09123,,,1000.012,,,,,
S00003,Transcoder,core-1,core,476,EXPIRED,14.07423,15.09124,,,1000.008,,,,,
S00004,Transcoder,cloud-1,cloud,500,DONE,14.07683,15.11359,1036.7586749998736,1088.7586749998736,906.906,92.897,36.95567499987362,0.9416749998736123,36.01400000000001,52.0
S00001,Transcoder,core-1,core,497,EXPIRED,14.07956,15.0912,,,1000.004,,,,,
S00004,Transcoder,cloud-1,cloud,501,EXPIRED,14.09033,15.11479,,,1000.512,,,,,
S00002,Transcoder,cloud-1,cloud,509,EXPIRED,14.09055,15.11441,,,1000.507,,,,,
S00003,Transcoder,core-1,core,477,DONE,14.09072,15.09461,1003.8934390004215,1013.8934390004215,996.659,5.683,1.5514390004215102,0.9364390004215011,0.6150000000000091,10.0
S00004,Transcoder,cloud-1,cloud,502,EXPIRED,14.09078,15.115,,,1000.503,,,,,
S00002,Transcoder,cloud-1,cloud,510,EXPIRED,14.10364,15.11455,,,1000.499,,,,,
S00004,Transcoder,cloud-1,cloud,503,EXPIRED,14.1082,15.11514,,,1000.495,,,,,
S00004,Transcoder,cloud-1,cloud,504,EXPIRED,14.11102,15.11525,,,1000.491,,,,,
S00002,Transcoder,cloud-1,cloud,511,DONE,14.11631,15.13241,1016.103117000057,1068.103117000057,996.446,16.235,3.4221170000569145,0.4891170000569218,2.9329999999999927,52.0
S00003,Transcoder,core-1,core,478,DONE,14.11978,15.19137,1071.5915179998774,1081.5915179998774,907.173,92.528,71.89051799987737,3.245517999877393,68.64499999999998,10.0
S00004,Transcoder,cloud-1,cloud,505,DONE,14.12512,15.13521,1010.0838529997418,1062.0838529997418,988.493,18.447,3.143852999741739,0.6108529997418373,2.5329999999999018,52.0
S00003,Transcoder,core-1,core,479,DONE,14.12954,15.20362,1074.0819550001106,1084.0819550001106,999.998,14.68,59.403955000110614,0.6899550001105581,58.714000000000055,10.0
S00004,Transcoder,cloud-1,cloud,506,DONE,14.13554,15.21523,1079.6858710000379,1131.6858710000379,916.047,82.486,81.15287100003786,0.7508710000379324,80.40199999999993,52.0
S00002,Transcoder,cloud-1,cloud,512,DONE,14.14705,15.21804,1070.9907809996366,1122.9907809996366,916.995,84.035,69.96078099963665,0.8807809996367268,69.07999999999993,52.0
S00002,Transcoder,cloud-1,cloud,513,EXPIRED,14.15563,15.21811,,,1001.234,,,,,
S00003,Transcoder,core-1,core,480,EXPIRED,14.15819,15.1971,,,1008.232,,,,,
S00002,Transcoder,cloud-1,cloud,514,EXPIRED,14.15962,15.21812,,,1001.225,,,,,
S00004,Transcoder,cloud-1,cloud,507,DONE,14.16614,15.22384,1057.7020359996823,1109.7020359996823,998.91,8.169,50.623035999682315,0.8760359996822444,49.74700000000007,52.0
S00002,Transcoder,cloud-1,cloud,515,EXPIRED,14.16757,15.2182,,,1001.21,,,,,
S00002,Transcoder,cloud-1,cloud,516,EXPIRED,14.17812,15.21821,,,1001.203,,,,,
S00002,Transcoder,cloud-1,cloud,517,EXPIRED,14.17831,15.21824,,,1001.196,,,,,
S00001,Transcoder,core-1,core,498,DONE,14.18683,15.09818,911.358317000122,921.358317000122,899.527,7.067,4.764317000121991,4.271317000122053,0.49299999999993815,10.0
S00001,Transcoder,core-1,core,499,DONE,14.19715,15.10225,905.0964090001798,915.0964090001798,894.581,6.967,3.548409000179845,0.8474090001798231,2.701000000000022,10.0
S00001,Transcoder,core-1,core,500,DONE,14.19733,15.19618,998.8518879999901,1008.8518879999901,902.371,92.704,3.7768879999902083,1.1798879999901146,2.5970000000000937,10.0
S00001,Transcoder,core-1,core,501,DONE,14.21826,15.20473,986.4699439995093,996.4699439995093,908.882,7.55,70.03794399950937,0.5869439995092307,69.45100000000014,10.0
S00004,Transcoder,cloud-1,cloud,508,DONE,14.21902,15.31491,1095.8915169994725,1147.8915169994725,998.716,90.546,6.629516999472571,1.236516999472542,5.393000000000029,52.0
S00003,Transcoder,core-1,core,481,DONE,14.21935,15.28954,1070.1899119994778,1080.1899119994778,915.435,85.581,69.17391199947781,0.46591199947783934,68.70799999999997,10.0
S00002,Transcoder,cloud-1,cloud,518,DONE,14.24218,15.31361,1071.4334379999855,1123.4334379999855,904.046,95.448,71.93943799998544,0.8054379999855428,71.1339999999999,52.0
S00001,Transcoder,core-1,core,502,DONE,14.24375,15.28948,1045.736656000372,1055.736656000372,916.759,84.21,44.76765600037197,0.735656000372046,44.031999999999925,10.0
S00001,Transcoder,core-1,core,503,EXPIRED,14.24579,15.28965,,,1001.2,,,,,
S00001,Transcoder,core-1,core,504,EXPIRED,14.26369,15.2897,,,1001.194,,,,,
S00001,Transcoder,core-1,core,505,EXPIRED,14.27037,15.28977,,,1001.188,,,,,
S00004,Transcoder,cloud-1,cloud,509,EXPIRED,14.28622,15.31494,,,1000.775,,,,,
S00004,Transcoder,cloud-1,cloud,510,EXPIRED,14.28647,15.31495,,,1000.768,,,,,
S00003,Transcoder,core-1,core,482,DONE,14.29145,15.29683,1005.3832880003029,1015.3832880003029,996.958,6.857,1.568288000302914,0.8832880003028549,0.6850000000000591,10.0
S00004,Transcoder,cloud-1,cloud,511,EXPIRED,14.29935,15.31496,,,1000.763,,,,,
S00001,Transcoder,core-1,core,506,DONE,14.30339,15.29971,996.3197129991386,1006.3197129991386,984.555,8.994,2.7707129991385955,0.7297129991385418,2.0410000000000537,10.0
S00001,Transcoder,core-1,core,507,DONE,14.30475,15.38966,1084.9103880000257,1094.9103880000257,993.737,88.371,2.8023880000257577,1.7893880000256104,1.0130000000001473,10.0
S00002,Transcoder,cloud-1,cloud,519,DONE,14.3081,15.32442,1016.3285919998089,1068.3285919998089,999.758,10.341,6.229591999808804,0.9475919998088784,5.281999999999925,52.0
S00003,Transcoder,core-1,core,483,DONE,14.30951,15.38968,1080.1696039998205,1090.1696039998205,908.558,91.427,80.18460399982052,1.440603999820496,78.74400000000003,10.0
S00004,Transcoder,cloud-1,cloud,512,EXPIRED,14.31213,15.31498,,,1000.477,,,,,
S00003,Transcoder,core-1,core,484,DONE,14.31388,15.39766,1083.7740609995308,1093.7740609995308,999.675,9.171,74.92806099953077,0.8130609995307623,74.11500000000001,10.0
S00003,Transcoder,core-1,core,485,EXPIRED,14.32759,15.38978,,,1000.053,,,,,
S00004,Transcoder,cloud-1,cloud,513,DONE,14.32825,15.32701,998.7569039994924,1050.7569039994924,984.236,11.502,3.0189039994924087,1.4889039994923223,1.5300000000000864,52.0
S00003,Transcoder,core-1,core,486,EXPIRED,14.34462,15.38979,,,1000.045,,,,,
S00004,Transcoder,cloud-1,cloud,514,DONE,14.34721,15.42723,1080.0198810002257,1132.0198810002257,911.86,100.097,68.06288100022573,0.9788810002257833,67.08399999999995,52.0
S00001,Transcoder,core-1,core,508,EXPIRED,14.35084,15.3897,,,1000.038,,,,,
S00001,Transcoder,core-1,core,509,EXPIRED,14.35234,15.38973,,,1000.032,,,,,
S00002,Transcoder,cloud-1,cloud,520,DONE,14.35782,15.41584,1058.016119000058,1110.016119000058,909.388,91.101,57.527119000058065,1.0211190000582064,56.50599999999986,52.0
S00002,Transcoder,cloud-1,cloud,521,EXPIRED,14.36342,15.4161,,,1000.843,,,,,
S00001,Transcoder,core-1,core,510,EXPIRED,14.37011,15.38974,,,1000.026,,,,,
S00002,Transcoder,cloud-1,cloud,522,EXPIRED,14.38098,15.41612,,,1000.837,,,,,
S00001,Transcoder,core-1,core,511,EXPIRED,14.38472,15.38976,,,1000.019,,,,,
S00002,Transcoder,cloud-1,cloud,523,EXPIRED,14.3863,15.41613,,,1000.831,,,,,
S00004,Transcoder,cloud-1,cloud,515,EXPIRED,14.39003,15.41624,,,1000.825,,,,,
S00003,Transcoder,core-1,core,487,DONE,14.41336,15.40733,993.9724739997473,1003.9724739997473,904.902,7.394,81.67647399974726,0.8604739997473416,80.81599999999992,10.0
S00001,Transcoder,core-1,core,512,DONE,14.41533,15.40416,988.8228930003606,998.8228930003606,895.619,14.85,78.35389300036059,0.7198930003606847,77.6339999999999,10.0
S00003,Transcoder,core-1,core,488,DONE,14.42253,15.48934,1066.812174000006,1076.812174000006,912.729,82.916,71.16717400000607,0.9801740000059453,70.18700000000013,10.0
S00003,Transcoder,core-1,core,489,DONE,14.42331,15.49911,1075.8012619999135,1085.8012619999135,997.916,7.797,70.08826199991347,0.5272619999136623,69.56099999999981,10.0
S00003,Transcoder,core-1,core,490,EXPIRED,14.42576,15.49674,,,1003.159,,,,,
S00003,Transcoder,core-1,core,491,EXPIRED,14.42914,15.49675,,,1003.142,,,,,
S00002,Transcoder,cloud-1,cloud,524,DONE,14.43567,15.42736,991.690612999264,1043.690612999264,977.509,10.775,3.4066129992639844,0.8566129992640299,2.5499999999999545,52.0
S00003,Transcoder,core-1,core,492,EXPIRED,14.45876,15.49677,,,1003.125,,,,,
S00002,Transcoder,cloud-1,cloud,525,DONE,14.46172,15.51734,1055.6222619998152,1107.6222619998152,914.03,88.625,52.967261999815264,1.0142619998152895,51.952999999999975,52.0
S00001,Transcoder,core-1,core,513,DONE,14.47264,15.49128,1018.6378910002531,1028.6378910002531,910.64,86.954,21.04389100025321,0.8188910002531884,20.225000000000023,10.0
S00001,Transcoder,core-1,core,514,DONE,14.47818,15.49672,1018.5412390001147,1028.5412390001147,995.785,7.036,15.720239000114816,1.0812390001146923,14.639000000000124,10.0
S00002,Transcoder,cloud-1,cloud,526,EXPIRED,14.49828,15.51746,,,1002.898,,,,,
S00003,Transcoder,core-1,core,493,DONE,14.51109,15.59899,1087.9040050003823,1097.9040050003823,985.541,97.271,5.092005000382187,3.6160050003823017,1.4759999999998854,10.0
S00001,Transcoder,core-1,core,515,DONE,14.51661,15.59897,1082.3656120001033,1092.3656120001033,979.165,99.979,3.2216120001032778,1.5286120001032941,1.6929999999999836,10.0
S00002,Transcoder,cloud-1,cloud,527,DONE,14.51957,15.52924,1009.6723050000946,1061.6723050000946,996.37,11.785,1.517305000094666,0.45130500009463503,1.066000000000031,52.0
S00002,Transcoder,cloud-1,cloud,528,DONE,14.52365,15.61477,1091.1228510003639,1143.1228510003639,996.476,83.665,10.981851000363804,3.802851000363944,7.17899999999986,52.0
S00001,Transcoder,core-1,core,516,EXPIRED,14.52627,15.59374,,,1061.345,,,,,
S00003,Transcoder,core-1,core,494,EXPIRED,14.52877,15.59511,,,1058.936,,,,,
S00001,Transcoder,core-1,core,517,EXPIRED,14.5312,15.59423,,,1000.893,,,,,
S00004,Transcoder,cloud-1,cloud,516,DONE,14.53198,15.51409,982.1172199999637,1034.1172199999637,893.691,86.223,2.2032199999637214,0.8742199999636568,1.3290000000000646,52.0
S00002,Transcoder,cloud-1,cloud,529,EXPIRED,14.5423,15.6154,,,1000.002,,,,,
S00004,Transcoder,cloud-1,cloud,517,DONE,14.56013,15.52888,968.7533779997466,1020.7533779997466,900.094,14.995,53.664377999746534,0.9363779997465826,52.72799999999995,52.0
S00003,Transcoder,core-1,core,495,EXPIRED,14.56284,15.59542,,,1000.873,,,,,
S00002,Transcoder,cloud-1,cloud,530,EXPIRED,14.56589,15.61676,,,1002.834,,,,,
S00001,Transcoder,core-1,core,518,EXPIRED,14.56619,15.59453,,,1000.865,,,,,
S00003,Transcoder,core-1,core,496,EXPIRED,14.57189,15.59577,,,1000.836,,,,,
S00004,Transcoder,cloud-1,cloud,518,DONE,14.58288,15.61668,1033.8018130005366,1085.8018130005366,915.703,86.892,31.206813000536613,0.9648130005366511,30.241999999999962,52.0
S00003,Transcoder,core-1,core,497,EXPIRED,14.58453,15.59612,,,1000.83,,,,,
S00003,Transcoder,core-1,core,498,EXPIRED,14.58968,15.59902,,,1003.999,,,,,
S00001,Transcoder,core-1,core,519,EXPIRED,14.58983,15.59901,,,1003.976,,,,,
S00004,Transcoder,cloud-1,cloud,519,DONE,14.6017,15.62479,1023.0893980005931,1075.089398000593,1002.38,8.026,12.683398000593115,0.880398000593118,11.802999999999997,52.0
S00003,Transcoder,core-1,core,499,DONE,14.61914,15.61156,992.4154350001118,1002.4154350001118,909.23,13.699,69.48643500011178,0.7294350001117209,68.75700000000006,10.0
S00004,Transcoder,cloud-1,cloud,520,EXPIRED,14.6193,15.62495,,,1000.98,,,,,
S00002,Transcoder,cloud-1,cloud,531,DONE,14.62174,15.6349,1013.1518349999169,1065.151834999917,992.685,14.953,5.5138349999169805,3.8948349999169523,1.6190000000000282,52.0
S00002,Transcoder,cloud-1,cloud,532,EXPIRED,14.62189,15.62488,,,1000.188,,,,,
S00001,Transcoder,core-1,core,520,DONE,14.622,15.68967,1067.6722640000662,1077.6722640000662,909.099,91.365,67.20826400006615,0.6442640000661868,66.56399999999996,10.0
S00003,Transcoder,core-1,core,500,EXPIRED,14.62415,15.69003,,,1000.675,,,,,
S00004,Transcoder,cloud-1,cloud,521,DONE,14.63589,15.71617,1080.278831999749,1132.278831999749,910.859,90.699,78.72083199974895,1.4678319997490235,77.25299999999993,52.0
S00001,Transcoder,core-1,core,521,DONE,14.63745,15.70104,1063.5825210001713,1073.5825210001713,923.244,89.068,51.27052100017124,0.947521000171264,50.32299999999998,10.0
S00002,Transcoder,cloud-1,cloud,533,DONE,14.63763,15.71981,1082.1748670005036,1134.1748670005036,918.231,87.393,76.55086700050356,1.199867000503673,75.35099999999989,52.0
S00003,Transcoder,core-1,core,501,EXPIRED,14.64206,15.69033,,,1000.654,,,,,
S00003,Transcoder,core-1,core,502,EXPIRED,14.64676,15.69063,,,1000.648,,,,,
S00003,Transcoder,core-1,core,503,EXPIRED,14.64942,15.69083,,,1000.641,,,,,
S00003,Transcoder,core-1,core,504,EXPIRED,14.65296,15.69125,,,1000.636,,,,,
S00003,Transcoder,core-1,core,505,EXPIRED,14.66354,15.69142,,,1000.63,,,,,
S00003,Transcoder,core-1,core,506,EXPIRED,14.66388,15.69158,,,1000.625,,,,,
S00002,Transcoder,cloud-1,cloud,534,EXPIRED,14.67635,15.71633,,,1002.275,,,,,
S00002,Transcoder,cloud-1,cloud,535,EXPIRED,14.67661,15.71638,,,1002.267,,,,,
S00004,Transcoder,cloud-1,cloud,522,EXPIRED,14.69925,15.71696,,,1002.26,,,,,
S00002,Transcoder,cloud-1,cloud,536,EXPIRED,14.70286,15.71642,,,1002.253,,,,,
S00002,Transcoder,cloud-1,cloud,537,EXPIRED,14.70449,15.71652,,,1002.245,,,,,
S00001,Transcoder,core-1,core,522,DONE,14.71388,15.7891,1075.2242010003101,1085.2242010003101,985.654,87.18,2.3902010003100713,1.0542010003100586,1.3360000000000127,10.0
S00001,Transcoder,core-1,core,523,EXPIRED,14.72418,15.75711,,,1031.166,,,,,
S00004,Transcoder,cloud-1,cloud,523,DONE,14.72679,15.72522,998.4207050001714,1050.4207050001714,901.681,8.644,88.09570500017139,0.9877050001714451,87.10799999999995,52.0
S00003,Transcoder,core-1,core,507,DONE,14.74165,15.70544,963.7924490007208,973.7924490007208,946.584,15.777,1.4314490007208178,0.7534490007208205,0.6779999999999973,10.0
S00003,Transcoder,core-1,core,508,DONE,14.75037,15.79033,1039.952101000381,1049.952101000381,954.187,84.168,1.597101000380917,0.875101000380937,0.72199999999998,10.0
S00003,Transcoder,core-1,core,509,EXPIRED,14.75911,15.78914,,,1027.193,,,,,
S00001,Transcoder,core-1,core,524,EXPIRED,14.76364,15.78912,,,1000.09,,,,,
S00004,Transcoder,cloud-1,cloud,524,DONE,14.76716,15.81864,1051.48099500002,1103.48099500002,910.464,92.288,48.728995000019836,0.9629950000198733,47.76599999999996,52.0
S00003,Transcoder,core-1,core,510,EXPIRED,14.7782,15.78915,,,1000.07,,,,,
S00003,Transcoder,core-1,core,511,EXPIRED,14.77972,15.78915,,,1000.063,,,,,
S00003,Transcoder,core-1,core,512,EXPIRED,14.77987,15.78916,,,1000.058,,,,,
S00002,Transcoder,cloud-1,cloud,538,DONE,14.80316,15.73104,927.8730960004395,979.8730960004395,904.498,7.677,15.698096000439477,4.108096000439559,11.589999999999918,52.0
S00004,Transcoder,cloud-1,cloud,525,DONE,14.81276,15.81987,1007.1071649999794,1059.1071649999794,919.457,84.863,2.7871649999794954,1.1031649999794126,1.6840000000000828,52.0
S00003,Transcoder,core-1,core,513,DONE,14.81432,15.80722,992.8986929999155,1002.8986929999155,902.523,15.565,74.81069299991543,0.8386929999155655,73.97199999999987,10.0
S00001,Transcoder,core-1,core,525,DONE,14.81538,15.80532,989.936365000176,999.936365000176,900.227,15.521,74.18836500017608,1.3243650001760443,72.86400000000003,10.0
S00002,Transcoder,cloud-1,cloud,539,DONE,14.81905,15.73498,915.9351289999904,967.9351289999904,906.178,6.73,3.0271289999903956,1.3011289999903966,1.725999999999999,52.0
S00001,Transcoder,core-1,core,526,DONE,14.82267,15.89341,1070.7446500000515,1080.7446500000515,917.001,88.084,65.65965000005144,0.5626500000514625,65.09699999999998,10.0
S00002,Transcoder,cloud-1,cloud,540,DONE,14.83016,15.82864,998.4847340001579,1050.484734000158,986.175,9.677,2.6327340001579387,1.1927340001578841,1.4400000000000546,52.0
S00003,Transcoder,core-1,core,514,DONE,14.83517,15.89265,1057.4853329999314,1067.4853329999314,918.375,84.658,54.4523329999314,1.685332999931461,52.76699999999994,10.0
S00004,Transcoder,cloud-1,cloud,526,DONE,14.84295,15.91393,1070.9784370001216,1122.9784370001216,906.197,93.695,71.08643700012158,1.0694370001215248,70.01700000000005,52.0
S00002,Transcoder,cloud-1,cloud,541,DONE,14.84867,15.92021,1071.5344090003782,1123.5344090003782,914.662,91.39,65.4824090003782,1.2734090003782512,64.20899999999995,52.0
S00001,Transcoder,core-1,core,527,EXPIRED,14.85555,15.89267,,,1003.598,,,,,
S00003,Transcoder,core-1,core,515,EXPIRED,14.86188,15.89269,,,1003.59,,,,,
S00002,Transcoder,cloud-1,cloud,542,EXPIRED,14.86761,15.92023,,,1006.274,,,,,
S00001,Transcoder,core-1,core,528,EXPIRED,14.86783,15.89268,,,1003.583,,,,,
S00004,Transcoder,cloud-1,cloud,527,DONE,14.87123,15.92274,1051.509636999981,1103.509636999981,1000.153,8.387,42.96963699998105,1.526636999981065,41.442999999999984,52.0
S00003,Transcoder,core-1,core,516,EXPIRED,14.87477,15.8927,,,1003.576,,,,,
S00003,Transcoder,core-1,core,517,EXPIRED,14.8784,15.89271,,,1003.569,,,,,
S00004,Transcoder,cloud-1,cloud,528,EXPIRED,14.87998,15.92156,,,1006.265,,,,,
S00004,Transcoder,cloud-1,cloud,529,EXPIRED,14.88139,15.92157,,,1006.26,,,,,
S00002,Transcoder,cloud-1,cloud,543,EXPIRED,14.89995,15.92024,,,1006.256,,,,,
S00003,Transcoder,core-1,core,518,DONE,14.91665,15.90309,986.433515000499,996.433515000499,905.92,8.149,72.36451500049907,1.0045150004990546,71.36000000000001,10.0
S00003,Transcoder,core-1,core,519,DONE,14.91762,15.99336,1075.7316460003494,1085.7316460003494,914.358,90.949,70.42464600034953,0.37364600034948126,70.05100000000004,10.0
S00001,Transcoder,core-1,core,529,DONE,14.93113,15.90124,970.1028449999285,980.1028449999285,904.283,8.373,57.44684499992843,1.1748449999284958,56.271999999999935,10.0
S00003,Transcoder,core-1,core,520,EXPIRED,14.93135,15.99216,,,1003.984,,,,,
S00001,Transcoder,core-1,core,530,DONE,14.93753,15.99176,1054.2333080002209,1064.2333080002209,913.315,89.434,51.484308000220835,0.914308000220899,50.569999999999936,10.0
S00004,Transcoder,cloud-1,cloud,530,DONE,14.95576,16.01495,1059.1880020001554,1111.1880020001554,908.435,90.785,59.96800200015548,1.8530020001553567,58.11500000000012,52.0
S00004,Transcoder,cloud-1,cloud,531,DONE,14.95828,16.0211,1062.8230949996578,1114.8230949996578,999.585,7.042,56.1960949996577,2.4410949996577074,53.754999999999995,52.0
S00003,Transcoder,core-1,core,521,EXPIRED,14.95845,15.99265,,,1003.97,,,,,
S00003,Transcoder,core-1,core,522,EXPIRED,14.95903,15.99271,,,1003.964,,,,,
S00003,Transcoder,core-1,core,523,EXPIRED,14.95909,15.99279,,,1003.958,,,,,
S00003,Transcoder,core-1,core,524,EXPIRED,14.96747,15.9928,,,1003.953,,,,,
S00003,Transcoder,core-1,core,525,DONE,14.99151,16.00078,1009.2763820002801,1019.2763820002801,1000.095,7.652,1.5293820002800658,0.8773820002801358,0.65199999999993,10.0
S00002,Transcoder,cloud-1,cloud,544,DONE,14.99724,16.01492,1017.6822100002028,1069.6822100002028,906.869,92.286,18.527210000202786,1.9272100002027628,16.600000000000023,52.0
