sid,service,site,seq,status,t_req,t_resp,measured_ms,e2e_ms,queue_ms,exec_ms,comm_ms,link_ms
S00010,IoT-GW,edge-B,1,DONE,0.00121,0.00401,2.7926660000048287,2.7926660000048287,0.124,2.036,0.6326660000048285,0.0
S00002,vRAN-DU,edge-B,1,DONE,0.01132,0.01657,5.249907000006715,5.249907000006715,0.076,4.475,0.6989070000067157,0.0
S00010,IoT-GW,edge-B,2,DONE,0.02694,0.03158,4.641651000156344,4.641651000156344,0.14,3.479,1.022651000156344,0.0
S00009,IoT-GW,edge-A,1,DONE,0.02762,0.03117,3.5522760001640563,3.5522760001640563,0.147,2.138,1.2672760001640566,0.0
S00004,UPF,core-1,1,DONE,0.02775,0.03434,6.588816999965275,18.588816999965275,0.35,3.813,2.425816999965275,6.0
S00003,UPF,core-1,1,DONE,0.02788,0.03933,11.450222000121357,21.450222000121357,0.133,6.251,5.066222000121358,5.0
S00009,IoT-GW,edge-A,2,DONE,0.02922,0.03329,4.070433999913803,4.070433999913803,0.123,2.094,1.8534339999138028,0.0
S00004,UPF,core-1,2,DONE,0.03435,0.04056,6.215321999889056,18.215321999889056,0.106,4.527,1.5823219998890563,6.0
S00008,Transcoder,core-1,1,DONE,0.0345,0.04339,8.891448999975182,20.891448999975182,0.133,7.881,0.8774489999751829,6.0
S00009,IoT-GW,edge-A,3,DONE,0.03458,0.04057,5.990450999888708,5.990450999888708,0.09,4.848,1.0524509998887082,0.0
S00006,IMS-CSCF,core-1,1,DONE,0.03934,0.04711,7.7750970001488895,19.77509700014889,0.165,6.641,0.9690970001488894,6.0
S00002,vRAN-DU,edge-B,2,DONE,0.03956,0.04578,6.217075999984445,6.217075999984445,0.223,4.687,1.3070759999844448,0.0
S00006,IMS-CSCF,core-1,2,DONE,0.04561,0.04961,3.998093000063818,15.998093000063818,1.05,2.319,0.6290930000638184,6.0
S00001,vRAN-DU,edge-A,1,DONE,0.05498,0.05922,4.233990999864545,4.233990999864545,0.143,3.27,0.8209909998645455,0.0
S00010,IoT-GW,edge-B,3,DONE,0.05649,0.05913,2.6399349999337574,2.6399349999337574,0.126,1.757,0.7569349999337576,0.0
S00010,IoT-GW,edge-B,4,DONE,0.06274,0.06492,2.1803390000059153,2.1803390000059153,0.144,1.391,0.6453390000059152,0.0
S00003,UPF,core-1,2,DONE,0.06714,0.07037,3.228994999972201,13.228994999972201,0.141,2.369,0.718994999972201,5.0
S00006,IMS-CSCF,core-1,3,DONE,0.06846,0.07169,3.2289190000938106,15.22891900009381,0.121,2.448,0.6599190000938107,6.0
S00006,IMS-CSCF,core-1,4,DONE,0.06856,0.07375,5.188996000015322,17.188996000015322,2.832,1.314,1.0429960000153224,6.0
S00001,vRAN-DU,edge-A,2,DONE,0.07292,0.07668,3.755540000156543,3.755540000156543,0.134,2.989,0.6325400001565433,0.0
S00008,Transcoder,core-1,2,DONE,0.08408,0.09621,12.138295999875481,24.13829599987548,0.123,11.117,0.8982959998754811,6.0
S00003,UPF,core-1,3,DONE,0.08856,0.091,2.437138999994204,12.437138999994204,0.07,1.865,0.5021389999942041,5.0
S00002,vRAN-DU,edge-B,3,DONE,0.09479,0.09928,4.4855119999738235,4.4855119999738235,0.078,3.347,1.0605119999738233,0.0
S00003,UPF,core-1,4,DONE,0.09489,0.10036,5.475855999975465,15.475855999975465,0.1,4.973,0.40285599997546573,5.0
S00005,IMS-CSCF,core-1,1,DONE,0.09526,0.10106,5.807826000136629,15.807826000136629,0.042,4.961,0.8048260001366287,5.0
S00007,Transcoder,core-1,1,DONE,0.09928,0.11153,12.246731999994154,22.246731999994154,0.06,11.153,1.0337319999941528,5.0
S00003,UPF,core-1,5,DONE,0.10931,0.11202,2.701500000057422,12.701500000057422,0.062,2.102,0.5375000000574222,5.0
S00001,vRAN-DU,edge-A,3,DONE,0.11625,0.12211,5.862593999836463,5.862593999836463,0.088,4.909,0.865593999836463,0.0
S00002,vRAN-DU,edge-B,4,DONE,0.12159,0.12698,5.39044000015565,5.39044000015565,0.078,4.773,0.5394400001556496,0.0
S00001,vRAN-DU,edge-A,4,DONE,0.13327,0.13714,3.8721759999589267,3.8721759999589267,0.085,3.125,0.6621759999589267,0.0
S00009,IoT-GW,edge-A,4,DONE,0.14241,0.14432,1.9087389998730941,1.9087389998730941,0.076,1.049,0.7837389998730941,0.0
S00005,IMS-CSCF,core-1,2,DONE,0.1438,0.14596,2.1664670000518527,12.166467000051853,0.084,1.645,0.4374670000518526,5.0
S00001,vRAN-DU,edge-A,5,DONE,0.15216,0.15537,3.213834999996834,3.213834999996834,0.107,2.66,0.44683499999683374,0.0
S00003,UPF,core-1,6,DONE,0.15355,0.15717,3.6251879998872027,13.625187999887203,0.07,2.873,0.6821879998872027,5.0
S00001,vRAN-DU,edge-A,6,DONE,0.15701,0.16153,4.517111000041041,4.517111000041041,0.054,3.993,0.47011100004104067,0.0
S00001,vRAN-DU,edge-A,7,DONE,0.16271,0.1662,3.4976990000359365,3.4976990000359365,0.092,2.88,0.5256990000359365,0.0
S00004,UPF,core-1,3,DONE,0.16601,0.1693,3.2881289998840657,15.288128999884066,0.11,2.416,0.7621289998840659,6.0
S00004,UPF,core-1,4,DONE,0.16746,0.17161,4.151701999944635,16.151701999944635,1.515,2.135,0.5017019999446353,6.0
S00002,vRAN-DU,edge-B,5,DONE,0.17492,0.18004,5.117833999975119,5.117833999975119,0.083,4.173,0.8618339999751186,0.0
S00006,IMS-CSCF,core-1,5,DONE,0.1763,0.17806,1.7587400000138587,13.758740000013859,0.062,1.245,0.4517400000138585,6.0
S00009,IoT-GW,edge-A,5,DONE,0.18432,0.18659,2.2672709999369545,2.2672709999369545,0.211,1.336,0.7202709999369545,0.0
S00002,vRAN-DU,edge-B,6,DONE,0.19498,0.19994,4.9630949999937,4.9630949999937,0.129,4.022,0.8120949999937004,0.0
S00005,IMS-CSCF,core-1,3,DONE,0.19995,0.2025,2.5584360000721063,12.558436000072106,0.173,1.677,0.7084360000721062,5.0
S00004,UPF,core-1,5,DONE,0.213,0.22281,9.816623000006075,21.816623000006075,0.132,7.477,2.207623000006075,6.0
S00003,UPF,core-1,7,DONE,0.21438,0.21708,2.695233999929769,12.69523399992977,0.061,2.034,0.6002339999297694,5.0
S00007,Transcoder,core-1,2,DONE,0.2164,0.23084,14.436611000064659,24.43661100006466,0.052,13.654,0.7306110000646591,5.0
S00004,UPF,core-1,6,DONE,0.21649,0.22518,8.68243100012478,20.68243100012478,4.142,3.84,0.7004310001247793,6.0
S00004,UPF,core-1,7,DONE,0.21827,0.22717,8.901235999928758,20.90123599992876,6.663,1.883,0.355235999928758,6.0
S00008,Transcoder,core-1,3,DONE,0.22282,0.23575,12.929655000107232,24.929655000107232,0.064,10.58,2.2856550001072318,6.0
S00004,UPF,core-1,8,DONE,0.22287,0.23052,7.652109999980894,19.652109999980894,3.983,3.147,0.522109999980894,6.0
S00001,vRAN-DU,edge-A,8,DONE,0.22834,0.23328,4.944145999843386,4.944145999843386,0.084,4.315,0.5451459998433856,0.0
S00001,vRAN-DU,edge-A,9,DONE,0.23329,0.23649,3.2010209999953076,3.2010209999953076,0.057,2.683,0.4610209999953079,0.0
S00007,Transcoder,core-1,3,DONE,0.23776,0.25839,20.63599799998883,30.63599799998883,0.081,19.371,1.1839979999888328,5.0
S00001,vRAN-DU,edge-A,10,DONE,0.24113,0.24862,7.489120999935039,7.489120999935039,0.132,6.673,0.6841209999350397,0.0
S00007,Transcoder,core-1,4,DONE,0.24353,0.25696,13.430971999923713,23.430971999923713,0.072,12.856,0.5029719999237141,5.0
S00003,UPF,core-1,8,DONE,0.24482,0.25193,7.1126329999060545,17.112632999906054,0.073,3.787,3.252632999906054,5.0
S00001,vRAN-DU,edge-A,11,DONE,0.24489,0.24915,4.264730000159034,4.264730000159034,0.068,3.823,0.37373000015903424,0.0
S00010,IoT-GW,edge-B,5,DONE,0.25311,0.2579,4.7970449998047116,4.7970449998047116,0.118,4.232,0.447044999804711,0.0
S00001,vRAN-DU,edge-A,12,DONE,0.26661,0.27053,3.9275980000184063,3.9275980000184063,0.111,3.037,0.7795980000184062,0.0
S00008,Transcoder,core-1,4,DONE,0.27586,0.29379,17.938301999947726,29.938301999947726,0.089,17.352,0.4973019999477266,6.0
S00002,vRAN-DU,edge-B,7,DONE,0.27932,0.28869,9.37200299995311,9.37200299995311,0.079,8.692,0.6010029999531099,0.0
S00005,IMS-CSCF,core-1,4,DONE,0.28009,0.28823,8.14048899997033,18.14048899997033,0.125,5.562,2.4534889999703298,5.0
S00001,vRAN-DU,edge-A,13,DONE,0.28015,0.29332,13.16420900002413,13.16420900002413,0.125,12.25,0.7892090000241296,0.0
S00005,IMS-CSCF,core-1,5,DONE,0.28824,0.29036,2.1264569998038496,12.12645699980385,0.064,1.132,0.9304569998038497,5.0
S00003,UPF,core-1,9,DONE,0.29037,0.29245,2.087086999836174,12.087086999836174,0.04,1.68,0.3670869998361741,5.0
S00005,IMS-CSCF,core-1,6,DONE,0.29332,0.29602,2.699613999993744,12.699613999993744,0.043,1.965,0.6916139999937438,5.0
S00001,vRAN-DU,edge-A,14,DONE,0.29923,0.30295,3.717526000173166,3.717526000173166,0.11,2.974,0.6335260001731657,0.0
S00001,vRAN-DU,edge-A,15,DONE,0.30417,0.30968,5.507400000169582,5.507400000169582,0.089,4.783,0.6354000001695814,0.0
S00003,UPF,core-1,10,DONE,0.30852,0.31115,2.629532999890216,12.629532999890216,0.088,2.031,0.5105329998902159,5.0
S00007,Transcoder,core-1,5,DONE,0.32565,0.34161,15.959313999928781,25.95931399992878,0.086,15.065,0.8083139999287816,5.0
S00006,IMS-CSCF,core-1,6,DONE,0.33021,0.33361,3.3969279998018465,15.396927999801846,0.112,2.313,0.9719279998018462,6.0
S00002,vRAN-DU,edge-B,8,DONE,0.3321,0.33725,5.155847999958496,5.155847999958496,0.116,4.498,0.5418479999584962,0.0
S00005,IMS-CSCF,core-1,7,DONE,0.3348,0.3365,1.702131999991252,11.702131999991252,0.065,1.195,0.4421319999912521,5.0
S00008,Transcoder,core-1,5,DONE,0.34162,0.35011,8.494491000192284,20.494491000192284,0.087,7.972,0.4354910001922834,6.0
S00005,IMS-CSCF,core-1,8,DONE,0.34401,0.3467,2.68765999999232,12.68765999999232,0.077,2.036,0.5746599999923201,5.0
S00007,Transcoder,core-1,6,DONE,0.34904,0.36155,12.503018999950655,22.503018999950655,0.087,11.891,0.5250189999506549,5.0
S00009,IoT-GW,edge-A,6,DONE,0.35644,0.35813,1.6950500000803004,1.6950500000803004,0.139,0.97,0.5860500000803004,0.0
S00009,IoT-GW,edge-A,7,DONE,0.36377,0.36593,2.158908999945197,2.158908999945197,0.107,1.385,0.6669089999451969,0.0
S00001,vRAN-DU,edge-A,16,DONE,0.36918,0.37406,4.887660000122196,4.887660000122196,0.06,4.313,0.5146600001221966,0.0
S00001,vRAN-DU,edge-A,17,DONE,0.37151,0.37464,3.124693000017942,3.124693000017942,0.052,2.648,0.42469300001794164,0.0
S00004,UPF,core-1,9,DONE,0.37902,0.38437,5.350940999960585,17.350940999960585,0.096,4.554,0.7009409999605847,6.0
S00004,UPF,core-1,10,DONE,0.37919,0.38663,7.434998999997333,19.434998999997333,4.869,2.07,0.49599899999733355,6.0
S00010,IoT-GW,edge-B,6,DONE,0.3815,0.3835,1.991014999930485,1.991014999930485,0.077,1.41,0.504014999930485,0.0
S00009,IoT-GW,edge-A,8,DONE,0.38784,0.38962,1.7718290000630077,1.7718290000630077,0.075,1.158,0.5388290000630078,0.0
S00002,vRAN-DU,edge-B,9,DONE,0.40407,0.40962,5.54731800002628,5.54731800002628,0.082,4.697,0.7683180000262801,0.0
S00001,vRAN-DU,edge-A,18,DONE,0.41341,0.42271,9.307762999924307,9.307762999924307,0.084,8.303,0.9207629999243068,0.0
S00005,IMS-CSCF,core-1,9,DONE,0.41496,0.42152,6.561523999835117,16.561523999835117,0.158,5.471,0.9325239998351167,5.0
S00001,vRAN-DU,edge-A,19,DONE,0.41507,0.42121,6.144852000034007,6.144852000034007,0.079,4.862,1.203852000034007,0.0
S00003,UPF,core-1,11,DONE,0.42122,0.42552,4.295039999988148,14.295039999988148,0.107,3.454,0.734039999988148,5.0
S00004,UPF,core-1,11,DONE,0.42675,0.42987,3.1188320001547254,15.118832000154725,0.098,2.339,0.6818320001547256,6.0
S00010,IoT-GW,edge-B,7,DONE,0.43116,0.43391,2.7485130001423386,2.7485130001423386,0.081,1.943,0.7245130001423385,0.0
S00009,IoT-GW,edge-A,9,DONE,0.43611,0.43838,2.26892399996359,2.26892399996359,0.128,1.479,0.66192399996359,0.0
S00008,Transcoder,core-1,6,DONE,0.43785,0.44429,6.443716000148925,18.443716000148925,0.077,5.903,0.4637160001489251,6.0
S00003,UPF,core-1,12,DONE,0.4417,0.44592,4.220068999984505,14.220068999984505,0.114,3.53,0.5760689999845057,5.0
S00003,UPF,core-1,13,DONE,0.45121,0.45573,4.511422999939896,14.511422999939896,0.064,3.78,0.667422999939896,5.0
S00008,Transcoder,core-1,7,DONE,0.45993,0.46962,9.687301999974807,21.687301999974807,0.197,8.748,0.7423019999748082,6.0
S00004,UPF,core-1,12,DONE,0.46449,0.46986,5.3756539998630615,17.37565399986306,0.193,4.112,1.0706539998630618,6.0
S00005,IMS-CSCF,core-1,10,DONE,0.46465,0.472,7.3497569999290135,17.349756999929014,0.511,6.112,0.7267569999290133,5.0
S00001,vRAN-DU,edge-A,20,DONE,0.47318,0.47811,4.927439999846683,4.927439999846683,0.127,3.415,1.3854399998466835,0.0
S00009,IoT-GW,edge-A,10,DONE,0.47663,0.47937,2.7371240000775288,2.7371240000775288,0.108,1.182,1.4471240000775287,0.0
S00003,UPF,core-1,14,DONE,0.47938,0.48382,4.440966999936791,14.44096699993679,0.08,3.805,0.5559669999367904,5.0
S00010,IoT-GW,edge-B,8,DONE,0.48081,0.48231,1.4967629999773635,1.4967629999773635,0.08,0.902,0.5147629999773634,0.0
S00003,UPF,core-1,15,DONE,0.48902,0.49232,3.291995999916253,13.291995999916253,0.122,2.394,0.7759959999162529,5.0
S00005,IMS-CSCF,core-1,11,DONE,0.49567,0.49873,3.0619320000369044,13.061932000036904,0.061,2.385,0.6159320000369046,5.0
S00006,IMS-CSCF,core-1,7,DONE,0.49993,0.50238,2.4527950001811405,14.45279500018114,0.098,1.729,0.6257950001811405,6.0
S00007,Transcoder,core-1,7,DONE,0.50673,0.51899,12.260588999879474,22.260588999879474,0.06,11.302,0.8985889998794736,5.0
S00001,vRAN-DU,edge-A,21,DONE,0.50811,0.51537,7.259507000071608,7.259507000071608,0.121,6.63,0.5085070000716074,0.0
S00001,vRAN-DU,edge-A,22,DONE,0.51856,0.52278,4.225970999868878,4.225970999868878,0.055,3.77,0.40097099986887796,0.0
S00007,Transcoder,core-1,8,DONE,0.53705,0.5442,7.1447089999310265,17.144708999931026,0.096,6.283,0.765708999931026,5.0
S00005,IMS-CSCF,core-1,12,DONE,0.54251,0.5449,2.3880250000729575,12.388025000072957,0.077,1.72,0.5910250000729576,5.0
S00002,vRAN-DU,edge-B,10,DONE,0.54923,0.55451,5.281737999894176,5.281737999894176,0.082,4.635,0.5647379998941764,0.0
S00003,UPF,core-1,16,DONE,0.55165,0.55403,2.3812920001091697,12.38129200010917,0.06,1.893,0.4282920001091697,5.0
S00010,IoT-GW,edge-B,9,DONE,0.55408,0.55619,2.1173129998715012,2.1173129998715012,0.049,1.316,0.7523129998715012,0.0
S00002,vRAN-DU,edge-B,11,DONE,0.56345,0.56962,6.166770999925575,6.166770999925575,0.08,5.498,0.5887709999255746,0.0
S00001,vRAN-DU,edge-A,23,DONE,0.56586,0.56928,3.4202849999473983,3.4202849999473983,0.087,2.835,0.49828499994739817,0.0
S00001,vRAN-DU,edge-A,24,DONE,0.5671,0.57072,3.618492999976297,3.618492999976297,0.056,3.221,0.341492999976297,0.0
S00001,vRAN-DU,edge-A,25,DONE,0.57288,0.5762,3.327097000010326,3.327097000010326,0.047,2.908,0.3720970000103261,0.0
S00004,UPF,core-1,13,DONE,0.57413,0.57664,2.511518000119395,14.511518000119395,0.118,2.045,0.34851800011939504,6.0
S00002,vRAN-DU,edge-B,12,DONE,0.57463,0.58014,5.507317000137846,5.507317000137846,0.107,3.17,2.2303170001378456,0.0
S00009,IoT-GW,edge-A,11,DONE,0.58014,0.58193,1.789759000075719,1.789759000075719,0.097,1.069,0.6237590000757192,0.0
S00002,vRAN-DU,edge-B,13,DONE,0.58149,0.58462,3.1303819998811377,3.1303819998811377,0.065,2.635,0.430381999881138,0.0
S00003,UPF,core-1,17,DONE,0.58182,0.58512,3.2998619999489165,13.299861999948916,0.069,2.72,0.5108619999489163,5.0
S00002,vRAN-DU,edge-B,14,DONE,0.5842,0.58738,3.1788169999344973,3.1788169999344973,0.1,2.409,0.6698169999344974,0.0
S00001,vRAN-DU,edge-A,26,DONE,0.58427,0.58778,3.5095210000690713,3.5095210000690713,0.065,2.926,0.5185210000690712,0.0
S00005,IMS-CSCF,core-1,13,DONE,0.59602,0.59816,2.1387939998476213,12.138793999847621,0.071,1.556,0.5117939998476211,5.0
S00009,IoT-GW,edge-A,12,DONE,0.59729,0.59876,1.4712529998632817,1.4712529998632817,0.058,1.009,0.4042529998632818,0.0
S00001,vRAN-DU,edge-A,27,DONE,0.60088,0.60414,3.264164000029268,3.264164000029268,0.053,2.736,0.47516400002926806,0.0
S00002,vRAN-DU,edge-B,15,DONE,0.60215,0.6069,4.751545000090118,4.751545000090118,0.114,2.889,1.7485450000901186,0.0
S00001,vRAN-DU,edge-A,28,DONE,0.60404,0.60707,3.031369999916933,3.031369999916933,0.042,2.632,0.3573699999169331,0.0
S00001,vRAN-DU,edge-A,29,DONE,0.6069,0.61231,5.407170000125916,5.407170000125916,0.037,5.096,0.27417000012591597,0.0
S00002,vRAN-DU,edge-B,16,DONE,0.60695,0.61144,4.489547000048333,4.489547000048333,0.052,3.907,0.5305470000483332,0.0
S00005,IMS-CSCF,core-1,14,DONE,0.60699,0.60895,1.9641809999484394,11.96418099994844,0.065,1.181,0.7181809999484394,5.0
S00009,IoT-GW,edge-A,13,DONE,0.61145,0.61298,1.531652000039685,1.531652000039685,0.089,1.013,0.42965200003968507,0.0
S00004,UPF,core-1,14,DONE,0.61617,0.62301,6.835558000148012,18.835558000148012,0.061,2.148,4.626558000148012,6.0
S00001,vRAN-DU,edge-A,30,DONE,0.62051,0.62564,5.13226099997155,5.13226099997155,0.058,4.619,0.45526099997155,0.0
S00010,IoT-GW,edge-B,10,DONE,0.62058,0.62398,3.4000610000930465,3.4000610000930465,0.062,2.924,0.4140610000930467,0.0
S00008,Transcoder,core-1,8,DONE,0.62064,0.63254,11.905871999942974,23.905871999942974,0.14,9.991,1.7748719999429738,6.0
S00007,Transcoder,core-1,9,DONE,0.62301,0.63503,12.016489999950863,22.016489999950863,0.071,10.685,1.2604899999508632,5.0
S00005,IMS-CSCF,core-1,15,DONE,0.62681,0.63498,8.165771999983917,18.165771999983917,0.053,4.674,3.438771999983916,5.0
S00006,IMS-CSCF,core-1,8,DONE,0.63255,0.6356,3.0504850001307204,15.05048500013072,0.149,2.238,0.6634850001307204,6.0
S00006,IMS-CSCF,core-1,9,DONE,0.63984,0.64182,1.9799669998974423,13.979966999897442,0.051,1.449,0.4799669998974423,6.0
S00003,UPF,core-1,18,DONE,0.64499,0.6479,2.904897999997047,12.904897999997047,0.051,2.525,0.32889799999704694,5.0
S00009,IoT-GW,edge-A,14,DONE,0.64626,0.64793,1.6672649999236455,1.6672649999236455,0.083,1.126,0.45826499992364567,0.0
S00007,Transcoder,core-1,10,DONE,0.65211,0.6589,6.782664999946064,16.782664999946064,0.05,6.284,0.44866499994606457,5.0
S00001,vRAN-DU,edge-A,31,DONE,0.66634,0.66985,3.503085000147621,3.503085000147621,0.087,2.763,0.6530850001476209,0.0
S00003,UPF,core-1,19,DONE,0.66657,0.67111,4.5330489999741985,14.533048999974199,0.115,3.939,0.47904899997419825,5.0
S00002,vRAN-DU,edge-B,17,DONE,0.66891,0.6736,4.6888980000403535,4.6888980000403535,0.12,4.003,0.5658980000403533,0.0
S00010,IoT-GW,edge-B,11,DONE,0.67336,0.67504,1.6870619999735936,1.6870619999735936,0.041,1.176,0.47006199997359377,0.0
S00001,vRAN-DU,edge-A,32,DONE,0.67478,0.67973,4.949298999918028,4.949298999918028,0.072,4.196,0.6812989999180283,0.0
S00005,IMS-CSCF,core-1,16,DONE,0.69104,0.69366,2.620342999989589,12.620342999989589,0.108,1.798,0.7143429999895887,5.0
S00006,IMS-CSCF,core-1,10,DONE,0.69117,0.69372,2.5487560001238307,14.54875600012383,0.179,1.732,0.6377560001238309,6.0
S00005,IMS-CSCF,core-1,17,DONE,0.69687,0.69865,1.7800059999899531,11.780005999989953,0.062,1.297,0.42100599998995314,5.0
S00007,Transcoder,core-1,11,DONE,0.69872,0.71202,13.296017999891774,23.296017999891774,0.051,9.5,3.7450179998917736,5.0
S00002,vRAN-DU,edge-B,18,DONE,0.69881,0.70268,3.8749020000068413,3.8749020000068413,0.077,3.351,0.4469020000068413,0.0
S00002,vRAN-DU,edge-B,19,DONE,0.70101,0.71243,11.42289300014454,11.42289300014454,0.065,10.809,0.5488930001445418,0.0
S00003,UPF,core-1,20,DONE,0.70391,0.708,4.093194000006406,14.093194000006406,0.08,3.35,0.6631940000064058,5.0
S00008,Transcoder,core-1,9,DONE,0.70398,0.7132,9.21842499997183,21.21842499997183,0.271,8.627,0.32042499997182894,6.0
S00002,vRAN-DU,edge-B,20,DONE,0.7073,0.71244,5.144000999962373,5.144000999962373,0.052,4.256,0.8360009999623728,0.0
S00001,vRAN-DU,edge-A,33,DONE,0.70736,0.71392,6.562304999988555,6.562304999988555,0.127,4.92,1.5153049999885555,0.0
S00006,IMS-CSCF,core-1,11,DONE,0.71244,0.71454,2.098889999842868,14.098889999842868,0.053,1.697,0.34888999984286784,6.0
S00007,Transcoder,core-1,12,DONE,0.71677,0.72902,12.247488999946654,22.247488999946654,0.069,10.95,1.228488999946654,5.0
S00002,vRAN-DU,edge-B,21,DONE,0.72021,0.72814,7.931182999982411,7.931182999982411,0.292,5.394,2.2451829999824113,0.0
S00004,UPF,core-1,15,DONE,0.72269,0.72752,4.826306000040859,16.82630600004086,0.164,3.947,0.7153060000408589,6.0
S00003,UPF,core-1,21,DONE,0.72426,0.73024,5.982594999977664,15.982594999977664,0.099,3.454,2.4295949999776636,5.0
S00002,vRAN-DU,edge-B,22,DONE,0.73554,0.74091,5.3725559998838435,5.3725559998838435,0.083,3.38,1.9095559998838434,0.0
S00008,Transcoder,core-1,10,DONE,0.73793,0.74699,9.056402999931379,21.05640299993138,0.072,8.32,0.6644029999313794,6.0
S00004,UPF,core-1,16,DONE,0.7431,0.74564,2.5368990000060876,14.536899000006088,0.065,1.949,0.5228990000060876,6.0
S00006,IMS-CSCF,core-1,12,DONE,0.74437,0.74697,2.6047970000036003,14.6047970000036,0.051,1.932,0.6217970000036002,6.0
S00006,IMS-CSCF,core-1,13,DONE,0.74564,0.74836,2.7134469999055,14.7134469999055,0.909,1.362,0.44244699990549985,6.0
S00002,vRAN-DU,edge-B,23,DONE,0.74571,0.74947,3.7616100000832375,3.7616100000832375,0.081,3.048,0.6326100000832375,0.0
S00010,IoT-GW,edge-B,12,DONE,0.74836,0.75043,2.0624650001082045,2.0624650001082045,0.165,1.385,0.5124650001082045,0.0
S00009,IoT-GW,edge-A,15,DONE,0.75268,0.75468,1.9967279999946186,1.9967279999946186,0.099,1.306,0.5917279999946186,0.0
S00002,vRAN-DU,edge-B,24,DONE,0.75589,0.7592,3.3106730002145923,3.3106730002145923,0.08,2.764,0.46667300021459246,0.0
S00005,IMS-CSCF,core-1,18,DONE,0.76042,0.76236,1.9482110001263209,11.94821100012632,0.138,1.356,0.4542110001263209,5.0
S00002,vRAN-DU,edge-B,25,DONE,0.7676,0.77101,3.411537000147291,3.411537000147291,0.073,2.84,0.4985370001472913,0.0
S00005,IMS-CSCF,core-1,19,DONE,0.77223,0.77425,2.011646999790173,12.011646999790173,0.082,1.44,0.4896469997901731,5.0
S00001,vRAN-DU,edge-A,34,DONE,0.77854,0.78268,4.138076000117508,4.138076000117508,0.093,3.365,0.6800760001175075,0.0
S00004,UPF,core-1,17,DONE,0.78088,0.78455,3.673998000067513,15.673998000067513,0.085,3.056,0.5329980000675132,6.0
S00010,IoT-GW,edge-B,13,DONE,0.80693,0.80904,2.11611300005643,2.11611300005643,0.16,1.2,0.75611300005643,0.0
S00006,IMS-CSCF,core-1,14,DONE,0.80906,0.81133,2.2748979999960284,14.274897999996028,0.088,1.464,0.7228979999960283,6.0
S00002,vRAN-DU,edge-B,26,DONE,0.81661,0.82054,3.933582999934515,3.933582999934515,0.087,3.143,0.7035829999345151,0.0
S00005,IMS-CSCF,core-1,20,DONE,0.82278,0.8263,3.520761000118,13.520761000118,0.088,2.857,0.5757610001179998,5.0
S00001,vRAN-DU,edge-A,35,DONE,0.82289,0.8263,3.419744999973773,3.419744999973773,0.079,2.848,0.49274499997377275,0.0
S00010,IoT-GW,edge-B,14,DONE,0.82958,0.83134,1.7617920000247977,1.7617920000247977,0.078,1.178,0.5057920000247977,0.0
S00009,IoT-GW,edge-A,16,DONE,0.83968,0.84164,1.9675519999964308,1.9675519999964308,0.088,1.255,0.6245519999964309,0.0
S00002,vRAN-DU,edge-B,27,DONE,0.84491,0.84964,4.730343000119319,4.730343000119319,0.08,4.045,0.6053430001193192,0.0
S00007,Transcoder,core-1,13,DONE,0.85395,0.86332,9.370569000111573,19.370569000111573,0.125,7.031,2.214569000111573,5.0
S00003,UPF,core-1,22,DONE,0.85578,0.85866,2.8837649999786663,12.883764999978666,0.158,2.186,0.5397649999786664,5.0
S00009,IoT-GW,edge-A,17,DONE,0.86087,0.86514,4.271023999990575,4.271023999990575,0.086,1.672,2.5130239999905752,0.0
S00007,Transcoder,core-1,14,DONE,0.86094,0.873,12.059800000088217,22.059800000088217,0.058,7.882,4.119800000088217,5.0
S00007,Transcoder,core-1,15,DONE,0.86515,0.87501,9.8574539999845,19.8574539999845,0.084,8.913,0.8604539999845002,5.0
S00002,vRAN-DU,edge-B,28,DONE,0.86745,0.88194,14.488411999991513,14.488411999991513,0.155,12.744,1.5894119999915137,0.0
S00004,UPF,core-1,18,DONE,0.87513,0.88711,11.976769000057175,23.976769000057175,0.091,9.901,1.9847690000571756,6.0
S00007,Transcoder,core-1,16,DONE,0.87529,0.89707,21.785090000093987,31.785090000093987,0.354,17.958,3.4730900000939897,5.0
S00007,Transcoder,core-1,17,DONE,0.87667,0.89709,20.415929000137112,30.415929000137112,0.065,18.699,1.651929000137109,5.0
S00005,IMS-CSCF,core-1,21,DONE,0.87682,0.88786,11.04575899989868,21.04575899989868,0.26,10.101,0.6847589998986798,5.0
S00003,UPF,core-1,23,DONE,0.8809,0.89067,9.773601000006238,19.773601000006238,6.015,2.666,1.0926010000062383,5.0
S00001,vRAN-DU,edge-A,36,DONE,0.88712,0.8971,9.980398999914541,9.980398999914541,0.084,5.752,4.144398999914542,0.0
S00002,vRAN-DU,edge-B,29,DONE,0.89068,0.90161,10.929113999964102,10.929113999964102,0.096,10.032,0.8011139999641017,0.0
S00001,vRAN-DU,edge-A,37,DONE,0.89296,0.90111,8.158197000057044,8.158197000057044,0.073,6.106,1.9791970000570434,0.0
S00003,UPF,core-1,24,DONE,0.8971,0.9016,4.494675999922038,14.494675999922038,0.095,3.65,0.7496759999220379,5.0
S00009,IoT-GW,edge-A,18,DONE,0.89719,0.90104,3.8470370000140974,3.8470370000140974,0.066,3.254,0.5270370000140976,0.0
S00001,vRAN-DU,edge-A,38,DONE,0.90587,0.90976,3.8912929999241896,3.8912929999241896,0.079,3.115,0.6972929999241892,0.0
S00007,Transcoder,core-1,18,DONE,0.91608,0.92379,7.707759999902919,17.70775999990292,0.094,6.891,0.7227599999029186,5.0
S00001,vRAN-DU,edge-A,39,DONE,0.91847,0.92199,3.5188980000384618,3.5188980000384618,0.078,2.841,0.5998980000384617,0.0
S00006,IMS-CSCF,core-1,15,DONE,0.92816,0.9306,2.439959000184899,14.4399590001849,0.086,1.587,0.7669590001848994,6.0
S00004,UPF,core-1,19,DONE,0.93061,0.93324,2.6300249999167136,14.630024999916714,0.054,2.148,0.4280249999167136,6.0
S00006,IMS-CSCF,core-1,16,DONE,0.93855,0.94144,2.8860549998626084,14.886054999862608,0.066,2.212,0.6080549998626084,6.0
S00008,Transcoder,core-1,11,DONE,0.94871,0.95686,8.145277000039641,20.14527700003964,0.069,7.453,0.6232770000396401,6.0
S00005,IMS-CSCF,core-1,22,DONE,0.95216,0.95465,2.4913270001434284,12.491327000143428,0.122,1.978,0.3913270001434286,5.0
S00006,IMS-CSCF,core-1,17,DONE,0.96315,0.96601,2.860526999938884,14.860526999938884,0.086,2.034,0.7405269999388842,6.0
S00004,UPF,core-1,20,DONE,0.96602,0.96895,2.9282230000262643,14.928223000026264,0.056,2.247,0.6252230000262644,6.0
S00008,Transcoder,core-1,12,DONE,0.96743,0.9762,8.763137999949322,20.763137999949322,0.058,8.168,0.5371379999493229,6.0
S00002,vRAN-DU,edge-B,30,DONE,0.96896,0.9729,3.9423420000730403,3.9423420000730403,0.081,3.244,0.6173420000730401,0.0
S00005,IMS-CSCF,core-1,23,DONE,0.97855,0.98185,3.298456000038641,13.298456000038641,0.073,2.412,0.813456000038641,5.0
S00006,IMS-CSCF,core-1,18,DONE,0.98308,0.9856,2.5184179999087064,14.518417999908706,0.108,1.712,0.6984179999087063,6.0
S00007,Transcoder,core-1,19,DONE,0.98995,1.00148,11.530730999993466,21.530730999993466,0.17,10.138,1.2227309999934661,5.0
S00005,IMS-CSCF,core-1,24,DONE,0.99013,0.99347,3.341668000075515,13.341668000075515,0.073,2.524,0.744668000075515,5.0
S00002,vRAN-DU,edge-B,31,DONE,1.00082,1.00581,4.997430999992503,4.997430999992503,0.084,4.325,0.5884309999925028,0.0
S00002,vRAN-DU,edge-B,32,DONE,1.00703,1.01068,3.6484830000063084,3.6484830000063084,0.131,2.886,0.6314830000063081,0.0
S00007,Transcoder,core-1,20,DONE,1.00839,1.01959,11.195629999974699,21.1956299999747,0.235,9.712,1.2486299999746997,5.0
S00005,IMS-CSCF,core-1,25,DONE,1.0139,1.01665,2.753306000158773,12.753306000158773,0.077,2.223,0.453306000158773,5.0
S00006,IMS-CSCF,core-1,19,DONE,1.01863,1.02255,3.9162860000487854,15.916286000048785,0.049,3.023,0.8442860000487853,6.0
S00005,IMS-CSCF,core-1,26,DONE,1.02087,1.02324,2.377876999844375,12.377876999844375,0.12,1.644,0.6138769998443749,5.0
S00005,IMS-CSCF,core-1,27,DONE,1.02758,1.03049,2.9162040000301204,12.91620400003012,0.107,1.946,0.8632040000301202,5.0
S00005,IMS-CSCF,core-1,28,DONE,1.03187,1.03445,2.5873220001813024,12.587322000181302,0.068,1.835,0.6843220001813024,5.0
S00009,IoT-GW,edge-A,19,DONE,1.03209,1.03445,2.352604999941832,2.352604999941832,0.104,1.452,0.7966049999418319,0.0
S00004,UPF,core-1,21,DONE,1.04277,1.04633,3.5611920000064856,15.561192000006486,0.093,2.851,0.6171920000064857,6.0
S00001,vRAN-DU,edge-A,40,DONE,1.045,1.05227,7.263658000056239,7.263658000056239,0.112,6.585,0.5666580000562389,0.0
S00001,vRAN-DU,edge-A,41,DONE,1.04511,1.05399,8.88666299988472,8.88666299988472,0.319,8.006,0.5616629998847191,0.0
S00005,IMS-CSCF,core-1,29,DONE,1.04855,1.05512,6.570403000068836,16.570403000068836,0.125,6.123,0.32240300006883604,5.0
S00005,IMS-CSCF,core-1,30,DONE,1.049,1.05699,7.98985200003699,17.98985200003699,5.849,1.451,0.6898520000369897,5.0
S00001,vRAN-DU,edge-A,42,DONE,1.05023,1.05508,4.8507190001600975,4.8507190001600975,1.887,2.594,0.3697190001600976,0.0
S00004,UPF,core-1,22,DONE,1.05829,1.06149,3.1951640000897896,15.19516400008979,0.065,2.349,0.7811640000897895,6.0
S00009,IoT-GW,edge-A,20,DONE,1.0668,1.07083,4.028009999956339,4.028009999956339,0.084,3.061,0.883009999956339,0.0
S00002,vRAN-DU,edge-B,33,DONE,1.06695,1.07349,6.53729900000144,6.53729900000144,0.086,5.951,0.5002990000014398,0.0
S00004,UPF,core-1,23,DONE,1.06946,1.07287,3.4105579998140456,15.410557999814046,0.13,2.713,0.5675579998140456,6.0
S00007,Transcoder,core-1,21,DONE,1.08796,1.09765,9.68662300010692,19.68662300010692,0.101,8.881,0.7046230001069187,5.0
S00004,UPF,core-1,24,DONE,1.09246,1.09554,3.083375000187516,15.083375000187516,0.083,2.163,0.837375000187516,6.0
S00004,UPF,core-1,25,DONE,1.09489,1.09791,3.0275510000592476,15.027551000059248,0.048,2.479,0.5005510000592475,6.0
S00001,vRAN-DU,edge-A,43,DONE,1.10623,1.10991,3.6751809998349927,3.6751809998349927,0.087,2.852,0.7361809998349926,0.0
S00003,UPF,core-1,25,DONE,1.1162,1.11939,3.187002000004213,13.187002000004213,0.086,2.393,0.7080020000042135,5.0
S00002,vRAN-DU,edge-B,34,DONE,1.12266,1.12622,3.5596779998741113,3.5596779998741113,0.089,2.955,0.5156779998741112,0.0
S00008,Transcoder,core-1,13,DONE,1.125,1.13331,8.307499000011376,20.307499000011376,0.08,7.773,0.454499000011376,6.0
S00003,UPF,core-1,26,DONE,1.12948,1.13215,2.6720220000697736,12.672022000069774,0.079,2.079,0.5140220000697733,5.0
S00005,IMS-CSCF,core-1,31,DONE,1.14365,1.14621,2.5517470000977482,12.551747000097748,0.14,1.674,0.7377470000977482,5.0
S00001,vRAN-DU,edge-A,44,DONE,1.1438,1.14744,3.639630999941801,3.639630999941801,0.094,3.004,0.541630999941801,0.0
S00008,Transcoder,core-1,14,DONE,1.1548,1.16262,7.816930999979377,19.816930999979377,0.086,7.074,0.6569309999793767,6.0
S00010,IoT-GW,edge-B,15,DONE,1.15499,1.1579,2.9119470000296133,2.9119470000296133,0.084,2.364,0.4639470000296133,0.0
S00010,IoT-GW,edge-B,16,DONE,1.15914,1.16048,1.3379100000747712,1.3379100000747712,0.118,0.854,0.36591000007477137,0.0
S00001,vRAN-DU,edge-A,45,DONE,1.16899,1.17271,3.7221190000309434,3.7221190000309434,0.091,3.002,0.6291190000309435,0.0
S00010,IoT-GW,edge-B,17,DONE,1.17233,1.17418,1.8479939999451744,1.8479939999451744,0.099,1.015,0.7339939999451746,0.0
S00009,IoT-GW,edge-A,21,DONE,1.17393,1.17547,1.537126000130229,1.537126000130229,0.058,0.967,0.5121260001302289,0.0
S00005,IMS-CSCF,core-1,32,DONE,1.17868,1.18069,2.0064089999323187,12.006408999932319,0.083,1.437,0.4864089999323187,5.0
S00004,UPF,core-1,26,DONE,1.19103,1.19463,3.602075000117111,15.602075000117111,0.088,2.331,1.1830750001171109,6.0
S00006,IMS-CSCF,core-1,20,DONE,1.19447,1.19622,1.7480879998856835,13.748087999885684,0.051,1.322,0.37508799988568353,6.0
S00006,IMS-CSCF,core-1,21,DONE,1.2026,1.2054,2.7907279998089507,14.79072799980895,0.082,2.03,0.678727999808951,6.0
S00002,vRAN-DU,edge-B,35,DONE,1.20778,1.21118,3.3979620000081923,3.3979620000081923,0.091,2.795,0.5119620000081921,0.0
S00004,UPF,core-1,27,DONE,1.21241,1.21616,3.7405840000701573,15.740584000070157,0.071,3.176,0.493584000070157,6.0
S00003,UPF,core-1,27,DONE,1.21374,1.21621,2.4659579999024572,12.465957999902457,0.055,1.98,0.4309579999024571,5.0
S00009,IoT-GW,edge-A,22,DONE,1.22065,1.22313,2.4817949999942357,2.4817949999942357,0.087,1.687,0.7077949999942355,0.0
S00002,vRAN-DU,edge-B,36,DONE,1.22282,1.22661,3.7920300001133,3.7920300001133,0.081,3.124,0.5870300001133,0.0
S00009,IoT-GW,edge-A,23,DONE,1.22888,1.23049,1.6117489999487589,1.6117489999487589,0.074,1.009,0.5287489999487589,0.0
S00010,IoT-GW,edge-B,18,DONE,1.229,1.23057,1.566672000080871,1.566672000080871,0.068,1.079,0.4196720000808709,0.0
S00005,IMS-CSCF,core-1,33,DONE,1.23594,1.2385,2.5566109998180764,12.556610999818076,0.15,1.725,0.6816109998180764,5.0
S00006,IMS-CSCF,core-1,22,DONE,1.23856,1.24064,2.0841120001477975,14.084112000147798,0.056,1.488,0.5401120001477975,6.0
S00004,UPF,core-1,28,DONE,1.24065,1.24551,4.859857999917949,16.85985799991795,0.05,4.258,0.5518579999179494,6.0
S00003,UPF,core-1,28,DONE,1.24503,1.24808,3.0479250001462788,13.047925000146279,0.055,2.207,0.7859250001462788,5.0
S00009,IoT-GW,edge-A,24,DONE,1.24821,1.25055,2.332929999965927,2.332929999965927,0.082,1.541,0.7099299999659272,0.0
S00003,UPF,core-1,29,DONE,1.25056,1.25344,2.881824000041888,12.881824000041888,0.065,2.362,0.45482400004188817,5.0
S00004,UPF,core-1,29,DONE,1.2638,1.2669,3.1037809999361343,15.103780999936134,0.083,2.287,0.7337809999361342,6.0
S00001,vRAN-DU,edge-A,46,DONE,1.26691,1.27041,3.4977299999354727,3.4977299999354727,0.079,2.786,0.6327299999354725,0.0
S00004,UPF,core-1,30,DONE,1.28575,1.28925,3.5046339999098564,15.504633999909856,0.093,2.653,0.7586339999098564,6.0
S00001,vRAN-DU,edge-A,47,DONE,1.28926,1.2929,3.6458970000694535,3.6458970000694535,0.078,3.012,0.5558970000694536,0.0
S00001,vRAN-DU,edge-A,48,DONE,1.29058,1.29347,2.891868999995495,2.891868999995495,0.055,2.445,0.39186899999549496,0.0
S00005,IMS-CSCF,core-1,34,DONE,1.2967,1.2996,2.895824999995966,12.895824999995966,0.094,2.234,0.5678249999959664,5.0
S00005,IMS-CSCF,core-1,35,DONE,1.29801,1.30105,3.046765999897616,13.046765999897616,1.322,1.304,0.42076599989761587,5.0
S00006,IMS-CSCF,core-1,23,DONE,1.30426,1.30711,2.8420659998573683,14.842065999857368,0.089,1.456,1.2970659998573684,6.0
S00009,IoT-GW,edge-A,25,DONE,1.31068,1.31303,2.3533399998996174,2.3533399998996174,0.478,1.283,0.5923399998996175,0.0
S00002,vRAN-DU,edge-B,37,DONE,1.31451,1.32012,5.60974800009717,5.60974800009717,0.107,4.836,0.6667480000971695,0.0
S00004,UPF,core-1,31,DONE,1.32445,1.32769,3.2434449999527715,15.243444999952771,0.13,2.309,0.8044449999527714,6.0
S00001,vRAN-DU,edge-A,49,DONE,1.33815,1.34444,6.287289000056262,6.287289000056262,0.09,5.185,1.0122890000562625,0.0
S00009,IoT-GW,edge-A,26,DONE,1.34669,1.34843,1.7362870000852126,1.7362870000852126,0.07,1.139,0.5272870000852126,0.0
S00002,vRAN-DU,edge-B,38,DONE,1.35068,1.35405,3.371014000094874,3.371014000094874,0.082,2.686,0.6030140000948743,0.0
S00005,IMS-CSCF,core-1,36,DONE,1.35196,1.35406,2.101366000033522,12.101366000033522,0.083,1.547,0.471366000033522,5.0
S00005,IMS-CSCF,core-1,37,DONE,1.35827,1.36119,2.9212639999514067,12.921263999951407,0.063,1.859,0.9992639999514066,5.0
S00010,IoT-GW,edge-B,19,DONE,1.3612,1.36375,2.551813000081893,2.551813000081893,0.114,1.617,0.820813000081893,0.0
S00010,IoT-GW,edge-B,20,DONE,1.36262,1.36584,3.2155000001239387,3.2155000001239387,0.698,1.949,0.5685000001239386,0.0
S00009,IoT-GW,edge-A,27,DONE,1.36376,1.36567,1.9176900000275054,1.9176900000275054,0.141,1.234,0.5426900000275054,0.0
S00007,Transcoder,core-1,22,DONE,1.36568,1.37356,7.87789200012412,17.87789200012412,0.135,7.031,0.7118920001241209,5.0
S00003,UPF,core-1,30,DONE,1.36575,1.37355,7.799585999919145,17.799585999919145,0.217,6.896,0.6865859999191457,5.0
S00006,IMS-CSCF,core-1,24,DONE,1.36887,1.37442,5.550366000079521,17.55036600007952,0.072,4.364,1.1143660000795208,6.0
S00005,IMS-CSCF,core-1,38,DONE,1.37121,1.37544,4.222790000085297,14.222790000085297,0.063,3.657,0.5027900000852972,5.0
S00009,IoT-GW,edge-A,28,DONE,1.37664,1.37946,2.8176390001135587,2.8176390001135587,0.081,2.075,0.6616390001135586,0.0
S00002,vRAN-DU,edge-B,39,DONE,1.37802,1.38607,8.048613000028126,8.048613000028126,0.092,7.239,0.7176130000281269,0.0
S00006,IMS-CSCF,core-1,25,DONE,1.37812,1.38119,3.063869000015984,15.063869000015984,0.068,2.14,0.8558690000159839,6.0
S00006,IMS-CSCF,core-1,26,DONE,1.38346,1.38689,3.4327769999435986,15.432776999943599,0.072,2.734,0.6267769999435986,6.0
S00008,Transcoder,core-1,15,DONE,1.39423,1.40775,13.5134739998648,25.5134739998648,0.13,12.48,0.9034739998647989,6.0
S00010,IoT-GW,edge-B,21,DONE,1.39576,1.40379,8.032864000142581,8.032864000142581,0.199,6.691,1.1428640001425814,0.0
S00004,UPF,core-1,32,DONE,1.39592,1.40412,8.196361000045727,20.196361000045727,0.154,7.007,1.035361000045727,6.0
S00009,IoT-GW,edge-A,29,DONE,1.39825,1.40244,4.1927719998966495,4.1927719998966495,0.115,3.342,0.7357719998966492,0.0
S00010,IoT-GW,edge-B,22,DONE,1.40186,1.4051,3.247674000022016,3.247674000022016,0.074,1.404,1.7696740000220164,0.0
S00001,vRAN-DU,edge-A,50,DONE,1.40245,1.40774,5.290844000001016,5.290844000001016,0.054,4.555,0.681844000001016,0.0
S00005,IMS-CSCF,core-1,39,DONE,1.40891,1.41289,3.9822250000725035,13.982225000072503,0.094,3.296,0.5922250000725038,5.0
S00009,IoT-GW,edge-A,30,DONE,1.41528,1.41869,3.4082800000305724,3.4082800000305724,0.099,2.418,0.8912800000305721,0.0
S00009,IoT-GW,edge-A,31,DONE,1.41869,1.42175,3.055489999951533,3.055489999951533,0.091,2.288,0.6764899999515328,0.0
S00001,vRAN-DU,edge-A,51,DONE,1.42816,1.43558,7.425813000054404,7.425813000054404,0.189,6.433,0.8038130000544044,0.0
S00003,UPF,core-1,31,DONE,1.42842,1.43355,5.123896999975841,15.123896999975841,0.204,4.127,0.7928969999758415,5.0
S00004,UPF,core-1,33,DONE,1.42925,1.44148,12.234109000019089,24.23410900001909,0.127,8.595,3.5121090000190875,6.0
S00005,IMS-CSCF,core-1,40,DONE,1.43056,1.43907,8.51258600005167,18.51258600005167,0.169,6.108,2.2355860000516694,5.0
S00007,Transcoder,core-1,23,DONE,1.43796,1.45304,15.089237999973193,25.089237999973193,0.397,14.136,0.5562379999731935,5.0
S00010,IoT-GW,edge-B,23,DONE,1.44028,1.44278,2.50245500001256,2.50245500001256,0.103,1.915,0.4844550000125598,0.0
S00004,UPF,core-1,34,DONE,1.44444,1.44802,3.5800040000140143,15.580004000014014,0.06,2.249,1.2710040000140141,6.0
S00009,IoT-GW,edge-A,32,DONE,1.44756,1.44954,1.9723509999494127,1.9723509999494127,0.112,1.277,0.5833509999494126,0.0
S00010,IoT-GW,edge-B,24,DONE,1.45071,1.45222,1.517908000096213,1.517908000096213,0.075,1.003,0.4399080000962132,0.0
S00002,vRAN-DU,edge-B,40,DONE,1.46342,1.46764,4.221075000032215,4.221075000032215,0.143,3.228,0.850075000032215,0.0
S00003,UPF,core-1,32,DONE,1.47095,1.47582,4.8764389998723345,14.876438999872335,0.26,3.852,0.7644389998723349,5.0
S00008,Transcoder,core-1,16,DONE,1.47812,1.49352,15.407753000090452,27.40775300009045,0.125,14.467,0.8157530000904512,6.0
S00003,UPF,core-1,33,DONE,1.48161,1.48998,8.375789999945482,18.375789999945482,0.124,7.427,0.824789999945482,5.0
S00008,Transcoder,core-1,17,DONE,1.48175,1.5013,19.549857000129123,31.549857000129123,0.472,18.404,0.6738570001291215,6.0
S00003,UPF,core-1,34,DONE,1.48814,1.49767,9.524454000029436,19.524454000029436,0.086,7.433,2.0054540000294363,5.0
S00008,Transcoder,core-1,18,DONE,1.4929,1.50921,16.307906000065486,28.307906000065486,0.088,14.907,1.3129060000654853,6.0
S00010,IoT-GW,edge-B,25,DONE,1.49301,1.50129,8.270938000123351,8.270938000123351,0.486,7.024,0.7609380001233514,0.0
S00002,vRAN-DU,edge-B,41,DONE,1.5013,1.51018,8.879685000010795,8.879685000010795,0.084,8.299,0.4966850000107961,0.0
S00001,vRAN-DU,edge-A,52,DONE,1.50377,1.51302,9.249202000091827,9.249202000091827,0.113,8.061,1.0752020000918279,0.0
S00006,IMS-CSCF,core-1,27,DONE,1.50447,1.51012,5.647406999969462,17.647406999969462,0.142,4.759,0.7464069999694614,6.0
S00003,UPF,core-1,35,DONE,1.50922,1.51793,8.710378000159835,18.710378000159835,0.106,7.795,0.8093780001598354,5.0
S00008,Transcoder,core-1,19,DONE,1.5093,1.52544,16.143565999982457,28.143565999982457,0.145,15.089,0.9095659999824566,6.0
S00006,IMS-CSCF,core-1,28,DONE,1.51302,1.51526,2.240581000023667,14.240581000023667,0.163,1.638,0.4395810000236673,6.0
S00007,Transcoder,core-1,24,DONE,1.5192,1.52951,10.314171000118222,20.314171000118222,0.077,9.576,0.6611710001182214,5.0
S00002,vRAN-DU,edge-B,42,DONE,1.53183,1.53725,5.41994600007456,5.41994600007456,0.193,4.368,0.8589460000745603,0.0
S00003,UPF,core-1,36,DONE,1.53856,1.54226,3.701825000007375,13.701825000007375,0.107,2.903,0.6918250000073747,5.0
S00002,vRAN-DU,edge-B,43,DONE,1.54227,1.54905,6.7727979999290255,6.7727979999290255,0.083,4.058,2.6317979999290255,0.0
S00001,vRAN-DU,edge-A,53,DONE,1.54668,1.55197,5.281363999984023,5.281363999984023,0.109,4.671,0.5013639999840231,0.0
S00003,UPF,core-1,37,DONE,1.54906,1.55301,3.954080999847065,13.954080999847065,0.125,3.412,0.41708099984706504,5.0
S00006,IMS-CSCF,core-1,29,DONE,1.54962,1.55159,1.9741199998861703,13.97411999988617,0.058,1.538,0.3781199998861702,6.0
S00001,vRAN-DU,edge-A,54,DONE,1.56339,1.56706,3.6649730000135605,3.6649730000135605,0.079,2.979,0.6069730000135602,0.0
S00006,IMS-CSCF,core-1,30,DONE,1.5693,1.57158,2.2844580000764836,14.284458000076484,0.083,1.567,0.6344580000764835,6.0
S00010,IoT-GW,edge-B,26,DONE,1.56946,1.57097,1.509066999915376,1.509066999915376,0.079,0.984,0.44606699991537613,0.0
S00001,vRAN-DU,edge-A,55,DONE,1.57693,1.58185,4.920827999967514,4.920827999967514,0.123,4.164,0.6338279999675143,0.0
S00001,vRAN-DU,edge-A,56,DONE,1.57706,1.58128,4.226551000101608,4.226551000101608,0.176,3.517,0.5335510001016082,0.0
S00003,UPF,core-1,38,DONE,1.5804,1.58345,3.050649999977395,13.050649999977395,0.145,2.277,0.6286499999773949,5.0
S00006,IMS-CSCF,core-1,31,DONE,1.58053,1.58414,3.616466000039509,15.616466000039509,0.165,3.004,0.44746600003950876,6.0
S00009,IoT-GW,edge-A,33,DONE,1.58557,1.5875,1.934226999992461,1.934226999992461,0.093,1.209,0.632226999992461,0.0
S00007,Transcoder,core-1,25,DONE,1.59485,1.60228,7.425429000022632,17.425429000022632,0.201,6.052,1.1724290000226327,5.0
S00003,UPF,core-1,39,DONE,1.60228,1.60481,2.532034999831012,12.532034999831012,0.058,1.976,0.4980349998310123,5.0
S00004,UPF,core-1,35,DONE,1.60808,1.61113,3.041213999949832,15.041213999949832,0.087,2.257,0.6972139999498319,6.0
S00001,vRAN-DU,edge-A,57,DONE,1.61655,1.62063,4.079879000073561,4.079879000073561,0.085,3.317,0.6778790000735606,0.0
S00005,IMS-CSCF,core-1,41,DONE,1.61789,1.62167,3.780797999979768,13.780797999979768,0.077,3.217,0.486797999979768,5.0
S00005,IMS-CSCF,core-1,42,DONE,1.62392,1.63016,6.239764999918407,16.239764999918407,3.773,1.912,0.5547649999184068,5.0
S00004,UPF,core-1,36,DONE,1.63249,1.63712,4.631082000059905,16.631082000059905,0.084,3.968,0.5790820000599055,6.0
S00009,IoT-GW,edge-A,34,DONE,1.65654,1.66104,4.5002109998222295,4.5002109998222295,0.126,2.73,1.6442109998222292,0.0
S00008,Transcoder,core-1,20,DONE,1.65671,1.669,12.286664000157543,24.286664000157543,0.093,11.553,0.6406640001575425,6.0
S00009,IoT-GW,edge-A,35,DONE,1.6585,1.66906,10.563293999894086,10.563293999894086,0.804,8.464,1.295293999894085,0.0
S00008,Transcoder,core-1,21,DONE,1.65858,1.66595,7.367046999888771,19.36704699988877,0.077,6.842,0.4480469998887715,6.0
S00007,Transcoder,core-1,26,DONE,1.66105,1.67194,10.897997000029136,20.897997000029136,0.06,10.405,0.4329970000291361,5.0
S00002,vRAN-DU,edge-B,44,DONE,1.67523,1.67896,3.732027000069138,3.732027000069138,0.083,2.994,0.6550270000691376,0.0
S00002,vRAN-DU,edge-B,45,DONE,1.68222,1.68587,3.6540940000122646,3.6540940000122646,0.131,3.04,0.4830940000122643,0.0
S00010,IoT-GW,edge-B,27,DONE,1.68236,1.68493,2.5645020000411023,2.5645020000411023,0.145,1.077,1.3425020000411023,0.0
S00003,UPF,core-1,40,DONE,1.68911,1.69423,5.110742999931972,15.110742999931972,0.166,4.103,0.8417429999319719,5.0
S00005,IMS-CSCF,core-1,43,DONE,1.68927,1.69178,2.510681999865483,12.510681999865483,0.275,1.518,0.7176819998654829,5.0
S00009,IoT-GW,edge-A,36,DONE,1.69179,1.69348,1.6928560000906145,1.6928560000906145,0.079,1.122,0.4918560000906145,0.0
S00004,UPF,core-1,37,DONE,1.69745,1.69993,2.4800759999834554,14.480075999983455,0.069,1.986,0.42507599998345547,6.0
S00006,IMS-CSCF,core-1,32,DONE,1.70417,1.70637,2.2037029998500657,14.203702999850066,0.073,1.522,0.6087029998500657,6.0
S00003,UPF,core-1,41,DONE,1.70762,1.71237,4.752122999889252,14.752122999889252,0.056,4.117,0.5791229998892522,5.0
S00003,UPF,core-1,42,DONE,1.71105,1.71651,5.45435300000463,15.45435300000463,0.788,3.84,0.8263530000046302,5.0
S00006,IMS-CSCF,core-1,33,DONE,1.721,1.72426,3.2636319999710395,15.26363199997104,0.129,2.169,0.9656319999710394,6.0
S00002,vRAN-DU,edge-B,46,DONE,1.72244,1.72914,6.699996999941504,6.699996999941504,0.122,4.924,1.653996999941504,0.0
S00009,IoT-GW,edge-A,37,DONE,1.72427,1.72716,2.890204000095764,2.890204000095764,0.181,1.935,0.774204000095764,0.0
S00004,UPF,core-1,38,DONE,1.73259,1.74053,7.935990000078164,19.935990000078164,0.108,6.47,1.3579900000781642,6.0
S00010,IoT-GW,edge-B,28,DONE,1.73283,1.73539,2.560455000093498,2.560455000093498,0.115,1.363,1.0824550000934976,0.0
S00002,vRAN-DU,edge-B,47,DONE,1.7354,1.74054,5.1401430000623805,5.1401430000623805,0.079,3.997,1.0641430000623808,0.0
S00003,UPF,core-1,43,DONE,1.7368,1.75005,13.255895999918721,23.25589599991872,0.128,9.153,3.9748959999187203,5.0
S00007,Transcoder,core-1,27,DONE,1.73813,1.75482,16.69339399995806,26.69339399995806,0.213,14.404,2.0763939999580607,5.0
S00010,IoT-GW,edge-B,29,DONE,1.74055,1.7425,1.953343000195673,1.953343000195673,0.083,1.263,0.6073430001956732,0.0
S00002,vRAN-DU,edge-B,48,DONE,1.74478,1.75129,6.513757999982772,6.513757999982772,0.067,5.864,0.5827579999827721,0.0
S00006,IMS-CSCF,core-1,34,DONE,1.75006,1.75375,3.6866440000267175,15.686644000026718,0.1,2.903,0.6836440000267174,6.0
S00009,IoT-GW,edge-A,38,DONE,1.75259,1.75507,2.4748820001150307,2.4748820001150307,0.109,1.727,0.6388820001150306,0.0
S00008,Transcoder,core-1,22,DONE,1.76559,1.77755,11.964174000013372,23.964174000013372,0.154,8.713,3.097174000013373,6.0
S00003,UPF,core-1,44,DONE,1.76578,1.77425,8.462946999998167,18.462946999998167,0.317,6.56,1.5859469999981668,5.0
S00003,UPF,core-1,45,DONE,1.77425,1.77888,4.628245000048992,14.628245000048992,0.196,3.608,0.8242450000489918,5.0
S00002,vRAN-DU,edge-B,49,DONE,1.7744,1.77923,4.831478999903993,4.831478999903993,0.112,4.144,0.5754789999039929,0.0
S00009,IoT-GW,edge-A,39,DONE,1.77572,1.78048,4.761594000001423,4.761594000001423,0.08,2.815,1.8665940000014234,0.0
S00002,vRAN-DU,edge-B,50,DONE,1.78048,1.78859,8.105324999860386,8.105324999860386,0.1,7.302,0.7033249998603868,0.0
S00003,UPF,core-1,46,DONE,1.78262,1.78599,3.3726929998465494,13.37269299984655,0.113,2.351,0.9086929998465494,5.0
S00006,IMS-CSCF,core-1,35,DONE,1.786,1.78854,2.541135999990729,14.541135999990729,0.139,1.845,0.5571359999907288,6.0
S00002,vRAN-DU,edge-B,51,DONE,1.80808,1.81266,4.577858999937234,4.577858999937234,0.262,3.371,0.9448589999372339,0.0
S00010,IoT-GW,edge-B,30,DONE,1.80826,1.8123,4.045039999937217,4.045039999937217,0.382,1.691,1.9720399999372165,0.0
S00006,IMS-CSCF,core-1,36,DONE,1.81394,1.8169,2.958697999929427,14.958697999929427,0.152,2.013,0.7936979999294271,6.0
S00009,IoT-GW,edge-A,40,DONE,1.83639,1.83848,2.0854689998941467,2.0854689998941467,0.103,1.236,0.7464689998941467,0.0
S00009,IoT-GW,edge-A,41,DONE,1.83656,1.83984,3.283754999984012,3.283754999984012,1.553,1.038,0.6927549999840121,0.0
S00005,IMS-CSCF,core-1,44,DONE,1.83781,1.8418,3.9955550000740914,13.995555000074091,0.096,2.943,0.9565550000740912,5.0
S00005,IMS-CSCF,core-1,45,DONE,1.85913,1.86191,2.7758300000186864,12.775830000018686,0.205,1.709,0.8618300000186863,5.0
S00003,UPF,core-1,47,DONE,1.85929,1.86275,3.462001000116288,13.462001000116288,0.083,2.66,0.7190010001162879,5.0
S00004,UPF,core-1,39,DONE,1.86893,1.87189,2.9594610000458488,14.959461000045849,0.154,2.162,0.6434610000458489,6.0
S00003,UPF,core-1,48,DONE,1.87133,1.87441,3.0792160000601143,13.079216000060114,0.054,2.117,0.9082160000601145,5.0
S00009,IoT-GW,edge-A,42,DONE,1.8732,1.87477,1.576600999896982,1.576600999896982,0.075,0.984,0.5176009998969822,0.0
S00009,IoT-GW,edge-A,43,DONE,1.87901,1.88254,3.5322699998232565,3.5322699998232565,0.08,1.692,1.7602699998232565,0.0
S00001,vRAN-DU,edge-A,58,DONE,1.88255,1.88697,4.415057999949568,4.415057999949568,0.059,3.812,0.5440579999495676,0.0
S00003,UPF,core-1,49,DONE,1.88278,1.88543,2.6496820000829757,12.649682000082976,0.086,2.069,0.4946820000829759,5.0
S00005,IMS-CSCF,core-1,46,DONE,1.89821,1.90063,2.420275000076799,12.4202750000768,0.091,1.612,0.7172750000767989,5.0
S00006,IMS-CSCF,core-1,37,DONE,1.902,1.90435,2.35436900015884,14.35436900015884,0.077,1.532,0.7453690001588402,6.0
S00009,IoT-GW,edge-A,44,DONE,1.90658,1.90887,2.294011000003593,2.294011000003593,0.111,1.513,0.6700110000035928,0.0
S00002,vRAN-DU,edge-B,52,DONE,1.90833,1.9128,4.472447999887663,4.472447999887663,0.121,3.429,0.9224479998876629,0.0
S00003,UPF,core-1,50,DONE,1.91281,1.91565,2.8349230001367687,12.834923000136769,0.082,2.172,0.5809230001367687,5.0
S00010,IoT-GW,edge-B,31,DONE,1.92599,1.92791,1.9186280001122213,1.9186280001122213,0.099,1.189,0.6306280001122213,0.0
S00004,UPF,core-1,40,DONE,1.92913,1.93194,2.8070349999325117,14.807034999932512,0.084,2.139,0.5840349999325118,6.0
S00010,IoT-GW,edge-B,32,DONE,1.94936,1.95149,2.134169000100883,2.134169000100883,0.088,1.293,0.7531690001008828,0.0
S00002,vRAN-DU,edge-B,53,DONE,1.95379,1.95756,3.7753229998997995,3.7753229998997995,0.085,3.047,0.6433229998997994,0.0
S00010,IoT-GW,edge-B,33,DONE,1.96186,1.96377,1.9100899999102694,1.9100899999102694,0.077,1.274,0.5590899999102694,0.0
S00005,IMS-CSCF,core-1,47,DONE,1.96603,1.96829,2.2570080000150483,12.257008000015048,0.088,1.547,0.6220080000150483,5.0
S00007,Transcoder,core-1,28,DONE,1.96829,1.97463,6.337627999982942,16.337627999982942,0.054,5.848,0.435627999982942,5.0
S00004,UPF,core-1,41,DONE,1.97069,1.9731,2.4050399999850924,14.405039999985092,0.057,1.863,0.4850399999850925,6.0
S00006,IMS-CSCF,core-1,38,DONE,1.98195,1.98418,2.2245399998155335,14.224539999815534,0.095,1.481,0.6485399998155332,6.0
S00002,vRAN-DU,edge-B,54,DONE,1.98753,1.99247,4.935832999990453,4.935832999990453,0.085,2.997,1.8538329999904528,0.0
S00003,UPF,core-1,51,DONE,1.9889,1.99267,3.771787999994558,13.771787999994558,0.099,3.24,0.43278799999455764,5.0
S00010,IoT-GW,edge-B,34,DONE,1.99017,1.99248,2.309361000015997,2.309361000015997,0.078,1.322,0.9093610000159971,0.0
S00001,vRAN-DU,edge-A,59,DONE,1.99248,1.99583,3.3465939998222893,3.3465939998222893,0.077,2.642,0.6275939998222895,0.0
S00002,vRAN-DU,edge-B,55,DONE,1.99255,1.99552,2.973343999883582,2.973343999883582,0.098,2.442,0.43334399988358197,0.0
S00004,UPF,core-1,42,DONE,2.00015,2.00613,5.982957000014721,17.98295700001472,0.095,4.711,1.1769570000147214,6.0
S00002,vRAN-DU,edge-B,56,DONE,2.00258,2.00656,3.9765870001247094,3.9765870001247094,0.108,3.261,0.6075870001247092,0.0
S00010,IoT-GW,edge-B,35,DONE,2.0027,2.00648,3.773738000063531,3.773738000063531,1.947,1.381,0.44573800006353115,0.0
S00009,IoT-GW,edge-A,45,DONE,2.00274,2.00424,1.499566000120467,1.499566000120467,0.075,0.963,0.461566000120467,0.0
S00003,UPF,core-1,52,DONE,2.01196,2.01645,4.4957830000385,14.4957830000385,0.09,3.637,0.7687830000385003,5.0
S00009,IoT-GW,edge-A,46,DONE,2.0144,2.01651,2.1114500000294356,2.1114500000294356,0.081,1.474,0.5564500000294357,0.0
S00005,IMS-CSCF,core-1,48,DONE,2.02396,2.02785,3.896381000004112,13.896381000004112,0.116,2.429,1.3513810000041122,5.0
S00003,UPF,core-1,53,DONE,2.02652,2.03017,3.65053599989551,13.65053599989551,0.074,2.357,1.21953599989551,5.0
S00006,IMS-CSCF,core-1,39,DONE,2.02786,2.03119,3.3333479998418625,15.333347999841862,0.067,2.796,0.4703479998418625,6.0
S00005,IMS-CSCF,core-1,49,DONE,2.03656,2.03927,2.710418000106074,12.710418000106074,0.079,1.954,0.6774180001060739,5.0
S00003,UPF,core-1,54,DONE,2.03798,2.04209,4.114934999961406,14.114934999961406,0.208,3.34,0.566934999961406,5.0
S00004,UPF,core-1,43,DONE,2.04443,2.04912,4.688579999992726,16.688579999992726,0.147,3.259,1.2825799999927257,6.0
S00001,vRAN-DU,edge-A,60,DONE,2.06469,2.06853,3.838503999986642,3.838503999986642,0.083,2.955,0.8005039999866419,0.0
S00004,UPF,core-1,44,DONE,2.07086,2.07408,3.22029099993415,15.22029099993415,0.086,2.543,0.59129099993415,6.0
S00006,IMS-CSCF,core-1,40,DONE,2.08445,2.08694,2.487016000031872,14.487016000031872,0.092,1.687,0.7080160000318718,6.0
S00006,IMS-CSCF,core-1,41,DONE,2.0858,2.08866,2.859231999991607,14.859231999991607,0.904,1.536,0.4192319999916072,6.0
S00003,UPF,core-1,55,DONE,2.09193,2.09479,2.855396999848381,12.85539699984838,0.101,2.152,0.6023969998483807,5.0
S00005,IMS-CSCF,core-1,50,DONE,2.09479,2.09685,2.054529999895749,12.054529999895749,0.051,1.433,0.5705299998957487,5.0
S00002,vRAN-DU,edge-B,57,DONE,2.09686,2.10091,4.050189000054161,4.050189000054161,0.082,3.163,0.805189000054161,0.0
S00010,IoT-GW,edge-B,36,DONE,2.10735,2.10963,2.2786810000070545,2.2786810000070545,0.104,1.374,0.8006810000070543,0.0
S00006,IMS-CSCF,core-1,42,DONE,2.11397,2.11671,2.7369300000827934,14.736930000082793,0.092,1.925,0.7199300000827933,6.0
S00006,IMS-CSCF,core-1,43,DONE,2.12092,2.1231,2.179642000101012,14.179642000101012,0.128,1.492,0.5596420001010118,6.0
S00007,Transcoder,core-1,29,DONE,2.12537,2.1345,9.135181000146986,19.135181000146986,0.065,8.549,0.5211810001469868,5.0
S00010,IoT-GW,edge-B,37,DONE,2.12976,2.13409,4.3279400001665636,4.3279400001665636,0.091,3.724,0.5129400001665632,0.0
S00005,IMS-CSCF,core-1,51,DONE,2.13571,2.13785,2.142190000085975,12.142190000085975,0.123,1.576,0.44319000008597476,5.0
S00004,UPF,core-1,45,DONE,2.14313,2.14585,2.727628000002369,14.727628000002369,0.073,2.104,0.5506280000023689,6.0
S00005,IMS-CSCF,core-1,52,DONE,2.15125,2.15401,2.758611999979621,12.758611999979621,0.074,2.046,0.6386119999796214,5.0
S00001,vRAN-DU,edge-A,61,DONE,2.15725,2.16192,4.670378000128039,4.670378000128039,0.135,3.911,0.6243780001280395,0.0
S00007,Transcoder,core-1,30,DONE,2.16437,2.1735,9.122198000113713,19.122198000113713,0.135,7.506,1.4811980001137126,5.0
S00005,IMS-CSCF,core-1,53,DONE,2.16883,2.17349,4.660964000095191,14.660964000095191,0.083,3.071,1.506964000095191,5.0
S00001,vRAN-DU,edge-A,62,DONE,2.17015,2.17526,5.108296999878803,5.108296999878803,0.08,4.431,0.5972969998788029,0.0
S00006,IMS-CSCF,core-1,44,DONE,2.17143,2.17378,2.358528000058868,14.358528000058868,0.072,1.758,0.5285280000588681,6.0
S00002,vRAN-DU,edge-B,58,DONE,2.1795,2.18306,3.5556489999635232,3.5556489999635232,0.115,2.901,0.5396489999635232,0.0
S00010,IoT-GW,edge-B,38,DONE,2.17962,2.1828,3.184637999993356,3.184637999993356,0.191,1.301,1.6926379999933563,0.0
S00004,UPF,core-1,46,DONE,2.18313,2.18619,3.0662059998576296,15.06620599985763,0.085,2.319,0.6622059998576297,6.0
S00010,IoT-GW,edge-B,39,DONE,2.19152,2.19302,1.5061600001899933,1.5061600001899933,0.068,1.009,0.42916000018999334,0.0
S00007,Transcoder,core-1,31,DONE,2.19164,2.20217,10.522211000079551,20.52221100007955,0.102,10.014,0.40621100007955135,5.0
S00003,UPF,core-1,56,DONE,2.19624,2.19978,3.542551000009553,13.542551000009553,0.063,2.952,0.5275510000095527,5.0
S00004,UPF,core-1,47,DONE,2.19753,2.19979,2.2583089998988726,14.258308999898873,0.05,1.827,0.3813089998988728,6.0
S00008,Transcoder,core-1,23,DONE,2.21249,2.22217,9.679585000185398,21.679585000185398,0.092,7.442,2.145585000185397,6.0
S00008,Transcoder,core-1,24,DONE,2.21268,2.22085,8.16949799991562,20.16949799991562,0.156,7.331,0.6824979999156193,6.0
S00006,IMS-CSCF,core-1,45,DONE,2.21896,2.22221,3.247544000032576,15.247544000032576,0.13,2.746,0.37154400003257626,6.0
S00009,IoT-GW,edge-A,47,DONE,2.22204,2.2244,2.3591140000007726,2.3591140000007726,0.08,1.593,0.6861140000007726,0.0
S00002,vRAN-DU,edge-B,59,DONE,2.22683,2.23087,4.037244999835821,4.037244999835821,0.111,3.119,0.8072449998358202,0.0
S00002,vRAN-DU,edge-B,60,DONE,2.2331,2.23662,3.512193999995361,3.512193999995361,0.072,2.759,0.6811939999953611,0.0
S00008,Transcoder,core-1,25,DONE,2.2355,2.24359,8.085376000053657,20.085376000053657,0.08,6.486,1.519376000053657,6.0
S00002,vRAN-DU,edge-B,61,DONE,2.2409,2.24518,4.2763849999118975,4.2763849999118975,0.127,3.575,0.5743849999118975,0.0
S00005,IMS-CSCF,core-1,54,DONE,2.24101,2.24518,4.172315000005256,14.172315000005256,0.174,3.135,0.8633150000052559,5.0
S00005,IMS-CSCF,core-1,55,DONE,2.24106,2.2472,6.1402540000017325,16.140254000001732,3.488,1.346,1.3062540000017324,5.0
S00005,IMS-CSCF,core-1,56,DONE,2.24843,2.25055,2.1173170000565733,12.117317000056573,0.059,1.545,0.5133170000565732,5.0
S00004,UPF,core-1,48,DONE,2.25883,2.26338,4.547543000171572,16.547543000171572,0.083,3.705,0.759543000171572,6.0
S00005,IMS-CSCF,core-1,57,DONE,2.26461,2.26698,2.3711699998330005,12.371169999833,0.07,1.771,0.5301699998330007,5.0
S00003,UPF,core-1,57,DONE,2.266,2.26902,3.0212500000743603,13.02125000007436,0.114,2.372,0.5352500000743605,5.0
S00004,UPF,core-1,49,DONE,2.27227,2.2762,3.924250999943979,15.924250999943979,0.062,3.275,0.5872509999439792,6.0
S00001,vRAN-DU,edge-A,63,DONE,2.27585,2.28212,6.2655399999584915,6.2655399999584915,0.106,5.296,0.8635399999584914,0.0
S00006,IMS-CSCF,core-1,46,DONE,2.27597,2.27755,1.5768069999921863,13.576806999992186,0.041,1.187,0.34880699999218634,6.0
S00010,IoT-GW,edge-B,40,DONE,2.27603,2.27878,2.7474609998989763,2.7474609998989763,0.097,1.415,1.2354609998989763,0.0
S00001,vRAN-DU,edge-A,64,DONE,2.28101,2.28606,5.054227999835348,5.054227999835348,0.084,4.388,0.5822279998353483,0.0
S00009,IoT-GW,edge-A,48,DONE,2.28111,2.28606,4.9454879999757395,4.9454879999757395,0.832,3.602,0.5114879999757398,0.0
S00007,Transcoder,core-1,32,DONE,2.28547,2.29551,10.044399999969755,20.044399999969755,0.098,9.402,0.5443999999697553,5.0
S00002,vRAN-DU,edge-B,62,DONE,2.28724,2.29043,3.184228999998595,3.184228999998595,0.069,2.607,0.5082289999985949,0.0
S00002,vRAN-DU,edge-B,63,DONE,2.29262,2.29596,3.338346999953501,3.338346999953501,0.06,2.784,0.49434699995350107,0.0
S00010,IoT-GW,edge-B,41,DONE,2.29552,2.29724,1.72527000017908,1.72527000017908,0.049,1.104,0.5722700001790799,0.0
S00005,IMS-CSCF,core-1,58,DONE,2.30051,2.30337,2.8625609998016444,12.862560999801644,0.078,1.995,0.7895609998016444,5.0
S00009,IoT-GW,edge-A,49,DONE,2.30286,2.30484,1.9784030000664643,1.9784030000664643,0.081,1.432,0.4654030000664644,0.0
S00006,IMS-CSCF,core-1,47,DONE,2.30602,2.30804,2.0264520001092023,14.026452000109202,0.124,1.386,0.5164520001092023,6.0
S00001,vRAN-DU,edge-A,65,DONE,2.30805,2.31267,4.617060000100537,4.617060000100537,0.09,4.085,0.44206000010053703,0.0
S00004,UPF,core-1,50,DONE,2.31384,2.31681,2.9646710001998144,14.964671000199814,0.086,2.271,0.6076710001998147,6.0
S00001,vRAN-DU,edge-A,66,DONE,2.31688,2.32162,4.73914799999875,4.73914799999875,0.062,4.265,0.4121479999987496,0.0
S00002,vRAN-DU,edge-B,64,DONE,2.31819,2.32132,3.134917999886966,3.134917999886966,0.075,2.584,0.4759179998869656,0.0
S00003,UPF,core-1,58,DONE,2.32988,2.3334,3.521246999980576,13.521246999980576,0.132,2.563,0.8262469999805759,5.0
S00005,IMS-CSCF,core-1,59,DONE,2.33976,2.34293,3.164818999948693,13.164818999948693,0.082,2.178,0.9048189999486933,5.0
S00008,Transcoder,core-1,26,DONE,2.34716,2.35371,6.554058000119767,18.554058000119767,0.067,5.91,0.5770580001197665,6.0
S00004,UPF,core-1,51,DONE,2.36808,2.37123,3.1465360000311193,15.14653600003112,0.089,2.349,0.7085360000311192,6.0
S00003,UPF,core-1,59,DONE,2.37999,2.38331,3.3281169999099802,13.32811699990998,0.086,2.561,0.6811169999099804,5.0
S00003,UPF,core-1,60,DONE,2.38138,2.38606,4.682107000007818,14.682107000007818,1.664,2.608,0.4101070000078182,5.0
S00007,Transcoder,core-1,33,DONE,2.3893,2.39585,6.541647999938505,16.541647999938505,0.054,5.824,0.6636479999385045,5.0
S00005,IMS-CSCF,core-1,60,DONE,2.39568,2.39749,1.8071859999508888,11.807185999950889,0.048,1.34,0.4191859999508887,5.0
S00010,IoT-GW,edge-B,42,DONE,2.39749,2.39922,1.7228829999567097,1.7228829999567097,0.077,1.143,0.5028829999567097,0.0
S00003,UPF,core-1,61,DONE,2.40037,2.40316,2.7853589999722317,12.785358999972232,0.157,2.113,0.5153589999722317,5.0
S00001,vRAN-DU,edge-A,67,DONE,2.40171,2.40546,3.749322999965443,3.749322999965443,0.096,3.018,0.6353229999654433,0.0
S00005,IMS-CSCF,core-1,61,DONE,2.40665,2.40853,1.8804520000230696,11.88045200002307,0.057,1.425,0.3984520000230696,5.0
S00010,IoT-GW,edge-B,43,DONE,2.41073,2.41241,1.678883000067799,1.678883000067799,0.074,1.088,0.5168830000677989,0.0
S00003,UPF,core-1,62,DONE,2.41734,2.41994,2.597800999865285,12.597800999865285,0.073,2.094,0.4308009998652853,5.0
S00004,UPF,core-1,52,DONE,2.42233,2.42622,3.887763000193445,15.887763000193445,0.065,3.271,0.551763000193445,6.0
S00010,IoT-GW,edge-B,44,DONE,2.42623,2.42818,1.9508720001795155,1.9508720001795155,0.117,1.031,0.8028720001795155,0.0
S00004,UPF,core-1,53,DONE,2.42752,2.43048,2.967677000015101,14.967677000015101,0.584,2.003,0.38067700001510074,6.0
S00010,IoT-GW,edge-B,45,DONE,2.43601,2.43879,2.780942000072173,2.780942000072173,0.071,2.078,0.6319420000721729,0.0
S00007,Transcoder,core-1,34,DONE,2.44496,2.4517,6.746815999804312,16.746815999804312,0.087,6.056,0.6038159998043122,5.0
S00002,vRAN-DU,edge-B,65,DONE,2.44731,2.45144,4.129896999984339,4.129896999984339,0.07,3.556,0.503896999984339,0.0
S00006,IMS-CSCF,core-1,48,DONE,2.45897,2.46169,2.7201899999909074,14.720189999990907,0.095,1.865,0.7601899999909072,6.0
S00005,IMS-CSCF,core-1,62,DONE,2.46508,2.46765,2.5705119999201997,12.5705119999202,0.075,1.744,0.7515119999201996,5.0
S00001,vRAN-DU,edge-A,68,DONE,2.46532,2.47074,5.415222999999969,5.415222999999969,0.181,4.5,0.734222999999969,0.0
S00001,vRAN-DU,edge-A,69,DONE,2.47292,2.47617,3.244663000032233,3.244663000032233,0.113,2.686,0.445663000032233,0.0
S00005,IMS-CSCF,core-1,63,DONE,2.47436,2.47776,3.4039489999031503,13.40394899990315,0.08,2.522,0.8019489999031504,5.0
S00007,Transcoder,core-1,35,DONE,2.47473,2.4836,8.86592799997743,18.86592799997743,0.052,8.262,0.5519279999774298,5.0
S00005,IMS-CSCF,core-1,64,DONE,2.47796,2.48215,4.1877859998749045,14.187785999874905,0.04,3.643,0.5047859998749047,5.0
S00005,IMS-CSCF,core-1,65,DONE,2.48682,2.48895,2.132333999952607,12.132333999952607,0.055,1.616,0.4613339999526067,5.0
S00003,UPF,core-1,63,DONE,2.48812,2.49154,3.420406000032017,13.420406000032017,0.066,2.839,0.5154060000320171,5.0
S00007,Transcoder,core-1,36,DONE,2.49016,2.5002,10.043715999927372,20.04371599992737,0.05,9.419,0.5747159999273705,5.0
S00003,UPF,core-1,64,DONE,2.49154,2.49571,4.169885000010254,14.169885000010254,0.063,3.687,0.4198850000102543,5.0
S00010,IoT-GW,edge-B,46,DONE,2.49484,2.4971,2.259675999994215,2.259675999994215,0.1,1.655,0.504675999994215,0.0
S00004,UPF,core-1,54,DONE,2.50021,2.50433,4.121121000025596,16.121121000025596,0.104,3.452,0.565121000025596,6.0
S00003,UPF,core-1,65,DONE,2.50041,2.5048,4.399073999820757,14.399073999820757,0.147,3.698,0.5540739998207571,5.0
S00003,UPF,core-1,66,DONE,2.509,2.51273,3.732859999900029,13.732859999900029,0.062,2.961,0.7098599999000292,5.0
S00003,UPF,core-1,67,DONE,2.51043,2.51533,4.896472999917023,14.896472999917023,2.05,2.254,0.5924729999170233,5.0
S00005,IMS-CSCF,core-1,66,DONE,2.51973,2.523,3.269711000029929,13.269711000029929,0.085,2.445,0.7397110000299292,5.0
S00005,IMS-CSCF,core-1,67,DONE,2.52531,2.52873,3.4211599997888698,13.42115999978887,0.16,1.949,1.3121599997888695,5.0
S00006,IMS-CSCF,core-1,49,DONE,2.52545,2.5292,3.7511040000026696,15.75110400000267,0.236,2.876,0.63910400000267,6.0
S00002,vRAN-DU,edge-B,66,DONE,2.53055,2.53503,4.483397000058176,4.483397000058176,0.139,3.472,0.8723970000581756,0.0
S00009,IoT-GW,edge-A,50,DONE,2.53504,2.53662,1.5769359999922017,1.5769359999922017,0.09,0.93,0.5569359999922016,0.0
S00010,IoT-GW,edge-B,47,DONE,2.53519,2.53738,2.1971389999180246,2.1971389999180246,0.084,1.493,0.6201389999180245,0.0
S00009,IoT-GW,edge-A,51,DONE,2.54068,2.54334,2.6558179999938147,2.6558179999938147,0.071,1.833,0.7518179999938146,0.0
S00005,IMS-CSCF,core-1,68,DONE,2.54312,2.54739,4.2640070000743435,14.264007000074344,0.085,3.299,0.8800070000743436,5.0
S00003,UPF,core-1,68,DONE,2.54452,2.54792,3.3982579998337314,13.398257999833731,0.194,2.713,0.4912579998337314,5.0
S00008,Transcoder,core-1,27,DONE,2.54459,2.55335,8.756548999826919,20.75654899982692,0.272,7.715,0.7695489998269185,6.0
S00003,UPF,core-1,69,DONE,2.55336,2.5572,3.8406920000397804,13.84069200003978,0.053,3.333,0.4546920000397803,5.0
S00006,IMS-CSCF,core-1,50,DONE,2.56144,2.56385,2.4140570001236483,14.414057000123648,0.09,1.687,0.6370570001236484,6.0
S00006,IMS-CSCF,core-1,51,DONE,2.59122,2.59493,3.7079159999393596,15.70791599993936,0.088,2.828,0.7919159999393597,6.0
S00010,IoT-GW,edge-B,48,DONE,2.59152,2.59351,1.9877380000252742,1.9877380000252742,0.073,1.2,0.7147380000252743,0.0
S00010,IoT-GW,edge-B,49,DONE,2.59918,2.60112,1.9408910000038304,1.9408910000038304,0.079,1.322,0.5398910000038304,0.0
S00001,vRAN-DU,edge-A,70,DONE,2.60233,2.60606,3.72466999988319,3.72466999988319,0.09,2.96,0.6746699998831902,0.0
S00001,vRAN-DU,edge-A,71,DONE,2.60242,2.60605,3.626725999993141,3.626725999993141,0.16,2.844,0.6227259999931412,0.0
S00001,vRAN-DU,edge-A,72,DONE,2.60606,2.60931,3.253018999885171,3.253018999885171,0.084,2.792,0.3770189998851712,0.0
S00008,Transcoder,core-1,28,DONE,2.61152,2.61803,6.5011510000658745,18.501151000065875,0.079,5.962,0.46015100006587506,6.0
S00004,UPF,core-1,55,DONE,2.6178,2.62018,2.3875580000094487,14.387558000009449,0.044,1.872,0.4715580000094486,6.0
S00010,IoT-GW,edge-B,50,DONE,2.62243,2.62414,1.7162819999612111,1.7162819999612111,0.077,1.162,0.47728199996121123,0.0
S00006,IMS-CSCF,core-1,52,DONE,2.62938,2.63476,5.380883000043468,17.380883000043468,0.217,1.728,3.435883000043469,6.0
S00006,IMS-CSCF,core-1,53,DONE,2.62949,2.63612,6.631972000150199,18.6319720001502,2.073,1.237,3.3219720001501987,6.0
S00007,Transcoder,core-1,37,DONE,2.64645,2.65313,6.679896999912671,16.67989699991267,0.085,5.995,0.5998969999126711,5.0
S00008,Transcoder,core-1,29,DONE,2.64887,2.65545,6.573671000069226,18.573671000069226,0.064,6.026,0.4836710000692257,6.0
S00001,vRAN-DU,edge-A,73,DONE,2.65545,2.65894,3.48111199991763,3.48111199991763,0.079,2.868,0.5341119999176298,0.0
S00009,IoT-GW,edge-A,52,DONE,2.6622,2.66406,1.8553610000253684,1.8553610000253684,0.177,1.072,0.6063610000253683,0.0
S00001,vRAN-DU,edge-A,74,DONE,2.66235,2.66558,3.2287100000303326,3.2287100000303326,0.07,2.749,0.40971000003033264,0.0
S00006,IMS-CSCF,core-1,54,DONE,2.66677,2.66923,2.462160000050062,14.462160000050062,0.211,1.702,0.5491600000500623,6.0
S00004,UPF,core-1,56,DONE,2.66687,2.66976,2.8822060000948113,14.882206000094811,0.078,2.132,0.6722060000948114,6.0
S00010,IoT-GW,edge-B,51,DONE,2.66924,2.67171,2.467473000024256,2.467473000024256,0.083,1.325,1.059473000024256,0.0
S00002,vRAN-DU,edge-B,67,DONE,2.68004,2.68388,3.847093999866047,3.847093999866047,0.086,2.893,0.8680939998660473,0.0
S00010,IoT-GW,edge-B,52,DONE,2.68389,2.6855,1.6086880000329984,1.6086880000329984,0.051,1.144,0.41368800003299855,0.0
S00002,vRAN-DU,edge-B,68,DONE,2.69583,2.70005,4.218899000079546,4.218899000079546,0.077,3.275,0.8668990000795458,0.0
S00004,UPF,core-1,57,DONE,2.71936,2.72317,3.8036010000723763,15.803601000072376,0.055,2.934,0.814601000072376,6.0
S00004,UPF,core-1,58,DONE,2.73052,2.7338,3.2813889999943058,15.281388999994306,0.121,2.378,0.7823889999943057,6.0
S00009,IoT-GW,edge-A,53,DONE,2.75331,2.75563,2.3139820000324107,2.3139820000324107,0.084,1.574,0.6559820000324106,0.0
S00008,Transcoder,core-1,30,DONE,2.75466,2.76501,10.353717000043616,22.353717000043616,0.094,6.782,3.477717000043617,6.0
S00008,Transcoder,core-1,31,DONE,2.75882,2.77242,13.601234000134355,25.601234000134355,0.068,13.017,0.5162340001343555,6.0
S00003,UPF,core-1,70,DONE,2.76623,2.76879,2.5657860001047084,12.565786000104708,0.079,1.969,0.5177860001047081,5.0
S00003,UPF,core-1,71,DONE,2.77004,2.77272,2.6729030000751663,12.672903000075166,0.096,2.232,0.34490300007516606,5.0
S00001,vRAN-DU,edge-A,75,DONE,2.77598,2.78099,5.012965000105396,5.012965000105396,0.133,4.089,0.7909650001053956,0.0
S00006,IMS-CSCF,core-1,55,DONE,2.77836,2.78184,3.4848280001824605,15.48482800018246,0.106,2.635,0.7438280001824609,6.0
S00010,IoT-GW,edge-B,53,DONE,2.77846,2.78099,2.5255130001369253,2.5255130001369253,0.083,1.376,1.0665130001369252,0.0
S00007,Transcoder,core-1,38,DONE,2.781,2.78848,7.479921000140166,17.479921000140166,0.096,6.355,1.0289210001401656,5.0
S00007,Transcoder,core-1,39,DONE,2.78185,2.79037,8.5206860001108,18.5206860001108,0.081,8.04,0.39968600011080113,5.0
S00009,IoT-GW,edge-A,54,DONE,2.78486,2.78896,4.099625999970158,4.099625999970158,0.076,3.488,0.5356259999701583,0.0
S00006,IMS-CSCF,core-1,56,DONE,2.7861,2.78966,3.5569379999742523,15.556937999974252,0.063,1.493,2.0009379999742523,6.0
S00005,IMS-CSCF,core-1,69,DONE,2.79358,2.79554,1.956538000058572,11.956538000058572,0.064,1.403,0.48953800005857184,5.0
S00009,IoT-GW,edge-A,55,DONE,2.79555,2.79716,1.6108319998693332,1.6108319998693332,0.072,1.087,0.4518319998693332,0.0
S00010,IoT-GW,edge-B,54,DONE,2.80138,2.80305,1.66919000002963,1.66919000002963,0.083,1.093,0.4931900000296301,0.0
S00004,UPF,core-1,59,DONE,2.81744,2.82043,2.9853030000595027,14.985303000059503,0.093,2.124,0.7683030000595026,6.0
S00005,IMS-CSCF,core-1,70,DONE,2.83476,2.83738,2.6235370000904368,12.623537000090437,0.134,1.793,0.696537000090437,5.0
S00002,vRAN-DU,edge-B,69,DONE,2.84263,2.84648,3.8524720000623347,3.8524720000623347,0.094,3.076,0.6824720000623348,0.0
S00001,vRAN-DU,edge-A,76,DONE,2.84768,2.85114,3.461015000084444,3.461015000084444,0.061,2.793,0.6070150000844441,0.0
S00010,IoT-GW,edge-B,55,DONE,2.85344,2.8556,2.1643989998665347,2.1643989998665347,0.074,1.557,0.5333989998665349,0.0
S00010,IoT-GW,edge-B,56,DONE,2.86187,2.86358,1.714518999961001,1.714518999961001,0.069,1.087,0.5585189999610012,0.0
S00004,UPF,core-1,60,DONE,2.86892,2.87161,2.694995999945604,14.694995999945604,0.127,2.091,0.47699599994560415,6.0
S00010,IoT-GW,edge-B,57,DONE,2.87021,2.87223,2.0214730000134296,2.0214730000134296,0.075,1.523,0.4234730000134297,0.0
S00009,IoT-GW,edge-A,56,DONE,2.87343,2.87505,1.6255529999398277,1.6255529999398277,0.076,1.083,0.4665529999398277,0.0
S00009,IoT-GW,edge-A,57,DONE,2.87726,2.87872,1.4633670000421262,1.4633670000421262,0.064,1.027,0.3723670000421262,0.0
S00009,IoT-GW,edge-A,58,DONE,2.88616,2.8886,2.443555000127162,2.443555000127162,0.071,1.66,0.7125550001271621,0.0
S00009,IoT-GW,edge-A,59,DONE,2.897,2.899,1.9989119998626848,1.9989119998626848,0.098,1.229,0.6719119998626846,0.0
S00006,IMS-CSCF,core-1,57,DONE,2.90539,2.90837,2.984143000048789,14.984143000048789,0.085,2.266,0.633143000048789,6.0
S00004,UPF,core-1,61,DONE,2.91298,2.91614,3.1537100001060026,15.153710000106003,0.114,2.247,0.7927100001060028,6.0
S00005,IMS-CSCF,core-1,71,DONE,2.92038,2.92256,2.1835059999375517,12.183505999937552,0.133,1.479,0.5715059999375516,5.0
S00008,Transcoder,core-1,32,DONE,2.92985,2.93655,6.69473800007836,18.69473800007836,0.12,5.96,0.6147380000783595,6.0
S00003,UPF,core-1,72,DONE,2.93426,2.93735,3.0881610000506043,13.088161000050604,0.075,2.528,0.48516100005060414,5.0
S00006,IMS-CSCF,core-1,58,DONE,2.93656,2.93845,1.8933270000616176,13.893327000061618,0.127,1.391,0.37532700006161757,6.0
S00005,IMS-CSCF,core-1,72,DONE,2.9374,2.9392,1.8052360001092893,11.80523600010929,0.038,1.435,0.3322360001092892,5.0
S00001,vRAN-DU,edge-A,77,DONE,2.94238,2.94573,3.350110999917888,3.350110999917888,0.082,2.792,0.4761109999178883,0.0
S00004,UPF,core-1,62,DONE,2.95613,2.96138,5.249528000149439,17.24952800014944,0.109,4.343,0.7975280001494394,6.0
S00008,Transcoder,core-1,33,DONE,2.95634,2.96364,7.297368000081406,19.297368000081406,0.294,6.449,0.5543680000814062,6.0
S00005,IMS-CSCF,core-1,73,DONE,2.96258,2.96455,1.963354000054096,11.963354000054096,0.087,1.37,0.506354000054096,5.0
S00006,IMS-CSCF,core-1,59,DONE,2.96365,2.96558,1.932892000013453,13.932892000013453,0.045,1.666,0.22189200001345322,6.0
S00007,Transcoder,core-1,40,DONE,2.96455,2.97087,6.314240000165228,16.314240000165228,0.041,5.971,0.30224000016522723,5.0
S00002,vRAN-DU,edge-B,70,DONE,2.97205,2.97533,3.2728489998135046,3.2728489998135046,0.082,2.7,0.4908489998135046,0.0
S00010,IoT-GW,edge-B,58,DONE,2.9765,2.97803,1.5250090000336058,1.5250090000336058,0.09,0.938,0.4970090000336058,0.0
S00010,IoT-GW,edge-B,59,DONE,2.97803,2.98007,2.0376850000047853,2.0376850000047853,0.046,1.456,0.5356850000047853,0.0
S00006,IMS-CSCF,core-1,60,DONE,2.99035,2.99287,2.520795000009457,14.520795000009457,0.118,1.663,0.7397950000094571,6.0
S00010,IoT-GW,edge-B,60,DONE,2.99921,3.00179,2.584352999974726,2.584352999974726,0.109,1.825,0.6503529999747262,0.0
S00009,IoT-GW,edge-A,60,DONE,3.00164,3.00406,2.4243759999080794,2.4243759999080794,0.077,1.713,0.6343759999080794,0.0
S00009,IoT-GW,edge-A,61,DONE,3.00631,3.00793,1.6236819999448926,1.6236819999448926,0.063,1.059,0.5016819999448927,0.0
S00009,IoT-GW,edge-A,62,DONE,3.01013,3.01176,1.6286989998661738,1.6286989998661738,0.056,1.134,0.4386989998661739,0.0
S00010,IoT-GW,edge-B,61,DONE,3.01154,3.01413,2.592067000023235,2.592067000023235,0.075,1.902,0.6150670000232348,0.0
S00008,Transcoder,core-1,34,DONE,3.01291,3.02507,12.166009000111444,24.166009000111444,0.124,11.315,0.727009000111444,6.0
S00009,IoT-GW,edge-A,63,DONE,3.01414,3.01528,1.1463089999779186,1.1463089999779186,0.051,0.76,0.33530899997791863,0.0
S00006,IMS-CSCF,core-1,61,DONE,3.02734,3.0298,2.461275999849022,14.461275999849022,0.116,1.731,0.6142759998490217,6.0
S00006,IMS-CSCF,core-1,62,DONE,3.02745,3.0311,3.6530429999857006,15.6530429999857,1.991,1.215,0.4470429999857004,6.0
S00010,IoT-GW,edge-B,62,DONE,3.02989,3.03179,1.9031250001262379,1.9031250001262379,0.183,1.156,0.5641250001262379,0.0
S00007,Transcoder,core-1,41,DONE,3.03304,3.04464,11.59765200009133,21.59765200009133,0.058,10.971,0.5686520000913298,5.0
S00006,IMS-CSCF,core-1,63,DONE,3.05899,3.06173,2.749007000147685,14.749007000147685,0.122,1.832,0.7950070001476852,6.0
S00004,UPF,core-1,63,DONE,3.06038,3.06328,2.9070979999232804,14.90709799992328,0.101,2.263,0.5430979999232806,6.0
S00003,UPF,core-1,73,DONE,3.07165,3.07683,5.188613999962399,15.1886139999624,0.076,4.16,0.9526139999623995,5.0
S00006,IMS-CSCF,core-1,64,DONE,3.07504,3.07849,3.4499190001042734,15.449919000104273,0.067,2.799,0.5839190001042733,6.0
S00010,IoT-GW,edge-B,63,DONE,3.07515,3.07716,2.0150200000443874,2.0150200000443874,0.124,1.228,0.6630200000443873,0.0
S00002,vRAN-DU,edge-B,71,DONE,3.08169,3.08534,3.6499620000540745,3.6499620000540745,0.11,2.777,0.7629620000540744,0.0
S00001,vRAN-DU,edge-A,78,DONE,3.08404,3.09001,5.966271000033885,5.966271000033885,0.122,5.091,0.7532710000338847,0.0
S00010,IoT-GW,edge-B,64,DONE,3.08535,3.08671,1.3607490000140388,1.3607490000140388,0.05,0.998,0.3127490000140387,0.0
S00006,IMS-CSCF,core-1,65,DONE,3.08572,3.08913,3.413505000025907,15.413505000025907,0.069,1.942,1.4025050000259072,6.0
S00006,IMS-CSCF,core-1,66,DONE,3.08918,3.09177,2.5894650000282127,14.589465000028213,0.055,2.229,0.3054650000282124,6.0
S00001,vRAN-DU,edge-A,79,DONE,3.09001,3.09666,6.642449000082706,6.642449000082706,0.082,4.862,1.6984490000827064,0.0
S00004,UPF,core-1,64,DONE,3.09398,3.09631,2.3302900001453963,14.330290000145396,0.054,1.85,0.4262900001453964,6.0
S00004,UPF,core-1,65,DONE,3.09631,3.09882,2.50563500003409,14.50563500003409,0.058,2.074,0.3736350000340902,6.0
S00003,UPF,core-1,74,DONE,3.09883,3.10282,3.988968999919962,13.988968999919962,0.045,3.51,0.4339689999199621,5.0
S00003,UPF,core-1,75,DONE,3.10216,3.10519,3.027228999826548,13.027228999826548,0.049,2.071,0.9072289998265477,5.0
S00003,UPF,core-1,76,DONE,3.1052,3.10902,3.8202760001695424,13.820276000169542,0.055,3.314,0.45127600016954217,5.0
S00010,IoT-GW,edge-B,65,DONE,3.11946,3.12174,2.2794419999172533,2.2794419999172533,0.136,1.35,0.7934419999172531,0.0
S00005,IMS-CSCF,core-1,74,DONE,3.11964,3.1228,3.1589329998951143,13.158932999895114,0.114,1.804,1.2409329998951144,5.0
S00001,vRAN-DU,edge-A,80,DONE,3.12281,3.12838,5.572483000150896,5.572483000150896,0.081,4.892,0.5994830001508955,0.0
S00001,vRAN-DU,edge-A,81,DONE,3.13162,3.13696,5.3339589999268355,5.3339589999268355,0.109,2.87,2.3549589999268354,0.0
S00001,vRAN-DU,edge-A,82,DONE,3.13402,3.13965,5.631401000073311,5.631401000073311,0.094,5.072,0.4654010000733102,0.0
S00003,UPF,core-1,77,DONE,3.13928,3.1441,4.824931000030119,14.82493100003012,0.084,3.895,0.8459310000301197,5.0
S00003,UPF,core-1,78,DONE,3.15153,3.1556,4.066158000114228,14.066158000114228,0.132,3.04,0.8941580001142282,5.0
S00005,IMS-CSCF,core-1,75,DONE,3.15688,3.15986,2.976097000100708,12.976097000100708,0.127,2.076,0.7730970001007083,5.0
S00006,IMS-CSCF,core-1,67,DONE,3.18534,3.18905,3.712956999834205,15.712956999834205,0.13,2.567,1.0159569998342048,6.0
S00008,Transcoder,core-1,35,DONE,3.19549,3.2053,9.807101999967927,21.807101999967927,0.119,8.604,1.0841019999679276,6.0
S00002,vRAN-DU,edge-B,72,DONE,3.19797,3.20531,7.334833999948387,7.334833999948387,0.133,6.124,1.0778339999483872,0.0
S00010,IoT-GW,edge-B,66,DONE,3.2035,3.20653,3.028204999964146,3.028204999964146,0.114,2.132,0.7822049999641458,0.0
S00001,vRAN-DU,edge-A,83,DONE,3.20538,3.20899,3.613636999943992,3.613636999943992,0.079,2.936,0.598636999943992,0.0
S00010,IoT-GW,edge-B,67,DONE,3.21339,3.21614,2.7455070000996784,2.7455070000996784,0.134,1.776,0.8355070000996785,0.0
S00006,IMS-CSCF,core-1,68,DONE,3.22054,3.22417,3.630456999871967,15.630456999871967,0.123,2.589,0.9184569998719669,6.0
S00010,IoT-GW,edge-B,68,DONE,3.23069,3.23392,3.2319360000201414,3.2319360000201414,0.178,1.826,1.2279360000201414,0.0
S00006,IMS-CSCF,core-1,69,DONE,3.23092,3.23446,3.538112000114779,15.53811200011478,0.125,2.216,1.197112000114779,6.0
S00004,UPF,core-1,66,DONE,3.2419,3.24704,5.147995000015726,17.147995000015726,0.141,3.935,1.071995000015726,6.0
S00003,UPF,core-1,79,DONE,3.24217,3.24703,4.855319000171221,14.855319000171221,0.152,3.766,0.9373190001712208,5.0
S00009,IoT-GW,edge-A,64,DONE,3.24677,3.24932,2.548681000007491,2.548681000007491,0.126,1.499,0.9236810000074911,0.0
S00001,vRAN-DU,edge-A,84,DONE,3.25164,3.25717,5.532078999976875,5.532078999976875,0.077,4.788,0.6670789999768747,0.0
S00002,vRAN-DU,edge-B,73,DONE,3.26263,3.26798,5.350925999891842,5.350925999891842,0.118,4.343,0.8899259998918421,0.0
S00005,IMS-CSCF,core-1,76,DONE,3.27041,3.27489,4.4791529999201884,14.479152999920188,0.133,3.515,0.8311529999201883,5.0
S00003,UPF,core-1,80,DONE,3.27299,3.27976,6.767082999886043,16.767082999886043,0.174,5.652,0.9410829998860422,5.0
S00004,UPF,core-1,67,DONE,3.27313,3.27974,6.608708999920054,18.608708999920054,0.231,5.521,0.8567089999200546,6.0
S00003,UPF,core-1,81,DONE,3.28507,3.28963,4.563009000094098,14.563009000094098,0.135,3.782,0.6460090000940983,5.0
S00003,UPF,core-1,82,DONE,3.28536,3.29192,6.55927699995118,16.55927699995118,3.895,2.053,0.6112769999511802,5.0
S00004,UPF,core-1,68,DONE,3.28663,3.28934,2.7054960000896244,14.705496000089624,0.055,1.977,0.6734960000896242,6.0
S00003,UPF,core-1,83,DONE,3.29431,3.29832,4.004399999985253,14.004399999985253,0.105,3.274,0.6253999999852531,5.0
S00003,UPF,core-1,84,DONE,3.29448,3.30209,7.615064999981769,17.61506499998177,3.681,3.37,0.5640649999817686,5.0
S00005,IMS-CSCF,core-1,77,DONE,3.29695,3.30186,4.916085000104431,14.916085000104431,0.19,3.723,1.0030850001044307,5.0
S00010,IoT-GW,edge-B,69,DONE,3.30187,3.3047,2.8260940000564005,2.8260940000564005,0.143,1.618,1.0650940000564006,0.0
S00003,UPF,core-1,85,DONE,3.30438,3.30792,3.540274999977555,13.540274999977555,0.076,2.868,0.5962749999775552,5.0
S00010,IoT-GW,edge-B,70,DONE,3.30453,3.30668,2.152234000050157,2.152234000050157,0.093,1.313,0.7462340000501573,0.0
S00004,UPF,core-1,69,DONE,3.30793,3.31174,3.8095510001312505,15.80955100013125,0.166,3.128,0.5155510001312504,6.0
S00008,Transcoder,core-1,36,DONE,3.30812,3.31992,11.796374999903492,23.79637499990349,0.106,10.865,0.8253749999034916,6.0
S00010,IoT-GW,edge-B,71,DONE,3.32437,3.32738,3.013535000036427,3.013535000036427,0.124,1.883,1.0065350000364268,0.0
S00007,Transcoder,core-1,42,DONE,3.33474,3.3437,8.9557630001309,18.9557630001309,0.171,7.917,0.8677630001309016,5.0
S00004,UPF,core-1,70,DONE,3.3349,3.33981,4.907575999823166,16.907575999823166,0.275,3.793,0.8395759998231656,6.0
S00004,UPF,core-1,71,DONE,3.33869,3.34582,7.130283999913445,19.130283999913445,2.987,3.107,1.0362839999134446,6.0
S00003,UPF,core-1,86,DONE,3.33884,3.34294,4.102115000023332,14.102115000023332,0.291,2.639,1.1721150000233322,5.0
S00006,IMS-CSCF,core-1,70,DONE,3.33887,3.34681,7.936652000125832,19.936652000125832,3.03,3.98,0.9266520001258329,6.0
S00010,IoT-GW,edge-B,72,DONE,3.35117,3.35381,2.637920000097438,2.637920000097438,0.087,1.188,1.3629200000974377,0.0
S00005,IMS-CSCF,core-1,78,DONE,3.35139,3.35388,2.4928210000325635,12.492821000032563,0.07,1.774,0.6488210000325636,5.0
S00003,UPF,core-1,87,DONE,3.36527,3.36814,2.867804000061369,12.86780400006137,0.086,2.139,0.6428040000613695,5.0
S00005,IMS-CSCF,core-1,79,DONE,3.37346,3.37562,2.1645409999564436,12.164540999956444,0.081,1.497,0.5865409999564435,5.0
S00005,IMS-CSCF,core-1,80,DONE,3.37359,3.3771,3.50688599996829,13.50688599996829,1.737,1.266,0.5038859999682899,5.0
S00003,UPF,core-1,88,DONE,3.38033,3.38735,7.01565499980461,17.01565499980461,0.057,4.381,2.5776549998046097,5.0
S00008,Transcoder,core-1,37,DONE,3.38162,3.38755,5.927075000045079,17.92707500004508,0.047,5.552,0.3280750000450796,6.0
S00003,UPF,core-1,89,DONE,3.39785,3.40089,3.042044000039823,13.042044000039823,0.088,2.187,0.7670440000398231,5.0
S00001,vRAN-DU,edge-A,85,DONE,3.39798,3.40179,3.8127989998884004,3.8127989998884004,0.085,3.234,0.4937989998884005,0.0
S00010,IoT-GW,edge-B,73,DONE,3.404,3.40566,1.6668299999764713,1.6668299999764713,0.063,1.117,0.48682999997647136,0.0
S00004,UPF,core-1,72,DONE,3.413,3.41586,2.858310999954483,14.858310999954483,0.098,2.154,0.6063109999544833,6.0
S00002,vRAN-DU,edge-B,74,DONE,3.41542,3.41967,4.249646000062057,4.249646000062057,0.217,3.493,0.5396460000620578,0.0
S00006,IMS-CSCF,core-1,71,DONE,3.42188,3.42434,2.4597019998964242,14.459701999896424,0.118,1.762,0.5797019998964243,6.0
S00009,IoT-GW,edge-A,65,DONE,3.43481,3.43763,2.8227609998339176,2.8227609998339176,0.18,1.933,0.7097609998339174,0.0
S00009,IoT-GW,edge-A,66,DONE,3.43503,3.43915,4.124624000041877,4.124624000041877,2.187,1.203,0.7346240000418767,0.0
S00009,IoT-GW,edge-A,67,DONE,3.44249,3.44464,2.1491069999228785,2.1491069999228785,0.064,1.596,0.4891069999228783,0.0
S00001,vRAN-DU,edge-A,86,DONE,3.45702,3.46109,4.065516000082425,4.065516000082425,0.093,3.087,0.8855160000824251,0.0
S00001,vRAN-DU,edge-A,87,DONE,3.46655,3.47171,5.154607000122269,5.154607000122269,0.082,4.363,0.7096070001222685,0.0
S00010,IoT-GW,edge-B,74,DONE,3.48205,3.48466,2.6101070000095206,2.6101070000095206,0.114,1.608,0.8881070000095206,0.0
S00010,IoT-GW,edge-B,75,DONE,3.48348,3.48634,2.861359000007724,2.861359000007724,0.594,1.497,0.7703590000077238,0.0
S00001,vRAN-DU,edge-A,88,DONE,3.4836,3.48777,4.174171000158822,4.174171000158822,0.119,3.189,0.8661710001588219,0.0
S00005,IMS-CSCF,core-1,81,DONE,3.49428,3.49961,5.334964999974545,15.334964999974545,0.09,2.114,3.1309649999745455,5.0
S00010,IoT-GW,edge-B,76,DONE,3.52099,3.52379,2.8016819999265863,2.8016819999265863,0.13,1.591,1.0806819999265864,0.0
S00005,IMS-CSCF,core-1,82,DONE,3.5235,3.52626,2.760620000117342,12.760620000117342,0.102,2.034,0.6246200001173423,5.0
S00002,vRAN-DU,edge-B,75,DONE,3.52501,3.52864,3.630765000025349,3.630765000025349,0.067,3.027,0.5367650000253485,0.0
S00003,UPF,core-1,90,DONE,3.52994,3.53362,3.6793859999306733,13.679385999930673,0.08,2.994,0.605385999930673,5.0
S00001,vRAN-DU,edge-A,89,DONE,3.53481,3.53864,3.830643999890526,3.830643999890526,0.136,3.001,0.6936439998905262,0.0
S00007,Transcoder,core-1,43,DONE,3.53612,3.55354,17.42450699998699,27.42450699998699,0.271,15.902,1.2515069999869883,5.0
S00007,Transcoder,core-1,44,DONE,3.53634,3.54962,13.280905000101484,23.280905000101484,0.593,11.792,0.8959050001014841,5.0
S00009,IoT-GW,edge-A,68,DONE,3.54501,3.54823,3.2169480000447948,3.2169480000447948,0.096,2.443,0.6779480000447946,0.0
S00002,vRAN-DU,edge-B,76,DONE,3.54561,3.55394,8.332308000035482,8.332308000035482,0.096,6.951,1.2853080000354824,0.0
S00007,Transcoder,core-1,45,DONE,3.54569,3.55851,12.815111000008983,22.815111000008983,3.302,8.921,0.592111000008984,5.0
S00002,vRAN-DU,edge-B,77,DONE,3.54832,3.55355,5.231013000184248,5.231013000184248,0.07,4.193,0.9680130001842482,0.0
S00005,IMS-CSCF,core-1,83,DONE,3.55516,3.55709,1.9263599999703729,11.926359999970373,0.064,1.377,0.4853599999703728,5.0
S00001,vRAN-DU,edge-A,90,DONE,3.57084,3.57484,4.008410999858825,4.008410999858825,0.091,3.114,0.8034109998588246,0.0
S00004,UPF,core-1,73,DONE,3.57606,3.57917,3.1160619998900074,15.116061999890007,0.091,2.318,0.7070619998900072,6.0
S00008,Transcoder,core-1,38,DONE,3.57918,3.58671,7.528655999976763,19.528655999976763,0.057,6.862,0.6096559999767628,6.0
S00001,vRAN-DU,edge-A,91,DONE,3.58258,3.58653,3.9496750000580505,3.9496750000580505,0.092,3.335,0.5226750000580505,0.0
S00009,IoT-GW,edge-A,69,DONE,3.58268,3.58598,3.3032870001079573,3.3032870001079573,0.367,2.425,0.5112870001079575,0.0
S00009,IoT-GW,edge-A,70,DONE,3.59094,3.59342,2.480964000142194,2.480964000142194,0.072,1.838,0.5709640001421938,0.0
S00003,UPF,core-1,91,DONE,3.59234,3.59537,3.0354890000126034,13.035489000012603,0.108,2.364,0.5634890000126034,5.0
S00006,IMS-CSCF,core-1,72,DONE,3.59252,3.59649,3.965611000012359,15.965611000012359,0.129,3.294,0.542611000012359,6.0
S00002,vRAN-DU,edge-B,78,DONE,3.59538,3.6025,7.12586999998166,7.12586999998166,0.078,6.343,0.7048699999816597,0.0
S00004,UPF,core-1,74,DONE,3.61692,3.62057,3.648341999905824,15.648341999905824,0.089,2.364,1.1953419999058243,6.0
S00007,Transcoder,core-1,46,DONE,3.61941,3.63026,10.857242000156475,20.857242000156475,0.047,9.343,1.4672420001564745,5.0
S00005,IMS-CSCF,core-1,84,DONE,3.62176,3.62344,1.6846680000526248,11.684668000052625,0.053,1.178,0.453668000052625,5.0
S00001,vRAN-DU,edge-A,92,DONE,3.62563,3.63153,5.89238599991404,5.89238599991404,0.083,5.056,0.7533859999140402,0.0
S00002,vRAN-DU,edge-B,79,DONE,3.62605,3.62971,3.6557709997850907,3.6557709997850907,0.076,3.032,0.5477709997850906,0.0
S00006,IMS-CSCF,core-1,73,DONE,3.62842,3.63075,2.3266200000762183,14.326620000076218,0.06,1.878,0.38862000007621833,6.0
S00004,UPF,core-1,75,DONE,3.63081,3.63705,6.238517999918258,18.23851799991826,0.041,2.739,3.458517999918258,6.0
S00005,IMS-CSCF,core-1,85,DONE,3.63376,3.63912,5.365556000015204,15.365556000015204,0.285,1.327,3.7535560000152035,5.0
S00009,IoT-GW,edge-A,71,DONE,3.63705,3.63945,2.3998750000373548,2.3998750000373548,0.072,1.678,0.6498750000373548,0.0
S00008,Transcoder,core-1,39,DONE,3.64376,3.65133,7.572026999923764,19.572026999923764,0.088,6.855,0.6290269999237639,6.0
S00010,IoT-GW,edge-B,77,DONE,3.67165,3.67407,2.424590000146054,2.424590000146054,0.092,1.587,0.745590000146054,0.0
S00007,Transcoder,core-1,47,DONE,3.67416,3.68144,7.284412999979395,17.284412999979395,0.089,6.568,0.6274129999793949,5.0
S00010,IoT-GW,edge-B,78,DONE,3.67962,3.68209,2.468635000013819,2.468635000013819,0.074,1.857,0.5376350000138193,0.0
S00004,UPF,core-1,76,DONE,3.68216,3.68513,2.9736860001321475,14.973686000132147,0.065,2.374,0.5346860001321474,6.0
S00009,IoT-GW,edge-A,72,DONE,3.69656,3.7019,5.344669999885809,5.344669999885809,0.09,4.528,0.7266699998858099,0.0
S00009,IoT-GW,edge-A,73,DONE,3.70814,3.70997,1.8252280001433974,1.8252280001433974,0.07,1.206,0.5492280001433973,0.0
S00007,Transcoder,core-1,48,DONE,3.71322,3.72023,7.0080460000099265,17.008046000009927,0.091,6.217,0.7000460000099267,5.0
S00004,UPF,core-1,77,DONE,3.72755,3.73059,3.043764000040028,15.043764000040028,0.083,2.308,0.6527640000400279,6.0
S00006,IMS-CSCF,core-1,74,DONE,3.7318,3.73422,2.4212349999288563,14.421234999928856,0.061,1.795,0.5652349999288564,6.0
S00004,UPF,core-1,78,DONE,3.7331,3.73602,2.923817000009876,14.923817000009876,0.129,2.299,0.4958170000098763,6.0
S00002,vRAN-DU,edge-B,80,DONE,3.73824,3.74177,3.5265110000182176,3.5265110000182176,0.084,2.847,0.5955110000182176,0.0
S00009,IoT-GW,edge-A,74,DONE,3.73837,3.7399,1.5338440000505216,1.5338440000505216,0.079,0.952,0.5028440000505217,0.0
S00004,UPF,core-1,79,DONE,3.74177,3.74447,2.6948079998874164,14.694807999887416,0.073,2.071,0.5508079998874162,6.0
S00005,IMS-CSCF,core-1,86,DONE,3.74771,3.74988,2.166134000162856,12.166134000162856,0.063,1.593,0.5101340001628558,5.0
S00005,IMS-CSCF,core-1,87,DONE,3.75408,3.75634,2.255699999977878,12.255699999977878,0.08,1.479,0.696699999977878,5.0
S00008,Transcoder,core-1,40,DONE,3.76264,3.77335,10.710320000043794,22.710320000043794,0.105,9.461,1.144320000043793,6.0
S00007,Transcoder,core-1,49,DONE,3.76282,3.77316,10.340932999952201,20.3409329999522,0.19,9.252,0.8989329999522013,5.0
S00009,IoT-GW,edge-A,75,DONE,3.77316,3.77641,3.248706000022139,3.248706000022139,0.127,2.252,0.8697060000221395,0.0
S00008,Transcoder,core-1,41,DONE,3.78687,3.80538,18.503651000173704,30.503651000173704,0.137,17.384,0.9826510001737034,6.0
S00001,vRAN-DU,edge-A,93,DONE,3.78903,3.80151,12.485107999964384,12.485107999964384,0.122,11.337,1.0261079999643847,0.0
S00009,IoT-GW,edge-A,76,DONE,3.79239,3.80216,9.772193999879164,9.772193999879164,0.116,8.89,0.7661939998791638,0.0
S00008,Transcoder,core-1,42,DONE,3.79249,3.81081,18.317130000014004,30.317130000014004,0.124,17.064,1.1291300000140048,6.0
S00002,vRAN-DU,edge-B,81,DONE,3.8035,3.81202,8.522276999883616,8.522276999883616,0.177,6.312,2.0332769998836158,0.0
S00010,IoT-GW,edge-B,79,DONE,3.80761,3.80968,2.065204000018639,2.065204000018639,0.087,1.327,0.651204000018639,0.0
S00002,vRAN-DU,edge-B,82,DONE,3.81082,3.81737,6.555296999977145,6.555296999977145,0.067,5.845,0.643296999977145,0.0
S00009,IoT-GW,edge-A,77,DONE,3.81203,3.81435,2.324509000118269,2.324509000118269,0.116,1.462,0.7465090001182688,0.0
S00002,vRAN-DU,edge-B,83,DONE,3.82171,3.82684,5.122828000139634,5.122828000139634,0.188,4.14,0.7948280001396348,0.0
S00004,UPF,core-1,80,DONE,3.83725,3.84359,6.347776999973576,18.347776999973576,1.266,3.998,1.0837769999735754,6.0
S00006,IMS-CSCF,core-1,75,DONE,3.84071,3.84274,2.027287000146316,14.027287000146316,0.072,1.323,0.6322870001463161,6.0
S00004,UPF,core-1,81,DONE,3.84274,3.84589,3.151696000031734,15.151696000031734,0.73,2.058,0.3636960000317342,6.0
S00006,IMS-CSCF,core-1,76,DONE,3.84717,3.84987,2.7015779999146616,14.701577999914662,0.054,2.163,0.484577999914662,6.0
S00002,vRAN-DU,edge-B,84,DONE,3.85526,3.86252,7.257595999817568,7.257595999817568,0.136,5.524,1.5975959998175675,0.0
S00001,vRAN-DU,edge-A,94,DONE,3.85541,3.8595,4.087793000053352,4.087793000053352,0.085,3.246,0.7567930000533525,0.0
S00002,vRAN-DU,edge-B,85,DONE,3.85872,3.86253,3.8102749999779917,3.8102749999779917,0.19,2.628,0.9922749999779916,0.0
S00009,IoT-GW,edge-A,78,DONE,3.85885,3.86269,3.8391210000554565,3.8391210000554565,0.055,3.222,0.5621210000554564,0.0
S00010,IoT-GW,edge-B,80,DONE,3.86253,3.86563,3.094730999919193,3.094730999919193,0.073,2.259,0.7627309999191931,0.0
S00009,IoT-GW,edge-A,79,DONE,3.8626,3.86486,2.2661130001324636,2.2661130001324636,0.063,1.682,0.5211130001324635,0.0
S00005,IMS-CSCF,core-1,88,DONE,3.86692,3.87021,3.286946000116586,13.286946000116586,0.104,2.437,0.7459460001165863,5.0
S00006,IMS-CSCF,core-1,77,DONE,3.87357,3.87594,2.378485000008368,14.378485000008368,0.132,1.656,0.5904850000083679,6.0
S00008,Transcoder,core-1,43,DONE,3.87369,3.88184,8.151910999913525,20.151910999913525,0.211,7.447,0.49391099991352494,6.0
S00009,IoT-GW,edge-A,80,DONE,3.87929,3.88181,2.5152219998290093,2.5152219998290093,0.11,1.772,0.6332219998290094,0.0
S00008,Transcoder,core-1,44,DONE,3.88714,3.89411,6.9695649999630405,18.96956499996304,0.121,6.158,0.6905649999630397,6.0
S00006,IMS-CSCF,core-1,78,DONE,3.89057,3.89362,3.0513770000197837,15.051377000019784,0.096,2.156,0.7993770000197835,6.0
S00005,IMS-CSCF,core-1,89,DONE,3.90247,3.90541,2.942546999975093,12.942546999975093,0.139,1.763,1.040546999975093,5.0
S00004,UPF,core-1,82,DONE,3.90498,3.90804,3.051287000062075,15.051287000062075,0.059,2.335,0.657287000062075,6.0
S00004,UPF,core-1,83,DONE,3.90516,3.912,6.8342370000209485,18.83423700002095,2.43,3.688,0.7162370000209486,6.0
S00004,UPF,core-1,84,DONE,3.90668,3.91518,8.500340999944456,20.500340999944456,4.778,3.083,0.6393409999444559,6.0
S00003,UPF,core-1,92,DONE,3.90677,3.91198,5.216155999960392,15.216155999960392,0.078,4.429,0.7091559999603918,5.0
S00005,IMS-CSCF,core-1,90,DONE,3.91129,3.9151,3.8039809999190766,13.803980999919077,1.234,1.5,1.0699809999190766,5.0
S00001,vRAN-DU,edge-A,95,DONE,3.91485,3.92169,6.8384530000003,6.8384530000003,0.16,6.079,0.5994530000002998,0.0
S00009,IoT-GW,edge-A,81,DONE,3.91496,3.91902,4.053634999991118,4.053634999991118,0.23,3.356,0.46763499999111824,0.0
S00007,Transcoder,core-1,50,DONE,3.91751,3.92512,7.61345099999744,17.61345099999744,0.09,6.961,0.5624509999974396,5.0
S00003,UPF,core-1,93,DONE,3.92182,3.92999,8.17552299986346,18.17552299986346,0.105,7.121,0.9495229998634596,5.0
S00007,Transcoder,core-1,51,DONE,3.92457,3.93356,8.996453000008842,18.99645300000884,0.075,7.751,1.170453000008842,5.0
S00004,UPF,core-1,85,DONE,3.92845,3.93496,6.513519999998607,18.513519999998607,0.18,5.698,0.635519999998607,6.0
S00005,IMS-CSCF,core-1,91,DONE,3.93,3.93501,5.007763000094201,15.0077630000942,0.162,1.425,3.420763000094201,5.0
S00005,IMS-CSCF,core-1,92,DONE,3.9373,3.9399,2.598820999992313,12.598820999992313,0.098,1.574,0.9268209999923129,5.0
S00002,vRAN-DU,edge-B,86,DONE,3.94428,3.95063,6.3493019999896205,6.3493019999896205,0.151,3.869,2.3293019999896205,0.0
S00010,IoT-GW,edge-B,81,DONE,3.94442,3.95061,6.190040000092267,6.190040000092267,0.204,3.768,2.2180400000922678,0.0
S00001,vRAN-DU,edge-A,96,DONE,3.94448,3.95209,7.617194999966159,7.617194999966159,0.187,6.938,0.49219499996615923,0.0
S00001,vRAN-DU,edge-A,97,DONE,3.9463,3.95245,6.142841999917437,6.142841999917437,0.083,5.581,0.47884199991743603,0.0
S00003,UPF,core-1,94,DONE,3.95063,3.95553,4.8989970000548055,14.898997000054806,0.122,4.11,0.6669970000548053,5.0
S00010,IoT-GW,edge-B,82,DONE,3.95554,3.95757,2.029300999993211,2.029300999993211,0.105,1.352,0.5723009999932109,0.0
S00002,vRAN-DU,edge-B,87,DONE,3.95757,3.96295,5.3733130000637175,5.3733130000637175,0.053,4.733,0.5873130000637179,0.0
S00006,IMS-CSCF,core-1,79,DONE,3.9653,3.96856,3.2533500000226923,15.253350000022692,0.132,2.386,0.735350000022692,6.0
S00008,Transcoder,core-1,45,DONE,3.97189,3.98502,13.123361999987537,25.123361999987537,0.145,11.985,0.9933619999875383,6.0
S00005,IMS-CSCF,core-1,93,DONE,3.97211,3.97773,5.617364999807251,15.61736499980725,0.195,4.615,0.8073649998072501,5.0
S00006,IMS-CSCF,core-1,80,DONE,3.98936,3.99211,2.755884999942282,14.755884999942282,0.167,1.725,0.863884999942282,6.0
S00007,Transcoder,core-1,52,DONE,3.9895,3.99857,9.06981900016035,19.06981900016035,0.267,8.136,0.666819000160352,5.0
S00006,IMS-CSCF,core-1,81,DONE,3.99212,3.99455,2.432289999887871,14.432289999887871,0.077,1.407,0.9482899998878711,6.0
S00003,UPF,core-1,95,DONE,3.99978,4.00294,3.169609999986278,13.169609999986278,0.291,2.334,0.5446099999862781,5.0
S00002,vRAN-DU,edge-B,88,DONE,4.00945,4.01566,6.20672599984573,6.20672599984573,0.087,5.197,0.9227259998457304,0.0
S00001,vRAN-DU,edge-A,98,DONE,4.02101,4.0253,4.282202000013058,4.282202000013058,0.118,3.23,0.9342020000130575,0.0
S00004,UPF,core-1,86,DONE,4.03273,4.0371,4.364571999985856,16.364571999985856,0.127,3.329,0.9085719999858557,6.0
S00004,UPF,core-1,87,DONE,4.0343,4.03998,5.681015999925876,17.681015999925876,2.414,2.654,0.6130159999258757,6.0
S00004,UPF,core-1,88,DONE,4.05742,4.06195,4.527469000095152,16.527469000095152,0.183,3.658,0.6864690000951525,6.0
S00006,IMS-CSCF,core-1,82,DONE,4.05779,4.06083,3.0350560000442783,15.035056000044278,0.068,2.2,0.7670560000442781,6.0
S00003,UPF,core-1,96,DONE,4.06024,4.06404,3.803892000178166,13.803892000178166,0.104,2.334,1.365892000178166,5.0
S00002,vRAN-DU,edge-B,89,DONE,4.06326,4.06737,4.106397000214201,4.106397000214201,0.135,3.419,0.5523970002142016,0.0
S00005,IMS-CSCF,core-1,94,DONE,4.06405,4.07005,5.9983310000006895,15.99833100000069,0.261,1.844,3.893331000000689,5.0
S00006,IMS-CSCF,core-1,83,DONE,4.06535,4.07066,5.304969999997411,17.30496999999741,0.233,2.996,2.0759699999974113,6.0
S00004,UPF,core-1,89,DONE,4.06659,4.07125,4.653312000073129,16.65331200007313,0.106,3.637,0.9103120000731288,6.0
S00001,vRAN-DU,edge-A,99,DONE,4.07005,4.07745,7.401884000046266,7.401884000046266,0.142,4.163,3.0968840000462654,0.0
S00010,IoT-GW,edge-B,83,DONE,4.07066,4.0776,6.942263999917486,6.942263999917486,0.076,4.874,1.992263999917487,0.0
S00008,Transcoder,core-1,46,DONE,4.07125,4.08306,11.808256999984224,23.808256999984224,0.049,11.396,0.36325699998422323,6.0
S00003,UPF,core-1,97,DONE,4.07249,4.0825,10.007522000023528,20.007522000023528,0.093,5.858,4.056522000023528,5.0
S00006,IMS-CSCF,core-1,84,DONE,4.07369,4.08251,8.82152600001973,20.82152600001973,0.146,5.81,2.86552600001973,6.0
S00007,Transcoder,core-1,53,DONE,4.07746,4.08831,10.849354000129097,20.849354000129097,0.09,10.189,0.5703540001290968,5.0
S00008,Transcoder,core-1,47,DONE,4.07979,4.09159,11.801661999925273,23.801661999925273,0.081,10.26,1.4606619999252732,6.0
S00003,UPF,core-1,98,DONE,4.08838,4.09129,2.911281000024246,12.911281000024246,0.08,2.15,0.6812810000242462,5.0
S00003,UPF,core-1,99,DONE,4.09386,4.09654,2.6869900000292546,12.686990000029255,0.058,2.153,0.47599000002925473,5.0
S00006,IMS-CSCF,core-1,85,DONE,4.09983,4.10209,2.2588110000469896,14.25881100004699,0.103,1.56,0.5958110000469894,6.0
S00004,UPF,core-1,90,DONE,4.10335,4.10701,3.6594069999864587,15.659406999986459,0.065,2.971,0.6234069999864587,6.0
S00008,Transcoder,core-1,48,DONE,4.11533,4.12282,7.494759000110207,19.494759000110207,0.088,6.747,0.6597590001102072,6.0
S00010,IoT-GW,edge-B,84,DONE,4.11683,4.11909,2.2591990000364603,2.2591990000364603,0.104,1.31,0.8451990000364602,0.0
S00010,IoT-GW,edge-B,85,DONE,4.1191,4.12084,1.7387620000590687,1.7387620000590687,0.134,1.09,0.5147620000590687,0.0
S00009,IoT-GW,edge-A,82,DONE,4.13819,4.14135,3.1654189999699156,3.1654189999699156,0.284,1.473,1.4084189999699157,0.0
S00003,UPF,core-1,100,DONE,4.14574,4.15036,4.626233999942997,14.626233999942997,0.138,3.729,0.7592339999429969,5.0
S00003,UPF,core-1,101,DONE,4.1675,4.17119,3.6863829998310393,13.68638299983104,0.094,2.727,0.8653829998310396,5.0
S00002,vRAN-DU,edge-B,90,DONE,4.16768,4.17134,3.6562409998168732,3.6562409998168732,0.094,2.959,0.6032409998168733,0.0
S00006,IMS-CSCF,core-1,86,DONE,4.1788,4.18243,3.6291549999987183,15.629154999998718,0.146,2.366,1.1171549999987183,6.0
S00005,IMS-CSCF,core-1,95,DONE,4.18667,4.19079,4.112344000077428,14.112344000077428,0.227,3.157,0.7283440000774282,5.0
S00004,UPF,core-1,91,DONE,4.18946,4.19374,4.279337999832933,16.279337999832933,0.141,3.52,0.6183379998329328,6.0
S00005,IMS-CSCF,core-1,96,DONE,4.20206,4.20561,3.5487620000367315,13.548762000036731,0.117,2.366,1.0657620000367314,5.0
S00008,Transcoder,core-1,49,DONE,4.22105,4.23201,10.965776000148253,22.965776000148253,0.103,9.878,0.9847760001482531,6.0
S00009,IoT-GW,edge-A,83,DONE,4.22355,4.22599,2.440114000137328,2.440114000137328,0.083,1.754,0.6031140001373276,0.0
S00004,UPF,core-1,92,DONE,4.22599,4.22864,2.6485579999189213,14.648557999918921,0.075,1.968,0.6055579999189211,6.0
S00005,IMS-CSCF,core-1,97,DONE,4.22984,4.23148,1.636700000062774,11.636700000062774,0.05,1.32,0.26670000006277395,5.0
S00003,UPF,core-1,102,DONE,4.24348,4.24683,3.3500940000976698,13.35009400009767,0.081,2.514,0.75509400009767,5.0
S00010,IoT-GW,edge-B,86,DONE,4.25008,4.25265,2.5717029998304497,2.5717029998304497,0.087,1.656,0.8287029998304496,0.0
S00010,IoT-GW,edge-B,87,DONE,4.25266,4.2544,1.7408569999588508,1.7408569999588508,0.078,1.073,0.5898569999588508,0.0
S00003,UPF,core-1,103,DONE,4.25299,4.25821,5.2177669999764476,15.217766999976448,0.094,3.724,1.399766999976447,5.0
S00005,IMS-CSCF,core-1,98,DONE,4.25563,4.25937,3.7483269998119795,13.74832699981198,0.108,3.133,0.5073269998119794,5.0
S00006,IMS-CSCF,core-1,87,DONE,4.25701,4.25954,2.525911000020642,14.525911000020642,0.053,1.671,0.801911000020642,6.0
S00002,vRAN-DU,edge-B,91,DONE,4.25821,4.262,3.7862889998905302,3.7862889998905302,0.071,3.277,0.43828899989052994,0.0
S00002,vRAN-DU,edge-B,92,DONE,4.26834,4.2719,3.5631979999379837,3.5631979999379837,0.152,2.881,0.5301979999379838,0.0
S00010,IoT-GW,edge-B,88,DONE,4.26848,4.27169,3.213176999906864,3.213176999906864,0.219,1.044,1.9501769999068639,0.0
S00002,vRAN-DU,edge-B,93,DONE,4.2717,4.27549,3.7903409997852577,3.7903409997852577,0.06,3.227,0.5033409997852578,0.0
S00005,IMS-CSCF,core-1,99,DONE,4.27311,4.27643,3.319556999940687,13.319556999940687,0.093,2.6,0.626556999940687,5.0
S00001,vRAN-DU,edge-A,100,DONE,4.28782,4.29443,6.614218999857258,6.614218999857258,0.096,4.699,1.8192189998572577,0.0
S00007,Transcoder,core-1,54,DONE,4.28906,4.3009,11.844397000004392,21.844397000004392,0.117,8.875,2.852397000004391,5.0
S00005,IMS-CSCF,core-1,100,DONE,4.29036,4.29444,4.085002000010718,14.085002000010718,0.072,1.36,2.6530020000107175,5.0
S00008,Transcoder,core-1,50,DONE,4.29768,4.30479,7.102407000047606,19.102407000047606,0.189,6.373,0.5404070000476056,6.0
S00008,Transcoder,core-1,51,DONE,4.31008,4.31717,7.087109999929453,19.087109999929453,0.069,6.31,0.7081099999294533,6.0
S00006,IMS-CSCF,core-1,88,DONE,4.31939,4.32202,2.6270260000273993,14.6270260000274,0.108,1.734,0.7850260000273992,6.0
S00008,Transcoder,core-1,52,DONE,4.32181,4.33152,9.712645000035991,21.71264500003599,0.054,8.854,0.8046450000359915,6.0
S00001,vRAN-DU,edge-A,101,DONE,4.32747,4.33153,4.0548299998590664,4.0548299998590664,0.084,3.048,0.9228299998590663,0.0
S00007,Transcoder,core-1,55,DONE,4.32764,4.34168,14.037129000143977,24.037129000143977,0.093,9.788,4.156129000143977,5.0
S00009,IoT-GW,edge-A,84,DONE,4.33153,4.33397,2.4410849998730555,2.4410849998730555,0.059,1.901,0.4810849998730553,0.0
S00007,Transcoder,core-1,56,DONE,4.33382,4.34312,9.301886999992348,19.301886999992348,0.079,8.798,0.42488699999234747,5.0
S00005,IMS-CSCF,core-1,101,DONE,4.33718,4.34395,6.7743669999345,16.7743669999345,0.338,2.9,3.5363669999345,5.0
S00003,UPF,core-1,104,DONE,4.33728,4.34429,7.0102279998991435,17.010227999899143,0.25,3.715,3.0452279998991436,5.0
S00007,Transcoder,core-1,57,DONE,4.3395,4.34961,10.11079700015216,20.11079700015216,1.343,7.944,0.8237970001521608,5.0
S00003,UPF,core-1,105,DONE,4.3443,4.34709,2.787087000115207,12.787087000115207,0.056,2.11,0.6210870001152071,5.0
S00010,IoT-GW,edge-B,89,DONE,4.34652,4.35032,3.79800299992894,3.79800299992894,0.08,2.594,1.12400299992894,0.0
S00008,Transcoder,core-1,53,DONE,4.34658,4.35383,7.244931999821347,19.244931999821347,0.042,6.707,0.49593199982134717,6.0
S00002,vRAN-DU,edge-B,94,DONE,4.35257,4.35908,6.510250000019369,6.510250000019369,0.068,5.937,0.5052500000193687,0.0
S00005,IMS-CSCF,core-1,102,DONE,4.35384,4.35693,3.095199999961551,13.095199999961551,0.046,1.45,1.5991999999615512,5.0
S00003,UPF,core-1,106,DONE,4.35694,4.35912,2.183124999874053,12.183124999874053,0.075,1.695,0.41312499987405293,5.0
S00009,IoT-GW,edge-A,85,DONE,4.35704,4.35979,2.756653999995251,2.756653999995251,0.197,2.072,0.48765399999525094,0.0
S00001,vRAN-DU,edge-A,102,DONE,4.36405,4.36779,3.738310000017009,3.738310000017009,0.068,3.189,0.48131000001700874,0.0
S00002,vRAN-DU,edge-B,95,DONE,4.3665,4.37038,3.8787060000231577,3.8787060000231577,0.08,3.274,0.5247060000231576,0.0
S00009,IoT-GW,edge-A,86,DONE,4.38081,4.38338,2.5735209999311337,2.5735209999311337,0.106,1.577,0.8905209999311339,0.0
S00009,IoT-GW,edge-A,87,DONE,4.38693,4.38873,1.7994189997807553,1.7994189997807553,0.069,1.139,0.5914189997807553,0.0
S00009,IoT-GW,edge-A,88,DONE,4.38833,4.39044,2.1161360000405693,2.1161360000405693,0.095,1.384,0.6371360000405693,0.0
S00004,UPF,core-1,93,DONE,4.39264,4.39568,3.0423319999499654,15.042331999949965,0.087,2.316,0.6393319999499654,6.0
S00006,IMS-CSCF,core-1,89,DONE,4.3979,4.4,2.0972400000118796,14.09724000001188,0.068,1.501,0.5282400000118797,6.0
S00003,UPF,core-1,107,DONE,4.40123,4.40389,2.6640689998203015,12.664068999820302,0.082,2.04,0.5420689998203017,5.0
S00006,IMS-CSCF,core-1,90,DONE,4.40349,4.40547,1.9752030000290688,13.975203000029069,0.051,1.358,0.5662030000290688,6.0
S00004,UPF,core-1,94,DONE,4.40505,4.40792,2.868520999982138,14.868520999982138,0.049,2.239,0.5805209999821384,6.0
S00003,UPF,core-1,108,DONE,4.40663,4.41063,4.0045380001174635,14.004538000117464,0.178,2.423,1.4035380001174635,5.0
S00005,IMS-CSCF,core-1,103,DONE,4.4159,4.41812,2.2142090001580073,12.214209000158007,0.075,1.554,0.585209000158007,5.0
S00001,vRAN-DU,edge-A,103,DONE,4.42243,4.42776,5.326857000000018,5.326857000000018,0.227,3.12,1.9798570000000177,0.0
S00003,UPF,core-1,109,DONE,4.42374,4.42921,5.467050999868661,15.467050999868661,0.079,4.249,1.1390509998686618,5.0
S00002,vRAN-DU,edge-B,96,DONE,4.42776,4.43191,4.151803000013388,4.151803000013388,0.131,3.412,0.6088030000133875,0.0
S00005,IMS-CSCF,core-1,104,DONE,4.43619,4.43876,2.56668199995147,12.56668199995147,0.09,1.547,0.9296819999514703,5.0
S00010,IoT-GW,edge-B,90,DONE,4.43754,4.43922,1.6811880000204837,1.6811880000204837,0.067,1.159,0.45518800002048376,0.0
S00001,vRAN-DU,edge-A,104,DONE,4.43876,4.44241,3.645717999916087,3.645717999916087,0.156,2.857,0.6327179999160868,0.0
S00003,UPF,core-1,110,DONE,4.44464,4.44758,2.94276800013904,12.94276800013904,0.092,2.223,0.62776800013904,5.0
S00006,IMS-CSCF,core-1,91,DONE,4.44703,4.44954,2.5130159999662283,14.513015999966228,0.051,1.579,0.8830159999662281,6.0
S00004,UPF,core-1,95,DONE,4.46894,4.47255,3.6156710000341263,15.615671000034126,0.096,2.747,0.7726710000341264,6.0
S00002,vRAN-DU,edge-B,97,DONE,4.47138,4.47553,4.14911600000778,4.14911600000778,0.094,3.5,0.5551160000077795,0.0
S00001,vRAN-DU,edge-A,105,DONE,4.47194,4.47589,3.9443189998564776,3.9443189998564776,0.085,3.365,0.4943189998564774,0.0
S00006,IMS-CSCF,core-1,92,DONE,4.47241,4.47783,5.414299999983996,17.414299999983996,0.069,2.43,2.9152999999839957,6.0
S00009,IoT-GW,edge-A,89,DONE,4.47905,4.48112,2.063815999918006,2.063815999918006,0.081,1.368,0.6148159999180061,0.0
S00002,vRAN-DU,edge-B,98,DONE,4.48542,4.48925,3.8257059998159093,3.8257059998159093,0.098,3.053,0.6747059998159095,0.0
S00004,UPF,core-1,96,DONE,4.48881,4.49201,3.206220000038229,15.206220000038229,0.1,2.304,0.8022200000382291,6.0
S00005,IMS-CSCF,core-1,105,DONE,4.50241,4.50531,2.907669000023816,12.907669000023816,0.204,1.991,0.7126690000238156,5.0
S00003,UPF,core-1,111,DONE,4.50255,4.50554,2.988856999991185,12.988856999991185,0.088,2.431,0.469856999991185,5.0
S00004,UPF,core-1,97,DONE,4.51194,4.51487,2.9321049998998205,14.93210499989982,0.084,2.202,0.6461049998998205,6.0
S00006,IMS-CSCF,core-1,93,DONE,4.51329,4.51504,1.7500090000339696,13.75000900003397,0.068,1.308,0.37400900003396953,6.0
S00001,vRAN-DU,edge-A,106,DONE,4.51626,4.51967,3.4158800001478085,3.4158800001478085,0.079,2.798,0.5388800001478082,0.0
S00004,UPF,core-1,98,DONE,4.5209,4.52493,4.0236140000615706,16.02361400006157,0.126,1.984,1.9136140000615707,6.0
S00001,vRAN-DU,edge-A,107,DONE,4.521,4.52584,4.833184000062829,4.833184000062829,0.06,4.363,0.41018400006282896,0.0
S00006,IMS-CSCF,core-1,94,DONE,4.52105,4.52607,5.016462000185129,17.01646200018513,0.039,4.461,0.516462000185129,6.0
S00003,UPF,core-1,112,DONE,4.53031,4.53318,2.870413999971788,12.870413999971788,0.066,2.237,0.5674139999717882,5.0
S00003,UPF,core-1,113,DONE,4.53541,4.54099,5.582433999961722,15.582433999961722,0.066,4.955,0.5614339999617224,5.0
S00009,IoT-GW,edge-A,90,DONE,4.53672,4.54066,3.9414929999566084,3.9414929999566084,0.081,2.968,0.8924929999566085,0.0
S00010,IoT-GW,edge-B,91,DONE,4.54009,4.54167,1.581692999934603,1.581692999934603,0.06,1.079,0.442692999934603,0.0
S00008,Transcoder,core-1,54,DONE,4.54587,4.5526,6.728671000018949,18.72867100001895,0.091,5.897,0.7406710000189483,6.0
S00003,UPF,core-1,114,DONE,4.56293,4.56577,2.844452000090314,12.844452000090314,0.086,2.104,0.654452000090314,5.0
S00005,IMS-CSCF,core-1,106,DONE,4.56999,4.57252,2.5209880000147677,12.520988000014768,0.062,1.953,0.5059880000147678,5.0
S00004,UPF,core-1,99,DONE,4.5809,4.58356,2.6627550000739575,14.662755000073957,0.082,2.024,0.5567550000739576,6.0
S00004,UPF,core-1,100,DONE,4.59386,4.59718,3.3240189998196,15.3240189998196,0.091,2.499,0.7340189998195998,6.0
S00009,IoT-GW,edge-A,91,DONE,4.59626,4.59828,2.018893000013122,2.018893000013122,0.081,1.279,0.6588930000131223,0.0
S00008,Transcoder,core-1,55,DONE,4.61367,4.62097,7.294314999853668,19.29431499985367,0.125,6.299,0.8703149998536679,6.0
S00005,IMS-CSCF,core-1,107,DONE,4.6151,4.61692,1.8177949998516851,11.817794999851685,0.058,1.224,0.5357949998516851,5.0
S00008,Transcoder,core-1,56,DONE,4.62098,4.62781,6.827559999919686,18.827559999919686,0.061,5.974,0.7925599999196855,6.0
S00010,IoT-GW,edge-B,92,DONE,4.62644,4.6281,1.6663049998442148,1.6663049998442148,0.083,1.058,0.5253049998442147,0.0
S00010,IoT-GW,edge-B,93,DONE,4.64339,4.64574,2.3502219999045337,2.3502219999045337,0.075,1.66,0.6152219999045336,0.0
S00002,vRAN-DU,edge-B,99,DONE,4.64471,4.64845,3.7448509999649104,3.7448509999649104,0.084,2.999,0.6618509999649103,0.0
S00005,IMS-CSCF,core-1,108,DONE,4.64692,4.64927,2.34886699990966,12.34886699990966,0.104,1.831,0.41386699990966,5.0
S00001,vRAN-DU,edge-A,108,DONE,4.66559,4.66931,3.719397999930152,3.719397999930152,0.104,2.957,0.6583979999301519,0.0
S00010,IoT-GW,edge-B,94,DONE,4.66575,4.66756,1.8135629998141667,1.8135629998141667,0.08,1.189,0.5445629998141666,0.0
S00004,UPF,core-1,101,DONE,4.67251,4.67527,2.7619810000487632,14.761981000048763,0.089,2.092,0.5809810000487632,6.0
S00002,vRAN-DU,edge-B,100,DONE,4.6775,4.68092,3.425346999847534,3.425346999847534,0.076,2.619,0.7303469998475336,0.0
S00002,vRAN-DU,edge-B,101,DONE,4.6788,4.68197,3.178446999982043,3.178446999982043,0.057,2.7,0.42144699998204294,0.0
S00006,IMS-CSCF,core-1,95,DONE,4.68723,4.68944,2.2025129999292403,14.20251299992924,0.091,1.539,0.5725129999292402,6.0
S00001,vRAN-DU,edge-A,109,DONE,4.6947,4.69856,3.8533930000994587,3.8533930000994587,0.086,3.086,0.681393000099459,0.0
S00002,vRAN-DU,edge-B,102,DONE,4.69856,4.70206,3.498007999951369,3.498007999951369,0.078,2.891,0.5290079999513693,0.0
S00002,vRAN-DU,edge-B,103,DONE,4.70938,4.71322,3.8338750000548316,3.8338750000548316,0.078,3.031,0.7248750000548316,0.0
S00004,UPF,core-1,102,DONE,4.7165,4.71982,3.3141349999823433,15.314134999982343,0.126,2.371,0.8171349999823434,6.0
S00005,IMS-CSCF,core-1,109,DONE,4.71666,4.71976,3.1018590000257973,13.101859000025797,0.255,2.166,0.6808590000257975,5.0
S00006,IMS-CSCF,core-1,96,DONE,4.73019,4.73293,2.7452399999674526,14.745239999967453,0.119,1.848,0.7782399999674527,6.0
S00010,IoT-GW,edge-B,95,DONE,4.73262,4.73495,2.329143999986627,2.329143999986627,0.108,1.267,0.954143999986627,0.0
S00006,IMS-CSCF,core-1,97,DONE,4.73496,4.7375,2.540479999879608,14.540479999879608,0.069,1.958,0.513479999879608,6.0
S00006,IMS-CSCF,core-1,98,DONE,4.73629,4.73955,3.2523299998956645,15.252329999895665,1.026,1.775,0.4513299998956648,6.0
S00010,IoT-GW,edge-B,96,DONE,4.73955,4.74219,2.6378759998806345,2.6378759998806345,0.088,1.94,0.6098759998806345,0.0
S00010,IoT-GW,edge-B,97,DONE,4.74445,4.74666,2.208980999967025,2.208980999967025,0.117,1.576,0.5159809999670251,0.0
S00005,IMS-CSCF,core-1,110,DONE,4.75094,4.75347,2.5391869999111805,12.53918699991118,0.125,1.674,0.7401869999111805,5.0
S00004,UPF,core-1,103,DONE,4.75882,4.76273,3.90466900012143,15.90466900012143,0.079,3.164,0.6616690001214298,6.0
S00002,vRAN-DU,edge-B,104,DONE,4.77004,4.77425,4.2122419999941485,4.2122419999941485,0.11,3.32,0.7822419999941483,0.0
S00009,IoT-GW,edge-A,92,DONE,4.77348,4.7757,2.21520199988845,2.21520199988845,0.085,1.367,0.7632019998884498,0.0
S00001,vRAN-DU,edge-A,110,DONE,4.77552,4.77877,3.2503669999641716,3.2503669999641716,0.062,2.692,0.49636699996417155,0.0
S00005,IMS-CSCF,core-1,111,DONE,4.78406,4.78731,3.2497469999270834,13.249746999927083,0.227,2.259,0.7637469999270836,5.0
S00004,UPF,core-1,104,DONE,4.78423,4.78754,3.310650000003079,15.31065000000308,0.093,2.813,0.40465000000307905,6.0
S00009,IoT-GW,edge-A,93,DONE,4.78883,4.79071,1.8782820000069478,1.8782820000069478,0.116,1.22,0.5422820000069477,0.0
S00005,IMS-CSCF,core-1,112,DONE,4.78894,4.79098,2.0412199999100267,12.041219999910027,0.072,1.409,0.5602199999100266,5.0
S00007,Transcoder,core-1,58,DONE,4.79041,4.79924,8.824838999998974,18.824838999998974,0.045,7.99,0.7898389999989739,5.0
S00002,vRAN-DU,edge-B,105,DONE,4.7943,4.79931,5.005874000062249,5.005874000062249,0.083,4.305,0.6178740000622494,0.0
S00001,vRAN-DU,edge-A,111,DONE,4.80256,4.80633,3.7696009999308444,3.7696009999308444,0.096,2.912,0.7616009999308444,0.0
S00003,UPF,core-1,115,DONE,4.80633,4.80947,3.1309569999393716,13.130956999939372,0.085,2.24,0.8059569999393714,5.0
S00001,vRAN-DU,edge-A,112,DONE,4.80645,4.81082,4.376989999855141,4.376989999855141,0.058,3.796,0.5229899998551413,0.0
S00009,IoT-GW,edge-A,94,DONE,4.80894,4.81123,2.2823799999969197,2.2823799999969197,0.157,1.588,0.5373799999969195,0.0
S00003,UPF,core-1,116,DONE,4.81083,4.81509,4.256056000031094,14.256056000031094,0.104,2.192,1.960056000031094,5.0
S00001,vRAN-DU,edge-A,113,DONE,4.8124,4.81546,3.0633530000159226,3.0633530000159226,0.048,2.652,0.3633530000159224,0.0
S00006,IMS-CSCF,core-1,99,DONE,4.83584,4.83859,2.746770000157994,14.746770000157994,0.097,1.926,0.7237700001579943,6.0
S00010,IoT-GW,edge-B,98,DONE,4.84318,4.84562,2.4348860001737194,2.4348860001737194,0.087,1.59,0.7578860001737191,0.0
S00010,IoT-GW,edge-B,99,DONE,4.85086,4.8526,1.7365590001645614,1.7365590001645614,0.076,1.106,0.5545590001645613,0.0
S00010,IoT-GW,edge-B,100,DONE,4.85585,4.85758,1.7347620000691677,1.7347620000691677,0.066,1.098,0.5707620000691676,0.0
S00009,IoT-GW,edge-A,95,DONE,4.85759,4.8594,1.817994999782968,1.817994999782968,0.082,1.253,0.4829949997829681,0.0
S00002,vRAN-DU,edge-B,106,DONE,4.8627,4.86619,3.491780999866023,3.491780999866023,0.06,2.854,0.577780999866023,0.0
S00004,UPF,core-1,105,DONE,4.866,4.86878,2.78167300007226,14.78167300007226,0.105,2.138,0.5386730000722602,6.0
S00001,vRAN-DU,edge-A,114,DONE,4.86839,4.87217,3.7831439999536087,3.7831439999536087,0.248,3.012,0.5231439999536085,0.0
S00001,vRAN-DU,edge-A,115,DONE,4.87439,4.87799,3.5980329998892557,3.5980329998892557,0.064,2.897,0.6370329998892559,0.0
S00003,UPF,core-1,117,DONE,4.88023,4.88384,3.614125000012791,13.614125000012791,0.119,2.903,0.5921250000127913,5.0
S00007,Transcoder,core-1,59,DONE,4.88364,4.89086,7.226360999993631,17.22636099999363,0.119,6.43,0.6773609999936312,5.0
S00009,IoT-GW,edge-A,96,DONE,4.88372,4.88621,2.4839149998570065,2.4839149998570065,0.072,1.834,0.5779149998570063,0.0
S00001,vRAN-DU,edge-A,116,DONE,4.89521,4.89871,3.4942859999773646,3.4942859999773646,0.082,2.777,0.6352859999773646,0.0
S00006,IMS-CSCF,core-1,100,DONE,4.91006,4.91251,2.4525910000647855,14.452591000064785,0.093,1.708,0.6515910000647855,6.0
S00009,IoT-GW,edge-A,97,DONE,4.91578,4.91769,1.9082599999364902,1.9082599999364902,0.092,1.209,0.60725999993649,0.0
S00002,vRAN-DU,edge-B,107,DONE,4.9189,4.92216,3.2609649999812973,3.2609649999812973,0.072,2.678,0.5109649999812973,0.0
S00003,UPF,core-1,118,DONE,4.9202,4.92403,3.834852999943905,13.834852999943905,0.115,3.204,0.5158529999439048,5.0
S00005,IMS-CSCF,core-1,113,DONE,4.92027,4.92495,4.683328000055553,14.683328000055553,0.309,3.871,0.5033280000555531,5.0
S00006,IMS-CSCF,core-1,101,DONE,4.94139,4.94473,3.340706000017235,15.340706000017235,0.101,2.343,0.8967060000172351,6.0
S00003,UPF,core-1,119,DONE,4.94479,4.94801,3.2175549999919895,13.21755499999199,0.135,2.465,0.6175549999919898,5.0
S00010,IoT-GW,edge-B,101,DONE,4.95645,4.95883,2.3761799998283095,2.3761799998283095,0.096,1.576,0.7041799998283094,0.0
S00005,IMS-CSCF,core-1,114,DONE,4.95788,4.96028,2.3926749997826846,12.392674999782685,0.309,1.487,0.5966749997826843,5.0
S00003,UPF,core-1,120,DONE,4.95798,4.96201,4.026920999876893,14.026920999876893,0.082,3.397,0.5479209998768932,5.0
S00009,IoT-GW,edge-A,98,DONE,4.9894,4.99151,2.1085710000079416,2.1085710000079416,0.114,1.254,0.7405710000079415,0.0
S00005,IMS-CSCF,core-1,115,DONE,4.99077,4.99315,2.373424000097657,12.373424000097657,0.116,1.589,0.6684240000976569,5.0
S00001,vRAN-DU,edge-A,117,DONE,4.99281,4.9974,4.593338999939078,4.593338999939078,0.056,3.809,0.7283389999390781,0.0
S00005,IMS-CSCF,core-1,116,DONE,5.00468,5.00724,2.5552179999976943,12.555217999997694,0.128,1.589,0.8382179999976942,5.0
S00003,UPF,core-1,121,DONE,5.00606,5.0092,3.139342999929795,13.139342999929795,0.092,2.488,0.559342999929795,5.0
S00004,UPF,core-1,106,DONE,5.00846,5.01162,3.158284000164713,15.158284000164713,0.069,2.051,1.0382840001647127,6.0
S00008,Transcoder,core-1,57,DONE,5.01735,5.02982,12.466383999935715,24.466383999935715,0.167,11.797,0.5023839999357147,6.0
S00007,Transcoder,core-1,60,DONE,5.01751,5.02938,11.874181999928624,21.874181999928624,0.067,10.914,0.8931819999286237,5.0
S00006,IMS-CSCF,core-1,102,DONE,5.02092,5.03041,9.488053000040964,21.488053000040964,0.116,5.647,3.7250530000409636,6.0
S00008,Transcoder,core-1,58,DONE,5.02116,5.03741,16.25665099982143,28.25665099982143,0.147,12.5,3.609650999821433,6.0
S00003,UPF,core-1,122,DONE,5.03169,5.03639,4.700535999972999,14.700535999972999,0.076,2.729,1.8955359999729993,5.0
S00006,IMS-CSCF,core-1,103,DONE,5.03405,5.03836,4.3086119999316,16.3086119999316,0.074,2.734,1.5006119999315999,6.0
S00006,IMS-CSCF,core-1,104,DONE,5.0364,5.03979,3.3927370000128576,15.392737000012858,1.537,1.337,0.5187370000128577,6.0
S00002,vRAN-DU,edge-B,108,DONE,5.03742,5.04176,4.340049000120416,4.340049000120416,0.107,3.64,0.5930490001204158,0.0
S00001,vRAN-DU,edge-A,118,DONE,5.04101,5.04589,4.883166000126948,4.883166000126948,0.108,4.166,0.6091660001269483,0.0
S00005,IMS-CSCF,core-1,117,DONE,5.04913,5.05463,5.50148800016359,15.50148800016359,0.101,2.507,2.89348800016359,5.0
S00002,vRAN-DU,edge-B,109,DONE,5.0505,5.05502,4.524106999951982,4.524106999951982,0.111,3.734,0.6791069999519825,0.0
S00003,UPF,core-1,123,DONE,5.05059,5.05503,4.4456219998210145,14.445621999821014,0.081,3.398,0.9666219998210139,5.0
S00007,Transcoder,core-1,61,DONE,5.06343,5.07377,10.335906999898725,20.335906999898725,0.085,9.546,0.704906999898725,5.0
S00002,vRAN-DU,edge-B,110,DONE,5.06493,5.06845,3.5215480002079858,3.5215480002079858,0.082,2.612,0.8275480002079858,0.0
S00006,IMS-CSCF,core-1,105,DONE,5.06846,5.07463,6.172076999973797,18.172076999973797,0.073,5.656,0.4430769999737967,6.0
S00010,IoT-GW,edge-B,102,DONE,5.07792,5.0802,2.2804129998803546,2.2804129998803546,0.072,1.614,0.5944129998803545,0.0
S00010,IoT-GW,edge-B,103,DONE,5.08552,5.08746,1.9395260001147108,1.9395260001147108,0.096,1.249,0.5945260001147106,0.0
S00009,IoT-GW,edge-A,99,DONE,5.08747,5.08931,1.8422599998757505,1.8422599998757505,0.085,1.175,0.5822599998757505,0.0
S00009,IoT-GW,edge-A,100,DONE,5.09454,5.09731,2.7747429999180895,2.7747429999180895,0.088,1.875,0.8117429999180894,0.0
S00002,vRAN-DU,edge-B,111,DONE,5.09585,5.10102,5.169316999854345,5.169316999854345,0.092,4.361,0.7163169998543459,0.0
S00001,vRAN-DU,edge-A,119,DONE,5.10329,5.10935,6.054826999843499,6.054826999843499,0.09,5.248,0.7168269998434988,0.0
S00005,IMS-CSCF,core-1,118,DONE,5.11163,5.11494,3.3109280000189756,13.310928000018976,0.191,2.331,0.7889280000189758,5.0
S00004,UPF,core-1,107,DONE,5.11406,5.11845,4.384513999866613,16.384513999866613,0.095,3.21,1.079513999866613,6.0
S00003,UPF,core-1,124,DONE,5.1268,5.13038,3.5742620000291936,13.574262000029194,0.081,2.493,1.0002620000291937,5.0
S00001,vRAN-DU,edge-A,120,DONE,5.12922,5.13714,7.92109300004995,7.92109300004995,0.083,7.249,0.5890930000499504,0.0
S00010,IoT-GW,edge-B,104,DONE,5.12931,5.13179,2.472118000014234,2.472118000014234,0.074,1.552,0.8461180000142341,0.0
S00006,IMS-CSCF,core-1,106,DONE,5.13038,5.13436,3.9754540000558336,15.975454000055834,0.597,1.745,1.6334540000558335,6.0
S00003,UPF,core-1,125,DONE,5.13179,5.13454,2.7479630000470934,12.747963000047093,0.05,2.38,0.31796300004709366,5.0
S00007,Transcoder,core-1,62,DONE,5.13436,5.14174,7.375649000096018,17.37564900009602,0.077,6.791,0.5076490000960181,5.0
S00005,IMS-CSCF,core-1,119,DONE,5.13442,5.13715,2.732301999913034,12.732301999913034,0.096,2.289,0.34730199991303357,5.0
S00006,IMS-CSCF,core-1,107,DONE,5.13445,5.1372,2.7438909999091265,14.743890999909127,0.083,2.261,0.39989099990912624,6.0
S00001,vRAN-DU,edge-A,121,DONE,5.13669,5.14425,7.563236999885703,7.563236999885703,0.064,3.046,4.4532369998857035,0.0
S00002,vRAN-DU,edge-B,112,DONE,5.14854,5.15716,8.622414999990724,8.622414999990724,0.109,7.605,0.9084149999907236,0.0
S00003,UPF,core-1,126,DONE,5.14866,5.15256,3.9072909999049443,13.907290999904944,0.076,3.359,0.4722909999049443,5.0
S00009,IoT-GW,edge-A,101,DONE,5.15582,5.15764,1.8211760000212962,1.8211760000212962,0.083,1.096,0.6421760000212962,0.0
S00002,vRAN-DU,edge-B,113,DONE,5.17003,5.17407,4.042941000079736,4.042941000079736,0.082,3.309,0.6519410000797361,0.0
S00010,IoT-GW,edge-B,105,DONE,5.17152,5.17286,1.3346870000532363,1.3346870000532363,0.054,0.823,0.45768700005323626,0.0
S00004,UPF,core-1,108,DONE,5.1773,5.18217,4.872361000025194,16.872361000025194,0.18,3.873,0.8193610000251939,6.0
S00008,Transcoder,core-1,59,DONE,5.17877,5.18544,6.663296999931845,18.663296999931845,0.054,6.138,0.4712969999318446,6.0
S00006,IMS-CSCF,core-1,108,DONE,5.18668,5.18853,1.8552159999671858,13.855215999967186,0.058,1.282,0.5152159999671857,6.0
S00009,IoT-GW,edge-A,102,DONE,5.18677,5.18854,1.7684319998352294,1.7684319998352294,0.342,0.952,0.4744319998352293,0.0
S00005,IMS-CSCF,core-1,120,DONE,5.19075,5.19247,1.728640000010273,11.728640000010273,0.055,1.258,0.4156400000102731,5.0
S00001,vRAN-DU,edge-A,122,DONE,5.19368,5.19716,3.487942000219846,3.487942000219846,0.075,2.933,0.4799420002198458,0.0
S00009,IoT-GW,edge-A,103,DONE,5.19376,5.1954,1.6395929999362124,1.6395929999362124,0.132,0.968,0.5395929999362123,0.0
S00004,UPF,core-1,109,DONE,5.2024,5.20529,2.889716999789016,14.889716999789016,0.078,2.045,0.7667169997890162,6.0
S00010,IoT-GW,edge-B,106,DONE,5.20468,5.20642,1.738518999900407,1.738518999900407,0.076,1.096,0.5665189999004068,0.0
S00003,UPF,core-1,127,DONE,5.20642,5.2088,2.3737910000818374,12.373791000081837,0.057,1.916,0.40079100008183755,5.0
S00008,Transcoder,core-1,60,DONE,5.20997,5.21647,6.505103999870698,18.5051039998707,0.051,6.026,0.42810399987069836,6.0
S00004,UPF,core-1,110,DONE,5.21973,5.22242,2.694033999887324,14.694033999887324,0.06,2.152,0.482033999887324,6.0
S00003,UPF,core-1,128,DONE,5.22462,5.2272,2.5792149999688263,12.579214999968826,0.116,1.974,0.4892149999688262,5.0
S00003,UPF,core-1,129,DONE,5.22941,5.23191,2.502099000139424,12.502099000139424,0.053,2.065,0.384099000139424,5.0
S00003,UPF,core-1,130,DONE,5.23166,5.23412,2.4666809999871475,12.466680999987148,0.041,1.945,0.48068099998714753,5.0
S00007,Transcoder,core-1,63,DONE,5.24032,5.24723,6.905355000071722,16.905355000071722,0.06,6.342,0.5033550000717231,5.0
S00009,IoT-GW,edge-A,104,DONE,5.24161,5.24312,1.510697999947297,1.510697999947297,0.088,0.896,0.5266979999472968,0.0
S00003,UPF,core-1,131,DONE,5.25449,5.25722,2.725621999843497,12.725621999843497,0.071,2.121,0.533621999843497,5.0
S00010,IoT-GW,edge-B,107,DONE,5.25943,5.26182,2.38116200011973,2.38116200011973,0.072,1.723,0.5861620001197296,0.0
S00010,IoT-GW,edge-B,108,DONE,5.28616,5.28814,1.9844570001623651,1.9844570001623651,0.084,1.217,0.683457000162365,0.0
S00009,IoT-GW,edge-A,105,DONE,5.29137,5.29324,1.868330999968748,1.868330999968748,0.087,1.153,0.6283309999687481,0.0
S00003,UPF,core-1,132,DONE,5.2927,5.29571,3.0099739999513986,13.009973999951399,0.303,2.216,0.49097399995139845,5.0
S00003,UPF,core-1,133,DONE,5.29444,5.29886,4.422133000161921,14.42213300016192,1.133,2.876,0.4131330001619209,5.0
S00010,IoT-GW,edge-B,109,DONE,5.2945,5.29643,1.9284679999600485,1.9284679999600485,0.062,1.235,0.6314679999600483,0.0
S00006,IMS-CSCF,core-1,109,DONE,5.29644,5.29792,1.4807390000441956,13.480739000044196,0.046,1.2,0.23473900004419557,6.0
S00003,UPF,core-1,134,DONE,5.31326,5.31763,4.369024999959947,14.369024999959947,0.227,2.733,1.409024999959947,5.0
S00005,IMS-CSCF,core-1,121,DONE,5.31467,5.31821,3.5416329999407026,13.541632999940703,0.057,2.985,0.49963299994070276,5.0
S00003,UPF,core-1,135,DONE,5.31764,5.32112,3.474768999922162,13.474768999922162,0.081,2.385,1.0087689999221623,5.0
S00009,IoT-GW,edge-A,106,DONE,5.32235,5.32441,2.0631679999496555,2.0631679999496555,0.087,1.304,0.6721679999496555,0.0
S00003,UPF,core-1,136,DONE,5.33273,5.33592,3.189722999877631,13.189722999877631,0.089,2.331,0.7697229998776312,5.0
S00007,Transcoder,core-1,64,DONE,5.34026,5.34798,7.720210000115912,17.720210000115912,0.083,6.877,0.7602100001159124,5.0
S00009,IoT-GW,edge-A,107,DONE,5.35631,5.35861,2.3080270000264136,2.3080270000264136,0.091,1.337,0.8800270000264134,0.0
S00010,IoT-GW,edge-B,110,DONE,5.36493,5.36733,2.40276299996367,2.40276299996367,0.097,1.616,0.6897629999636701,0.0
S00006,IMS-CSCF,core-1,110,DONE,5.36636,5.36851,2.157908999834035,14.157908999834035,0.086,1.525,0.5469089998340353,6.0
S00009,IoT-GW,edge-A,108,DONE,5.37071,5.373,2.290886999844588,2.290886999844588,0.116,1.42,0.754886999844588,0.0
S00009,IoT-GW,edge-A,109,DONE,5.37212,5.37468,2.566188999935548,2.566188999935548,0.288,1.356,0.9221889999355481,0.0
S00006,IMS-CSCF,core-1,111,DONE,5.38,5.38314,3.1422119998296694,15.14221199982967,0.088,2.29,0.7642119998296693,6.0
S00001,vRAN-DU,edge-A,123,DONE,5.39345,5.40114,7.68917400000646,7.68917400000646,0.207,5.26,2.2221740000064605,0.0
S00008,Transcoder,core-1,61,DONE,5.39359,5.40578,12.194306000083088,24.19430600008309,0.112,10.888,1.1943060000830883,6.0
S00009,IoT-GW,edge-A,110,DONE,5.39481,5.40116,6.344338999952015,6.344338999952015,0.076,4.49,1.7783389999520152,0.0
S00003,UPF,core-1,137,DONE,5.39488,5.40193,7.053053999925396,17.053053999925396,0.076,6.249,0.7280539999253968,5.0
S00002,vRAN-DU,edge-B,114,DONE,5.40116,5.40823,7.070400000202426,7.070400000202426,0.104,6.371,0.5954000002024253,0.0
S00003,UPF,core-1,138,DONE,5.4105,5.41447,3.972220999912679,13.972220999912679,0.077,3.319,0.576220999912679,5.0
S00004,UPF,core-1,111,DONE,5.41183,5.41454,2.7073559999735153,14.707355999973515,0.09,2.095,0.5223559999735152,6.0
S00009,IoT-GW,edge-A,111,DONE,5.4218,5.42401,2.2111519999725715,2.2111519999725715,0.087,1.425,0.6991519999725713,0.0
S00003,UPF,core-1,139,DONE,5.42521,5.4283,3.086166000002777,13.086166000002777,0.084,2.445,0.5571660000027769,5.0
S00002,vRAN-DU,edge-B,115,DONE,5.42758,5.43288,5.303983999965567,5.303983999965567,0.119,4.543,0.641983999965567,0.0
S00006,IMS-CSCF,core-1,112,DONE,5.42765,5.4327,5.048549000093772,17.04854900009377,0.05,4.227,0.7715490000937715,6.0
S00002,vRAN-DU,edge-B,116,DONE,5.42946,5.43576,6.303957000000082,6.303957000000082,0.096,3.257,2.950957000000082,0.0
S00010,IoT-GW,edge-B,111,DONE,5.45112,5.45325,2.1327730000848533,2.1327730000848533,0.08,1.313,0.7397730000848532,0.0
S00006,IMS-CSCF,core-1,113,DONE,5.46961,5.47291,3.3002929999383923,15.300292999938392,0.247,2.221,0.8322929999383923,6.0
S00004,UPF,core-1,112,DONE,5.46976,5.47321,3.4463680001408648,15.446368000140865,0.097,2.76,0.589368000140865,6.0
S00001,vRAN-DU,edge-A,124,DONE,5.4744,5.47852,4.113077000056364,4.113077000056364,0.052,3.348,0.7130770000563649,0.0
S00003,UPF,core-1,140,DONE,5.47971,5.48261,2.8943989998424513,12.894398999842451,0.113,2.197,0.5843989998424512,5.0
S00010,IoT-GW,edge-B,112,DONE,5.49396,5.4956,1.6464609998365631,1.6464609998365631,0.09,0.968,0.5884609998365631,0.0
S00006,IMS-CSCF,core-1,114,DONE,5.49416,5.49612,1.9610709998687526,13.961070999868753,0.084,1.303,0.5740709998687525,6.0
S00005,IMS-CSCF,core-1,122,DONE,5.49732,5.49946,2.137470999969082,12.137470999969082,0.059,1.551,0.5274709999690821,5.0
S00008,Transcoder,core-1,62,DONE,5.51689,5.52455,7.6646229999823845,19.664622999982384,0.09,6.746,0.8286229999823842,6.0
S00010,IoT-GW,edge-B,113,DONE,5.51711,5.52121,4.106377999960387,4.106377999960387,0.081,3.468,0.5573779999603863,0.0
S00004,UPF,core-1,113,DONE,5.51878,5.52282,4.041712999878655,16.041712999878655,0.099,3.462,0.48071299987865457,6.0
S00006,IMS-CSCF,core-1,115,DONE,5.52456,5.52754,2.9770149999421847,14.977014999942185,0.084,1.949,0.9440149999421845,6.0
S00006,IMS-CSCF,core-1,116,DONE,5.52463,5.52943,4.801395999947999,16.801395999948,2.131,2.166,0.5043959999479997,6.0
S00009,IoT-GW,edge-A,112,DONE,5.52686,5.52919,2.334616000098322,2.334616000098322,0.122,1.498,0.7146160000983219,0.0
S00010,IoT-GW,edge-B,114,DONE,5.52754,5.52957,2.0248389998869243,2.0248389998869243,0.065,1.614,0.34583899988692424,0.0
S00003,UPF,core-1,141,DONE,5.53999,5.54371,3.7223470001208625,13.722347000120863,0.103,2.842,0.7773470001208622,5.0
S00008,Transcoder,core-1,63,DONE,5.54022,5.5476,7.377791999942929,19.37779199994293,0.169,6.636,0.572791999942929,6.0
S00003,UPF,core-1,142,DONE,5.54766,5.55019,2.534610999873621,12.534610999873621,0.052,2.084,0.3986109998736209,5.0
S00004,UPF,core-1,114,DONE,5.55139,5.55378,2.3836790001041663,14.383679000104166,0.053,1.995,0.3356790001041663,6.0
S00001,vRAN-DU,edge-A,125,DONE,5.55364,5.55715,3.5021999999571563,3.5021999999571563,0.079,2.943,0.480199999957156,0.0
S00005,IMS-CSCF,core-1,123,DONE,5.55696,5.55888,1.9266529998276383,11.926652999827638,0.057,1.376,0.49365299982763844,5.0
S00010,IoT-GW,edge-B,115,DONE,5.56923,5.57137,2.146253000091747,2.146253000091747,0.085,1.281,0.7802530000917469,0.0
S00009,IoT-GW,edge-A,113,DONE,5.57138,5.57441,3.028644999858443,3.028644999858443,0.086,1.612,1.330644999858443,0.0
S00006,IMS-CSCF,core-1,117,DONE,5.57269,5.57467,1.9849880000037956,13.984988000003796,0.12,1.376,0.4889880000037956,6.0
S00001,vRAN-DU,edge-A,126,DONE,5.57585,5.57912,3.270533999966574,3.270533999966574,0.07,2.687,0.5135339999665742,0.0
S00003,UPF,core-1,143,DONE,5.58137,5.58442,3.0499179999878834,13.049917999987883,0.083,2.4,0.5669179999878833,5.0
S00001,vRAN-DU,edge-A,127,DONE,5.58665,5.59034,3.6961539999538218,3.6961539999538218,0.136,2.934,0.6261539999538215,0.0
S00002,vRAN-DU,edge-B,117,DONE,5.59154,5.59489,3.3466750001025503,3.3466750001025503,0.082,2.756,0.5086750001025506,0.0
S00002,vRAN-DU,edge-B,118,DONE,5.59286,5.59605,3.1899769999199634,3.1899769999199634,0.103,2.737,0.3499769999199631,0.0
S00009,IoT-GW,edge-A,114,DONE,5.59825,5.5999,1.646593000032226,1.646593000032226,0.073,1.1,0.47359300003222593,0.0
S00008,Transcoder,core-1,64,DONE,5.60414,5.6107,6.566851000116003,18.566851000116003,0.086,5.95,0.5308510001160025,6.0
S00005,IMS-CSCF,core-1,124,DONE,5.60541,5.60701,1.5922289999252826,11.592228999925283,0.056,1.143,0.3932289999252825,5.0
S00006,IMS-CSCF,core-1,118,DONE,5.61295,5.61542,2.46850300004553,14.46850300004553,0.061,1.885,0.52250300004553,6.0
S00001,vRAN-DU,edge-A,128,DONE,5.61763,5.62134,3.709952000008343,3.709952000008343,0.117,2.741,0.8519520000083429,0.0
S00001,vRAN-DU,edge-A,129,DONE,5.63378,5.63765,3.8749259999804053,3.8749259999804053,0.092,2.99,0.792925999980405,0.0
S00003,UPF,core-1,144,DONE,5.63518,5.63786,2.6785060001657257,12.678506000165726,0.086,2.051,0.5415060001657257,5.0
S00005,IMS-CSCF,core-1,125,DONE,5.64319,5.64961,6.417586999987179,16.41758699998718,0.077,5.675,0.6655869999871795,5.0
S00001,vRAN-DU,edge-A,130,DONE,5.64334,5.64837,5.032217000007222,5.032217000007222,0.101,4.441,0.4902170000072221,0.0
S00004,UPF,core-1,115,DONE,5.645,5.65226,7.266394999987824,19.266394999987824,0.196,2.122,4.9483949999878245,6.0
S00001,vRAN-DU,edge-A,131,DONE,5.6555,5.66272,7.212570000092455,7.212570000092455,0.078,6.611,0.5235700000924552,0.0
S00001,vRAN-DU,edge-A,132,DONE,5.65682,5.65976,2.9390679999323766,2.9390679999323766,0.051,2.434,0.45406799993237623,0.0
S00001,vRAN-DU,edge-A,133,DONE,5.65977,5.66313,3.3666950000679208,3.3666950000679208,0.044,2.935,0.3876950000679207,0.0
S00003,UPF,core-1,145,DONE,5.66224,5.66533,3.0887160000929725,13.088716000092973,0.11,2.375,0.6037160000929727,5.0
S00002,vRAN-DU,edge-B,119,DONE,5.66533,5.66999,4.656049000004714,4.656049000004714,0.067,3.014,1.575049000004714,0.0
S00004,UPF,core-1,116,DONE,5.66762,5.67013,2.5112260000241804,14.51122600002418,0.066,2.054,0.39122600002418073,6.0
S00006,IMS-CSCF,core-1,119,DONE,5.66999,5.67168,1.690199999984543,13.690199999984543,0.047,1.294,0.349199999984543,6.0
S00004,UPF,core-1,117,DONE,5.67794,5.68508,7.1431549999942945,19.143154999994294,0.071,2.832,4.240154999994295,6.0
S00007,Transcoder,core-1,65,DONE,5.67932,5.68695,7.635258999926009,17.63525899992601,0.07,7.002,0.5632589999260089,5.0
S00007,Transcoder,core-1,66,DONE,5.67948,5.68783,8.356120999906125,18.356120999906125,0.179,7.752,0.42512099990612473,5.0
S00008,Transcoder,core-1,65,DONE,5.69913,5.70626,7.129751000093165,19.129751000093165,0.068,6.375,0.6867510000931656,6.0
S00001,vRAN-DU,edge-A,134,DONE,5.70044,5.70394,3.503502000057779,3.503502000057779,0.131,2.892,0.48050200005777866,0.0
S00001,vRAN-DU,edge-A,135,DONE,5.70627,5.70941,3.138847999935024,3.138847999935024,0.061,2.672,0.40584799993502374,0.0
S00007,Transcoder,core-1,67,DONE,5.70858,5.71575,7.165980000081618,17.165980000081618,0.065,6.688,0.4129800000816175,5.0
S00002,vRAN-DU,edge-B,120,DONE,5.71158,5.71472,3.143039999940811,3.143039999940811,0.082,2.604,0.457039999940811,0.0
S00008,Transcoder,core-1,66,DONE,5.71686,5.72317,6.308214999990014,18.308214999990014,0.061,5.786,0.46121499999001436,6.0
S00005,IMS-CSCF,core-1,126,DONE,5.74576,5.74871,2.9456919999120146,12.945691999912015,0.105,2.152,0.6886919999120145,5.0
S00009,IoT-GW,edge-A,115,DONE,5.74599,5.74804,2.046507999921232,2.046507999921232,0.117,1.355,0.5745079999212321,0.0
S00005,IMS-CSCF,core-1,127,DONE,5.74662,5.75075,4.1328380000322795,14.13283800003228,1.848,1.428,0.8568380000322797,5.0
S00006,IMS-CSCF,core-1,120,DONE,5.76207,5.76412,2.0492989999638667,14.049298999963867,0.091,1.344,0.6142989999638666,6.0
S00008,Transcoder,core-1,67,DONE,5.76219,5.77103,8.843598000112252,20.84359800011225,0.152,8.215,0.4765980001122525,6.0
S00005,IMS-CSCF,core-1,128,DONE,5.7684,5.77044,2.0416049999312236,12.041604999931224,0.083,1.567,0.39160499993122366,5.0
S00009,IoT-GW,edge-A,116,DONE,5.76965,5.7719,2.249634000008882,2.249634000008882,0.088,1.651,0.510634000008882,0.0
S00005,IMS-CSCF,core-1,129,DONE,5.77314,5.77488,1.7318149998573062,11.731814999857306,0.052,1.283,0.3968149998573063,5.0
S00009,IoT-GW,edge-A,117,DONE,5.77488,5.77635,1.4657049998731964,1.4657049998731964,0.061,1.046,0.3587049998731964,0.0
S00006,IMS-CSCF,core-1,121,DONE,5.77953,5.78166,2.128495999841107,14.128495999841107,0.052,1.655,0.42149599984110675,6.0
S00010,IoT-GW,edge-B,116,DONE,5.78986,5.79155,1.6928150000694586,1.6928150000694586,0.08,1.059,0.5538150000694586,0.0
S00004,UPF,core-1,118,DONE,5.79273,5.79537,2.6454900000771886,14.645490000077189,0.103,2.068,0.47449000007718833,6.0
S00007,Transcoder,core-1,68,DONE,5.8006,5.80719,6.589582000060545,16.589582000060545,0.066,5.936,0.5875820000605456,5.0
S00004,UPF,core-1,119,DONE,5.81745,5.82028,2.8250550001303054,14.825055000130305,0.078,2.001,0.7460550001303057,6.0
S00010,IoT-GW,edge-B,117,DONE,5.81762,5.82141,3.788682000049448,3.788682000049448,0.081,2.893,0.8146820000494484,0.0
S00004,UPF,core-1,120,DONE,5.8189,5.82303,4.13006899998436,16.13006899998436,0.86,2.849,0.42106899998435976,6.0
S00009,IoT-GW,edge-A,118,DONE,5.83939,5.84151,2.1172109998133237,2.1172109998133237,0.096,1.403,0.6182109998133236,0.0
S00005,IMS-CSCF,core-1,130,DONE,5.85184,5.85593,4.096614999980375,14.096614999980375,0.091,3.138,0.8676149999803746,5.0
S00002,vRAN-DU,edge-B,121,DONE,5.85198,5.85594,3.961656999990737,3.961656999990737,0.078,3.016,0.8676569999907371,0.0
S00001,vRAN-DU,edge-A,136,DONE,5.85207,5.85754,5.466013999921415,5.466013999921415,0.076,3.92,1.4700139999214157,0.0
S00010,IoT-GW,edge-B,118,DONE,5.85594,5.85758,1.631866000025184,1.631866000025184,0.049,1.247,0.33586600002518385,0.0
S00003,UPF,core-1,146,DONE,5.8719,5.87489,2.9887830000916438,12.988783000091644,0.171,2.172,0.6457830000916438,5.0
S00002,vRAN-DU,edge-B,122,DONE,5.87215,5.87558,3.430209999805811,3.430209999805811,0.074,2.925,0.43120999980581143,0.0
S00001,vRAN-DU,edge-A,137,DONE,5.88093,5.88568,4.745577999983652,4.745577999983652,0.141,3.191,1.4135779999836524,0.0
S00006,IMS-CSCF,core-1,122,DONE,5.89194,5.89451,2.568915999972887,14.568915999972887,0.093,1.702,0.7739159999728873,6.0
S00007,Transcoder,core-1,69,DONE,5.89571,5.90372,8.006321000038952,18.00632100003895,0.065,6.391,1.5503210000389513,5.0
S00007,Transcoder,core-1,70,DONE,5.90552,5.91424,8.712677999938023,18.712677999938023,0.071,7.436,1.2056779999380236,5.0
S00005,IMS-CSCF,core-1,131,DONE,5.90859,5.91062,2.0268339999347518,12.026833999934752,0.062,1.441,0.5238339999347517,5.0
S00002,vRAN-DU,edge-B,123,DONE,5.9155,5.92292,7.4121869999999035,7.4121869999999035,0.093,5.731,1.5881869999999036,0.0
S00004,UPF,core-1,121,DONE,5.91571,5.92291,7.203793000144287,19.203793000144287,0.101,4.117,2.9857930001442874,6.0
S00001,vRAN-DU,edge-A,138,DONE,5.91744,5.92292,5.478886999981114,5.478886999981114,0.112,4.576,0.7908869999811143,0.0
S00007,Transcoder,core-1,71,DONE,5.91753,5.92711,9.577907999982926,19.577907999982926,0.067,6.63,2.8809079999829263,5.0
S00010,IoT-GW,edge-B,119,DONE,5.92627,5.929,2.7285989999654703,2.7285989999654703,0.08,1.75,0.8985989999654702,0.0
S00005,IMS-CSCF,core-1,132,DONE,5.92683,5.93133,4.4954649999908725,14.495464999990872,0.488,2.457,1.550464999990873,5.0
S00009,IoT-GW,edge-A,119,DONE,5.92712,5.93134,4.217692000111128,4.217692000111128,0.075,3.605,0.5376920001111283,0.0
S00004,UPF,core-1,122,DONE,5.92718,5.93042,3.237437999814574,15.237437999814574,0.166,1.936,1.1354379998145743,6.0
S00009,IoT-GW,edge-A,120,DONE,5.93662,5.93874,2.122080999924947,2.122080999924947,0.109,1.341,0.6720809999249469,0.0
S00002,vRAN-DU,edge-B,124,DONE,5.9409,5.94466,3.758557999844925,3.758557999844925,0.085,3.016,0.6575579998449248,0.0
S00010,IoT-GW,edge-B,120,DONE,5.96009,5.96265,2.5657300000148098,2.5657300000148098,0.09,1.723,0.7527300000148098,0.0
S00002,vRAN-DU,edge-B,125,DONE,5.96588,5.96985,3.974363999986963,3.974363999986963,0.068,3.262,0.6443639999869628,0.0
S00003,UPF,core-1,147,DONE,5.98022,5.98471,4.488908999974228,14.488908999974228,0.14,3.623,0.7259089999742283,5.0
S00001,vRAN-DU,edge-A,139,DONE,5.98166,5.98646,4.7987300001750555,4.7987300001750555,0.101,3.983,0.7147300001750554,0.0
S00009,IoT-GW,edge-A,121,DONE,5.98178,5.98433,2.5585199998658936,2.5585199998658936,0.149,1.554,0.8555199998658936,0.0
S00004,UPF,core-1,123,DONE,5.98298,5.98832,5.338638000011997,17.338638000011997,0.144,3.323,1.871638000011997,6.0
S00006,IMS-CSCF,core-1,123,DONE,5.98434,5.98828,3.9418339999883756,15.941833999988376,0.185,2.793,0.9638339999883754,6.0
S00009,IoT-GW,edge-A,122,DONE,6.00781,6.01182,4.01842599990232,4.01842599990232,0.088,2.96,0.9704259999023197,0.0
S00001,vRAN-DU,edge-A,140,DONE,6.01826,6.02483,6.565150000142239,6.565150000142239,0.128,5.52,0.9171500001422395,0.0
S00005,IMS-CSCF,core-1,133,DONE,6.01841,6.02099,2.581789000032586,12.581789000032586,0.092,1.843,0.646789000032586,5.0
S00002,vRAN-DU,edge-B,126,DONE,6.02828,6.03864,10.359717000028468,10.359717000028468,0.127,9.342,0.8907170000284665,0.0
S00004,UPF,core-1,124,DONE,6.03181,6.03698,5.168818000129249,17.16881800012925,0.651,3.495,1.0228180001292495,6.0
S00003,UPF,core-1,148,DONE,6.03211,6.03863,6.521158999930776,16.521158999930776,0.11,5.662,0.749158999930776,5.0
S00010,IoT-GW,edge-B,121,DONE,6.03346,6.04168,8.219012999916231,8.219012999916231,0.18,7.305,0.7340129999162315,0.0
S00002,vRAN-DU,edge-B,127,DONE,6.03699,6.04245,5.458116999989215,5.458116999989215,1.089,3.794,0.575116999989215,0.0
S00002,vRAN-DU,edge-B,128,DONE,6.03869,6.04474,6.044802999895182,6.044802999895182,2.485,2.76,0.7998029998951828,0.0
S00007,Transcoder,core-1,72,DONE,6.04413,6.05199,7.861171999820726,17.861171999820726,0.096,6.726,1.0391719998207263,5.0
S00010,IoT-GW,edge-B,122,DONE,6.04698,6.04918,2.195896000102948,2.195896000102948,0.06,1.489,0.646896000102948,0.0
S00009,IoT-GW,edge-A,123,DONE,6.05149,6.05384,2.350494999973307,2.350494999973307,0.13,1.273,0.9474949999733073,0.0
S00003,UPF,core-1,149,DONE,6.05385,6.05735,3.50128499985658,13.50128499985658,0.078,2.91,0.5132849998565798,5.0
S00007,Transcoder,core-1,73,DONE,6.05965,6.07295,13.304242999993221,23.30424299999322,0.143,12.327,0.8342429999932204,5.0
S00001,vRAN-DU,edge-A,141,DONE,6.06314,6.06918,6.040463000090313,6.040463000090313,0.107,5.087,0.8464630000903126,0.0
S00004,UPF,core-1,125,DONE,6.0645,6.0721,7.598868000059156,19.598868000059156,0.114,3.691,3.793868000059156,6.0
S00010,IoT-GW,edge-B,123,DONE,6.0685,6.07364,5.139770999903703,5.139770999903703,0.111,1.688,3.340770999903704,0.0
S00009,IoT-GW,edge-A,124,DONE,6.07596,6.07858,2.618280999968192,2.618280999968192,0.128,1.772,0.7182809999681921,0.0
S00004,UPF,core-1,126,DONE,6.08092,6.08515,4.230792000043948,16.230792000043948,0.095,3.353,0.7827920000439481,6.0
S00003,UPF,core-1,150,DONE,6.08231,6.08552,3.2032169999638427,13.203216999963843,0.069,2.648,0.4862169999638426,5.0
S00005,IMS-CSCF,core-1,134,DONE,6.08781,6.09097,3.1573930000377004,13.1573930000377,0.084,2.475,0.5983930000377002,5.0
S00010,IoT-GW,edge-B,124,DONE,6.09222,6.09483,2.6115460000255553,2.6115460000255553,0.124,1.773,0.7145460000255552,0.0
S00001,vRAN-DU,edge-A,142,DONE,6.09617,6.10558,9.408510000184833,9.408510000184833,0.125,8.507,0.7765100001848335,0.0
S00001,vRAN-DU,edge-A,143,DONE,6.1006,6.10654,5.937905000109822,5.937905000109822,0.183,5.099,0.6559050001098221,0.0
S00010,IoT-GW,edge-B,125,DONE,6.11188,6.11421,2.3355559999345132,2.3355559999345132,0.133,1.39,0.8125559999345133,0.0
S00006,IMS-CSCF,core-1,124,DONE,6.14361,6.14643,2.8211419999024656,14.821141999902466,0.131,1.619,1.0711419999024654,6.0
S00010,IoT-GW,edge-B,126,DONE,6.14382,6.14641,2.5950750000447442,2.5950750000447442,0.115,1.467,1.013075000044744,0.0
S00003,UPF,core-1,151,DONE,6.14643,6.15074,4.302801999983785,14.302801999983785,0.085,3.644,0.5738019999837851,5.0
S00009,IoT-GW,edge-A,125,DONE,6.14783,6.15095,3.1268340001133765,3.1268340001133765,0.111,2.089,0.9268340001133764,0.0
S00009,IoT-GW,edge-A,126,DONE,6.14993,6.15295,3.0204750000848435,3.0204750000848435,0.091,1.568,1.3614750000848432,0.0
S00004,UPF,core-1,127,DONE,6.15942,6.16493,5.510544000117079,17.51054400011708,0.24,4.394,0.8765440001170788,6.0
S00006,IMS-CSCF,core-1,125,DONE,6.15964,6.1633,3.6587020001661585,15.658702000166159,0.268,2.539,0.8517020001661586,6.0
S00002,vRAN-DU,edge-B,129,DONE,6.163,6.16923,6.224634999853151,6.224634999853151,0.112,5.251,0.861634999853151,0.0
S00009,IoT-GW,edge-A,127,DONE,6.16625,6.16843,2.1880250001231616,2.1880250001231616,0.108,1.283,0.7970250001231616,0.0
S00003,UPF,core-1,152,DONE,6.17467,6.17964,4.976914999815563,14.976914999815563,0.136,4.027,0.8139149998155624,5.0
S00004,UPF,core-1,128,DONE,6.17488,6.17937,4.496911999922304,16.496911999922304,0.219,3.447,0.8309119999223036,6.0
S00005,IMS-CSCF,core-1,135,DONE,6.19416,6.19794,3.7795969999478984,13.779596999947898,0.117,2.582,1.0805969999478986,5.0
S00001,vRAN-DU,edge-A,144,DONE,6.1977,6.20181,4.103926999960095,4.103926999960095,0.119,2.972,1.012926999960095,0.0
S00004,UPF,core-1,129,DONE,6.20116,6.20692,5.762046999961967,17.762046999961967,0.08,5.134,0.5480469999619668,6.0
S00005,IMS-CSCF,core-1,136,DONE,6.20314,6.20691,3.7722800000210555,13.772280000021055,0.102,2.881,0.7892800000210558,5.0
S00010,IoT-GW,edge-B,127,DONE,6.20447,6.2069,2.434447000041473,2.434447000041473,0.119,1.489,0.8264470000414732,0.0
S00002,vRAN-DU,edge-B,130,DONE,6.20919,6.21454,5.3465959999812185,5.3465959999812185,0.107,4.48,0.7595959999812179,0.0
S00008,Transcoder,core-1,68,DONE,6.21363,6.2253,11.665148000020054,23.665148000020054,0.164,10.632,0.8691480000200542,6.0
S00002,vRAN-DU,edge-B,131,DONE,6.21986,6.22554,5.680156000153147,5.680156000153147,0.105,4.91,0.6651560001531465,0.0
S00009,IoT-GW,edge-A,128,DONE,6.22784,6.23079,2.9443089999858785,2.9443089999858785,0.177,2.051,0.7163089999858783,0.0
S00003,UPF,core-1,153,DONE,6.23024,6.23461,4.3686680000973865,14.368668000097387,0.109,3.591,0.6686680000973864,5.0
S00006,IMS-CSCF,core-1,126,DONE,6.23689,6.2411,4.203533000008974,16.203533000008974,0.102,3.359,0.742533000008974,6.0
S00010,IoT-GW,edge-B,128,DONE,6.23831,6.24119,2.8798920000099315,2.8798920000099315,0.109,2.266,0.5048920000099315,0.0
S00003,UPF,core-1,154,DONE,6.24652,6.25139,4.867536000119799,14.867536000119799,0.151,3.926,0.7905360001197987,5.0
S00003,UPF,core-1,155,DONE,6.24794,6.25521,7.276516000047195,17.276516000047195,2.949,3.584,0.7435160000471952,5.0
S00008,Transcoder,core-1,69,DONE,6.25476,6.27481,20.046983000156615,32.046983000156615,0.081,19.258,0.7079830001566165,6.0
S00009,IoT-GW,edge-A,129,DONE,6.25649,6.25938,2.8877950001060526,2.8877950001060526,0.194,1.437,1.2567950001060526,0.0
S00009,IoT-GW,edge-A,130,DONE,6.2566,6.26466,8.05308399981186,8.05308399981186,1.82,4.781,1.4520839998118609,0.0
S00003,UPF,core-1,156,DONE,6.25939,6.26647,7.081900000002861,17.08190000000286,0.105,6.064,0.9129000000028604,5.0
S00003,UPF,core-1,157,DONE,6.26094,6.27899,18.057957999872087,28.057957999872087,1.799,12.522,3.7369579998720877,5.0
S00001,vRAN-DU,edge-A,145,DONE,6.26108,6.27693,15.854132999947979,15.854132999947979,0.18,12.453,3.2211329999479794,0.0
S00001,vRAN-DU,edge-A,146,DONE,6.26115,6.27811,16.96245500011173,16.96245500011173,0.173,13.615,3.174455000111733,0.0
S00001,vRAN-DU,edge-A,147,DONE,6.26343,6.28365,20.225037999807682,20.225037999807682,13.067,6.133,1.0250379998076822,0.0
S00002,vRAN-DU,edge-B,132,DONE,6.26777,6.27427,6.495225999969989,6.495225999969989,0.121,5.581,0.7932259999699882,0.0
S00007,Transcoder,core-1,74,DONE,6.27296,6.28977,16.810743000178263,26.810743000178263,0.112,16.113,0.5857430001782653,5.0
S00002,vRAN-DU,edge-B,133,DONE,6.28236,6.28837,6.010012999922765,6.010012999922765,0.123,5.123,0.7640129999227643,0.0
S00002,vRAN-DU,edge-B,134,DONE,6.28494,6.29434,9.4032839999727,9.4032839999727,0.094,8.559,0.7502839999727016,0.0
S00007,Transcoder,core-1,75,DONE,6.28838,6.29656,8.181887000091592,18.181887000091592,0.524,7.11,0.5478870000915919,5.0
S00002,vRAN-DU,edge-B,135,DONE,6.30194,6.30635,4.410185000097044,4.410185000097044,0.109,3.456,0.8451850000970444,0.0
S00006,IMS-CSCF,core-1,127,DONE,6.30384,6.3072,3.3547349999025755,15.354734999902576,0.13,2.444,0.7807349999025757,6.0
S00009,IoT-GW,edge-A,131,DONE,6.3072,6.30914,1.9432910000887205,1.9432910000887205,0.077,1.323,0.5432910000887206,0.0
S00004,UPF,core-1,130,DONE,6.31346,6.31643,2.969850999988921,14.969850999988921,0.082,2.296,0.5918509999889214,6.0
S00003,UPF,core-1,158,DONE,6.31584,6.3191,3.2575390000602056,13.257539000060206,0.074,2.229,0.9545390000602056,5.0
S00004,UPF,core-1,131,DONE,6.31593,6.31916,3.2211410000400065,15.221141000040006,0.133,2.315,0.7731410000400065,6.0
S00005,IMS-CSCF,core-1,137,DONE,6.32241,6.32485,2.4418680000053428,12.441868000005343,0.064,1.554,0.8238680000053427,5.0
S00003,UPF,core-1,159,DONE,6.32486,6.32884,3.977720999955636,13.977720999955636,0.058,3.235,0.6847209999556365,5.0
S00004,UPF,core-1,132,DONE,6.33016,6.33537,5.2069050000227435,17.206905000022743,0.065,3.761,1.380905000022743,6.0
S00009,IoT-GW,edge-A,132,DONE,6.33038,6.33558,5.192827999962901,5.192827999962901,2.218,2.414,0.5608279999629011,0.0
S00002,vRAN-DU,edge-B,136,DONE,6.34607,6.35137,5.296821000001728,5.296821000001728,0.091,4.41,0.7958210000017276,0.0
S00009,IoT-GW,edge-A,133,DONE,6.3463,6.34899,2.691234999929293,2.691234999929293,0.128,1.674,0.8892349999292928,0.0
S00006,IMS-CSCF,core-1,128,DONE,6.349,6.35585,6.857623999849238,18.85762399984924,0.122,5.978,0.7576239998492387,6.0
S00010,IoT-GW,edge-B,129,DONE,6.35927,6.36171,2.439135000031456,2.439135000031456,0.112,1.47,0.8571350000314559,0.0
S00005,IMS-CSCF,core-1,138,DONE,6.36173,6.36738,5.651394000096843,15.651394000096843,0.094,2.497,3.060394000096843,5.0
S00010,IoT-GW,edge-B,130,DONE,6.36622,6.36847,2.242664000050354,2.242664000050354,0.085,1.545,0.612664000050354,0.0
S00005,IMS-CSCF,core-1,139,DONE,6.36739,6.36972,2.333795999902577,12.333795999902577,0.06,1.864,0.40979599990257687,5.0
S00009,IoT-GW,edge-A,134,DONE,6.37196,6.37395,1.9920459999411833,1.9920459999411833,0.082,1.19,0.7200459999411832,0.0
S00004,UPF,core-1,133,DONE,6.38031,6.38397,3.658847999986392,15.658847999986392,0.216,2.459,0.9838479999863918,6.0
S00008,Transcoder,core-1,70,DONE,6.39248,6.39995,7.4688730001071235,19.468873000107124,0.138,6.414,0.9168730001071239,6.0
S00007,Transcoder,core-1,76,DONE,6.39271,6.40517,12.460671999861006,22.460671999861006,0.147,11.474,0.8396719998610056,5.0
S00010,IoT-GW,edge-B,131,DONE,6.40323,6.40516,1.927211000065654,1.927211000065654,0.081,1.091,0.755211000065654,0.0
S00008,Transcoder,core-1,71,DONE,6.41258,6.42105,8.470031000115341,20.47003100011534,0.135,7.373,0.9620310001153412,6.0
S00005,IMS-CSCF,core-1,140,DONE,6.41394,6.4184,4.458959999965373,14.458959999965373,0.096,3.698,0.6649599999653728,5.0
S00005,IMS-CSCF,core-1,141,DONE,6.42842,6.43211,3.6912250000114,13.6912250000114,0.106,2.801,0.7842250000113999,5.0
S00003,UPF,core-1,160,DONE,6.43082,6.43573,4.903887999944345,14.903887999944345,0.088,4.349,0.46688799994434493,5.0
S00009,IoT-GW,edge-A,135,DONE,6.43435,6.4369,2.552748999960386,2.552748999960386,0.241,1.485,0.8267489999603856,0.0
S00005,IMS-CSCF,core-1,142,DONE,6.44724,6.44984,2.605980999987878,12.605980999987878,0.066,2.033,0.5069809999878783,5.0
S00006,IMS-CSCF,core-1,129,DONE,6.46013,6.46277,2.6362300000073446,14.636230000007345,0.122,1.864,0.6502300000073447,6.0
S00001,vRAN-DU,edge-A,148,DONE,6.46149,6.46648,4.99169299996538,4.99169299996538,0.197,4.134,0.6606929999653799,0.0
S00002,vRAN-DU,edge-B,137,DONE,6.4616,6.46881,7.2107539999706205,7.2107539999706205,0.075,6.435,0.7007539999706207,0.0
S00010,IoT-GW,edge-B,132,DONE,6.46277,6.4663,3.5219020001022727,3.5219020001022727,0.047,3.2,0.2749020001022724,0.0
S00007,Transcoder,core-1,77,DONE,6.47099,6.47988,8.893879999959609,18.89387999995961,0.093,8.164,0.6368799999596089,5.0
S00001,vRAN-DU,edge-A,149,DONE,6.47334,6.47662,3.280772999914916,3.280772999914916,0.1,2.664,0.5167729999149158,0.0
S00001,vRAN-DU,edge-A,150,DONE,6.47989,6.48529,5.394326999976329,5.394326999976329,0.059,4.778,0.5573269999763291,0.0
S00006,IMS-CSCF,core-1,130,DONE,6.49149,6.49417,2.6825810000445927,14.682581000044593,0.115,1.754,0.8135810000445924,6.0
S00009,IoT-GW,edge-A,136,DONE,6.49381,6.49596,2.1438229998693714,2.1438229998693714,0.081,0.824,1.2388229998693716,0.0
S00010,IoT-GW,edge-B,133,DONE,6.49393,6.49657,2.6346459999331273,2.6346459999331273,0.118,1.798,0.7186459999331274,0.0
S00001,vRAN-DU,edge-A,151,DONE,6.50394,6.50981,5.8677510000961774,5.8677510000961774,0.074,5.086,0.7077510000961773,0.0
S00005,IMS-CSCF,core-1,143,DONE,6.51305,6.51593,2.882099000089511,12.88209900008951,0.144,2.004,0.7340990000895107,5.0
S00007,Transcoder,core-1,78,DONE,6.52023,6.53358,13.350069000125586,23.350069000125586,0.071,12.56,0.7190690001255859,5.0
S00003,UPF,core-1,161,DONE,6.5307,6.53474,4.037335000020903,14.037335000020903,0.095,3.284,0.658335000020903,5.0
S00007,Transcoder,core-1,79,DONE,6.53359,6.5439,10.31340999998065,20.31340999998065,0.089,9.451,0.7734099999806485,5.0
S00002,vRAN-DU,edge-B,138,DONE,6.53809,6.54389,5.8028460000514315,5.8028460000514315,0.089,4.789,0.9248460000514314,0.0
S00003,UPF,core-1,162,DONE,6.54391,6.54763,3.715635000162365,13.715635000162365,0.095,2.965,0.655635000162365,5.0
S00010,IoT-GW,edge-B,134,DONE,6.54537,6.54864,3.2704870000088704,3.2704870000088704,0.108,2.589,0.5734870000088703,0.0
S00006,IMS-CSCF,core-1,131,DONE,6.54764,6.55034,2.707671000052869,14.70767100005287,0.19,1.917,0.6006710000528692,6.0
S00010,IoT-GW,edge-B,135,DONE,6.56067,6.56247,1.793237999891062,1.793237999891062,0.084,1.086,0.6232379998910618,0.0
S00005,IMS-CSCF,core-1,144,DONE,6.56247,6.56444,1.9623319999482192,11.96233199994822,0.081,1.428,0.45333199994821927,5.0
S00001,vRAN-DU,edge-A,152,DONE,6.5697,6.57323,3.5306679999393964,3.5306679999393964,0.098,2.801,0.6316679999393964,0.0
S00001,vRAN-DU,edge-A,153,DONE,6.56981,6.57351,3.6961299999802577,3.6961299999802577,0.167,3.117,0.4121299999802579,0.0
S00003,UPF,core-1,163,DONE,6.57469,6.57734,2.6447860000189394,12.64478600001894,0.127,2.038,0.4797860000189398,5.0
S00009,IoT-GW,edge-A,137,DONE,6.58454,6.58637,1.8362060000072233,1.8362060000072233,0.144,1.14,0.5522060000072235,0.0
S00005,IMS-CSCF,core-1,145,DONE,6.58581,6.58775,1.944343000104709,11.944343000104709,0.111,1.464,0.3693430001047091,5.0
S00004,UPF,core-1,134,DONE,6.59196,6.5947,2.7390569998715364,14.739056999871536,0.055,2.254,0.4300569998715362,6.0
S00005,IMS-CSCF,core-1,146,DONE,6.59594,6.59814,2.196265000065978,12.196265000065978,0.06,1.635,0.5012650000659777,5.0
S00008,Transcoder,core-1,72,DONE,6.59728,6.60728,9.998015000064697,21.998015000064697,0.081,9.332,0.585015000064697,6.0
S00007,Transcoder,core-1,80,DONE,6.60036,6.61027,9.912139000107345,19.912139000107345,0.046,9.481,0.3851390001073458,5.0
S00006,IMS-CSCF,core-1,132,DONE,6.60157,6.60315,1.576612999997451,13.576612999997451,0.045,1.206,0.3256129999974511,6.0
S00010,IoT-GW,edge-B,136,DONE,6.60288,6.60988,7.008764999909545,7.008764999909545,0.078,5.764,1.1667649999095442,0.0
S00003,UPF,core-1,164,DONE,6.60671,6.61026,3.552467000190518,13.552467000190518,0.058,2.877,0.6174670001905183,5.0
S00008,Transcoder,core-1,73,DONE,6.60677,6.61388,7.114639999826977,19.114639999826977,0.099,6.466,0.5496399998269768,6.0
S00009,IoT-GW,edge-A,138,DONE,6.61248,6.61447,1.9862739998188772,1.9862739998188772,0.128,1.423,0.43527399981887704,0.0
S00001,vRAN-DU,edge-A,154,DONE,6.61664,6.61971,3.068985000027169,3.068985000027169,0.055,2.609,0.40498500002716886,0.0
S00005,IMS-CSCF,core-1,147,DONE,6.6373,6.64353,6.238075000055687,16.238075000055687,0.333,5.137,0.7680750000556875,5.0
S00004,UPF,core-1,135,DONE,6.63751,6.64379,6.281401000023834,18.281401000023834,0.205,5.261,0.8154010000238339,6.0
S00009,IoT-GW,edge-A,139,DONE,6.63759,6.64164,4.04784300008032,4.04784300008032,0.153,3.319,0.5758430000803201,0.0
S00006,IMS-CSCF,core-1,133,DONE,6.63766,6.64271,5.05264100002023,17.05264100002023,0.071,4.139,0.8426410000202305,6.0
S00006,IMS-CSCF,core-1,134,DONE,6.64027,6.64511,4.840094999963185,16.840094999963185,0.07,2.174,2.5960949999631846,6.0
S00004,UPF,core-1,136,DONE,6.65237,6.66073,8.365469999944253,20.365469999944253,0.207,3.196,4.962469999944252,6.0
S00010,IoT-GW,edge-B,137,DONE,6.6525,6.65486,2.36121800003275,2.36121800003275,0.109,1.606,0.6462180000327498,0.0
S00001,vRAN-DU,edge-A,155,DONE,6.65487,6.6608,5.936706000056802,5.936706000056802,0.113,4.824,0.9997060000568014,0.0
S00004,UPF,core-1,137,DONE,6.66088,6.66365,2.761822999900687,14.761822999900687,0.053,2.29,0.41882299990068717,6.0
S00005,IMS-CSCF,core-1,148,DONE,6.66985,6.67192,2.0704389999082196,12.07043899990822,0.061,1.512,0.4974389999082196,5.0
S00003,UPF,core-1,165,DONE,6.67616,6.67957,3.409565999845654,13.409565999845654,0.063,2.769,0.5775659998456537,5.0
S00002,vRAN-DU,edge-B,139,DONE,6.6775,6.6815,4.0024820000326145,4.0024820000326145,0.096,3.382,0.5244820000326142,0.0
S00005,IMS-CSCF,core-1,149,DONE,6.69177,6.69491,3.146789999846078,13.146789999846078,0.08,2.388,0.678789999846078,5.0
S00010,IoT-GW,edge-B,138,DONE,6.69492,6.70006,5.1357249999455235,5.1357249999455235,0.098,1.299,3.7387249999455237,0.0
S00003,UPF,core-1,166,DONE,6.69507,6.70143,6.351317000053314,16.351317000053314,0.074,5.838,0.43931700005331376,5.0
S00005,IMS-CSCF,core-1,150,DONE,6.70364,6.70619,2.5527819998387713,12.552781999838771,0.076,1.949,0.5277819998387712,5.0
S00002,vRAN-DU,edge-B,140,DONE,6.70375,6.70921,5.4595099998095975,5.4595099998095975,0.14,4.734,0.5855099998095978,0.0
S00009,IoT-GW,edge-A,140,DONE,6.7062,6.70827,2.069278000135455,2.069278000135455,0.097,1.372,0.6002780001354548,0.0
S00008,Transcoder,core-1,74,DONE,6.70921,6.7182,8.992082000077062,20.992082000077062,0.08,8.486,0.4260820000770611,6.0
S00004,UPF,core-1,138,DONE,6.71251,6.71565,3.1346319999556727,15.134631999955673,0.109,2.704,0.3216319999556725,6.0
S00002,vRAN-DU,edge-B,141,DONE,6.71374,6.71745,3.7128030000985746,3.7128030000985746,0.114,2.922,0.6768030000985745,0.0
S00004,UPF,core-1,139,DONE,6.71496,6.71779,2.8312530000675906,14.83125300006759,0.581,1.905,0.34525300006759063,6.0
S00003,UPF,core-1,167,DONE,6.72139,6.72372,2.331897999965804,12.331897999965804,0.051,1.894,0.386897999965804,5.0
S00005,IMS-CSCF,core-1,151,DONE,6.72487,6.72653,1.666318000161482,11.666318000161482,0.051,1.251,0.3643180001614821,5.0
S00009,IoT-GW,edge-A,141,DONE,6.7379,6.74065,2.7487390000260348,2.7487390000260348,0.087,1.904,0.7577390000260347,0.0
S00009,IoT-GW,edge-A,142,DONE,6.7459,6.7477,1.80110499991315,1.80110499991315,0.061,1.207,0.5331049999131501,0.0
S00004,UPF,core-1,140,DONE,6.75602,6.7624,6.374561999791695,18.374561999791695,0.087,5.2,1.0875619997916948,6.0
S00002,vRAN-DU,edge-B,142,DONE,6.75737,6.76231,4.939032000038424,4.939032000038424,0.094,3.626,1.2190320000384234,0.0
S00005,IMS-CSCF,core-1,152,DONE,6.75816,6.76574,7.577146999892648,17.577146999892648,0.116,3.451,4.010146999892648,5.0
S00002,vRAN-DU,edge-B,143,DONE,6.75823,6.76451,6.2791029999971215,6.2791029999971215,0.185,2.762,3.332102999997122,0.0
S00010,IoT-GW,edge-B,139,DONE,6.76794,6.7697,1.7632500000672735,1.7632500000672735,0.058,1.229,0.47625000006727336,0.0
S00005,IMS-CSCF,core-1,153,DONE,6.77189,6.77431,2.423460000045452,12.423460000045452,0.092,1.757,0.5744600000454521,5.0
S00009,IoT-GW,edge-A,143,DONE,6.77201,6.7743,2.2907459999714774,2.2907459999714774,0.104,1.489,0.6977459999714772,0.0
S00009,IoT-GW,edge-A,144,DONE,6.77651,6.78043,3.9171470000383124,3.9171470000383124,0.182,3.156,0.5791470000383123,0.0
S00001,vRAN-DU,edge-A,156,DONE,6.77661,6.7805,3.892252000014196,3.892252000014196,0.058,3.286,0.5482520000141959,0.0
S00005,IMS-CSCF,core-1,154,DONE,6.78167,6.78372,2.0459770000798017,12.045977000079802,0.1,1.49,0.4559770000798016,5.0
S00004,UPF,core-1,141,DONE,6.79604,6.79886,2.8137580000020534,14.813758000002053,0.082,2.164,0.5677580000020535,6.0
S00006,IMS-CSCF,core-1,135,DONE,6.80417,6.80614,1.9644159999643307,13.96441599996433,0.068,1.377,0.5194159999643306,6.0
S00002,vRAN-DU,edge-B,144,DONE,6.80614,6.80944,3.2924729998740077,3.2924729998740077,0.086,2.72,0.4864729998740076,0.0
S00004,UPF,core-1,142,DONE,6.81062,6.81312,2.5019720001182577,14.501972000118258,0.054,2.068,0.3799720001182578,6.0
S00009,IoT-GW,edge-A,145,DONE,6.81284,6.81467,1.8287660000169126,1.8287660000169126,0.078,1.14,0.6107660000169126,0.0
S00002,vRAN-DU,edge-B,145,DONE,6.82506,6.82855,3.4922270001516154,3.4922270001516154,0.09,2.797,0.6052270001516153,0.0
S00003,UPF,core-1,168,DONE,6.8308,6.8336,2.800715000148557,12.800715000148557,0.086,2.156,0.558715000148557,5.0
S00004,UPF,core-1,143,DONE,6.83886,6.84243,3.5713080001187336,15.571308000118734,0.079,2.736,0.7563080001187332,6.0
S00009,IoT-GW,edge-A,146,DONE,6.84224,6.84413,1.8858409998756542,1.8858409998756542,0.082,1.26,0.5438409998756542,0.0
S00002,vRAN-DU,edge-B,146,DONE,6.84536,6.85056,5.207475000133854,5.207475000133854,0.092,4.63,0.4854750001338548,0.0
S00005,IMS-CSCF,core-1,155,DONE,6.84795,6.84989,1.9461630001842423,11.946163000184242,0.076,1.348,0.5221630001842421,5.0
S00009,IoT-GW,edge-A,147,DONE,6.85282,6.85451,1.6894289999527246,1.6894289999527246,0.08,1.112,0.4974289999527244,0.0
S00004,UPF,core-1,144,DONE,6.8649,6.86786,2.9587960000299063,14.958796000029906,0.084,2.209,0.6657960000299061,6.0
S00003,UPF,core-1,169,DONE,6.86794,6.87044,2.5008879999859346,12.500887999985935,0.059,1.975,0.46688799998593433,5.0
S00010,IoT-GW,edge-B,140,DONE,6.88086,6.88277,1.9068840001637,1.9068840001637,0.087,1.206,0.6138840001637,0.0
S00003,UPF,core-1,170,DONE,6.88396,6.88682,2.8634869997858914,12.863486999785891,0.081,2.112,0.6704869997858913,5.0
S00009,IoT-GW,edge-A,148,DONE,6.89012,6.89192,1.7971109998597967,1.7971109998597967,0.083,1.133,0.5811109998597968,0.0
S00009,IoT-GW,edge-A,149,DONE,6.89415,6.89589,1.7391310000220983,1.7391310000220983,0.057,1.2,0.4821310000220984,0.0
S00005,IMS-CSCF,core-1,156,DONE,6.89428,6.89658,2.2998920001100487,12.299892000110049,0.255,1.522,0.5228920001100488,5.0
S00002,vRAN-DU,edge-B,147,DONE,6.89553,6.89991,4.3720049998228205,4.3720049998228205,0.085,3.257,1.0300049998228205,0.0
S00002,vRAN-DU,edge-B,148,DONE,6.89879,6.90245,3.6662770000930323,3.6662770000930323,0.077,3.073,0.5162770000930323,0.0
S00002,vRAN-DU,edge-B,149,DONE,6.90246,6.9055,3.043571000034717,3.043571000034717,0.047,2.613,0.383571000034717,0.0
S00009,IoT-GW,edge-A,150,DONE,6.90551,6.90751,1.9998749999103893,1.9998749999103893,0.075,1.412,0.5128749999103894,0.0
S00009,IoT-GW,edge-A,151,DONE,6.90972,6.91125,1.5316940000502655,1.5316940000502655,0.095,1.037,0.39969400005026556,0.0
S00003,UPF,core-1,171,DONE,6.91096,6.91376,2.7978860000530403,12.79788600005304,0.082,2.116,0.5998860000530404,5.0
S00005,IMS-CSCF,core-1,157,DONE,6.91796,6.91996,2.0005910000691074,12.000591000069107,0.073,1.42,0.5075910000691075,5.0
S00009,IoT-GW,edge-A,152,DONE,6.92841,6.93032,1.9048930000735709,1.9048930000735709,0.082,1.131,0.6918930000735708,0.0
S00003,UPF,core-1,172,DONE,6.93152,6.93442,2.9076179998810403,12.90761799988104,0.101,2.249,0.5576179998810402,5.0
S00007,Transcoder,core-1,81,DONE,6.93161,6.94093,9.320623000121486,19.320623000121486,0.213,8.515,0.5926230001214865,5.0
S00002,vRAN-DU,edge-B,150,DONE,6.93775,6.94193,4.180438000048525,4.180438000048525,0.263,3.37,0.5474380000485253,0.0
S00003,UPF,core-1,173,DONE,6.93785,6.94095,3.0915859999822715,13.091585999982271,0.07,2.457,0.5645859999822718,5.0
S00009,IoT-GW,edge-A,153,DONE,6.94036,6.94202,1.6594910000549135,1.6594910000549135,0.127,1.008,0.5244910000549134,0.0
S00002,vRAN-DU,edge-B,151,DONE,6.95249,6.95654,4.044049000185623,4.044049000185623,0.148,3.165,0.7310490001856231,0.0
S00010,IoT-GW,edge-B,141,DONE,6.95265,6.95633,3.6792769999465236,3.6792769999465236,0.286,1.43,1.9632769999465236,0.0
S00004,UPF,core-1,145,DONE,6.95633,6.95916,2.827086000024792,14.827086000024792,0.13,2.036,0.6610860000247922,6.0
S00002,vRAN-DU,edge-B,152,DONE,6.95641,6.96101,4.594822999933967,4.594822999933967,0.049,4.091,0.4548229999339668,0.0
S00002,vRAN-DU,edge-B,153,DONE,6.96221,6.96566,3.447889999961262,3.447889999961262,0.062,2.909,0.4768899999612626,0.0
S00001,vRAN-DU,edge-A,157,DONE,6.98308,6.98865,5.576524000161953,5.576524000161953,0.085,4.528,0.9635240001619536,0.0
S00005,IMS-CSCF,core-1,158,DONE,6.98866,6.99134,2.678074999948876,12.678074999948876,0.134,1.764,0.7800749999488763,5.0
S00001,vRAN-DU,edge-A,158,DONE,6.99568,7.00065,4.967565000015384,4.967565000015384,0.082,4.247,0.638565000015384,0.0
S00004,UPF,core-1,146,DONE,7.00021,7.00406,3.8501639999140025,15.850163999914002,0.301,3.032,0.5171639999140023,6.0
S00001,vRAN-DU,edge-A,159,DONE,7.00186,7.00702,5.16364899999644,5.16364899999644,0.091,2.716,2.3566489999964393,0.0
S00008,Transcoder,core-1,75,DONE,7.00636,7.01454,8.187244999817267,20.187244999817267,0.104,7.549,0.5342449998172674,6.0
S00003,UPF,core-1,174,DONE,7.00703,7.01186,4.827028000136124,14.827028000136124,0.07,4.165,0.592028000136124,5.0
S00002,vRAN-DU,edge-B,154,DONE,7.01582,7.02062,4.8027490001913975,4.8027490001913975,0.065,4.228,0.5097490001913974,0.0
S00004,UPF,core-1,147,DONE,7.01719,7.02288,5.688369999916176,17.688369999916176,0.062,5.184,0.44236999991617587,6.0
S00002,vRAN-DU,edge-B,155,DONE,7.03526,7.03868,3.4155340001689183,3.4155340001689183,0.092,2.723,0.6005340001689183,0.0
S00005,IMS-CSCF,core-1,159,DONE,7.03669,7.03917,2.4762669997926423,12.476266999792642,0.107,1.67,0.6992669997926422,5.0
S00010,IoT-GW,edge-B,142,DONE,7.04035,7.04236,2.011865999975271,2.011865999975271,0.087,1.404,0.5208659999752709,0.0
S00001,vRAN-DU,edge-A,160,DONE,7.04237,7.04622,3.8545750001048873,3.8545750001048873,0.081,3.192,0.5815750001048872,0.0
S00006,IMS-CSCF,core-1,136,DONE,7.04577,7.04823,2.467324000008375,14.467324000008375,0.243,1.751,0.4733240000083754,6.0
S00006,IMS-CSCF,core-1,137,DONE,7.0474,7.04991,2.508465000119031,14.508465000119031,0.679,1.433,0.3964650001190311,6.0
S00005,IMS-CSCF,core-1,160,DONE,7.05626,7.05902,2.757551000058811,12.757551000058811,0.074,2.015,0.6685510000588111,5.0
S00010,IoT-GW,edge-B,143,DONE,7.0587,7.06092,2.2205369998573588,2.2205369998573588,0.109,1.33,0.7815369998573587,0.0
S00006,IMS-CSCF,core-1,138,DONE,7.0588,7.06038,1.5878829999564914,13.587882999956491,0.075,1.221,0.29188299995649136,6.0
S00001,vRAN-DU,edge-A,161,DONE,7.06523,7.07067,5.443228999865823,5.443228999865823,0.114,4.548,0.7812289998658235,0.0
S00009,IoT-GW,edge-A,154,DONE,7.07068,7.0725,1.8215309999050078,1.8215309999050078,0.125,1.2,0.4965309999050078,0.0
S00003,UPF,core-1,175,DONE,7.07482,7.0788,3.9805890000934596,13.98058900009346,0.088,3.237,0.6555890000934594,5.0
S00004,UPF,core-1,148,DONE,7.08206,7.08523,3.1755909999446885,15.175590999944689,0.11,2.205,0.8605909999446886,6.0
S00008,Transcoder,core-1,76,DONE,7.08524,7.09524,10.005382000144891,22.00538200014489,0.081,9.317,0.6073820001448915,6.0
S00004,UPF,core-1,149,DONE,7.10359,7.10795,4.358608000075037,16.358608000075037,0.112,3.334,0.912608000075037,6.0
S00006,IMS-CSCF,core-1,139,DONE,7.10599,7.10811,2.1178409999720316,14.117840999972032,0.101,1.605,0.4118409999720316,6.0
S00004,UPF,core-1,150,DONE,7.10936,7.11209,2.730186999997386,14.730186999997386,0.059,2.229,0.44218699999738575,6.0
S00004,UPF,core-1,151,DONE,7.11067,7.11422,3.5580149999532296,15.55801499995323,1.208,1.981,0.3690149999532293,6.0
S00004,UPF,core-1,152,DONE,7.11953,7.12364,4.110298000114199,16.1102980001142,0.723,2.726,0.6612980001141988,6.0
S00010,IoT-GW,edge-B,144,DONE,7.11966,7.12143,1.7758399999365793,1.7758399999365793,0.125,1.088,0.5628399999365792,0.0
S00002,vRAN-DU,edge-B,156,DONE,7.12144,7.12506,3.6178790001031302,3.6178790001031302,0.054,3.047,0.5168790001031303,0.0
S00002,vRAN-DU,edge-B,157,DONE,7.13134,7.13487,3.5317740000664344,3.5317740000664344,0.089,2.851,0.5917740000664344,0.0
S00002,vRAN-DU,edge-B,158,DONE,7.13147,7.13516,3.688877999820761,3.688877999820761,0.154,3.208,0.32687799982076093,0.0
S00009,IoT-GW,edge-A,155,DONE,7.14042,7.14235,1.9260430001395434,1.9260430001395434,0.113,1.156,0.6570430001395435,0.0
S00004,UPF,core-1,153,DONE,7.1456,7.14841,2.8095580000808695,14.80955800008087,0.118,2.113,0.5785580000808697,6.0
S00002,vRAN-DU,edge-B,159,DONE,7.14841,7.15187,3.4536089999619435,3.4536089999619435,0.161,2.768,0.5246089999619437,0.0
S00005,IMS-CSCF,core-1,161,DONE,7.15313,7.15719,4.0680580000298505,14.06805800002985,0.149,1.731,2.1880580000298506,5.0
S00006,IMS-CSCF,core-1,140,DONE,7.16146,7.16446,2.998792999960642,14.998792999960642,0.079,2.255,0.6647929999606421,6.0
S00010,IoT-GW,edge-B,145,DONE,7.17587,7.17816,2.2897979999925155,2.2897979999925155,0.097,1.327,0.8657979999925156,0.0
S00007,Transcoder,core-1,82,DONE,7.17605,7.18843,12.384445999941818,22.384445999941818,0.089,11.634,0.661445999941817,5.0
S00003,UPF,core-1,176,DONE,7.18144,7.18934,7.903031999831001,17.903031999831,0.088,7.331,0.4840319998310001,5.0
S00002,vRAN-DU,edge-B,160,DONE,7.18194,7.19047,8.528802000000724,8.528802000000724,0.059,7.892,0.577802000000724,0.0
S00004,UPF,core-1,154,DONE,7.18321,7.18912,5.9070889999475185,17.90708899994752,0.069,4.616,1.2220889999475189,6.0
S00010,IoT-GW,edge-B,146,DONE,7.20085,7.20287,2.011680000123306,2.011680000123306,0.086,1.321,0.6046800001233059,0.0
S00007,Transcoder,core-1,83,DONE,7.22021,7.22852,8.3143150000069,18.3143150000069,0.093,7.638,0.5833150000069001,5.0
S00003,UPF,core-1,177,DONE,7.22258,7.22677,4.184022000117693,14.184022000117693,0.061,3.731,0.3920220001176933,5.0
S00010,IoT-GW,edge-B,147,DONE,7.22267,7.22581,3.1403729999510688,3.1403729999510688,0.074,2.383,0.6833729999510689,0.0
S00007,Transcoder,core-1,84,DONE,7.2388,7.24547,6.673195000075793,16.673195000075793,0.066,6.076,0.5311950000757939,5.0
S00010,IoT-GW,edge-B,148,DONE,7.24767,7.2494,1.7291399999521673,1.7291399999521673,0.08,1.138,0.5111399999521673,0.0
S00005,IMS-CSCF,core-1,162,DONE,7.25261,7.25451,1.8994680001469533,11.899468000146953,0.065,1.357,0.47746800014695334,5.0
S00006,IMS-CSCF,core-1,141,DONE,7.26172,7.26362,1.9030850000945065,13.903085000094507,0.085,1.426,0.39208500009450664,6.0
S00003,UPF,core-1,178,DONE,7.26483,7.2677,2.8738869998505834,12.873886999850583,0.051,2.463,0.35988699985058314,5.0
S00005,IMS-CSCF,core-1,163,DONE,7.26616,7.26775,1.5901050001048134,11.590105000104813,0.057,1.173,0.3601050001048134,5.0
S00009,IoT-GW,edge-A,156,DONE,7.26741,7.26939,1.9751229999656061,1.9751229999656061,0.082,1.299,0.5941229999656061,0.0
S00006,IMS-CSCF,core-1,142,DONE,7.28966,7.29165,1.987652000025264,13.987652000025264,0.078,1.335,0.574652000025264,6.0
S00003,UPF,core-1,179,DONE,7.29685,7.29941,2.5560700000824,12.5560700000824,0.058,2.052,0.44607000008240005,5.0
S00009,IoT-GW,edge-A,157,DONE,7.30057,7.30221,1.6430279999894992,1.6430279999894992,0.116,1.039,0.4880279999894992,0.0
S00006,IMS-CSCF,core-1,143,DONE,7.30339,7.30766,4.2698400000062975,16.269840000006297,0.052,3.498,0.7198400000062977,6.0
S00002,vRAN-DU,edge-B,161,DONE,7.30347,7.30767,4.201265000119747,4.201265000119747,0.062,3.541,0.5982650001197469,0.0
S00009,IoT-GW,edge-A,158,DONE,7.30467,7.30587,1.2003140000160784,1.2003140000160784,0.167,0.722,0.31131400001607834,0.0
S00001,vRAN-DU,edge-A,162,DONE,7.31086,7.31389,3.031268000086129,3.031268000086129,0.054,2.581,0.3962680000861294,0.0
S00002,vRAN-DU,edge-B,162,DONE,7.33026,7.3341,3.837097000086942,3.837097000086942,0.082,2.998,0.7570970000869419,0.0
S00004,UPF,core-1,155,DONE,7.33411,7.33688,2.7716879999388766,14.771687999938877,0.096,2.116,0.5596879999388764,6.0
S00005,IMS-CSCF,core-1,164,DONE,7.34922,7.35139,2.1696789999623434,12.169678999962343,0.085,1.476,0.6086789999623434,5.0
S00010,IoT-GW,edge-B,149,DONE,7.35358,7.35525,1.6666799999711657,1.6666799999711657,0.107,1.067,0.49267999997116574,0.0
S00009,IoT-GW,edge-A,159,DONE,7.36256,7.36579,3.238497999973333,3.238497999973333,0.13,2.561,0.5474979999733334,0.0
S00002,vRAN-DU,edge-B,163,DONE,7.36269,7.36643,3.743536000001768,3.743536000001768,0.122,3.2,0.42153600000176805,0.0
S00003,UPF,core-1,180,DONE,7.37267,7.37543,2.759054999842192,12.759054999842192,0.09,2.102,0.5670549998421923,5.0
S00003,UPF,core-1,181,DONE,7.39477,7.39773,2.9602849999719183,12.960284999971918,0.09,2.179,0.6912849999719186,5.0
S00007,Transcoder,core-1,85,DONE,7.41907,7.42621,7.143794999819875,17.143794999819875,0.089,6.2,0.8547949998198741,5.0
S00003,UPF,core-1,182,DONE,7.42549,7.42821,2.725253000107841,12.725253000107841,0.097,1.99,0.6382530001078413,5.0
S00001,vRAN-DU,edge-A,163,DONE,7.43445,7.43908,4.634614999986297,4.634614999986297,0.081,3.79,0.7636149999862969,0.0
S00002,vRAN-DU,edge-B,164,DONE,7.43673,7.4405,3.776449000042703,3.776449000042703,0.079,2.55,1.1474490000427031,0.0
S00004,UPF,core-1,156,DONE,7.43909,7.44282,3.7330779998683283,15.733077999868328,0.067,3.366,0.30007799986832806,6.0
S00006,IMS-CSCF,core-1,144,DONE,7.43945,7.44264,3.187524999930247,15.187524999930247,0.043,2.541,0.6035249999302468,6.0
S00003,UPF,core-1,183,DONE,7.44701,7.44948,2.4752720000833506,12.47527200008335,0.049,2.081,0.3452720000833507,5.0
S00001,vRAN-DU,edge-A,164,DONE,7.45064,7.46189,11.25187800016647,11.25187800016647,0.069,10.405,0.7778780001664707,0.0
S00005,IMS-CSCF,core-1,165,DONE,7.45686,7.45837,1.512015999878713,11.512015999878713,0.05,1.091,0.37101599987871303,5.0
S00004,UPF,core-1,157,DONE,7.47321,7.47615,2.943338000022777,14.943338000022777,0.085,2.122,0.7363380000227773,6.0
S00005,IMS-CSCF,core-1,166,DONE,7.47622,7.4781,1.8801839999014192,11.88018399990142,0.084,1.391,0.40518399990141907,5.0
S00010,IoT-GW,edge-B,150,DONE,7.48533,7.48718,1.8499039999824163,1.8499039999824163,0.116,1.135,0.5989039999824162,0.0
S00010,IoT-GW,edge-B,151,DONE,7.49046,7.49258,2.119893999861233,2.119893999861233,0.066,1.298,0.7558939998612333,0.0
S00002,vRAN-DU,edge-B,165,DONE,7.49184,7.49537,3.532398000061221,3.532398000061221,0.047,2.66,0.8253980000612207,0.0
S00001,vRAN-DU,edge-A,165,DONE,7.49661,7.50031,3.7024660000497533,3.7024660000497533,0.091,2.963,0.6484660000497531,0.0
S00009,IoT-GW,edge-A,160,DONE,7.50354,7.50558,2.040422999925795,2.040422999925795,0.207,1.256,0.5774229999257949,0.0
S00004,UPF,core-1,158,DONE,7.5129,7.5161,3.1944160000421107,15.19441600004211,0.088,2.488,0.6184160000421106,6.0
S00001,vRAN-DU,edge-A,166,DONE,7.5143,7.51811,3.815746999862313,3.815746999862313,0.093,3.198,0.5247469998623129,0.0
S00004,UPF,core-1,159,DONE,7.51568,7.51911,3.428485000085857,15.428485000085857,0.061,2.555,0.8124850000858568,6.0
S00004,UPF,core-1,160,DONE,7.51726,7.5215,4.2343269999491895,16.23432699994919,1.636,2.229,0.36932699994918927,6.0
S00003,UPF,core-1,184,DONE,7.53606,7.54036,4.30214299990439,14.30214299990439,0.091,3.444,0.7671429999043902,5.0
S00010,IoT-GW,edge-B,152,DONE,7.54669,7.54919,2.500514999837833,2.500514999837833,0.112,1.469,0.9195149998378327,0.0
S00009,IoT-GW,edge-A,161,DONE,7.55255,7.5551,2.5546040001245274,2.5546040001245274,0.131,1.611,0.8126040001245272,0.0
S00003,UPF,core-1,185,DONE,7.55273,7.55754,4.808097000022826,14.808097000022826,1.351,2.615,0.8420970000228261,5.0
S00006,IMS-CSCF,core-1,145,DONE,7.55755,7.56091,3.3633479999934934,15.363347999993493,0.101,2.775,0.48734799999349354,6.0
S00003,UPF,core-1,186,DONE,7.5577,7.56352,5.820733000064138,15.820733000064138,0.068,5.141,0.6117330000641381,5.0
S00009,IoT-GW,edge-A,162,DONE,7.56003,7.5621,2.071445000183303,2.071445000183303,0.049,1.574,0.4484450001833029,0.0
S00003,UPF,core-1,187,DONE,7.57986,7.58362,3.7615670000832324,13.761567000083232,0.121,2.512,1.1285670000832324,5.0
S00001,vRAN-DU,edge-A,167,DONE,7.58338,7.58709,3.7105110000084096,3.7105110000084096,0.081,3.006,0.6235110000084099,0.0
S00005,IMS-CSCF,core-1,167,DONE,7.58352,7.58563,2.1136059999662393,12.11360599996624,0.071,1.512,0.5306059999662391,5.0
S00010,IoT-GW,edge-B,153,DONE,7.59039,7.59282,2.428078000093592,2.428078000093592,0.082,1.626,0.7200780000935922,0.0
S00005,IMS-CSCF,core-1,168,DONE,7.59507,7.59824,3.174752999939301,13.174752999939301,0.402,1.893,0.8797529999393008,5.0
S00001,vRAN-DU,edge-A,168,DONE,7.59519,7.59841,3.21522800004459,3.21522800004459,0.071,2.746,0.3982280000445897,0.0
S00008,Transcoder,core-1,77,DONE,7.61091,7.62122,10.310069999832194,22.310069999832194,0.086,9.265,0.9590699998321934,6.0
S00009,IoT-GW,edge-A,163,DONE,7.61298,7.61796,4.984394999837605,4.984394999837605,0.074,4.372,0.538394999837605,0.0
S00008,Transcoder,core-1,78,DONE,7.63149,7.64174,10.244999999940774,22.244999999940774,0.132,9.139,0.9739999999407747,6.0
S00004,UPF,core-1,161,DONE,7.63288,7.63633,3.4477479998713534,15.447747999871353,0.076,2.747,0.6247479998713534,6.0
S00010,IoT-GW,edge-B,154,DONE,7.63516,7.63909,3.9346809999187826,3.9346809999187826,0.099,2.788,1.0476809999187826,0.0
S00004,UPF,core-1,162,DONE,7.63785,7.64268,4.83383200003118,16.83383200003118,0.077,3.896,0.8608320000311798,6.0
S00006,IMS-CSCF,core-1,146,DONE,7.64606,7.64938,3.323910999824875,15.323910999824875,0.087,2.479,0.7579109998248748,6.0
S00002,vRAN-DU,edge-B,166,DONE,7.64939,7.65343,4.038453000021036,4.038453000021036,0.114,3.194,0.7304530000210363,0.0
S00002,vRAN-DU,edge-B,167,DONE,7.65575,7.6598,4.042204999905152,4.042204999905152,0.069,3.182,0.7912049999051525,0.0
S00008,Transcoder,core-1,79,DONE,7.65596,7.67157,15.609174000019266,27.609174000019266,0.345,14.581,0.6831740000192656,6.0
S00010,IoT-GW,edge-B,155,DONE,7.65828,7.66018,1.9029170000521844,1.9029170000521844,0.118,1.213,0.5719170000521845,0.0
S00003,UPF,core-1,188,DONE,7.6649,7.67746,12.559232000057818,22.55923200005782,2.194,8.639,1.72623200005782,5.0
S00009,IoT-GW,edge-A,164,DONE,7.66638,7.66985,3.4748569999010215,3.4748569999010215,0.087,2.25,1.1378569999010213,0.0
S00006,IMS-CSCF,core-1,147,DONE,7.66986,7.674,4.144966000012573,16.144966000012573,0.083,1.878,2.183966000012573,6.0
S00005,IMS-CSCF,core-1,169,DONE,7.67351,7.67724,3.7292070001058164,13.729207000105816,0.121,2.811,0.7972070001058165,5.0
S00002,vRAN-DU,edge-B,168,DONE,7.67621,7.6817,5.490494000014223,5.490494000014223,0.079,4.936,0.4754940000142236,0.0
S00002,vRAN-DU,edge-B,169,DONE,7.67972,7.68518,5.457133999925645,5.457133999925645,0.073,4.561,0.8231339999256448,0.0
S00003,UPF,core-1,189,DONE,7.68751,7.69327,5.759353000030387,15.759353000030387,0.266,4.573,0.9203530000303868,5.0
S00006,IMS-CSCF,core-1,148,DONE,7.68768,7.69248,4.806322000149521,16.80632200014952,0.351,3.279,1.1763220001495212,6.0
S00005,IMS-CSCF,core-1,170,DONE,7.68781,7.69359,5.779602000075101,15.779602000075101,0.175,4.26,1.3446020000751018,5.0
S00005,IMS-CSCF,core-1,171,DONE,7.68787,7.69735,9.48176599990802,19.48176599990802,5.17,3.444,0.8677659999080207,5.0
S00006,IMS-CSCF,core-1,149,DONE,7.68799,7.6942,6.208989000015208,18.208989000015208,3.492,2.033,0.6839890000152082,6.0
S00005,IMS-CSCF,core-1,172,DONE,7.69249,7.7045,12.009992000002967,22.009992000002967,3.838,2.602,5.569992000002966,5.0
S00010,IoT-GW,edge-B,156,DONE,7.69327,7.69706,3.783381999937774,3.783381999937774,0.117,1.606,2.060381999937774,0.0
S00005,IMS-CSCF,core-1,173,DONE,7.69748,7.70451,7.033502000012959,17.03350200001296,2.354,1.551,3.1285020000129586,5.0
S00010,IoT-GW,edge-B,157,DONE,7.69759,7.70525,7.668795999961731,7.668795999961731,0.077,7.041,0.5507959999617302,0.0
S00009,IoT-GW,edge-A,165,DONE,7.70452,7.70927,4.750298999852021,4.750298999852021,0.107,1.615,3.0282989998520202,0.0
S00006,IMS-CSCF,core-1,150,DONE,7.70467,7.70998,5.310365000013917,17.310365000013917,0.12,4.605,0.5853650000139163,6.0
S00006,IMS-CSCF,core-1,151,DONE,7.70928,7.71242,3.1464709998090257,15.146470999809026,0.151,1.963,1.0324709998090258,6.0
S00004,UPF,core-1,163,DONE,7.7094,7.71389,4.489028000079998,16.489028000079998,0.078,3.4,1.0110280000799974,6.0
S00002,vRAN-DU,edge-B,170,DONE,7.7139,7.7217,7.80630100007329,7.80630100007329,0.098,7.05,0.6583010000732905,0.0
S00003,UPF,core-1,190,DONE,7.71824,7.72286,4.624089999879288,14.624089999879288,0.054,4.144,0.426089999879288,5.0
S00009,IoT-GW,edge-A,166,DONE,7.72615,7.72847,2.319150999937847,2.319150999937847,0.086,1.609,0.624150999937847,0.0
S00006,IMS-CSCF,core-1,152,DONE,7.72848,7.73084,2.3681390000547253,14.368139000054725,0.129,1.872,0.3671390000547252,6.0
S00006,IMS-CSCF,core-1,153,DONE,7.73305,7.73563,2.5744429999576823,14.574442999957682,0.12,1.733,0.7214429999576821,6.0
S00003,UPF,core-1,191,DONE,7.74412,7.74864,4.519089999803327,14.519089999803327,0.088,3.606,0.8250899998033274,5.0
S00002,vRAN-DU,edge-B,171,DONE,7.74432,7.74861,4.293814999982715,4.293814999982715,0.194,3.432,0.6678149999827148,0.0
S00006,IMS-CSCF,core-1,154,DONE,7.74521,7.75017,4.958270000088305,16.958270000088305,0.113,3.965,0.8802700000883048,6.0
S00003,UPF,core-1,192,DONE,7.75645,7.7607,4.249524999977439,14.249524999977439,0.116,3.43,0.7035249999774389,5.0
S00003,UPF,core-1,193,DONE,7.76498,7.76869,3.7115019999873766,13.711501999987377,0.136,2.931,0.6445019999873765,5.0
S00006,IMS-CSCF,core-1,155,DONE,7.76989,7.77272,2.82333999984985,14.82333999984985,0.154,1.626,1.04333999984985,6.0
S00005,IMS-CSCF,core-1,174,DONE,7.77003,7.77223,2.1945999999388732,12.194599999938873,0.062,1.674,0.45859999993887346,5.0
S00009,IoT-GW,edge-A,167,DONE,7.77166,7.77366,2.0018759998947644,2.0018759998947644,0.092,1.373,0.5368759998947643,0.0
S00010,IoT-GW,edge-B,158,DONE,7.77997,7.78232,2.350399000079051,2.350399000079051,0.087,1.433,0.8303990000790507,0.0
S00006,IMS-CSCF,core-1,156,DONE,7.78233,7.78461,2.284332999806793,14.284332999806793,0.081,1.589,0.614332999806793,6.0
S00006,IMS-CSCF,core-1,157,DONE,7.78587,7.78817,2.3001889999250125,14.300188999925012,0.077,1.591,0.6321889999250125,6.0
S00001,vRAN-DU,edge-A,169,DONE,7.79544,7.7993,3.858655999920302,3.858655999920302,0.157,2.907,0.7946559999203018,0.0
S00003,UPF,core-1,194,DONE,7.79685,7.80095,4.107949999934135,14.107949999934135,0.078,3.358,0.6719499999341347,5.0
S00004,UPF,core-1,164,DONE,7.8042,7.80717,2.972793000026286,14.972793000026286,0.073,2.279,0.620793000026286,6.0
S00003,UPF,core-1,195,DONE,7.80718,7.80997,2.7967529999841645,12.796752999984164,0.059,2.164,0.5737529999841642,5.0
S00008,Transcoder,core-1,80,DONE,7.81219,7.82983,17.647885999849677,29.647885999849677,0.061,16.671,0.915885999849678,6.0
S00002,vRAN-DU,edge-B,172,DONE,7.81355,7.82687,13.321370999847204,13.321370999847204,0.107,10.573,2.6413709998472044,0.0
S00002,vRAN-DU,edge-B,173,DONE,7.81365,7.82625,12.599609000062628,12.599609000062628,0.17,7.042,5.387609000062628,0.0
S00009,IoT-GW,edge-A,168,DONE,7.81372,7.82172,8.001573000001372,8.001573000001372,0.111,5.468,2.422573000001372,0.0
S00005,IMS-CSCF,core-1,175,DONE,7.81523,7.82682,11.593979000053878,21.593979000053878,0.11,10.226,1.2579790000538775,5.0
S00006,IMS-CSCF,core-1,158,DONE,7.81534,7.8266,11.253058999955101,23.2530589999551,0.155,10.111,0.9870589999551012,6.0
S00005,IMS-CSCF,core-1,176,DONE,7.82173,7.83094,9.210546000076647,19.210546000076647,0.12,3.466,5.624546000076648,5.0
S00002,vRAN-DU,edge-B,174,DONE,7.82926,7.83631,7.054247000041869,7.054247000041869,0.067,5.435,1.552247000041869,0.0
S00006,IMS-CSCF,core-1,159,DONE,7.83095,7.83432,3.377392999937001,15.377392999937001,0.048,2.726,0.6033929999370011,6.0
S00004,UPF,core-1,165,DONE,7.83433,7.83711,2.7752890000556363,14.775289000055636,0.059,2.034,0.6822890000556363,6.0
S00010,IoT-GW,edge-B,159,DONE,7.8404,7.84259,2.196416000060708,2.196416000060708,0.131,1.292,0.7734160000607078,0.0
S00010,IoT-GW,edge-B,160,DONE,7.84582,7.84826,2.442040999994788,2.442040999994788,0.084,1.605,0.7530409999947878,0.0
S00006,IMS-CSCF,core-1,160,DONE,7.85859,7.86113,2.537028000006103,14.537028000006103,0.094,1.755,0.6880280000061032,6.0
S00008,Transcoder,core-1,81,DONE,7.86095,7.86851,7.562944000028438,19.562944000028438,0.046,7.05,0.4669440000284375,6.0
S00001,vRAN-DU,edge-A,170,DONE,7.86233,7.86577,3.4401369998704467,3.4401369998704467,0.082,2.837,0.5211369998704467,0.0
S00004,UPF,core-1,166,DONE,7.86578,7.86856,2.7834800000618998,14.7834800000619,0.09,2.063,0.6304800000618997,6.0
S00006,IMS-CSCF,core-1,161,DONE,7.87317,7.87717,3.9977630001430953,15.997763000143095,0.143,2.778,1.0767630001430955,6.0
S00007,Transcoder,core-1,86,DONE,7.87352,7.88145,7.93053699999291,17.93053699999291,0.102,7.119,0.7095369999929098,5.0
S00001,vRAN-DU,edge-A,171,DONE,7.87604,7.88409,8.041793999836955,8.041793999836955,0.187,6.887,0.9677939998369549,0.0
S00005,IMS-CSCF,core-1,177,DONE,7.88637,7.88912,2.753489000042464,12.753489000042464,0.081,1.933,0.7394890000424639,5.0
S00002,vRAN-DU,edge-B,175,DONE,7.88889,7.89285,3.958573999852888,3.958573999852888,0.125,3.044,0.7895739998528879,0.0
S00005,IMS-CSCF,core-1,178,DONE,7.89301,7.89487,1.8575860001419642,11.857586000141964,0.079,1.276,0.5025860001419642,5.0
S00009,IoT-GW,edge-A,169,DONE,7.89315,7.89557,2.4137660000178585,2.4137660000178585,0.114,1.696,0.6037660000178586,0.0
S00005,IMS-CSCF,core-1,179,DONE,7.89888,7.90202,3.1458450000627636,13.145845000062764,0.111,2.233,0.8018450000627633,5.0
S00007,Transcoder,core-1,87,DONE,7.89907,7.91102,11.941379000063534,21.941379000063534,0.175,10.883,0.8833790000635346,5.0
S00010,IoT-GW,edge-B,161,DONE,7.90125,7.91158,10.324443999934374,10.324443999934374,0.214,6.053,4.057443999934374,0.0
S00002,vRAN-DU,edge-B,176,DONE,7.90136,7.91076,9.396486000014193,9.396486000014193,0.089,5.13,4.177486000014192,0.0
S00004,UPF,core-1,167,DONE,7.91077,7.9144,3.6304190000464587,15.630419000046459,0.165,2.919,0.5464190000464586,6.0
S00003,UPF,core-1,196,DONE,7.91568,7.91911,3.4358099999280967,13.435809999928097,0.097,2.851,0.4878099999280967,5.0
S00001,vRAN-DU,edge-A,172,DONE,7.92442,7.92873,4.312551999873904,4.312551999873904,0.13,3.317,0.8655519998739036,0.0
S00009,IoT-GW,edge-A,170,DONE,7.93005,7.93203,1.9782439999289636,1.9782439999289636,0.058,1.439,0.4812439999289635,0.0
S00010,IoT-GW,edge-B,162,DONE,7.93727,7.93934,2.064633999907528,2.064633999907528,0.131,1.248,0.685633999907528,0.0
S00003,UPF,core-1,197,DONE,7.94154,7.94516,3.6199500000293483,13.619950000029348,0.126,2.872,0.6219500000293485,5.0
S00006,IMS-CSCF,core-1,162,DONE,7.97255,7.97503,2.475759999924776,14.475759999924776,0.103,1.508,0.8647599999247757,6.0
S00005,IMS-CSCF,core-1,180,DONE,7.97623,7.97901,2.776108000034583,12.776108000034583,0.143,2.145,0.488108000034583,5.0
S00004,UPF,core-1,168,DONE,7.97633,7.97906,2.731225999923481,14.731225999923481,0.061,2.235,0.4352259999234813,6.0
S00008,Transcoder,core-1,82,DONE,7.98225,7.98847,6.215200000042387,18.215200000042387,0.056,5.714,0.44520000004238636,6.0
S00009,IoT-GW,edge-A,171,DONE,7.98555,7.99251,6.967083000063212,6.967083000063212,0.104,2.908,3.9550830000632122,0.0
S00007,Transcoder,core-1,88,DONE,7.98562,7.99301,7.3889810000764555,17.388981000076456,0.076,6.651,0.6619810000764561,5.0
S00005,IMS-CSCF,core-1,181,DONE,7.98847,7.99375,5.276674000015191,15.276674000015191,0.046,4.944,0.28667400001519106,5.0
S00007,Transcoder,core-1,89,DONE,7.99688,8.00314,6.25552799988327,16.25552799988327,0.051,5.721,0.48352799988327,5.0
S00006,IMS-CSCF,core-1,163,DONE,8.00315,8.0048,1.6558130000703386,13.655813000070339,0.049,1.242,0.3648130000703387,6.0
S00005,IMS-CSCF,core-1,182,DONE,8.008,8.00977,1.770055000179127,11.770055000179127,0.051,1.347,0.3720550001791272,5.0
S00005,IMS-CSCF,core-1,183,DONE,8.015,8.01684,1.8396670000129234,11.839667000012923,0.059,1.293,0.4876670000129235,5.0
S00001,vRAN-DU,edge-A,173,DONE,8.02005,8.02743,7.380356999874493,7.380356999874493,0.816,6.002,0.5623569998744937,0.0
S00003,UPF,core-1,198,DONE,8.02239,8.02694,4.556090000050972,14.556090000050972,0.069,3.808,0.6790900000509721,5.0
S00001,vRAN-DU,edge-A,174,DONE,8.02473,8.03033,5.603830999916681,5.603830999916681,0.076,3.109,2.4188309999166817,0.0
S00010,IoT-GW,edge-B,163,DONE,8.02864,8.0307,2.062312999896676,2.062312999896676,0.082,1.347,0.633312999896676,0.0
S00006,IMS-CSCF,core-1,164,DONE,8.02874,8.03071,1.9728249999388936,13.972824999938894,0.067,1.455,0.4508249999388936,6.0
S00004,UPF,core-1,169,DONE,8.04196,8.04568,3.716864000125497,15.716864000125497,0.101,2.7,0.915864000125497,6.0
S00005,IMS-CSCF,core-1,184,DONE,8.04219,8.04567,3.478388000075938,13.478388000075938,0.18,2.57,0.7283880000759382,5.0
S00008,Transcoder,core-1,83,DONE,8.04568,8.05299,7.303168999897025,19.303168999897025,0.091,6.653,0.5591689998970253,6.0
S00003,UPF,core-1,199,DONE,8.04578,8.0492,3.41595699978825,13.41595699978825,0.128,2.542,0.74595699978825,5.0
S00009,IoT-GW,edge-A,172,DONE,8.04832,8.0542,5.886824000072011,5.886824000072011,0.112,4.822,0.9528240000720105,0.0
S00010,IoT-GW,edge-B,164,DONE,8.0492,8.05427,5.067091000000801,5.067091000000801,0.077,1.379,3.6110910000008007,0.0
S00004,UPF,core-1,170,DONE,8.05748,8.06007,2.5975639998705446,14.597563999870545,0.067,2.022,0.5085639998705447,6.0
S00008,Transcoder,core-1,84,DONE,8.06643,8.07346,7.028541999943627,19.028541999943627,0.074,6.252,0.7025419999436275,6.0
S00010,IoT-GW,edge-B,165,DONE,8.07575,8.07768,1.935886000183018,1.935886000183018,0.082,1.205,0.6488860001830179,0.0
S00009,IoT-GW,edge-A,173,DONE,8.082,8.08403,2.035016000036194,2.035016000036194,0.09,1.255,0.6900160000361939,0.0
S00008,Transcoder,core-1,85,DONE,8.08628,8.09757,11.294660999965345,23.294660999965345,0.096,10.54,0.6586609999653454,6.0
S00010,IoT-GW,edge-B,166,DONE,8.08762,8.08973,2.1098690001508658,2.1098690001508658,0.123,1.227,0.7598690001508657,0.0
S00001,vRAN-DU,edge-A,175,DONE,8.08902,8.10031,11.295195000002423,11.295195000002423,0.069,10.429,0.7971950000024215,0.0
S00001,vRAN-DU,edge-A,176,DONE,8.09293,8.09945,6.525480999926003,6.525480999926003,0.07,5.993,0.46248099992600267,0.0
S00007,Transcoder,core-1,90,DONE,8.1026,8.11454,11.938589000010325,21.938589000010325,0.082,11.178,0.678589000010323,5.0
S00006,IMS-CSCF,core-1,165,DONE,8.11018,8.11368,3.4998490000361926,15.499849000036193,0.077,2.767,0.6558490000361927,6.0
S00010,IoT-GW,edge-B,167,DONE,8.11035,8.11224,1.896207999834587,1.896207999834587,0.088,0.934,0.874207999834587,0.0
S00010,IoT-GW,edge-B,168,DONE,8.11982,8.12217,2.356046999921091,2.356046999921091,0.115,1.237,1.0040469999210906,0.0
S00004,UPF,core-1,171,DONE,8.12,8.12417,4.174570000031963,16.174570000031963,0.175,2.827,1.1725700000319632,6.0
S00005,IMS-CSCF,core-1,185,DONE,8.14066,8.14439,3.7278380000316247,13.727838000031625,0.094,2.557,1.0768380000316249,5.0
S00009,IoT-GW,edge-A,174,DONE,8.1444,8.147,2.6002390000030573,2.6002390000030573,0.129,1.517,0.9542390000030574,0.0
S00002,vRAN-DU,edge-B,177,DONE,8.14831,8.15388,5.565871999806404,5.565871999806404,0.159,4.663,0.7438719998064043,0.0
S00001,vRAN-DU,edge-A,177,DONE,8.15525,8.15937,4.128577000074074,4.128577000074074,0.087,3.101,0.9405770000740743,0.0
S00006,IMS-CSCF,core-1,166,DONE,8.15867,8.16162,2.9502019999654294,14.95020199996543,0.089,1.728,1.1332019999654295,6.0
S00008,Transcoder,core-1,86,DONE,8.16522,8.17298,7.75296899996647,19.75296899996647,0.086,6.914,0.7529689999664697,6.0
S00003,UPF,core-1,200,DONE,8.16966,8.17218,2.524807000099827,12.524807000099827,0.078,1.825,0.621807000099827,5.0
S00009,IoT-GW,edge-A,175,DONE,8.1752,8.17734,2.14170499998545,2.14170499998545,0.088,1.363,0.6907049999854498,0.0
S00004,UPF,core-1,172,DONE,8.17742,8.18056,3.1461820001368324,15.146182000136832,0.084,2.453,0.6091820001368324,6.0
S00005,IMS-CSCF,core-1,186,DONE,8.1838,8.18627,2.4694999999610445,12.469499999961045,0.071,1.487,0.9114999999610442,5.0
S00009,IoT-GW,edge-A,176,DONE,8.18393,8.18628,2.3459650001314003,2.3459650001314003,0.079,1.527,0.7399650001314002,0.0
S00004,UPF,core-1,173,DONE,8.19057,8.19353,2.953587000092739,14.953587000092739,0.107,2.254,0.5925870000927387,6.0
S00005,IMS-CSCF,core-1,187,DONE,8.19474,8.1967,1.95963600003779,11.95963600003779,0.059,1.46,0.44063600003779,5.0
S00010,IoT-GW,edge-B,169,DONE,8.19895,8.2015,2.5445979999858537,2.5445979999858537,0.09,1.79,0.6645979999858538,0.0
S00010,IoT-GW,edge-B,170,DONE,8.19906,8.20287,3.8061170000673883,3.8061170000673883,2.219,1.104,0.48311700006738834,0.0
S00006,IMS-CSCF,core-1,167,DONE,8.20511,8.20717,2.0608540000921494,14.06085400009215,0.078,1.375,0.6078540000921493,6.0
S00002,vRAN-DU,edge-B,178,DONE,8.20641,8.20976,3.3542749999924126,3.3542749999924126,0.107,2.828,0.4192749999924126,0.0
S00001,vRAN-DU,edge-A,178,DONE,8.21507,8.22069,5.619566000177656,5.619566000177656,0.089,4.994,0.5365660001776558,0.0
S00008,Transcoder,core-1,87,DONE,8.21856,8.22779,9.22623100018427,21.22623100018427,0.174,7.928,1.1242310001842712,6.0
S00001,vRAN-DU,edge-A,179,DONE,8.22293,8.22835,5.413780000026236,5.413780000026236,0.075,4.957,0.3817800000262359,0.0
S00009,IoT-GW,edge-A,177,DONE,8.22729,8.2292,1.9182080000064161,1.9182080000064161,0.073,1.189,0.6562080000064161,0.0
S00010,IoT-GW,edge-B,171,DONE,8.23145,8.23842,6.969695999941905,6.969695999941905,0.084,6.284,0.6016959999419056,0.0
S00008,Transcoder,core-1,88,DONE,8.23158,8.24011,8.528134000016507,20.528134000016507,0.079,7.969,0.4801340000165064,6.0
S00001,vRAN-DU,edge-A,180,DONE,8.23842,8.24368,5.253097999911915,5.253097999911915,0.078,3.553,1.6220979999119152,0.0
S00009,IoT-GW,edge-A,178,DONE,8.24592,8.24841,2.482908000047246,2.482908000047246,0.061,1.043,1.378908000047246,0.0
S00010,IoT-GW,edge-B,172,DONE,8.25468,8.2566,1.9185689998266753,1.9185689998266753,0.096,1.065,0.7575689998266752,0.0
S00003,UPF,core-1,201,DONE,8.25606,8.25886,2.79870999997911,12.79870999997911,0.085,2.268,0.4457099999791101,5.0
S00003,UPF,core-1,202,DONE,8.26612,8.26896,2.835651999930633,12.835651999930633,0.086,2.159,0.5906519999306332,5.0
S00008,Transcoder,core-1,89,DONE,8.27317,8.28167,8.496035000007396,20.496035000007396,0.077,7.884,0.5350350000073956,6.0
S00007,Transcoder,core-1,91,DONE,8.28695,8.29422,7.270940999887898,17.270940999887898,0.387,6.398,0.4859409998878981,5.0
S00009,IoT-GW,edge-A,179,DONE,8.28707,8.28885,1.785530999995899,1.785530999995899,0.081,1.227,0.477530999995899,0.0
S00005,IMS-CSCF,core-1,188,DONE,8.29004,8.29267,2.6321840000491648,12.632184000049165,0.072,2.093,0.4671840000491647,5.0
S00006,IMS-CSCF,core-1,168,DONE,8.29011,8.29268,2.5698560000364523,14.569856000036452,0.223,1.946,0.4008560000364525,6.0
S00006,IMS-CSCF,core-1,169,DONE,8.30146,8.30347,2.0122660000652104,14.01226600006521,0.066,1.504,0.44226600006521033,6.0
S00006,IMS-CSCF,core-1,170,DONE,8.30275,8.30492,2.1762449998732336,14.176244999873234,0.526,1.225,0.4252449998732335,6.0
S00005,IMS-CSCF,core-1,189,DONE,8.30709,8.3088,1.7116299998178874,11.711629999817887,0.048,1.269,0.3946299998178875,5.0
S00001,vRAN-DU,edge-A,181,DONE,8.3088,8.31232,3.518646999964403,3.518646999964403,0.079,2.976,0.46364699996440306,0.0
S00002,vRAN-DU,edge-B,179,DONE,8.32267,8.32651,3.8436110000930057,3.8436110000930057,0.101,3.036,0.7066110000930057,0.0
S00003,UPF,core-1,203,DONE,8.32433,8.32761,3.2888819998788676,13.288881999878868,0.087,2.068,1.1338819998788674,5.0
S00006,IMS-CSCF,core-1,171,DONE,8.33399,8.33777,3.7743989998944016,15.774398999894402,0.077,3.202,0.4953989998944017,6.0
S00001,vRAN-DU,edge-A,182,DONE,8.33634,8.34024,3.907123999852047,3.907123999852047,0.089,3.323,0.4951239998520469,0.0
S00003,UPF,core-1,204,DONE,8.34753,8.3525,4.968580999957339,14.96858099995734,0.298,2.82,1.8505809999573395,5.0
S00002,vRAN-DU,edge-B,180,DONE,8.35005,8.36145,11.399091000157568,11.399091000157568,0.31,10.249,0.8400910001575674,0.0
S00009,IoT-GW,edge-A,180,DONE,8.35167,8.35643,4.753679000032207,4.753679000032207,0.079,1.851,2.8236790000322074,0.0
S00007,Transcoder,core-1,92,DONE,8.35193,8.37848,26.55138100021759,36.55138100021759,0.05,25.863,0.6383810002175885,5.0
S00001,vRAN-DU,edge-A,183,DONE,8.3521,8.36972,17.616666999856534,17.616666999856534,0.058,14.716,2.842666999856535,0.0
S00001,vRAN-DU,edge-A,184,DONE,8.35643,8.36009,3.652423999938037,3.652423999938037,0.05,3.139,0.4634239999380374,0.0
S00008,Transcoder,core-1,90,DONE,8.35872,8.36973,11.009355000169307,23.009355000169307,0.063,8.749,2.1973550001693063,6.0
S00008,Transcoder,core-1,91,DONE,8.36974,8.38879,19.055403000038496,31.055403000038496,0.346,17.148,1.5614030000384957,6.0
S00008,Transcoder,core-1,92,DONE,8.37,8.38065,10.650994000116043,22.650994000116043,1.238,8.049,1.363994000116044,6.0
S00003,UPF,core-1,205,DONE,8.37034,8.38081,10.476734000121724,20.476734000121724,5.733,3.807,0.9367340001217239,5.0
S00010,IoT-GW,edge-B,173,DONE,8.37186,8.37727,5.415119999952367,5.415119999952367,0.092,4.478,0.8451199999523675,0.0
S00008,Transcoder,core-1,93,DONE,8.38066,8.39065,9.989612000026682,21.989612000026682,0.055,9.467,0.4676120000266817,6.0
S00010,IoT-GW,edge-B,174,DONE,8.38205,8.38357,1.5209660000436998,1.5209660000436998,0.074,0.939,0.5079660000436997,0.0
S00006,IMS-CSCF,core-1,172,DONE,8.39398,8.3964,2.416999999923064,14.416999999923064,0.098,1.701,0.6179999999230641,6.0
S00002,vRAN-DU,edge-B,181,DONE,8.39641,8.39981,3.4026690000246163,3.4026690000246163,0.122,2.805,0.4756690000246162,0.0
S00005,IMS-CSCF,core-1,190,DONE,8.39874,8.40163,2.8822469998885936,12.882246999888594,0.065,2.083,0.7342469998885934,5.0
S00001,vRAN-DU,edge-A,185,DONE,8.39882,8.40311,4.286752000098204,4.286752000098204,0.076,3.522,0.6887520000982046,0.0
S00007,Transcoder,core-1,93,DONE,8.40163,8.40821,6.575903999873844,16.575903999873844,0.057,6.114,0.4049039998738442,5.0
S00004,UPF,core-1,174,DONE,8.40533,8.41004,4.713756000001013,16.713756000001013,0.065,4.151,0.4977560000010124,6.0
S00005,IMS-CSCF,core-1,191,DONE,8.42042,8.42273,2.3092879998785065,12.309287999878507,0.122,1.458,0.7292879998785067,5.0
S00001,vRAN-DU,edge-A,186,DONE,8.424,8.42768,3.6779370000203926,3.6779370000203926,0.081,3.046,0.5509370000203928,0.0
S00006,IMS-CSCF,core-1,173,DONE,8.42532,8.42848,3.1603240001913946,15.160324000191395,0.097,2.626,0.4373240001913947,6.0
S00006,IMS-CSCF,core-1,174,DONE,8.43175,8.43399,2.2457489999396785,14.245748999939678,0.075,1.577,0.5937489999396783,6.0
S00004,UPF,core-1,175,DONE,8.43518,8.4377,2.5172969999402994,14.5172969999403,0.058,2.047,0.41229699994029945,6.0
S00004,UPF,core-1,176,DONE,8.44096,8.44435,3.393181000092227,15.393181000092227,0.069,2.336,0.9881810000922271,6.0
S00010,IoT-GW,edge-B,175,DONE,8.44108,8.44436,3.2798950001051708,3.2798950001051708,0.081,2.413,0.785895000105171,0.0
S00001,vRAN-DU,edge-A,187,DONE,8.44437,8.44862,4.252073999850836,4.252073999850836,0.205,3.07,0.9770739998508362,0.0
S00006,IMS-CSCF,core-1,175,DONE,8.44774,8.45102,3.2867219999843655,15.286721999984366,0.08,2.668,0.5387219999843653,6.0
S00004,UPF,core-1,177,DONE,8.44818,8.45131,3.1313590000081604,15.13135900000816,0.054,2.466,0.6113590000081603,6.0
S00009,IoT-GW,edge-A,181,DONE,8.45355,8.45525,1.6978420001123595,1.6978420001123595,0.111,1.094,0.49284200011235946,0.0
S00009,IoT-GW,edge-A,182,DONE,8.48069,8.48304,2.3524059999999736,2.3524059999999736,0.088,1.329,0.9354059999999735,0.0
S00006,IMS-CSCF,core-1,176,DONE,8.4884,8.49069,2.2883289998389955,14.288328999838996,0.121,1.483,0.6843289998389954,6.0
S00004,UPF,core-1,178,DONE,8.48974,8.49225,2.512842999976783,14.512842999976783,0.063,1.932,0.5178429999767831,6.0
S00004,UPF,core-1,179,DONE,8.49344,8.49616,2.7187680000224645,14.718768000022465,0.056,2.212,0.4507680000224643,6.0
S00004,UPF,core-1,180,DONE,8.50454,8.50764,3.1027790000734967,15.102779000073497,0.089,2.225,0.7887790000734967,6.0
S00007,Transcoder,core-1,94,DONE,8.50765,8.51453,6.88026600005287,16.88026600005287,0.062,6.275,0.5432660000528697,5.0
S00006,IMS-CSCF,core-1,177,DONE,8.50896,8.51059,1.6307519999827491,13.63075199998275,0.052,1.157,0.42175199998274904,6.0
S00001,vRAN-DU,edge-A,188,DONE,8.536,8.54027,4.278319000150077,4.278319000150077,0.08,3.555,0.6433190001500768,0.0
S00006,IMS-CSCF,core-1,178,DONE,8.53616,8.53823,2.0722360000036133,14.072236000003613,0.1,1.466,0.5062360000036132,6.0
S00006,IMS-CSCF,core-1,179,DONE,8.54035,8.54226,1.9082519997937197,13.90825199979372,0.063,1.423,0.42225199979371975,6.0
S00005,IMS-CSCF,core-1,192,DONE,8.54856,8.55102,2.4621059999390127,12.462105999939013,0.087,1.483,0.8921059999390124,5.0
S00003,UPF,core-1,206,DONE,8.5614,8.5649,3.5034959998938575,13.503495999893858,0.124,2.345,1.0344959998938572,5.0
S00009,IoT-GW,edge-A,183,DONE,8.56393,8.56605,2.123011000094266,2.123011000094266,0.114,1.297,0.7120110000942661,0.0
S00005,IMS-CSCF,core-1,193,DONE,8.56731,8.56997,2.651302999993277,12.651302999993277,0.071,2.053,0.5273029999932768,5.0
S00006,IMS-CSCF,core-1,180,DONE,8.56967,8.57182,2.151147999938985,14.151147999938985,0.07,1.395,0.686147999938985,6.0
S00006,IMS-CSCF,core-1,181,DONE,8.57183,8.57416,2.3328449999553413,14.332844999955341,0.083,1.825,0.4248449999553412,6.0
S00001,vRAN-DU,edge-A,189,DONE,8.5886,8.59253,3.927519999933793,3.927519999933793,0.119,2.932,0.8765199999337931,0.0
S00008,Transcoder,core-1,94,DONE,8.58881,8.5984,9.595036000064283,21.595036000064283,0.116,8.176,1.3030360000642833,6.0
S00004,UPF,core-1,181,DONE,8.59384,8.59925,5.403647999855821,17.40364799985582,0.121,3.682,1.6006479998558203,6.0
S00010,IoT-GW,edge-B,176,DONE,8.59841,8.60037,1.9649040000331297,1.9649040000331297,0.086,1.252,0.6269040000331296,0.0
S00004,UPF,core-1,182,DONE,8.60038,8.60369,3.3052019998649484,15.305201999864948,0.062,2.783,0.4602019998649487,6.0
S00004,UPF,core-1,183,DONE,8.6017,8.60605,4.355967000037708,16.355967000037708,1.84,2.108,0.40796700003770825,6.0
S00001,vRAN-DU,edge-A,190,DONE,8.61037,8.61517,4.793799000026411,4.793799000026411,0.081,4.172,0.5407990000264107,0.0
S00003,UPF,core-1,207,DONE,8.61174,8.61475,3.010968999888064,13.010968999888064,0.067,2.182,0.7619689998880639,5.0
S00005,IMS-CSCF,core-1,194,DONE,8.61406,8.61645,2.394215000094846,12.394215000094846,0.05,1.714,0.6302150000948461,5.0
S00003,UPF,core-1,208,DONE,8.62713,8.63102,3.8914220001515787,13.891422000151579,0.116,2.972,0.8034220001515786,5.0
S00010,IoT-GW,edge-B,177,DONE,8.62733,8.62931,1.9766440000239527,1.9766440000239527,0.09,1.282,0.6046440000239526,0.0
S00006,IMS-CSCF,core-1,182,DONE,8.6343,8.63654,2.2367770000073506,14.23677700000735,0.074,1.625,0.5377770000073507,6.0
S00003,UPF,core-1,209,DONE,8.65301,8.65642,3.410879000057321,13.41087900005732,0.11,2.326,0.9748790000573209,5.0
S00002,vRAN-DU,edge-B,182,DONE,8.65643,8.66005,3.6292330000833317,3.6292330000833317,0.21,2.828,0.5912330000833319,0.0
S00001,vRAN-DU,edge-A,191,DONE,8.66128,8.66524,3.965673000038805,3.965673000038805,0.079,3.31,0.576673000038805,0.0
S00010,IoT-GW,edge-B,178,DONE,8.66139,8.66274,1.3557029999446968,1.3557029999446968,0.061,0.954,0.3407029999446969,0.0
S00010,IoT-GW,edge-B,179,DONE,8.66747,8.66926,1.7938639998646977,1.7938639998646977,0.074,1.157,0.5628639998646976,0.0
S00006,IMS-CSCF,core-1,183,DONE,8.66927,8.67147,2.1967299999232637,14.196729999923264,0.08,1.536,0.5807299999232636,6.0
S00003,UPF,core-1,210,DONE,8.67147,8.67612,4.643940999812912,14.643940999812912,0.053,3.656,0.9349409998129121,5.0
S00009,IoT-GW,edge-A,184,DONE,8.67612,8.67945,3.3286619998307287,3.3286619998307287,0.1,1.585,1.6436619998307287,0.0
S00002,vRAN-DU,edge-B,183,DONE,8.68067,8.68412,3.4514530000251398,3.4514530000251398,0.076,2.814,0.5614530000251396,0.0
S00003,UPF,core-1,211,DONE,8.68754,8.69455,7.006877000094391,17.00687700009439,0.093,2.361,4.552877000094391,5.0
S00002,vRAN-DU,edge-B,184,DONE,8.68769,8.69483,7.1378899999672285,7.1378899999672285,0.067,6.372,0.6988899999672284,0.0
S00007,Transcoder,core-1,95,DONE,8.68998,8.69998,9.99389000003248,19.99389000003248,0.05,9.101,0.8428900000324777,5.0
S00006,IMS-CSCF,core-1,184,DONE,8.69493,8.69665,1.716842999940127,13.716842999940127,0.08,1.174,0.4628429999401269,6.0
S00009,IoT-GW,edge-A,185,DONE,8.70223,8.70396,1.730047000137347,1.730047000137347,0.081,1.117,0.532047000137347,0.0
S00009,IoT-GW,edge-A,186,DONE,8.71534,8.7182,2.86302299991803,2.86302299991803,0.083,2.176,0.6040229999180298,0.0
S00006,IMS-CSCF,core-1,185,DONE,8.71551,8.71758,2.0769239999935962,14.076923999993596,0.082,1.495,0.49992399999359605,6.0
S00002,vRAN-DU,edge-B,185,DONE,8.72654,8.73243,5.889029999934792,5.889029999934792,0.09,4.953,0.8460299999347916,0.0
S00001,vRAN-DU,edge-A,192,DONE,8.72901,8.73243,3.424775999974372,3.424775999974372,0.094,2.565,0.7657759999743723,0.0
S00002,vRAN-DU,edge-B,186,DONE,8.73244,8.73601,3.573487000039677,3.573487000039677,0.059,3.026,0.4884870000396768,0.0
S00010,IoT-GW,edge-B,180,DONE,8.74132,8.74304,1.7192009997870628,1.7192009997870628,0.072,1.08,0.5672009997870626,0.0
S00004,UPF,core-1,184,DONE,8.7431,8.74641,3.307710999933988,15.307710999933988,0.168,2.511,0.6287109999339879,6.0
S00009,IoT-GW,edge-A,187,DONE,8.74641,8.74823,1.8139859998882457,1.8139859998882457,0.079,1.266,0.46898599988824574,0.0
S00005,IMS-CSCF,core-1,195,DONE,8.74769,8.74996,2.2733310001967766,12.273331000196777,0.063,1.737,0.4733310001967763,5.0
S00009,IoT-GW,edge-A,188,DONE,8.74776,8.74935,1.596934999952282,1.596934999952282,0.044,0.92,0.6329349999522819,0.0
S00005,IMS-CSCF,core-1,196,DONE,8.74936,8.75151,2.154342000039833,12.154342000039833,0.327,1.31,0.5173420000398328,5.0
S00009,IoT-GW,edge-A,189,DONE,8.75114,8.75243,1.2976620000699768,1.2976620000699768,0.052,0.939,0.3066620000699768,0.0
S00005,IMS-CSCF,core-1,197,DONE,8.75667,8.75941,2.740652999818849,12.740652999818849,0.078,1.892,0.7706529998188492,5.0
S00004,UPF,core-1,185,DONE,8.75926,8.76171,2.449388999821167,14.449388999821167,0.055,2.103,0.2913889998211667,6.0
S00001,vRAN-DU,edge-A,193,DONE,8.76063,8.7639,3.278725999962262,3.278725999962262,0.079,2.639,0.560725999962262,0.0
S00004,UPF,core-1,186,DONE,8.7651,8.76757,2.4727200000143057,14.472720000014306,0.067,1.93,0.4757200000143056,6.0
S00001,vRAN-DU,edge-A,194,DONE,8.76637,8.7696,3.23054399996181,3.23054399996181,0.066,2.625,0.5395439999618103,0.0
S00002,vRAN-DU,edge-B,187,DONE,8.76878,8.7725,3.7133759999505855,3.7133759999505855,0.079,2.734,0.9003759999505854,0.0
S00010,IoT-GW,edge-B,181,DONE,8.7725,8.77398,1.4753610000752815,1.4753610000752815,0.048,1.071,0.3563610000752815,0.0
S00006,IMS-CSCF,core-1,186,DONE,8.78227,8.78453,2.254726000046503,14.254726000046503,0.094,1.516,0.6447260000465032,6.0
S00002,vRAN-DU,edge-B,188,DONE,8.7909,8.79748,6.58221899993805,6.58221899993805,0.083,5.974,0.5252189999380494,0.0
S00005,IMS-CSCF,core-1,198,DONE,8.79103,8.79371,2.6794400000653695,12.67944000006537,0.078,2.191,0.41044000006536985,5.0
S00005,IMS-CSCF,core-1,199,DONE,8.79227,8.79549,3.2204270000875113,13.220427000087511,1.427,1.399,0.3944270000875112,5.0
S00009,IoT-GW,edge-A,190,DONE,8.79234,8.79526,2.917013000114821,2.917013000114821,0.078,1.8,1.039013000114821,0.0
S00002,vRAN-DU,edge-B,189,DONE,8.79375,8.80033,6.571235999899727,6.571235999899727,0.067,5.872,0.6322359998997271,0.0
S00003,UPF,core-1,212,DONE,8.80153,8.80432,2.7895949999674485,12.789594999967449,0.107,2.174,0.5085949999674484,5.0
S00002,vRAN-DU,edge-B,190,DONE,8.80551,8.80898,3.4748309999486082,3.4748309999486082,0.072,2.867,0.5358309999486082,0.0
S00008,Transcoder,core-1,95,DONE,8.8112,8.81857,7.361712999909287,19.361712999909287,0.109,6.619,0.633712999909287,6.0
S00009,IoT-GW,edge-A,191,DONE,8.81131,8.81303,1.7179890000988962,1.7179890000988962,0.087,1.162,0.4689890000988963,0.0
S00003,UPF,core-1,213,DONE,8.82087,8.82359,2.725314000144863,12.725314000144863,0.075,2.104,0.5463140001448625,5.0
S00006,IMS-CSCF,core-1,187,DONE,8.82999,8.83239,2.400615999931688,14.400615999931688,0.098,1.737,0.5656159999316879,6.0
S00010,IoT-GW,edge-B,182,DONE,8.83015,8.83174,1.5907030001471867,1.5907030001471867,0.084,1.09,0.41670300014718653,0.0
S00009,IoT-GW,edge-A,192,DONE,8.84278,8.84567,2.8845750000527914,2.8845750000527914,0.087,2.078,0.7195750000527914,0.0
S00005,IMS-CSCF,core-1,200,DONE,8.84296,8.8451,2.1422830000119575,12.142283000011957,0.117,1.387,0.6382830000119575,5.0
S00002,vRAN-DU,edge-B,191,DONE,8.84511,8.84882,3.710974999876271,3.710974999876271,0.25,2.863,0.5979749998762709,0.0
S00009,IoT-GW,edge-A,193,DONE,8.84518,8.84836,3.176190999965911,3.176190999965911,0.063,0.964,2.149190999965911,0.0
S00010,IoT-GW,edge-B,183,DONE,8.85004,8.8515,1.453597999898193,1.453597999898193,0.06,0.972,0.4215979998981929,0.0
S00007,Transcoder,core-1,96,DONE,8.85014,8.85745,7.305643999870881,17.30564399987088,0.077,6.828,0.40064399987088084,5.0
S00009,IoT-GW,edge-A,194,DONE,8.85281,8.85426,1.4537100000779901,1.4537100000779901,0.073,0.893,0.48771000007799015,0.0
S00010,IoT-GW,edge-B,184,DONE,8.85427,8.85571,1.4436120000027586,1.4436120000027586,0.057,0.934,0.4526120000027586,0.0
S00005,IMS-CSCF,core-1,201,DONE,8.85749,8.85977,2.274989999932586,12.274989999932586,0.072,1.708,0.4949899999325862,5.0
S00006,IMS-CSCF,core-1,188,DONE,8.85878,8.86106,2.277191000075618,14.277191000075618,0.085,1.607,0.585191000075618,6.0
S00006,IMS-CSCF,core-1,189,DONE,8.86106,8.86277,1.7117339998549141,13.711733999854914,0.044,1.334,0.33373399985491403,6.0
S00003,UPF,core-1,214,DONE,8.87317,8.8769,3.7327860000004875,13.732786000000488,0.12,2.621,0.9917860000004874,5.0
S00008,Transcoder,core-1,96,DONE,8.8782,8.88953,11.33616099991741,23.33616099991741,0.077,10.802,0.4571609999174111,6.0
S00009,IoT-GW,edge-A,195,DONE,8.88364,8.88627,2.6286730001174874,2.6286730001174874,0.085,1.994,0.5496730001174874,0.0
S00005,IMS-CSCF,core-1,202,DONE,8.88421,8.88801,3.7967609998759144,13.796760999875914,0.077,3.11,0.6097609998759146,5.0
S00006,IMS-CSCF,core-1,190,DONE,8.88545,8.88941,3.9610420001281454,15.961042000128145,0.058,3.342,0.5610420001281455,6.0
S00005,IMS-CSCF,core-1,203,DONE,8.89071,8.89339,2.679737000107707,12.679737000107707,0.092,1.714,0.8737370001077069,5.0
S00010,IoT-GW,edge-B,185,DONE,8.89204,8.89432,2.283964999833188,2.283964999833188,0.081,1.334,0.8689649998331879,0.0
S00004,UPF,core-1,187,DONE,8.89862,8.90252,3.90048500003104,15.90048500003104,0.069,3.217,0.6144850000310398,6.0
S00003,UPF,core-1,215,DONE,8.89993,8.90267,2.748182999994242,12.748182999994242,0.051,2.25,0.4471829999942418,5.0
S00009,IoT-GW,edge-A,196,DONE,8.90253,8.90416,1.6301169998769183,1.6301169998769183,0.119,1.053,0.45811699987691834,0.0
S00003,UPF,core-1,216,DONE,8.90387,8.90673,2.859037999996872,12.859037999996872,0.172,2.328,0.3590379999968718,5.0
S00004,UPF,core-1,188,DONE,8.92106,8.92402,2.9634280001573643,14.963428000157364,0.096,2.126,0.7414280001573643,6.0
S00009,IoT-GW,edge-A,197,DONE,8.93034,8.9323,1.955190999979095,1.955190999979095,0.083,1.199,0.673190999979095,0.0
S00005,IMS-CSCF,core-1,204,DONE,8.93556,8.9379,2.3425529998348793,12.34255299983488,0.096,1.567,0.6795529998348793,5.0
S00010,IoT-GW,edge-B,186,DONE,8.93569,8.9378,2.1128089999820077,2.1128089999820077,0.088,1.47,0.5548089999820076,0.0
S00009,IoT-GW,edge-A,198,DONE,8.9411,8.94308,1.9853080000302725,1.9853080000302725,0.11,1.247,0.6283080000302723,0.0
S00008,Transcoder,core-1,97,DONE,8.94535,8.95613,10.778773000083675,22.778773000083675,0.072,9.952,0.7547730000836754,6.0
S00005,IMS-CSCF,core-1,205,DONE,8.94871,8.95064,1.9356640000296466,11.935664000029647,0.067,1.344,0.5246640000296465,5.0
S00002,vRAN-DU,edge-B,192,DONE,8.95188,8.95556,3.6767750000308297,3.6767750000308297,0.078,2.868,0.73077500003083,0.0
S00009,IoT-GW,edge-A,199,DONE,8.95531,8.9576,2.288208999971175,2.288208999971175,0.079,1.729,0.48020899997117494,0.0
S00003,UPF,core-1,217,DONE,8.95539,8.95895,3.5591189998740447,13.559118999874045,0.075,2.734,0.7501189998740445,5.0
S00005,IMS-CSCF,core-1,206,DONE,8.95545,8.9582,2.748877999920296,12.748877999920296,0.266,1.889,0.5938779999202961,5.0
S00009,IoT-GW,edge-A,200,DONE,8.96116,8.9633,2.147084999933213,2.147084999933213,0.071,1.172,0.904084999933213,0.0
S00004,UPF,core-1,189,DONE,8.96125,8.96349,2.2408009999708156,14.240800999970816,0.054,1.882,0.3048009999708159,6.0
S00006,IMS-CSCF,core-1,191,DONE,8.96331,8.96538,2.0757209999828774,14.075720999982877,0.041,1.618,0.41672099998287737,6.0
S00005,IMS-CSCF,core-1,207,DONE,8.9706,8.97266,2.062991000002512,12.062991000002512,0.089,1.488,0.48599100000251205,5.0
S00001,vRAN-DU,edge-A,195,DONE,8.97491,8.97885,3.9383369999086426,3.9383369999086426,0.078,3.298,0.5623369999086427,0.0
S00010,IoT-GW,edge-B,187,DONE,8.98917,8.99144,2.270464000048378,2.270464000048378,0.13,1.393,0.7474640000483779,0.0
S00007,Transcoder,core-1,97,DONE,8.99682,9.0042,7.378089999974691,17.37808999997469,0.088,6.722,0.5680899999746902,5.0
S00003,UPF,core-1,218,DONE,8.9992,9.00167,2.4678780000613187,12.467878000061319,0.064,1.988,0.4158780000613187,5.0
S00006,IMS-CSCF,core-1,192,DONE,9.01851,9.02106,2.552880999928675,14.552880999928675,0.141,1.747,0.6648809999286749,6.0
S00004,UPF,core-1,190,DONE,9.01986,9.02304,3.1806480001250748,15.180648000125075,0.059,2.715,0.40664800012507474,6.0
S00003,UPF,core-1,219,DONE,9.02648,9.02918,2.703325000084078,12.703325000084078,0.06,2.22,0.4233250000840778,5.0
S00009,IoT-GW,edge-A,201,DONE,9.03444,9.03619,1.7523400001664413,1.7523400001664413,0.078,1.131,0.5433400001664412,0.0
S00010,IoT-GW,edge-B,188,DONE,9.04443,9.04632,1.888265000161482,1.888265000161482,0.164,1.175,0.549265000161482,0.0
S00004,UPF,core-1,191,DONE,9.05365,9.05815,4.4996189999437775,16.499618999943777,0.202,3.497,0.8006189999437776,6.0
S00003,UPF,core-1,220,DONE,9.05392,9.05689,2.9659560000254714,12.965956000025471,0.081,2.305,0.5799560000254713,5.0
S00005,IMS-CSCF,core-1,208,DONE,9.06441,9.06782,3.4047350000037113,13.404735000003711,0.114,1.874,1.4167350000037113,5.0
S00006,IMS-CSCF,core-1,193,DONE,9.08026,9.08297,2.709603000084826,14.709603000084826,0.149,1.564,0.9966030000848258,6.0
S00002,vRAN-DU,edge-B,193,DONE,9.08518,9.08892,3.735832000074879,3.735832000074879,0.091,3.028,0.6168320000748788,0.0
S00003,UPF,core-1,221,DONE,9.09526,9.10031,5.045614999971804,15.045614999971804,0.679,2.602,1.7646149999718035,5.0
S00006,IMS-CSCF,core-1,194,DONE,9.09545,9.10236,6.910458999982438,18.91045899998244,0.734,4.953,1.2234589999824381,6.0
S00010,IoT-GW,edge-B,189,DONE,9.09666,9.09834,1.6833380000207399,1.6833380000207399,0.083,1.072,0.5283380000207398,0.0
S00010,IoT-GW,edge-B,190,DONE,9.09951,9.10147,1.9565729999158066,1.9565729999158066,0.051,1.11,0.7955729999158065,0.0
S00003,UPF,core-1,222,DONE,9.09962,9.10501,5.391052000049967,15.391052000049967,0.051,4.667,0.6730520000499673,5.0
S00010,IoT-GW,edge-B,191,DONE,9.11334,9.11517,1.8308569999589963,1.8308569999589963,0.162,0.921,0.7478569999589963,0.0
S00006,IMS-CSCF,core-1,195,DONE,9.11352,9.11792,4.400572999884389,16.40057299988439,0.532,2.917,0.9515729998843891,6.0
S00005,IMS-CSCF,core-1,209,DONE,9.12218,9.12469,2.5081779999709397,12.50817799997094,0.121,1.665,0.7221779999709397,5.0
S00005,IMS-CSCF,core-1,210,DONE,9.12231,9.12628,3.9718750001611625,13.971875000161162,1.943,1.454,0.5748750001611624,5.0
S00003,UPF,core-1,223,DONE,9.12856,9.13219,3.6328399999092653,13.632839999909265,0.066,2.913,0.6538399999092657,5.0
S00002,vRAN-DU,edge-B,194,DONE,9.13545,9.13925,3.8057630001731013,3.8057630001731013,0.114,2.983,0.7087630001731013,0.0
S00009,IoT-GW,edge-A,202,DONE,9.14362,9.14631,2.6870579999922484,2.6870579999922484,0.083,1.804,0.8000579999922481,0.0
S00003,UPF,core-1,224,DONE,9.1486,9.15212,3.521805999980643,13.521805999980643,0.125,2.598,0.798805999980643,5.0
S00001,vRAN-DU,edge-A,196,DONE,9.16352,9.16768,4.1588190001675684,4.1588190001675684,0.21,2.967,0.9818190001675684,0.0
S00005,IMS-CSCF,core-1,211,DONE,9.17312,9.17661,3.49607900011506,13.49607900011506,0.093,2.266,1.13707900011506,5.0
S00004,UPF,core-1,192,DONE,9.17451,9.17697,2.4650459999975283,14.465045999997528,0.061,1.896,0.5080459999975284,6.0
S00001,vRAN-DU,edge-A,197,DONE,9.17662,9.1851,8.47710800007917,8.47710800007917,0.08,7.499,0.8981080000791701,0.0
S00006,IMS-CSCF,core-1,196,DONE,9.1783,9.1859,7.602437999821632,19.602437999821632,0.092,4.565,2.945437999821632,6.0
S00010,IoT-GW,edge-B,192,DONE,9.18072,9.1829,2.1811130000060075,2.1811130000060075,0.121,1.47,0.5901130000060075,0.0
S00005,IMS-CSCF,core-1,212,DONE,9.18216,9.18509,2.925701000094705,12.925701000094705,0.08,2.083,0.7627010000947045,5.0
S00006,IMS-CSCF,core-1,197,DONE,9.18422,9.18757,3.3540130000346835,15.354013000034684,1.052,1.413,0.8890130000346834,6.0
S00003,UPF,core-1,225,DONE,9.18989,9.19371,3.8189709998732724,13.818970999873272,0.054,3.282,0.4829709998732725,5.0
S00009,IoT-GW,edge-A,203,DONE,9.2021,9.20586,3.761690999908751,3.761690999908751,0.114,1.342,2.305690999908751,0.0
S00001,vRAN-DU,edge-A,198,DONE,9.20713,9.21062,3.4922219999771187,3.4922219999771187,0.059,2.966,0.46722199997711833,0.0
S00005,IMS-CSCF,core-1,213,DONE,9.21387,9.21612,2.250889000151801,12.250889000151801,0.086,1.458,0.7068890001518013,5.0
S00006,IMS-CSCF,core-1,198,DONE,9.21613,9.21798,1.854055999956472,13.854055999956472,0.052,1.347,0.45505599995647206,6.0
S00004,UPF,core-1,193,DONE,9.21799,9.22064,2.656125000157772,14.656125000157772,0.046,2.256,0.35412500015777226,6.0
S00006,IMS-CSCF,core-1,199,DONE,9.22692,9.22893,2.003480999974272,14.003480999974272,0.066,1.376,0.561480999974272,6.0
S00006,IMS-CSCF,core-1,200,DONE,9.23011,9.23178,1.6777120001734147,13.677712000173415,0.053,1.266,0.35871200017341476,6.0
S00006,IMS-CSCF,core-1,201,DONE,9.23296,9.23542,2.4622819998967316,14.462281999896732,0.056,1.794,0.6122819998967315,6.0
S00004,UPF,core-1,194,DONE,9.23869,9.2413,2.6141910000205826,14.614191000020583,0.064,2.03,0.5201910000205827,6.0
S00007,Transcoder,core-1,98,DONE,9.24249,9.24907,6.579865000048812,16.579865000048812,0.058,5.932,0.5898650000488121,5.0
S00010,IoT-GW,edge-B,193,DONE,9.25436,9.26107,6.713693999927273,6.713693999927273,0.164,1.579,4.970693999927273,0.0
S00007,Transcoder,core-1,99,DONE,9.25449,9.26257,8.085633000064263,18.085633000064263,0.083,6.752,1.250633000064263,5.0
S00001,vRAN-DU,edge-A,199,DONE,9.26268,9.28596,23.28009000007114,23.28009000007114,0.127,19.441,3.712090000071143,0.0
S00003,UPF,core-1,226,DONE,9.27429,9.28764,13.347460999966643,23.347460999966643,0.146,12.35,0.8514609999666423,5.0
S00009,IoT-GW,edge-A,204,DONE,9.27443,9.29219,17.750805000105174,17.750805000105174,0.103,16.461,1.1868050001051742,0.0
S00008,Transcoder,core-1,98,DONE,9.27572,9.29219,16.478254000048764,28.478254000048764,0.069,15.811,0.5982540000487653,6.0
S00002,vRAN-DU,edge-B,195,DONE,9.2758,9.29145,15.647811000008005,15.647811000008005,0.083,14.847,0.7178110000080054,0.0
S00005,IMS-CSCF,core-1,214,DONE,9.28145,9.28763,6.180482999980086,16.180482999980086,0.111,5.172,0.8974829999800864,5.0
S00005,IMS-CSCF,core-1,215,DONE,9.28598,9.29092,4.940157000191903,14.940157000191903,0.052,3.165,1.723157000191903,5.0
S00010,IoT-GW,edge-B,194,DONE,9.29552,9.29773,2.2087580000516027,2.2087580000516027,0.091,1.389,0.7287580000516025,0.0
S00009,IoT-GW,edge-A,205,DONE,9.29783,9.29951,1.6737600001306419,1.6737600001306419,0.082,1.106,0.4857600001306417,0.0
S00004,UPF,core-1,195,DONE,9.30376,9.30662,2.866498999992473,14.866498999992473,0.092,2.172,0.6024989999924726,6.0
S00006,IMS-CSCF,core-1,202,DONE,9.31101,9.31788,6.869832999882419,18.86983299988242,0.089,3.635,3.145832999882419,6.0
S00001,vRAN-DU,edge-A,200,DONE,9.31327,9.32247,9.194771000011315,9.194771000011315,0.116,8.428,0.6507710000113143,0.0
S00007,Transcoder,core-1,100,DONE,9.31462,9.32713,12.50950600001488,22.50950600001488,0.11,9.309,3.090506000014882,5.0
S00004,UPF,core-1,196,DONE,9.31598,9.32428,8.308039999974426,20.308039999974426,0.209,6.455,1.6440399999744262,6.0
S00004,UPF,core-1,197,DONE,9.32012,9.32837,8.247099999834973,20.247099999834973,4.141,3.611,0.4950999998349723,6.0
S00003,UPF,core-1,227,DONE,9.33169,9.33553,3.83611799998107,13.83611799998107,0.129,3.073,0.6341179999810702,5.0
S00008,Transcoder,core-1,99,DONE,9.33189,9.34175,9.859387999995306,21.859387999995306,0.214,9.019,0.6263879999953055,6.0
S00006,IMS-CSCF,core-1,203,DONE,9.35218,9.35555,3.3709439999256574,15.370943999925657,0.159,2.057,1.1549439999256577,6.0
S00010,IoT-GW,edge-B,195,DONE,9.35567,9.3585,2.826973000082944,2.826973000082944,0.091,1.913,0.8229730000829438,0.0
S00008,Transcoder,core-1,100,DONE,9.36086,9.36821,7.344603999854371,19.34460399985437,0.133,6.424,0.7876039998543707,6.0
S00004,UPF,core-1,198,DONE,9.37457,9.37946,4.888390000132858,16.88839000013286,0.094,3.983,0.811390000132858,6.0
S00008,Transcoder,core-1,101,DONE,9.37606,9.38395,7.884139999987383,19.884139999987383,0.082,7.048,0.754139999987383,6.0
S00006,IMS-CSCF,core-1,204,DONE,9.37894,9.38309,4.149255999891466,16.149255999891466,0.101,3.095,0.9532559998914656,6.0
S00005,IMS-CSCF,core-1,216,DONE,9.39037,9.39414,3.7757049999527226,13.775704999952723,0.128,2.694,0.9537049999527225,5.0
S00002,vRAN-DU,edge-B,196,DONE,9.39384,9.39751,3.67541299988261,3.67541299988261,0.114,2.858,0.7034129998826102,0.0
S00004,UPF,core-1,199,DONE,9.39399,9.40051,6.521103000068251,18.52110300006825,0.083,5.493,0.9451030000682508,6.0
S00001,vRAN-DU,edge-A,201,DONE,9.422,9.42816,6.1543050001091615,6.1543050001091615,0.145,4.961,1.0483050001091616,0.0
S00004,UPF,core-1,200,DONE,9.43963,9.44444,4.810654000038994,16.810654000038994,0.1,3.817,0.8936540000389943,6.0
S00004,UPF,core-1,201,DONE,9.43989,9.45064,10.747775000027104,22.747775000027104,4.221,5.916,0.6107750000271039,6.0
S00005,IMS-CSCF,core-1,217,DONE,9.44445,9.44904,4.586007000170866,14.586007000170866,0.135,2.126,2.3250070001708667,5.0
S00010,IoT-GW,edge-B,196,DONE,9.45193,9.45436,2.431252999940625,2.431252999940625,0.109,1.72,0.6022529999406252,0.0
S00010,IoT-GW,edge-B,197,DONE,9.46891,9.4723,3.390482999975575,3.390482999975575,0.208,2.385,0.7974829999755748,0.0
S00002,vRAN-DU,edge-B,197,DONE,9.46921,9.47532,6.1116940000829345,6.1116940000829345,0.175,5.143,0.7936940000829349,0.0
S00010,IoT-GW,edge-B,198,DONE,9.47153,9.47617,4.638657999976203,4.638657999976203,0.068,3.254,1.3166579999762038,0.0
S00004,UPF,core-1,202,DONE,9.47461,9.47859,3.973976999986917,15.973976999986917,0.09,2.467,1.4169769999869168,6.0
S00003,UPF,core-1,228,DONE,9.47618,9.48305,6.87563700012106,16.87563700012106,0.139,5.167,1.5696370001210598,5.0
S00005,IMS-CSCF,core-1,218,DONE,9.47627,9.48157,5.307381999955396,15.307381999955396,0.19,3.913,1.204381999955396,5.0
S00009,IoT-GW,edge-A,206,DONE,9.47859,9.48325,4.651865999903748,4.651865999903748,0.089,1.794,2.7688659999037477,0.0
S00001,vRAN-DU,edge-A,202,DONE,9.48306,9.48788,4.821309999897494,4.821309999897494,0.043,4.29,0.4883099998974938,0.0
S00010,IoT-GW,edge-B,199,DONE,9.49517,9.49767,2.4995480000598036,2.4995480000598036,0.177,1.517,0.8055480000598036,0.0
S00001,vRAN-DU,edge-A,203,DONE,9.499,9.50657,7.571519000066473,7.571519000066473,0.08,6.787,0.7045190000664734,0.0
S00004,UPF,core-1,203,DONE,9.50339,9.50641,3.0156280001847335,15.015628000184734,0.19,2.11,0.7156280001847337,6.0
S00010,IoT-GW,edge-B,200,DONE,9.50351,9.50713,3.6266079998767964,3.6266079998767964,0.07,3.01,0.5466079998767968,0.0
S00002,vRAN-DU,edge-B,198,DONE,9.50641,9.51252,6.101263000118706,6.101263000118706,0.052,4.964,1.0852630001187062,0.0
S00007,Transcoder,core-1,101,DONE,9.5149,9.52335,8.450881000044319,18.45088100004432,0.146,7.371,0.9338810000443178,5.0
S00008,Transcoder,core-1,102,DONE,9.51539,9.52591,10.522329999957947,22.522329999957947,0.052,9.898,0.5723299999579474,6.0
S00003,UPF,core-1,229,DONE,9.52106,9.52627,5.2134739999019075,15.213473999901908,0.077,3.489,1.6474739999019077,5.0
S00010,IoT-GW,edge-B,201,DONE,9.52117,9.52507,3.907974000185277,3.907974000185277,0.083,3.336,0.4889740001852769,0.0
S00003,UPF,core-1,230,DONE,9.5224,9.52854,6.146097000055306,16.146097000055306,3.496,2.034,0.6160970000553063,5.0
S00003,UPF,core-1,231,DONE,9.5299,9.53441,4.510598000024402,14.510598000024402,0.081,3.825,0.6045980000244011,5.0
S00010,IoT-GW,edge-B,202,DONE,9.53136,9.53386,2.498542000012094,2.498542000012094,0.079,1.706,0.7135420000120938,0.0
S00005,IMS-CSCF,core-1,219,DONE,9.53573,9.5389,3.170122000028641,13.170122000028641,0.059,2.416,0.6951220000286411,5.0
S00005,IMS-CSCF,core-1,220,DONE,9.54112,9.54394,2.821971000003032,12.821971000003032,0.119,1.883,0.819971000003032,5.0
S00001,vRAN-DU,edge-A,204,DONE,9.54527,9.55506,9.78119000001243,9.78119000001243,0.089,9.033,0.6591900000124298,0.0
S00007,Transcoder,core-1,102,DONE,9.54545,9.561,15.54386899988458,25.54386899988458,0.063,14.595,0.885868999884579,5.0
S00006,IMS-CSCF,core-1,205,DONE,9.54778,9.55544,7.65459300009752,19.65459300009752,0.062,7.242,0.35059300009752015,6.0
S00005,IMS-CSCF,core-1,221,DONE,9.54814,9.55619,8.04840000000695,18.04840000000695,0.081,6.95,1.0174000000069494,5.0
S00001,vRAN-DU,edge-A,205,DONE,9.54947,9.55356,4.087659999868265,4.087659999868265,0.286,3.222,0.579659999868265,0.0
S00001,vRAN-DU,edge-A,206,DONE,9.56324,9.5671,3.852163000146902,3.852163000146902,0.088,3.096,0.6681630001469019,0.0
S00005,IMS-CSCF,core-1,222,DONE,9.56337,9.56805,4.682381000066016,14.682381000066016,0.086,3.501,1.0953810000660158,5.0
S00005,IMS-CSCF,core-1,223,DONE,9.56567,9.57089,5.212589999928241,15.212589999928241,1.892,2.657,0.6635899999282411,5.0
S00002,vRAN-DU,edge-B,199,DONE,9.57217,9.57786,5.697698999938439,5.697698999938439,0.083,4.919,0.6956989999384389,0.0
S00009,IoT-GW,edge-A,207,DONE,9.57354,9.57556,2.024384999913309,2.024384999913309,0.092,1.408,0.524384999913309,0.0
S00006,IMS-CSCF,core-1,206,DONE,9.58943,9.5923,2.8678159999344643,14.867815999934464,0.212,1.692,0.9638159999344642,6.0
S00005,IMS-CSCF,core-1,224,DONE,9.58965,9.59242,2.7757630000451172,12.775763000045117,0.089,2.153,0.5337630000451172,5.0
S00004,UPF,core-1,204,DONE,9.59368,9.59623,2.5458279999384104,14.54582799993841,0.067,1.953,0.5258279999384101,6.0
S00002,vRAN-DU,edge-B,200,DONE,9.59383,9.5973,3.4750269999221928,3.4750269999221928,0.088,2.918,0.46902699992219254,0.0
S00009,IoT-GW,edge-A,208,DONE,9.60055,9.60302,2.4771490000148333,2.4771490000148333,0.093,1.727,0.6571490000148332,0.0
S00003,UPF,core-1,232,DONE,9.6019,9.60491,3.0073190000621253,13.007319000062125,0.086,2.218,0.7033190000621254,5.0
S00001,vRAN-DU,edge-A,207,DONE,9.61237,9.61886,6.4969920001658465,6.4969920001658465,0.126,5.242,1.1289920001658462,0.0
S00010,IoT-GW,edge-B,203,DONE,9.62544,9.62785,2.4099689999275142,2.4099689999275142,0.112,1.429,0.8689689999275141,0.0
S00009,IoT-GW,edge-A,209,DONE,9.63007,9.6324,2.334621000045445,2.334621000045445,0.129,1.407,0.7986210000454448,0.0
S00009,IoT-GW,edge-A,210,DONE,9.64099,9.6444,3.40792700012571,3.40792700012571,0.083,2.648,0.6769270001257097,0.0
S00005,IMS-CSCF,core-1,225,DONE,9.64121,9.64432,3.1064209999840386,13.106420999984039,0.125,2.389,0.5924209999840389,5.0
S00001,vRAN-DU,edge-A,208,DONE,9.64315,9.64956,6.409929000028569,6.409929000028569,0.091,5.663,0.6559290000285687,0.0
S00002,vRAN-DU,edge-B,201,DONE,9.64666,9.65242,5.75944399997752,5.75944399997752,0.103,4.87,0.7864439999775206,0.0
S00004,UPF,core-1,205,DONE,9.65374,9.65875,5.014164999920467,17.014164999920467,0.115,4.054,0.8451649999204669,6.0
S00009,IoT-GW,edge-A,211,DONE,9.67814,9.68217,4.023354000082691,4.023354000082691,0.115,3.175,0.7333540000826906,0.0
S00001,vRAN-DU,edge-A,209,DONE,9.68143,9.69044,9.008668999967995,9.008668999967995,0.077,7.642,1.2896689999679944,0.0
S00007,Transcoder,core-1,103,DONE,9.68157,9.69592,14.359457999944425,24.359457999944425,0.185,8.493,5.681457999944424,5.0
S00001,vRAN-DU,edge-A,210,DONE,9.69473,9.69972,4.994983999949909,4.994983999949909,0.075,2.811,2.108983999949909,0.0
S00002,vRAN-DU,edge-B,202,DONE,9.69489,9.70914,14.248653999857197,14.248653999857197,0.082,9.82,4.346653999857196,0.0
S00004,UPF,core-1,206,DONE,9.70098,9.70915,8.167613999830792,20.16761399983079,0.081,6.854,1.2326139998307921,6.0
S00002,vRAN-DU,edge-B,203,DONE,9.70439,9.71036,5.968892000055348,5.968892000055348,0.07,4.736,1.162892000055348,0.0
S00009,IoT-GW,edge-A,212,DONE,9.70449,9.70915,4.659210999989227,4.659210999989227,0.17,1.284,3.2052109999892275,0.0
S00003,UPF,core-1,233,DONE,9.70916,9.71208,2.9271480000261363,12.927148000026136,0.125,2.301,0.5011480000261361,5.0
S00005,IMS-CSCF,core-1,226,DONE,9.70924,9.71166,2.4131739999120327,12.413173999912033,0.862,1.146,0.40517399991203273,5.0
S00007,Transcoder,core-1,104,DONE,9.71329,9.7201,6.816544999992402,16.816544999992402,0.053,6.217,0.5465449999924026,5.0
S00007,Transcoder,core-1,105,DONE,9.71457,9.72077,6.203234000167868,16.203234000167868,0.05,5.763,0.3902340001678679,5.0
S00003,UPF,core-1,234,DONE,9.72303,9.72563,2.5944250000975444,12.594425000097544,0.058,2.079,0.4574250000975444,5.0
S00002,vRAN-DU,edge-B,204,DONE,9.72569,9.72946,3.7646959999619867,3.7646959999619867,0.103,2.816,0.8456959999619866,0.0
S00006,IMS-CSCF,core-1,207,DONE,9.7287,9.73136,2.665796999963277,14.665796999963277,0.09,1.909,0.666796999963277,6.0
S00001,vRAN-DU,edge-A,211,DONE,9.73075,9.73706,6.306761999894661,6.306761999894661,0.087,2.785,3.4347619998946612,0.0
S00006,IMS-CSCF,core-1,208,DONE,9.73137,9.73298,1.6147430001183238,13.614743000118324,0.056,1.091,0.4677430001183238,6.0
S00007,Transcoder,core-1,106,DONE,9.73299,9.74016,7.1709470000769215,17.17094700007692,0.043,6.687,0.4409470000769211,5.0
S00008,Transcoder,core-1,103,DONE,9.73706,9.74987,12.811788000135493,24.811788000135493,0.068,12.124,0.6197880001354932,6.0
S00004,UPF,core-1,207,DONE,9.73743,9.74687,9.435685999960697,21.435685999960697,0.138,7.147,2.1506859999606966,6.0
S00007,Transcoder,core-1,107,DONE,9.7375,9.75357,16.075184000101217,26.075184000101217,0.178,13.869,2.0281840001012164,5.0
S00003,UPF,core-1,235,DONE,9.74017,9.75053,10.360978000107934,20.360978000107934,0.036,10.013,0.31197800010793486,5.0
S00002,vRAN-DU,edge-B,205,DONE,9.75788,9.76374,5.864619000021776,5.864619000021776,0.085,4.867,0.9126190000217758,0.0
S00009,IoT-GW,edge-A,213,DONE,9.76229,9.76415,1.855171999977756,1.855171999977756,0.089,1.283,0.4831719999777562,0.0
S00001,vRAN-DU,edge-A,212,DONE,9.76647,9.77012,3.6501140000382293,3.6501140000382293,0.105,2.892,0.6531140000382294,0.0
S00010,IoT-GW,edge-B,204,DONE,9.77238,9.77646,4.086951999852317,4.086951999852317,0.148,3.222,0.7169519998523173,0.0
S00001,vRAN-DU,edge-A,213,DONE,9.77583,9.78037,4.549558999997316,4.549558999997316,0.082,3.877,0.5905589999973166,0.0
S00010,IoT-GW,edge-B,205,DONE,9.78786,9.78995,2.085217999820088,2.085217999820088,0.086,1.195,0.804217999820088,0.0
S00009,IoT-GW,edge-A,214,DONE,9.78802,9.78995,1.9286870001451462,1.9286870001451462,0.081,1.204,0.6436870001451462,0.0
S00007,Transcoder,core-1,108,DONE,9.79221,9.80059,8.375352000030034,18.375352000030034,0.085,7.722,0.5683520000300328,5.0
S00001,vRAN-DU,edge-A,214,DONE,9.7966,9.80025,3.6494930000117165,3.6494930000117165,0.081,2.947,0.6214930000117165,0.0
S00003,UPF,core-1,236,DONE,9.80195,9.81312,11.17483899997751,21.17483899997751,0.076,3.945,7.153838999977509,5.0
S00006,IMS-CSCF,core-1,209,DONE,9.80329,9.81314,9.853616000100374,21.853616000100374,0.613,1.781,7.459616000100374,6.0
S00006,IMS-CSCF,core-1,210,DONE,9.80456,9.81355,8.990313000140304,20.990313000140304,2.094,1.269,5.627313000140305,6.0
S00005,IMS-CSCF,core-1,227,DONE,9.81315,9.81651,3.364205000025322,13.364205000025322,0.412,2.054,0.8982050000253223,5.0
S00004,UPF,core-1,208,DONE,9.81333,9.81737,4.038286999957563,16.038286999957563,0.092,3.083,0.863286999957563,6.0
S00004,UPF,core-1,209,DONE,9.81339,9.8233,9.908295000059297,21.908295000059297,3.896,3.831,2.1812950000592974,6.0
S00010,IoT-GW,edge-B,206,DONE,9.81973,9.82642,6.694698999808679,6.694698999808679,0.082,5.483,1.1296989998086797,0.0
S00004,UPF,core-1,210,DONE,9.82004,9.82518,5.137323000099059,17.13732300009906,1.149,3.387,0.6013230000990588,6.0
S00001,vRAN-DU,edge-A,215,DONE,9.82643,9.83175,5.32513200005269,5.32513200005269,0.083,4.438,0.8041320000526904,0.0
S00002,vRAN-DU,edge-B,206,DONE,9.83415,9.83939,5.245090000016717,5.245090000016717,0.092,3.94,1.213090000016717,0.0
S00004,UPF,core-1,211,DONE,9.8394,9.84504,5.6369749997884355,17.636974999788436,0.142,2.841,2.653974999788435,6.0
S00003,UPF,core-1,237,DONE,9.84092,9.84873,7.808632999967813,17.808632999967813,0.076,5.838,1.894632999967813,5.0
S00010,IoT-GW,edge-B,207,DONE,9.84226,9.84597,3.708515999960582,3.708515999960582,0.078,2.378,1.2525159999605822,0.0
S00006,IMS-CSCF,core-1,211,DONE,9.84505,9.84908,4.033901999946465,16.033901999946465,0.088,2.836,1.1099019999464654,6.0
S00008,Transcoder,core-1,104,DONE,9.84597,9.85662,10.643812999887814,22.643812999887814,0.324,9.953,0.3668129998878147,6.0
S00004,UPF,core-1,212,DONE,9.84838,9.85395,5.570049999960247,17.570049999960247,0.05,2.463,3.057049999960247,6.0
S00009,IoT-GW,edge-A,215,DONE,9.85127,9.85853,7.257221999907415,7.257221999907415,0.109,6.337,0.8112219999074153,0.0
S00004,UPF,core-1,213,DONE,9.85137,9.8547,3.332131999968624,15.332131999968624,0.051,2.548,0.7331319999686237,6.0
S00007,Transcoder,core-1,109,DONE,9.85395,9.86427,10.31044399996972,20.31044399996972,0.054,9.869,0.38744399996972056,5.0
S00001,vRAN-DU,edge-A,216,DONE,9.85786,9.86452,6.6589079999630485,6.6589079999630485,0.047,6.04,0.5719079999630488,0.0
S00008,Transcoder,core-1,105,DONE,9.86374,9.87148,7.74118999993334,19.74118999993334,0.053,6.748,0.9401899999333398,6.0
S00005,IMS-CSCF,core-1,228,DONE,9.8859,9.88819,2.2903990000031627,12.290399000003163,0.095,1.526,0.6693990000031624,5.0
S00007,Transcoder,core-1,110,DONE,9.89245,9.89942,6.972006000069086,16.972006000069086,0.188,6.196,0.588006000069087,5.0
S00008,Transcoder,core-1,106,DONE,9.90064,9.90795,7.315663000099448,19.31566300009945,0.074,6.49,0.7516630000994482,6.0
S00005,IMS-CSCF,core-1,229,DONE,9.90796,9.90994,1.977735000082248,11.977735000082248,0.063,1.396,0.5187350000822482,5.0
S00008,Transcoder,core-1,107,DONE,9.91217,9.92043,8.258602000069004,20.258602000069004,0.102,7.784,0.372602000069004,6.0
S00004,UPF,core-1,214,DONE,9.91232,9.91788,5.559298999969542,17.559298999969542,0.076,4.523,0.9602989999695426,6.0
S00006,IMS-CSCF,core-1,212,DONE,9.91456,9.91917,4.60485400003563,16.60485400003563,0.053,1.256,3.2958540000356296,6.0
S00001,vRAN-DU,edge-A,217,DONE,9.92774,9.93129,3.548972000089634,3.548972000089634,0.086,2.888,0.5749720000896343,0.0
S00008,Transcoder,core-1,108,DONE,9.9311,9.93797,6.866430999934892,18.86643099993489,0.083,6.102,0.6814309999348911,6.0
S00007,Transcoder,core-1,111,DONE,9.93553,9.94289,7.3673100000632985,17.3673100000633,0.081,6.671,0.6153100000632978,5.0
S00006,IMS-CSCF,core-1,213,DONE,9.94513,9.94731,2.176056000052995,14.176056000052995,0.072,1.48,0.6240560000529949,6.0
S00003,UPF,core-1,238,DONE,9.94731,9.95192,4.603380999924411,14.603380999924411,0.054,2.208,2.341380999924411,5.0
S00002,vRAN-DU,edge-B,207,DONE,9.94859,9.95215,3.565493999985847,3.565493999985847,0.151,2.852,0.5624939999858474,0.0
S00003,UPF,core-1,239,DONE,9.95193,9.95518,3.2479930000590684,13.247993000059068,0.069,2.612,0.5669930000590684,5.0
S00010,IoT-GW,edge-B,208,DONE,9.95202,9.95389,1.8690829999741254,1.8690829999741254,0.062,1.351,0.4560829999741254,0.0
S00009,IoT-GW,edge-A,216,DONE,9.96956,9.9717,2.146072999948956,2.146072999948956,0.094,1.336,0.7160729999489559,0.0
S00006,IMS-CSCF,core-1,214,DONE,9.98005,9.98291,2.8604799999811803,14.86047999998118,0.097,1.986,0.7774799999811803,6.0
S00007,Transcoder,core-1,112,DONE,9.9913,9.99845,7.146512999952392,17.146512999952392,0.131,6.388,0.6275129999523923,5.0
S00002,vRAN-DU,edge-B,208,DONE,9.99681,10.00008,3.2661190000453644,3.2661190000453644,0.087,2.738,0.4411190000453642,0.0
S00010,IoT-GW,edge-B,209,DONE,9.99845,9.99984,1.3901170000281127,1.3901170000281127,0.055,0.79,0.5451170000281127,0.0
S00006,IMS-CSCF,core-1,215,DONE,10.00227,10.00445,2.1716749999995955,14.171674999999595,0.068,1.635,0.4686749999995954,6.0
S00003,UPF,core-1,240,DONE,10.00353,10.00602,2.4865670000053797,12.48656700000538,0.132,2.013,0.34156700000537965,5.0
S00002,vRAN-DU,edge-B,209,DONE,10.00562,10.00869,3.0696260000695474,3.0696260000695474,0.112,2.562,0.3956260000695475,0.0
S00008,Transcoder,core-1,109,DONE,10.00568,10.01286,7.184153000025617,19.184153000025617,0.045,6.386,0.753153000025617,6.0
S00002,vRAN-DU,edge-B,210,DONE,10.00571,10.01109,5.381069000122807,5.381069000122807,0.062,2.635,2.6840690001228067,0.0
S00008,Transcoder,core-1,110,DONE,10.0123,10.01892,6.627107999975124,18.627107999975124,0.117,5.859,0.6511079999751237,6.0
S00006,IMS-CSCF,core-1,216,DONE,10.02214,10.02412,1.9763459999921906,13.97634599999219,0.062,1.414,0.5003459999921906,6.0
S00008,Transcoder,core-1,111,DONE,10.02412,10.03071,6.58933599993361,18.58933599993361,0.089,6.156,0.34433599993360975,6.0
S00005,IMS-CSCF,core-1,230,DONE,10.02549,10.0275,2.009262999990824,12.009262999990824,0.051,1.626,0.3322629999908242,5.0
S00003,UPF,core-1,241,DONE,10.02672,10.02934,2.620522000142955,12.620522000142955,0.049,2.187,0.38452200014295546,5.0
S00006,IMS-CSCF,core-1,217,DONE,10.03291,10.03462,1.7123000000083266,13.712300000008327,0.051,1.275,0.38630000000832676,6.0
S00004,UPF,core-1,215,DONE,10.05805,10.06173,3.6894539998684195,15.68945399986842,0.11,2.795,0.7844539998684197,6.0
S00005,IMS-CSCF,core-1,231,DONE,10.0582,10.0617,3.4968259999459406,13.49682599994594,0.184,2.668,0.6448259999459403,5.0
S00006,IMS-CSCF,core-1,218,DONE,10.07716,10.07978,2.619276999894282,14.619276999894282,0.094,1.716,0.8092769998942824,6.0
S00003,UPF,core-1,242,DONE,10.09017,10.09781,7.639182999810146,17.639182999810146,0.106,6.393,1.140182999810146,5.0
S00008,Transcoder,core-1,112,DONE,10.09156,10.09843,6.866144000014174,18.866144000014174,0.066,6.191,0.6091440000141741,6.0
S00001,vRAN-DU,edge-A,218,DONE,10.10069,10.10534,4.6500920000198676,4.6500920000198676,0.129,3.619,0.9020920000198678,0.0
S00007,Transcoder,core-1,113,DONE,10.10767,10.11916,11.49560399994698,21.49560399994698,0.087,10.723,0.685603999946979,5.0
S00001,vRAN-DU,edge-A,219,DONE,10.10912,10.11247,3.354596000008314,3.354596000008314,0.085,2.72,0.549596000008314,0.0
S00006,IMS-CSCF,core-1,219,DONE,10.11248,10.11445,1.9662570000491542,13.966257000049154,0.097,1.256,0.6132570000491542,6.0
S00004,UPF,core-1,216,DONE,10.11564,10.11996,4.3221680000442575,16.322168000044257,0.063,3.702,0.5571680000442578,6.0
S00005,IMS-CSCF,core-1,232,DONE,10.1242,10.12754,3.3357670001805673,13.335767000180567,0.121,2.259,0.9557670001805674,5.0
S00004,UPF,core-1,217,DONE,10.12755,10.1315,3.9547869998841634,15.954786999884163,0.096,2.96,0.8987869998841633,6.0
S00002,vRAN-DU,edge-B,211,DONE,10.14302,10.15007,7.055934999925739,7.055934999925739,0.087,6.073,0.8959349999257391,0.0
S00010,IoT-GW,edge-B,210,DONE,10.14447,10.14608,1.6035199998896132,1.6035199998896132,0.136,0.876,0.5915199998896131,0.0
S00001,vRAN-DU,edge-A,220,DONE,10.14609,10.15081,4.725807999875542,4.725807999875542,0.083,4.002,0.640807999875542,0.0
S00002,vRAN-DU,edge-B,212,DONE,10.14901,10.15647,7.462117999921247,7.462117999921247,0.052,5.973,1.4371179999212478,0.0
S00006,IMS-CSCF,core-1,220,DONE,10.14915,10.15327,4.113258999950631,16.11325899995063,0.084,2.378,1.651258999950631,6.0
S00003,UPF,core-1,243,DONE,10.15206,10.15701,4.956126000024597,14.956126000024597,0.077,3.494,1.3851260000245964,5.0
S00004,UPF,core-1,218,DONE,10.15328,10.16145,8.17526200012253,20.17526200012253,0.118,3.735,4.32226200012253,6.0
S00007,Transcoder,core-1,114,DONE,10.15634,10.17135,15.012808000165023,25.012808000165023,0.194,13.439,1.3798080001650224,5.0
S00005,IMS-CSCF,core-1,233,DONE,10.1571,10.16263,5.536321999898064,15.536321999898064,0.115,4.763,0.6583219998980638,5.0
S00004,UPF,core-1,219,DONE,10.19474,10.20394,9.203193000075771,21.20319300007577,0.128,8.173,0.902193000075771,6.0
S00005,IMS-CSCF,core-1,234,DONE,10.19729,10.20108,3.7886279999383987,13.788627999938399,0.112,2.721,0.9556279999383985,5.0
S00002,vRAN-DU,edge-B,213,DONE,10.19747,10.20349,6.025432000114961,6.025432000114961,0.101,4.912,1.012432000114961,0.0
S00009,IoT-GW,edge-A,217,DONE,10.20003,10.20348,3.447452999807865,3.447452999807865,0.054,0.933,2.460452999807865,0.0
S00004,UPF,core-1,220,DONE,10.20018,10.20807,7.8858349997972255,19.885834999797225,2.719,3.804,1.3628349997972262,6.0
S00004,UPF,core-1,221,DONE,10.20025,10.21695,16.706812000165883,28.706812000165883,6.802,4.103,5.801812000165883,6.0
S00005,IMS-CSCF,core-1,235,DONE,10.20029,10.20414,3.844630000003235,13.844630000003235,0.071,2.589,1.184630000003235,5.0
S00007,Transcoder,core-1,115,DONE,10.2093,10.2184,9.099747999925967,19.099747999925967,0.144,6.406,2.549747999925967,5.0
S00001,vRAN-DU,edge-A,221,DONE,10.22184,10.22599,4.155431000071985,4.155431000071985,0.093,3.278,0.7844310000719852,0.0
S00010,IoT-GW,edge-B,211,DONE,10.22206,10.22663,4.574993000005634,4.574993000005634,0.149,3.858,0.5679930000056337,0.0
S00004,UPF,core-1,222,DONE,10.22787,10.23134,3.4665809998841723,15.466580999884172,0.12,2.618,0.7285809998841724,6.0
S00009,IoT-GW,edge-A,218,DONE,10.24184,10.24472,2.8762649999407586,2.8762649999407586,0.097,1.826,0.9532649999407585,0.0
S00005,IMS-CSCF,core-1,236,DONE,10.24205,10.24471,2.656363000141937,12.656363000141937,0.131,1.427,1.0983630001419367,5.0
S00003,UPF,core-1,244,DONE,10.25323,10.25795,4.714527000032831,14.714527000032831,0.118,3.797,0.7995270000328305,5.0
S00009,IoT-GW,edge-A,219,DONE,10.26017,10.26286,2.692629999955898,2.692629999955898,0.222,1.538,0.9326299999558978,0.0
S00004,UPF,core-1,223,DONE,10.27532,10.28026,4.939328999853387,16.939328999853387,0.093,3.945,0.9013289998533875,6.0
S00009,IoT-GW,edge-A,220,DONE,10.28452,10.28693,2.4038779999955295,2.4038779999955295,0.121,1.331,0.9518779999955296,0.0
S00003,UPF,core-1,245,DONE,10.28604,10.28948,3.4407410000767413,13.440741000076741,0.124,2.577,0.7397410000767413,5.0
S00008,Transcoder,core-1,113,DONE,10.29393,10.30353,9.597113000154422,21.597113000154422,0.076,8.647,0.8741130001544217,6.0
S00001,vRAN-DU,edge-A,222,DONE,10.29413,10.29989,5.765494000115723,5.765494000115723,0.117,4.943,0.7054940001157233,0.0
S00010,IoT-GW,edge-B,212,DONE,10.31907,10.3216,2.5238439998247486,2.5238439998247486,0.089,1.613,0.8218439998247486,0.0
S00010,IoT-GW,edge-B,213,DONE,10.31928,10.32283,3.5571949999848584,3.5571949999848584,1.913,1.085,0.5591949999848584,0.0
S00010,IoT-GW,edge-B,214,DONE,10.32605,10.32794,1.8846769999072421,1.8846769999072421,0.059,1.256,0.5696769999072422,0.0
S00001,vRAN-DU,edge-A,223,DONE,10.32914,10.33266,3.521590999980617,3.521590999980617,0.085,2.857,0.579590999980617,0.0
S00009,IoT-GW,edge-A,221,DONE,10.34498,10.34719,2.2129589999622112,2.2129589999622112,0.098,1.383,0.7319589999622114,0.0
S00003,UPF,core-1,246,DONE,10.35271,10.35749,4.772584999955143,14.772584999955143,0.09,3.594,1.0885849999551431,5.0
S00005,IMS-CSCF,core-1,237,DONE,10.3553,10.35762,2.320758999985628,12.320758999985628,0.071,1.816,0.43375899998562795,5.0
S00007,Transcoder,core-1,116,DONE,10.35749,10.36415,6.659315999968385,16.659315999968385,0.131,5.998,0.5303159999683844,5.0
S00006,IMS-CSCF,core-1,221,DONE,10.3656,10.3677,2.094790999990437,14.094790999990437,0.062,1.492,0.540790999990437,6.0
S00001,vRAN-DU,edge-A,224,DONE,10.36895,10.37261,3.659962000028827,3.659962000028827,0.085,3.056,0.5189620000288269,0.0
S00010,IoT-GW,edge-B,215,DONE,10.36906,10.37094,1.8880960001297353,1.8880960001297353,0.369,0.86,0.6590960001297353,0.0
S00002,vRAN-DU,edge-B,214,DONE,10.37217,10.37503,2.853548000075534,2.853548000075534,0.053,2.439,0.3615480000755342,0.0
S00006,IMS-CSCF,core-1,222,DONE,10.37482,10.37728,2.4561589998484123,14.456158999848412,0.073,1.78,0.6031589998484124,6.0
S00003,UPF,core-1,247,DONE,10.37627,10.37917,2.90455699996528,12.90455699996528,0.107,2.385,0.41255699996527984,5.0
S00006,IMS-CSCF,core-1,223,DONE,10.38545,10.38797,2.5163109999084554,14.516310999908455,0.107,1.554,0.8553109999084552,6.0
S00003,UPF,core-1,248,DONE,10.39133,10.39566,4.3354309998449025,14.335430999844903,0.155,3.333,0.8474309998449021,5.0
S00009,IoT-GW,edge-A,222,DONE,10.39697,10.39933,2.360974000112037,2.360974000112037,0.118,1.584,0.6589740001120372,0.0
S00010,IoT-GW,edge-B,216,DONE,10.39882,10.40111,2.2903970000243135,2.2903970000243135,0.089,1.533,0.6683970000243136,0.0
S00002,vRAN-DU,edge-B,215,DONE,10.40547,10.41069,5.216579000034471,5.216579000034471,0.1,4.338,0.7785790000344717,0.0
S00009,IoT-GW,edge-A,223,DONE,10.4081,10.41162,3.5265359999812063,3.5265359999812063,0.083,2.854,0.589535999981206,0.0
S00005,IMS-CSCF,core-1,238,DONE,10.4149,10.41756,2.656652000041504,12.656652000041504,0.124,1.841,0.6916520000415038,5.0
S00004,UPF,core-1,224,DONE,10.42608,10.43019,4.1119290001461195,16.11192900014612,0.096,3.12,0.8959290001461193,6.0
S00006,IMS-CSCF,core-1,224,DONE,10.4302,10.43262,2.4176869999337214,14.417686999933721,0.082,1.681,0.6546869999337215,6.0
S00006,IMS-CSCF,core-1,225,DONE,10.43263,10.43488,2.252838000003976,14.252838000003976,0.055,1.647,0.5508380000039759,6.0
S00007,Transcoder,core-1,117,DONE,10.43494,10.44634,11.399271000072986,21.399271000072986,0.073,9.788,1.5382710000729851,5.0
S00007,Transcoder,core-1,118,DONE,10.44028,10.4465,6.21904300010101,16.21904300010101,0.061,5.789,0.3690430001010103,5.0
S00009,IoT-GW,edge-A,224,DONE,10.44768,10.45006,2.3726419999547943,2.3726419999547943,0.084,1.786,0.5026419999547942,0.0
S00010,IoT-GW,edge-B,217,DONE,10.44785,10.44949,1.6416159999153024,1.6416159999153024,0.076,1.177,0.38861599991530227,0.0
S00009,IoT-GW,edge-A,225,DONE,10.46534,10.46727,1.9366470000932168,1.9366470000932168,0.079,1.215,0.6426470000932167,0.0
S00006,IMS-CSCF,core-1,226,DONE,10.46728,10.46946,2.183815000080358,14.183815000080358,0.098,1.564,0.5218150000803581,6.0
S00005,IMS-CSCF,core-1,239,DONE,10.4769,10.47929,2.3870649999935267,12.387064999993527,0.102,1.575,0.7100649999935269,5.0
S00003,UPF,core-1,249,DONE,10.49671,10.50552,8.806200999970315,18.806200999970315,0.161,7.538,1.1072009999703152,5.0
S00007,Transcoder,core-1,119,DONE,10.49716,10.50559,8.431426000015563,18.431426000015563,0.238,7.779,0.4144260000155633,5.0
S00006,IMS-CSCF,core-1,227,DONE,10.4972,10.50559,8.38634800015825,20.38634800015825,0.639,6.97,0.7773480001582502,6.0
S00005,IMS-CSCF,core-1,240,DONE,10.49723,10.50558,8.345301999952426,18.345301999952426,0.282,7.305,0.7583019999524261,5.0
S00006,IMS-CSCF,core-1,228,DONE,10.51095,10.5141,3.1523269999524928,15.152326999952493,0.102,2.321,0.7293269999524927,6.0
S00001,vRAN-DU,edge-A,225,DONE,10.52039,10.52436,3.970375999870157,3.970375999870157,0.093,3.158,0.7193759998701572,0.0
S00004,UPF,core-1,225,DONE,10.52388,10.52742,3.5382539999773144,15.538253999977314,0.194,2.315,1.0292539999773145,6.0
S00008,Transcoder,core-1,114,DONE,10.52401,10.53309,9.081171999923754,21.081171999923754,0.389,6.219,2.4731719999237542,6.0
S00007,Transcoder,core-1,120,DONE,10.52742,10.53694,9.515426999996635,19.515426999996635,0.042,8.892,0.5814269999966353,5.0
S00007,Transcoder,core-1,121,DONE,10.53538,10.54426,8.871985000041605,18.871985000041605,0.16,7.714,0.997985000041604,5.0
S00009,IoT-GW,edge-A,226,DONE,10.53551,10.543,7.48451100002967,7.48451100002967,0.091,5.448,1.9455110000296694,0.0
S00009,IoT-GW,edge-A,227,DONE,10.53818,10.54425,6.067707000056544,6.067707000056544,3.535,1.279,1.2537070000565436,0.0
S00009,IoT-GW,edge-A,228,DONE,10.53856,10.54751,8.955434999961653,8.955434999961653,4.547,4.002,0.4064349999616539,0.0
S00007,Transcoder,core-1,122,DONE,10.54301,10.55201,9.000617999845417,19.000617999845417,0.068,7.698,1.2346179998454172,5.0
S00009,IoT-GW,edge-A,229,DONE,10.54646,10.54869,2.2344080000493705,2.2344080000493705,0.795,0.862,0.5774080000493705,0.0
S00004,UPF,core-1,226,DONE,10.55324,10.55697,3.7296800001058728,15.729680000105873,0.083,2.227,1.4196800001058727,6.0
S00008,Transcoder,core-1,115,DONE,10.55457,10.56258,8.012585999949806,20.012585999949806,0.068,7.29,0.6545859999498065,6.0
S00006,IMS-CSCF,core-1,229,DONE,10.55697,10.56259,5.617030999928829,17.61703099992883,0.053,5.0,0.5640309999288293,6.0
S00007,Transcoder,core-1,123,DONE,10.55828,10.56807,9.789675000092757,19.789675000092757,0.061,9.17,0.558675000092757,5.0
S00007,Transcoder,core-1,124,DONE,10.56934,10.57703,7.6914840001336415,17.69148400013364,0.083,6.282,1.3264840001336413,5.0
S00009,IoT-GW,edge-A,230,DONE,10.57546,10.57734,1.8826509999598784,1.8826509999598784,0.089,1.194,0.5996509999598785,0.0
S00006,IMS-CSCF,core-1,230,DONE,10.5877,10.59017,2.47036499990827,14.47036499990827,0.09,1.648,0.7323649999082702,6.0
S00010,IoT-GW,edge-B,218,DONE,10.59657,10.60003,3.4636310001587844,3.4636310001587844,0.088,1.442,1.9336310001587844,0.0
S00001,vRAN-DU,edge-A,226,DONE,10.60129,10.60531,4.018565000023955,4.018565000023955,0.134,3.171,0.7135650000239551,0.0
S00004,UPF,core-1,227,DONE,10.60753,10.61056,3.028538000080516,15.028538000080516,0.094,2.274,0.6605380000805163,6.0
S00009,IoT-GW,edge-A,231,DONE,10.61484,10.6171,2.2660340000584256,2.2660340000584256,0.088,1.29,0.8880340000584255,0.0
S00010,IoT-GW,edge-B,219,DONE,10.61831,10.62127,2.9529029998229817,2.9529029998229817,0.12,2.162,0.6709029998229816,0.0
S00008,Transcoder,core-1,116,DONE,10.61844,10.62907,10.627083999906972,22.627083999906972,0.137,9.891,0.5990839999069717,6.0
S00005,IMS-CSCF,core-1,241,DONE,10.62351,10.62626,2.745929000184333,12.745929000184333,0.087,2.067,0.5919290001843325,5.0
S00005,IMS-CSCF,core-1,242,DONE,10.62361,10.6288,5.190803999994387,15.190803999994387,2.489,1.895,0.8068039999943868,5.0
S00002,vRAN-DU,edge-B,216,DONE,10.62766,10.63217,4.510801000151332,4.510801000151332,0.088,3.753,0.6698010001513319,0.0
S00008,Transcoder,core-1,117,DONE,10.63335,10.64116,7.802347000051668,19.802347000051668,0.078,6.773,0.9513470000516682,6.0
S00001,vRAN-DU,edge-A,227,DONE,10.63781,10.6427,4.889649999995527,4.889649999995527,0.083,4.198,0.6086499999955262,0.0
S00002,vRAN-DU,edge-B,217,DONE,10.66517,10.67109,5.915883999932703,5.915883999932703,0.086,5.205,0.6248839999327025,0.0
S00005,IMS-CSCF,core-1,243,DONE,10.66865,10.67099,2.337636999982351,12.337636999982351,0.137,1.379,0.821636999982351,5.0
S00003,UPF,core-1,250,DONE,10.67531,10.67837,3.056427000046824,13.056427000046824,0.163,2.212,0.6814270000468241,5.0
S00005,IMS-CSCF,core-1,244,DONE,10.67965,10.68241,2.761777000159782,12.761777000159782,0.1,1.877,0.7847770001597818,5.0
S00003,UPF,core-1,251,DONE,10.67985,10.68276,2.9147239999929297,12.91472399999293,0.068,2.349,0.4977239999929295,5.0
S00010,IoT-GW,edge-B,220,DONE,10.68815,10.69247,4.325441999981194,4.325441999981194,0.081,1.6,2.644441999981194,0.0
S00009,IoT-GW,edge-A,232,DONE,10.6948,10.69657,1.7688499999621854,1.7688499999621854,0.086,1.15,0.5328499999621854,0.0
S00009,IoT-GW,edge-A,233,DONE,10.70342,10.70557,2.1451980001074844,2.1451980001074844,0.09,1.34,0.7151980001074845,0.0
S00007,Transcoder,core-1,125,DONE,10.71297,10.72002,7.053370999983599,17.0533709999836,0.091,6.201,0.7613709999835994,5.0
S00002,vRAN-DU,edge-B,218,DONE,10.7201,10.7238,3.703527999959988,3.703527999959988,0.085,2.926,0.6925279999599878,0.0
S00009,IoT-GW,edge-A,234,DONE,10.72246,10.72436,1.8984440000622271,1.8984440000622271,0.087,1.27,0.5414440000622271,0.0
S00010,IoT-GW,edge-B,221,DONE,10.72381,10.72554,1.7321010000159731,1.7321010000159731,0.056,1.274,0.40210100001597304,0.0
S00008,Transcoder,core-1,118,DONE,10.72981,10.73667,6.855127999870092,18.855127999870092,0.09,6.062,0.7031279998700919,6.0
S00006,IMS-CSCF,core-1,231,DONE,10.74402,10.74702,3.0052770000565943,15.005277000056594,0.09,2.119,0.7962770000565942,6.0
S00010,IoT-GW,edge-B,222,DONE,10.74938,10.75129,1.9054929998674197,1.9054929998674197,0.096,1.185,0.6244929998674196,0.0
S00006,IMS-CSCF,core-1,232,DONE,10.75078,10.75299,2.202258000124857,14.202258000124857,0.076,1.58,0.5462580001248569,6.0
S00002,vRAN-DU,edge-B,219,DONE,10.76948,10.77621,6.735791999972207,6.735791999972207,0.103,5.898,0.7347919999722077,0.0
S00010,IoT-GW,edge-B,223,DONE,10.76965,10.77341,3.764675999946121,3.764675999946121,0.189,2.911,0.6646759999461209,0.0
S00005,IMS-CSCF,core-1,245,DONE,10.77846,10.78064,2.1759109999948123,12.175910999994812,0.093,1.474,0.6089109999948124,5.0
S00002,vRAN-DU,edge-B,220,DONE,10.78909,10.79325,4.161000999829412,4.161000999829412,0.086,3.298,0.7770009998294114,0.0
S00005,IMS-CSCF,core-1,246,DONE,10.78931,10.79139,2.083312999957343,12.083312999957343,0.091,1.448,0.5443129999573431,5.0
S00007,Transcoder,core-1,126,DONE,10.79326,10.80014,6.882629000074303,16.882629000074303,0.065,6.284,0.5336290000743027,5.0
S00007,Transcoder,core-1,127,DONE,10.80541,10.81221,6.800131999852965,16.800131999852965,0.092,6.02,0.688131999852966,5.0
S00001,vRAN-DU,edge-A,228,DONE,10.82051,10.82417,3.6611779999020655,3.6611779999020655,0.095,2.833,0.7331779999020651,0.0
S00006,IMS-CSCF,core-1,233,DONE,10.82394,10.82793,3.985076999924786,15.985076999924786,0.084,1.667,2.2340769999247856,6.0
S00003,UPF,core-1,252,DONE,10.82534,10.82816,2.8192659999604075,12.819265999960407,0.058,2.418,0.3432659999604075,5.0
S00009,IoT-GW,edge-A,235,DONE,10.82934,10.83099,1.6522529999747348,1.6522529999747348,0.08,1.108,0.4642529999747347,0.0
S00001,vRAN-DU,edge-A,229,DONE,10.83421,10.83758,3.371719999904599,3.371719999904599,0.068,2.769,0.5347199999045986,0.0
S00006,IMS-CSCF,core-1,234,DONE,10.83759,10.84012,2.5348140000005515,14.534814000000551,0.088,1.899,0.5478140000005514,6.0
S00006,IMS-CSCF,core-1,235,DONE,10.83887,10.8431,4.225081999948088,16.225081999948088,0.989,1.193,2.0430819999480883,6.0
S00002,vRAN-DU,edge-B,221,DONE,10.84013,10.84336,3.234248000126172,3.234248000126172,0.081,2.722,0.43124800012617204,0.0
S00005,IMS-CSCF,core-1,247,DONE,10.84455,10.84656,2.003076999926634,12.003076999926634,0.067,1.397,0.539076999926634,5.0
S00005,IMS-CSCF,core-1,248,DONE,10.84981,10.85233,2.513961999966341,12.513961999966341,0.067,1.886,0.5609619999663409,5.0
S00003,UPF,core-1,253,DONE,10.85458,10.8609,6.310499999926833,16.310499999926833,0.115,5.313,0.882499999926833,5.0
S00010,IoT-GW,edge-B,224,DONE,10.85602,10.85826,2.2423119999075425,2.2423119999075425,0.113,1.431,0.6983119999075424,0.0
S00001,vRAN-DU,edge-A,230,DONE,10.8566,10.86095,4.350312000042322,4.350312000042322,0.119,3.436,0.7953120000423226,0.0
S00010,IoT-GW,edge-B,225,DONE,10.8595,10.86138,1.8764159999591357,1.8764159999591357,0.082,1.297,0.49741599995913566,0.0
S00006,IMS-CSCF,core-1,236,DONE,10.86566,10.86842,2.7559190000374656,14.755919000037466,0.126,1.811,0.8189190000374658,6.0
S00004,UPF,core-1,228,DONE,10.86842,10.87287,4.451010000138922,16.451010000138922,0.054,3.81,0.5870100001389216,6.0
S00002,vRAN-DU,edge-B,222,DONE,10.87509,10.87899,3.904970000121466,3.904970000121466,0.116,2.96,0.8289700001214659,0.0
S00009,IoT-GW,edge-A,236,DONE,10.87753,10.87968,2.144270999906439,2.144270999906439,0.122,1.332,0.6902709999064391,0.0
S00009,IoT-GW,edge-A,237,DONE,10.89017,10.89301,2.840671999820188,2.840671999820188,0.133,1.778,0.9296719998201879,0.0
S00003,UPF,core-1,254,DONE,10.90033,10.90413,3.800316999786446,13.800316999786446,0.131,2.424,1.245316999786446,5.0
S00007,Transcoder,core-1,128,DONE,10.90388,10.91657,12.68918499999927,22.68918499999927,0.066,12.147,0.4761849999992691,5.0
S00009,IoT-GW,edge-A,238,DONE,10.91453,10.91635,1.8204109999260254,1.8204109999260254,0.089,0.996,0.7354109999260254,0.0
S00002,vRAN-DU,edge-B,223,DONE,10.91835,10.92491,6.565546000047107,6.565546000047107,0.118,4.3,2.1475460000471065,0.0
S00009,IoT-GW,edge-A,239,DONE,10.91853,10.92185,3.3256009999149683,3.3256009999149683,0.099,2.604,0.622600999914968,0.0
S00008,Transcoder,core-1,119,DONE,10.92107,10.93632,15.253783999924053,27.253783999924053,0.405,14.163,0.6857839999240536,6.0
S00005,IMS-CSCF,core-1,249,DONE,10.92119,10.92687,5.679181999994398,15.679181999994398,0.474,4.646,0.5591819999943981,5.0
S00003,UPF,core-1,255,DONE,10.92911,10.9314,2.283791000081692,12.283791000081692,0.063,1.818,0.40279100008169166,5.0
S00001,vRAN-DU,edge-A,231,DONE,10.93568,10.94205,6.378769000093598,6.378769000093598,0.091,5.32,0.9677690000935977,0.0
S00001,vRAN-DU,edge-A,232,DONE,10.94055,10.94428,3.7273460000051273,3.7273460000051273,0.08,2.93,0.717346000005127,0.0
S00005,IMS-CSCF,core-1,250,DONE,10.94332,10.94577,2.4581110001236084,12.458111000123608,0.124,1.532,0.8021110001236083,5.0
S00006,IMS-CSCF,core-1,237,DONE,10.94436,10.94656,2.1987479999552306,14.19874799995523,0.179,1.53,0.4897479999552308,6.0
S00003,UPF,core-1,256,DONE,10.94578,10.94908,3.2969970000067406,13.29699700000674,0.199,2.264,0.8339970000067409,5.0
S00009,IoT-GW,edge-A,240,DONE,10.95138,10.95729,5.912141999942833,5.912141999942833,0.197,4.742,0.9731419999428326,0.0
S00001,vRAN-DU,edge-A,233,DONE,10.95153,10.95739,5.858783999883599,5.858783999883599,0.082,5.291,0.48578399988359866,0.0
S00009,IoT-GW,edge-A,241,DONE,10.9618,10.9633,1.4987429999564483,1.4987429999564483,0.063,0.897,0.5387429999564484,0.0
S00005,IMS-CSCF,core-1,251,DONE,10.96197,10.96508,3.1165010000222537,13.116501000022254,0.116,2.441,0.5595010000222538,5.0
S00009,IoT-GW,edge-A,242,DONE,10.96728,10.9693,2.0185509999919304,2.0185509999919304,0.089,1.31,0.6195509999919304,0.0
S00001,vRAN-DU,edge-A,234,DONE,10.96931,10.97418,4.871960999935254,4.871960999935254,0.051,4.293,0.5279609999352539,0.0
S00004,UPF,core-1,229,DONE,10.98453,10.98801,3.4798239998963254,15.479823999896325,0.13,2.419,0.9308239998963255,6.0
S00009,IoT-GW,edge-A,243,DONE,10.99951,11.00242,2.9174180001518835,2.9174180001518835,0.112,1.96,0.8454180001518834,0.0
S00002,vRAN-DU,edge-B,224,DONE,11.00468,11.01037,5.69276499982152,5.69276499982152,0.109,4.744,0.8397649998215204,0.0
S00004,UPF,core-1,230,DONE,11.01477,11.02108,6.310856000027343,18.310856000027343,0.148,5.036,1.1268560000273435,6.0
S00008,Transcoder,core-1,120,DONE,11.01495,11.02896,14.007648999950106,26.007648999950106,0.24,13.073,0.6946489999501058,6.0
S00002,vRAN-DU,edge-B,225,DONE,11.02541,11.03149,6.0770680001951405,6.0770680001951405,0.12,5.182,0.77506800019514,0.0
S00009,IoT-GW,edge-A,244,DONE,11.02555,11.02873,3.1864720001522073,3.1864720001522073,0.088,1.848,1.2504720001522072,0.0
S00004,UPF,core-1,231,DONE,11.02884,11.03149,2.651453999988007,14.651453999988007,0.075,2.129,0.44745399998800695,6.0
S00001,vRAN-DU,edge-A,235,DONE,11.05191,11.05591,3.994040999941717,3.994040999941717,0.127,2.987,0.8800409999417171,0.0
S00002,vRAN-DU,edge-B,226,DONE,11.0723,11.07912,6.824273000120229,6.824273000120229,0.094,3.482,3.2482730001202285,0.0
S00008,Transcoder,core-1,121,DONE,11.07247,11.07985,7.381007000049067,19.381007000049067,0.138,6.471,0.7720070000490669,6.0
S00001,vRAN-DU,edge-A,236,DONE,11.07308,11.08064,7.558863999975074,7.558863999975074,0.083,6.811,0.6648639999750738,0.0
S00008,Transcoder,core-1,122,DONE,11.07914,11.08552,6.384986000057324,18.384986000057324,0.051,5.72,0.6139860000573245,6.0
S00010,IoT-GW,edge-B,226,DONE,11.07923,11.08254,3.3084750000398344,3.3084750000398344,0.069,2.079,1.1604750000398343,0.0
S00010,IoT-GW,edge-B,227,DONE,11.08064,11.08288,2.2410089998174954,2.2410089998174954,0.052,0.867,1.3220089998174953,0.0
S00010,IoT-GW,edge-B,228,DONE,11.08892,11.09118,2.2589249999782623,2.2589249999782623,0.068,1.575,0.6159249999782623,0.0
S00001,vRAN-DU,edge-A,237,DONE,11.09338,11.09712,3.733917999852565,3.733917999852565,0.114,2.782,0.8379179998525652,0.0
S00002,vRAN-DU,edge-B,227,DONE,11.10138,11.10563,4.246797000178049,4.246797000178049,0.082,3.568,0.5967970001780487,0.0
S00006,IMS-CSCF,core-1,238,DONE,11.10375,11.10579,2.0345620000625786,14.034562000062579,0.085,1.337,0.6125620000625787,6.0
S00005,IMS-CSCF,core-1,252,DONE,11.10564,11.10728,1.644806000058452,11.644806000058452,0.052,1.262,0.33080600005845184,5.0
S00009,IoT-GW,edge-A,245,DONE,11.10698,11.10867,1.687614000047688,1.687614000047688,0.082,1.061,0.544614000047688,0.0
S00004,UPF,core-1,232,DONE,11.10845,11.11133,2.8799140000046464,14.879914000004646,0.219,2.145,0.5159140000046465,6.0
S00010,IoT-GW,edge-B,229,DONE,11.10986,11.11239,2.538410999932239,2.538410999932239,0.064,2.058,0.4164109999322392,0.0
S00009,IoT-GW,edge-A,246,DONE,11.11025,11.1126,2.3471550000522257,2.3471550000522257,0.055,1.444,0.8481550000522255,0.0
S00001,vRAN-DU,edge-A,238,DONE,11.12296,11.12661,3.6513719999220484,3.6513719999220484,0.085,2.878,0.6883719999220483,0.0
S00006,IMS-CSCF,core-1,239,DONE,11.12888,11.13105,2.161499000067124,14.161499000067124,0.088,1.515,0.5584990000671242,6.0
S00008,Transcoder,core-1,123,DONE,11.13329,11.14065,7.35880599995653,19.35880599995653,0.148,6.018,1.1928059999565308,6.0
S00005,IMS-CSCF,core-1,253,DONE,11.13341,11.13554,2.124653999999282,12.124653999999282,0.213,1.389,0.5226539999992819,5.0
S00007,Transcoder,core-1,129,DONE,11.14066,11.14829,7.630806999941342,17.630806999941342,0.064,6.808,0.758806999941342,5.0
S00006,IMS-CSCF,core-1,240,DONE,11.15367,11.15651,2.84128199996303,14.84128199996303,0.135,1.842,0.8642819999630302,6.0
S00009,IoT-GW,edge-A,247,DONE,11.15516,11.15809,2.934840999841981,2.934840999841981,0.129,2.123,0.6828409998419809,0.0
S00009,IoT-GW,edge-A,248,DONE,11.16031,11.16266,2.344768000057229,2.344768000057229,0.196,1.509,0.639768000057229,0.0
S00004,UPF,core-1,233,DONE,11.16999,11.17381,3.8158779998411774,15.815877999841177,0.133,2.524,1.1588779998411773,6.0
S00009,IoT-GW,edge-A,249,DONE,11.1735,11.17604,2.545756000017718,2.545756000017718,0.084,1.764,0.6977560000177181,0.0
S00001,vRAN-DU,edge-A,239,DONE,11.17826,11.18187,3.6169119998703536,3.6169119998703536,0.156,2.782,0.6789119998703534,0.0
S00004,UPF,core-1,234,DONE,11.17961,11.18267,3.0577499999253632,15.057749999925363,0.096,2.302,0.6597499999253631,6.0
S00005,IMS-CSCF,core-1,254,DONE,11.18792,11.18998,2.059958000018014,12.059958000018014,0.076,1.495,0.4889580000180138,5.0
S00002,vRAN-DU,edge-B,228,DONE,11.19119,11.19458,3.3911309999439254,3.3911309999439254,0.082,2.754,0.5551309999439256,0.0
S00001,vRAN-DU,edge-A,240,DONE,11.19786,11.20205,4.19403300020349,4.19403300020349,0.085,3.547,0.5620330002034897,0.0
S00009,IoT-GW,edge-A,250,DONE,11.20633,11.20823,1.8949519999296172,1.8949519999296172,0.133,1.18,0.5819519999296172,0.0
S00004,UPF,core-1,235,DONE,11.20944,11.21293,3.489876000003278,15.489876000003278,0.101,1.992,1.396876000003278,6.0
S00003,UPF,core-1,257,DONE,11.21078,11.21328,2.5001429999065294,12.50014299990653,0.057,2.097,0.3461429999065295,5.0
S00003,UPF,core-1,258,DONE,11.21447,11.21748,3.0061229999773786,13.006122999977379,0.08,2.342,0.5841229999773785,5.0
S00002,vRAN-DU,edge-B,229,DONE,11.21749,11.22128,3.7987159998920106,3.7987159998920106,0.084,3.055,0.6597159998920104,0.0
S00005,IMS-CSCF,core-1,255,DONE,11.2236,11.22631,2.7137079998738045,12.713707999873805,0.142,1.924,0.6477079998738047,5.0
S00005,IMS-CSCF,core-1,256,DONE,11.2238,11.22819,4.385504000083529,14.385504000083529,1.97,1.375,1.040504000083529,5.0
S00010,IoT-GW,edge-B,230,DONE,11.22754,11.22984,2.3014580001472495,2.3014580001472495,0.099,1.473,0.7294580001472493,0.0
S00001,vRAN-DU,edge-A,241,DONE,11.23407,11.2382,4.129978000037227,4.129978000037227,0.099,3.283,0.7479780000372265,0.0
S00002,vRAN-DU,edge-B,230,DONE,11.23821,11.24318,4.968905999930939,4.968905999930939,0.089,4.215,0.664905999930939,0.0
S00010,IoT-GW,edge-B,231,DONE,11.24655,11.24858,2.0338299998456932,2.0338299998456932,0.101,1.213,0.7198299998456932,0.0
S00009,IoT-GW,edge-A,251,DONE,11.25095,11.25351,2.563235000025088,2.563235000025088,0.09,1.669,0.8042350000250882,0.0
S00006,IMS-CSCF,core-1,241,DONE,11.25884,11.26137,2.5290749999840045,14.529074999984005,0.12,1.67,0.7390749999840045,6.0
S00007,Transcoder,core-1,130,DONE,11.26384,11.27082,6.983482000123331,16.98348200012333,0.066,6.322,0.5954820001233312,5.0
S00003,UPF,core-1,259,DONE,11.27212,11.2748,2.6818960000127845,12.681896000012784,0.061,2.058,0.5628960000127847,5.0
S00007,Transcoder,core-1,131,DONE,11.29213,11.3002,8.065752999982578,18.06575299998258,0.091,7.07,0.9047529999825779,5.0
S00003,UPF,core-1,260,DONE,11.2966,11.30124,4.636881000124049,14.636881000124049,0.099,3.823,0.7148810001240489,5.0
S00010,IoT-GW,edge-B,232,DONE,11.29804,11.30017,2.1251570001368236,2.1251570001368236,0.077,1.147,0.9011570001368236,0.0
S00002,vRAN-DU,edge-B,231,DONE,11.30557,11.31058,5.003294999823993,5.003294999823993,0.087,3.803,1.1132949998239932,0.0
S00005,IMS-CSCF,core-1,257,DONE,11.30575,11.30887,3.12265299999126,13.12265299999126,0.162,1.371,1.58965299999126,5.0
S00005,IMS-CSCF,core-1,258,DONE,11.31299,11.31497,1.9799780000084866,11.979978000008487,0.078,1.449,0.4529780000084864,5.0
S00009,IoT-GW,edge-A,252,DONE,11.31311,11.31493,1.8199510000158625,1.8199510000158625,0.083,1.302,0.4349510000158625,0.0
S00007,Transcoder,core-1,132,DONE,11.32639,11.3356,9.209251999891421,19.20925199989142,0.119,8.145,0.945251999891422,5.0
S00005,IMS-CSCF,core-1,259,DONE,11.32679,11.32933,2.531211999894367,12.531211999894367,0.178,1.807,0.5462119998943673,5.0
S00010,IoT-GW,edge-B,233,DONE,11.33991,11.34208,2.1734310000738333,2.1734310000738333,0.115,1.322,0.736431000073833,0.0
S00009,IoT-GW,edge-A,253,DONE,11.34327,11.34516,1.890204000119411,1.890204000119411,0.09,1.233,0.5672040001194107,0.0
S00003,UPF,core-1,261,DONE,11.35556,11.36124,5.682580999973652,15.682580999973652,0.108,4.792,0.7825809999736526,5.0
S00007,Transcoder,core-1,133,DONE,11.35579,11.36305,7.260427000119307,17.260427000119307,0.183,6.597,0.48042700011930695,5.0
S00003,UPF,core-1,262,DONE,11.36729,11.37015,2.859878999970533,12.859878999970533,0.073,2.223,0.5638789999705334,5.0
S00008,Transcoder,core-1,124,DONE,11.37339,11.38037,6.9789090000540455,18.978909000054045,0.109,6.286,0.5839090000540459,6.0
S00008,Transcoder,core-1,125,DONE,11.38262,11.3919,9.285187999921618,21.285187999921618,0.074,8.715,0.49618799992161833,6.0
S00002,vRAN-DU,edge-B,232,DONE,11.38279,11.38617,3.3825960001649946,3.3825960001649946,0.077,2.727,0.5785960001649948,0.0
S00005,IMS-CSCF,core-1,260,DONE,11.38591,11.38763,1.7254019999199954,11.725401999919995,0.067,1.161,0.49740199991999545,5.0
S00003,UPF,core-1,263,DONE,11.38897,11.39166,2.6861169999392587,12.686116999939259,0.057,1.957,0.6721169999392587,5.0
S00008,Transcoder,core-1,126,DONE,11.39618,11.40358,7.399230999908468,19.399230999908468,0.07,6.381,0.9482309999084677,6.0
S00004,UPF,core-1,236,DONE,11.40057,11.40359,3.0175249999047082,15.017524999904708,0.067,2.077,0.8735249999047081,6.0
S00010,IoT-GW,edge-B,234,DONE,11.40298,11.40484,1.8585160000839096,1.8585160000839096,0.078,1.218,0.5625160000839096,0.0
S00004,UPF,core-1,237,DONE,11.41618,11.41985,3.674323000041113,15.674323000041113,0.099,2.446,1.1293230000411127,6.0
S00005,IMS-CSCF,core-1,261,DONE,11.42522,11.42822,3.0024330001197086,13.002433000119709,0.094,2.239,0.6694330001197089,5.0
S00006,IMS-CSCF,core-1,242,DONE,11.42973,11.43246,2.7270210000551742,14.727021000055174,0.126,2.116,0.48502100005517423,6.0
S00005,IMS-CSCF,core-1,262,DONE,11.42991,11.43272,2.8133659998275107,12.81336599982751,0.226,1.823,0.7643659998275107,5.0
S00010,IoT-GW,edge-B,235,DONE,11.4319,11.43425,2.3428029999195132,2.3428029999195132,0.091,1.557,0.6948029999195131,0.0
S00004,UPF,core-1,238,DONE,11.43273,11.4369,4.1684160000841075,16.168416000084108,0.055,3.504,0.6094160000841078,6.0
S00005,IMS-CSCF,core-1,263,DONE,11.44108,11.44353,2.445686999863028,12.445686999863028,0.079,1.792,0.574686999863028,5.0
S00002,vRAN-DU,edge-B,233,DONE,11.44578,11.44959,3.8039759999719536,3.8039759999719536,0.08,3.111,0.6129759999719533,0.0
S00006,IMS-CSCF,core-1,243,DONE,11.44965,11.45208,2.427772999908484,14.427772999908484,0.079,1.738,0.6107729999084839,6.0
S00003,UPF,core-1,264,DONE,11.451,11.45407,3.0677950001063437,13.067795000106344,0.105,2.426,0.5367950001063435,5.0
S00004,UPF,core-1,239,DONE,11.45407,11.4573,3.2272430000830354,15.227243000083035,0.056,2.648,0.5232430000830353,6.0
S00006,IMS-CSCF,core-1,244,DONE,11.45538,11.45731,1.9225020000703807,13.92250200007038,0.051,1.339,0.5325020000703808,6.0
S00005,IMS-CSCF,core-1,264,DONE,11.45731,11.46107,3.7576430001990957,13.757643000199096,0.046,3.361,0.35064300019909567,5.0
S00003,UPF,core-1,265,DONE,11.4588,11.46108,2.274840999916705,12.274840999916705,0.045,1.87,0.35984099991670515,5.0
S00010,IoT-GW,edge-B,236,DONE,11.46635,11.47007,3.7196650000623777,3.7196650000623777,0.122,2.798,0.7996650000623777,0.0
S00001,vRAN-DU,edge-A,242,DONE,11.46648,11.47065,4.167382999867186,4.167382999867186,0.086,3.314,0.7673829998671859,0.0
S00004,UPF,core-1,240,DONE,11.4699,11.47395,4.052044999980353,16.052044999980353,0.084,2.915,1.053044999980353,6.0
S00010,IoT-GW,edge-B,237,DONE,11.47066,11.47215,1.4912139999978535,1.4912139999978535,0.076,1.042,0.37321399999785343,0.0
S00008,Transcoder,core-1,127,DONE,11.47722,11.48562,8.39994500006469,20.39994500006469,0.129,7.551,0.7199450000646905,6.0
S00002,vRAN-DU,edge-B,234,DONE,11.47738,11.48146,4.073226999935287,4.073226999935287,0.148,3.381,0.5442269999352867,0.0
S00003,UPF,core-1,266,DONE,11.4808,11.48416,3.3652989998245175,13.365298999824518,0.132,2.214,1.0192989998245174,5.0
S00010,IoT-GW,edge-B,238,DONE,11.48887,11.49085,1.9754359998387372,1.9754359998387372,0.088,1.254,0.6334359998387371,0.0
S00001,vRAN-DU,edge-A,243,DONE,11.49307,11.49657,3.494979999913994,3.494979999913994,0.085,2.846,0.5639799999139941,0.0
S00005,IMS-CSCF,core-1,265,DONE,11.49441,11.5007,6.292276000067432,16.29227600006743,0.093,3.946,2.2532760000674315,5.0
S00007,Transcoder,core-1,134,DONE,11.49657,11.50463,8.059143000082258,18.05914300008226,0.057,6.434,1.5681430000822578,5.0
S00003,UPF,core-1,267,DONE,11.49996,11.50495,4.989166999848749,14.989166999848749,0.095,3.997,0.897166999848749,5.0
S00010,IoT-GW,edge-B,239,DONE,11.50496,11.50689,1.934236999886707,1.934236999886707,0.082,1.282,0.570236999886707,0.0
S00010,IoT-GW,edge-B,240,DONE,11.51419,11.51622,2.026279999881808,2.026279999881808,0.077,1.318,0.6312799998818082,0.0
S00004,UPF,core-1,241,DONE,11.51744,11.5205,3.0647819999103376,15.064781999910338,0.115,2.203,0.7467819999103376,6.0
S00008,Transcoder,core-1,128,DONE,11.52051,11.52721,6.69722400016326,18.69722400016326,0.062,5.935,0.70022400016326,6.0
S00002,vRAN-DU,edge-B,235,DONE,11.52721,11.53118,3.9648599999964063,3.9648599999964063,0.082,3.173,0.7098599999964064,0.0
S00007,Transcoder,core-1,135,DONE,11.5466,11.55424,7.647048000080758,17.64704800008076,0.098,6.435,1.1140480000807589,5.0
S00002,vRAN-DU,edge-B,236,DONE,11.55425,11.55794,3.692001999979766,3.692001999979766,0.086,2.968,0.6380019999797661,0.0
S00006,IMS-CSCF,core-1,245,DONE,11.55682,11.55894,2.113851999865801,14.113851999865801,0.081,1.572,0.46085199986580117,6.0
S00004,UPF,core-1,242,DONE,11.57324,11.57636,3.1241740000496065,15.124174000049607,0.174,2.265,0.6851740000496065,6.0
S00006,IMS-CSCF,core-1,246,DONE,11.59872,11.60124,2.5106799998866336,14.510679999886634,0.09,1.611,0.8096799998866337,6.0
S00006,IMS-CSCF,core-1,247,DONE,11.60549,11.60811,2.6176960000157123,14.617696000015712,0.091,1.725,0.8016960000157121,6.0
S00005,IMS-CSCF,core-1,266,DONE,11.61243,11.61492,2.4917989999266865,12.491798999926687,0.081,1.669,0.7417989999266865,5.0
S00009,IoT-GW,edge-A,254,DONE,11.61614,11.61809,1.9468890000098327,1.9468890000098327,0.087,1.324,0.5358890000098326,0.0
S00002,vRAN-DU,edge-B,237,DONE,11.62233,11.62596,3.6339790001420624,3.6339790001420624,0.116,3.012,0.5059790001420623,0.0
S00006,IMS-CSCF,core-1,248,DONE,11.62469,11.62752,2.830208999966999,14.830208999966999,0.156,1.53,1.1442089999669987,6.0
S00002,vRAN-DU,edge-B,238,DONE,11.63082,11.63955,8.736105000025418,8.736105000025418,0.081,6.059,2.5961050000254184,0.0
S00007,Transcoder,core-1,136,DONE,11.63093,11.63956,8.631087999901865,18.631087999901865,0.082,6.295,2.2540879999018646,5.0
S00007,Transcoder,core-1,137,DONE,11.63102,11.63979,8.771106999802214,18.771106999802214,0.123,7.978,0.6701069998022149,5.0
S00005,IMS-CSCF,core-1,267,DONE,11.64712,11.65296,5.836547999933828,15.836547999933828,0.091,5.026,0.7195479999338277,5.0
S00007,Transcoder,core-1,138,DONE,11.64725,11.65973,12.476040999899851,22.47604099989985,0.142,11.617,0.7170409998998508,5.0
S00009,IoT-GW,edge-A,255,DONE,11.64729,11.65175,4.45837000006577,4.45837000006577,0.078,3.823,0.5573700000657698,0.0
S00002,vRAN-DU,edge-B,239,DONE,11.64944,11.6536,4.1599329999826296,4.1599329999826296,0.106,3.254,0.7999329999826297,0.0
S00003,UPF,core-1,268,DONE,11.65297,11.65995,6.988769999907163,16.988769999907163,0.05,6.076,0.8627699999071634,5.0
S00002,vRAN-DU,edge-B,240,DONE,11.65974,11.66504,5.304442000124254,5.304442000124254,0.08,4.71,0.5144420001242542,0.0
S00003,UPF,core-1,269,DONE,11.66115,11.66386,2.706007999904614,12.706007999904614,0.068,2.192,0.4460079999046136,5.0
S00003,UPF,core-1,270,DONE,11.66928,11.67227,2.997540999785997,12.997540999785997,0.165,2.206,0.626540999785997,5.0
S00005,IMS-CSCF,core-1,268,DONE,11.67355,11.67538,1.828909999858297,11.828909999858297,0.057,1.342,0.4299099998582969,5.0
S00009,IoT-GW,edge-A,256,DONE,11.67756,11.67934,1.7749360001744208,1.7749360001744208,0.083,1.08,0.6119360001744207,0.0
S00003,UPF,core-1,271,DONE,11.68967,11.69248,2.805438999985199,12.8054389999852,0.084,2.072,0.649438999985199,5.0
S00007,Transcoder,core-1,139,DONE,11.69248,11.70696,14.479333000053884,24.479333000053884,0.078,7.829,6.572333000053885,5.0
S00004,UPF,core-1,243,DONE,11.69585,11.70697,11.120257999891692,23.12025799989169,0.273,4.872,5.975257999891692,6.0
S00009,IoT-GW,edge-A,257,DONE,11.69597,11.70024,4.27642099998593,4.27642099998593,0.081,3.662,0.5334209999859301,0.0
S00002,vRAN-DU,edge-B,241,DONE,11.70351,11.70896,5.454646000089269,5.454646000089269,0.061,3.483,1.9106460000892693,0.0
S00009,IoT-GW,edge-A,258,DONE,11.71217,11.71394,1.76904599993577,1.76904599993577,0.08,1.169,0.5200459999357698,0.0
S00009,IoT-GW,edge-A,259,DONE,11.71346,11.71523,1.77366399998391,1.77366399998391,0.061,1.041,0.67166399998391,0.0
S00001,vRAN-DU,edge-A,244,DONE,11.7164,11.71956,3.162421999832077,3.162421999832077,0.048,2.752,0.362421999832077,0.0
S00008,Transcoder,core-1,129,DONE,11.73392,11.75076,16.840587999922718,28.840587999922718,0.116,15.92,0.8045879999227186,6.0
S00002,vRAN-DU,edge-B,242,DONE,11.73407,11.75062,16.558142999883785,16.558142999883785,0.107,13.168,3.283142999883786,0.0
S00001,vRAN-DU,edge-A,245,DONE,11.73939,11.74357,4.180932999815923,4.180932999815923,0.08,3.56,0.5409329998159227,0.0
S00010,IoT-GW,edge-B,241,DONE,11.7395,11.75061,11.112563000096998,11.112563000096998,0.08,10.149,0.8835630000969985,0.0
S00007,Transcoder,core-1,140,DONE,11.74176,11.75506,13.292456000044695,23.292456000044695,0.079,12.858,0.35545600004469335,5.0
S00005,IMS-CSCF,core-1,269,DONE,11.743,11.75399,10.99842799999351,20.99842799999351,0.159,3.032,7.807427999993509,5.0
S00004,UPF,core-1,244,DONE,11.74309,11.75305,9.953396000128123,21.953396000128123,0.097,1.961,7.895396000128123,6.0
S00002,vRAN-DU,edge-B,243,DONE,11.75305,11.75642,3.3680530000310682,3.3680530000310682,0.066,2.815,0.48705300003106844,0.0
S00003,UPF,core-1,272,DONE,11.7577,11.76173,4.029611000078148,14.029611000078148,0.059,3.447,0.523611000078148,5.0
S00009,IoT-GW,edge-A,260,DONE,11.76174,11.76377,2.0348700002159603,2.0348700002159603,0.106,1.315,0.6138700002159603,0.0
S00009,IoT-GW,edge-A,261,DONE,11.76304,11.76519,2.152768000087235,2.152768000087235,0.243,1.173,0.7367680000872352,0.0
S00002,vRAN-DU,edge-B,244,DONE,11.76643,11.77432,7.886773000109315,7.886773000109315,0.08,7.151,0.6557730001093152,0.0
S00002,vRAN-DU,edge-B,245,DONE,11.76775,11.77312,5.363299000009647,5.363299000009647,0.062,4.773,0.528299000009647,0.0
S00009,IoT-GW,edge-A,262,DONE,11.76782,11.77213,4.308524999942165,4.308524999942165,0.05,1.691,2.567524999942165,0.0
S00009,IoT-GW,edge-A,263,DONE,11.769,11.77359,4.588387000012517,4.588387000012517,0.815,3.154,0.6193870000125172,0.0
S00009,IoT-GW,edge-A,264,DONE,11.77213,11.77728,5.144772999983616,5.144772999983616,0.718,3.595,0.8317729999836154,0.0
S00006,IMS-CSCF,core-1,249,DONE,11.77219,11.77705,4.856177000192474,16.856177000192474,0.141,2.576,2.139177000192474,6.0
S00009,IoT-GW,edge-A,265,DONE,11.77223,11.77888,6.649682999977813,6.649682999977813,4.468,1.503,0.678682999977813,0.0
S00004,UPF,core-1,245,DONE,11.7723,11.77894,6.630533999896215,18.630533999896215,0.211,5.177,1.2425339998962155,6.0
S00009,IoT-GW,edge-A,266,DONE,11.77432,11.78192,7.594350000090344,7.594350000090344,4.545,2.69,0.35935000009034423,0.0
S00004,UPF,core-1,246,DONE,11.77706,11.78249,5.434078000007503,17.434078000007503,1.419,3.381,0.6340780000075026,6.0
S00002,vRAN-DU,edge-B,246,DONE,11.78575,11.7906,4.849835999948482,4.849835999948482,0.133,3.844,0.872835999948482,0.0
S00004,UPF,core-1,247,DONE,11.81403,11.82059,6.561444999988453,18.561444999988453,0.149,4.692,1.7204449999884526,6.0
S00003,UPF,core-1,273,DONE,11.82692,11.83021,3.2962450000013632,13.296245000001363,0.095,2.474,0.7272450000013628,5.0
S00006,IMS-CSCF,core-1,250,DONE,11.83551,11.83806,2.5502529999812396,14.55025299998124,0.082,1.892,0.5762529999812398,6.0
S00008,Transcoder,core-1,130,DONE,11.83702,11.84384,6.821594000030018,18.821594000030018,0.109,6.241,0.4715940000300183,6.0
S00005,IMS-CSCF,core-1,270,DONE,11.84128,11.8447,3.426986000022225,13.426986000022225,0.067,2.89,0.4699860000222249,5.0
S00005,IMS-CSCF,core-1,271,DONE,11.84593,11.84807,2.1478589999333053,12.147858999933305,0.067,1.512,0.5688589999333051,5.0
S00005,IMS-CSCF,core-1,272,DONE,11.85439,11.857,2.613177000057476,12.613177000057476,0.077,1.742,0.7941770000574762,5.0
S00009,IoT-GW,edge-A,267,DONE,11.86132,11.86301,1.693283000122392,1.693283000122392,0.086,0.958,0.6492830001223919,0.0
S00005,IMS-CSCF,core-1,273,DONE,11.86149,11.86331,1.8160590000206867,11.816059000020687,0.082,1.262,0.47205900002068657,5.0
S00009,IoT-GW,edge-A,268,DONE,11.86657,11.86896,2.381549000119776,2.381549000119776,0.079,1.764,0.5385490001197757,0.0
S00010,IoT-GW,edge-B,242,DONE,11.87017,11.87213,1.9580780001433595,1.9580780001433595,0.086,1.29,0.5820780001433594,0.0
S00002,vRAN-DU,edge-B,247,DONE,11.87849,11.88457,6.081454999957714,6.081454999957714,0.073,5.348,0.6604549999577136,0.0
S00006,IMS-CSCF,core-1,251,DONE,11.88468,11.88935,4.67642400008117,16.67642400008117,0.139,2.528,2.0094240000811694,6.0
S00005,IMS-CSCF,core-1,274,DONE,11.88486,11.88974,4.8798129998886,14.8798129998886,0.225,3.237,1.4178129998886,5.0
S00004,UPF,core-1,248,DONE,11.89506,11.8987,3.63731600009487,15.63731600009487,0.067,3.004,0.5663160000948699,6.0
S00001,vRAN-DU,edge-A,246,DONE,11.8999,11.90726,7.360265999977855,7.360265999977855,0.108,6.578,0.6742659999778553,0.0
S00005,IMS-CSCF,core-1,275,DONE,11.90001,11.903,2.9916080000020884,12.991608000002088,0.06,1.76,1.1716080000020883,5.0
S00006,IMS-CSCF,core-1,252,DONE,11.90157,11.90461,3.0443489999925077,15.044348999992508,0.047,2.157,0.8403489999925076,6.0
S00009,IoT-GW,edge-A,269,DONE,11.90171,11.90546,3.756374999966283,3.756374999966283,0.162,2.291,1.3033749999662834,0.0
S00002,vRAN-DU,edge-B,248,DONE,11.90679,11.9112,4.4056799999907525,4.4056799999907525,0.121,3.375,0.9096799999907521,0.0
S00009,IoT-GW,edge-A,270,DONE,11.90733,11.91079,3.4662609998576954,3.4662609998576954,0.076,1.36,2.0302609998576955,0.0
S00001,vRAN-DU,edge-A,247,DONE,11.91747,11.92278,5.31214100010402,5.31214100010402,0.102,4.492,0.71814100010402,0.0
S00001,vRAN-DU,edge-A,248,DONE,11.92206,11.9274,5.338197000128275,5.338197000128275,0.079,4.238,1.021197000128275,0.0
S00010,IoT-GW,edge-B,243,DONE,11.94183,11.94459,2.759287000117183,2.759287000117183,0.115,1.798,0.8462870001171829,0.0
S00010,IoT-GW,edge-B,244,DONE,11.95998,11.96274,2.7535860001535184,2.7535860001535184,0.09,1.864,0.7995860001535184,0.0
S00005,IMS-CSCF,core-1,276,DONE,11.96601,11.96854,2.5296500000422384,12.529650000042238,0.15,1.621,0.7586500000422385,5.0
S00005,IMS-CSCF,core-1,277,DONE,11.96736,11.97081,3.4511450000991317,13.451145000099132,0.589,2.156,0.7061450000991316,5.0
S00002,vRAN-DU,edge-B,249,DONE,11.96747,11.97169,4.215377000036824,4.215377000036824,0.09,3.284,0.8413770000368244,0.0
S00010,IoT-GW,edge-B,245,DONE,11.9717,11.97415,2.4556020000545686,2.4556020000545686,0.065,0.933,1.4576020000545686,0.0
S00005,IMS-CSCF,core-1,278,DONE,11.97184,11.97434,2.4951880000116944,12.495188000011694,0.099,1.987,0.4091880000116941,5.0
S00002,vRAN-DU,edge-B,250,DONE,11.97562,11.98123,5.60974800009717,5.60974800009717,0.064,4.887,0.6587480000971704,0.0
S00001,vRAN-DU,edge-A,249,DONE,11.9936,11.99787,4.263268999920911,4.263268999920911,0.12,3.167,0.9762689999209107,0.0
S00002,vRAN-DU,edge-B,251,DONE,12.00431,12.01032,6.009601000187104,6.009601000187104,0.093,5.048,0.8686010001871036,0.0
S00003,UPF,core-1,274,DONE,12.01355,12.01681,3.2546280001497507,13.25462800014975,0.122,2.297,0.8356280001497507,5.0
S00009,IoT-GW,edge-A,271,DONE,12.04228,12.04438,2.092445000016596,2.092445000016596,0.091,1.228,0.773445000016596,0.0
S00007,Transcoder,core-1,141,DONE,12.04251,12.05534,12.837246999879426,22.837246999879426,0.318,11.743,0.7762469998794259,5.0
S00009,IoT-GW,edge-A,272,DONE,12.06577,12.06853,2.761392000138585,2.761392000138585,0.142,1.574,1.045392000138585,0.0
S00004,UPF,core-1,249,DONE,12.06596,12.0692,3.2399490000898368,15.239949000089837,0.111,2.488,0.6409490000898366,6.0
S00009,IoT-GW,edge-A,273,DONE,12.09175,12.09895,7.199804000038057,7.199804000038057,0.089,1.853,5.257804000038057,0.0
S00001,vRAN-DU,edge-A,250,DONE,12.09904,12.10573,6.690538999919227,6.690538999919227,0.13,5.699,0.8615389999192269,0.0
S00002,vRAN-DU,edge-B,252,DONE,12.102,12.10749,5.4885040001408925,5.4885040001408925,0.108,4.754,0.6265040001408932,0.0
S00002,vRAN-DU,edge-B,253,DONE,12.10545,12.10995,4.495762999795261,4.495762999795261,0.105,3.542,0.8487629997952606,0.0
S00002,vRAN-DU,edge-B,254,DONE,12.10976,12.11635,6.5982670000721555,6.5982670000721555,0.049,5.382,1.1672670000721554,0.0
S00009,IoT-GW,edge-A,274,DONE,12.11117,12.11576,4.586965000044074,4.586965000044074,0.084,3.98,0.5229650000440746,0.0
S00002,vRAN-DU,edge-B,255,DONE,12.1124,12.1152,2.7981659998204123,2.7981659998204123,0.045,2.403,0.3501659998204123,0.0
S00007,Transcoder,core-1,142,DONE,12.12366,12.13499,11.333639999975276,21.333639999975276,0.116,10.555,0.6626399999752763,5.0
S00004,UPF,core-1,250,DONE,12.12891,12.13395,5.03403800007618,17.03403800007618,0.14,4.069,0.8250380000761801,6.0
S00001,vRAN-DU,edge-A,251,DONE,12.12904,12.13225,3.2085109999115957,3.2085109999115957,0.083,2.595,0.5305109999115953,0.0
S00006,IMS-CSCF,core-1,253,DONE,12.1291,12.13482,5.720502000031047,17.720502000031047,0.247,4.859,0.614502000031047,6.0
S00004,UPF,core-1,251,DONE,12.1372,12.14058,3.3792229999107803,15.37922299991078,0.148,2.428,0.8032229999107803,6.0
S00002,vRAN-DU,edge-B,256,DONE,12.14059,12.14573,5.140614000083588,5.140614000083588,0.081,4.307,0.7526140000835868,0.0
S00010,IoT-GW,edge-B,246,DONE,12.14212,12.14337,1.2455099999897357,1.2455099999897357,0.055,0.845,0.34550999998973575,0.0
S00005,IMS-CSCF,core-1,279,DONE,12.14693,12.14971,2.78304600010415,12.78304600010415,0.113,1.894,0.7760460001041503,5.0
S00005,IMS-CSCF,core-1,280,DONE,12.15611,12.15905,2.942297000117833,12.942297000117833,0.152,1.971,0.8192970001178326,5.0
S00003,UPF,core-1,275,DONE,12.16241,12.16645,4.037430999915159,14.03743099991516,0.132,3.207,0.6984309999151592,5.0
S00005,IMS-CSCF,core-1,281,DONE,12.16596,12.16878,2.8226449999237957,12.822644999923796,0.056,1.831,0.9356449999237957,5.0
S00004,UPF,core-1,252,DONE,12.17013,12.17482,4.6936600001572515,16.69366000015725,0.087,3.906,0.7006600001572516,6.0
S00002,vRAN-DU,edge-B,257,DONE,12.1792,12.18344,4.241474000082235,4.241474000082235,0.127,3.427,0.687474000082235,0.0
S00003,UPF,core-1,276,DONE,12.19385,12.19696,3.117157000133375,13.117157000133375,0.093,2.158,0.8661570001333749,5.0
S00002,vRAN-DU,edge-B,258,DONE,12.19817,12.20176,3.591268999798558,3.591268999798558,0.088,2.913,0.5902689997985582,0.0
S00003,UPF,core-1,277,DONE,12.19951,12.20277,3.2589170000392187,13.258917000039219,0.076,2.603,0.5799170000392184,5.0
S00009,IoT-GW,edge-A,275,DONE,12.20177,12.20369,1.9254920000548736,1.9254920000548736,0.079,1.184,0.6624920000548737,0.0
S00007,Transcoder,core-1,143,DONE,12.2037,12.21069,6.993118999844228,16.993118999844228,0.066,6.418,0.5091189998442278,5.0
S00002,vRAN-DU,edge-B,259,DONE,12.207,12.21446,7.456189999857088,7.456189999857088,0.08,6.927,0.4491899998570883,0.0
S00005,IMS-CSCF,core-1,282,DONE,12.20956,12.21187,2.3059279999415594,12.30592799994156,0.089,1.681,0.5359279999415594,5.0
S00001,vRAN-DU,edge-A,252,DONE,12.20968,12.21299,3.30519799990725,3.30519799990725,0.078,2.867,0.3601979999072502,0.0
S00006,IMS-CSCF,core-1,254,DONE,12.22693,12.22941,2.472054999998363,14.472054999998363,0.093,1.675,0.7040549999983632,6.0
S00004,UPF,core-1,253,DONE,12.23173,12.23465,2.9244130000734003,14.9244130000734,0.077,2.26,0.5874130000734006,6.0
S00001,vRAN-DU,edge-A,253,DONE,12.23408,12.23783,3.7496530001135397,3.7496530001135397,0.088,3.055,0.6066530001135395,0.0
S00010,IoT-GW,edge-B,247,DONE,12.24111,12.24298,1.8653590000212716,1.8653590000212716,0.089,1.236,0.5403590000212717,0.0
S00004,UPF,core-1,254,DONE,12.24243,12.2455,3.0664909997994982,15.066490999799498,0.261,2.236,0.5694909997994979,6.0
S00001,vRAN-DU,edge-A,254,DONE,12.24516,12.24891,3.751296000018556,3.751296000018556,0.111,2.874,0.7662960000185555,0.0
S00001,vRAN-DU,edge-A,255,DONE,12.24873,12.25186,3.1362849999823084,3.1362849999823084,0.046,2.611,0.47928499998230834,0.0
S00005,IMS-CSCF,core-1,283,DONE,12.25119,12.25457,3.3779620000586874,13.377962000058687,0.459,2.122,0.7969620000586874,5.0
S00003,UPF,core-1,278,DONE,12.25129,12.25493,3.6346379999940837,13.634637999994084,0.342,2.827,0.4656379999940836,5.0
S00005,IMS-CSCF,core-1,284,DONE,12.25304,12.25622,3.173153999796341,13.173153999796341,0.907,1.537,0.729153999796341,5.0
S00004,UPF,core-1,255,DONE,12.25847,12.26124,2.7693950000866607,14.76939500008666,0.065,2.177,0.5273950000866607,6.0
S00010,IoT-GW,edge-B,248,DONE,12.2787,12.28085,2.1510359999865614,2.1510359999865614,0.095,1.223,0.8330359999865611,0.0
S00010,IoT-GW,edge-B,249,DONE,12.27886,12.28192,3.0591180000101303,3.0591180000101303,1.569,0.98,0.5101180000101304,0.0
S00001,vRAN-DU,edge-A,256,DONE,12.28411,12.28775,3.6361290001423185,3.6361290001423185,0.081,2.935,0.6201290001423185,0.0
S00005,IMS-CSCF,core-1,285,DONE,12.30422,12.30739,3.1771349999871745,13.177134999987175,0.153,2.174,0.8501349999871746,5.0
S00005,IMS-CSCF,core-1,286,DONE,12.30444,12.30934,4.900398000017958,14.900398000017958,2.565,1.644,0.6913980000179583,5.0
S00004,UPF,core-1,256,DONE,12.31071,12.31693,6.223061000127927,18.223061000127927,0.061,4.084,2.078061000127928,6.0
S00001,vRAN-DU,edge-A,257,DONE,12.31308,12.31884,5.753812999955699,5.753812999955699,0.078,5.038,0.6378129999556981,0.0
S00005,IMS-CSCF,core-1,287,DONE,12.31317,12.31694,3.7762070001008397,13.77620700010084,0.057,1.287,2.43220700010084,5.0
S00002,vRAN-DU,edge-B,260,DONE,12.31324,12.31791,4.674927999985812,4.674927999985812,0.098,3.761,0.8159279999858118,0.0
S00004,UPF,core-1,257,DONE,12.32917,12.33484,5.668291000120007,17.668291000120007,2.748,2.192,0.7282910001200067,6.0
S00010,IoT-GW,edge-B,250,DONE,12.33047,12.3346,4.12243200003104,4.12243200003104,0.085,3.364,0.6734320000310401,0.0
S00010,IoT-GW,edge-B,251,DONE,12.33463,12.33634,1.7040179998275562,1.7040179998275562,0.1,1.206,0.39801799982755615,0.0
S00010,IoT-GW,edge-B,252,DONE,12.33474,12.33748,2.7414370001679345,2.7414370001679345,1.231,1.036,0.47443700016793433,0.0
S00005,IMS-CSCF,core-1,288,DONE,12.34178,12.34402,2.2420959999180923,12.242095999918092,0.084,1.548,0.6100959999180922,5.0
S00002,vRAN-DU,edge-B,261,DONE,12.34403,12.34739,3.3626749998347805,3.3626749998347805,0.074,2.771,0.5176749998347807,0.0
S00010,IoT-GW,edge-B,253,DONE,12.3474,12.34879,1.3901969998642016,1.3901969998642016,0.045,0.95,0.39519699986420176,0.0
S00006,IMS-CSCF,core-1,255,DONE,12.35206,12.35421,2.143200000091383,14.143200000091383,0.083,1.53,0.5302000000913829,6.0
S00004,UPF,core-1,258,DONE,12.3564,12.35892,2.515588000051139,14.515588000051139,0.067,2.015,0.4335880000511385,6.0
S00004,UPF,core-1,259,DONE,12.36214,12.3647,2.566867000041384,14.566867000041384,0.06,2.051,0.4558670000413838,6.0
S00009,IoT-GW,edge-A,276,DONE,12.375,12.37699,1.985307000040848,1.985307000040848,0.083,1.189,0.7133070000408479,0.0
S00007,Transcoder,core-1,144,DONE,12.37705,12.38515,8.096926999996867,18.096926999996867,0.084,6.41,1.6029269999968676,5.0
S00001,vRAN-DU,edge-A,258,DONE,12.37934,12.38668,7.338304999848333,7.338304999848333,0.056,6.918,0.36430499984833276,0.0
S00004,UPF,core-1,260,DONE,12.38259,12.38628,3.698149999991074,15.698149999991074,0.077,3.139,0.4821499999910741,6.0
S00001,vRAN-DU,edge-A,259,DONE,12.38515,12.39085,5.695500999991054,5.695500999991054,0.062,5.138,0.49550099999105424,0.0
S00002,vRAN-DU,edge-B,262,DONE,12.38521,12.38943,4.2168090001268865,4.2168090001268865,0.097,2.763,1.3568090001268862,0.0
S00009,IoT-GW,edge-A,277,DONE,12.38886,12.39139,2.5297839999893768,2.5297839999893768,0.051,2.113,0.3657839999893766,0.0
S00010,IoT-GW,edge-B,254,DONE,12.40178,12.40368,1.8970749999880354,1.8970749999880354,0.086,1.132,0.6790749999880354,0.0
S00007,Transcoder,core-1,145,DONE,12.411,12.418,7.00432799999362,17.00432799999362,0.089,6.243,0.6723279999936196,5.0
S00002,vRAN-DU,edge-B,263,DONE,12.4192,12.4227,3.4956699998929253,3.4956699998929253,0.083,2.845,0.5676699998929249,0.0
S00010,IoT-GW,edge-B,255,DONE,12.42392,12.42578,1.855761999877359,1.855761999877359,0.063,1.019,0.773761999877359,0.0
S00009,IoT-GW,edge-A,278,DONE,12.42519,12.4269,1.714237999976831,1.714237999976831,0.081,1.115,0.518237999976831,0.0
S00010,IoT-GW,edge-B,256,DONE,12.4269,12.42827,1.3615769998978067,1.3615769998978067,0.055,1.01,0.2965769998978067,0.0
S00004,UPF,core-1,261,DONE,12.42814,12.43094,2.7965649999259767,14.796564999925977,0.082,2.15,0.564564999925977,6.0
S00007,Transcoder,core-1,146,DONE,12.43094,12.43735,6.408890999864525,16.408890999864525,0.05,5.926,0.43289099986452495,5.0
S00010,IoT-GW,edge-B,257,DONE,12.44171,12.44335,1.640296000005037,1.640296000005037,0.081,1.055,0.5042960000050372,0.0
S00009,IoT-GW,edge-A,279,DONE,12.44302,12.44536,2.332105000050433,2.332105000050433,0.078,1.521,0.7331050000504331,0.0
S00010,IoT-GW,edge-B,258,DONE,12.4445,12.44593,1.426014000116993,1.426014000116993,0.112,0.913,0.40101400011699284,0.0
S00005,IMS-CSCF,core-1,289,DONE,12.45121,12.45356,2.3531929998625856,12.353192999862586,0.117,1.662,0.5741929998625857,5.0
S00008,Transcoder,core-1,131,DONE,12.45476,12.46147,6.712191999895367,18.712191999895367,0.096,5.793,0.823191999895367,6.0
S00005,IMS-CSCF,core-1,290,DONE,12.45807,12.45967,1.6046370001276955,11.604637000127696,0.055,1.137,0.41263700012769555,5.0
S00002,vRAN-DU,edge-B,264,DONE,12.48382,12.48727,3.4484130001146696,3.4484130001146696,0.09,2.806,0.5524130001146697,0.0
S00001,vRAN-DU,edge-A,260,DONE,12.48396,12.48793,3.965096000001722,3.965096000001722,0.08,3.51,0.3750960000017223,0.0
S00005,IMS-CSCF,core-1,291,DONE,12.48621,12.48869,2.481173999967723,12.481173999967723,0.083,1.95,0.4481739999677228,5.0
S00007,Transcoder,core-1,147,DONE,12.49289,12.4991,6.204509000099279,16.20450900009928,0.066,5.701,0.4375090000992792,5.0
S00008,Transcoder,core-1,132,DONE,12.49617,12.50264,6.4690799999880255,18.469079999988026,0.058,5.944,0.46707999998802574,6.0
S00002,vRAN-DU,edge-B,265,DONE,12.50027,12.50414,3.860913999915283,3.860913999915283,0.072,3.405,0.3839139999152832,0.0
S00010,IoT-GW,edge-B,259,DONE,12.50265,12.50436,1.715211999908206,1.715211999908206,0.058,1.068,0.5892119999082059,0.0
S00003,UPF,core-1,279,DONE,12.50653,12.50905,2.5213900000835565,12.521390000083557,0.109,2.002,0.41039000008355675,5.0
S00004,UPF,core-1,262,DONE,12.50667,12.50931,2.630778000138889,14.63077800013889,0.075,2.125,0.430778000138889,6.0
S00003,UPF,core-1,280,DONE,12.51977,12.52333,3.5626900000806927,13.562690000080693,0.077,2.948,0.5376900000806928,5.0
S00009,IoT-GW,edge-A,280,DONE,12.51996,12.525,5.036453999991863,5.036453999991863,0.136,1.534,3.3664539999918635,0.0
S00004,UPF,core-1,263,DONE,12.53325,12.53616,2.906307999865021,14.906307999865021,0.086,2.116,0.704307999865021,6.0
S00001,vRAN-DU,edge-A,261,DONE,12.53456,12.53837,3.808219999882567,3.808219999882567,0.071,3.193,0.544219999882567,0.0
S00004,UPF,core-1,264,DONE,12.53837,12.54087,2.500213999837797,14.500213999837797,0.103,2.024,0.3732139998377968,6.0
S00009,IoT-GW,edge-A,281,DONE,12.53846,12.53972,1.261277999901722,1.261277999901722,0.056,0.844,0.36127799990172205,0.0
S00010,IoT-GW,edge-B,260,DONE,12.54814,12.54997,1.8307029999959923,1.8307029999959923,0.086,1.2,0.5447029999959923,0.0
S00009,IoT-GW,edge-A,282,DONE,12.55218,12.55424,2.063866000071357,2.063866000071357,0.127,1.154,0.7828660000713572,0.0
S00002,vRAN-DU,edge-B,266,DONE,12.55402,12.5589,4.871710000088569,4.871710000088569,0.073,3.933,0.8657100000885691,0.0
S00004,UPF,core-1,265,DONE,12.55545,12.55801,2.5652610001998255,14.565261000199826,0.101,1.981,0.48326100019982543,6.0
S00005,IMS-CSCF,core-1,292,DONE,12.55551,12.5589,3.3904259998962516,13.390425999896252,0.338,2.417,0.6354259998962517,5.0
S00003,UPF,core-1,281,DONE,12.57827,12.58151,3.2426340001165954,13.242634000116595,0.091,2.312,0.8396340001165954,5.0
S00002,vRAN-DU,edge-B,267,DONE,12.57968,12.58553,5.850255000041216,5.850255000041216,0.085,5.163,0.6022550000412155,0.0
S00005,IMS-CSCF,core-1,293,DONE,12.57978,12.58312,3.3418279999750666,13.341827999975067,0.084,2.411,0.8468279999750665,5.0
S00003,UPF,core-1,282,DONE,12.57982,12.58552,5.702997000071264,15.702997000071264,0.908,3.666,1.1289970000712635,5.0
S00003,UPF,core-1,283,DONE,12.58151,12.58679,5.276068000057421,15.276068000057421,2.193,1.69,1.3930680000574212,5.0
S00005,IMS-CSCF,core-1,294,DONE,12.58158,12.58801,6.433096999899135,16.433096999899135,0.097,4.878,1.4580969998991344,5.0
S00010,IoT-GW,edge-B,261,DONE,12.58312,12.58667,3.545978000147443,3.545978000147443,0.075,1.379,2.0919780001474426,0.0
S00009,IoT-GW,edge-A,283,DONE,12.58668,12.5887,2.0267049999347364,2.0267049999347364,0.076,1.481,0.46970499993473624,0.0
S00004,UPF,core-1,266,DONE,12.58802,12.59041,2.3971030000211613,14.397103000021161,0.046,2.062,0.2891030000211616,6.0
S00006,IMS-CSCF,core-1,256,DONE,12.59161,12.59341,1.8003790000875597,13.80037900008756,0.056,1.354,0.39037900008755955,6.0
S00003,UPF,core-1,284,DONE,12.5987,12.60141,2.709115000016027,12.709115000016027,0.069,2.134,0.506115000016027,5.0
S00003,UPF,core-1,285,DONE,12.60001,12.60367,3.6690350000299077,13.669035000029908,1.177,2.074,0.4180350000299078,5.0
S00004,UPF,core-1,267,DONE,12.6027,12.60536,2.653556000041135,14.653556000041135,0.105,2.149,0.3995560000411351,6.0
S00005,IMS-CSCF,core-1,295,DONE,12.60536,12.60706,1.6966709999906016,11.696670999990602,0.047,1.216,0.43367099999060166,5.0
S00009,IoT-GW,edge-A,284,DONE,12.60548,12.60843,2.9541829999288893,2.9541829999288893,0.98,1.374,0.6001829999288892,0.0
S00010,IoT-GW,edge-B,262,DONE,12.6069,12.60844,1.542249000067386,1.542249000067386,0.266,0.844,0.4322490000673861,0.0
S00006,IMS-CSCF,core-1,257,DONE,12.60698,12.60974,2.7629569999589876,14.762956999958988,0.592,1.626,0.5449569999589876,6.0
S00009,IoT-GW,edge-A,285,DONE,12.62208,12.62401,1.9247269999596028,1.9247269999596028,0.084,1.16,0.6807269999596028,0.0
S00002,vRAN-DU,edge-B,268,DONE,12.63537,12.63971,4.336772999977256,4.336772999977256,0.108,3.613,0.6157729999772568,0.0
S00006,IMS-CSCF,core-1,258,DONE,12.63678,12.64377,6.990174000065963,18.990174000065963,0.087,6.161,0.7421740000659636,6.0
S00007,Transcoder,core-1,148,DONE,12.63902,12.64676,7.739095000033558,17.739095000033558,0.07,7.297,0.3720950000335579,5.0
S00009,IoT-GW,edge-A,286,DONE,12.64291,12.64545,2.537631999985024,2.537631999985024,0.086,1.877,0.574631999985024,0.0
S00005,IMS-CSCF,core-1,296,DONE,12.64302,12.64493,1.9137209999371407,11.91372099993714,0.045,1.189,0.6797209999371407,5.0
S00001,vRAN-DU,edge-A,262,DONE,12.64794,12.65106,3.1189500000436965,3.1189500000436965,0.073,2.65,0.3959500000436966,0.0
S00002,vRAN-DU,edge-B,269,DONE,12.64921,12.65287,3.6587219999546505,3.6587219999546505,0.213,2.878,0.5677219999546503,0.0
S00003,UPF,core-1,286,DONE,12.65913,12.66241,3.2788959999834333,13.278895999983433,0.084,2.676,0.518895999983433,5.0
S00010,IoT-GW,edge-B,263,DONE,12.65925,12.66098,1.7288730000473151,1.7288730000473151,0.066,0.939,0.7238730000473151,0.0
S00009,IoT-GW,edge-A,287,DONE,12.66098,12.66281,1.826160999826243,1.826160999826243,0.074,1.337,0.4151609998262429,0.0
S00006,IMS-CSCF,core-1,259,DONE,12.66499,12.6668,1.8068780000248807,13.80687800002488,0.063,1.314,0.42987800002488075,6.0
S00009,IoT-GW,edge-A,288,DONE,12.66797,12.66957,1.6012170001431514,1.6012170001431514,0.069,1.067,0.4652170001431515,0.0
S00004,UPF,core-1,268,DONE,12.68195,12.68487,2.9243740000310936,14.924374000031094,0.087,2.142,0.6953740000310935,6.0
S00001,vRAN-DU,edge-A,263,DONE,12.6844,12.69538,10.982263999949282,10.982263999949282,0.138,10.049,0.7952639999492828,0.0
S00001,vRAN-DU,edge-A,264,DONE,12.68791,12.69478,6.869738999967012,6.869738999967012,0.075,6.107,0.6877389999670118,0.0
S00007,Transcoder,core-1,149,DONE,12.68806,12.70283,14.77334600008362,24.77334600008362,0.133,13.714,0.9263460000836208,5.0
S00004,UPF,core-1,269,DONE,12.69334,12.69723,3.8907560001462116,15.890756000146212,0.119,3.031,0.7407560001462117,6.0
S00001,vRAN-DU,edge-A,265,DONE,12.69851,12.71079,12.274337000008018,12.274337000008018,0.091,11.197,0.9863370000080192,0.0
S00003,UPF,core-1,287,DONE,12.701,12.70466,3.652594000186582,13.652594000186582,0.103,2.811,0.7385940001865818,5.0
S00007,Transcoder,core-1,150,DONE,12.70467,12.72787,23.206410000057076,33.206410000057076,0.277,13.54,9.389410000057076,5.0
S00003,UPF,core-1,288,DONE,12.7108,12.71988,9.0839380000034,19.0839380000034,0.295,5.275,3.5139380000033995,5.0
S00010,IoT-GW,edge-B,264,DONE,12.72788,12.73104,3.159862000075009,3.159862000075009,0.185,1.986,0.9888620000750088,0.0
S00002,vRAN-DU,edge-B,270,DONE,12.7281,12.73479,6.684161999828575,6.684161999828575,0.349,5.518,0.8171619998285751,0.0
S00008,Transcoder,core-1,133,DONE,12.73716,12.7523,15.14224499987904,27.14224499987904,0.2,12.685,2.25724499987904,6.0
S00007,Transcoder,core-1,151,DONE,12.74483,12.76414,19.313228999862986,29.313228999862986,0.147,18.203,0.9632289998629879,5.0
S00004,UPF,core-1,270,DONE,12.745,12.75373,8.727167999950325,20.727167999950325,0.453,7.283,0.9911679999503251,6.0
S00006,IMS-CSCF,core-1,260,DONE,12.7484,12.76154,13.142150000021502,25.142150000021502,0.102,10.323,2.717150000021501,6.0
S00004,UPF,core-1,271,DONE,12.75018,12.76413,13.948528999890186,25.948528999890186,2.474,10.355,1.1195289998901856,6.0
S00002,vRAN-DU,edge-B,271,DONE,12.75238,12.76337,10.990544999913254,10.990544999913254,0.172,9.843,0.9755449999132537,0.0
S00007,Transcoder,core-1,152,DONE,12.75498,12.77606,21.084211000015785,31.084211000015785,0.074,20.43,0.5802110000157832,5.0
S00001,vRAN-DU,edge-A,266,DONE,12.76079,12.77149,10.694793999846297,10.694793999846297,0.077,8.687,1.9307939998462977,0.0
S00003,UPF,core-1,289,DONE,12.76539,12.77189,6.500399000060497,16.500399000060497,0.102,5.889,0.5093990000604967,5.0
S00001,vRAN-DU,edge-A,267,DONE,12.77607,12.78113,5.065645999820845,5.065645999820845,0.166,4.23,0.6696459998208439,0.0
S00009,IoT-GW,edge-A,289,DONE,12.78545,12.78778,2.336210000066785,2.336210000066785,0.112,1.459,0.765210000066785,0.0
S00006,IMS-CSCF,core-1,261,DONE,12.8051,12.81099,5.891503000157172,17.891503000157172,0.15,3.16,2.5815030001571717,6.0
S00005,IMS-CSCF,core-1,297,DONE,12.8053,12.81098,5.683812999905058,15.683812999905058,0.223,2.918,2.542812999905058,5.0
S00003,UPF,core-1,290,DONE,12.80657,12.81187,5.307365999897229,15.307365999897229,0.054,4.221,1.0323659998972285,5.0
S00003,UPF,core-1,291,DONE,12.80784,12.81585,8.01664300001903,18.01664300001903,0.656,3.936,3.4246430000190307,5.0
S00010,IoT-GW,edge-B,265,DONE,12.81316,12.81584,2.6803250000284606,2.6803250000284606,0.059,1.556,1.0653250000284604,0.0
S00001,vRAN-DU,edge-A,268,DONE,12.82012,12.82433,4.209993999893413,4.209993999893413,0.193,3.229,0.7879939998934136,0.0
S00003,UPF,core-1,292,DONE,12.83681,12.84101,4.195317999801773,14.195317999801773,0.097,3.357,0.7413179998017725,5.0
S00010,IoT-GW,edge-B,266,DONE,12.84033,12.84251,2.1709000000100787,2.1709000000100787,0.133,1.436,0.6019000000100787,0.0
S00006,IMS-CSCF,core-1,262,DONE,12.84264,12.84516,2.518664000035642,14.518664000035642,0.067,1.974,0.4776640000356418,6.0
S00005,IMS-CSCF,core-1,298,DONE,12.84522,12.84742,2.208370000062132,12.208370000062132,0.085,1.631,0.49237000006213205,5.0
S00002,vRAN-DU,edge-B,272,DONE,12.84871,12.85388,5.1727459999710845,5.1727459999710845,0.08,4.501,0.5917459999710841,0.0
S00003,UPF,core-1,293,DONE,12.85111,12.85608,4.968594000047233,14.968594000047233,0.071,4.323,0.5745940000472327,5.0
S00007,Transcoder,core-1,153,DONE,12.85341,12.86774,14.329971999814006,24.329971999814006,0.055,13.466,0.8089719998140072,5.0
S00003,UPF,core-1,294,DONE,12.85608,12.85941,3.3295200000793557,13.329520000079356,0.047,2.994,0.2885200000793553,5.0
S00010,IoT-GW,edge-B,267,DONE,12.85631,12.85786,1.5456789999461762,1.5456789999461762,0.125,0.944,0.47667899994617624,0.0
S00002,vRAN-DU,edge-B,273,DONE,12.86062,12.86364,3.021450999995068,3.021450999995068,0.051,2.545,0.42545099999506775,0.0
S00004,UPF,core-1,272,DONE,12.86322,12.86598,2.754992000063794,14.754992000063794,0.053,1.99,0.711992000063794,6.0
S00004,UPF,core-1,273,DONE,12.86582,12.86932,3.502832999856764,15.502832999856764,0.079,3.057,0.3668329998567641,6.0
S00005,IMS-CSCF,core-1,299,DONE,12.86589,12.86789,2.0013440000639093,12.00134400006391,0.11,1.438,0.4533440000639093,5.0
S00010,IoT-GW,edge-B,268,DONE,12.87251,12.87414,1.6286820000459556,1.6286820000459556,0.072,1.068,0.4886820000459555,0.0
S00002,vRAN-DU,edge-B,274,DONE,12.87634,12.87981,3.4758019999117096,3.4758019999117096,0.084,2.96,0.43180199991170953,0.0
S00006,IMS-CSCF,core-1,263,DONE,12.87642,12.87827,1.848785999982283,13.848785999982283,0.064,1.396,0.38878599998228314,6.0
S00006,IMS-CSCF,core-1,264,DONE,12.88204,12.88383,1.797852999970928,13.797852999970928,0.06,1.333,0.40485299997092805,6.0
S00001,vRAN-DU,edge-A,269,DONE,12.89015,12.89649,6.344382999941445,6.344382999941445,0.082,5.563,0.6993829999414451,0.0
S00007,Transcoder,core-1,154,DONE,12.90497,12.91446,9.487183999908666,19.487183999908666,0.109,8.667,0.7111839999086662,5.0
S00004,UPF,core-1,274,DONE,12.90514,12.9085,3.3645529999830615,15.364552999983061,0.218,2.426,0.7205529999830613,6.0
S00003,UPF,core-1,295,DONE,12.90851,12.9133,4.79573799998434,14.79573799998434,0.102,4.287,0.40673799998433946,5.0
S00006,IMS-CSCF,core-1,265,DONE,12.92275,12.92539,2.63812200000757,14.63812200000757,0.089,1.829,0.7201220000075701,6.0
S00009,IoT-GW,edge-A,290,DONE,12.93804,12.94135,3.3125209999980143,3.3125209999980143,0.167,2.258,0.8875209999980145,0.0
S00008,Transcoder,core-1,134,DONE,12.94868,12.95647,7.792141999971136,19.792141999971136,0.089,6.979,0.7241419999711356,6.0
S00003,UPF,core-1,296,DONE,12.95216,12.95547,3.3081720000609494,13.30817200006095,0.076,2.77,0.4621720000609493,5.0
S00001,vRAN-DU,edge-A,270,DONE,12.95453,12.95844,3.9098039999316825,3.9098039999316825,0.08,3.205,0.6248039999316823,0.0
S00002,vRAN-DU,edge-B,275,DONE,12.96073,12.96546,4.731354000114152,4.731354000114152,0.082,3.926,0.7233540001141519,0.0
S00001,vRAN-DU,edge-A,271,DONE,12.97582,12.98027,4.4522409998535295,4.4522409998535295,0.095,3.552,0.8052409998535297,0.0
S00005,IMS-CSCF,core-1,300,DONE,12.98151,12.98371,2.1997900000769732,12.199790000076973,0.091,1.506,0.602790000076973,5.0
S00008,Transcoder,core-1,135,DONE,12.98292,12.99004,7.119135999801074,19.119135999801074,0.058,6.478,0.5831359998010743,6.0
S00010,IoT-GW,edge-B,269,DONE,12.99004,12.99208,2.036341999883007,2.036341999883007,0.11,1.346,0.5803419998830066,0.0
S00005,IMS-CSCF,core-1,301,DONE,13.0024,13.00461,2.2154670000418264,12.215467000041826,0.083,1.437,0.6954670000418262,5.0
S00009,IoT-GW,edge-A,291,DONE,13.01095,13.01289,1.9373770001038793,1.9373770001038793,0.084,1.14,0.7133770001038793,0.0
S00009,IoT-GW,edge-A,292,DONE,13.01406,13.01548,1.419539999915287,1.419539999915287,0.056,0.995,0.36853999991528685,0.0
S00005,IMS-CSCF,core-1,302,DONE,13.01533,13.01738,2.0502750001014647,12.050275000101465,0.078,1.414,0.5582750001014647,5.0
S00005,IMS-CSCF,core-1,303,DONE,13.01668,13.01887,2.1844490001967642,12.184449000196764,0.461,1.343,0.3804490001967642,5.0
S00005,IMS-CSCF,core-1,304,DONE,13.02512,13.02847,3.353030999960538,13.353030999960538,0.088,2.633,0.6320309999605378,5.0
S00006,IMS-CSCF,core-1,266,DONE,13.02522,13.02846,3.2367870001053234,15.236787000105323,0.143,2.536,0.5577870001053236,6.0
S00008,Transcoder,core-1,136,DONE,13.02694,13.0369,9.957445000054577,21.957445000054577,0.097,8.835,1.0254450000545763,6.0
S00003,UPF,core-1,297,DONE,13.02704,13.03271,5.667666000135796,15.667666000135796,0.037,5.137,0.4936660001357964,5.0
S00009,IoT-GW,edge-A,293,DONE,13.02709,13.03062,3.530955999849539,3.530955999849539,0.116,2.866,0.5489559998495386,0.0
S00009,IoT-GW,edge-A,294,DONE,13.02713,13.03233,5.1968639997994615,5.1968639997994615,3.137,1.55,0.5098639997994614,0.0
S00003,UPF,core-1,298,DONE,13.0349,13.03753,2.631585000017367,12.631585000017367,0.056,2.245,0.3305850000173667,5.0
S00007,Transcoder,core-1,155,DONE,13.04588,13.0529,7.025318000160041,17.02531800016004,0.085,6.387,0.5533180001600417,5.0
S00004,UPF,core-1,275,DONE,13.04926,13.05172,2.4587440000232164,14.458744000023216,0.143,1.775,0.5407440000232167,6.0
S00004,UPF,core-1,276,DONE,13.0541,13.05665,2.546518999906766,14.546518999906766,0.054,2.078,0.41451899990676644,6.0
S00001,vRAN-DU,edge-A,272,DONE,13.06089,13.06447,3.5775919998286554,3.5775919998286554,0.087,2.98,0.5105919998286552,0.0
S00010,IoT-GW,edge-B,270,DONE,13.06101,13.06307,2.061230999970576,2.061230999970576,0.08,1.161,0.8202309999705757,0.0
S00004,UPF,core-1,277,DONE,13.06266,13.06654,3.8776020001023426,15.877602000102343,0.076,2.013,1.7886020001023426,6.0
S00010,IoT-GW,edge-B,271,DONE,13.06878,13.07027,1.4938349997919431,1.4938349997919431,0.062,1.032,0.39983499979194304,0.0
S00003,UPF,core-1,299,DONE,13.07001,13.07254,2.5253800001792115,12.525380000179211,0.063,1.949,0.5133800001792113,5.0
S00004,UPF,core-1,278,DONE,13.07576,13.07823,2.4680590001935343,14.468059000193534,0.056,1.972,0.4400590001935343,6.0
S00002,vRAN-DU,edge-B,276,DONE,13.07705,13.08012,3.0749269999432727,3.0749269999432727,0.064,2.606,0.40492699994327275,0.0
S00001,vRAN-DU,edge-A,273,DONE,13.08232,13.08573,3.4111290001419547,3.4111290001419547,0.085,2.744,0.5821290001419546,0.0
S00002,vRAN-DU,edge-B,277,DONE,13.0941,13.10069,6.587238999827605,6.587238999827605,0.12,5.817,0.6502389998276046,0.0
S00004,UPF,core-1,279,DONE,13.09547,13.09933,3.862881000031848,15.862881000031848,0.087,3.244,0.5318810000318477,6.0
S00007,Transcoder,core-1,156,DONE,13.10695,13.1145,7.5470310000582685,17.54703100005827,0.109,6.791,0.6470310000582682,5.0
S00010,IoT-GW,edge-B,272,DONE,13.11034,13.11449,4.150310000113677,4.150310000113677,0.08,2.98,1.0903100001136772,0.0
S00010,IoT-GW,edge-B,273,DONE,13.11165,13.11561,3.96623599999657,3.96623599999657,2.023,1.581,0.3622359999965701,0.0
S00008,Transcoder,core-1,137,DONE,13.11286,13.12152,8.657859000095414,20.657859000095414,0.077,7.983,0.597859000095414,6.0
S00003,UPF,core-1,300,DONE,13.12153,13.12412,2.5920660000338103,12.59206600003381,0.078,2.038,0.4760660000338106,5.0
S00006,IMS-CSCF,core-1,267,DONE,13.12841,13.13049,2.079269999967437,14.079269999967437,0.122,1.48,0.477269999967437,6.0
S00010,IoT-GW,edge-B,274,DONE,13.13054,13.13217,1.6327830001046095,1.6327830001046095,0.076,1.105,0.4517830001046095,0.0
S00009,IoT-GW,edge-A,295,DONE,13.13842,13.14015,1.731550000158677,1.731550000158677,0.071,1.117,0.543550000158677,0.0
S00004,UPF,core-1,280,DONE,13.15046,13.15514,4.678271999864592,16.67827199986459,0.105,2.409,2.1642719998645914,6.0
S00010,IoT-GW,edge-B,275,DONE,13.15067,13.15513,4.462322000108543,4.462322000108543,0.081,1.781,2.6003220001085428,0.0
S00001,vRAN-DU,edge-A,274,DONE,13.1519,13.15538,3.4882590000506752,3.4882590000506752,0.08,2.98,0.4282590000506752,0.0
S00004,UPF,core-1,281,DONE,13.16579,13.17179,5.999599000006128,17.99959900000613,0.136,2.366,3.497599000006128,6.0
S00008,Transcoder,core-1,138,DONE,13.18209,13.19151,9.415571999852546,21.415571999852546,0.088,7.714,1.613571999852546,6.0
S00002,vRAN-DU,edge-B,278,DONE,13.18859,13.19206,3.4702369998740323,3.4702369998740323,0.089,2.739,0.6422369998740325,0.0
S00004,UPF,core-1,282,DONE,13.19435,13.19714,2.7904190001208917,14.790419000120892,0.078,2.154,0.558419000120892,6.0
S00010,IoT-GW,edge-B,276,DONE,13.19451,13.19748,2.9696740000417776,2.9696740000417776,0.091,2.356,0.5226740000417776,0.0
S00001,vRAN-DU,edge-A,275,DONE,13.20779,13.21289,5.099709999967672,5.099709999967672,0.07,4.173,0.8567099999676717,0.0
S00002,vRAN-DU,edge-B,279,DONE,13.21028,13.21362,3.3358319999479136,3.3358319999479136,0.117,2.661,0.5578319999479135,0.0
S00006,IMS-CSCF,core-1,268,DONE,13.2148,13.21722,2.423943999929179,14.423943999929179,0.108,1.68,0.6359439999291789,6.0
S00004,UPF,core-1,283,DONE,13.2327,13.23697,4.274043000123129,16.27404300012313,0.115,3.445,0.7140430001231288,6.0
S00003,UPF,core-1,301,DONE,13.23296,13.23582,2.8600800001186144,12.860080000118614,0.143,2.124,0.5930800001186145,5.0
S00008,Transcoder,core-1,139,DONE,13.23815,13.24488,6.727292000050511,18.72729200005051,0.075,5.662,0.9902920000505109,6.0
S00007,Transcoder,core-1,157,DONE,13.24248,13.25285,10.365568999986863,20.365568999986863,0.068,9.658,0.6395689999868637,5.0
S00005,IMS-CSCF,core-1,305,DONE,13.25405,13.25637,2.319867000096565,12.319867000096565,0.085,1.773,0.461867000096565,5.0
S00004,UPF,core-1,284,DONE,13.25538,13.25797,2.5900959999489714,14.590095999948971,0.06,1.984,0.5460959999489714,6.0
S00009,IoT-GW,edge-A,296,DONE,13.26016,13.26174,1.580740000008518,1.580740000008518,0.085,0.952,0.5437400000085182,0.0
S00003,UPF,core-1,302,DONE,13.26029,13.26268,2.3873970001204725,12.387397000120473,0.05,1.937,0.40039700012047263,5.0
S00004,UPF,core-1,285,DONE,13.26392,13.26616,2.2377200000391895,14.23772000003919,0.049,1.827,0.3617200000391896,6.0
S00001,vRAN-DU,edge-A,276,DONE,13.26404,13.26796,3.920751000123346,3.920751000123346,0.075,3.443,0.40275100012334564,0.0
S00002,vRAN-DU,edge-B,280,DONE,13.28426,13.28896,4.697704999898633,4.697704999898633,0.101,3.464,1.1327049998986332,0.0
S00003,UPF,core-1,303,DONE,13.28451,13.28874,4.230751000022792,14.230751000022792,0.126,2.963,1.1417510000227917,5.0
S00001,vRAN-DU,edge-A,277,DONE,13.2891,13.29415,5.041265000045314,5.041265000045314,0.142,4.097,0.8022650000453133,0.0
S00006,IMS-CSCF,core-1,269,DONE,13.29537,13.29911,3.7423379999381723,15.742337999938172,0.178,1.766,1.7983379999381723,6.0
S00002,vRAN-DU,edge-B,281,DONE,13.29783,13.30197,4.141472000128488,4.141472000128488,0.186,3.022,0.933472000128488,0.0
S00005,IMS-CSCF,core-1,306,DONE,13.29879,13.30199,3.1966540000212262,13.196654000021226,0.135,1.941,1.1206540000212264,5.0
S00002,vRAN-DU,edge-B,282,DONE,13.30741,13.3122,4.787529999930484,4.787529999930484,0.075,3.95,0.762529999930484,0.0
S00010,IoT-GW,edge-B,277,DONE,13.30991,13.31141,1.4995899998666573,1.4995899998666573,0.078,0.998,0.42358999986665724,0.0
S00008,Transcoder,core-1,140,DONE,13.31876,13.32842,9.659661000114284,21.659661000114284,0.109,8.664,0.8866610001142838,6.0
S00003,UPF,core-1,304,DONE,13.319,13.32264,3.645929999947839,13.645929999947839,0.187,2.845,0.6139299999478389,5.0
S00002,vRAN-DU,edge-B,283,DONE,13.33175,13.33673,4.982595999990735,4.982595999990735,0.163,3.536,1.2835959999907351,0.0
S00005,IMS-CSCF,core-1,307,DONE,13.33633,13.33896,2.632058000017423,12.632058000017423,0.131,1.878,0.6230580000174231,5.0
S00001,vRAN-DU,edge-A,278,DONE,13.34018,13.34399,3.8121820000469597,3.8121820000469597,0.13,2.915,0.7671820000469598,0.0
S00007,Transcoder,core-1,158,DONE,13.34346,13.35673,13.269660999867483,23.269660999867483,0.072,12.714,0.48366099986748345,5.0
S00002,vRAN-DU,edge-B,284,DONE,13.35028,13.35812,7.841597000151523,7.841597000151523,0.084,7.11,0.6475970001515234,0.0
S00010,IoT-GW,edge-B,278,DONE,13.3546,13.35807,3.4632009999313595,3.4632009999313595,0.053,2.976,0.43420099993135963,0.0
S00005,IMS-CSCF,core-1,308,DONE,13.35493,13.35852,3.5846069999934116,13.584606999993412,0.08,3.012,0.4926069999934115,5.0
S00010,IoT-GW,edge-B,279,DONE,13.35639,13.35919,2.7987759999632544,2.7987759999632544,0.077,0.899,1.8227759999632545,0.0
S00009,IoT-GW,edge-A,297,DONE,13.36035,13.3624,2.05272099992726,2.05272099992726,0.149,1.141,0.76272099992726,0.0
S00002,vRAN-DU,edge-B,285,DONE,13.36362,13.36738,3.7542430000030436,3.7542430000030436,0.056,3.047,0.6512430000030434,0.0
S00005,IMS-CSCF,core-1,309,DONE,13.36691,13.36913,2.2232470000744797,12.22324700007448,0.077,1.681,0.4652470000744797,5.0
S00006,IMS-CSCF,core-1,270,DONE,13.36858,13.37059,2.013366000028327,14.013366000028327,0.048,1.271,0.6943660000283272,6.0
S00006,IMS-CSCF,core-1,271,DONE,13.37284,13.37496,2.115273000072193,14.115273000072193,0.05,1.645,0.42027300007219326,6.0
S00005,IMS-CSCF,core-1,310,DONE,13.3741,13.37607,1.9766400000662543,11.976640000066254,0.07,1.593,0.31364000006625425,5.0
S00005,IMS-CSCF,core-1,311,DONE,13.3783,13.38,1.7033480000918644,11.703348000091864,0.081,1.258,0.3643480000918644,5.0
S00001,vRAN-DU,edge-A,279,DONE,13.38222,13.38675,4.532056000016382,4.532056000016382,0.118,3.888,0.5260560000163821,0.0
S00005,IMS-CSCF,core-1,312,DONE,13.38231,13.38415,1.8361070001446933,11.836107000144693,0.05,1.502,0.28410700014469326,5.0
S00007,Transcoder,core-1,159,DONE,13.39097,13.4112,20.231354999850737,30.231354999850737,0.56,19.154,0.5173549998507383,5.0
S00007,Transcoder,core-1,160,DONE,13.39442,13.41547,21.051953000096546,31.051953000096546,0.076,20.318,0.6579530000965441,5.0
S00002,vRAN-DU,edge-B,286,DONE,13.39449,13.40913,14.63136500001383,14.63136500001383,0.077,13.644,0.9103650000138295,0.0
S00004,UPF,core-1,286,DONE,13.39464,13.40771,13.07282200014015,25.07282200014015,0.122,12.304,0.6468220001401495,6.0
S00008,Transcoder,core-1,141,DONE,13.3969,13.42972,32.818958000007115,44.818958000007115,3.699,26.983,2.136958000007116,6.0
S00009,IoT-GW,edge-A,298,DONE,13.40612,13.41323,7.103713000105927,7.103713000105927,0.126,5.854,1.1237130001059263,0.0
S00004,UPF,core-1,287,DONE,13.41547,13.41877,3.297337999811134,15.297337999811134,0.045,2.801,0.451337999811134,6.0
S00008,Transcoder,core-1,142,DONE,13.4168,13.43201,15.210142999876552,27.210142999876552,0.053,14.394,0.7631429998765515,6.0
S00001,vRAN-DU,edge-A,280,DONE,13.41687,13.42794,11.070844999949259,11.070844999949259,0.071,10.483,0.5168449999492584,0.0
S00006,IMS-CSCF,core-1,272,DONE,13.41996,13.42159,1.6305060000831872,13.630506000083187,0.047,1.163,0.4205060000831873,6.0
S00003,UPF,core-1,305,DONE,13.42159,13.42368,2.083693000031417,12.083693000031417,0.047,1.705,0.33169300003141666,5.0
S00005,IMS-CSCF,core-1,313,DONE,13.43202,13.43608,4.059670000060578,14.059670000060578,0.048,1.199,2.812670000060578,5.0
S00003,UPF,core-1,306,DONE,13.4358,13.43917,3.368252999962351,13.368252999962351,0.071,2.532,0.765252999962351,5.0
S00003,UPF,core-1,307,DONE,13.44045,13.44416,3.7098499999501655,13.709849999950166,0.138,3.106,0.46584999995016574,5.0
S00001,vRAN-DU,edge-A,281,DONE,13.44638,13.45133,4.953334999981962,4.953334999981962,0.086,3.639,1.228334999981962,0.0
S00002,vRAN-DU,edge-B,287,DONE,13.45051,13.45439,3.8726310001493403,3.8726310001493403,0.098,3.211,0.5636310001493405,0.0
S00010,IoT-GW,edge-B,280,DONE,13.45104,13.45267,1.6318339999088494,1.6318339999088494,0.049,0.879,0.7038339999088494,0.0
S00010,IoT-GW,edge-B,281,DONE,13.45439,13.45601,1.6214540000873967,1.6214540000873967,0.07,1.144,0.40745400008739674,0.0
S00009,IoT-GW,edge-A,299,DONE,13.45569,13.45731,1.624676999881558,1.624676999881558,0.075,1.122,0.42767699988155794,0.0
S00005,IMS-CSCF,core-1,314,DONE,13.46264,13.46601,3.3698760000788752,13.369876000078875,0.087,2.531,0.7518760000788749,5.0
S00008,Transcoder,core-1,143,DONE,13.46607,13.47642,10.350361999826418,22.35036199982642,0.066,9.858,0.4263619998264172,6.0
S00009,IoT-GW,edge-A,300,DONE,13.46621,13.47638,10.167708999915703,10.167708999915703,0.18,4.453,5.534708999915703,0.0
S00008,Transcoder,core-1,144,DONE,13.47482,13.49021,15.38753399995585,27.38753399995585,0.156,14.357,0.8745339999558492,6.0
S00005,IMS-CSCF,core-1,315,DONE,13.475,13.47811,3.1070979998730763,13.107097999873076,0.715,1.841,0.5510979998730765,5.0
S00006,IMS-CSCF,core-1,273,DONE,13.48138,13.48549,4.109226000082344,16.109226000082344,0.298,2.767,1.0442260000823445,6.0
S00001,vRAN-DU,edge-A,282,DONE,13.48148,13.48769,6.213196999851789,6.213196999851789,0.089,5.512,0.6121969998517889,0.0
S00002,vRAN-DU,edge-B,288,DONE,13.49028,13.49396,3.6740160001045297,3.6740160001045297,0.111,2.851,0.7120160001045295,0.0
S00003,UPF,core-1,308,DONE,13.49167,13.49513,3.45538999999917,13.45538999999917,0.108,2.84,0.50738999999917,5.0
S00002,vRAN-DU,edge-B,289,DONE,13.50652,13.51012,3.605288000017026,3.605288000017026,0.095,2.788,0.7222880000170262,0.0
S00010,IoT-GW,edge-B,282,DONE,13.50794,13.50935,1.400995000039984,1.400995000039984,0.058,0.871,0.47199500003998396,0.0
S00009,IoT-GW,edge-A,301,DONE,13.52049,13.52283,2.3479569999835803,2.3479569999835803,0.097,1.292,0.9589569999835803,0.0
S00007,Transcoder,core-1,161,DONE,13.52411,13.53111,7.003465999787295,17.003465999787295,0.135,6.308,0.5604659997872954,5.0
S00002,vRAN-DU,edge-B,290,DONE,13.52955,13.53325,3.6973429998852225,3.6973429998852225,0.083,2.627,0.9873429998852226,0.0
S00002,vRAN-DU,edge-B,291,DONE,13.53231,13.53617,3.864569999905143,3.864569999905143,0.059,2.716,1.0895699999051427,0.0
S00002,vRAN-DU,edge-B,292,DONE,13.54149,13.54537,3.8857419999658305,3.8857419999658305,0.078,3.117,0.6907419999658306,0.0
S00003,UPF,core-1,309,DONE,13.55376,13.55729,3.532361999987188,13.532361999987188,0.187,2.542,0.8033619999871884,5.0
S00005,IMS-CSCF,core-1,316,DONE,13.55515,13.55848,3.321658999993815,13.321658999993815,0.133,2.501,0.6876589999938152,5.0
S00009,IoT-GW,edge-A,302,DONE,13.55848,13.56066,2.180731999942509,2.180731999942509,0.124,1.341,0.7157319999425089,0.0
S00009,IoT-GW,edge-A,303,DONE,13.56194,13.56415,2.207903999988048,2.207903999988048,0.09,1.546,0.571903999988048,0.0
S00001,vRAN-DU,edge-A,283,DONE,13.58364,13.58832,4.684193999992203,4.684193999992203,0.139,3.404,1.1411939999922032,0.0
S00007,Transcoder,core-1,162,DONE,13.58833,13.60598,17.64540100020895,27.64540100020895,0.136,16.89,0.6194010002089492,5.0
S00007,Transcoder,core-1,163,DONE,13.58978,13.59946,9.681270000100994,19.681270000100994,0.061,9.059,0.5612700001009951,5.0
S00004,UPF,core-1,288,DONE,13.59206,13.59431,2.2488200002044323,14.248820000204432,0.057,1.828,0.3638200002044323,6.0
S00003,UPF,core-1,310,DONE,13.59548,13.604,8.519029999888517,18.519029999888517,0.053,7.886,0.5800299998885157,5.0
S00002,vRAN-DU,edge-B,293,DONE,13.59678,13.60399,7.209379999949306,7.209379999949306,0.099,6.364,0.7463799999493057,0.0
S00006,IMS-CSCF,core-1,274,DONE,13.5988,13.60416,5.3639739999198355,17.363973999919835,0.049,4.659,0.6559739999198353,6.0
S00006,IMS-CSCF,core-1,275,DONE,13.59887,13.60548,6.61453500015341,18.61453500015341,4.85,1.137,0.6275350001534101,6.0
S00001,vRAN-DU,edge-A,284,DONE,13.6082,13.61234,4.1468199999599165,4.1468199999599165,0.187,3.217,0.7428199999599165,0.0
S00009,IoT-GW,edge-A,304,DONE,13.62545,13.62818,2.734573999987333,2.734573999987333,0.092,1.745,0.8975739999873329,0.0
S00004,UPF,core-1,289,DONE,13.62943,13.63265,3.220079999891823,15.220079999891823,0.121,2.278,0.8210799998918228,6.0
S00005,IMS-CSCF,core-1,317,DONE,13.63266,13.63506,2.394696000010299,12.394696000010299,0.057,1.956,0.38169600001029913,5.0
S00009,IoT-GW,edge-A,305,DONE,13.63287,13.6369,4.031522000104815,4.031522000104815,0.134,1.606,2.2915220001048144,0.0
S00002,vRAN-DU,edge-B,294,DONE,13.6369,13.6407,3.802418000077523,3.802418000077523,0.112,3.071,0.6194180000775229,0.0
S00003,UPF,core-1,311,DONE,13.65818,13.66299,4.808042999911777,14.808042999911777,0.095,3.941,0.7720429999117773,5.0
S00010,IoT-GW,edge-B,283,DONE,13.66064,13.66236,1.7254060001050675,1.7254060001050675,0.078,1.098,0.5494060001050673,0.0
S00002,vRAN-DU,edge-B,295,DONE,13.67037,13.67661,6.247482000162563,6.247482000162563,0.078,5.377,0.792482000162563,0.0
S00002,vRAN-DU,edge-B,296,DONE,13.68189,13.68605,4.1652029999568185,4.1652029999568185,0.098,3.438,0.6292029999568185,0.0
S00002,vRAN-DU,edge-B,297,DONE,13.68324,13.6891,5.856641000036689,5.856641000036689,0.139,5.314,0.40364100003668835,0.0
S00003,UPF,core-1,312,DONE,13.68459,13.68772,3.135277999945174,13.135277999945174,0.088,2.576,0.47127799994517394,5.0
S00006,IMS-CSCF,core-1,276,DONE,13.69232,13.69472,2.4021480001010787,14.402148000101079,0.168,1.505,0.7291480001010786,6.0
S00006,IMS-CSCF,core-1,277,DONE,13.69368,13.69725,3.576671000018905,15.576671000018905,0.558,2.279,0.7396710000189053,6.0
S00003,UPF,core-1,313,DONE,13.69473,13.69757,2.84792299999026,12.84792299999026,0.046,2.406,0.39592299999026004,5.0
S00009,IoT-GW,edge-A,306,DONE,13.69876,13.70093,2.1774360000108572,2.1774360000108572,0.111,1.385,0.681436000010857,0.0
S00005,IMS-CSCF,core-1,318,DONE,13.71526,13.72108,5.825938000043607,15.825938000043607,0.167,2.11,3.548938000043607,5.0
S00006,IMS-CSCF,core-1,278,DONE,13.7223,13.72481,2.5033229999280593,14.50332299992806,0.057,1.851,0.5953229999280594,6.0
S00002,vRAN-DU,edge-B,298,DONE,13.72807,13.73159,3.519941000149629,3.519941000149629,0.078,2.835,0.6069410001496292,0.0
S00004,UPF,core-1,290,DONE,13.73284,13.73572,2.888837999989846,14.888837999989846,0.105,2.174,0.6098379999898462,6.0
S00002,vRAN-DU,edge-B,299,DONE,13.73573,13.73912,3.3847449999484525,3.3847449999484525,0.127,2.725,0.5327449999484526,0.0
S00009,IoT-GW,edge-A,307,DONE,13.73912,13.74086,1.7391999999745167,1.7391999999745167,0.082,1.156,0.5011999999745167,0.0
S00008,Transcoder,core-1,145,DONE,13.74043,13.74734,6.912592999924527,18.912592999924527,0.262,6.254,0.39659299992452723,6.0
S00006,IMS-CSCF,core-1,279,DONE,13.74407,13.74593,1.8594279999888386,13.859427999988839,0.064,1.275,0.5204279999888386,6.0
S00002,vRAN-DU,edge-B,300,DONE,13.74593,13.74938,3.4449549998498696,3.4449549998498696,0.077,2.978,0.3899549998498695,0.0
S00009,IoT-GW,edge-A,308,DONE,13.75062,13.75246,1.838448000171411,1.838448000171411,0.088,1.182,0.568448000171411,0.0
S00008,Transcoder,core-1,146,DONE,13.75246,13.75914,6.6754249999121384,18.67542499991214,0.107,6.124,0.4444249999121386,6.0
S00004,UPF,core-1,291,DONE,13.75481,13.75768,2.8610359997855994,14.8610359997856,0.086,2.183,0.5920359997855997,6.0
S00003,UPF,core-1,314,DONE,13.76135,13.76388,2.5308110000423767,12.530811000042377,0.06,1.976,0.49481100004237666,5.0
S00002,vRAN-DU,edge-B,301,DONE,13.76812,13.77165,3.5334930000772147,3.5334930000772147,0.141,2.791,0.6014930000772147,0.0
S00006,IMS-CSCF,core-1,280,DONE,13.77145,13.77355,2.1062730002086028,14.106273000208603,0.074,1.44,0.592273000208603,6.0
S00009,IoT-GW,edge-A,309,DONE,13.78591,13.78793,2.0195869999497518,2.0195869999497518,0.087,1.272,0.6605869999497518,0.0
S00009,IoT-GW,edge-A,310,DONE,13.79115,13.79284,1.6900119999263552,1.6900119999263552,0.064,1.084,0.5420119999263551,0.0
S00001,vRAN-DU,edge-A,285,DONE,13.79402,13.79721,3.189105000046766,3.189105000046766,0.054,2.681,0.4541050000467659,0.0
S00004,UPF,core-1,292,DONE,13.80041,13.80336,2.9554430000189313,14.955443000018931,0.113,2.177,0.6654430000189313,6.0
S00009,IoT-GW,edge-A,311,DONE,13.80276,13.80436,1.5984059998572775,1.5984059998572775,0.061,1.077,0.4604059998572776,0.0
S00009,IoT-GW,edge-A,312,DONE,13.80555,13.80686,1.3105230000292067,1.3105230000292067,0.063,0.857,0.3905230000292068,0.0
S00002,vRAN-DU,edge-B,302,DONE,13.81003,13.8138,3.76467799992497,3.76467799992497,0.105,2.984,0.6756779999249702,0.0
S00002,vRAN-DU,edge-B,303,DONE,13.81015,13.81515,4.991792999817335,4.991792999817335,0.189,4.418,0.3847929998173347,0.0
S00002,vRAN-DU,edge-B,304,DONE,13.8138,13.81781,4.0050360000805085,4.0050360000805085,0.046,3.098,0.8610360000805088,0.0
S00009,IoT-GW,edge-A,313,DONE,13.81781,13.81961,1.7999330000293412,1.7999330000293412,0.077,1.167,0.5559330000293412,0.0
S00002,vRAN-DU,edge-B,305,DONE,13.82084,13.82417,3.332523999915793,3.332523999915793,0.062,2.829,0.44152399991579294,0.0
S00006,IMS-CSCF,core-1,281,DONE,13.8264,13.82887,2.4769399999513553,14.476939999951355,0.1,1.698,0.6789399999513552,6.0
S00002,vRAN-DU,edge-B,306,DONE,13.82654,13.83012,3.576442000166935,3.576442000166935,0.062,2.719,0.7954420001669353,0.0
S00005,IMS-CSCF,core-1,319,DONE,13.82888,13.83106,2.1850280002126965,12.185028000212696,0.045,1.631,0.5090280002126966,5.0
S00007,Transcoder,core-1,164,DONE,13.83107,13.83867,7.602549000012004,17.602549000012004,0.062,6.789,0.7515490000120044,5.0
S00010,IoT-GW,edge-B,284,DONE,13.83543,13.83914,3.7097729998549767,3.7097729998549767,0.085,3.072,0.5527729998549766,0.0
S00004,UPF,core-1,293,DONE,13.83561,13.83868,3.072330999884798,15.072330999884798,0.099,2.191,0.782330999884798,6.0
S00006,IMS-CSCF,core-1,282,DONE,13.83571,13.84023,4.519413999787503,16.519413999787503,0.306,3.775,0.43841399978750273,6.0
S00006,IMS-CSCF,core-1,283,DONE,13.84656,13.84889,2.3287720000553236,14.328772000055324,0.084,1.519,0.7257720000553236,6.0
S00010,IoT-GW,edge-B,285,DONE,13.84889,13.85062,1.7244630000732286,1.7244630000732286,0.08,1.136,0.5084630000732286,0.0
S00009,IoT-GW,edge-A,314,DONE,13.8518,13.85402,2.221286999883887,2.221286999883887,0.086,1.512,0.623286999883887,0.0
S00010,IoT-GW,edge-B,286,DONE,13.85626,13.85824,1.9768039999235043,1.9768039999235043,0.07,1.315,0.5918039999235043,0.0
S00006,IMS-CSCF,core-1,284,DONE,13.85945,13.86188,2.4279640001623193,14.42796400016232,0.089,1.603,0.7359640001623193,6.0
S00002,vRAN-DU,edge-B,307,DONE,13.86189,13.86562,3.733836000037627,3.733836000037627,0.073,3.111,0.5498360000376268,0.0
S00005,IMS-CSCF,core-1,320,DONE,13.86434,13.86676,2.421486000002915,12.421486000002915,0.072,1.747,0.6024860000029146,5.0
S00003,UPF,core-1,315,DONE,13.86563,13.86828,2.6477209999029583,12.647720999902958,0.058,2.04,0.5497209999029584,5.0
S00001,vRAN-DU,edge-A,286,DONE,13.86949,13.87814,8.648540999956822,8.648540999956822,0.087,7.612,0.9495409999568221,0.0
S00008,Transcoder,core-1,147,DONE,13.87086,13.8842,13.335955999991711,25.33595599999171,0.076,12.746,0.51395599999171,6.0
S00002,vRAN-DU,edge-B,308,DONE,13.87128,13.87561,4.331210999907853,4.331210999907853,0.092,3.728,0.5112109999078531,0.0
S00007,Transcoder,core-1,165,DONE,13.87476,13.88297,8.217924000064158,18.21792400006416,0.076,7.496,0.6459240000641575,5.0
S00005,IMS-CSCF,core-1,321,DONE,13.89058,13.89387,3.2942980001280375,13.294298000128038,0.1,2.189,1.0052980001280374,5.0
S00005,IMS-CSCF,core-1,322,DONE,13.89289,13.89546,2.565151999988302,12.565151999988302,0.056,1.404,1.1051519999883022,5.0
S00002,vRAN-DU,edge-B,309,DONE,13.91193,13.91939,7.456966999825454,7.456966999825454,0.106,6.322,1.028966999825454,0.0
S00009,IoT-GW,edge-A,315,DONE,13.94086,13.94309,2.228650999995807,2.228650999995807,0.114,1.202,0.9126509999958072,0.0
S00002,vRAN-DU,edge-B,310,DONE,13.94106,13.94574,4.672640000080719,4.672640000080719,0.091,3.582,0.9996400000807188,0.0
S00003,UPF,core-1,316,DONE,13.95312,13.9569,3.781782000032763,13.781782000032763,0.192,2.484,1.1057820000327627,5.0
S00004,UPF,core-1,294,DONE,13.96222,13.9654,3.1752610000239656,15.175261000023966,0.087,2.392,0.6962610000239655,6.0
S00009,IoT-GW,edge-A,316,DONE,13.96467,13.96637,1.704842999970424,1.704842999970424,0.082,1.131,0.4918429999704239,0.0
S00002,vRAN-DU,edge-B,311,DONE,13.97778,13.98221,4.428430999951161,4.428430999951161,0.087,3.313,1.0284309999511607,0.0
S00005,IMS-CSCF,core-1,323,DONE,13.98222,13.98459,2.377472000034686,12.377472000034686,0.093,1.577,0.7074720000346861,5.0
S00010,IoT-GW,edge-B,287,DONE,13.98989,13.99191,2.0172519998595817,2.0172519998595817,0.089,1.239,0.6892519998595816,0.0
S00001,vRAN-DU,edge-A,287,DONE,13.99198,13.99569,3.711604999807605,3.711604999807605,0.08,2.93,0.7016049998076048,0.0
S00001,vRAN-DU,edge-A,288,DONE,14.00605,14.00982,3.771487999983947,3.771487999983947,0.093,2.852,0.826487999983947,0.0
S00009,IoT-GW,edge-A,317,DONE,14.00841,14.01018,1.7679830000361108,1.7679830000361108,0.117,1.169,0.4819830000361107,0.0
S00004,UPF,core-1,295,DONE,14.00982,14.01253,2.7105429999210173,14.710542999921017,0.084,2.095,0.5315429999210171,6.0
S00001,vRAN-DU,edge-A,289,DONE,14.01688,14.02061,3.7264589998358133,3.7264589998358133,0.081,2.576,1.0694589998358133,0.0
S00004,UPF,core-1,296,DONE,14.017,14.02017,3.1649140000808984,15.164914000080898,0.078,2.14,0.9469140000808984,6.0
S00006,IMS-CSCF,core-1,285,DONE,14.02018,14.02201,1.8329680001443194,13.83296800014432,0.056,1.44,0.3369680001443194,6.0
S00004,UPF,core-1,297,DONE,14.02942,14.04829,18.878233999885197,30.878233999885197,0.087,17.99,0.8012339998851985,6.0
S00005,IMS-CSCF,core-1,324,DONE,14.04775,14.05186,4.104977999986659,14.104977999986659,0.118,3.264,0.722977999986659,5.0
S00001,vRAN-DU,edge-A,290,DONE,14.04791,14.06746,19.54845000000205,19.54845000000205,0.193,14.729,4.626450000002048,0.0
S00001,vRAN-DU,edge-A,291,DONE,14.048,14.06745,19.457457000044087,19.457457000044087,0.261,14.015,5.181457000044087,0.0
S00008,Transcoder,core-1,148,DONE,14.04804,14.06144,13.39602999996714,25.39602999996714,1.224,9.123,3.049029999967141,6.0
S00003,UPF,core-1,317,DONE,14.04811,14.06143,13.321599999926548,23.321599999926548,1.265,5.661,6.395599999926548,5.0
S00008,Transcoder,core-1,149,DONE,14.05061,14.07169,21.08054300015283,33.08054300015283,0.056,18.515,2.509543000152828,6.0
S00006,IMS-CSCF,core-1,286,DONE,14.06145,14.06794,6.499566999991657,18.499566999991657,0.067,6.032,0.400566999991657,6.0
S00002,vRAN-DU,edge-B,312,DONE,14.07302,14.07725,4.225294999969265,4.225294999969265,0.161,3.214,0.850294999969265,0.0
S00005,IMS-CSCF,core-1,325,DONE,14.09772,14.10184,4.123768999988897,14.123768999988897,0.093,3.291,0.7397689999888972,5.0
S00004,UPF,core-1,298,DONE,14.09916,14.1019,2.7441170000201964,14.744117000020196,0.062,2.179,0.5031170000201968,6.0
S00004,UPF,core-1,299,DONE,14.10047,14.1044,3.92923399999745,15.92923399999745,1.179,2.297,0.45323399999744973,6.0
S00008,Transcoder,core-1,150,DONE,14.1088,14.12471,15.913793999970949,27.91379399997095,0.072,15.255,0.5867939999709488,6.0
S00001,vRAN-DU,edge-A,292,DONE,14.11118,14.12212,10.9340900000916,10.9340900000916,0.121,10.102,0.7110900000916001,0.0
S00006,IMS-CSCF,core-1,287,DONE,14.11404,14.11595,1.9098249999842665,13.909824999984266,0.074,1.296,0.5398249999842664,6.0
S00008,Transcoder,core-1,151,DONE,14.11833,14.12974,11.414300000069488,23.41430000006949,0.07,10.75,0.594300000069488,6.0
S00001,vRAN-DU,edge-A,293,DONE,14.12699,14.131,4.005954000149359,4.005954000149359,0.097,3.348,0.5609540001493589,0.0
S00002,vRAN-DU,edge-B,313,DONE,14.13641,14.14072,4.314675000159696,4.314675000159696,0.108,3.216,0.9906750001596958,0.0
S00005,IMS-CSCF,core-1,326,DONE,14.14707,14.14982,2.7571509999688715,12.757150999968871,0.099,1.816,0.8421509999688712,5.0
S00010,IoT-GW,edge-B,288,DONE,14.15314,14.15559,2.4505850001332874,2.4505850001332874,0.091,1.453,0.9065850001332871,0.0
S00005,IMS-CSCF,core-1,327,DONE,14.1546,14.15714,2.537806999953318,12.537806999953318,0.116,1.782,0.639806999953318,5.0
S00006,IMS-CSCF,core-1,288,DONE,14.16946,14.17214,2.678510000123424,14.678510000123424,0.087,1.842,0.7495100001234238,6.0
S00009,IoT-GW,edge-A,318,DONE,14.17436,14.17665,2.2903540000243083,2.2903540000243083,0.082,1.551,0.6573540000243085,0.0
S00009,IoT-GW,edge-A,319,DONE,14.18397,14.1862,2.2246459998314094,2.2246459998314094,0.083,1.44,0.7016459998314093,0.0
S00003,UPF,core-1,318,DONE,14.19245,14.19562,3.167317999896113,13.167317999896113,0.09,2.229,0.8483179998961132,5.0
S00009,IoT-GW,edge-A,320,DONE,14.19563,14.1977,2.073139000003721,2.073139000003721,0.074,1.363,0.6361390000037208,0.0
S00001,vRAN-DU,edge-A,294,DONE,14.1977,14.20321,5.508969999937108,5.508969999937108,0.053,4.976,0.47996999993710787,0.0
S00001,vRAN-DU,edge-A,295,DONE,14.19901,14.20373,4.7111129999848345,4.7111129999848345,0.06,4.09,0.561112999984835,0.0
S00010,IoT-GW,edge-B,289,DONE,14.20126,14.20459,3.32729499996276,3.32729499996276,0.099,2.4,0.8282949999627598,0.0
S00002,vRAN-DU,edge-B,314,DONE,14.21901,14.223,3.992383999957383,3.992383999957383,0.096,2.998,0.8983839999573826,0.0
S00010,IoT-GW,edge-B,290,DONE,14.22145,14.22329,1.8399939999653725,1.8399939999653725,0.07,1.209,0.5609939999653724,0.0
S00010,IoT-GW,edge-B,291,DONE,14.2245,14.22642,1.9181430000116961,1.9181430000116961,0.095,1.258,0.5651430000116962,0.0
S00005,IMS-CSCF,core-1,328,DONE,14.22643,14.22881,2.37612299997636,12.37612299997636,0.091,1.593,0.6921229999763598,5.0
S00006,IMS-CSCF,core-1,289,DONE,14.23001,14.23212,2.1091770001930854,14.109177000193085,0.067,1.506,0.5361770001930852,6.0
S00009,IoT-GW,edge-A,321,DONE,14.23639,14.23857,2.181426000106512,2.181426000106512,0.089,1.22,0.8724260001065123,0.0
S00010,IoT-GW,edge-B,292,DONE,14.23781,14.23987,2.0621620001293195,2.0621620001293195,0.077,1.448,0.5371620001293196,0.0
S00002,vRAN-DU,edge-B,315,DONE,14.24512,14.25082,5.693214000075386,5.693214000075386,0.117,5.04,0.5362140000753861,0.0
S00003,UPF,core-1,319,DONE,14.24525,14.25003,4.773824000039895,14.773824000039895,0.094,2.896,1.7838240000398944,5.0
S00004,UPF,core-1,300,DONE,14.25003,14.2534,3.363312000146834,15.363312000146834,0.076,2.356,0.9313120001468342,6.0
S00006,IMS-CSCF,core-1,290,DONE,14.25205,14.25522,3.172932000097717,15.172932000097717,0.17,1.947,1.0559320000977168,6.0
S00001,vRAN-DU,edge-A,296,DONE,14.25478,14.26156,6.785161999914635,6.785161999914635,0.089,5.933,0.7631619999146348,0.0
S00003,UPF,core-1,320,DONE,14.25488,14.25897,4.090548000021954,14.090548000021954,0.048,3.413,0.6295480000219542,5.0
S00008,Transcoder,core-1,152,DONE,14.27591,14.28285,6.9417820000126085,18.94178200001261,0.091,6.227,0.623782000012608,6.0
S00004,UPF,core-1,301,DONE,14.27725,14.27972,2.4669699998867145,14.466969999886715,0.111,1.833,0.5229699998867143,6.0
S00010,IoT-GW,edge-B,293,DONE,14.28607,14.28786,1.7913709998538252,1.7913709998538252,0.085,1.138,0.5683709998538253,0.0
S00009,IoT-GW,edge-A,322,DONE,14.28787,14.28988,2.0110370001020783,2.0110370001020783,0.112,1.404,0.4950370001020783,0.0
S00006,IMS-CSCF,core-1,291,DONE,14.29206,14.29403,1.9655339999644639,13.965533999964464,0.076,1.439,0.45053399996446375,6.0
S00003,UPF,core-1,321,DONE,14.29622,14.29865,2.4369019999994634,12.436901999999463,0.056,1.986,0.3949019999994634,5.0
S00002,vRAN-DU,edge-B,316,DONE,14.29982,14.30317,3.35509199999251,3.35509199999251,0.079,2.74,0.5360919999925096,0.0
S00001,vRAN-DU,edge-A,297,DONE,14.3064,14.30994,3.539109000030294,3.539109000030294,0.078,2.867,0.594109000030294,0.0
S00003,UPF,core-1,322,DONE,14.30874,14.31142,2.6832070000182284,12.683207000018228,0.078,2.164,0.44120700001822843,5.0
S00004,UPF,core-1,302,DONE,14.31111,14.31399,2.8759470001205045,14.875947000120505,0.064,2.043,0.7689470001205043,6.0
S00001,vRAN-DU,edge-A,298,DONE,14.31399,14.31711,3.118275999895559,3.118275999895559,0.075,2.657,0.3862759998955587,0.0
S00010,IoT-GW,edge-B,294,DONE,14.31627,14.31805,1.7844779999904858,1.7844779999904858,0.087,1.186,0.5114779999904859,0.0
S00006,IMS-CSCF,core-1,292,DONE,14.3181,14.32015,2.0559469999170688,14.055946999917069,0.065,1.494,0.4969469999170688,6.0
S00005,IMS-CSCF,core-1,329,DONE,14.31935,14.32117,1.8233029998100392,11.82330299981004,0.07,1.327,0.42630299981003916,5.0
S00005,IMS-CSCF,core-1,330,DONE,14.32118,14.32273,1.5489539998725377,11.548953999872538,0.043,1.231,0.27495399987253766,5.0
S00001,vRAN-DU,edge-A,299,DONE,14.32694,14.33139,4.447118999905797,4.447118999905797,0.078,3.817,0.5521189999057965,0.0
S00006,IMS-CSCF,core-1,293,DONE,14.33264,14.33477,2.122683000152392,14.122683000152392,0.076,1.488,0.5586830001523921,6.0
S00010,IoT-GW,edge-B,295,DONE,14.34515,14.347,1.855249000072945,1.855249000072945,0.097,1.152,0.606249000072945,0.0
S00006,IMS-CSCF,core-1,294,DONE,14.35429,14.3566,2.308964000121705,14.308964000121705,0.086,1.61,0.6129640001217049,6.0
S00007,Transcoder,core-1,166,DONE,14.35778,14.36591,8.13025699994796,18.13025699994796,0.062,7.693,0.37525699994796113,5.0
S00002,vRAN-DU,edge-B,317,DONE,14.35787,14.3633,5.427136999969662,5.427136999969662,0.199,4.782,0.44613699996966183,0.0
S00009,IoT-GW,edge-A,323,DONE,14.36561,14.3674,1.7885149998164707,1.7885149998164707,0.085,1.099,0.6045149998164707,0.0
S00008,Transcoder,core-1,153,DONE,14.37465,14.38313,8.471101000168346,20.471101000168346,0.07,7.864,0.537101000168346,6.0
S00008,Transcoder,core-1,154,DONE,14.37594,14.38326,7.3212579998198635,19.321257999819863,0.053,6.722,0.5462579998198631,6.0
S00010,IoT-GW,edge-B,296,DONE,14.3792,14.38279,3.590164000115692,3.590164000115692,0.119,2.971,0.5001640001156922,0.0
S00006,IMS-CSCF,core-1,295,DONE,14.38313,14.38494,1.8067620001147588,13.806762000114759,0.054,1.334,0.4187620001147587,6.0
S00005,IMS-CSCF,core-1,331,DONE,14.38445,14.38645,1.9910119999622111,11.991011999962211,0.045,1.314,0.6320119999622111,5.0
S00004,UPF,core-1,303,DONE,14.38614,14.38854,2.4037389998738945,14.403738999873894,0.045,1.889,0.46973899987389456,6.0
S00002,vRAN-DU,edge-B,318,DONE,14.39883,14.4023,3.471805999879507,3.471805999879507,0.082,2.786,0.6038059998795071,0.0
S00010,IoT-GW,edge-B,297,DONE,14.40454,14.40601,1.4674340000055963,1.4674340000055963,0.062,0.977,0.4284340000055963,0.0
S00001,vRAN-DU,edge-A,300,DONE,14.4058,14.40916,3.367423999861785,3.367423999861785,0.076,2.72,0.5714239998617847,0.0
S00001,vRAN-DU,edge-A,301,DONE,14.41334,14.41651,3.16629600001761,3.16629600001761,0.059,2.643,0.46429600001760996,0.0
S00006,IMS-CSCF,core-1,296,DONE,14.4197,14.42181,2.108993999854647,14.108993999854647,0.132,1.469,0.5079939998546468,6.0
S00003,UPF,core-1,323,DONE,14.42605,14.42859,2.5409830000171496,12.54098300001715,0.067,2.014,0.45998300001714965,5.0
S00003,UPF,core-1,324,DONE,14.43079,14.43405,3.265314999907787,13.265314999907787,0.059,2.68,0.5263149999077865,5.0
S00005,IMS-CSCF,core-1,332,DONE,14.43309,14.43482,1.7255410000416305,11.72554100004163,0.058,1.274,0.3935410000416304,5.0
S00002,vRAN-DU,edge-B,319,DONE,14.437,14.44103,4.031192999946143,4.031192999946143,0.082,3.467,0.48219299994614273,0.0
S00006,IMS-CSCF,core-1,297,DONE,14.43709,14.43922,2.135263999889503,14.135263999889503,0.05,1.786,0.29926399988950303,6.0
S00009,IoT-GW,edge-A,324,DONE,14.43829,14.43985,1.5564220000214846,1.5564220000214846,0.08,1.074,0.4024220000214844,0.0
S00005,IMS-CSCF,core-1,333,DONE,14.44422,14.44621,1.9855850000567443,11.985585000056744,0.093,1.482,0.41058500005674436,5.0
S00009,IoT-GW,edge-A,325,DONE,14.45042,14.45201,1.5962249999574851,1.5962249999574851,0.073,1.022,0.5012249999574852,0.0
S00006,IMS-CSCF,core-1,298,DONE,14.45172,14.45397,2.2583119998671464,14.258311999867146,0.295,1.569,0.3943119998671465,6.0
S00002,vRAN-DU,edge-B,320,DONE,14.45202,14.4563,4.2854690000240225,4.2854690000240225,0.076,3.811,0.39846900002402297,0.0
S00003,UPF,core-1,325,DONE,14.45398,14.45634,2.3624450000170327,12.362445000017033,0.047,2.077,0.23844500001703262,5.0
S00008,Transcoder,core-1,155,DONE,14.46271,14.46993,7.223243999987972,19.22324399998797,0.085,6.566,0.5722439999879718,6.0
S00002,vRAN-DU,edge-B,321,DONE,14.46916,14.47283,3.669914999818502,3.669914999818502,0.133,2.86,0.6769149998185022,0.0
S00007,Transcoder,core-1,167,DONE,14.47284,14.47937,6.528749999915817,16.528749999915817,0.078,5.94,0.5107499999158165,5.0
S00009,IoT-GW,edge-A,326,DONE,14.48468,14.48641,1.7275909999625583,1.7275909999625583,0.068,1.133,0.5265909999625582,0.0
S00006,IMS-CSCF,core-1,299,DONE,14.48641,14.4884,1.9881519999671582,13.988151999967158,0.073,1.45,0.4651519999671583,6.0
S00009,IoT-GW,edge-A,327,DONE,14.4896,14.4941,4.500774999996793,4.500774999996793,0.057,3.015,1.4287749999967922,0.0
S00002,vRAN-DU,edge-B,322,DONE,14.48969,14.49663,6.939260000081049,6.939260000081049,0.09,6.124,0.7252600000810494,0.0
S00002,vRAN-DU,edge-B,323,DONE,14.48977,14.49411,4.337939000151891,4.337939000151891,0.242,3.324,0.7719390001518915,0.0
S00007,Transcoder,core-1,168,DONE,14.48983,14.4998,9.97026499999265,19.97026499999265,0.06,9.456,0.4542649999926507,5.0
S00010,IoT-GW,edge-B,298,DONE,14.49411,14.49612,2.0010460000321473,2.0010460000321473,0.056,1.541,0.4040460000321473,0.0
S00003,UPF,core-1,326,DONE,14.49419,14.49863,4.441762000169547,14.441762000169547,0.08,3.544,0.8177620001695467,5.0
S00005,IMS-CSCF,core-1,334,DONE,14.49422,14.4998,5.574516000024232,15.574516000024232,0.115,3.512,1.947516000024232,5.0
S00005,IMS-CSCF,core-1,335,DONE,14.49585,14.50022,4.371192000007795,14.371192000007795,2.072,1.565,0.7341920000077953,5.0
S00010,IoT-GW,edge-B,299,DONE,14.49863,14.50088,2.2430120000080933,2.2430120000080933,0.061,0.969,1.2130120000080935,0.0
S00010,IoT-GW,edge-B,300,DONE,14.4987,14.50193,3.235662999941269,3.235662999941269,1.202,0.888,1.145662999941269,0.0
S00002,vRAN-DU,edge-B,324,DONE,14.50415,14.50736,3.216149999843765,3.216149999843765,0.051,2.689,0.4761499998437646,0.0
S00006,IMS-CSCF,core-1,300,DONE,14.50737,14.50922,1.8555929998456122,13.855592999845612,0.077,1.329,0.4495929998456123,6.0
S00009,IoT-GW,edge-A,328,DONE,14.50749,14.51013,2.6464600000508653,2.6464600000508653,0.081,2.112,0.4534600000508653,0.0
S00010,IoT-GW,edge-B,301,DONE,14.52259,14.5266,4.008801000054518,4.008801000054518,0.092,1.396,2.5208010000545182,0.0
S00004,UPF,core-1,304,DONE,14.53293,14.53592,2.992019999965123,14.992019999965123,0.089,2.319,0.5840199999651232,6.0
S00009,IoT-GW,edge-A,329,DONE,14.5412,14.54328,2.083377000190012,2.083377000190012,0.091,1.353,0.6393770001900121,0.0
S00008,Transcoder,core-1,156,DONE,14.54855,14.55521,6.659144000195738,18.659144000195738,0.084,5.981,0.5941440001957385,6.0
S00005,IMS-CSCF,core-1,336,DONE,14.55291,14.55468,1.7687709998881473,11.768770999888147,0.069,1.169,0.5307709998881474,5.0
S00002,vRAN-DU,edge-B,325,DONE,14.5574,14.56069,3.2925350001278275,3.2925350001278275,0.081,2.669,0.5425350001278275,0.0
S00004,UPF,core-1,305,DONE,14.55869,14.56119,2.4966910000330245,14.496691000033024,0.049,2.065,0.3826910000330246,6.0
S00004,UPF,core-1,306,DONE,14.56439,14.56892,4.53068899992104,16.53068899992104,0.095,2.886,1.54968899992104,6.0
S00003,UPF,core-1,327,DONE,14.56776,14.57239,4.625350999958755,14.625350999958755,0.091,4.056,0.47835099995875474,5.0
S00006,IMS-CSCF,core-1,301,DONE,14.57562,14.57776,2.1483170000919927,14.148317000091993,0.085,1.437,0.6263170000919926,6.0
S00002,vRAN-DU,edge-B,326,DONE,14.57694,14.58059,3.6489040001015383,3.6489040001015383,0.116,2.936,0.5969040001015382,0.0
S00002,vRAN-DU,edge-B,327,DONE,14.59501,14.59838,3.3756529999209306,3.3756529999209306,0.086,2.716,0.5736529999209306,0.0
S00005,IMS-CSCF,core-1,337,DONE,14.59525,14.59843,3.186725999967166,13.186725999967166,0.131,2.552,0.5037259999671657,5.0
S00009,IoT-GW,edge-A,330,DONE,14.59793,14.60045,2.5184480000461917,2.5184480000461917,0.103,1.38,1.0354480000461916,0.0
S00004,UPF,core-1,307,DONE,14.60677,14.61001,3.2420689999526076,15.242068999952608,0.115,2.464,0.6630689999526074,6.0
S00002,vRAN-DU,edge-B,328,DONE,14.6133,14.62275,9.45016199989368,9.45016199989368,0.08,8.808,0.5621619998936804,0.0
S00009,IoT-GW,edge-A,331,DONE,14.61569,14.61784,2.1462080001128925,2.1462080001128925,0.075,1.58,0.49120800011289223,0.0
S00003,UPF,core-1,328,DONE,14.617,14.62108,4.078294999999343,14.078294999999343,0.072,3.474,0.5322949999993432,5.0
S00003,UPF,core-1,329,DONE,14.61901,14.62859,9.58234499989885,19.58234499989885,2.066,7.05,0.46634499989885114,5.0
S00009,IoT-GW,edge-A,332,DONE,14.62108,14.62363,2.5505840001187607,2.5505840001187607,0.055,1.952,0.5435840001187606,0.0
S00005,IMS-CSCF,core-1,338,DONE,14.62232,14.62905,6.726366000066264,16.726366000066264,0.048,5.415,1.2633660000662639,5.0
S00003,UPF,core-1,330,DONE,14.62363,14.63157,7.930239999950572,17.930239999950572,5.134,2.042,0.7542399999505722,5.0
S00009,IoT-GW,edge-A,333,DONE,14.62368,14.62553,1.85218999990866,1.85218999990866,0.038,1.207,0.6071899999086598,0.0
S00002,vRAN-DU,edge-B,329,DONE,14.62496,14.6289,3.9330679999238782,3.9330679999238782,0.062,3.34,0.5310679999238785,0.0
S00009,IoT-GW,edge-A,334,DONE,14.62792,14.63708,9.164499000007709,9.164499000007709,0.048,4.013,5.103499000007709,0.0
S00002,vRAN-DU,edge-B,330,DONE,14.63031,14.63752,7.20339999998032,7.20339999998032,0.88,5.034,1.2893999999803203,0.0
S00005,IMS-CSCF,core-1,339,DONE,14.6304,14.63691,6.513478999977451,16.51347899997745,0.085,1.398,5.0304789999774515,5.0
S00003,UPF,core-1,331,DONE,14.63709,14.64091,3.825433999963934,13.825433999963934,0.164,2.823,0.8384339999639341,5.0
S00006,IMS-CSCF,core-1,302,DONE,14.63721,14.64054,3.3293749997937994,15.3293749997938,0.051,2.691,0.5873749997937994,6.0
S00010,IoT-GW,edge-B,302,DONE,14.63728,14.64091,3.6281269999562937,3.6281269999562937,0.083,2.811,0.7341269999562936,0.0
S00003,UPF,core-1,332,DONE,14.63734,14.64545,8.106313000098453,18.106313000098453,3.087,4.342,0.6773130000984535,5.0
S00007,Transcoder,core-1,169,DONE,14.64213,14.6504,8.270310000170866,18.270310000170866,0.049,7.71,0.5113100001708668,5.0
S00009,IoT-GW,edge-A,335,DONE,14.64493,14.6478,2.8640489999816054,2.8640489999816054,0.077,2.251,0.5360489999816056,0.0
S00005,IMS-CSCF,core-1,340,DONE,14.645,14.64742,2.4242160000085278,12.424216000008528,0.061,1.895,0.4682160000085278,5.0
S00001,vRAN-DU,edge-A,302,DONE,14.65002,14.6551,5.079448000060438,5.079448000060438,0.057,4.59,0.4324480000604378,0.0
S00004,UPF,core-1,308,DONE,14.65731,14.66027,2.9621080000197253,14.962108000019725,0.117,2.231,0.6141080000197254,6.0
S00002,vRAN-DU,edge-B,331,DONE,14.65745,14.66235,4.902780999827883,4.902780999827883,0.092,4.317,0.4937809998278828,0.0
S00009,IoT-GW,edge-A,336,DONE,14.66767,14.6699,2.23536199996488,2.23536199996488,0.075,1.592,0.5683619999648797,0.0
S00002,vRAN-DU,edge-B,332,DONE,14.68729,14.69162,4.324477999944065,4.324477999944065,0.121,3.268,0.935477999944065,0.0
S00004,UPF,core-1,309,DONE,14.70192,14.71387,11.94787899999028,23.94787899999028,0.097,5.374,6.476878999990281,6.0
S00004,UPF,core-1,310,DONE,14.7021,14.71476,12.662053999974887,24.662053999974887,5.702,6.026,0.9340539999748874,6.0
S00009,IoT-GW,edge-A,337,DONE,14.71339,14.73491,21.520753000004333,21.520753000004333,0.089,10.33,11.101753000004335,0.0
S00008,Transcoder,core-1,157,DONE,14.71361,14.7358,22.18811900002038,34.18811900002038,0.158,20.873,1.1571190000203764,6.0
S00005,IMS-CSCF,core-1,341,DONE,14.71368,14.73494,21.26118499995755,31.26118499995755,0.245,19.156,1.86018499995755,5.0
S00007,Transcoder,core-1,170,DONE,14.71373,14.73607,22.339662999911525,32.339662999911525,0.198,20.829,1.3126629999115238,5.0
S00001,vRAN-DU,edge-A,303,DONE,14.72024,14.73493,14.690329000131896,14.690329000131896,0.081,12.258,2.351329000131898,0.0
S00008,Transcoder,core-1,158,DONE,14.72039,14.74807,27.67728599997099,39.67728599997099,0.38,13.954,13.343285999970991,6.0
S00005,IMS-CSCF,core-1,342,DONE,14.72051,14.74484,24.333208000143713,34.33320800014371,2.626,7.891,13.816208000143712,5.0
S00003,UPF,core-1,333,DONE,14.72057,14.73731,16.73744900017482,26.73744900017482,0.608,2.824,13.30544900017482,5.0
S00006,IMS-CSCF,core-1,303,DONE,14.73495,14.73802,3.067940999926577,15.067940999926577,0.19,1.457,1.4209409999265772,6.0
S00005,IMS-CSCF,core-1,343,DONE,14.73731,14.74639,9.082105999823398,19.082105999823398,6.746,1.837,0.4991059998233973,5.0
S00002,vRAN-DU,edge-B,333,DONE,14.73802,14.74486,6.83339099987279,6.83339099987279,0.122,3.023,3.6883909998727904,0.0
S00002,vRAN-DU,edge-B,334,DONE,14.74496,14.7509,5.938166000078127,5.938166000078127,0.066,4.447,1.4251660000781268,0.0
S00003,UPF,core-1,334,DONE,14.76338,14.76828,4.90757600005054,14.90757600005054,0.092,4.023,0.7925760000505404,5.0
S00007,Transcoder,core-1,171,DONE,14.7736,14.78099,7.389281000087067,17.389281000087067,0.125,6.253,1.0112810000870667,5.0
S00002,vRAN-DU,edge-B,335,DONE,14.781,14.79003,9.034511999971073,9.034511999971073,0.083,8.414,0.5375119999710734,0.0
S00003,UPF,core-1,335,DONE,14.7834,14.79328,9.879264999881343,19.879264999881343,0.187,6.108,3.584264999881344,5.0
S00006,IMS-CSCF,core-1,304,DONE,14.78484,14.78978,4.943747999959669,16.94374799995967,0.058,1.685,3.200747999959669,6.0
S00002,vRAN-DU,edge-B,336,DONE,14.78613,14.79425,8.119511000131752,8.119511000131752,0.082,7.379,0.6585110001317513,0.0
S00010,IoT-GW,edge-B,303,DONE,14.79129,14.7936,2.3067740000897174,2.3067740000897174,0.064,1.322,0.9207740000897173,0.0
S00009,IoT-GW,edge-A,338,DONE,14.79659,14.79906,2.4666630001775047,2.4666630001775047,0.084,1.684,0.6986630001775047,0.0
S00006,IMS-CSCF,core-1,305,DONE,14.80331,14.80609,2.776271000129782,14.776271000129782,0.133,1.901,0.7422710001297819,6.0
S00006,IMS-CSCF,core-1,306,DONE,14.80343,14.80766,4.230234000033306,16.230234000033306,2.184,1.373,0.6732340000333059,6.0
S00005,IMS-CSCF,core-1,344,DONE,14.81193,14.81402,2.0872390000477026,12.087239000047703,0.092,1.427,0.5682390000477024,5.0
S00007,Transcoder,core-1,172,DONE,14.81206,14.81958,7.521764999864899,17.5217649998649,0.216,6.566,0.7397649998648994,5.0
S00002,vRAN-DU,edge-B,337,DONE,14.81959,14.82381,4.219007000074271,4.219007000074271,0.44,3.347,0.43200700007427084,0.0
S00009,IoT-GW,edge-A,339,DONE,14.82001,14.82218,2.166687999988426,2.166687999988426,0.086,1.268,0.812687999988426,0.0
S00001,vRAN-DU,edge-A,304,DONE,14.8271,14.83097,3.864648999979181,3.864648999979181,0.136,3.167,0.5616489999791812,0.0
S00006,IMS-CSCF,core-1,307,DONE,14.83523,14.83783,2.6001830001405324,14.600183000140532,0.183,1.581,0.8361830001405326,6.0
S00006,IMS-CSCF,core-1,308,DONE,14.83767,14.83962,1.947720000089248,13.947720000089248,0.057,1.408,0.4827200000892482,6.0
S00008,Transcoder,core-1,159,DONE,14.83963,14.84799,8.360935999917274,20.360935999917274,0.052,7.55,0.7589359999172745,6.0
S00007,Transcoder,core-1,173,DONE,14.84087,14.848,7.135309999966921,17.13530999996692,0.051,6.676,0.40830999996692086,5.0
S00003,UPF,core-1,336,DONE,14.85023,14.85279,2.5578920001407823,12.557892000140782,0.067,1.994,0.49689200014078216,5.0
S00002,vRAN-DU,edge-B,338,DONE,14.85256,14.85616,3.600201999915953,3.600201999915953,0.085,2.949,0.5662019999159531,0.0
S00006,IMS-CSCF,core-1,309,DONE,14.86152,14.86358,2.0598490000338643,14.059849000033864,0.085,1.364,0.6108490000338642,6.0
S00001,vRAN-DU,edge-A,305,DONE,14.86285,14.86662,3.766609000194876,3.766609000194876,0.079,3.106,0.5816090001948759,0.0
S00004,UPF,core-1,311,DONE,14.87084,14.87369,2.8474380001171085,14.847438000117108,0.073,2.213,0.5614380001171084,6.0
S00006,IMS-CSCF,core-1,310,DONE,14.87893,14.88162,2.6908479999292467,14.690847999929247,0.207,1.627,0.8568479999292469,6.0
S00006,IMS-CSCF,core-1,311,DONE,14.88169,14.88386,2.1634770000673598,14.16347700006736,0.055,1.62,0.4884770000673595,6.0
S00003,UPF,core-1,337,DONE,14.883,14.88904,6.043030999990151,16.04303099999015,0.059,3.021,2.963030999990151,5.0
S00010,IoT-GW,edge-B,304,DONE,14.88386,14.88903,5.167604000007486,5.167604000007486,0.091,1.561,3.515604000007486,0.0
S00008,Transcoder,core-1,160,DONE,14.88401,14.89355,9.543645999883665,21.543645999883665,0.062,8.95,0.5316459998836667,6.0
S00004,UPF,core-1,312,DONE,14.88411,14.89124,7.125613999960478,19.12561399996048,0.091,6.6,0.43461399996047856,6.0
S00002,vRAN-DU,edge-B,339,DONE,14.88904,14.8941,5.054491000009875,5.054491000009875,0.06,4.644,0.35049100000987554,0.0
S00009,IoT-GW,edge-A,340,DONE,14.90439,14.90626,1.8749389998902188,1.8749389998902188,0.089,1.107,0.6789389998902189,0.0
S00002,vRAN-DU,edge-B,340,DONE,14.90627,14.90954,3.2704650000141555,3.2704650000141555,0.078,2.706,0.4864650000141557,0.0
S00004,UPF,core-1,313,DONE,14.91072,14.91346,2.7420960000199557,14.742096000019956,0.087,2.169,0.48609600001995545,6.0
S00006,IMS-CSCF,core-1,312,DONE,14.913,14.91559,2.590418999943722,14.590418999943722,0.132,1.314,1.144418999943722,6.0
S00004,UPF,core-1,314,DONE,14.91307,14.91574,2.6670260001537827,14.667026000153783,0.056,1.979,0.6320260001537825,6.0
S00005,IMS-CSCF,core-1,345,DONE,14.9156,14.91902,3.418399000111094,13.418399000111094,0.063,1.268,2.087399000111094,5.0
S00003,UPF,core-1,338,DONE,14.9189,14.9213,2.400151000074402,12.400151000074402,0.041,1.991,0.36815100007440194,5.0
S00004,UPF,core-1,315,DONE,14.92117,14.92334,2.1718600000895094,14.17186000008951,0.041,1.879,0.2518600000895095,6.0
S00010,IoT-GW,edge-B,305,DONE,14.92758,14.92924,1.6582439998273912,1.6582439998273912,0.085,1.08,0.4932439998273912,0.0
S00010,IoT-GW,edge-B,306,DONE,14.93141,14.93474,3.3229830000891525,3.3229830000891525,0.05,0.943,2.3299830000891526,0.0
S00005,IMS-CSCF,core-1,346,DONE,14.93687,14.93901,2.1442939998905786,12.144293999890579,0.075,1.521,0.5482939998905785,5.0
S00008,Transcoder,core-1,161,DONE,14.94121,14.94773,6.522391999851607,18.522391999851607,0.089,5.999,0.4343919998516066,6.0
S00010,IoT-GW,edge-B,307,DONE,14.95797,14.95962,1.64850999999544,1.64850999999544,0.084,1.018,0.5465099999954399,0.0
S00006,IMS-CSCF,core-1,313,DONE,14.95809,14.96039,2.3026410001421027,14.302641000142103,0.243,1.464,0.5956410001421029,6.0
S00006,IMS-CSCF,core-1,314,DONE,14.95814,14.96176,3.613069000039104,15.613069000039104,1.837,1.281,0.49506900003910426,6.0
S00010,IoT-GW,edge-B,308,DONE,14.9616,14.96299,1.3939230000232783,1.3939230000232783,0.049,0.876,0.46892300002327836,0.0
S00001,vRAN-DU,edge-A,306,DONE,14.96166,14.96536,3.7014849999650323,3.7014849999650323,0.065,3.104,0.5324849999650323,0.0
S00005,IMS-CSCF,core-1,347,DONE,14.96517,14.96823,3.0546729999514355,13.054672999951435,0.049,2.672,0.3336729999514354,5.0
S00002,vRAN-DU,edge-B,341,DONE,14.96524,14.96823,2.9882999999699678,2.9882999999699678,0.069,2.479,0.4402999999699677,0.0
S00009,IoT-GW,edge-A,341,DONE,14.97247,14.97396,1.491958000087834,1.491958000087834,0.113,0.971,0.4079580000878341,0.0
S00002,vRAN-DU,edge-B,342,DONE,14.98424,14.98758,3.3368959998369974,3.3368959998369974,0.071,2.729,0.5368959998369971,0.0
S00003,UPF,core-1,339,DONE,14.99076,14.99345,2.684879999833356,12.684879999833356,0.086,2.129,0.46987999983335627,5.0
S00003,UPF,core-1,340,DONE,15.00773,15.01035,2.627659999916432,12.627659999916432,0.073,2.068,0.48665999991643183,5.0
S00010,IoT-GW,edge-B,309,DONE,15.01002,15.01173,1.7035160001341865,1.7035160001341865,0.074,1.063,0.5665160001341865,0.0
S00003,UPF,core-1,341,DONE,15.01154,15.01589,4.348378000031516,14.348378000031516,0.051,3.98,0.3173780000315163,5.0
S00001,vRAN-DU,edge-A,307,DONE,15.01161,15.01706,5.452867000030892,5.452867000030892,0.117,4.806,0.529867000030892,0.0
S00004,UPF,core-1,316,DONE,15.01173,15.0143,2.5630399998135545,14.563039999813554,0.038,2.166,0.3590399998135547,6.0
S00006,IMS-CSCF,core-1,315,DONE,15.0143,15.01706,2.7567329998419154,14.756732999841915,0.161,2.264,0.3317329998419156,6.0
S00006,IMS-CSCF,core-1,316,DONE,15.01824,15.01986,1.6211299998758477,13.621129999875848,0.088,1.207,0.32612999987584756,6.0
S00009,IoT-GW,edge-A,342,DONE,15.02609,15.02765,1.563975999943068,1.563975999943068,0.068,1.073,0.422975999943068,0.0
S00010,IoT-GW,edge-B,310,DONE,15.03084,15.03249,1.6470739999476791,1.6470739999476791,0.076,1.075,0.4960739999476791,0.0
S00001,vRAN-DU,edge-A,308,DONE,15.0377,15.04087,3.174668000156089,3.174668000156089,0.075,2.61,0.4896680001560889,0.0
S00010,IoT-GW,edge-B,311,DONE,15.03999,15.04149,1.500203000205147,1.500203000205147,0.069,1.026,0.405203000205147,0.0
S00009,IoT-GW,edge-A,343,DONE,15.05718,15.05901,1.8269100000907201,1.8269100000907201,0.085,1.15,0.5919100000907203,0.0
S00007,Transcoder,core-1,174,DONE,15.06122,15.06847,7.251228000086485,17.251228000086485,0.108,6.392,0.7512280000864848,5.0
S00005,IMS-CSCF,core-1,348,DONE,15.06848,15.07047,1.9865480001044489,11.986548000104449,0.058,1.524,0.4045480001044488,5.0
S00005,IMS-CSCF,core-1,349,DONE,15.06978,15.0718,2.0191399999021087,12.019139999902109,0.415,1.234,0.37013999990210866,5.0
S00004,UPF,core-1,317,DONE,15.07808,15.08098,2.8990309999699093,14.89903099996991,0.106,2.141,0.6520309999699094,6.0
S00005,IMS-CSCF,core-1,350,DONE,15.08228,15.08429,2.0112939998853108,12.01129399988531,0.06,1.421,0.5302939998853107,5.0
S00004,UPF,core-1,318,DONE,15.08429,15.08702,2.723656999933155,14.723656999933155,0.054,2.243,0.4266569999331553,6.0
S00004,UPF,core-1,319,DONE,15.11551,15.12505,9.545860999878641,21.54586099987864,0.163,6.344,3.038860999878641,6.0
S00002,vRAN-DU,edge-B,343,DONE,15.11698,15.12563,8.65224499989381,8.65224499989381,0.125,7.568,0.9592449998938104,0.0
S00006,IMS-CSCF,core-1,317,DONE,15.11712,15.12507,7.954526000048645,19.954526000048645,0.173,4.771,3.010526000048645,6.0
S00002,vRAN-DU,edge-B,344,DONE,15.11862,15.12956,10.932987999922261,10.932987999922261,0.093,10.218,0.6219879999222613,0.0
S00006,IMS-CSCF,core-1,318,DONE,15.12689,15.12981,2.913907999982257,14.913907999982257,0.135,2.241,0.5379079999822571,6.0
S00010,IoT-GW,edge-B,312,DONE,15.1299,15.13233,2.439070000036736,2.439070000036736,0.078,1.707,0.6540700000367361,0.0
S00009,IoT-GW,edge-A,344,DONE,15.14886,15.15128,2.4210870001297735,2.4210870001297735,0.087,1.62,0.7140870001297732,0.0
S00008,Transcoder,core-1,162,DONE,15.15634,15.16367,7.329318000074636,19.329318000074636,0.161,6.183,0.9853180000746367,6.0
S00003,UPF,core-1,342,DONE,15.15884,15.16308,4.241079999928843,14.241079999928843,0.086,3.62,0.5350799999288425,5.0
S00006,IMS-CSCF,core-1,319,DONE,15.16012,15.16462,4.493389000117531,16.49338900011753,0.07,3.917,0.5063890001175313,6.0
S00003,UPF,core-1,343,DONE,15.16368,15.16648,2.8055319999111816,12.805531999911182,0.07,2.272,0.463531999911182,5.0
S00008,Transcoder,core-1,163,DONE,15.16881,15.1776,8.786733000079039,20.78673300007904,0.096,7.789,0.9017330000790391,6.0
S00010,IoT-GW,edge-B,313,DONE,15.17517,15.17761,2.437263999809147,2.437263999809147,0.133,1.543,0.7612639998091473,0.0
S00003,UPF,core-1,344,DONE,15.1767,15.17984,3.1338409999079886,13.133840999907989,0.088,2.199,0.8468409999079887,5.0
S00002,vRAN-DU,edge-B,345,DONE,15.18108,15.18455,3.476710000086314,3.476710000086314,0.055,2.968,0.4537100000863137,0.0
S00005,IMS-CSCF,core-1,351,DONE,15.18119,15.18489,3.6941440000646253,13.694144000064625,0.131,3.038,0.5251440000646252,5.0
S00006,IMS-CSCF,core-1,320,DONE,15.18266,15.18611,3.4474110000246583,15.447411000024658,0.08,2.729,0.6384110000246581,6.0
S00005,IMS-CSCF,core-1,352,DONE,15.19239,15.19644,4.048617000080412,14.048617000080412,0.058,2.225,1.7656170000804123,5.0
S00002,vRAN-DU,edge-B,346,DONE,15.19377,15.19688,3.109451000000263,3.109451000000263,0.061,2.58,0.46845100000026285,0.0
S00007,Transcoder,core-1,175,DONE,15.19645,15.21002,13.566640999897572,23.566640999897572,0.055,13.188,0.323640999897572,5.0
S00008,Transcoder,core-1,164,DONE,15.19907,15.20563,6.552358000135428,18.552358000135428,0.049,6.102,0.4013580001354269,6.0
S00003,UPF,core-1,345,DONE,15.20781,15.21056,2.748524000026009,12.74852400002601,0.05,2.303,0.3955240000260094,5.0
S00006,IMS-CSCF,core-1,321,DONE,15.21587,15.21884,2.9633009999088245,14.963300999908824,0.051,2.442,0.4703009999088241,6.0
S00008,Transcoder,core-1,165,DONE,15.22308,15.23235,9.268624000014825,21.268624000014825,0.116,8.741,0.41162400001482524,6.0
S00008,Transcoder,core-1,166,DONE,15.22746,15.23421,6.7523670002174185,18.75236700021742,0.055,6.335,0.36236700021741886,6.0
S00007,Transcoder,core-1,176,DONE,15.23175,15.23794,6.188018999864653,16.188018999864653,0.052,5.793,0.3430189998646531,5.0
S00009,IoT-GW,edge-A,345,DONE,15.2391,15.24071,1.6053690001172072,1.6053690001172072,0.116,1.022,0.46736900011720706,0.0
S00004,UPF,core-1,320,DONE,15.24036,15.24278,2.425750000156768,14.425750000156768,0.192,1.884,0.3497500001567677,6.0
S00007,Transcoder,core-1,177,DONE,15.25001,15.25705,7.037827999965884,17.037827999965884,0.062,6.544,0.4318279999658845,5.0
S00006,IMS-CSCF,core-1,322,DONE,15.25129,15.25285,1.5625319999799103,13.56253199997991,0.052,1.07,0.4405319999799102,6.0
S00007,Transcoder,core-1,178,DONE,15.25401,15.26146,7.447619000004124,17.447619000004124,0.046,6.5,0.901619000004124,5.0
S00001,vRAN-DU,edge-A,309,DONE,15.25823,15.26253,4.303900999957477,4.303900999957477,0.08,3.595,0.6289009999574771,0.0
S00006,IMS-CSCF,core-1,323,DONE,15.2583,15.26157,3.2723419999456382,15.272341999945638,0.046,2.962,0.26434199994563823,6.0
S00003,UPF,core-1,346,DONE,15.26147,15.26362,2.1499169999970036,12.149916999997004,0.039,1.734,0.37691699999700345,5.0
S00009,IoT-GW,edge-A,346,DONE,15.26254,15.26365,1.1063639999520092,1.1063639999520092,0.049,0.762,0.29536399995200924,0.0
S00002,vRAN-DU,edge-B,347,DONE,15.28395,15.28765,3.7056099999972503,3.7056099999972503,0.087,2.93,0.6886099999972499,0.0
S00002,vRAN-DU,edge-B,348,DONE,15.29195,15.29615,4.205245000093782,4.205245000093782,0.071,3.647,0.4872450000937829,0.0
S00005,IMS-CSCF,core-1,353,DONE,15.29326,15.29517,1.9081679999999324,11.908167999999932,0.104,1.302,0.5021679999999322,5.0
S00008,Transcoder,core-1,167,DONE,15.30651,15.31326,6.751813000164475,18.751813000164475,0.086,6.001,0.6648130001644743,6.0
S00001,vRAN-DU,edge-A,310,DONE,15.3145,15.31776,3.2586620000074618,3.2586620000074618,0.064,2.687,0.5076620000074619,0.0
S00001,vRAN-DU,edge-A,311,DONE,15.31996,15.32317,3.206722999948397,3.206722999948397,0.06,2.687,0.45972299994839716,0.0
S00006,IMS-CSCF,core-1,324,DONE,15.32502,15.32737,2.3528340000211756,14.352834000021176,0.112,1.65,0.5908340000211756,6.0
S00006,IMS-CSCF,core-1,325,DONE,15.32856,15.33093,2.369015999875046,14.369015999875046,0.156,1.265,0.9480159998750459,6.0
S00004,UPF,core-1,321,DONE,15.32866,15.3311,2.4416710000423336,14.441671000042334,0.063,1.942,0.4366710000423335,6.0
S00010,IoT-GW,edge-B,314,DONE,15.33093,15.33263,1.695693000101528,1.695693000101528,0.077,1.217,0.401693000101528,0.0
S00006,IMS-CSCF,core-1,326,DONE,15.331,15.33302,2.0260649998817826,14.026064999881783,0.075,1.522,0.4290649998817826,6.0
S00002,vRAN-DU,edge-B,349,DONE,15.33728,15.34089,3.614731999959986,3.614731999959986,0.077,2.886,0.6517319999599858,0.0
S00005,IMS-CSCF,core-1,354,DONE,15.34413,15.34674,2.6097079999090056,12.609707999909006,0.243,1.481,0.8857079999090056,5.0
S00003,UPF,core-1,347,DONE,15.34426,15.34696,2.6985710001099505,12.69857100010995,0.085,2.135,0.4785710001099508,5.0
S00004,UPF,core-1,322,DONE,15.35016,15.35296,2.8072499999325373,14.807249999932537,0.066,2.137,0.6042499999325375,6.0
S00004,UPF,core-1,323,DONE,15.35416,15.35704,2.8773089998139767,14.877308999813977,0.065,2.011,0.8013089998139766,6.0
S00001,vRAN-DU,edge-A,312,DONE,15.35647,15.36028,3.8113149998935114,3.8113149998935114,0.129,3.152,0.5303149998935113,0.0
S00001,vRAN-DU,edge-A,313,DONE,15.35922,15.36288,3.65443900000173,3.65443900000173,0.099,3.081,0.47443900000173,0.0
S00006,IMS-CSCF,core-1,327,DONE,15.37014,15.37249,2.3545870001271396,14.35458700012714,0.083,1.655,0.6165870001271394,6.0
S00006,IMS-CSCF,core-1,328,DONE,15.37166,15.37434,2.680198999996719,14.680198999996719,0.049,1.477,1.154198999996719,6.0
S00010,IoT-GW,edge-B,315,DONE,15.37368,15.37557,1.891782000029707,1.891782000029707,0.079,1.265,0.5477820000297071,0.0
S00004,UPF,core-1,324,DONE,15.38597,15.39024,4.26923899999565,16.26923899999565,0.113,2.666,1.49023899999565,6.0
S00001,vRAN-DU,edge-A,314,DONE,15.38613,15.39294,6.810807999954704,6.810807999954704,0.09,4.18,2.540807999954705,0.0
S00008,Transcoder,core-1,168,DONE,15.3862,15.39531,9.114035000038712,21.11403500003871,0.834,7.64,0.6400350000387123,6.0
S00007,Transcoder,core-1,179,DONE,15.39024,15.39663,6.390842999962842,16.390842999962842,0.06,5.838,0.49284299996284275,5.0
S00010,IoT-GW,edge-B,316,DONE,15.39893,15.40092,1.9878939999671275,1.9878939999671275,0.083,1.229,0.6758939999671274,0.0
S00005,IMS-CSCF,core-1,355,DONE,15.40314,15.40534,2.1993109999129956,12.199310999912996,0.114,1.561,0.5243109999129958,5.0
S00003,UPF,core-1,348,DONE,15.40534,15.40775,2.408306999996057,12.408306999996057,0.054,2.048,0.30630699999605726,5.0
S00005,IMS-CSCF,core-1,356,DONE,15.40762,15.40961,1.9820109998818225,11.982010999881822,0.055,1.334,0.5930109998818225,5.0
S00009,IoT-GW,edge-A,347,DONE,15.40961,15.41129,1.678943999877447,1.678943999877447,0.081,1.096,0.5019439998774469,0.0
S00010,IoT-GW,edge-B,317,DONE,15.41348,15.41533,1.841589999912685,1.841589999912685,0.078,1.164,0.599589999912685,0.0
S00008,Transcoder,core-1,169,DONE,15.41533,15.42288,7.549186000005648,19.549186000005648,0.115,6.785,0.6491860000056473,6.0
S00008,Transcoder,core-1,170,DONE,15.41545,15.42269,7.24324400016485,19.24324400016485,0.142,6.682,0.4192440001648494,6.0
S00009,IoT-GW,edge-A,348,DONE,15.422,15.42376,1.7605149998871639,1.7605149998871639,0.132,1.107,0.5215149998871638,0.0
S00005,IMS-CSCF,core-1,357,DONE,15.43814,15.44168,3.537299999834431,13.537299999834431,0.091,2.715,0.7312999998344312,5.0
S00009,IoT-GW,edge-A,349,DONE,15.45403,15.45712,3.0934789999719214,3.0934789999719214,0.088,2.321,0.6844789999719212,0.0
S00002,vRAN-DU,edge-B,350,DONE,15.45419,15.45781,3.6178380000819743,3.6178380000819743,0.081,3.077,0.4598380000819744,0.0
S00005,IMS-CSCF,core-1,358,DONE,15.45545,15.45879,3.346724000039103,13.346724000039103,0.081,1.506,1.759724000039103,5.0
S00010,IoT-GW,edge-B,318,DONE,15.46198,15.46353,1.552551000031599,1.552551000031599,0.053,1.042,0.457551000031599,0.0
S00002,vRAN-DU,edge-B,351,DONE,15.46321,15.46617,2.954773000055866,2.954773000055866,0.038,2.458,0.45877300005586585,0.0
S00003,UPF,core-1,349,DONE,15.46354,15.46777,4.232369999954244,14.232369999954244,0.054,3.814,0.3643699999542438,5.0
S00003,UPF,core-1,350,DONE,15.4648,15.4698,5.001602999982424,15.001602999982424,2.825,1.856,0.3206029999824238,5.0
S00003,UPF,core-1,351,DONE,15.48426,15.48699,2.7314779999869643,12.731477999986964,0.065,2.17,0.4964779999869644,5.0
S00001,vRAN-DU,edge-A,315,DONE,15.4972,15.50059,3.395432999923287,3.395432999923287,0.07,2.791,0.5344329999232871,0.0
S00008,Transcoder,core-1,171,DONE,15.51486,15.52142,6.568801999947027,18.568801999947027,0.086,5.886,0.5968019999470267,6.0
S00005,IMS-CSCF,core-1,359,DONE,15.52261,15.52454,1.9260870001289732,11.926087000128973,0.079,1.356,0.4910870001289731,5.0
S00009,IoT-GW,edge-A,350,DONE,15.52271,15.52422,1.5042570000787236,1.5042570000787236,0.075,1.03,0.39925700007872367,0.0
S00010,IoT-GW,edge-B,319,DONE,15.52422,15.52608,1.8590759998460271,1.8590759998460271,0.079,1.19,0.5900759998460272,0.0
S00007,Transcoder,core-1,180,DONE,15.5313,15.53777,6.470423000109804,16.470423000109804,0.059,6.011,0.4004230001098037,5.0
S00004,UPF,core-1,325,DONE,15.53756,15.53999,2.4299530000462255,14.429953000046225,0.043,1.914,0.4729530000462254,6.0
S00002,vRAN-DU,edge-B,352,DONE,15.53894,15.54335,4.409674000044106,4.409674000044106,0.067,3.827,0.5156740000441058,0.0
S00002,vRAN-DU,edge-B,353,DONE,15.54,15.54336,3.357391000008647,3.357391000008647,0.049,2.909,0.39939100000864736,0.0
S00006,IMS-CSCF,core-1,329,DONE,15.54142,15.54431,2.8913640001064778,14.891364000106478,0.048,1.188,1.6553640001064778,6.0
S00005,IMS-CSCF,core-1,360,DONE,15.54432,15.54597,1.6529419999642414,11.652941999964241,0.047,1.268,0.33794199996424146,5.0
S00002,vRAN-DU,edge-B,354,DONE,15.56029,15.5638,3.508980999868072,3.508980999868072,0.142,2.688,0.678980999868072,0.0
S00006,IMS-CSCF,core-1,330,DONE,15.56701,15.56933,2.322745999890685,14.322745999890685,0.132,1.578,0.612745999890685,6.0
S00006,IMS-CSCF,core-1,331,DONE,15.5683,15.57068,2.382989999887286,14.382989999887286,0.712,1.317,0.3539899998872862,6.0
S00005,IMS-CSCF,core-1,361,DONE,15.57055,15.57216,1.611368999874685,11.611368999874685,0.042,1.236,0.33336899987468493,5.0
S00005,IMS-CSCF,core-1,362,DONE,15.57737,15.57933,1.963157000091087,11.963157000091087,0.066,1.468,0.4291570000910869,5.0
S00003,UPF,core-1,352,DONE,15.58457,15.58718,2.604021000024659,12.604021000024659,0.054,2.114,0.43602100002465916,5.0
S00002,vRAN-DU,edge-B,355,DONE,15.58466,15.59137,6.704583000100683,6.704583000100683,0.077,6.129,0.4985830001006839,0.0
S00001,vRAN-DU,edge-A,316,DONE,15.5859,15.59128,5.376587999990079,5.376587999990079,0.079,4.845,0.4525879999900795,0.0
S00009,IoT-GW,edge-A,351,DONE,15.59128,15.59292,1.6350739999779762,1.6350739999779762,0.041,1.098,0.4960739999779762,0.0
S00004,UPF,core-1,326,DONE,15.59253,15.59512,2.5863360001494584,14.586336000149458,0.057,2.202,0.3273360001494585,6.0
S00002,vRAN-DU,edge-B,356,DONE,15.59629,15.59951,3.2167460001346626,3.2167460001346626,0.067,2.69,0.4597460001346625,0.0
S00007,Transcoder,core-1,181,DONE,15.6037,15.61294,9.235021999984383,19.235021999984383,0.075,8.659,0.501021999984383,5.0
S00008,Transcoder,core-1,172,DONE,15.60379,15.61289,9.097982999946908,21.097982999946908,0.129,8.565,0.40398299994690845,6.0
S00005,IMS-CSCF,core-1,363,DONE,15.60887,15.61411,5.238686999973652,15.238686999973652,0.087,3.623,1.5286869999736519,5.0
S00002,vRAN-DU,edge-B,357,DONE,15.60894,15.61366,4.714289000048666,4.714289000048666,0.085,4.11,0.5192890000486656,0.0
S00002,vRAN-DU,edge-B,358,DONE,15.60899,15.61452,5.533964000051128,5.533964000051128,0.127,5.022,0.3849640000511281,0.0
S00002,vRAN-DU,edge-B,359,DONE,15.61117,15.61649,5.3184599998985504,5.3184599998985504,2.217,2.759,0.34245999989855047,0.0
S00004,UPF,core-1,327,DONE,15.61868,15.62118,2.5076659999285766,14.507665999928577,0.051,2.046,0.41066599992857666,6.0
S00004,UPF,core-1,328,DONE,15.62537,15.62771,2.343758000051821,14.343758000051821,0.054,1.896,0.39375800005182127,6.0
S00001,vRAN-DU,edge-A,317,DONE,15.62885,15.63206,3.20932299996457,3.20932299996457,0.082,2.665,0.46232299996457016,0.0
S00009,IoT-GW,edge-A,352,DONE,15.63526,15.63672,1.4609299998937786,1.4609299998937786,0.061,0.965,0.4349299998937787,0.0
S00010,IoT-GW,edge-B,320,DONE,15.63649,15.6382,1.7128829999819573,1.7128829999819573,0.072,1.057,0.5838829999819573,0.0
S00009,IoT-GW,edge-A,353,DONE,15.6414,15.64278,1.3792930001272907,1.3792930001272907,0.053,0.948,0.37829300012729083,0.0
S00003,UPF,core-1,353,DONE,15.64798,15.65059,2.6079619999563874,12.607961999956387,0.079,2.056,0.4729619999563872,5.0
S00005,IMS-CSCF,core-1,364,DONE,15.65289,15.65468,1.7880349998904421,11.788034999890442,0.055,1.326,0.4070349998904421,5.0
S00006,IMS-CSCF,core-1,332,DONE,15.65469,15.65631,1.6267000000880216,13.626700000088022,0.051,1.246,0.3297000000880217,6.0
S00004,UPF,core-1,329,DONE,15.65958,15.66188,2.2999190000518865,14.299919000051887,0.05,1.909,0.3409190000518867,6.0
S00002,vRAN-DU,edge-B,360,DONE,15.66087,15.66415,3.276122999977815,3.276122999977815,0.074,2.769,0.4331229999778152,0.0
S00001,vRAN-DU,edge-A,318,DONE,15.66636,15.67004,3.679884000121092,3.679884000121092,0.093,3.042,0.5448840001210922,0.0
S00010,IoT-GW,edge-B,321,DONE,15.66868,15.67084,2.156628999955501,2.156628999955501,0.071,1.606,0.4796289999555008,0.0
S00009,IoT-GW,edge-A,354,DONE,15.67004,15.67152,1.4778029999433784,1.4778029999433784,0.047,0.872,0.5588029999433785,0.0
S00002,vRAN-DU,edge-B,361,DONE,15.67009,15.67388,3.7842149999960384,3.7842149999960384,0.057,3.228,0.49921499999603824,0.0
S00006,IMS-CSCF,core-1,333,DONE,15.6737,15.67564,1.9455500000731263,13.945550000073126,0.081,1.462,0.40255000007312636,6.0
S00009,IoT-GW,edge-A,355,DONE,15.67378,15.67514,1.364565000130824,1.364565000130824,0.046,0.961,0.35756500013082404,0.0
S00006,IMS-CSCF,core-1,334,DONE,15.69297,15.69532,2.3512630000368517,14.351263000036852,0.127,1.59,0.6342630000368519,6.0
S00004,UPF,core-1,330,DONE,15.69533,15.69785,2.5238000000626926,14.523800000062693,0.067,2.035,0.42180000006269225,6.0
S00002,vRAN-DU,edge-B,362,DONE,15.6979,15.70355,5.645665999963967,5.645665999963967,0.072,4.462,1.111665999963967,0.0
S00003,UPF,core-1,354,DONE,15.69916,15.70513,5.975370999976803,15.975370999976803,0.045,5.612,0.3183709999768034,5.0
S00008,Transcoder,core-1,173,DONE,15.70141,15.70841,7.000670000024911,19.00067000002491,0.046,6.614,0.340670000024911,6.0
S00005,IMS-CSCF,core-1,365,DONE,15.71463,15.71689,2.265421999936734,12.265421999936734,0.057,1.735,0.4734219999367342,5.0
S00006,IMS-CSCF,core-1,335,DONE,15.71595,15.7179,1.9562340000902623,13.956234000090262,0.098,1.48,0.3782340000902622,6.0
S00001,vRAN-DU,edge-A,319,DONE,15.72209,15.72553,3.439474000060727,3.439474000060727,0.127,2.651,0.6614740000607275,0.0
S00005,IMS-CSCF,core-1,366,DONE,15.72671,15.72887,2.1645550000357616,12.164555000035762,0.066,1.551,0.5475550000357619,5.0
S00008,Transcoder,core-1,174,DONE,15.72797,15.73495,6.983037000054537,18.983037000054537,0.074,6.516,0.39303700005453734,6.0
S00003,UPF,core-1,355,DONE,15.72887,15.731,2.1241309998458746,12.124130999845875,0.042,1.828,0.2541309998458747,5.0
S00009,IoT-GW,edge-A,356,DONE,15.73714,15.7387,1.5651700000489654,1.5651700000489654,0.087,0.952,0.5261700000489655,0.0
S00001,vRAN-DU,edge-A,320,DONE,15.75799,15.76162,3.629398999919431,3.629398999919431,0.122,2.828,0.6793989999194312,0.0
S00006,IMS-CSCF,core-1,336,DONE,15.76895,15.77111,2.1627950000038254,14.162795000003825,0.087,1.487,0.5887950000038251,6.0
S00004,UPF,core-1,331,DONE,15.7836,15.78659,2.9858469999908266,14.985846999990827,0.084,2.252,0.6498469999908267,6.0
S00003,UPF,core-1,356,DONE,15.79482,15.79764,2.8153169998859084,12.815316999885908,0.07,2.172,0.5733169998859085,5.0
S00002,vRAN-DU,edge-B,363,DONE,15.79984,15.80307,3.224089000013919,3.224089000013919,0.079,2.627,0.5180890000139189,0.0
S00004,UPF,core-1,332,DONE,15.79995,15.80222,2.2794890001023305,14.27948900010233,0.057,1.83,0.39248900010233045,6.0
S00002,vRAN-DU,edge-B,364,DONE,15.80931,15.81363,4.319471999906455,4.319471999906455,0.063,3.552,0.7044719999064548,0.0
S00007,Transcoder,core-1,182,DONE,15.80945,15.81864,9.188760999904844,19.188760999904844,0.121,8.613,0.45476099990484364,5.0
S00010,IoT-GW,edge-B,322,DONE,15.81009,15.81791,7.811794999952326,7.811794999952326,0.057,5.547,2.207794999952326,0.0
S00010,IoT-GW,edge-B,323,DONE,15.81015,15.8193,9.150480000016614,9.150480000016614,5.717,1.446,1.9874800000166146,0.0
S00006,IMS-CSCF,core-1,337,DONE,15.8235,15.82545,1.94610699986697,13.94610699986697,0.062,1.441,0.4431069998669699,6.0
S00004,UPF,core-1,333,DONE,15.83569,15.83834,2.6465639998605184,14.646563999860518,0.065,2.12,0.4615639998605183,6.0
S00003,UPF,core-1,357,DONE,15.84659,15.85091,4.317305999848031,14.317305999848031,0.078,3.66,0.5793059998480308,5.0
S00004,UPF,core-1,334,DONE,15.8479,15.85092,3.013749000047028,15.013749000047028,0.066,2.454,0.49374900004702793,6.0
S00005,IMS-CSCF,core-1,367,DONE,15.84797,15.85085,2.8748990000622143,12.874899000062214,0.163,2.315,0.39689900006221457,5.0
S00004,UPF,core-1,335,DONE,15.84916,15.85288,3.720003999887922,15.720003999887922,1.574,1.832,0.31400399988792205,6.0
S00004,UPF,core-1,336,DONE,15.86814,15.87086,2.7150759999585716,14.715075999958572,0.074,2.156,0.48507599995857165,6.0
S00001,vRAN-DU,edge-A,321,DONE,15.87059,15.8738,3.209303999938129,3.209303999938129,0.072,2.691,0.4463039999381291,0.0
S00002,vRAN-DU,edge-B,365,DONE,15.87699,15.88057,3.5729420001189283,3.5729420001189283,0.085,2.788,0.6999420001189285,0.0
S00010,IoT-GW,edge-B,324,DONE,15.87827,15.8815,3.2298119999722985,3.2298119999722985,0.049,2.732,0.44881199997229837,0.0
S00003,UPF,core-1,358,DONE,15.87833,15.88126,2.9333649999898626,12.933364999989863,0.06,1.806,1.0673649999898625,5.0
S00003,UPF,core-1,359,DONE,15.88367,15.8862,2.5273819999256375,12.527381999925638,0.053,1.961,0.5133819999256375,5.0
S00010,IoT-GW,edge-B,325,DONE,15.88608,15.88749,1.4048689999981434,1.4048689999981434,0.046,1.008,0.35086899999814336,0.0
S00002,vRAN-DU,edge-B,366,DONE,15.88967,15.89259,2.921585999956733,2.921585999956733,0.045,2.526,0.3505859999567331,0.0
S00010,IoT-GW,edge-B,326,DONE,15.89779,15.89921,1.4200640000581188,1.4200640000581188,0.053,0.968,0.39906400005811893,0.0
S00010,IoT-GW,edge-B,327,DONE,15.91351,15.91525,1.7378820000431006,1.7378820000431006,0.072,1.089,0.5768820000431005,0.0
S00002,vRAN-DU,edge-B,367,DONE,15.91752,15.92068,3.1583319998844672,3.1583319998844672,0.054,2.663,0.4413319998844676,0.0
S00001,vRAN-DU,edge-A,322,DONE,15.92896,15.93327,4.315557999916564,4.315557999916564,0.129,3.429,0.7575579999165645,0.0
S00009,IoT-GW,edge-A,357,DONE,15.92912,15.93322,4.105356000081883,4.105356000081883,0.205,3.309,0.5913560000818832,0.0
S00005,IMS-CSCF,core-1,368,DONE,15.93059,15.9325,1.9148979999954463,11.914897999995446,0.089,1.258,0.5678979999954463,5.0
S00007,Transcoder,core-1,183,DONE,15.94359,15.95063,7.0342799999707495,17.03427999997075,0.096,6.335,0.6032799999707494,5.0
S00003,UPF,core-1,360,DONE,15.94596,15.94866,2.6945699999032513,12.694569999903251,0.116,2.028,0.5505699999032512,5.0
S00008,Transcoder,core-1,175,DONE,15.95388,15.96169,7.807875000025888,19.807875000025888,0.094,7.169,0.544875000025888,6.0
S00006,IMS-CSCF,core-1,338,DONE,15.95405,15.95921,5.158912000069904,17.158912000069904,0.153,2.543,2.4629120000699043,6.0
S00001,vRAN-DU,edge-A,323,DONE,15.9563,15.95973,3.4332190000441187,3.4332190000441187,0.081,2.884,0.46821900004411887,0.0
S00006,IMS-CSCF,core-1,339,DONE,15.95922,15.96164,2.4246069999662723,14.424606999966272,0.056,1.951,0.41760699996627215,6.0
S00002,vRAN-DU,edge-B,368,DONE,15.96087,15.96905,8.182808000128716,8.182808000128716,0.073,3.394,4.715808000128716,0.0
S00005,IMS-CSCF,core-1,369,DONE,15.96092,15.96311,2.1849659999588766,12.184965999958877,0.067,1.196,0.9219659999588765,5.0
S00008,Transcoder,core-1,176,DONE,15.96429,15.97083,6.5462519999073265,18.546251999907327,0.048,6.175,0.32325199990732667,6.0
S00009,IoT-GW,edge-A,358,DONE,15.96486,15.96965,4.79493700004241,4.79493700004241,0.055,4.375,0.3649370000424099,0.0
S00009,IoT-GW,edge-A,359,DONE,15.97405,15.97604,1.9821040000351786,1.9821040000351786,0.068,1.109,0.8051040000351786,0.0
S00006,IMS-CSCF,core-1,340,DONE,15.97542,15.97751,2.0963619999747607,14.09636199997476,0.088,1.533,0.4753619999747607,6.0
S00005,IMS-CSCF,core-1,370,DONE,15.97604,15.97928,3.237620999925639,13.237620999925639,0.073,2.604,0.5606209999256389,5.0
S00009,IoT-GW,edge-A,360,DONE,15.97929,15.98122,1.9323250000979897,1.9323250000979897,0.06,1.46,0.41232500009798967,0.0
S00005,IMS-CSCF,core-1,371,DONE,15.98751,15.98975,2.2422659999392636,12.242265999939264,0.087,1.505,0.6502659999392635,5.0
S00006,IMS-CSCF,core-1,341,DONE,15.98976,15.99213,2.377556000055847,14.377556000055847,0.051,1.949,0.3775560000558469,6.0
S00007,Transcoder,core-1,184,DONE,16.00249,16.00986,7.367388999909963,17.367388999909963,0.113,6.399,0.8553889999099624,5.0
S00005,IMS-CSCF,core-1,372,DONE,16.01824,16.02088,2.641068999992058,12.641068999992058,0.084,1.629,0.9280689999920577,5.0
S00005,IMS-CSCF,core-1,373,DONE,16.02313,16.02593,2.7940700001636287,12.794070000163629,0.087,2.124,0.5830700001636284,5.0
S00004,UPF,core-1,337,DONE,16.02452,16.02695,2.4374889999307925,14.437488999930792,0.058,2.014,0.36548899993079287,6.0
S00001,vRAN-DU,edge-A,324,DONE,16.03316,16.03707,3.9098059999105317,3.9098059999105317,0.096,3.208,0.6058059999105314,0.0
S00007,Transcoder,core-1,185,DONE,16.04131,16.0524,11.095548999946914,21.095548999946914,0.095,10.366,0.6345489999469134,5.0
S00003,UPF,core-1,361,DONE,16.04661,16.0513,4.6855760001562885,14.685576000156289,0.116,3.618,0.951576000156289,5.0
S00004,UPF,core-1,338,DONE,16.05131,16.05694,5.6337969999731285,17.63379699997313,0.095,4.98,0.5587969999731284,6.0
S00009,IoT-GW,edge-A,361,DONE,16.05362,16.0557,2.0855679999840504,2.0855679999840504,0.103,1.293,0.6895679999840505,0.0
S00003,UPF,core-1,362,DONE,16.05571,16.06045,4.734027000040442,14.734027000040442,0.108,4.033,0.5930270000404416,5.0
S00003,UPF,core-1,363,DONE,16.05695,16.06668,9.732987000006688,19.732987000006688,3.273,6.116,0.34398700000668825,5.0
S00001,vRAN-DU,edge-A,325,DONE,16.06166,16.0685,6.8369959999472485,6.8369959999472485,0.071,6.251,0.5149959999472484,0.0
S00006,IMS-CSCF,core-1,342,DONE,16.0685,16.07056,2.0597600000655802,14.05976000006558,0.167,1.463,0.42976000006558013,6.0
S00008,Transcoder,core-1,177,DONE,16.06975,16.07908,9.326014000180294,21.326014000180294,0.068,8.784,0.4740140001802935,6.0
S00004,UPF,core-1,339,DONE,16.08947,16.09483,5.363344999977926,17.363344999977926,0.097,4.383,0.8833449999779255,6.0
S00010,IoT-GW,edge-B,328,DONE,16.09087,16.09521,4.346920999978465,4.346920999978465,0.141,1.649,2.5569209999784652,0.0
S00006,IMS-CSCF,core-1,343,DONE,16.09753,16.10048,2.9490179999811517,14.949017999981152,0.08,2.271,0.5980179999811517,6.0
S00002,vRAN-DU,edge-B,369,DONE,16.10171,16.10711,5.407590999993772,5.407590999993772,0.086,4.685,0.6365909999937722,0.0
S00005,IMS-CSCF,core-1,374,DONE,16.1072,16.11026,3.062649999947098,13.062649999947098,0.091,2.313,0.6586499999470976,5.0
S00001,vRAN-DU,edge-A,326,DONE,16.11033,16.11586,5.523135999965234,5.523135999965234,0.129,4.797,0.5971359999652348,0.0
S00006,IMS-CSCF,core-1,344,DONE,16.11383,16.11749,3.6567659999491298,15.65676599994913,0.07,3.088,0.49876599994912985,6.0
S00008,Transcoder,core-1,178,DONE,16.11872,16.1255,6.7792290001307265,18.779229000130726,0.101,6.071,0.6072290001307268,6.0
S00003,UPF,core-1,364,DONE,16.12512,16.13247,7.347591999860015,17.347591999860015,0.05,6.554,0.7435919998600147,5.0
S00008,Transcoder,core-1,179,DONE,16.12674,16.13455,7.808666000073572,19.808666000073572,0.055,7.248,0.505666000073572,6.0
S00002,vRAN-DU,edge-B,370,DONE,16.1311,16.13516,4.060629999912635,4.060629999912635,0.106,3.271,0.6836299999126352,0.0
S00009,IoT-GW,edge-A,362,DONE,16.13747,16.13982,2.3458739999568934,2.3458739999568934,0.084,1.628,0.6338739999568934,0.0
S00002,vRAN-DU,edge-B,371,DONE,16.13982,16.14557,5.743207000023176,5.743207000023176,0.095,4.8,0.8482070000231765,0.0
S00002,vRAN-DU,edge-B,372,DONE,16.14117,16.14802,6.848448000027929,6.848448000027929,0.116,5.956,0.776448000027929,0.0
S00002,vRAN-DU,edge-B,373,DONE,16.14131,16.14807,6.763029000012466,6.763029000012466,3.49,2.808,0.46502900001246594,0.0
S00001,vRAN-DU,edge-A,327,DONE,16.14786,16.15242,4.56263899991427,4.56263899991427,0.088,3.121,1.3536389999142702,0.0
S00010,IoT-GW,edge-B,329,DONE,16.1513,16.15358,2.2758900001917937,2.2758900001917937,0.057,1.061,1.1578900001917938,0.0
S00002,vRAN-DU,edge-B,374,DONE,16.15243,16.15618,3.749390000166386,3.749390000166386,0.08,2.782,0.8873900001663859,0.0
S00009,IoT-GW,edge-A,363,DONE,16.16468,16.16763,2.9519820000132313,2.9519820000132313,0.14,1.813,0.9989820000132312,0.0
S00002,vRAN-DU,edge-B,375,DONE,16.17794,16.18168,3.7325240000427584,3.7325240000427584,0.155,2.866,0.7115240000427585,0.0
S00005,IMS-CSCF,core-1,375,DONE,16.19001,16.19299,2.97874300008516,12.97874300008516,0.118,2.22,0.6407430000851599,5.0
S00004,UPF,core-1,340,DONE,16.19718,16.19988,2.6995910000096046,14.699591000009605,0.084,2.06,0.5555910000096045,6.0
S00001,vRAN-DU,edge-A,328,DONE,16.19954,16.20346,3.9104910001697135,3.9104910001697135,0.101,3.006,0.8034910001697138,0.0
S00010,IoT-GW,edge-B,330,DONE,16.20674,16.2093,2.5617599999350205,2.5617599999350205,0.079,1.952,0.5307599999350203,0.0
S00009,IoT-GW,edge-A,364,DONE,16.20686,16.20851,1.6438570000900654,1.6438570000900654,0.078,1.122,0.44385700009006523,0.0
S00003,UPF,core-1,365,DONE,16.22058,16.22387,3.2831860000896995,13.2831860000897,0.121,2.334,0.8281860000896994,5.0
S00003,UPF,core-1,366,DONE,16.22388,16.22677,2.893294999921636,12.893294999921636,0.052,2.441,0.4002949999216363,5.0
S00006,IMS-CSCF,core-1,345,DONE,16.22796,16.2298,1.8425600001137354,13.842560000113735,0.052,1.376,0.4145600001137355,6.0
S00003,UPF,core-1,367,DONE,16.23401,16.23653,2.519628000072771,12.519628000072771,0.052,2.041,0.42662800007277113,5.0
S00007,Transcoder,core-1,186,DONE,16.23973,16.2461,6.366127999854143,16.366127999854143,0.05,5.786,0.5301279998541437,5.0
S00004,UPF,core-1,341,DONE,16.2461,16.24841,2.309361000015997,14.309361000015997,0.047,1.877,0.3853610000159968,6.0
S00001,vRAN-DU,edge-A,329,DONE,16.25064,16.25405,3.4089949999724922,3.4089949999724922,0.083,2.83,0.49599499997249197,0.0
S00006,IMS-CSCF,core-1,346,DONE,16.25523,16.25712,1.8849690000024566,13.884969000002457,0.055,1.384,0.44596900000245676,6.0
S00001,vRAN-DU,edge-A,330,DONE,16.26739,16.27073,3.341175999821644,3.341175999821644,0.072,2.771,0.49817599982164396,0.0
S00002,vRAN-DU,edge-B,376,DONE,16.27192,16.27537,3.4507299999404495,3.4507299999404495,0.082,2.861,0.5077299999404494,0.0
S00006,IMS-CSCF,core-1,347,DONE,16.27754,16.27947,1.9328759999552858,13.932875999955286,0.076,1.395,0.4618759999552857,6.0
S00003,UPF,core-1,368,DONE,16.28975,16.29386,4.107882999960566,14.107882999960566,0.113,2.802,1.192882999960566,5.0
S00007,Transcoder,core-1,187,DONE,16.28986,16.30132,11.464181000064855,21.464181000064855,0.154,10.848,0.4621810000648541,5.0
S00009,IoT-GW,edge-A,365,DONE,16.2899,16.29429,4.389318999983516,4.389318999983516,0.077,3.85,0.4623189999835158,0.0
S00006,IMS-CSCF,core-1,348,DONE,16.28994,16.29398,4.034595999883095,16.034595999883095,0.04,3.574,0.42059599988309504,6.0
S00010,IoT-GW,edge-B,331,DONE,16.29386,16.29701,3.150243999925806,3.150243999925806,0.072,2.311,0.7672439999258058,0.0
S00003,UPF,core-1,369,DONE,16.2955,16.2986,3.097885999977734,13.097885999977734,0.064,2.528,0.5058859999777341,5.0
S00005,IMS-CSCF,core-1,376,DONE,16.29556,16.29913,3.5710460001610045,13.571046000161004,0.23,2.962,0.3790460001610043,5.0
S00004,UPF,core-1,342,DONE,16.2986,16.3078,9.200252000027831,21.20025200002783,0.064,8.274,0.8622520000278318,6.0
S00001,vRAN-DU,edge-A,331,DONE,16.30133,16.3078,6.471519000115222,6.471519000115222,0.067,5.966,0.43851900011522194,0.0
S00001,vRAN-DU,edge-A,332,DONE,16.30171,16.30511,3.3965119998811133,3.3965119998811133,0.054,2.759,0.5835119998811136,0.0
S00009,IoT-GW,edge-A,366,DONE,16.30781,16.3098,1.9927409998672374,1.9927409998672374,0.039,1.55,0.40374099986723744,0.0
S00009,IoT-GW,edge-A,367,DONE,16.30906,16.31094,1.8788160000440257,1.8788160000440257,0.523,0.985,0.3708160000440256,0.0
S00010,IoT-GW,edge-B,332,DONE,16.31922,16.32142,2.202667000119618,2.202667000119618,0.083,1.431,0.6886670001196178,0.0
S00002,vRAN-DU,edge-B,377,DONE,16.32563,16.32955,3.9177989999643614,3.9177989999643614,0.082,3.273,0.5627989999643614,0.0
S00010,IoT-GW,edge-B,333,DONE,16.32795,16.33123,3.2854230000793905,3.2854230000793905,0.056,1.944,1.2854230000793905,0.0
S00005,IMS-CSCF,core-1,377,DONE,16.32803,16.33049,2.4602299999969546,12.460229999996955,0.14,1.85,0.47022999999695436,5.0
S00002,vRAN-DU,edge-B,378,DONE,16.34152,16.34562,4.100792999906844,4.100792999906844,0.129,2.886,1.0857929999068436,0.0
S00010,IoT-GW,edge-B,334,DONE,16.34164,16.34744,5.801731000019572,5.801731000019572,3.14,2.083,0.5787310000195718,0.0
S00002,vRAN-DU,edge-B,379,DONE,16.34168,16.34667,4.993078000097739,4.993078000097739,0.211,4.209,0.5730780000977393,0.0
S00010,IoT-GW,edge-B,335,DONE,16.34862,16.35023,1.6077579998636793,1.6077579998636793,0.068,1.057,0.4827579998636793,0.0
S00002,vRAN-DU,edge-B,380,DONE,16.36065,16.36626,5.606636000038634,5.606636000038634,0.075,4.775,0.7566360000386334,0.0
S00001,vRAN-DU,edge-A,333,DONE,16.36847,16.37224,3.773354000031759,3.773354000031759,0.106,2.884,0.7833540000317591,0.0
S00007,Transcoder,core-1,188,DONE,16.37174,16.38229,10.553941000125633,20.553941000125633,0.086,10.008,0.45994100012563344,5.0
S00005,IMS-CSCF,core-1,378,DONE,16.37546,16.37772,2.26363499996296,12.26363499996296,0.067,1.832,0.3646349999629599,5.0
S00010,IoT-GW,edge-B,336,DONE,16.37668,16.3786,1.9189699999060394,1.9189699999060394,0.064,1.485,0.3699699999060393,0.0
S00001,vRAN-DU,edge-A,334,DONE,16.38449,16.38831,3.8236179998420994,3.8236179998420994,0.111,2.982,0.730617999842099,0.0
S00005,IMS-CSCF,core-1,379,DONE,16.38832,16.39095,2.623447999894779,12.623447999894779,0.108,1.995,0.5204479998947789,5.0
S00004,UPF,core-1,343,DONE,16.39415,16.3969,2.7506730000368407,14.75067300003684,0.08,2.062,0.6086730000368408,6.0
S00003,UPF,core-1,370,DONE,16.39817,16.40058,2.4123089999648073,12.412308999964807,0.05,1.978,0.3843089999648075,5.0
S00002,vRAN-DU,edge-B,381,DONE,16.3983,16.40321,4.914767999935066,4.914767999935066,0.107,4.274,0.5337679999350655,0.0
S00003,UPF,core-1,371,DONE,16.40642,16.40917,2.7486659998885443,12.748665999888544,0.089,2.142,0.5176659998885444,5.0
S00005,IMS-CSCF,core-1,380,DONE,16.41655,16.41905,2.495540000154506,12.495540000154506,0.067,1.835,0.5935400001545057,5.0
S00005,IMS-CSCF,core-1,381,DONE,16.42427,16.42656,2.2961810000197147,12.296181000019715,0.085,1.581,0.6301810000197148,5.0
S00006,IMS-CSCF,core-1,349,DONE,16.43389,16.43631,2.426286999934746,14.426286999934746,0.061,1.864,0.5012869999347458,6.0
S00006,IMS-CSCF,core-1,350,DONE,16.44259,16.44502,2.435938000189708,14.435938000189708,0.092,1.608,0.7359380001897078,6.0
S00001,vRAN-DU,edge-A,335,DONE,16.45131,16.45662,5.318061000025409,5.318061000025409,0.082,4.636,0.6000610000254092,0.0
S00001,vRAN-DU,edge-A,336,DONE,16.45468,16.45787,3.1933749999097927,3.1933749999097927,0.058,2.638,0.49737499990979295,0.0
S00002,vRAN-DU,edge-B,382,DONE,16.45788,16.46309,5.20626299999094,5.20626299999094,0.067,4.682,0.4572629999909399,0.0
S00003,UPF,core-1,372,DONE,16.45919,16.46613,6.941158000017822,16.941158000017822,0.07,6.368,0.5031580000178213,5.0
S00009,IoT-GW,edge-A,368,DONE,16.45925,16.4606,1.3503139998647384,1.3503139998647384,0.044,0.727,0.5793139998647384,0.0
S00001,vRAN-DU,edge-A,337,DONE,16.46309,16.46612,3.0294589998902666,3.0294589998902666,0.086,2.548,0.39545899989026667,0.0
S00009,IoT-GW,edge-A,369,DONE,16.46931,16.47104,1.7305390001638443,1.7305390001638443,0.072,1.116,0.5425390001638442,0.0
S00005,IMS-CSCF,core-1,382,DONE,16.48153,16.48456,3.030583000054321,13.030583000054321,0.089,2.164,0.7775830000543209,5.0
S00001,vRAN-DU,edge-A,338,DONE,16.48404,16.4914,7.3557840000830765,7.3557840000830765,0.097,5.834,1.4247840000830765,0.0
S00002,vRAN-DU,edge-B,383,DONE,16.48675,16.49273,5.9763069998552965,5.9763069998552965,0.082,3.855,2.0393069998552966,0.0
S00009,IoT-GW,edge-A,370,DONE,16.49405,16.496,1.94337900006758,1.94337900006758,0.091,1.394,0.45837900006758003,0.0
S00005,IMS-CSCF,core-1,383,DONE,16.496,16.4984,2.3973719999048626,12.397371999904863,0.126,1.614,0.6573719999048626,5.0
S00009,IoT-GW,edge-A,371,DONE,16.49964,16.50158,1.9399739999244048,1.9399739999244048,0.055,1.474,0.41097399992440486,0.0
S00003,UPF,core-1,373,DONE,16.50577,16.50859,2.8207519999341457,12.820751999934146,0.097,2.182,0.5417519999341458,5.0
S00003,UPF,core-1,374,DONE,16.50865,16.51269,4.039260999888938,14.039260999888938,0.049,3.597,0.3932609998889385,5.0
S00010,IoT-GW,edge-B,337,DONE,16.51,16.51229,2.2870200000397745,2.2870200000397745,0.071,1.188,1.0280200000397743,0.0
S00009,IoT-GW,edge-A,372,DONE,16.51395,16.51603,2.080395000120916,2.080395000120916,0.225,1.388,0.46739500012091595,0.0
S00005,IMS-CSCF,core-1,384,DONE,16.52023,16.52314,2.909727000087514,12.909727000087514,0.093,2.14,0.6767270000875141,5.0
S00003,UPF,core-1,375,DONE,16.52159,16.52617,4.587746999959563,14.587746999959563,0.077,3.963,0.5477469999595632,5.0
S00009,IoT-GW,edge-A,373,DONE,16.52173,16.52394,2.2052680001252156,2.2052680001252156,0.081,1.4,0.7242680001252157,0.0
S00008,Transcoder,core-1,180,DONE,16.53042,16.53921,8.796274999895104,20.796274999895104,0.086,7.75,0.9602749998951037,6.0
S00008,Transcoder,core-1,181,DONE,16.53481,16.5464,11.586375999968368,23.586375999968368,0.098,10.709,0.7793759999683676,6.0
S00008,Transcoder,core-1,182,DONE,16.53492,16.54963,14.70752000000175,26.70752000000175,3.555,10.47,0.68252000000175,6.0
S00003,UPF,core-1,376,DONE,16.53502,16.53923,4.211923999946521,14.21192399994652,0.289,3.02,0.9029239999465206,5.0
S00002,vRAN-DU,edge-B,384,DONE,16.5425,16.54745,4.943477000097118,4.943477000097118,0.107,4.25,0.5864770000971182,0.0
S00010,IoT-GW,edge-B,338,DONE,16.54963,16.55171,2.077050000025338,2.077050000025338,0.072,1.353,0.6520500000253378,0.0
S00009,IoT-GW,edge-A,374,DONE,16.55094,16.55268,1.745589999927688,1.745589999927688,0.079,1.224,0.4425899999276881,0.0
S00003,UPF,core-1,377,DONE,16.55496,16.56108,6.123572999968019,16.12357299996802,0.099,5.595,0.4295729999680189,5.0
S00004,UPF,core-1,344,DONE,16.55508,16.55861,3.5324760001458344,15.532476000145834,0.164,2.768,0.6004760001458345,6.0
S00007,Transcoder,core-1,189,DONE,16.55759,16.56491,7.316019999962009,17.31601999996201,0.091,6.763,0.46201999996200893,5.0
S00009,IoT-GW,edge-A,375,DONE,16.55862,16.56176,3.141815999924802,3.141815999924802,0.092,2.61,0.4398159999248019,0.0
S00005,IMS-CSCF,core-1,385,DONE,16.57021,16.57308,2.8633270001137134,12.863327000113713,0.063,2.283,0.5173270001137134,5.0
S00009,IoT-GW,edge-A,376,DONE,16.57528,16.57804,2.7570049999212642,2.7570049999212642,0.132,1.924,0.7010049999212642,0.0
S00006,IMS-CSCF,core-1,351,DONE,16.57543,16.57793,2.5026509999861446,14.502650999986145,0.054,2.137,0.31165099998614476,6.0
S00003,UPF,core-1,378,DONE,16.59245,16.59569,3.241317000174604,13.241317000174604,0.119,2.248,0.8743170001746039,5.0
S00004,UPF,core-1,345,DONE,16.60606,16.61242,6.36066199990637,18.36066199990637,0.083,5.28,0.9976619999063692,6.0
S00008,Transcoder,core-1,183,DONE,16.60746,16.61677,9.318682999946759,21.31868299994676,0.074,8.56,0.6846829999467587,6.0
S00006,IMS-CSCF,core-1,352,DONE,16.60868,16.61335,4.669774999911169,16.66977499991117,0.048,4.003,0.6187749999111691,6.0
S00004,UPF,core-1,346,DONE,16.61149,16.61683,5.338811000001442,17.338811000001442,0.336,4.159,0.843811000001442,6.0
S00004,UPF,core-1,347,DONE,16.61243,16.62045,8.018475999961083,20.018475999961083,4.006,3.588,0.424475999961083,6.0
S00006,IMS-CSCF,core-1,353,DONE,16.61805,16.61977,1.716407000003528,13.716407000003528,0.052,1.316,0.348407000003528,6.0
S00009,IoT-GW,edge-A,377,DONE,16.61938,16.62128,1.900611999872126,1.900611999872126,0.122,1.261,0.5176119998721262,0.0
S00006,IMS-CSCF,core-1,354,DONE,16.63367,16.6374,3.7264889999732986,15.726488999973299,0.184,2.875,0.6674889999732985,6.0
S00004,UPF,core-1,348,DONE,16.63385,16.63813,4.285152999955244,16.285152999955244,0.081,3.763,0.4411529999552437,6.0
S00003,UPF,core-1,379,DONE,16.64641,16.64924,2.8239050000138377,12.823905000013838,0.094,2.181,0.5489050000138378,5.0
S00004,UPF,core-1,349,DONE,16.65659,16.66029,3.706383000007918,15.706383000007918,0.073,3.031,0.6023830000079178,6.0
S00006,IMS-CSCF,core-1,355,DONE,16.67056,16.67292,2.3562889998629544,14.356288999862954,0.099,1.541,0.7162889998629542,6.0
S00010,IoT-GW,edge-B,339,DONE,16.67191,16.67392,2.01584899991758,2.01584899991758,0.158,1.282,0.57584899991758,0.0
S00006,IMS-CSCF,core-1,356,DONE,16.67718,16.67979,2.6111779998245765,14.611177999824577,0.065,2.029,0.5171779998245767,6.0
S00001,vRAN-DU,edge-A,339,DONE,16.68499,16.68902,4.033303000142041,4.033303000142041,0.12,2.999,0.9143030001420409,0.0
S00004,UPF,core-1,350,DONE,16.6923,16.69611,3.810990999909336,15.810990999909336,0.076,3.178,0.5569909999093361,6.0
S00004,UPF,core-1,351,DONE,16.69367,16.69846,4.791717999978573,16.791717999978573,2.289,2.086,0.41671799997857306,6.0
S00008,Transcoder,core-1,184,DONE,16.70374,16.716,12.25262399998428,24.25262399998428,0.08,11.58,0.59262399998428,6.0
S00004,UPF,core-1,352,DONE,16.70604,16.71407,8.026631999882738,20.02663199988274,0.069,6.801,1.1566319998827383,6.0
S00005,IMS-CSCF,core-1,386,DONE,16.7081,16.70981,1.7124739999871963,11.712473999987196,0.113,1.166,0.4334739999871964,5.0
S00005,IMS-CSCF,core-1,387,DONE,16.716,16.71794,1.940398999977333,11.940398999977333,0.066,1.456,0.418398999977333,5.0
S00003,UPF,core-1,380,DONE,16.72422,16.72801,3.787540999837802,13.787540999837802,0.05,3.378,0.35954099983780186,5.0
S00004,UPF,core-1,353,DONE,16.7302,16.73327,3.0723860002126457,15.072386000212646,0.052,2.469,0.5513860002126458,6.0
S00004,UPF,core-1,354,DONE,16.73041,16.73605,5.635213999994448,17.63521399999445,2.673,2.592,0.37021399999444826,6.0
S00009,IoT-GW,edge-A,378,DONE,16.74024,16.74317,2.9297380001480633,2.9297380001480633,0.114,2.151,0.6647380001480636,0.0
S00004,UPF,core-1,355,DONE,16.74443,16.74703,2.5957259999813687,14.595725999981369,0.176,1.95,0.46972599998136855,6.0
S00004,UPF,core-1,356,DONE,16.74704,16.75144,4.406544999937978,16.406544999937978,0.06,3.848,0.4985449999379785,6.0
S00005,IMS-CSCF,core-1,388,DONE,16.7494,16.75106,1.6660149999552232,11.666014999955223,0.05,1.199,0.41701499995522306,5.0
S00003,UPF,core-1,381,DONE,16.75145,16.75542,3.9649190000545786,13.964919000054579,0.047,3.472,0.4459190000545785,5.0
S00008,Transcoder,core-1,185,DONE,16.77175,16.77879,7.03946800013,19.03946800013,0.173,6.179,0.68746800013,6.0
S00003,UPF,core-1,382,DONE,16.7762,16.78051,4.310278000048129,14.310278000048129,0.112,3.556,0.6422780000481287,5.0
S00005,IMS-CSCF,core-1,389,DONE,16.79085,16.79553,4.6815260000130365,14.681526000013037,0.173,3.736,0.7725260000130363,5.0
S00002,vRAN-DU,edge-B,385,DONE,16.79099,16.7956,4.609387999835235,4.609387999835235,0.104,3.363,1.1423879998352349,0.0
S00004,UPF,core-1,357,DONE,16.79884,16.8022,3.360041000178171,15.360041000178171,0.185,2.509,0.6660410001781711,6.0
S00006,IMS-CSCF,core-1,357,DONE,16.79895,16.80257,3.628013000025021,15.628013000025021,0.274,2.785,0.5690130000250209,6.0
S00003,UPF,core-1,383,DONE,16.80786,16.8121,4.242594000061217,14.242594000061217,0.062,3.702,0.478594000061217,5.0
S00002,vRAN-DU,edge-B,386,DONE,16.8133,16.81711,3.806791999977577,3.806791999977577,0.13,3.009,0.667791999977577,0.0
S00005,IMS-CSCF,core-1,390,DONE,16.81464,16.81788,3.2327039998563123,13.232703999856312,0.081,2.696,0.45570399985631216,5.0
S00009,IoT-GW,edge-A,379,DONE,16.82816,16.83066,2.5091089999023097,2.5091089999023097,0.096,1.757,0.6561089999023098,0.0
S00001,vRAN-DU,edge-A,340,DONE,16.83187,16.83548,3.605699999980061,3.605699999980061,0.087,2.909,0.609699999980061,0.0
S00001,vRAN-DU,edge-A,341,DONE,16.83879,16.84511,6.3186160000441305,6.3186160000441305,0.058,5.726,0.5346160000441307,0.0
S00010,IoT-GW,edge-B,340,DONE,16.84219,16.84621,4.022801000019172,4.022801000019172,0.105,3.321,0.5968010000191715,0.0
S00003,UPF,core-1,384,DONE,16.84843,16.85165,3.2124680001288652,13.212468000128865,0.17,2.359,0.6834680001288653,5.0
S00009,IoT-GW,edge-A,380,DONE,16.85898,16.86167,2.688723999881404,2.688723999881404,0.086,2.012,0.590723999881404,0.0
S00008,Transcoder,core-1,186,DONE,16.86141,16.87485,13.44349499981945,25.44349499981945,0.072,12.837,0.5344949998194508,6.0
S00010,IoT-GW,edge-B,341,DONE,16.86789,16.87002,2.1250739998777135,2.1250739998777135,0.141,1.365,0.6190739998777135,0.0
S00005,IMS-CSCF,core-1,391,DONE,16.87002,16.87287,2.850835000117513,12.850835000117513,0.123,1.246,1.481835000117513,5.0
S00006,IMS-CSCF,core-1,358,DONE,16.87008,16.8731,3.02075300010074,15.02075300010074,0.328,2.339,0.35375300010074007,6.0
S00002,vRAN-DU,edge-B,387,DONE,16.87705,16.88066,3.605723999953625,3.605723999953625,0.106,2.898,0.601723999953625,0.0
S00009,IoT-GW,edge-A,381,DONE,16.88499,16.88754,2.5570070001776912,2.5570070001776912,0.096,1.703,0.7580070001776911,0.0
S00006,IMS-CSCF,core-1,359,DONE,16.88734,16.89099,3.6533109998799773,15.653310999879977,0.17,2.757,0.7263109998799773,6.0
S00003,UPF,core-1,385,DONE,16.88742,16.89272,5.302054999901884,15.302054999901884,0.069,4.654,0.5790549999018841,5.0
S00009,IoT-GW,edge-A,382,DONE,16.88976,16.89166,1.8997680001575645,1.8997680001575645,0.058,1.219,0.6227680001575644,0.0
S00001,vRAN-DU,edge-A,342,DONE,16.891,16.89561,4.61110500009454,4.61110500009454,0.049,3.746,0.8161050000945393,0.0
S00005,IMS-CSCF,core-1,392,DONE,16.89108,16.89976,8.678968999902281,18.67896899990228,0.128,8.166,0.38496899990228073,5.0
S00003,UPF,core-1,386,DONE,16.89272,16.89662,3.9011310000205413,13.901131000020541,0.051,3.547,0.30313100002054094,5.0
S00009,IoT-GW,edge-A,383,DONE,16.89302,16.9,6.979845999921963,6.979845999921963,0.085,6.588,0.30684599992196304,0.0
S00001,vRAN-DU,edge-A,343,DONE,16.89429,16.89953,5.234581000195249,5.234581000195249,0.946,3.728,0.5605810001952487,0.0
S00003,UPF,core-1,387,DONE,16.92252,16.92733,4.813076000118599,14.813076000118599,0.093,3.917,0.8030760001185993,5.0
S00003,UPF,core-1,388,DONE,16.93978,16.94538,5.598401000042941,15.59840100004294,0.225,4.558,0.8154010000429412,5.0
S00008,Transcoder,core-1,187,DONE,16.93995,16.95026,10.313650999933088,22.31365099993309,0.32,9.425,0.5686509999330873,6.0
S00002,vRAN-DU,edge-B,388,DONE,16.94321,16.94812,4.9084209999818995,4.9084209999818995,0.08,4.242,0.5864209999818994,0.0
S00009,IoT-GW,edge-A,384,DONE,16.9717,16.97488,3.180323000151475,3.180323000151475,0.092,2.234,0.8543230001514748,0.0
S00004,UPF,core-1,358,DONE,16.97191,16.97557,3.6580749999757245,15.658074999975724,0.154,2.186,1.3180749999757246,6.0
S00003,UPF,core-1,389,DONE,16.97488,16.97779,2.9045249998489453,12.904524999848945,0.128,2.061,0.7155249998489452,5.0
S00010,IoT-GW,edge-B,342,DONE,16.97684,16.97912,2.276219999885143,2.276219999885143,0.1,1.59,0.5862199998851427,0.0
S00010,IoT-GW,edge-B,343,DONE,16.97784,16.98047,2.636705999975675,2.636705999975675,0.069,1.153,1.4147059999756748,0.0
S00008,Transcoder,core-1,188,DONE,16.97912,16.98835,9.231448000036835,21.231448000036835,0.068,8.536,0.6274480000368357,6.0
S00010,IoT-GW,edge-B,344,DONE,16.98165,16.98307,1.4165050001793134,1.4165050001793134,0.053,1.066,0.29750500017931336,0.0
S00003,UPF,core-1,390,DONE,16.98955,16.9921,2.5466839999808144,12.546683999980814,0.061,1.977,0.5086839999808144,5.0
S00006,IMS-CSCF,core-1,360,DONE,16.99211,16.99389,1.7892339999434625,13.789233999943463,0.084,1.236,0.4692339999434625,6.0
S00009,IoT-GW,edge-A,385,DONE,16.99219,16.99405,1.8552070000623644,1.8552070000623644,0.241,1.156,0.45820700006236437,0.0
S00006,IMS-CSCF,core-1,361,DONE,16.9939,16.99664,2.73847200014643,14.73847200014643,0.126,2.144,0.4684720001464302,6.0
S00004,UPF,core-1,359,DONE,16.99396,16.99669,2.7315370000451367,14.731537000045137,0.051,2.224,0.4565370000451363,6.0
S00002,vRAN-DU,edge-B,389,DONE,17.00706,17.01093,3.8752739999381447,3.8752739999381447,0.096,3.05,0.7292739999381448,0.0
S00005,IMS-CSCF,core-1,393,DONE,17.01052,17.01343,2.911639000103605,12.911639000103605,0.228,2.043,0.6406390001036049,5.0
S00006,IMS-CSCF,core-1,362,DONE,17.02484,17.02716,2.318664000085846,14.318664000085846,0.17,1.519,0.6296640000858462,6.0
S00010,IoT-GW,edge-B,345,DONE,17.0284,17.03081,2.410861000043951,2.410861000043951,0.084,1.655,0.6718610000439511,0.0
S00004,UPF,core-1,360,DONE,17.03606,17.039,2.9420609998851432,14.942060999885143,0.09,2.209,0.6430609998851433,6.0
S00003,UPF,core-1,391,DONE,17.04323,17.04611,2.883992000079161,12.88399200007916,0.098,2.216,0.5699920000791607,5.0
S00009,IoT-GW,edge-A,386,DONE,17.04836,17.0509,2.5454809999700956,2.5454809999700956,0.173,1.816,0.5564809999700955,0.0
S00005,IMS-CSCF,core-1,394,DONE,17.04846,17.05061,2.1462060001340433,12.146206000134043,0.058,1.219,0.8692060001340434,5.0
S00004,UPF,core-1,361,DONE,17.05213,17.05468,2.559468000072229,14.55946800007223,0.076,2.01,0.47346800007222933,6.0
S00001,vRAN-DU,edge-A,344,DONE,17.05588,17.06099,5.102592999946864,5.102592999946864,0.065,2.541,2.496592999946864,0.0
S00007,Transcoder,core-1,190,DONE,17.05598,17.0629,6.925029000058203,16.925029000058203,0.05,6.587,0.2880290000582031,5.0
S00007,Transcoder,core-1,191,DONE,17.061,17.06967,8.678963999955158,18.678963999955158,0.095,8.145,0.438963999955158,5.0
S00001,vRAN-DU,edge-A,345,DONE,17.06712,17.07255,5.436932999828059,5.436932999828059,0.077,4.928,0.4319329998280592,0.0
S00001,vRAN-DU,edge-A,346,DONE,17.06896,17.07194,2.9799589999583986,2.9799589999583986,0.054,2.542,0.383958999958399,0.0
S00003,UPF,core-1,392,DONE,17.07375,17.0762,2.4583760000496113,12.458376000049611,0.06,1.948,0.4503760000496113,5.0
S00008,Transcoder,core-1,189,DONE,17.08648,17.09624,9.761155999967741,21.76115599996774,0.08,9.176,0.5051559999677409,6.0
S00007,Transcoder,core-1,192,DONE,17.08983,17.10118,11.351461000003837,21.351461000003837,0.061,10.886,0.4044610000038382,5.0
S00004,UPF,core-1,362,DONE,17.09215,17.09767,5.521846000192454,17.521846000192454,0.101,4.824,0.5968460001924543,6.0
S00001,vRAN-DU,edge-A,347,DONE,17.09547,17.10008,4.611487999909514,4.611487999909514,0.082,4.053,0.47648799990951396,0.0
S00002,vRAN-DU,edge-B,390,DONE,17.09554,17.10211,6.562327999972695,6.562327999972695,0.078,4.818,1.6663279999726948,0.0
S00010,IoT-GW,edge-B,346,DONE,17.10841,17.11019,1.784451000048648,1.784451000048648,0.126,1.1,0.558451000048648,0.0
S00009,IoT-GW,edge-A,387,DONE,17.11019,17.11203,1.832793999938076,1.832793999938076,0.143,1.175,0.514793999938076,0.0
S00010,IoT-GW,edge-B,347,DONE,17.11427,17.11691,2.635026999996626,2.635026999996626,0.058,0.841,1.736026999996626,0.0
S00004,UPF,core-1,363,DONE,17.11441,17.11753,3.1172230001175194,15.11722300011752,0.098,2.582,0.4372230001175197,6.0
S00002,vRAN-DU,edge-B,391,DONE,17.12072,17.12378,3.0518460000621417,3.0518460000621417,0.055,2.573,0.42384600006214157,0.0
S00003,UPF,core-1,393,DONE,17.12495,17.12766,2.715366000074937,12.715366000074937,0.069,2.247,0.39936600007493706,5.0
S00010,IoT-GW,edge-B,348,DONE,17.12622,17.1285,2.2811030000866594,2.2811030000866594,0.05,1.791,0.4401030000866597,0.0
S00005,IMS-CSCF,core-1,395,DONE,17.13073,17.13253,1.8038770001567173,11.803877000156717,0.065,1.232,0.5068770001567173,5.0
S00001,vRAN-DU,edge-A,348,DONE,17.13082,17.13484,4.023428999971657,4.023428999971657,0.081,3.432,0.5104289999716567,0.0
S00010,IoT-GW,edge-B,349,DONE,17.13473,17.1364,1.6689169999608566,1.6689169999608566,0.059,1.226,0.3839169999608567,0.0
S00010,IoT-GW,edge-B,350,DONE,17.13759,17.13903,1.4396969997960696,1.4396969997960696,0.052,0.977,0.41069699979606955,0.0
S00006,IMS-CSCF,core-1,363,DONE,17.14527,17.14749,2.2231759999158385,14.223175999915838,0.086,1.488,0.6491759999158386,6.0
S00008,Transcoder,core-1,190,DONE,17.14984,17.16047,10.628415999917706,22.628415999917706,0.068,7.544,3.016415999917707,6.0
S00008,Transcoder,core-1,191,DONE,17.1522,17.16199,9.796107000056509,21.79610700005651,0.058,9.161,0.5771070000565093,6.0
S00004,UPF,core-1,364,DONE,17.1674,17.17209,4.689625999844793,16.689625999844793,0.082,3.982,0.6256259998447931,6.0
S00009,IoT-GW,edge-A,388,DONE,17.16981,17.17175,1.944352999998955,1.944352999998955,0.082,1.389,0.47335299999895497,0.0
S00006,IMS-CSCF,core-1,364,DONE,17.17431,17.17655,2.2459269998762466,14.245926999876247,0.092,1.573,0.5809269998762465,6.0
S00002,vRAN-DU,edge-B,392,DONE,17.18691,17.19283,5.9228019999864046,5.9228019999864046,0.121,5.036,0.7658019999864045,0.0
S00002,vRAN-DU,edge-B,393,DONE,17.19707,17.20097,3.897387000051822,3.897387000051822,0.089,3.024,0.7843870000518218,0.0
S00001,vRAN-DU,edge-A,349,DONE,17.20844,17.21221,3.7650310000572063,3.7650310000572063,0.088,2.802,0.8750310000572061,0.0
S00002,vRAN-DU,edge-B,394,DONE,17.20868,17.21586,7.182335999914358,7.182335999914358,0.118,6.471,0.5933359999143573,0.0
S00002,vRAN-DU,edge-B,395,DONE,17.21108,17.21515,4.074936999813872,4.074936999813872,0.097,3.311,0.6669369998138719,0.0
S00002,vRAN-DU,edge-B,396,DONE,17.21516,17.21867,3.510115999915797,3.510115999915797,0.056,2.943,0.511115999915797,0.0
S00001,vRAN-DU,edge-A,350,DONE,17.21868,17.22356,4.888817999926687,4.888817999926687,0.082,4.319,0.48781799992668695,0.0
S00003,UPF,core-1,394,DONE,17.22105,17.22621,5.158416000085708,15.158416000085708,0.09,4.51,0.5584160000857086,5.0
S00002,vRAN-DU,edge-B,397,DONE,17.2496,17.2537,4.105650999917998,4.105650999917998,0.108,3.263,0.734650999917998,0.0
S00006,IMS-CSCF,core-1,365,DONE,17.25204,17.25561,3.5669989999860263,15.566998999986026,0.126,2.514,0.9269989999860266,6.0
S00010,IoT-GW,edge-B,351,DONE,17.25217,17.25479,2.616554000042015,2.616554000042015,0.083,1.408,1.125554000042015,0.0
S00006,IMS-CSCF,core-1,366,DONE,17.25562,17.25781,2.1898439999858965,14.189843999985897,0.092,1.605,0.49284399998589645,6.0
S00010,IoT-GW,edge-B,352,DONE,17.26006,17.26238,2.322835000086343,2.322835000086343,0.064,1.725,0.5338350000863428,0.0
S00010,IoT-GW,edge-B,353,DONE,17.26243,17.26405,1.6170920000604383,1.6170920000604383,0.075,1.146,0.39609200006043843,0.0
S00007,Transcoder,core-1,193,DONE,17.26367,17.26996,6.290678999903321,16.29067899990332,0.057,5.817,0.41667899990332025,5.0
S00010,IoT-GW,edge-B,354,DONE,17.26936,17.27292,3.5616270001810335,3.5616270001810335,0.077,1.444,2.0406270001810336,0.0
S00002,vRAN-DU,edge-B,398,DONE,17.26997,17.27518,5.212228999880608,5.212228999880608,0.067,4.459,0.6862289998806084,0.0
S00010,IoT-GW,edge-B,355,DONE,17.27293,17.27615,3.2211330001246097,3.2211330001246097,0.041,2.806,0.3741330001246097,0.0
S00009,IoT-GW,edge-A,389,DONE,17.27298,17.2746,1.6160950001449237,1.6160950001449237,0.079,0.894,0.6430950001449237,0.0
S00002,vRAN-DU,edge-B,399,DONE,17.29046,17.29408,3.6160550000658986,3.6160550000658986,0.093,2.839,0.6840550000658987,0.0
S00007,Transcoder,core-1,194,DONE,17.30955,17.317,7.447285000125703,17.447285000125703,0.115,6.465,0.8672850001257029,5.0
S00003,UPF,core-1,395,DONE,17.30974,17.31454,4.7961950001536025,14.796195000153602,0.215,3.75,0.8311950001536026,5.0
S00010,IoT-GW,edge-B,356,DONE,17.32533,17.32786,2.5359369999478076,2.5359369999478076,0.078,1.874,0.5839369999478077,0.0
S00003,UPF,core-1,396,DONE,17.32559,17.33107,5.47923199997058,15.47923199997058,0.101,4.695,0.6832319999705794,5.0
S00003,UPF,core-1,397,DONE,17.33112,17.3339,2.777928999876167,12.777928999876167,0.089,2.127,0.5619289998761672,5.0
S00005,IMS-CSCF,core-1,396,DONE,17.3334,17.33572,2.32542799994917,12.32542799994917,0.083,1.503,0.73942799994917,5.0
S00009,IoT-GW,edge-A,390,DONE,17.34409,17.34681,2.7257029998963844,2.7257029998963844,0.09,1.822,0.8137029998963845,0.0
S00007,Transcoder,core-1,195,DONE,17.34545,17.35183,6.384116999925027,16.384116999925027,0.063,5.956,0.3651169999250268,5.0
S00006,IMS-CSCF,core-1,367,DONE,17.34805,17.3505,2.442341000005399,14.442341000005399,0.097,1.684,0.6613410000053992,6.0
S00007,Transcoder,core-1,196,DONE,17.3505,17.35656,6.061058000113917,16.061058000113917,0.048,5.675,0.33805800011391707,5.0
S00006,IMS-CSCF,core-1,368,DONE,17.35875,17.36062,1.8631949999416975,13.863194999941697,0.052,1.423,0.38819499994169737,6.0
S00003,UPF,core-1,398,DONE,17.36894,17.37154,2.601706999939779,12.601706999939779,0.12,1.996,0.48570699993977895,5.0
S00001,vRAN-DU,edge-A,351,DONE,17.37576,17.37967,3.909557000042696,3.909557000042696,0.086,2.919,0.9045570000426961,0.0
S00010,IoT-GW,edge-B,357,DONE,17.37907,17.38081,1.7355689999476454,1.7355689999476454,0.085,1.061,0.5895689999476454,0.0
S00004,UPF,core-1,365,DONE,17.38301,17.38605,3.0367200001819583,15.036720000181958,0.138,2.235,0.6637200001819585,6.0
S00003,UPF,core-1,399,DONE,17.38536,17.38864,3.2739099999616883,13.273909999961688,0.053,2.17,1.0509099999616884,5.0
S00007,Transcoder,core-1,197,DONE,17.38605,17.3952,9.151997999879313,19.151997999879313,0.044,8.799,0.3089979998793133,5.0
S00005,IMS-CSCF,core-1,397,DONE,17.39082,17.39305,2.228843000011693,12.228843000011693,0.059,1.773,0.39684300001169315,5.0
S00010,IoT-GW,edge-B,358,DONE,17.39096,17.39498,4.0152270000817225,4.0152270000817225,0.073,3.233,0.7092270000817225,0.0
S00004,UPF,core-1,366,DONE,17.39218,17.39517,2.9878119999011687,14.987811999901169,0.051,2.541,0.39581199990116867,6.0
S00001,vRAN-DU,edge-A,352,DONE,17.39224,17.39792,5.67653899997822,5.67653899997822,0.123,4.331,1.2225389999782195,0.0
S00006,IMS-CSCF,core-1,369,DONE,17.40216,17.40411,1.9569860000956396,13.95698600009564,0.072,1.378,0.5069860000956397,6.0
S00010,IoT-GW,edge-B,359,DONE,17.41547,17.41723,1.7626800001835363,1.7626800001835363,0.081,1.115,0.5666800001835364,0.0
S00001,vRAN-DU,edge-A,353,DONE,17.41562,17.41904,3.425606000064363,3.425606000064363,0.084,2.88,0.4616060000643629,0.0
S00003,UPF,core-1,400,DONE,17.44644,17.44944,3.000638000003164,13.000638000003164,0.091,2.15,0.759638000003164,5.0
S00003,UPF,core-1,401,DONE,17.44945,17.45186,2.414298999838138,12.414298999838138,0.092,2.009,0.31329899983813814,5.0
S00003,UPF,core-1,402,DONE,17.45173,17.45401,2.274225000064689,12.274225000064689,0.04,1.884,0.35022500006468915,5.0
S00008,Transcoder,core-1,192,DONE,17.45717,17.46426,7.084254999881523,19.084254999881523,0.049,6.68,0.35525499988152287,6.0
S00007,Transcoder,core-1,198,DONE,17.45846,17.46467,6.213343999888821,16.21334399988882,0.062,5.815,0.33634399988882,5.0
S00005,IMS-CSCF,core-1,398,DONE,17.45852,17.46423,5.704917999992176,15.704917999992176,0.157,2.935,2.612917999992176,5.0
S00002,vRAN-DU,edge-B,400,DONE,17.47492,17.47842,3.4965519998877426,3.4965519998877426,0.104,2.704,0.6885519998877423,0.0
S00005,IMS-CSCF,core-1,399,DONE,17.47824,17.4802,1.9604839999374235,11.960483999937424,0.071,1.473,0.41648399993742347,5.0
S00002,vRAN-DU,edge-B,401,DONE,17.48341,17.48696,3.5529879999103287,3.5529879999103287,0.063,2.988,0.5019879999103285,0.0
S00008,Transcoder,core-1,193,DONE,17.48569,17.494,8.306378000042969,20.30637800004297,0.071,7.842,0.3933780000429694,6.0
S00003,UPF,core-1,403,DONE,17.48697,17.49085,3.8850799999181618,13.885079999918162,0.101,3.265,0.5190799999181617,5.0
S00010,IoT-GW,edge-B,360,DONE,17.48823,17.48976,1.5301619998808746,1.5301619998808746,0.131,1.051,0.3481619998808747,0.0
S00009,IoT-GW,edge-A,391,DONE,17.49618,17.49774,1.5557829999579553,1.5557829999579553,0.061,1.094,0.4007829999579553,0.0
S00005,IMS-CSCF,core-1,400,DONE,17.49891,17.50109,2.185927999789783,12.185927999789783,0.064,1.732,0.3899279997897829,5.0
S00003,UPF,core-1,404,DONE,17.50016,17.50274,2.5779640000109794,12.57796400001098,0.095,2.084,0.3989640000109791,5.0
S00002,vRAN-DU,edge-B,402,DONE,17.51405,17.52317,9.117386000070837,9.117386000070837,0.142,8.265,0.7103860000708373,0.0
S00008,Transcoder,core-1,194,DONE,17.51425,17.52617,11.922948000119504,23.922948000119504,0.077,11.252,0.5939480001195037,6.0
S00002,vRAN-DU,edge-B,403,DONE,17.51437,17.52323,8.863480999934836,8.863480999934836,0.075,5.998,2.790480999934837,0.0
S00007,Transcoder,core-1,199,DONE,17.51964,17.52681,7.176223999977083,17.176223999977083,0.068,6.629,0.47922399997708354,5.0
S00008,Transcoder,core-1,195,DONE,17.52543,17.53241,6.975223999916125,18.975223999916125,0.049,5.989,0.9372239999161245,6.0
S00008,Transcoder,core-1,196,DONE,17.5437,17.55053,6.829519999882905,18.829519999882905,0.088,6.21,0.5315199998829048,6.0
S00003,UPF,core-1,405,DONE,17.54503,17.54749,2.463009999928545,12.463009999928545,0.111,1.798,0.5540099999285446,5.0
S00002,vRAN-DU,edge-B,404,DONE,17.5475,17.55098,3.4793659999650117,3.4793659999650117,0.078,2.925,0.47636599996501205,0.0
S00009,IoT-GW,edge-A,392,DONE,17.55057,17.55224,1.6664610000134417,1.6664610000134417,0.068,1.138,0.4604610000134417,0.0
S00006,IMS-CSCF,core-1,370,DONE,17.55225,17.55402,1.774050999983956,13.774050999983956,0.051,1.331,0.3920509999839561,6.0
S00009,IoT-GW,edge-A,393,DONE,17.56132,17.56301,1.6879419999895617,1.6879419999895617,0.074,1.096,0.5179419999895616,0.0
S00004,UPF,core-1,367,DONE,17.56621,17.56934,3.130626000029224,15.130626000029224,0.077,2.113,0.9406260000292241,6.0
S00008,Transcoder,core-1,197,DONE,17.5685,17.5775,9.002163000104701,21.0021630001047,0.088,7.978,0.9361630001047025,6.0
S00010,IoT-GW,edge-B,361,DONE,17.57056,17.57219,1.6323600000305305,1.6323600000305305,0.075,1.057,0.5003600000305306,0.0
S00003,UPF,core-1,406,DONE,17.5775,17.58094,3.4333500000229833,13.433350000022983,0.06,2.772,0.6013500000229834,5.0
S00005,IMS-CSCF,core-1,401,DONE,17.58934,17.59198,2.638908999870182,12.638908999870182,0.132,1.692,0.814908999870182,5.0
S00003,UPF,core-1,407,DONE,17.59435,17.59861,4.257714999994278,14.257714999994278,0.057,3.728,0.472714999994277,5.0
S00006,IMS-CSCF,core-1,371,DONE,17.59571,17.59738,1.6620989999864832,13.662098999986483,0.053,1.195,0.41409899998648325,6.0
S00004,UPF,core-1,368,DONE,17.60497,17.60812,3.1538939999791182,15.153893999979118,0.133,2.249,0.7718939999791181,6.0
S00004,UPF,core-1,369,DONE,17.60514,17.61054,5.402977999892755,17.402977999892755,2.54,2.094,0.7689779998927553,6.0
S00010,IoT-GW,edge-B,362,DONE,17.61055,17.6129,2.3517209999681654,2.3517209999681654,0.079,1.692,0.5807209999681653,0.0
S00008,Transcoder,core-1,198,DONE,17.62721,17.63456,7.345240999939051,19.34524099993905,0.129,6.184,1.0322409999390514,6.0
S00002,vRAN-DU,edge-B,405,DONE,17.63457,17.63811,3.5394300000461953,3.5394300000461953,0.081,2.88,0.5784300000461955,0.0
S00001,vRAN-DU,edge-A,354,DONE,17.64947,17.65328,3.8038360000882676,3.8038360000882676,0.087,2.929,0.7878360000882676,0.0
S00006,IMS-CSCF,core-1,372,DONE,17.65554,17.65834,2.800160000106189,14.800160000106189,0.089,2.105,0.6061600001061889,6.0
S00001,vRAN-DU,edge-A,355,DONE,17.67367,17.67728,3.607315999943239,3.607315999943239,0.127,2.813,0.6673159999432392,0.0
S00001,vRAN-DU,edge-A,356,DONE,17.67502,17.67821,3.1936469999891415,3.1936469999891415,0.103,2.712,0.3786469999891411,0.0
S00009,IoT-GW,edge-A,394,DONE,17.68947,17.69117,1.6911109999000473,1.6911109999000473,0.074,1.082,0.5351109999000472,0.0
S00007,Transcoder,core-1,200,DONE,17.69236,17.69935,6.993717999876026,16.993717999876026,0.221,6.271,0.5017179998760257,5.0
S00009,IoT-GW,edge-A,395,DONE,17.69363,17.69792,4.2891349999081285,4.2891349999081285,0.057,3.765,0.467134999908128,0.0
S00002,vRAN-DU,edge-B,406,DONE,17.69793,17.70219,4.262808000021323,4.262808000021323,0.076,2.84,1.3468080000213236,0.0
S00010,IoT-GW,edge-B,363,DONE,17.70338,17.70488,1.5072990001954167,1.5072990001954167,0.055,0.947,0.5052990001954168,0.0
S00005,IMS-CSCF,core-1,402,DONE,17.70489,17.70686,1.9738870000765019,11.973887000076502,0.074,1.527,0.3728870000765019,5.0
S00006,IMS-CSCF,core-1,373,DONE,17.71413,17.71647,2.34140399993521,14.34140399993521,0.072,1.646,0.6234039999352099,6.0
S00004,UPF,core-1,370,DONE,17.7187,17.72123,2.527483999983815,14.527483999983815,0.065,2.015,0.44748399998381494,6.0
S00003,UPF,core-1,408,DONE,17.72848,17.73145,2.964720999898418,12.964720999898418,0.086,2.229,0.6497209998984181,5.0
S00006,IMS-CSCF,core-1,374,DONE,17.72861,17.73139,2.785695000056876,14.785695000056876,0.142,2.128,0.5156950000568759,6.0
S00003,UPF,core-1,409,DONE,17.73567,17.73823,2.5590759998976864,12.559075999897686,0.059,2.066,0.4340759998976864,5.0
S00007,Transcoder,core-1,201,DONE,17.74042,17.74938,8.964955999999802,18.964955999999802,0.056,8.131,0.7779559999998025,5.0
S00008,Transcoder,core-1,199,DONE,17.75362,17.7602,6.581534000133615,18.581534000133615,0.064,6.066,0.45153400013361544,6.0
S00001,vRAN-DU,edge-A,357,DONE,17.75594,17.75919,3.248672000154329,3.248672000154329,0.123,2.679,0.44667200015432895,0.0
S00006,IMS-CSCF,core-1,375,DONE,17.76029,17.76208,1.7922639999596868,13.792263999959687,0.065,1.367,0.36026399995968683,6.0
S00008,Transcoder,core-1,200,DONE,17.76332,17.76948,6.15862300014669,18.15862300014669,0.051,5.698,0.4096230001466896,6.0
S00009,IoT-GW,edge-A,396,DONE,17.76341,17.7648,1.3922370001182571,1.3922370001182571,0.066,0.917,0.40923700011825703,0.0
S00009,IoT-GW,edge-A,397,DONE,17.78692,17.78881,1.894834000040646,1.894834000040646,0.09,1.114,0.6908340000406459,0.0
S00006,IMS-CSCF,core-1,376,DONE,17.78712,17.79161,4.48621100008495,16.48621100008495,0.087,1.925,2.47421100008495,6.0
S00002,vRAN-DU,edge-B,407,DONE,17.78847,17.79206,3.5866690000148083,3.5866690000148083,0.08,2.819,0.6876690000148082,0.0
S00010,IoT-GW,edge-B,364,DONE,17.79429,17.79576,1.4683119998153416,1.4683119998153416,0.06,0.996,0.4123119998153415,0.0
S00010,IoT-GW,edge-B,365,DONE,17.79439,17.79692,2.5348830001803435,2.5348830001803435,1.19,0.975,0.3698830001803436,0.0
S00001,vRAN-DU,edge-A,358,DONE,17.79909,17.80423,5.135994999818649,5.135994999818649,0.078,4.11,0.9479949998186488,0.0
S00003,UPF,core-1,410,DONE,17.80135,17.80473,3.3792990000165446,13.379299000016545,0.08,2.525,0.7742990000165446,5.0
S00002,vRAN-DU,edge-B,408,DONE,17.80423,17.80869,4.455713999959698,4.455713999959698,0.056,2.53,1.8697139999596986,0.0
S00001,vRAN-DU,edge-A,359,DONE,17.80595,17.80915,3.207892000091306,3.207892000091306,0.055,2.566,0.5868920000913058,0.0
S00003,UPF,core-1,411,DONE,17.80869,17.81202,3.3263870000155293,13.32638700001553,0.067,2.822,0.4373870000155291,5.0
S00005,IMS-CSCF,core-1,403,DONE,17.81034,17.81206,1.7200280001361534,11.720028000136153,0.056,1.29,0.37402800013615334,5.0
S00002,vRAN-DU,edge-B,409,DONE,17.81833,17.82209,3.753417000098125,3.753417000098125,0.072,3.113,0.5684170000981248,0.0
S00007,Transcoder,core-1,202,DONE,17.82209,17.82907,6.9815289998587104,16.98152899985871,0.076,6.504,0.40152899985871127,5.0
S00005,IMS-CSCF,core-1,404,DONE,17.82538,17.82698,1.6099199999644043,11.609919999964404,0.068,1.2,0.34191999996440425,5.0
S00002,vRAN-DU,edge-B,410,DONE,17.8464,17.8499,3.50451700001031,3.50451700001031,0.11,2.778,0.61651700001031,0.0
S00003,UPF,core-1,412,DONE,17.86021,17.86305,2.8471709999848827,12.847170999984883,0.086,2.164,0.5971709999848827,5.0
S00007,Transcoder,core-1,203,DONE,17.86831,17.87529,6.98066299992206,16.98066299992206,0.062,6.489,0.42966299992206025,5.0
S00008,Transcoder,core-1,201,DONE,17.87261,17.87967,7.064304999857995,19.064304999857995,0.056,6.567,0.4413049998579952,6.0
S00002,vRAN-DU,edge-B,411,DONE,17.87383,17.87752,3.6823049999838986,3.6823049999838986,0.08,3.145,0.4573049999838985,0.0
S00007,Transcoder,core-1,204,DONE,17.87967,17.8871,7.420863000106692,17.420863000106692,0.046,6.912,0.462863000106692,5.0
S00005,IMS-CSCF,core-1,405,DONE,17.88196,17.88368,1.721545000009428,11.721545000009428,0.053,1.134,0.5345450000094281,5.0
S00005,IMS-CSCF,core-1,406,DONE,17.88202,17.88469,2.6674620000903815,12.667462000090381,1.281,1.063,0.3234620000903816,5.0
S00004,UPF,core-1,371,DONE,17.88469,17.8871,2.412398999922516,14.412398999922516,0.052,1.796,0.5643989999225159,6.0
S00003,UPF,core-1,413,DONE,17.88473,17.88994,5.205731999922136,15.205731999922136,0.075,4.703,0.42773199992213584,5.0
S00007,Transcoder,core-1,205,DONE,17.88711,17.89408,6.970980000005511,16.97098000000551,0.081,6.626,0.26398000000551036,5.0
S00005,IMS-CSCF,core-1,407,DONE,17.88751,17.88898,1.471966000053726,11.471966000053726,0.043,1.081,0.34796600005372613,5.0
S00010,IoT-GW,edge-B,366,DONE,17.88899,17.89048,1.4963329999773123,1.4963329999773123,0.096,0.989,0.4113329999773122,0.0
S00003,UPF,core-1,414,DONE,17.89049,17.89255,2.0679680001194356,12.067968000119436,0.042,1.7,0.32596800011943583,5.0
S00006,IMS-CSCF,core-1,377,DONE,17.90441,17.90669,2.2753139999167615,14.275313999916762,0.177,1.49,0.6083139999167615,6.0
S00004,UPF,core-1,372,DONE,17.9067,17.90948,2.7819770000405697,14.78197700004057,0.049,2.021,0.7119770000405699,6.0
S00002,vRAN-DU,edge-B,412,DONE,17.91471,17.91974,5.032131000007212,5.032131000007212,0.08,3.377,1.5751310000072118,0.0
S00009,IoT-GW,edge-A,398,DONE,17.91481,17.91628,1.4681479999580915,1.4681479999580915,0.07,0.988,0.4101479999580915,0.0
S00003,UPF,core-1,415,DONE,17.91633,17.92,3.6703000000670727,13.670300000067073,0.059,3.217,0.39430000006707244,5.0
S00010,IoT-GW,edge-B,367,DONE,17.92526,17.9269,1.6444630000478355,1.6444630000478355,0.074,1.068,0.5024630000478354,0.0
S00005,IMS-CSCF,core-1,408,DONE,17.92656,17.92855,1.9868140000198764,11.986814000019876,0.195,1.381,0.41081400001987634,5.0
S00009,IoT-GW,edge-A,399,DONE,17.92973,17.93153,1.794843999959994,1.794843999959994,0.081,1.215,0.49884399995999407,0.0
S00005,IMS-CSCF,core-1,409,DONE,17.93475,17.93793,3.175719000182653,13.175719000182653,0.074,2.598,0.5037190001826533,5.0
S00002,vRAN-DU,edge-B,413,DONE,17.93603,17.9413,5.272552999940672,5.272552999940672,0.081,3.847,1.3445529999406713,0.0
S00009,IoT-GW,edge-A,400,DONE,17.93751,17.93989,2.384476000088398,2.384476000088398,0.078,1.435,0.8714760000883981,0.0
S00001,vRAN-DU,edge-A,360,DONE,17.9399,17.94459,4.692986000009114,4.692986000009114,0.069,4.228,0.3959860000091142,0.0
S00009,IoT-GW,edge-A,401,DONE,17.95592,17.95842,2.4959400000170717,2.4959400000170717,0.13,1.541,0.8249400000170719,0.0
S00008,Transcoder,core-1,202,DONE,17.95607,17.96332,7.246605000091222,19.246605000091222,0.091,6.479,0.6766050000912216,6.0
S00010,IoT-GW,edge-B,368,DONE,17.96564,17.96777,2.132888999994975,2.132888999994975,0.078,1.366,0.6888889999949752,0.0
S00001,vRAN-DU,edge-A,361,DONE,17.96581,17.97398,8.169567000095412,8.169567000095412,0.105,7.578,0.48656700009541165,0.0
S00003,UPF,core-1,416,DONE,17.96755,17.97136,3.810108000152468,13.810108000152468,0.207,3.171,0.4321080001524682,5.0
S00005,IMS-CSCF,core-1,410,DONE,17.97518,17.97738,2.19723400005023,12.19723400005023,0.097,1.557,0.54323400005023,5.0
S00005,IMS-CSCF,core-1,411,DONE,17.97651,17.97901,2.500357999906555,12.500357999906555,0.592,1.387,0.521357999906555,5.0
S00009,IoT-GW,edge-A,402,DONE,17.98131,17.98353,2.223508999804835,2.223508999804835,0.078,1.656,0.4895089998048354,0.0
S00003,UPF,core-1,417,DONE,17.98572,17.98852,2.7959710000686755,12.795971000068675,0.095,2.182,0.5189710000686754,5.0
S00007,Transcoder,core-1,206,DONE,17.99291,18.00507,12.15887900002599,22.15887900002599,0.101,11.419,0.6388790000259892,5.0
S00010,IoT-GW,edge-B,369,DONE,17.99427,17.99577,1.506139999946754,1.506139999946754,0.079,1.047,0.38013999994675407,0.0
S00004,UPF,core-1,373,DONE,17.99897,18.0017,2.7351549999821145,14.735154999982115,0.076,2.152,0.5071549999821143,6.0
S00001,vRAN-DU,edge-A,362,DONE,18.0003,18.00768,7.376016000080199,7.376016000080199,0.176,6.594,0.6060160000801984,0.0
