sid,service,site,tier,seq,status,t_req,t_resp,measured_ms,e2e_ms,queue_ms,exec_ms,comm_ms,comm_user_gw_ms,comm_gw_site_ms,link_total_ms
S00003,UPF,edge-A,edge,1,DONE,0.01093,0.02226,11.327088000143704,11.327088000143704,0.538,3.793,6.996088000143703,4.791088000143704,2.204999999999999,0.0
S00001,vRAN-DU,edge-A,edge,1,DONE,0.01447,0.0319,17.425736999939545,17.425736999939545,0.108,11.236,6.081736999939544,4.522736999939545,1.5589999999999993,0.0
S00008,Transcoder,core-1,core,1,DONE,0.02207,0.07152,49.44803799980946,49.44803799980946,0.138,13.674,23.63603799980946,10.834037999809457,12.802000000000001,12.0
S00009,IoT-GW,edge-A,edge,1,DONE,0.02351,0.04566,22.149164999973436,22.149164999973436,0.214,1.647,20.288164999973436,6.947164999973436,13.341,0.0
S00004,UPF,edge-B,edge,1,DONE,0.02365,0.04652,22.871674000271014,22.871674000271014,0.324,7.99,14.557674000271014,5.297674000271012,9.260000000000002,0.0
S00003,UPF,edge-A,edge,2,DONE,0.02427,0.04307,18.807209999977204,18.807209999977204,0.914,16.301,1.5922099999772037,0.9322099999772036,0.6600000000000001,0.0
S00006,IMS-CSCF,edge-B,edge,1,DONE,0.0244,0.04376,19.358848000138096,19.358848000138096,0.109,4.379,14.870848000138096,9.165848000138096,5.705,0.0
S00010,IoT-GW,edge-B,edge,1,DONE,0.02975,0.05628,26.532002999829274,26.532002999829274,0.09,5.473,20.969002999829275,20.326002999829274,0.6430000000000007,0.0
S00005,IMS-CSCF,edge-A,edge,1,DONE,0.03369,0.05586,22.161551000408508,22.161551000408508,0.121,11.818,10.222551000408508,2.757551000408508,7.465,0.0
S00001,vRAN-DU,edge-A,edge,2,DONE,0.04377,0.05268,8.90523399993981,8.90523399993981,1.009,6.268,1.6282339999398108,0.7232339999398096,0.9050000000000011,0.0
S00002,vRAN-DU,edge-B,edge,1,DONE,0.04513,0.06275,17.619073999867396,17.619073999867396,0.078,7.966,9.575073999867396,7.0030739998673965,2.571999999999999,0.0
S00003,UPF,edge-A,edge,3,DONE,0.05269,0.05842,5.7276759998785565,5.7276759998785565,0.136,4.627,0.9646759998785566,0.48967599987855603,0.47500000000000053,0.0
S00005,IMS-CSCF,edge-A,edge,2,DONE,0.05277,0.06434,11.573895000310586,11.573895000310586,3.305,7.322,0.9468950003105849,0.49989500031058576,0.4469999999999992,0.0
S00001,vRAN-DU,edge-A,edge,3,DONE,0.05752,0.06195,4.427114999998594,4.427114999998594,0.046,2.624,1.7571149999985938,0.5681149999985937,1.189,0.0
S00009,IoT-GW,edge-A,edge,2,DONE,0.06196,0.0654,3.4369490003882675,3.4369490003882675,0.058,0.99,2.3889490003882674,0.5019490003882674,1.887,0.0
S00006,IMS-CSCF,edge-B,edge,2,DONE,0.06874,0.07261,3.8782139999966603,3.8782139999966603,0.096,2.274,1.5082139999966602,0.6972139999966602,0.8109999999999999,0.0
S00002,vRAN-DU,edge-B,edge,2,DONE,0.08913,0.09494,5.807406999792875,5.807406999792875,0.118,3.638,2.0514069997928748,0.7864069997928747,1.2650000000000001,0.0
S00004,UPF,edge-B,edge,2,DONE,0.09173,0.09601,4.281847000129346,4.281847000129346,0.084,2.815,1.3828470001293462,0.7158470001293464,0.6669999999999998,0.0
S00009,IoT-GW,edge-A,edge,3,DONE,0.09194,0.09579,3.842846999759786,3.842846999759786,0.123,1.781,1.938846999759786,1.308846999759786,0.6299999999999999,0.0
S00005,IMS-CSCF,edge-A,edge,3,DONE,0.09609,0.10021,4.118552999898384,4.118552999898384,0.076,2.876,1.166552999898384,0.44355299989838404,0.7229999999999999,0.0
S00009,IoT-GW,edge-A,edge,4,DONE,0.0974,0.10058,3.1736710002405744,3.1736710002405744,0.075,1.95,1.1486710002405744,0.6346710002405742,0.5140000000000002,0.0
S00004,UPF,edge-B,edge,3,DONE,0.10688,0.11067,3.7827090000064345,3.7827090000064345,0.097,2.279,1.4067090000064346,0.8457090000064347,0.5609999999999999,0.0
S00005,IMS-CSCF,edge-A,edge,4,DONE,0.1072,0.1113,4.094857999916712,4.094857999916712,0.156,1.676,2.2628579999167124,0.5218579999167123,1.741,0.0
S00003,UPF,edge-A,edge,4,DONE,0.10992,0.11419,4.265321999810112,4.265321999810112,0.069,2.822,1.3743219998101122,0.7583219998101121,0.6160000000000001,0.0
S00003,UPF,edge-A,edge,5,DONE,0.11353,0.11704,3.5089929997411673,3.5089929997411673,0.053,2.447,1.0089929997411673,0.6089929997411674,0.3999999999999999,0.0
S00003,UPF,edge-A,edge,6,DONE,0.11543,0.12049,5.052569000326912,5.052569000326912,0.671,2.93,1.451569000326912,0.7285690003269121,0.7229999999999999,0.0
S00009,IoT-GW,edge-A,edge,5,DONE,0.11705,0.1207,3.6441299998841714,3.6441299998841714,0.116,2.44,1.0881299998841714,0.4831299998841714,0.605,0.0
S00006,IMS-CSCF,edge-B,edge,3,DONE,0.11847,0.12148,3.0062269997870317,3.0062269997870317,0.092,1.753,1.1612269997870317,0.5932269997870319,0.5679999999999998,0.0
S00005,IMS-CSCF,edge-A,edge,5,DONE,0.13181,0.13494,3.128019000087079,3.128019000087079,0.098,1.582,1.4480190000870787,0.663019000087079,0.7849999999999997,0.0
S00010,IoT-GW,edge-B,edge,2,DONE,0.13431,0.137,2.692321999802516,2.692321999802516,0.109,1.254,1.329321999802516,0.620321999802516,0.7090000000000001,0.0
S00005,IMS-CSCF,edge-A,edge,6,DONE,0.13617,0.13949,3.3202820000042266,3.3202820000042266,0.098,1.638,1.5842820000042266,1.0422820000042265,0.542,0.0
S00003,UPF,edge-A,edge,7,DONE,0.1392,0.14288,3.683802000068681,3.683802000068681,0.088,2.325,1.2708020000686808,0.6088020000686809,0.6619999999999999,0.0
S00004,UPF,edge-B,edge,4,DONE,0.1442,0.14827,4.068008000103873,4.068008000103873,0.16,2.294,1.614008000103873,0.6700080001038731,0.944,0.0
S00007,Transcoder,core-1,core,1,DONE,0.15159,0.18916,37.5670089997584,37.5670089997584,0.113,8.727,18.7270089997584,12.136008999758403,6.590999999999999,10.0
S00002,vRAN-DU,edge-B,edge,3,DONE,0.15572,0.16658,10.865235999972356,10.865235999972356,0.123,9.045,1.6972359999723565,0.7092359999723552,0.9880000000000013,0.0
S00005,IMS-CSCF,edge-A,edge,7,DONE,0.15588,0.18415,28.271835999930772,28.271835999930772,0.125,23.667,4.479835999930771,2.5548359999307735,1.9249999999999972,0.0
S00010,IoT-GW,edge-B,edge,3,DONE,0.15634,0.16187,5.537542000183748,5.537542000183748,0.493,3.334,1.7105420001837484,1.0425420001837482,0.6680000000000001,0.0
S00009,IoT-GW,edge-A,edge,6,DONE,0.15765,0.18133,23.68661099990277,23.68661099990277,0.18,18.49,5.01661099990277,1.2536109999027687,3.7630000000000017,0.0
S00005,IMS-CSCF,edge-A,edge,8,DONE,0.15774,0.19426,36.52788399995188,36.52788399995188,31.671,2.1,2.7568839999518815,1.180883999951881,1.5760000000000005,0.0
S00004,UPF,edge-B,edge,5,DONE,0.16084,0.16801,7.164993000060349,7.164993000060349,0.052,5.726,1.3869930000603494,0.6589930000603488,0.7280000000000006,0.0
S00003,UPF,edge-A,edge,8,DONE,0.16093,0.19189,30.957259999922826,30.957259999922826,12.393,7.057,11.507259999922823,0.548259999922827,10.958999999999996,0.0
S00002,vRAN-DU,edge-B,edge,4,DONE,0.16614,0.17152,5.381655999826762,5.381655999826762,0.092,3.556,1.733655999826762,1.200655999826762,0.5329999999999999,0.0
S00003,UPF,edge-A,edge,9,DONE,0.16631,0.19863,32.31824099975711,32.31824099975711,22.272,3.995,6.051240999757109,1.0452409997571088,5.006,0.0
S00001,vRAN-DU,edge-A,edge,4,DONE,0.16802,0.19193,23.909857000035117,23.909857000035117,7.989,11.474,4.446857000035116,1.5358570000351186,2.910999999999998,0.0
S00001,vRAN-DU,edge-A,edge,5,DONE,0.17589,0.20359,27.70115099974646,27.70115099974646,12.889,6.57,8.24215099974646,4.50315099974646,3.7390000000000008,0.0
S00002,vRAN-DU,edge-B,edge,5,DONE,0.17841,0.19022,11.809877999894525,11.809877999894525,0.071,10.146,1.5928779998945242,0.6768779998945256,0.9159999999999986,0.0
S00004,UPF,edge-B,edge,6,DONE,0.17868,0.18918,10.502595000161818,10.502595000161818,0.067,4.26,6.1755950001618185,3.163595000161818,3.0120000000000005,0.0
S00003,UPF,edge-A,edge,10,DONE,0.18044,0.20472,24.27792899970882,24.27792899970882,15.105,4.904,4.26892899970882,0.8699289997088187,3.399000000000001,0.0
S00002,vRAN-DU,edge-B,edge,6,DONE,0.18289,0.19024,7.350724999923841,7.350724999923841,0.641,2.807,3.902724999923841,3.094724999923841,0.8080000000000003,0.0
S00002,vRAN-DU,edge-B,edge,7,DONE,0.19864,0.25205,53.41378100001748,53.41378100001748,0.085,47.309,6.019781000017481,0.9847810000174775,5.035000000000004,0.0
S00001,vRAN-DU,edge-A,edge,6,DONE,0.2036,0.2766,73.0015470003309,73.0015470003309,0.079,70.619,2.3035470003309086,1.0935470003309007,1.210000000000008,0.0
S00002,vRAN-DU,edge-B,edge,8,DONE,0.20369,0.25208,48.39308500004336,48.39308500004336,0.161,2.731,45.50108500004335,0.770085000043359,44.730999999999995,0.0
S00007,Transcoder,core-1,core,2,DONE,0.20473,0.23302,28.2894059996579,28.2894059996579,0.268,15.412,2.6094059996579,1.675405999657901,0.9339999999999993,10.0
S00007,Transcoder,core-1,core,3,DONE,0.2048,0.23159,26.794966000124987,26.794966000124987,0.137,13.244,3.4139660001249865,2.2869660001249876,1.126999999999999,10.0
S00003,UPF,edge-A,edge,11,DONE,0.20703,0.28074,73.70372600007613,73.70372600007613,1.162,4.299,68.24272600007613,0.5277260000761288,67.715,0.0
S00004,UPF,edge-B,edge,7,DONE,0.21395,0.25993,45.9793710001577,45.9793710001577,7.34,2.895,35.7443710001577,1.1043710001576983,34.64,0.0
S00002,vRAN-DU,edge-B,edge,9,DONE,0.21408,0.25991,45.82339900025545,45.82339900025545,2.611,4.525,38.687399000255446,1.2503990002554488,37.437,0.0
S00003,UPF,edge-A,edge,12,DONE,0.21537,0.29179,76.42108599975472,76.42108599975472,7.894,3.662,64.86508599975473,0.43608599975472373,64.429,0.0
S00006,IMS-CSCF,edge-B,edge,4,DONE,0.22239,0.26402,41.62838100000954,41.62838100000954,10.414,3.298,27.91638100000954,0.6223810000095398,27.294,0.0
S00001,vRAN-DU,edge-A,edge,7,DONE,0.22279,0.29149,68.69671799995558,68.69671799995558,0.142,7.424,61.13071799995558,1.5127179999555835,59.617999999999995,0.0
S00003,UPF,edge-A,edge,13,DONE,0.22344,0.29198,68.54041599990524,68.54041599990524,11.744,3.756,53.040415999905235,0.78841599990524,52.251999999999995,0.0
S00010,IoT-GW,edge-B,edge,4,DONE,0.22354,0.26403,40.48314700003175,40.48314700003175,13.953,1.551,24.97914700003175,0.5141470000317483,24.465000000000003,0.0
S00004,UPF,edge-B,edge,8,DONE,0.23042,0.264,33.577118999801314,33.577118999801314,11.24,2.43,19.907118999801312,0.7631189998013141,19.144,0.0
S00008,Transcoder,core-1,core,2,DONE,0.24015,0.28617,46.02112600014152,46.02112600014152,0.124,14.457,19.440126000141518,13.566126000141523,5.873999999999997,12.0
S00009,IoT-GW,edge-A,edge,7,DONE,0.24028,0.29187,51.59193800000139,51.59193800000139,10.597,2.018,38.9769380000014,0.9279380000013902,38.04900000000001,0.0
S00003,UPF,edge-A,edge,14,DONE,0.24069,0.37523,134.54496599979393,134.54496599979393,15.817,84.013,34.71496599979392,0.6709659997939355,34.04399999999998,0.0
S00006,IMS-CSCF,edge-B,edge,5,DONE,0.244,0.26403,20.03504599997541,20.03504599997541,13.901,1.856,4.27804599997541,0.5910459999754103,3.6869999999999994,0.0
S00002,vRAN-DU,edge-B,edge,10,DONE,0.24409,0.25994,15.845702000206074,15.845702000206074,3.093,7.984,4.7687020002060745,0.8157020002060751,3.9529999999999994,0.0
S00005,IMS-CSCF,edge-A,edge,9,DONE,0.2503,0.29159,41.29220200002237,41.29220200002237,5.793,2.595,32.90420200002237,13.007202000022371,19.897,0.0
S00009,IoT-GW,edge-A,edge,8,DONE,0.2582,0.29189,33.688971000174206,33.688971000174206,12.813,1.114,19.761971000174206,5.143971000174204,14.618,0.0
S00008,Transcoder,core-1,core,3,DONE,0.25842,0.32133,62.90946700028144,62.90946700028144,0.128,46.724,4.0574670002814415,2.5844670002814354,1.473000000000006,12.0
S00003,UPF,edge-A,edge,15,DONE,0.25852,0.38049,121.97322100018937,121.97322100018937,100.577,4.815,16.581221000189373,4.913221000189367,11.668000000000006,0.0
S00008,Transcoder,core-1,core,4,DONE,0.25995,0.31211,52.161238999815396,52.161238999815396,0.189,37.265,2.707238999815395,1.579238999815395,1.1280000000000001,12.0
S00010,IoT-GW,edge-B,edge,5,DONE,0.26588,0.27193,6.044143000053737,6.044143000053737,0.103,1.281,4.660143000053736,1.1961430000537367,3.464,0.0
S00010,IoT-GW,edge-B,edge,6,DONE,0.26611,0.27228,6.167406999793457,6.167406999793457,0.069,1.288,4.810406999793456,2.984406999793457,1.8259999999999998,0.0
S00005,IMS-CSCF,edge-A,edge,10,DONE,0.27075,0.29164,20.89260499997181,20.89260499997181,8.585,1.7,10.607604999971809,0.5956049999718083,10.012,0.0
S00004,UPF,edge-B,edge,9,DONE,0.27229,0.28649,14.196345000073052,14.196345000073052,0.088,2.714,11.394345000073052,0.7263450000730511,10.668000000000001,0.0
S00002,vRAN-DU,edge-B,edge,11,DONE,0.27249,0.35131,78.81900499978656,78.81900499978656,0.082,68.957,9.78000499978657,9.183004999786561,0.5970000000000084,0.0
S00009,IoT-GW,edge-A,edge,9,DONE,0.27661,0.29199,15.38127000003442,15.38127000003442,10.648,1.361,3.372270000034419,0.4452700000344194,2.9269999999999996,0.0
S00010,IoT-GW,edge-B,edge,7,DONE,0.28487,0.35463,69.75426700000753,69.75426700000753,6.963,1.129,61.66226700000753,1.887267000007526,59.775000000000006,0.0
S00005,IMS-CSCF,edge-A,edge,11,DONE,0.28501,0.37586,90.84539400009817,90.84539400009817,0.083,82.538,8.224394000098172,7.248394000098173,0.9759999999999991,0.0
S00008,Transcoder,core-1,core,5,DONE,0.2908,0.32823,37.42579100025978,37.42579100025978,7.634,14.999,2.7927910002597756,1.2297910002597767,1.5629999999999988,12.0
S00007,Transcoder,core-1,core,4,DONE,0.29526,0.32073,25.46200200004023,25.46200200004023,0.328,8.952,6.182002000040228,1.5290020000402293,4.6530000000000005,10.0
S00009,IoT-GW,edge-A,edge,10,DONE,0.29867,0.59545,296.7795690001367,296.7795690001367,220.544,1.647,74.58856900013669,3.5265690001367034,71.06199999999998,0.0
S00006,IMS-CSCF,edge-B,edge,6,DONE,0.30341,0.35881,55.39517900024293,55.39517900024293,4.786,7.394,43.215179000242934,0.44217900024293044,42.773,0.0
S00001,vRAN-DU,edge-A,edge,8,DONE,0.30381,0.38617,82.36246900014521,82.36246900014521,2.977,10.754,68.63146900014522,0.9554690001452144,67.676,0.0
S00003,UPF,edge-A,edge,16,DONE,0.3081,0.39108,82.9795079998803,82.9795079998803,9.243,8.428,65.3085079998803,0.7515079998803031,64.55699999999999,0.0
S00007,Transcoder,core-1,core,5,DONE,0.31156,0.33157,20.009527999718557,20.009527999718557,0.1,7.094,2.815527999718558,1.5315279997185574,1.2839999999999998,10.0
S00002,vRAN-DU,edge-B,edge,12,DONE,0.31212,0.35138,39.256506000128866,39.256506000128866,0.096,4.059,35.101506000128865,1.3145060001288655,33.787,0.0
S00004,UPF,edge-B,edge,10,DONE,0.3155,0.3537,38.20172399991861,38.20172399991861,4.7,2.055,31.44672399991861,0.8007239999186098,30.646,0.0
S00004,UPF,edge-B,edge,11,DONE,0.31558,0.36093,45.35515099996701,45.35515099996701,12.512,2.016,30.82715099996701,0.4251509999670091,30.402,0.0
S00005,IMS-CSCF,edge-A,edge,12,DONE,0.33159,0.39317,61.58120800000688,61.58120800000688,17.201,3.659,40.72120800000688,0.5832080000068842,40.138,0.0
S00006,IMS-CSCF,edge-B,edge,7,DONE,0.33172,0.3641,32.37909299969033,32.37909299969033,15.921,1.819,14.63909299969033,0.3250929996903267,14.314000000000004,0.0
S00006,IMS-CSCF,edge-B,edge,8,DONE,0.34004,0.36829,28.251963000002434,28.251963000002434,18.082,3.54,6.629963000002434,0.47296300000243363,6.157,0.0
S00004,UPF,edge-B,edge,12,DONE,0.34239,0.36631,23.925474999941798,23.925474999941798,14.925,4.924,4.076474999941798,0.3884749999417991,3.687999999999999,0.0
S00009,IoT-GW,edge-A,edge,11,DONE,0.34887,0.67216,323.28483699984645,323.28483699984645,225.722,73.892,23.670836999846415,0.8978369998464473,22.772999999999968,0.0
S00003,UPF,edge-A,edge,17,DONE,0.34901,0.47461,125.59723300000769,125.59723300000769,19.449,80.768,25.380233000007692,1.2642330000076925,24.116,0.0
S00002,vRAN-DU,edge-B,edge,13,DONE,0.34906,0.36171,12.647222999930818,12.647222999930818,4.273,6.364,2.010222999930818,0.36322299993081764,1.6470000000000002,0.0
S00010,IoT-GW,edge-B,edge,8,DONE,0.35049,0.36896,18.468079000285798,18.468079000285798,15.972,1.564,0.9320790002857962,0.5020790002857964,0.4299999999999997,0.0
S00009,IoT-GW,edge-A,edge,12,DONE,0.35371,0.67688,323.16803199955757,323.16803199955757,300.923,2.799,19.44603199955759,1.3710319995575446,18.075000000000045,0.0
S00009,IoT-GW,edge-A,edge,13,DONE,0.35424,0.68108,326.835329000005,326.835329000005,307.716,0.866,18.25332900000501,2.1893290000049888,16.06400000000002,0.0
S00003,UPF,edge-A,edge,18,DONE,0.36172,0.4827,120.98339100020894,120.98339100020894,102.128,8.133,10.722391000208944,0.6393910002089456,10.082999999999998,0.0
S00003,UPF,edge-A,edge,19,DONE,0.36632,0.48912,122.79974400007632,122.79974400007632,110.865,5.675,6.259744000076324,0.7477440000763096,5.512000000000015,0.0
S00004,UPF,edge-B,edge,13,DONE,0.37314,0.45786,84.71531800023513,84.71531800023513,0.248,8.902,75.56531800023512,0.6983180002351332,74.86699999999999,0.0
S00010,IoT-GW,edge-B,edge,9,DONE,0.37859,0.46331,84.71962000021449,84.71962000021449,9.413,3.657,71.6496200002145,1.6826200002144844,69.96700000000001,0.0
S00005,IMS-CSCF,edge-A,edge,13,DONE,0.37869,0.39522,16.532414999801404,16.532414999801404,13.646,1.34,1.546414999801403,0.4054149998014047,1.1409999999999982,0.0
S00005,IMS-CSCF,edge-A,edge,14,DONE,0.38273,0.47892,96.19075199998406,96.19075199998406,88.098,6.245,1.8477519999840553,0.8357519999840548,1.0120000000000005,0.0
S00003,UPF,edge-A,edge,20,DONE,0.38288,0.57268,189.79704200000924,189.79704200000924,110.704,76.897,2.1960420000092427,1.2620420000092452,0.9339999999999975,0.0
S00005,IMS-CSCF,edge-A,edge,15,DONE,0.38752,0.58188,194.357545999992,194.357545999992,186.804,2.758,4.795545999991987,1.2235459999920124,3.5719999999999743,0.0
S00005,IMS-CSCF,edge-A,edge,16,DONE,0.38994,0.58597,196.0326889998214,196.0326889998214,189.879,3.368,2.785688999821417,0.6746889998213987,2.1110000000000184,0.0
S00001,vRAN-DU,edge-A,edge,9,DONE,0.3986,0.4971,98.50217399980465,98.50217399980465,4.504,15.771,78.22717399980465,1.0111739998046545,77.21600000000001,0.0
S00007,Transcoder,core-1,core,6,DONE,0.40309,0.43372,30.628473999968264,30.628473999968264,0.102,15.841,4.685473999968265,2.941473999968263,1.7440000000000015,10.0
S00009,IoT-GW,edge-A,edge,14,DONE,0.40469,0.77954,374.84703100017214,374.84703100017214,304.579,0.739,69.52903100017215,0.6250310001721573,68.904,0.0
S00001,vRAN-DU,edge-A,edge,10,DONE,0.40483,0.49711,92.2784760000468,92.2784760000468,15.139,6.629,70.5104760000468,0.842476000046787,69.668,0.0
S00008,Transcoder,core-1,core,6,DONE,0.40615,0.43404,27.89141799985373,27.89141799985373,0.202,11.903,3.786417999853729,2.4984179998537286,1.2880000000000003,12.0
S00009,IoT-GW,edge-A,edge,15,DONE,0.41081,0.79211,381.2970620001579,381.2970620001579,313.944,3.55,63.803062000157865,1.5770620001578664,62.226,0.0
S00010,IoT-GW,edge-B,edge,10,DONE,0.41099,0.46521,54.21674799981702,54.21674799981702,15.028,1.897,37.29174799981702,0.6007479998170169,36.691,0.0
S00005,IMS-CSCF,edge-A,edge,17,DONE,0.41151,0.59064,179.1301069997644,179.1301069997644,111.921,3.322,63.887106999764384,1.0911069997644063,62.79599999999998,0.0
S00008,Transcoder,core-1,core,7,DONE,0.41286,0.44302,30.159690999880695,30.159690999880695,0.115,8.814,9.230690999880693,3.4746909998806945,5.756,12.0
S00010,IoT-GW,edge-B,edge,11,DONE,0.41303,0.46932,56.28692299978866,56.28692299978866,18.171,2.726,35.38992299978866,1.9239229997886582,33.466,0.0
S00005,IMS-CSCF,edge-A,edge,18,DONE,0.41743,0.59281,175.3833709999526,175.3833709999526,116.705,1.447,57.2313709999526,0.5923709999526068,56.638999999999996,0.0
S00010,IoT-GW,edge-B,edge,12,DONE,0.4198,0.55088,131.08554599966737,131.08554599966737,21.077,78.974,31.034545999667372,0.5995459996673844,30.434999999999988,0.0
S00010,IoT-GW,edge-B,edge,13,DONE,0.42511,0.55987,134.76044600020032,134.76044600020032,109.519,2.142,23.099446000200317,0.8124460002003104,22.287000000000006,0.0
S00006,IMS-CSCF,edge-B,edge,9,DONE,0.4254,0.45578,30.376304000128584,30.376304000128584,0.472,5.847,24.057304000128582,1.8513040001285859,22.205999999999996,0.0
S00006,IMS-CSCF,edge-B,edge,10,DONE,0.42667,0.46153,34.85939300026075,34.85939300026075,8.482,4.499,21.878393000260754,0.7733930002607536,21.105,0.0
S00005,IMS-CSCF,edge-A,edge,19,DONE,0.43374,0.59721,163.47155699986615,163.47155699986615,120.495,1.728,41.24855699986615,0.8915569998661397,40.35700000000001,0.0
S00007,Transcoder,core-1,core,7,DONE,0.44444,0.48152,37.08085200014466,37.08085200014466,0.163,23.39,3.5278520001446587,2.067852000144658,1.4600000000000009,10.0
S00009,IoT-GW,edge-A,edge,16,DONE,0.45788,0.88106,423.17495299994334,423.17495299994334,400.698,3.414,19.062952999943377,3.895952999943347,15.16700000000003,0.0
S00004,UPF,edge-B,edge,14,DONE,0.46336,0.46813,4.772085000240622,4.772085000240622,0.171,3.495,1.1060850002406224,0.5540850002406223,0.552,0.0
S00007,Transcoder,core-1,core,8,DONE,0.46522,0.49707,31.849133999912738,31.849133999912738,0.116,14.537,7.196133999912739,6.0321339999127375,1.1639999999999997,10.0
S00001,vRAN-DU,edge-A,edge,11,DONE,0.47214,0.57644,104.30204700014656,104.30204700014656,20.479,79.966,3.857047000146565,0.6010470001465649,3.2560000000000002,0.0
S00003,UPF,edge-A,edge,21,DONE,0.47802,0.57598,97.95906999988802,97.95906999988802,93.466,2.462,2.031069999888018,1.1540699998880086,0.8770000000000095,0.0
S00006,IMS-CSCF,edge-B,edge,11,DONE,0.47818,0.55903,80.84573199994338,80.84573199994338,8.55,3.389,68.90673199994339,0.6827319999433854,68.22399999999999,0.0
S00006,IMS-CSCF,edge-B,edge,12,DONE,0.4812,0.56437,83.16790100025173,83.16790100025173,13.685,3.549,65.93390100025172,0.868901000251725,65.065,0.0
S00008,Transcoder,core-1,core,8,DONE,0.48394,0.50889,24.955706999662652,24.955706999662652,0.171,10.543,2.2417069996626537,1.5617069996626523,0.6800000000000015,12.0
S00003,UPF,edge-A,edge,22,DONE,0.48539,0.58596,100.56976000032591,100.56976000032591,88.952,8.91,2.7077600003259192,1.136760000325907,1.5710000000000122,0.0
S00008,Transcoder,core-1,core,9,DONE,0.48913,0.5198,30.670173000089562,30.670173000089562,0.089,14.912,3.669173000089561,2.7341730000895623,0.9349999999999987,12.0
S00008,Transcoder,core-1,core,10,DONE,0.49283,0.51982,26.993938000032358,26.993938000032358,0.087,9.638,5.268938000032357,4.116938000032356,1.152000000000001,12.0
S00009,IoT-GW,edge-A,edge,17,DONE,0.49307,0.89104,397.96783099973254,397.96783099973254,389.814,4.786,3.3678309997325186,2.3598309997325373,1.0079999999999814,0.0
S00008,Transcoder,core-1,core,11,DONE,0.50892,0.53256,23.6456590000671,23.6456590000671,0.443,8.781,2.4216590000670983,1.5466590000670983,0.875,12.0
S00002,vRAN-DU,edge-B,edge,14,DONE,0.51305,0.55705,43.999660999816115,43.999660999816115,0.269,9.524,34.206660999816116,1.309660999816117,32.897,0.0
S00010,IoT-GW,edge-B,edge,14,DONE,0.51327,0.56705,53.778161999616714,53.778161999616714,18.277,1.655,33.84616199961671,1.2981619996167169,32.547999999999995,0.0
S00004,UPF,edge-B,edge,15,DONE,0.51675,0.55484,38.08581900011632,38.08581900011632,1.431,6.304,30.350819000116317,0.43181900011631313,29.919000000000004,0.0
S00005,IMS-CSCF,edge-A,edge,20,DONE,0.51735,0.59982,82.46961899976668,82.46961899976668,24.475,1.535,56.459618999766676,1.0956189997666854,55.36399999999999,0.0
S00009,IoT-GW,edge-A,edge,18,DONE,0.5191,0.97373,454.6303959996294,454.6303959996294,332.363,67.341,54.92639599962939,1.728395999629413,53.19799999999998,0.0
S00005,IMS-CSCF,edge-A,edge,21,DONE,0.51988,0.67262,152.74210699999458,152.74210699999458,26.142,72.772,53.828106999994574,0.5151069999945719,53.313,0.0
S00008,Transcoder,core-1,core,12,DONE,0.52428,0.55086,26.585006000004796,26.585006000004796,0.125,9.995,4.465006000004799,3.3870060000047957,1.0780000000000012,12.0
S00004,UPF,edge-B,edge,16,DONE,0.54541,0.56623,20.825948999572574,20.825948999572574,12.32,6.038,2.467948999572574,0.9619489995725736,1.5060000000000002,0.0
S00004,UPF,edge-B,edge,17,DONE,0.54688,0.56956,22.67474099971878,22.67474099971878,14.465,3.428,4.781740999718778,3.840740999718779,0.940999999999999,0.0
S00003,UPF,edge-A,edge,23,DONE,0.56706,0.58988,22.82155300008526,22.82155300008526,13.187,3.388,6.24655300008526,1.7285530000852596,4.518000000000001,0.0
S00006,IMS-CSCF,edge-B,edge,13,DONE,0.57078,0.64769,76.9133270000566,76.9133270000566,2.437,70.936,3.5403270000565925,0.7673270000565964,2.772999999999996,0.0
S00006,IMS-CSCF,edge-B,edge,14,DONE,0.57269,0.65449,81.80377899998348,81.80377899998348,76.449,1.74,3.6147789999834856,0.545778999983483,3.0690000000000026,0.0
S00006,IMS-CSCF,edge-B,edge,15,DONE,0.57599,0.66665,90.66378400029862,90.66378400029862,17.51,2.488,70.66578400029861,0.5027840002986181,70.163,0.0
S00008,Transcoder,core-1,core,13,DONE,0.57607,0.59984,23.770197000430926,23.770197000430926,1.066,7.187,3.517197000430926,3.0001970004309264,0.5169999999999995,12.0
S00003,UPF,edge-A,edge,24,DONE,0.57967,0.59679,17.122356000072614,17.122356000072614,8.391,6.074,2.657356000072614,1.4913560000726136,1.1660000000000004,0.0
S00002,vRAN-DU,edge-B,edge,15,DONE,0.58097,0.65947,78.49805700016077,78.49805700016077,0.117,12.882,65.49905700016078,0.61705700016077,64.882,0.0
S00004,UPF,edge-B,edge,18,DONE,0.58408,0.65254,68.46834499992838,68.46834499992838,1.009,4.839,62.62034499992838,0.6673449999283747,61.953,0.0
S00010,IoT-GW,edge-B,edge,15,DONE,0.59064,0.66666,76.01680700008728,76.01680700008728,17.543,2.44,56.03380700008728,1.0908070000872812,54.943,0.0
S00007,Transcoder,core-1,core,9,DONE,0.59282,0.61448,21.659350999925664,21.659350999925664,0.101,8.837,2.7213509999256633,1.7803509999256644,0.940999999999999,10.0
S00008,Transcoder,core-1,core,14,DONE,0.59681,0.62322,26.41003099961381,26.41003099961381,0.097,7.941,6.372030999613809,4.17503099961381,2.196999999999999,12.0
S00009,IoT-GW,edge-A,edge,19,DONE,0.59708,0.97973,382.64698800003316,382.64698800003316,375.071,1.232,6.343988000033107,5.537988000033181,0.8059999999999263,0.0
S00005,IMS-CSCF,edge-A,edge,22,DONE,0.60108,0.67942,78.3418209998672,78.3418209998672,4.315,2.062,71.9648209998672,0.5668209998671898,71.39800000000001,0.0
S00002,vRAN-DU,edge-B,edge,16,DONE,0.60121,0.65817,56.96808500033512,56.96808500033512,8.064,3.689,45.21508500033512,1.0350850003351226,44.18,0.0
S00001,vRAN-DU,edge-A,edge,12,DONE,0.60602,0.67689,70.87812200006738,70.87812200006738,0.453,3.021,67.40412200006737,1.1811220000673757,66.223,0.0
S00009,IoT-GW,edge-A,edge,20,DONE,0.60943,0.98228,372.85038600020926,372.85038600020926,306.469,2.522,63.85938600020927,0.627386000209242,63.23200000000003,0.0
S00001,vRAN-DU,edge-A,edge,13,DONE,0.61402,0.68538,71.35611300009259,71.35611300009259,8.406,3.536,59.41411300009259,0.82011300009259,58.594,0.0
S00003,UPF,edge-A,edge,25,DONE,0.62555,0.68071,55.161034999855474,55.161034999855474,3.366,4.314,47.481034999855474,0.6480349998554757,46.833,0.0
S00006,IMS-CSCF,edge-B,edge,16,DONE,0.62574,0.74668,120.93704099970637,120.93704099970637,20.259,79.668,21.010040999706362,0.6990409997063693,20.310999999999993,0.0
S00001,vRAN-DU,edge-A,edge,14,DONE,0.6274,0.68778,60.38015900003302,60.38015900003302,10.432,4.035,45.91315900003302,0.5651590000330202,45.348,0.0
S00003,UPF,edge-A,edge,26,DONE,0.63074,0.68347,52.732869000010396,52.732869000010396,8.428,1.864,42.440869000010395,0.550869000010394,41.89,0.0
S00002,vRAN-DU,edge-B,edge,17,DONE,0.63205,0.66314,31.094479999865143,31.094479999865143,12.414,4.289,14.391479999865144,0.6204799998651431,13.771,0.0
S00010,IoT-GW,edge-B,edge,16,DONE,0.63745,0.75329,115.83975899975485,115.83975899975485,105.888,1.088,8.86375899975485,0.6087589997548548,8.254999999999995,0.0
S00007,Transcoder,core-1,core,10,DONE,0.64139,0.66546,24.07430800030852,24.07430800030852,0.119,9.497,4.45830800030852,1.5203080003085194,2.9380000000000006,10.0
S00003,UPF,edge-A,edge,27,DONE,0.64157,0.68811,46.53888599978018,46.53888599978018,12.137,2.879,31.52288599978018,0.47788599978017743,31.045,0.0
S00003,UPF,edge-A,edge,28,DONE,0.64171,0.69029,48.57254400030797,48.57254400030797,15.216,1.92,31.436544000307972,0.4975440003079683,30.939000000000004,0.0
S00004,UPF,edge-B,edge,19,DONE,0.6545,0.66383,9.327090999704524,9.327090999704524,2.608,2.597,4.122090999704524,2.7150909997045236,1.407,0.0
S00005,IMS-CSCF,edge-A,edge,23,DONE,0.65948,0.77253,113.05194099986693,113.05194099986693,14.672,84.413,13.966940999866935,0.7369409998669312,13.230000000000004,0.0
S00002,vRAN-DU,edge-B,edge,18,DONE,0.66384,0.74734,83.49996200013265,83.49996200013265,1.923,80.782,0.7949620001326565,0.4509620001326482,0.3440000000000083,0.0
S00006,IMS-CSCF,edge-B,edge,17,DONE,0.66547,0.749,83.52575600019918,83.52575600019918,80.637,1.952,0.9367560001991819,0.3067560001991865,0.6299999999999955,0.0
S00003,UPF,edge-A,edge,29,DONE,0.67583,0.77651,100.67793600001096,100.67793600001096,12.946,85.939,1.7929360000109682,0.9949360000109522,0.798000000000016,0.0
S00005,IMS-CSCF,edge-A,edge,24,DONE,0.67593,0.77823,102.29917000015121,102.29917000015121,99.528,1.16,1.6111700001512048,0.945170000151208,0.6659999999999968,0.0
S00003,UPF,edge-A,edge,30,DONE,0.67861,0.78259,103.98231699991811,103.98231699991811,100.117,2.275,1.5903169999181017,0.610316999918112,0.9799999999999898,0.0
S00005,IMS-CSCF,edge-A,edge,25,DONE,0.6967,0.79209,95.38921500006836,95.38921500006836,15.219,4.216,75.95421500006836,1.0812150000683545,74.873,0.0
S00006,IMS-CSCF,edge-B,edge,18,DONE,0.70768,0.75477,47.09457499984637,47.09457499984637,44.001,1.72,1.373574999846376,0.6345749998463717,0.7390000000000043,0.0
S00009,IoT-GW,edge-A,edge,21,DONE,0.71243,0.99075,278.3162099999572,278.3162099999572,217.037,1.013,60.2662099999572,1.2122099999572242,59.053999999999974,0.0
S00009,IoT-GW,edge-A,edge,22,DONE,0.71377,0.99847,284.69887500023106,284.69887500023106,218.423,1.227,65.04887500023105,0.5628750002310312,64.48600000000002,0.0
S00009,IoT-GW,edge-A,edge,23,DONE,0.71508,0.99899,283.90798800000994,283.90798800000994,219.827,3.146,60.93498800000995,0.5179880000099502,60.417,0.0
S00002,vRAN-DU,edge-B,edge,19,DONE,0.71522,0.75156,36.33831900015139,36.33831900015139,1.613,2.844,31.881319000151386,0.4543190001513864,31.427,0.0
S00006,IMS-CSCF,edge-B,edge,19,DONE,0.71848,0.7582,39.71855999998297,39.71855999998297,8.459,2.135,29.12455999998297,0.4705599999829744,28.653999999999996,0.0
S00006,IMS-CSCF,edge-B,edge,20,DONE,0.72077,0.76084,40.07326000009925,40.07326000009925,10.931,2.763,26.379260000099254,0.4812600000992546,25.898,0.0
S00004,UPF,edge-B,edge,20,DONE,0.72208,0.75257,30.496192000100564,30.496192000100564,2.5,2.841,25.155192000100563,0.6101920001005645,24.544999999999998,0.0
S00001,vRAN-DU,edge-A,edge,15,DONE,0.72541,0.78466,59.25298100009968,59.25298100009968,0.786,11.47,46.99698100009968,0.6059810000996819,46.391,0.0
S00010,IoT-GW,edge-B,edge,17,DONE,0.73178,0.75889,27.110188000278868,27.110188000278868,10.159,1.712,15.239188000278867,0.5001880002788681,14.738999999999999,0.0
S00005,IMS-CSCF,edge-A,edge,26,DONE,0.73312,0.79365,60.53135999991355,60.53135999991355,20.159,1.229,39.14335999991355,0.540359999913548,38.603,0.0
S00005,IMS-CSCF,edge-A,edge,27,DONE,0.73958,0.87535,135.76341299994965,135.76341299994965,21.546,80.937,33.28041299994965,0.6024129999496495,32.678,0.0
S00004,UPF,edge-B,edge,21,DONE,0.75122,0.75639,5.169071999716834,5.169071999716834,1.143,2.311,1.7150719997168347,0.5940719997168342,1.1210000000000004,0.0
S00003,UPF,edge-A,edge,31,DONE,0.76721,0.7871,19.88936800034935,19.88936800034935,12.424,2.345,5.12036800034935,0.8163680003493496,4.304,0.0
S00010,IoT-GW,edge-B,edge,18,DONE,0.77095,0.78256,11.61517599985018,11.61517599985018,0.083,5.491,6.04117599985018,1.2431759998501803,4.798,0.0
S00006,IMS-CSCF,edge-B,edge,21,DONE,0.77266,0.78258,9.922465999807173,9.922465999807173,0.063,6.396,3.4634659998071733,0.7224659998071736,2.7409999999999997,0.0
S00004,UPF,edge-B,edge,22,DONE,0.77539,0.85026,74.87561400012055,74.87561400012055,3.242,69.682,1.9516140001205429,0.5306140001205506,1.4209999999999923,0.0
S00005,IMS-CSCF,edge-A,edge,28,DONE,0.77551,0.87947,103.96283199997924,103.96283199997924,97.873,2.923,3.1668319999792374,0.5828319999792484,2.583999999999989,0.0
S00001,vRAN-DU,edge-A,edge,16,DONE,0.78074,0.78847,7.7281030003177875,7.7281030003177875,0.953,5.502,1.2731030003177874,0.5841030003177874,0.6890000000000001,0.0
S00002,vRAN-DU,edge-B,edge,20,DONE,0.78861,0.84958,60.96747099991262,60.96747099991262,0.1,2.756,58.11147099991262,0.6194709999126218,57.492,0.0
S00001,vRAN-DU,edge-A,edge,17,DONE,0.78971,0.87476,85.046630999841,85.046630999841,0.958,82.663,1.4256309998410046,0.4646309998410061,0.9609999999999985,0.0
S00007,Transcoder,core-1,core,11,DONE,0.79501,0.81347,18.456092000178614,18.456092000178614,0.096,5.887,2.473092000178614,1.7800920001786142,0.6930000000000005,10.0
S00009,IoT-GW,edge-A,edge,24,DONE,0.79522,0.99934,204.12069599979077,204.12069599979077,120.63,0.785,82.70569599979078,0.33169599979078157,82.374,0.0
S00005,IMS-CSCF,edge-A,edge,29,DONE,0.79865,0.8928,94.1569509996043,94.1569509996043,6.898,10.998,76.2609509996043,0.45595099960431185,75.80499999999999,0.0
S00010,IoT-GW,edge-B,edge,19,DONE,0.79881,0.85477,55.952840999907494,55.952840999907494,6.467,1.885,47.60084099990749,0.5358409999074922,47.065,0.0
S00001,vRAN-DU,edge-A,edge,18,DONE,0.81572,0.88546,69.74257000001671,69.74257000001671,3.151,7.401,59.19057000001671,0.5235700000167185,58.666999999999994,0.0
S00010,IoT-GW,edge-B,edge,20,DONE,0.81589,0.85787,41.98529800032702,41.98529800032702,8.498,3.015,30.472298000327022,0.5172980003270169,29.955000000000005,0.0
S00001,vRAN-DU,edge-A,edge,19,DONE,0.81847,0.8956,77.13203599996632,77.13203599996632,17.632,2.927,56.57303599996632,0.4540359999663224,56.119,0.0
S00007,Transcoder,core-1,core,12,DONE,0.81859,0.83751,18.92042899999069,18.92042899999069,0.11,6.656,2.1544289999906905,1.1494289999906897,1.005,10.0
S00004,UPF,edge-B,edge,23,DONE,0.81981,0.85365,33.83549499994842,33.83549499994842,3.28,4.001,26.554494999948425,0.4734949999484215,26.081000000000003,0.0
S00002,vRAN-DU,edge-B,edge,21,DONE,0.82325,0.8522,28.94490099970426,28.94490099970426,3.126,2.812,23.00690099970426,0.4839009997042609,22.523,0.0
S00005,IMS-CSCF,edge-A,edge,30,DONE,0.82681,0.90609,79.27964300006352,79.27964300006352,23.429,3.675,52.175643000063516,4.414643000063521,47.760999999999996,0.0
S00009,IoT-GW,edge-A,edge,25,DONE,0.83133,0.9995,168.1691370004046,168.1691370004046,121.353,0.71,46.1061370004046,0.47013700040457707,45.636000000000024,0.0
S00009,IoT-GW,edge-A,edge,26,DONE,0.83263,0.99972,167.0928849998745,167.0928849998745,122.174,0.646,44.272884999874506,0.44888499987450814,43.824,0.0
S00003,UPF,edge-A,edge,32,DONE,0.83273,0.88208,49.35562199989363,49.35562199989363,3.631,3.041,42.68362199989363,0.4296219998936266,42.254000000000005,0.0
S00004,UPF,edge-B,edge,24,DONE,0.84882,0.85673,7.904704999873502,7.904704999873502,4.471,2.359,1.0747049998735019,0.6447049998735022,0.4299999999999997,0.0
S00009,IoT-GW,edge-A,edge,27,DONE,0.84896,1.00006,151.10070900027495,151.10070900027495,122.929,0.738,27.433709000274945,0.9117090002749535,26.52199999999999,0.0
S00007,Transcoder,core-1,core,13,DONE,0.85027,0.87161,21.33778000006714,21.33778000006714,0.085,9.047,2.20578000006714,1.5447800000671421,0.6609999999999978,10.0
S00008,Transcoder,core-1,core,15,DONE,0.85365,0.8762,22.54177399981927,22.54177399981927,0.088,8.745,1.7087739998192717,0.9177739998192695,0.7910000000000021,12.0
S00004,UPF,edge-B,edge,25,DONE,0.85477,0.85989,5.119719000049372,5.119719000049372,1.849,2.66,0.6107190000493716,0.24171900004937186,0.3689999999999998,0.0
S00010,IoT-GW,edge-B,edge,21,DONE,0.85516,0.86092,5.75401400010378,5.75401400010378,2.204,2.904,0.6460140001037793,0.33801400010377947,0.30799999999999983,0.0
S00007,Transcoder,core-1,core,14,DONE,0.85674,0.89211,35.36958999984563,35.36958999984563,0.058,20.42,4.891589999845628,3.7285899998456316,1.1629999999999967,10.0
S00001,vRAN-DU,edge-A,edge,20,DONE,0.85681,0.90612,49.31234800005768,49.31234800005768,18.091,11.624,19.59734800005768,1.7063480000576803,17.891,0.0
S00001,vRAN-DU,edge-A,edge,21,DONE,0.86622,0.89844,32.22342699973524,32.22342699973524,20.84,2.307,9.07642699973524,0.6084269997352401,8.468,0.0
S00007,Transcoder,core-1,core,15,DONE,0.86892,0.89843,29.516005000004952,29.516005000004952,0.079,16.447,2.9900050000049525,1.9870050000049524,1.0030000000000001,10.0
S00004,UPF,edge-B,edge,26,DONE,0.86944,0.87301,3.570105999642692,3.570105999642692,0.086,2.363,1.1211059996426922,0.5521059996426922,0.569,0.0
S00009,IoT-GW,edge-A,edge,28,DONE,0.87302,1.0002,127.17078300011053,127.17078300011053,123.806,0.642,2.722783000110539,0.2697830001105359,2.453000000000003,0.0
S00006,IMS-CSCF,edge-B,edge,22,DONE,0.8775,0.88437,6.868463999580854,6.868463999580854,0.091,5.403,1.374463999580854,0.3984639995808541,0.976,0.0
S00009,IoT-GW,edge-A,edge,29,DONE,0.88089,1.07236,191.4637159998165,191.4637159998165,117.187,72.66,1.6167159998165062,1.0247159998164932,0.592000000000013,0.0
S00004,UPF,edge-B,edge,27,DONE,0.88327,0.88806,4.7900529998514685,4.7900529998514685,0.062,2.856,1.8720529998514688,0.6080529998514681,1.2640000000000007,0.0
S00005,IMS-CSCF,edge-A,edge,31,DONE,0.88339,0.97974,96.35531200001424,96.35531200001424,20.289,72.127,3.9393120000142403,3.071312000014231,0.8680000000000092,0.0
S00004,UPF,edge-B,edge,28,DONE,0.88344,0.95057,67.12965499991697,67.12965499991697,3.497,58.281,5.351654999916967,0.8736549999169654,4.4780000000000015,0.0
S00009,IoT-GW,edge-A,edge,30,DONE,0.88547,1.0828,197.32392900004925,197.32392900004925,191.172,4.096,2.0559290000492467,0.808929000049261,1.2469999999999857,0.0
S00007,Transcoder,core-1,core,16,DONE,0.89398,0.91394,19.9549199996909,19.9549199996909,0.13,7.643,2.1819199996909013,1.5919199996909015,0.5899999999999999,10.0
S00001,vRAN-DU,edge-A,edge,22,DONE,0.89845,0.90611,7.658397999875888,7.658397999875888,1.642,2.405,3.611397999875888,1.7743979998758874,1.8370000000000006,0.0
S00005,IMS-CSCF,edge-A,edge,32,DONE,0.90613,0.97976,73.63225800008877,73.63225800008877,5.18,1.141,67.31125800008877,0.670258000088765,66.641,0.0
S00004,UPF,edge-B,edge,29,DONE,0.9075,0.9506,43.09477800006789,43.09477800006789,1.336,1.925,39.83377800006789,0.6177780000678936,39.215999999999994,0.0
S00008,Transcoder,core-1,core,16,DONE,0.90874,0.92949,20.75224899999739,20.75224899999739,0.089,6.583,2.0802489999973908,1.0022489999973914,1.0779999999999994,12.0
S00001,vRAN-DU,edge-A,edge,23,DONE,0.91544,0.97975,64.30832699970779,64.30832699970779,1.464,2.816,60.02832699970779,2.497326999707788,57.531,0.0
S00005,IMS-CSCF,edge-A,edge,33,DONE,0.91557,0.99073,75.16062800004875,75.16062800004875,13.007,1.102,61.051628000048744,3.937628000048747,57.114,0.0
S00007,Transcoder,core-1,core,17,DONE,0.91986,0.93978,19.924043000173697,19.924043000173697,0.135,6.795,2.994043000173697,2.363043000173697,0.6310000000000002,10.0
S00009,IoT-GW,edge-A,edge,31,DONE,0.92432,1.09087,166.54873599964048,166.54873599964048,116.539,1.271,48.73873599964048,0.45273599964048117,48.286,0.0
S00007,Transcoder,core-1,core,18,DONE,0.92666,0.9566,29.94313199997123,29.94313199997123,0.086,14.298,5.559131999971228,4.939131999971229,0.6199999999999992,10.0
S00006,IMS-CSCF,edge-B,edge,23,DONE,0.92901,0.95059,21.580774000085512,21.580774000085512,0.138,2.844,18.598774000085513,0.9777740000855104,17.621000000000002,0.0
S00009,IoT-GW,edge-A,edge,32,DONE,0.93069,1.09504,164.34391300026618,164.34391300026618,120.822,1.133,42.388913000266186,0.39791300026618615,41.991,0.0
S00007,Transcoder,core-1,core,19,DONE,0.9321,0.95575,23.64941399991949,23.64941399991949,0.087,10.24,3.3224139999194886,2.3754139999194894,0.9469999999999992,10.0
S00005,IMS-CSCF,edge-A,edge,34,DONE,0.93222,0.99074,58.519578000414185,58.519578000414185,14.231,1.488,42.800578000414184,2.1575780004141834,40.643,0.0
S00003,UPF,edge-A,edge,33,DONE,0.93797,0.98571,47.73313300029258,47.73313300029258,4.459,7.759,35.51513300029258,0.623133000292583,34.891999999999996,0.0
S00003,UPF,edge-A,edge,34,DONE,0.93986,0.99914,59.28729100014607,59.28729100014607,12.415,10.355,36.51729100014607,0.3212910001460685,36.196,0.0
S00001,vRAN-DU,edge-A,edge,24,DONE,0.94519,0.98572,40.52896500024872,40.52896500024872,9.559,2.665,28.304965000248718,0.5939650002487156,27.711000000000002,0.0
S00002,vRAN-DU,edge-B,edge,22,DONE,0.95182,0.95703,5.204153999784467,5.204153999784467,0.056,4.481,0.6671539997844667,0.34415399978446626,0.3230000000000004,0.0
S00010,IoT-GW,edge-B,edge,22,DONE,0.95492,0.95763,2.7081859998361324,2.7081859998361324,0.068,1.721,0.9191859998361323,0.38818599983613256,0.5309999999999997,0.0
S00006,IMS-CSCF,edge-B,edge,24,DONE,0.95984,0.96248,2.6445759999660368,2.6445759999660368,0.059,1.359,1.2265759999660368,0.8115759999660368,0.41500000000000004,0.0
S00009,IoT-GW,edge-A,edge,33,DONE,0.96249,1.17575,213.25998000020263,213.25998000020263,198.598,1.71,12.95198000020261,2.5559800002026236,10.395999999999987,0.0
S00010,IoT-GW,edge-B,edge,23,DONE,0.97098,0.97375,2.770397999938723,2.770397999938723,0.093,1.242,1.435397999938723,0.7753979999387228,0.6600000000000001,0.0
S00004,UPF,edge-B,edge,30,DONE,0.97375,0.97977,6.0114349998912076,6.0114349998912076,0.103,2.276,3.6324349998912075,3.0604349998912075,0.5720000000000001,0.0
S00006,IMS-CSCF,edge-B,edge,25,DONE,0.97713,0.97977,2.645720000145957,2.645720000145957,0.075,1.288,1.2827200001459569,0.7907200001459569,0.492,0.0
S00010,IoT-GW,edge-B,edge,24,DONE,0.97978,0.98227,2.488750999873446,2.488750999873446,0.062,0.764,1.6627509998734458,0.8417509998734458,0.821,0.0
S00008,Transcoder,core-1,core,17,DONE,0.98171,1.01205,30.33936600013476,30.33936600013476,0.104,14.642,3.593366000134761,2.8063660001347603,0.7870000000000008,12.0
S00003,UPF,edge-A,edge,35,DONE,0.98196,1.07521,93.25017099990873,93.25017099990873,11.002,78.016,4.232170999908732,0.39017099990873305,3.8419999999999987,0.0
S00008,Transcoder,core-1,core,18,DONE,0.98202,1.01298,30.961932000082015,30.961932000082015,8.058,7.663,3.240932000082015,2.764932000082016,0.4759999999999991,12.0
S00004,UPF,edge-B,edge,31,DONE,0.98694,0.99076,3.82034400035991,3.82034400035991,0.085,2.109,1.62634400035991,0.6343440003599099,0.992,0.0
S00004,UPF,edge-B,edge,32,DONE,0.99076,0.99436,3.5952309999629506,3.5952309999629506,0.07,1.803,1.7222309999629506,1.0522309999629504,0.6700000000000002,0.0
S00008,Transcoder,core-1,core,19,DONE,0.99437,1.01989,25.516606000110187,25.516606000110187,5.122,6.456,1.9386060001101875,1.2156060001101867,0.7230000000000008,12.0
S00005,IMS-CSCF,edge-A,edge,35,DONE,0.99459,1.08009,85.50050599978931,85.50050599978931,5.07,3.01,77.42050599978931,5.3815059997893115,72.039,0.0
S00001,vRAN-DU,edge-A,edge,25,DONE,1.00577,1.07838,72.61071099992478,72.61071099992478,0.506,4.359,67.74571099992478,2.261710999924773,65.48400000000001,0.0
S00006,IMS-CSCF,edge-B,edge,26,DONE,1.00935,1.01221,2.867271000013716,2.867271000013716,0.099,1.449,1.3192710000137158,0.3622710000137159,0.9569999999999999,0.0
S00006,IMS-CSCF,edge-B,edge,27,DONE,1.0199,1.04663,26.734441999906267,26.734441999906267,0.097,25.425,1.2124419999062646,0.5224419999062668,0.6899999999999977,0.0
S00005,IMS-CSCF,edge-A,edge,36,DONE,1.03136,1.08958,58.215208999627066,58.215208999627066,15.132,2.428,40.655208999627064,0.7682089996270633,39.887,0.0
S00009,IoT-GW,edge-A,edge,34,DONE,1.04005,1.19399,153.94393799988393,153.94393799988393,106.505,8.046,39.39293799988394,0.8869379998839406,38.506,0.0
S00004,UPF,edge-B,edge,33,DONE,1.04031,1.05155,11.247507999996742,11.247507999996742,0.092,9.966,1.1895079999967422,0.4585079999967423,0.7309999999999999,0.0
S00010,IoT-GW,edge-B,edge,25,DONE,1.04264,1.05743,14.784167000016168,14.784167000016168,8.151,1.643,4.990167000016168,1.690167000016169,3.299999999999999,0.0
S00003,UPF,edge-A,edge,36,DONE,1.04277,1.07942,36.64828099999795,36.64828099999795,2.446,3.919,30.28328099999795,0.8782809999979477,29.405,0.0
S00002,vRAN-DU,edge-B,edge,23,DONE,1.04314,1.05192,8.782491000147274,8.782491000147274,0.174,4.996,3.6124910001472736,0.5004910001472744,3.111999999999999,0.0
S00006,IMS-CSCF,edge-B,edge,28,DONE,1.04327,1.05479,11.512106999816751,11.512106999816751,5.446,3.022,3.0441069998167514,0.4171069998167507,2.6270000000000007,0.0
S00003,UPF,edge-A,edge,37,DONE,1.04457,1.08957,44.99987600001987,44.99987600001987,11.255,6.024,27.720876000019867,0.726876000019864,26.994000000000003,0.0
S00001,vRAN-DU,edge-A,edge,26,DONE,1.04586,1.08646,40.596963000098185,40.596963000098185,8.133,6.304,26.159963000098188,0.45796300009818225,25.702000000000005,0.0
S00002,vRAN-DU,edge-B,edge,24,DONE,1.04619,1.0641,17.906576999848767,17.906576999848767,6.121,9.229,2.556576999848767,0.43557699984876663,2.1210000000000004,0.0
S00008,Transcoder,core-1,core,20,DONE,1.04668,1.07418,27.494477999880473,27.494477999880473,0.089,10.412,4.993477999880472,4.126477999880471,0.8669999999999991,12.0
S00010,IoT-GW,edge-B,edge,26,DONE,1.0479,1.06284,14.93634899998142,14.93634899998142,7.454,6.261,1.2213489999814193,0.3063489999814184,0.9150000000000009,0.0
S00010,IoT-GW,edge-B,edge,27,DONE,1.04935,1.069,19.658853999771964,19.658853999771964,12.494,5.559,1.6058539997719627,0.9178539997719639,0.6879999999999988,0.0
S00003,UPF,edge-A,edge,38,DONE,1.04941,1.09427,44.85806499997125,44.85806499997125,17.565,4.869,22.424064999971247,0.5520649999712504,21.871999999999996,0.0
S00004,UPF,edge-B,edge,34,DONE,1.04946,1.05419,4.7252499998649,4.7252499998649,1.173,2.475,1.0772499998648999,0.5682499998649,0.5089999999999999,0.0
S00007,Transcoder,core-1,core,20,DONE,1.04955,1.08127,31.716937000055623,31.716937000055623,0.082,18.362,3.2729370000556237,0.9739370000556242,2.2989999999999995,10.0
S00010,IoT-GW,edge-B,edge,28,DONE,1.06165,1.07944,17.78674300021521,17.78674300021521,6.043,7.658,4.08574300021521,0.8587430002152097,3.2270000000000003,0.0
S00006,IMS-CSCF,edge-B,edge,29,DONE,1.06738,1.07859,11.206242999833194,11.206242999833194,0.06,7.376,3.7702429998331937,0.8522429998331944,2.9179999999999993,0.0
S00006,IMS-CSCF,edge-B,edge,30,DONE,1.06752,1.08735,19.835289000184275,19.835289000184275,9.816,7.508,2.5112890001842736,0.959289000184274,1.5519999999999996,0.0
S00004,UPF,edge-B,edge,35,DONE,1.06901,1.08727,18.259119000049395,18.259119000049395,8.943,7.561,1.7551190000493975,0.4211190000493943,1.3340000000000032,0.0
S00006,IMS-CSCF,edge-B,edge,31,DONE,1.07839,1.14815,69.75549400021919,69.75549400021919,6.085,60.716,2.954494000219185,0.7404940002191864,2.2139999999999986,0.0
S00003,UPF,edge-A,edge,39,DONE,1.07849,1.17248,93.9940629996272,93.9940629996272,15.373,77.102,1.5190629996271952,0.804062999627206,0.7149999999999892,0.0
S00006,IMS-CSCF,edge-B,edge,32,DONE,1.0828,1.15219,69.39041099985843,69.39041099985843,64.101,1.06,4.22941099985843,0.7874109998584373,3.441999999999993,0.0
S00001,vRAN-DU,edge-A,edge,27,DONE,1.08863,1.09343,4.804478000096424,4.804478000096424,1.276,2.345,1.1834780000964233,0.4814780000964234,0.702,0.0
S00010,IoT-GW,edge-B,edge,29,DONE,1.09625,1.15671,60.458690999894316,60.458690999894316,7.974,1.171,51.31369099989432,0.7886909998943139,50.525000000000006,0.0
S00004,UPF,edge-B,edge,36,DONE,1.0979,1.15533,57.43276600014724,57.43276600014724,0.763,4.752,51.91776600014724,0.7797660001472408,51.138,0.0
S00001,vRAN-DU,edge-A,edge,28,DONE,1.10455,1.17978,75.22265399984462,75.22265399984462,0.106,3.53,71.58665399984463,4.208653999844628,67.378,0.0
S00006,IMS-CSCF,edge-B,edge,33,DONE,1.10474,1.15534,50.60717200012732,50.60717200012732,4.922,1.482,44.203172000127324,0.6501720001273199,43.553,0.0
S00004,UPF,edge-B,edge,37,DONE,1.10544,1.15634,50.89562400007708,50.89562400007708,5.637,3.453,41.805624000077074,0.4676240000770804,41.337999999999994,0.0
S00008,Transcoder,core-1,core,21,DONE,1.10895,1.13291,23.960570999861375,23.960570999861375,0.097,8.393,3.4705709998613745,2.6595709998613746,0.8109999999999999,12.0
S00010,IoT-GW,edge-B,edge,30,DONE,1.1135,1.1594,45.89961199963,45.89961199963,11.087,1.143,33.66961199962999,0.8526119996299997,32.81699999999999,0.0
S00009,IoT-GW,edge-A,edge,35,DONE,1.11523,1.1994,84.16442799989454,84.16442799989454,26.302,0.675,57.18742799989454,0.7164279998945489,56.47099999999999,0.0
S00009,IoT-GW,edge-A,edge,36,DONE,1.11861,1.27925,160.633104000226,160.633104000226,27.137,73.073,60.42310400022602,0.9151040002260231,59.507999999999996,0.0
S00006,IMS-CSCF,edge-B,edge,34,DONE,1.11907,1.15535,36.28247000006013,36.28247000006013,6.505,1.246,28.531470000060132,0.6884700000601285,27.843000000000004,0.0
S00005,IMS-CSCF,edge-A,edge,37,DONE,1.12169,1.19402,72.33298699975421,72.33298699975421,4.11,10.636,57.58698699975422,0.6659869997542103,56.92100000000001,0.0
S00001,vRAN-DU,edge-A,edge,29,DONE,1.12501,1.19403,69.02428100011093,69.02428100011093,14.411,2.99,51.623281000110936,0.5492810001109376,51.074,0.0
S00004,UPF,edge-B,edge,38,DONE,1.12768,1.16341,35.72296899983485,35.72296899983485,9.287,7.203,19.232968999834846,0.6089689998348504,18.623999999999995,0.0
S00001,vRAN-DU,edge-A,edge,30,DONE,1.13292,1.19577,62.85450400037007,62.85450400037007,17.553,5.649,39.65250400037007,0.6525040003700724,39.0,0.0
S00002,vRAN-DU,edge-B,edge,25,DONE,1.13374,1.15218,18.433354000080726,18.433354000080726,0.052,3.445,14.936354000080726,1.4973540000807262,13.439,0.0
S00009,IoT-GW,edge-A,edge,37,DONE,1.13391,1.27932,145.4099249999672,145.4099249999672,100.92,1.895,42.59492499996719,0.9309249999671749,41.664000000000016,0.0
S00008,Transcoder,core-1,core,22,DONE,1.13397,1.16393,29.95802699979322,29.95802699979322,0.103,14.199,3.6560269997932195,1.7650269997932178,1.8910000000000018,12.0
S00010,IoT-GW,edge-B,edge,31,DONE,1.13408,1.1607,26.622968000083347,26.622968000083347,12.586,1.105,12.931968000083346,0.9309680000833467,12.001,0.0
S00003,UPF,edge-A,edge,40,DONE,1.13943,1.17979,40.3579459998582,40.3579459998582,1.756,4.2,34.4019459998582,1.9089459998582043,32.492999999999995,0.0
S00010,IoT-GW,edge-B,edge,32,DONE,1.1522,1.16197,9.764925000126823,9.764925000126823,5.369,0.82,3.575925000126823,3.0429250001268224,0.5330000000000004,0.0
S00005,IMS-CSCF,edge-A,edge,38,DONE,1.15233,1.19579,43.46090199987884,43.46090199987884,21.685,1.523,20.252901999878844,2.1919019998788443,18.061,0.0
S00010,IoT-GW,edge-B,edge,33,DONE,1.15536,1.16398,8.622361000107048,8.622361000107048,3.913,1.917,2.7923610001070482,0.32436100010704827,2.468,0.0
S00009,IoT-GW,edge-A,edge,38,DONE,1.15791,1.27935,121.4444669999466,121.4444669999466,105.101,1.701,14.642466999946606,0.7044669999466038,13.938000000000002,0.0
S00003,UPF,edge-A,edge,41,DONE,1.16071,1.19436,33.64910900018003,33.64910900018003,14.838,6.682,12.129109000180033,0.470109000180031,11.659000000000002,0.0
S00010,IoT-GW,edge-B,edge,34,DONE,1.16177,1.16586,4.08966600025451,4.08966600025451,1.834,1.033,1.2226660002545104,0.6746660002545104,0.548,0.0
S00008,Transcoder,core-1,core,23,DONE,1.16592,1.1965,30.577945999993972,30.577945999993972,0.085,13.337,5.155945999993971,4.422945999993971,0.7329999999999988,12.0
S00008,Transcoder,core-1,core,24,DONE,1.17037,1.19792,27.557601999887993,27.557601999887993,0.091,10.694,4.772601999887993,2.443601999887992,2.3290000000000006,12.0
S00005,IMS-CSCF,edge-A,edge,39,DONE,1.17249,1.19853,26.03324200026691,26.03324200026691,21.82,2.55,1.6632420002669086,0.48524200026691133,1.1779999999999973,0.0
S00002,vRAN-DU,edge-B,edge,26,DONE,1.17576,1.24623,70.46707300014532,70.46707300014532,0.101,69.049,1.3170730001453137,0.4660730001453146,0.8509999999999991,0.0
S00002,vRAN-DU,edge-B,edge,27,DONE,1.18258,1.25104,68.46485000005487,68.46485000005487,0.11,4.43,63.92485000005487,0.5918500000548619,63.333000000000006,0.0
S00004,UPF,edge-B,edge,39,DONE,1.18454,1.24884,64.30465199991886,64.30465199991886,0.155,2.197,61.952651999918864,0.5176519999188613,61.435,0.0
S00003,UPF,edge-A,edge,42,DONE,1.18625,1.27926,93.00635499994314,93.00635499994314,1.469,78.187,13.35035499994315,8.070354999943135,5.280000000000015,0.0
S00007,Transcoder,core-1,core,21,DONE,1.18857,1.21269,24.118519000239758,24.118519000239758,0.084,6.449,7.585519000239756,6.6695190002397595,0.9160000000000004,10.0
S00010,IoT-GW,edge-B,edge,35,DONE,1.19285,1.25301,60.15731999968921,60.15731999968921,4.782,1.792,53.58331999968921,0.4343199996892082,53.149,0.0
S00005,IMS-CSCF,edge-A,edge,40,DONE,1.21075,1.27934,68.59007399998518,68.59007399998518,2.074,3.856,62.66007399998518,0.8030739999851733,61.857000000000006,0.0
S00001,vRAN-DU,edge-A,edge,31,DONE,1.21393,1.27933,65.40264600016599,65.40264600016599,0.95,3.135,61.317646000165986,0.85564600016599,60.461999999999996,0.0
S00004,UPF,edge-B,edge,40,DONE,1.21946,1.25105,31.594906999998784,31.594906999998784,2.551,1.97,27.073906999998783,0.5799069999987836,26.494,0.0
S00005,IMS-CSCF,edge-A,edge,41,DONE,1.22122,1.28224,61.01506499999232,61.01506499999232,6.087,2.644,52.28406499999232,0.7080649999923168,51.576,0.0
S00006,IMS-CSCF,edge-B,edge,35,DONE,1.22137,1.2522,30.835130000014033,30.835130000014033,4.729,1.096,25.010130000014033,0.7671300000140313,24.243000000000002,0.0
S00009,IoT-GW,edge-A,edge,39,DONE,1.22366,1.2808,57.13999199997488,57.13999199997488,6.119,1.433,49.58799199997488,0.5339919999748801,49.054,0.0
S00007,Transcoder,core-1,core,22,DONE,1.22497,1.24354,18.568095000318863,18.568095000318863,0.092,6.378,2.098095000318864,1.0870950003188629,1.0110000000000001,10.0
S00010,IoT-GW,edge-B,edge,36,DONE,1.22931,1.25373,24.423895999916567,24.423895999916567,6.709,0.699,17.015895999916566,0.4338959999165688,16.582,0.0
S00009,IoT-GW,edge-A,edge,40,DONE,1.25005,1.28441,34.361321999767824,34.361321999767824,7.72,1.645,24.996321999767822,0.5323219997678237,24.464,0.0
S00005,IMS-CSCF,edge-A,edge,42,DONE,1.25302,1.28449,31.475511999815353,31.475511999815353,8.871,2.061,20.54351199981535,0.3745119998153541,20.168999999999997,0.0
S00006,IMS-CSCF,edge-B,edge,36,DONE,1.26099,1.26682,5.823621000217827,5.823621000217827,0.165,3.73,1.9286210002178268,1.1456210002178269,0.7829999999999999,0.0
S00008,Transcoder,core-1,core,25,DONE,1.26344,1.30775,44.30679600000076,44.30679600000076,0.203,18.687,13.416796000000758,3.163796000000758,10.253,12.0
S00009,IoT-GW,edge-A,edge,41,DONE,1.26414,1.28453,20.384466999985307,20.384466999985307,9.583,1.564,9.237466999985307,0.7624669999853069,8.475,0.0
S00007,Transcoder,core-1,core,23,DONE,1.26803,1.30477,36.73343499986004,36.73343499986004,0.081,18.755,7.897434999860039,6.468434999860037,1.429000000000002,10.0
S00002,vRAN-DU,edge-B,edge,28,DONE,1.27023,1.28434,14.103079000051366,14.103079000051366,0.087,2.771,11.245079000051366,2.855079000051367,8.389999999999999,0.0
S00010,IoT-GW,edge-B,edge,37,DONE,1.27808,1.28502,6.94589199974871,6.94589199974871,0.086,0.981,5.87889199974871,4.880891999748711,0.998,0.0
S00006,IMS-CSCF,edge-B,edge,37,DONE,1.28503,1.2877,2.6664010001695715,2.6664010001695715,0.087,1.34,1.2394010001695714,0.3184010001695716,0.9209999999999998,0.0
S00007,Transcoder,core-1,core,24,DONE,1.28721,1.31051,23.29466599985608,23.29466599985608,0.096,10.238,2.9606659998560794,2.164665999856078,0.7960000000000012,10.0
S00003,UPF,edge-A,edge,43,DONE,1.29212,1.29687,4.748003999793582,4.748003999793582,0.094,3.244,1.4100039997935818,0.7410039997935822,0.6689999999999996,0.0
S00003,UPF,edge-A,edge,44,DONE,1.29916,1.30478,5.620936000013899,5.620936000013899,0.098,4.127,1.395936000013899,0.709936000013899,0.6859999999999999,0.0
S00009,IoT-GW,edge-A,edge,42,DONE,1.30776,1.31058,2.824928000336513,2.824928000336513,0.122,1.086,1.6169280003365127,0.8799280003365129,0.7369999999999999,0.0
S00009,IoT-GW,edge-A,edge,43,DONE,1.31894,1.32175,2.8095990001020255,2.8095990001020255,0.11,1.106,1.5935990001020253,0.8325990001020254,0.7609999999999999,0.0
S00002,vRAN-DU,edge-B,edge,29,DONE,1.32599,1.33023,4.2320859997744265,4.2320859997744265,0.091,2.713,1.4280859997744262,0.5990859997744264,0.8289999999999997,0.0
S00005,IMS-CSCF,edge-A,edge,43,DONE,1.33455,1.33808,3.5277190004308068,3.5277190004308068,0.106,1.585,1.8367190004308067,1.1237190004308069,0.7129999999999999,0.0
S00009,IoT-GW,edge-A,edge,44,DONE,1.33816,1.37591,37.74708600030863,37.74708600030863,2.871,1.309,33.56708600030863,0.4720860003086287,33.095,0.0
S00009,IoT-GW,edge-A,edge,45,DONE,1.34174,1.37953,37.783589999889955,37.783589999889955,4.559,1.169,32.05558999988995,1.5555899998899534,30.5,0.0
S00001,vRAN-DU,edge-A,edge,32,DONE,1.35437,1.37621,21.845081000265054,21.845081000265054,0.183,4.217,17.445081000265056,1.8330810002650537,15.612000000000002,0.0
S00001,vRAN-DU,edge-A,edge,33,DONE,1.35983,1.37955,19.71327499995823,19.71327499995823,4.405,3.238,12.07027499995823,0.8992749999582301,11.171,0.0
S00003,UPF,edge-A,edge,45,DONE,1.36535,1.3753,9.951805000127933,9.951805000127933,0.264,2.344,7.343805000127934,1.5558050001279327,5.788000000000001,0.0
S00009,IoT-GW,edge-A,edge,46,DONE,1.36555,1.37954,13.986583000132669,13.986583000132669,5.797,0.729,7.460583000132669,1.330583000132668,6.130000000000001,0.0
S00004,UPF,edge-B,edge,41,DONE,1.37842,1.38284,4.4223160002729855,4.4223160002729855,0.086,2.039,2.2973160002729855,0.5343160002729856,1.763,0.0
S00009,IoT-GW,edge-A,edge,47,DONE,1.39013,1.39354,3.41076399990925,3.41076399990925,0.092,1.673,1.6457639999092497,0.96976399990925,0.6759999999999997,0.0
S00008,Transcoder,core-1,core,26,DONE,1.39588,1.429,33.113736000359495,33.113736000359495,0.115,15.94,5.058736000359495,3.5687360003594932,1.490000000000002,12.0
S00001,vRAN-DU,edge-A,edge,34,DONE,1.39842,1.40378,5.361382000046433,5.361382000046433,0.189,3.632,1.5403820000464328,0.707382000046433,0.8329999999999997,0.0
S00004,UPF,edge-B,edge,42,DONE,1.40089,1.40575,4.85902900027213,4.85902900027213,0.099,3.22,1.54002900027213,0.7480290002721306,0.7919999999999994,0.0
S00004,UPF,edge-B,edge,43,DONE,1.40274,1.41238,9.637921999910759,9.637921999910759,0.061,5.598,3.9789219999107592,2.6689219999107587,1.3100000000000005,0.0
S00003,UPF,edge-A,edge,46,DONE,1.40555,1.47417,68.62011900011566,68.62011900011566,0.085,65.117,3.4181190001156665,0.720119000115659,2.6980000000000075,0.0
S00003,UPF,edge-A,edge,47,DONE,1.40695,1.47956,72.60904199983997,72.60904199983997,63.296,3.926,5.38704199983998,0.6670419998399808,4.719999999999999,0.0
S00009,IoT-GW,edge-A,edge,48,DONE,1.40855,1.4724,63.84741199963173,63.84741199963173,0.098,62.238,1.5114119996317328,0.8434119996317335,0.6679999999999993,0.0
S00008,Transcoder,core-1,core,27,DONE,1.40864,1.43518,26.54106199997841,26.54106199997841,0.116,8.296,6.129061999978411,4.095061999978412,2.0340000000000007,12.0
S00004,UPF,edge-B,edge,44,DONE,1.40989,1.41474,4.846694999741885,4.846694999741885,0.685,2.647,1.5146949997418853,0.8286949997418853,0.6859999999999999,0.0
S00004,UPF,edge-B,edge,45,DONE,1.41486,1.42175,6.88878900018608,6.88878900018608,0.082,2.559,4.24778900018608,3.5707890001860796,0.677,0.0
S00009,IoT-GW,edge-A,edge,49,DONE,1.42045,1.48147,61.021324000194,61.021324000194,8.725,1.006,51.290324000194,0.4333240001939984,50.857,0.0
S00005,IMS-CSCF,edge-A,edge,44,DONE,1.42901,1.48044,51.426127000013366,51.426127000013366,5.084,3.367,42.975127000013366,0.5741270000133696,42.400999999999996,0.0
S00006,IMS-CSCF,edge-B,edge,38,DONE,1.42952,1.43265,3.1281090000447875,3.1281090000447875,0.172,1.648,1.3081090000447877,0.4091090000447877,0.899,0.0
S00009,IoT-GW,edge-A,edge,50,DONE,1.43192,1.49013,58.207404000313545,58.207404000313545,16.617,1.728,39.862404000313546,0.6594040003135433,39.203,0.0
S00006,IMS-CSCF,edge-B,edge,39,DONE,1.43492,1.43955,4.629669000223657,4.629669000223657,0.12,2.779,1.7306690002236573,0.9136690002236572,0.8170000000000002,0.0
S00006,IMS-CSCF,edge-B,edge,40,DONE,1.43502,1.44103,6.013130999690475,6.013130999690475,3.116,1.3,1.5971309996904743,0.8211309996904745,0.7759999999999998,0.0
S00004,UPF,edge-B,edge,46,DONE,1.43506,1.44051,5.452096999761125,5.452096999761125,0.106,3.66,1.6860969997611246,0.8970969997611249,0.7889999999999997,0.0
S00010,IoT-GW,edge-B,edge,38,DONE,1.44104,1.44411,3.073990999837406,3.073990999837406,0.062,1.8,1.2119909998374059,0.5299909998374059,0.6819999999999999,0.0
S00002,vRAN-DU,edge-B,edge,30,DONE,1.44347,1.44853,5.061776000275131,5.061776000275131,0.076,3.127,1.8587760002751312,0.7447760002751309,1.1140000000000003,0.0
S00002,vRAN-DU,edge-B,edge,31,DONE,1.44735,1.45187,4.522053000073356,4.522053000073356,0.058,3.079,1.385053000073356,0.660053000073356,0.7250000000000001,0.0
S00010,IoT-GW,edge-B,edge,39,DONE,1.44854,1.45238,3.8378239996745833,3.8378239996745833,0.057,1.871,1.9098239996745834,0.44882399967458353,1.4609999999999999,0.0
S00001,vRAN-DU,edge-A,edge,35,DONE,1.45565,1.47958,23.92882699996335,23.92882699996335,0.605,4.2,19.12382699996335,0.7888269999633479,18.335,0.0
S00003,UPF,edge-A,edge,48,DONE,1.46007,1.48223,22.164195000186737,22.164195000186737,5.11,5.235,11.819195000186737,0.7611950001867385,11.057999999999998,0.0
S00006,IMS-CSCF,edge-B,edge,41,DONE,1.46143,1.46593,4.498663000049419,4.498663000049419,0.086,2.973,1.439663000049419,0.7496630000494187,0.6900000000000004,0.0
S00003,UPF,edge-A,edge,49,DONE,1.46397,1.48648,22.5120660002176,22.5120660002176,11.286,3.404,7.8220660002176015,0.5090660002176008,7.313000000000001,0.0
S00004,UPF,edge-B,edge,47,DONE,1.47538,1.48042,5.03893999984939,5.03893999984939,0.104,3.801,1.1339399998493898,0.6429399998493901,0.49099999999999966,0.0
S00006,IMS-CSCF,edge-B,edge,42,DONE,1.4762,1.48144,5.243891999725747,5.243891999725747,0.061,3.831,1.3518919997257473,0.5398919997257474,0.8119999999999998,0.0
S00001,vRAN-DU,edge-A,edge,36,DONE,1.47633,1.48831,11.980893999862019,11.980893999862019,1.155,6.647,4.1788939998620185,3.1558939998620197,1.0229999999999988,0.0
S00010,IoT-GW,edge-B,edge,40,DONE,1.48044,1.48304,2.6035410000986303,2.6035410000986303,0.052,1.475,1.0765410000986302,0.8055410000986303,0.2709999999999999,0.0
S00003,UPF,edge-A,edge,50,DONE,1.48233,1.48908,6.753658999969048,6.753658999969048,3.768,2.14,0.8456589999690483,0.35365899996904737,0.4920000000000009,0.0
S00010,IoT-GW,edge-B,edge,41,DONE,1.48305,1.48449,1.4390370001819974,1.4390370001819974,0.055,0.783,0.6010370001819973,0.24803700018199737,0.353,0.0
S00004,UPF,edge-B,edge,48,DONE,1.49647,1.5005,4.032511999866983,4.032511999866983,0.092,2.543,1.3975119998669832,0.5755119998669835,0.8219999999999996,0.0
S00002,vRAN-DU,edge-B,edge,32,DONE,1.49707,1.55887,61.803224999948725,61.803224999948725,0.071,59.117,2.6152249999487296,1.603224999948722,1.0120000000000076,0.0
S00009,IoT-GW,edge-A,edge,51,DONE,1.49936,1.50163,2.270252000016626,2.270252000016626,0.083,1.128,1.0592520000166261,0.47125200001662604,0.5880000000000001,0.0
S00003,UPF,edge-A,edge,51,DONE,1.50599,1.50935,3.3518310001454665,3.3518310001454665,0.089,1.98,1.2828310001454666,0.7478310001454664,0.5350000000000001,0.0
S00006,IMS-CSCF,edge-B,edge,43,DONE,1.50616,1.55013,43.962890000329935,43.962890000329935,0.096,42.644,1.22289000032994,0.5328900003299353,0.6900000000000048,0.0
S00001,vRAN-DU,edge-A,edge,37,DONE,1.50848,1.5127,4.224782000164851,4.224782000164851,0.049,2.721,1.4547820001648506,0.4757820001648505,0.9790000000000001,0.0
S00009,IoT-GW,edge-A,edge,52,DONE,1.50936,1.57244,63.08106100004807,63.08106100004807,0.072,59.1,3.9090610000480623,3.3370610000480667,0.5719999999999956,0.0
S00004,UPF,edge-B,edge,49,DONE,1.51187,1.55946,47.59860200010735,47.59860200010735,41.068,3.559,2.971602000107353,0.46660200010735053,2.5050000000000026,0.0
S00002,vRAN-DU,edge-B,edge,33,DONE,1.51699,1.55428,37.2883299996829,37.2883299996829,32.013,3.498,1.7773299996829053,0.913329999682901,0.8640000000000043,0.0
S00002,vRAN-DU,edge-B,edge,34,DONE,1.51895,1.57777,58.822611999858054,58.822611999858054,39.553,18.342,0.9276119998580583,0.38061199985805416,0.5470000000000041,0.0
S00003,UPF,edge-A,edge,52,DONE,1.52275,1.58704,64.28481500006455,64.28481500006455,2.897,2.602,58.78581500006455,0.5168150000645539,58.269,0.0
S00006,IMS-CSCF,edge-B,edge,44,DONE,1.52954,1.58099,51.45204000018566,51.45204000018566,31.803,2.342,17.30704000018566,0.6330400001856589,16.674,0.0
S00008,Transcoder,core-1,core,28,DONE,1.53507,1.56481,29.739091000010376,29.739091000010376,0.135,13.765,3.8390910000103755,3.250091000010375,0.5890000000000004,12.0
S00006,IMS-CSCF,edge-B,edge,45,DONE,1.53643,1.64952,113.0895920000512,113.0895920000512,34.445,68.317,10.327592000051197,0.5365920000512006,9.790999999999997,0.0
S00004,UPF,edge-B,edge,50,DONE,1.53787,1.5693,31.425553999724798,31.425553999724798,15.387,6.691,9.347553999724799,0.8955539997247968,8.452000000000002,0.0
S00007,Transcoder,core-1,core,25,DONE,1.54022,1.58602,45.79918599984012,45.79918599984012,0.122,19.179,16.49818599984012,12.14318599984012,4.355,10.0
S00002,vRAN-DU,edge-B,edge,35,DONE,1.54037,1.57395,33.58283199986545,33.58283199986545,23.241,3.053,7.288831999865447,1.07583199986545,6.212999999999997,0.0
S00001,vRAN-DU,edge-A,edge,38,DONE,1.54166,1.58711,45.45100699988325,45.45100699988325,0.1,5.994,39.35700699988325,0.5500069998832444,38.807,0.0
S00009,IoT-GW,edge-A,edge,53,DONE,1.54694,1.58718,40.23801399989679,40.23801399989679,9.578,0.737,29.923013999896796,3.338013999896795,26.585,0.0
S00007,Transcoder,core-1,core,26,DONE,1.55343,1.60621,52.773511000395956,52.773511000395956,0.131,31.223,11.419511000395957,10.347511000395954,1.0720000000000027,10.0
S00002,vRAN-DU,edge-B,edge,36,DONE,1.55439,1.57866,24.27438800032178,24.27438800032178,17.593,5.511,1.170388000321779,0.7883880003217776,0.38200000000000145,0.0
S00007,Transcoder,core-1,core,27,DONE,1.55458,1.59603,41.447026999776426,41.447026999776426,9.487,19.386,2.5740269997764287,1.5800269997764254,0.9940000000000033,10.0
S00005,IMS-CSCF,edge-A,edge,45,DONE,1.56482,1.58712,22.299729000224033,22.299729000224033,5.638,3.776,12.885729000224034,0.4287290002240347,12.456999999999999,0.0
S00007,Transcoder,core-1,core,28,DONE,1.56495,1.61062,45.675296999888815,45.675296999888815,17.678,7.625,10.372296999888814,2.1652969998888167,8.206999999999997,10.0
S00001,vRAN-DU,edge-A,edge,39,DONE,1.56628,1.58719,20.902793999994174,20.902793999994174,6.202,4.348,10.352793999994173,0.27279399999417464,10.079999999999998,0.0
S00007,Transcoder,core-1,core,29,DONE,1.56932,1.61596,46.64704999959213,46.64704999959213,4.037,15.649,16.961049999592127,10.207049999592126,6.754000000000001,10.0
S00006,IMS-CSCF,edge-B,edge,46,DONE,1.57396,1.65709,83.12520900017262,83.12520900017262,73.013,5.673,4.43920900017261,1.7762090001726136,2.6629999999999967,0.0
S00010,IoT-GW,edge-B,edge,42,DONE,1.57406,1.58098,6.9174310001471895,6.9174310001471895,0.757,1.585,4.575431000147189,2.0874310001471894,2.488,0.0
S00001,vRAN-DU,edge-A,edge,40,DONE,1.57533,1.58748,12.143153000124585,12.143153000124585,0.056,2.51,9.577153000124586,8.681153000124585,0.8960000000000004,0.0
S00004,UPF,edge-B,edge,51,DONE,1.58323,1.65634,73.10810199987827,73.10810199987827,3.428,6.578,63.10210199987827,0.6351019998782732,62.467,0.0
S00008,Transcoder,core-1,core,29,DONE,1.58603,1.61592,29.89355500039892,29.89355500039892,0.094,14.702,3.09755500039892,1.3055550003989183,1.7920000000000016,12.0
S00006,IMS-CSCF,edge-B,edge,47,DONE,1.59473,1.66721,72.484422999878,72.484422999878,18.397,2.586,51.50142299987801,0.5844229998780008,50.91700000000001,0.0
S00001,vRAN-DU,edge-A,edge,41,DONE,1.59604,1.60622,10.180732000208081,10.180732000208081,0.09,2.625,7.465732000208082,1.5377320002080808,5.928000000000001,0.0
S00003,UPF,edge-A,edge,53,DONE,1.59614,1.60623,10.08958900001744,10.08958900001744,0.079,2.009,8.00158900001744,7.19558900001744,0.806,0.0
S00002,vRAN-DU,edge-B,edge,37,DONE,1.59942,1.65131,51.88985200038587,51.88985200038587,0.17,4.931,46.78885200038587,0.4308520003858689,46.358000000000004,0.0
S00009,IoT-GW,edge-A,edge,54,DONE,1.60623,1.61061,4.375948999950197,4.375948999950197,0.072,0.876,3.4279489999501966,0.7289489999501968,2.699,0.0
S00009,IoT-GW,edge-A,edge,55,DONE,1.6064,1.61063,4.235289000007469,4.235289000007469,0.054,0.774,3.407289000007469,1.8382890000074696,1.5689999999999997,0.0
S00009,IoT-GW,edge-A,edge,56,DONE,1.60645,1.61117,4.722529999980907,4.722529999980907,0.09,1.049,3.5835299999809065,2.7725299999809065,0.8109999999999999,0.0
S00009,IoT-GW,edge-A,edge,57,DONE,1.60648,1.61145,4.964692999692488,4.964692999692488,0.391,0.635,3.9386929996924884,3.569692999692488,0.369,0.0
S00004,UPF,edge-B,edge,52,DONE,1.60657,1.66051,53.94160199966791,53.94160199966791,11.044,3.182,39.71560199966791,0.40160199966791055,39.314,0.0
S00008,Transcoder,core-1,core,30,DONE,1.60782,1.6355,27.683248999892385,27.683248999892385,0.085,9.892,5.706248999892384,2.7352489998923843,2.971,12.0
S00006,IMS-CSCF,edge-B,edge,48,DONE,1.61064,1.74682,136.18702799976745,136.18702799976745,25.511,74.477,36.19902799976745,0.5650279997674374,35.634000000000015,0.0
S00002,vRAN-DU,edge-B,edge,38,DONE,1.61823,1.66149,43.25836399993932,43.25836399993932,10.616,4.559,28.08336399993932,0.5733639999393176,27.51,0.0
S00007,Transcoder,core-1,core,30,DONE,1.61863,1.63884,20.204495000143652,20.204495000143652,0.089,8.01,2.1054950001436517,1.5514950001436514,0.5540000000000003,10.0
S00008,Transcoder,core-1,core,31,DONE,1.62306,1.64456,21.500413000012486,21.500413000012486,0.085,6.676,2.7394130000124868,2.210413000012487,0.5289999999999999,12.0
S00005,IMS-CSCF,edge-A,edge,46,DONE,1.62322,1.67156,48.33421300008922,48.33421300008922,0.098,46.691,1.5452130000892197,0.8682130000892201,0.6769999999999996,0.0
S00002,vRAN-DU,edge-B,edge,39,DONE,1.62477,1.66545,40.67858999997043,40.67858999997043,14.278,4.956,21.444589999970425,0.38158999997042997,21.062999999999995,0.0
S00010,IoT-GW,edge-B,edge,43,DONE,1.62829,1.74684,118.548710000141,118.548710000141,25.465,74.524,18.559710000140996,0.5087100001409937,18.051000000000002,0.0
S00001,vRAN-DU,edge-A,edge,42,DONE,1.6306,1.68054,49.94645599981595,49.94645599981595,0.093,8.101,41.75245599981595,0.8184559998159529,40.934,0.0
S00001,vRAN-DU,edge-A,edge,43,DONE,1.63463,1.68368,49.044666000099824,49.044666000099824,5.073,5.693,38.278666000099825,0.6386660000998248,37.64,0.0
S00010,IoT-GW,edge-B,edge,44,DONE,1.63552,1.76415,128.6297389997344,128.6297389997344,113.616,3.248,11.765738999734396,0.409738999734401,11.355999999999995,0.0
S00006,IMS-CSCF,edge-B,edge,49,DONE,1.63703,1.75409,117.0621559999745,117.0621559999745,103.994,3.591,9.4771559999745,0.5281559999744871,8.949000000000012,0.0
S00007,Transcoder,core-1,core,31,DONE,1.64105,1.66382,22.76897399997324,22.76897399997324,0.089,8.685,3.99497399997324,3.1399739999732414,0.8549999999999986,10.0
S00005,IMS-CSCF,edge-A,edge,47,DONE,1.6434,1.68789,44.49161599995932,44.49161599995932,11.003,4.131,29.35761599995932,0.8446159999593235,28.512999999999998,0.0
S00003,UPF,edge-A,edge,54,DONE,1.64457,1.67696,32.38476000024093,32.38476000024093,2.013,2.591,27.78076000024093,0.4337600002409303,27.347,0.0
S00002,vRAN-DU,edge-B,edge,40,DONE,1.64822,1.66468,16.46050599993032,16.46050599993032,12.623,2.643,1.1945059999303211,0.6335059999303194,0.5610000000000017,0.0
S00002,vRAN-DU,edge-B,edge,41,DONE,1.64953,1.67101,21.478187999946385,21.478187999946385,15.585,4.712,1.1811879999463848,0.738187999946387,0.44299999999999784,0.0
S00005,IMS-CSCF,edge-A,edge,48,DONE,1.65965,1.69221,32.561426000029314,32.561426000029314,17.727,1.615,13.219426000029316,0.518426000029315,12.701,0.0
S00005,IMS-CSCF,edge-A,edge,49,DONE,1.65987,1.69341,33.547032000114996,33.547032000114996,19.685,1.313,12.549032000114998,0.6220320001149986,11.927,0.0
S00002,vRAN-DU,edge-B,edge,42,DONE,1.66469,1.67151,6.818226000177674,6.818226000177674,1.47,3.282,2.066226000177674,0.5452260001776743,1.521,0.0
S00004,UPF,edge-B,edge,53,DONE,1.66965,1.75179,82.13475500042478,82.13475500042478,75.145,4.619,2.3707550004247793,0.6417550004247801,1.7289999999999992,0.0
S00003,UPF,edge-A,edge,55,DONE,1.66976,1.68501,15.250248000029387,15.250248000029387,8.589,2.176,4.485248000029387,1.8272480000293871,2.6579999999999995,0.0
S00003,UPF,edge-A,edge,56,DONE,1.67394,1.68791,13.967769999908342,13.967769999908342,6.714,4.103,3.1507699999083414,0.6747699999083423,2.475999999999999,0.0
S00009,IoT-GW,edge-A,edge,58,DONE,1.67918,1.69634,17.16448900015166,17.16448900015166,11.571,2.63,2.963489000151661,0.8064890001516609,2.157,0.0
S00009,IoT-GW,edge-A,edge,59,DONE,1.68278,1.69636,13.58343399988371,13.58343399988371,9.712,0.865,3.0064339998837095,1.6494339998837102,1.3569999999999993,0.0
S00001,vRAN-DU,edge-A,edge,44,DONE,1.68369,1.69174,8.055577000050107,8.055577000050107,2.733,3.703,1.619577000050107,0.8275770000501073,0.7919999999999998,0.0
S00002,vRAN-DU,edge-B,edge,43,DONE,1.68377,1.75788,74.11880800009385,74.11880800009385,4.984,5.639,63.495808000093845,1.4808080000938446,62.015,0.0
S00003,UPF,edge-A,edge,57,DONE,1.69014,1.69637,6.229492000329628,6.229492000329628,1.5,2.774,1.9554920003296283,0.8084920003296281,1.1470000000000002,0.0
S00006,IMS-CSCF,edge-B,edge,50,DONE,1.69091,1.76211,71.19805499996801,71.19805499996801,11.094,1.672,58.43205499996801,2.846054999968004,55.586000000000006,0.0
S00010,IoT-GW,edge-B,edge,45,DONE,1.69343,1.85004,156.60964099970442,156.60964099970442,19.861,82.791,53.957640999704424,0.6986409997044234,53.259,0.0
S00001,vRAN-DU,edge-A,edge,45,DONE,1.70482,1.78087,76.04990700019698,76.04990700019698,0.091,74.534,1.4249070001969812,0.6409070001969752,0.784000000000006,0.0
S00006,IMS-CSCF,edge-B,edge,51,DONE,1.70545,1.76997,64.52122800010329,64.52122800010329,16.632,4.226,43.66322800010329,2.5432280001032908,41.120000000000005,0.0
S00005,IMS-CSCF,edge-A,edge,50,DONE,1.70673,1.78605,79.31994199998371,79.31994199998371,6.44,4.971,67.90894199998371,0.5619419999837163,67.347,0.0
S00001,vRAN-DU,edge-A,edge,46,DONE,1.71033,1.78274,72.40946499996426,72.40946499996426,0.172,7.837,64.40046499996426,0.4894649999642553,63.911,0.0
S00004,UPF,edge-B,edge,54,DONE,1.72316,1.76213,38.96606099988276,38.96606099988276,7.789,5.026,26.15106099988276,2.9190609998827597,23.232,0.0
S00003,UPF,edge-A,edge,58,DONE,1.72568,1.79127,65.59134099961739,65.59134099961739,14.656,2.016,48.91934099961739,0.726340999617392,48.193,0.0
S00001,vRAN-DU,edge-A,edge,47,DONE,1.72853,1.79369,65.16909499987378,65.16909499987378,8.284,10.522,46.36309499987378,0.7910949998737777,45.572,0.0
S00006,IMS-CSCF,edge-B,edge,52,DONE,1.72866,1.85013,121.46886899972742,121.46886899972742,21.132,81.538,18.798868999727418,0.5458689997274178,18.253,0.0
S00002,vRAN-DU,edge-B,edge,44,DONE,1.736,1.76684,30.84264900007838,30.84264900007838,13.186,6.314,11.342649000078382,0.7976490000783798,10.545000000000002,0.0
S00010,IoT-GW,edge-B,edge,46,DONE,1.7436,1.85944,115.84868499994627,115.84868499994627,109.056,3.546,3.246684999946268,0.8726849999462729,2.3739999999999952,0.0
S00003,UPF,edge-A,edge,59,DONE,1.74499,1.79371,48.71971900001881,48.71971900001881,16.936,1.88,29.903719000018814,0.7207190000188106,29.183000000000003,0.0
S00007,Transcoder,core-1,core,32,DONE,1.75122,1.78499,33.772754999972676,33.772754999972676,0.087,19.341,4.344754999972675,3.131754999972678,1.2129999999999974,10.0
S00009,IoT-GW,edge-A,edge,60,DONE,1.7539,1.7969,42.99713000000338,42.99713000000338,19.758,2.475,20.76413000000338,0.7221300000033821,20.041999999999998,0.0
S00010,IoT-GW,edge-B,edge,47,DONE,1.7579,1.95976,201.85699600006046,201.85699600006046,197.662,1.746,2.448996000060447,1.6049960000604528,0.8439999999999941,0.0
S00005,IMS-CSCF,edge-A,edge,51,DONE,1.76214,1.78906,26.91811599970606,26.91811599970606,11.735,2.737,12.44611599970606,0.5301159997060587,11.916000000000002,0.0
S00010,IoT-GW,edge-B,edge,48,DONE,1.76355,2.15152,387.97180000028675,387.97180000028675,383.872,1.073,3.026800000286755,0.8378000002867338,2.1890000000000214,0.0
S00009,IoT-GW,edge-A,edge,61,DONE,1.76646,1.79967,33.20292200032782,33.20292200032782,22.6,2.521,8.081922000327815,0.7929220003278203,7.288999999999994,0.0
S00006,IMS-CSCF,edge-B,edge,53,DONE,1.7666,1.85598,89.37573799994425,89.37573799994425,84.555,3.137,1.683737999944242,0.5327379999442456,1.1509999999999962,0.0
S00008,Transcoder,core-1,core,32,DONE,1.77328,1.80373,30.45515299982071,30.45515299982071,0.166,14.515,3.7741529998207106,2.094152999820711,1.6799999999999997,12.0
S00003,UPF,edge-A,edge,60,DONE,1.77543,1.79721,21.782392999739386,21.782392999739386,14.415,3.276,4.091392999739387,2.7563929997393863,1.3350000000000009,0.0
S00010,IoT-GW,edge-B,edge,49,DONE,1.77829,2.16795,389.6598279998216,389.6598279998216,317.881,1.552,70.22682799982158,1.0038279998215671,69.22300000000001,0.0
S00008,Transcoder,core-1,core,33,DONE,1.77848,1.80959,31.10819099993023,31.10819099993023,0.082,14.523,4.503190999930229,3.888190999930229,0.6150000000000002,12.0
S00006,IMS-CSCF,edge-B,edge,54,DONE,1.77978,1.94901,169.23170600011872,169.23170600011872,16.667,83.312,69.25270600011872,0.6137060001187251,68.639,0.0
S00010,IoT-GW,edge-B,edge,50,DONE,1.78207,2.36495,582.8791510002702,582.8791510002702,513.784,2.296,66.79915100027017,1.0741510002702626,65.72499999999991,0.0
S00006,IMS-CSCF,edge-B,edge,55,DONE,1.785,1.96107,176.0691939998651,176.0691939998651,108.487,3.686,63.89619399986509,0.5271939998650907,63.369,0.0
S00005,IMS-CSCF,edge-A,edge,52,DONE,1.79372,1.79902,5.306823999944754,5.306823999944754,2.377,1.45,1.4798239999447542,1.005823999944754,0.4740000000000002,0.0
S00004,UPF,edge-B,edge,55,DONE,1.79903,1.85254,53.511860000071465,53.511860000071465,1.111,2.482,49.91886000007146,2.532860000071466,47.385999999999996,0.0
S00007,Transcoder,core-1,core,33,DONE,1.80694,1.82651,19.568497999898682,19.568497999898682,0.258,6.201,3.1094979998986823,2.262497999898681,0.8470000000000004,10.0
S00003,UPF,edge-A,edge,61,DONE,1.80826,1.81142,3.160111999932269,3.160111999932269,0.079,2.017,1.064111999932269,0.6501119999322693,0.4139999999999997,0.0
S00004,UPF,edge-B,edge,56,DONE,1.8096,1.86476,55.15673900026741,55.15673900026741,11.292,4.396,39.468739000267405,0.43873900026740387,39.03,0.0
S00002,vRAN-DU,edge-B,edge,45,DONE,1.81143,1.85599,44.55897500020001,44.55897500020001,1.029,5.851,37.678975000200005,0.3669750002000072,37.312,0.0
S00004,UPF,edge-B,edge,57,DONE,1.8118,1.94654,134.74287999997614,134.74287999997614,16.529,80.842,37.371879999976144,0.6178799999761395,36.754000000000005,0.0
S00010,IoT-GW,edge-B,edge,51,DONE,1.81187,2.44891,637.0405749999009,637.0405749999009,597.726,2.415,36.89957499990089,0.6445749999008967,36.254999999999995,0.0
S00004,UPF,edge-B,edge,58,DONE,1.81633,1.9528,136.473673999717,136.473673999717,98.788,4.651,33.034673999717,0.8646739997169846,32.170000000000016,0.0
S00006,IMS-CSCF,edge-B,edge,56,DONE,1.81986,2.05928,239.41763499988156,239.41763499988156,204.69,5.767,28.960634999881563,0.7656349998815699,28.194999999999993,0.0
S00001,vRAN-DU,edge-A,edge,48,DONE,1.82784,1.88062,52.779920999910246,52.779920999910246,0.128,51.043,1.6089209999102465,0.7669209999102478,0.8419999999999987,0.0
S00006,IMS-CSCF,edge-B,edge,57,DONE,1.82806,2.14988,321.82853700032865,321.82853700032865,222.06,79.035,20.733537000328624,0.6485370003286448,20.08499999999998,0.0
S00005,IMS-CSCF,edge-A,edge,53,DONE,1.82944,1.88765,58.213974999944185,58.213974999944185,4.422,3.046,50.74597499994418,0.9099749999441826,49.836,0.0
S00002,vRAN-DU,edge-B,edge,46,DONE,1.82959,1.86438,34.796645999904285,34.796645999904285,7.143,8.492,19.161645999904284,0.5676459999042862,18.593999999999998,0.0
S00010,IoT-GW,edge-B,edge,52,DONE,1.834,2.46388,629.8772779996398,629.8772779996398,614.26,0.934,14.683277999639813,0.5762779996397285,14.107000000000085,0.0
S00006,IMS-CSCF,edge-B,edge,58,DONE,1.84153,2.16441,322.87493300009373,322.87493300009373,314.335,1.195,7.344933000093761,0.8999330000937107,6.44500000000005,0.0
S00001,vRAN-DU,edge-A,edge,49,DONE,1.85576,1.8806,24.842331999934686,24.842331999934686,0.079,3.55,21.213331999934685,1.1523319999346846,20.061,0.0
S00008,Transcoder,core-1,core,34,DONE,1.85604,1.88987,33.8356039997052,33.8356039997052,0.096,18.526,3.2136039997051995,2.325603999705198,0.8880000000000017,12.0
S00001,vRAN-DU,edge-A,edge,50,DONE,1.85734,1.88767,30.33102900008089,30.33102900008089,7.825,2.729,19.777029000080887,0.76202900008089,19.015,0.0
S00006,IMS-CSCF,edge-B,edge,59,DONE,1.85742,2.1665,309.0837590002593,309.0837590002593,306.035,1.899,1.1497590002592801,0.6367590002593033,0.5129999999999768,0.0
S00008,Transcoder,core-1,core,35,DONE,1.86066,1.88989,29.232188000150927,29.232188000150927,0.086,13.676,3.4701880001509267,2.487188000150928,0.9829999999999988,12.0
S00003,UPF,edge-A,edge,62,DONE,1.867,1.88669,19.682472000113194,19.682472000113194,3.908,3.483,12.291472000113194,3.587472000113195,8.703999999999999,0.0
S00005,IMS-CSCF,edge-A,edge,54,DONE,1.87815,1.8883,10.152963000109594,10.152963000109594,3.596,4.083,2.4739630001095936,1.8709630001095938,0.6029999999999998,0.0
S00002,vRAN-DU,edge-B,edge,47,DONE,1.8867,1.95656,69.86272099993585,69.86272099993585,1.186,4.61,64.06672099993584,2.8767209999358414,61.190000000000005,0.0
S00004,UPF,edge-B,edge,59,DONE,1.88956,1.95773,68.16433099993446,68.16433099993446,4.094,5.028,59.042330999934464,0.48733099993445705,58.55500000000001,0.0
S00002,vRAN-DU,edge-B,edge,48,DONE,1.8922,1.96606,73.86406300020099,73.86406300020099,11.34,6.02,56.504063000200986,0.7190630002009897,55.785,0.0
S00003,UPF,edge-A,edge,63,DONE,1.89365,1.89828,4.630289000033372,4.630289000033372,0.122,3.013,1.495289000033372,0.7272890000333718,0.7680000000000002,0.0
S00009,IoT-GW,edge-A,edge,62,DONE,1.89603,1.89883,2.801130999614543,2.801130999614543,0.138,1.187,1.4761309996145426,0.5271309996145428,0.9489999999999998,0.0
S00006,IMS-CSCF,edge-B,edge,60,DONE,1.8983,2.24742,349.118517000079,349.118517000079,219.875,78.743,50.500517000079014,0.8485170000790276,49.65199999999999,0.0
S00006,IMS-CSCF,edge-B,edge,61,DONE,1.89842,2.36239,463.9632960002018,463.9632960002018,412.6,1.121,50.242296000201804,0.6622960002018203,49.579999999999984,0.0
S00003,UPF,edge-A,edge,64,DONE,1.90318,1.90889,5.71457099977124,5.71457099977124,0.399,3.883,1.4325709997712401,0.7065709997712402,0.726,0.0
S00010,IoT-GW,edge-B,edge,53,DONE,1.90385,2.65717,753.3232259997931,753.3232259997931,706.753,1.567,45.00322599979302,0.8112259997931233,44.191999999999894,0.0
S00009,IoT-GW,edge-A,edge,63,DONE,1.90439,1.90997,5.58076000015717,5.58076000015717,0.238,0.953,4.38976000015717,0.5517600001571701,3.838,0.0
S00008,Transcoder,core-1,core,36,DONE,1.90734,1.93427,26.929184999971767,26.929184999971767,0.103,12.118,2.708184999971767,1.7861849999717663,0.9220000000000006,12.0
S00009,IoT-GW,edge-A,edge,64,DONE,1.90802,1.91079,2.768365000065387,2.768365000065387,0.382,0.769,1.617365000065387,0.5403650000653868,1.0770000000000002,0.0
S00003,UPF,edge-A,edge,65,DONE,1.91204,1.97286,60.82120700011728,60.82120700011728,0.061,59.858,0.9022070001172864,0.38620700011728104,0.5160000000000053,0.0
S00003,UPF,edge-A,edge,66,DONE,1.91257,1.97733,64.76717300029122,64.76717300029122,1.913,3.138,59.71617300029122,0.7191730002912209,58.997,0.0
S00003,UPF,edge-A,edge,67,DONE,1.91802,1.98036,62.34113900018201,62.34113900018201,5.239,2.87,54.23213900018201,2.07013900018201,52.162,0.0
S00004,UPF,edge-B,edge,60,DONE,1.91944,1.96469,45.254389999627165,45.254389999627165,12.673,3.239,29.342389999627166,1.115389999627162,28.227000000000004,0.0
S00009,IoT-GW,edge-A,edge,65,DONE,1.92538,1.97389,48.50376700005654,48.50376700005654,0.047,1.924,46.532767000056545,0.8347670000565444,45.698,0.0
S00002,vRAN-DU,edge-B,edge,49,DONE,1.93429,2.05351,119.21458899996651,119.21458899996651,16.242,88.569,14.403588999966502,0.8945889999665155,13.508999999999986,0.0
S00007,Transcoder,core-1,core,34,DONE,1.93445,1.95312,18.67129499987641,18.67129499987641,0.156,6.249,2.2662949998764095,1.1962949998764092,1.0700000000000003,10.0
S00009,IoT-GW,edge-A,edge,66,DONE,1.94201,1.97732,35.30465899984847,35.30465899984847,2.086,2.912,30.306658999848473,1.7276589998484724,28.579,0.0
S00006,IMS-CSCF,edge-B,edge,62,DONE,1.94227,2.36795,425.68147699967085,425.68147699967085,416.535,2.985,6.1614769996708105,0.6064769996708606,5.55499999999995,0.0
S00008,Transcoder,core-1,core,37,DONE,1.9436,1.96933,25.730184000167355,25.730184000167355,0.135,8.648,4.947184000167354,3.766184000167355,1.181000000000001,12.0
S00004,UPF,edge-B,edge,61,DONE,1.9506,1.97158,20.974763999674906,20.974763999674906,14.186,4.285,2.5037639996749057,1.3907639996749062,1.1129999999999995,0.0
S00002,vRAN-DU,edge-B,edge,50,DONE,1.9647,2.05579,91.08794899975692,91.08794899975692,4.552,84.294,2.2419489997569144,0.6499489997569157,1.5919999999999987,0.0
S00010,IoT-GW,edge-B,edge,54,DONE,1.96728,2.75424,786.9584769996436,786.9584769996436,775.854,2.906,8.198476999643617,7.2584769996435625,0.9400000000000546,0.0
S00004,UPF,edge-B,edge,62,DONE,1.97054,2.06599,95.4513289998431,95.4513289998431,7.556,5.668,82.2273289998431,0.5603289998430938,81.667,0.0
S00004,UPF,edge-B,edge,63,DONE,1.9798,2.15257,172.77546600007554,172.77546600007554,13.343,86.405,73.02746600007553,0.7304660000755518,72.29699999999998,0.0
S00001,vRAN-DU,edge-A,edge,51,DONE,1.98365,1.99042,6.767583999589988,6.767583999589988,0.08,5.065,1.6225839995899873,0.951583999589988,0.6709999999999994,0.0
S00002,vRAN-DU,edge-B,edge,51,DONE,1.98378,2.06108,77.29798299988033,77.29798299988033,2.919,5.066,69.31298299988033,0.7529829998803308,68.56,0.0
S00009,IoT-GW,edge-A,edge,67,DONE,1.98387,1.99099,7.1131250001599255,7.1131250001599255,0.099,4.844,2.170125000159925,1.0101250001599258,1.1599999999999993,0.0
S00005,IMS-CSCF,edge-A,edge,55,DONE,1.98514,1.99297,7.83055100009733,7.83055100009733,4.132,2.673,1.0255510000973302,0.5915510000973301,0.43400000000000016,0.0
S00004,UPF,edge-B,edge,64,DONE,1.99299,2.15656,163.56816500001514,163.56816500001514,100.088,3.73,59.750165000015144,0.609165000015139,59.141000000000005,0.0
S00002,vRAN-DU,edge-B,edge,52,DONE,1.99318,2.06598,72.79586300001029,72.79586300001029,8.982,3.76,60.05386300001029,0.8048630000102861,59.249,0.0
S00003,UPF,edge-A,edge,68,DONE,1.99632,2.00138,5.059922000327788,5.059922000327788,0.076,3.556,1.4279220003277877,0.6209220003277878,0.8069999999999999,0.0
S00005,IMS-CSCF,edge-A,edge,56,DONE,2.00043,2.00464,4.214400999899226,4.214400999899226,0.084,2.605,1.525400999899226,0.936400999899226,0.589,0.0
S00006,IMS-CSCF,edge-B,edge,63,DONE,2.00466,2.44703,442.3687749999772,442.3687749999772,315.304,77.837,49.227774999977214,1.2527749999771913,47.97500000000002,0.0
S00004,UPF,edge-B,edge,65,DONE,2.00919,2.2488,239.61374600003182,239.61374600003182,109.858,84.358,45.397746000031816,0.8347460000318279,44.56299999999999,0.0
S00005,IMS-CSCF,edge-A,edge,57,DONE,2.00947,2.07949,70.01576099992235,70.01576099992235,0.092,67.785,2.1387609999223542,1.395760999922345,0.7430000000000092,0.0
S00008,Transcoder,core-1,core,38,DONE,2.01995,2.06106,41.114469000149256,41.114469000149256,0.211,24.978,3.9254690001492563,3.0594690001492566,0.8659999999999997,12.0
S00003,UPF,edge-A,edge,69,DONE,2.02248,2.08236,59.876479000195104,59.876479000195104,6.036,3.125,50.7154790001951,0.6384790001951046,50.077,0.0
S00006,IMS-CSCF,edge-B,edge,64,DONE,2.02269,2.46142,438.7308200002735,438.7308200002735,407.204,1.213,30.313820000273495,0.6318200002735352,29.68199999999996,0.0
S00009,IoT-GW,edge-A,edge,68,DONE,2.02278,2.09088,68.10038599996915,68.10038599996915,16.139,1.493,50.46838599996915,0.45838599996915264,50.01,0.0
S00007,Transcoder,core-1,core,35,DONE,2.02409,2.05583,31.74306399978377,31.74306399978377,1.887,13.334,6.5220639997837715,1.3320639997837702,5.190000000000001,10.0
S00008,Transcoder,core-1,core,39,DONE,2.0276,2.05789,30.295105000277545,30.295105000277545,0.067,13.886,4.342105000277545,2.2301050002775433,2.112000000000002,12.0
S00006,IMS-CSCF,edge-B,edge,65,DONE,2.03102,2.4633,432.28119000013976,432.28119000013976,408.884,1.149,22.248190000139743,1.4651900001397848,20.78299999999996,0.0
S00001,vRAN-DU,edge-A,edge,52,DONE,2.0312,2.08016,48.96182199991017,48.96182199991017,0.095,6.01,42.856821999910174,0.4878219999101745,42.369,0.0
S00002,vRAN-DU,edge-B,edge,53,DONE,2.03518,2.07211,36.93070999997872,36.93070999997872,13.012,4.535,19.383709999978716,2.025709999978716,17.358,0.0
S00004,UPF,edge-B,edge,66,DONE,2.04201,2.25152,209.5062590001362,209.5062590001362,195.641,2.924,10.9412590001362,0.6482590001361928,10.293000000000006,0.0
S00002,vRAN-DU,edge-B,edge,54,DONE,2.045,2.15869,113.68813900025998,113.68813900025998,99.248,6.47,7.970139000259977,0.844139000259986,7.125999999999991,0.0
S00003,UPF,edge-A,edge,70,DONE,2.04848,2.08467,36.18964799989044,36.18964799989044,9.601,1.843,24.745647999890437,0.7126479998904429,24.032999999999994,0.0
S00003,UPF,edge-A,edge,71,DONE,2.04863,2.08894,40.31224000027578,40.31224000027578,11.895,1.924,26.49324000027578,0.6952400002757813,25.798,0.0
S00009,IoT-GW,edge-A,edge,69,DONE,2.04997,2.09346,43.49015700017844,43.49015700017844,18.09,2.1,23.30015700017844,0.5191570001784456,22.780999999999995,0.0
S00006,IMS-CSCF,edge-B,edge,66,DONE,2.05007,2.54904,498.97197500013135,498.97197500013135,411.202,84.501,3.268975000131377,0.7219750001313514,2.5470000000000255,0.0
S00004,UPF,edge-B,edge,67,DONE,2.05139,2.25869,207.30151899988414,207.30151899988414,202.038,3.597,1.6665189998841186,0.5645189998841431,1.1019999999999754,0.0
S00004,UPF,edge-B,edge,68,DONE,2.05352,2.34916,295.635341000434,295.635341000434,205.692,88.683,1.2603410004339821,0.6143410004339671,0.646000000000015,0.0
S00002,vRAN-DU,edge-B,edge,55,DONE,2.05929,2.16205,102.75646199988842,102.75646199988842,95.319,5.016,2.4214619998884075,0.3274619998884134,2.093999999999994,0.0
S00001,vRAN-DU,edge-A,edge,53,DONE,2.06234,2.08861,26.27505700002075,26.27505700002075,6.265,7.519,12.491057000020753,0.475057000020751,12.016000000000002,0.0
S00009,IoT-GW,edge-A,edge,70,DONE,2.06465,2.09493,30.284779999874445,30.284779999874445,20.675,0.869,8.740779999874444,0.7477799998744459,7.9929999999999986,0.0
S00004,UPF,edge-B,edge,69,DONE,2.066,2.36109,295.0877190000938,295.0877190000938,278.507,7.079,9.501719000093772,3.9007190000937726,5.600999999999999,0.0
S00006,IMS-CSCF,edge-B,edge,67,DONE,2.07347,2.65594,582.4671619998298,582.4671619998298,506.581,2.642,73.24416199982983,0.4601619998298929,72.78399999999993,0.0
S00002,vRAN-DU,edge-B,edge,56,DONE,2.0795,2.16254,83.0467660002796,83.0467660002796,12.427,3.129,67.4907660002796,0.4407660002796092,67.05,0.0
S00010,IoT-GW,edge-B,edge,55,DONE,2.087,2.75751,670.5105600003662,670.5105600003662,609.669,1.038,59.80356000036625,1.3205600003661857,58.48300000000006,0.0
S00005,IMS-CSCF,edge-A,edge,58,DONE,2.08713,2.09187,4.732606000288797,4.732606000288797,0.051,2.369,2.3126060002887967,1.1506060002887972,1.1619999999999995,0.0
S00008,Transcoder,core-1,core,40,DONE,2.09494,2.12192,26.97909799962872,26.97909799962872,0.135,12.107,2.7370979996287215,1.7290979996287206,1.008000000000001,12.0
S00006,IMS-CSCF,edge-B,edge,68,DONE,2.09629,2.6594,563.1121790001998,563.1121790001998,510.358,2.225,50.52917900019986,0.586179000199877,49.942999999999984,0.0
S00007,Transcoder,core-1,core,36,DONE,2.09668,2.12234,25.660186000095564,25.660186000095564,0.065,13.899,1.6961860000955653,0.8891860000955631,0.8070000000000022,10.0
S00003,UPF,edge-A,edge,72,DONE,2.0969,2.10005,3.157305999593518,3.157305999593518,0.102,2.199,0.8563059995935185,0.3663059995935183,0.4900000000000002,0.0
S00004,UPF,edge-B,edge,70,DONE,2.09885,2.36246,263.61227500001405,263.61227500001405,210.119,5.465,48.02827500001405,0.5822750000140786,47.44599999999997,0.0
S00004,UPF,edge-B,edge,71,DONE,2.10838,2.36496,256.5791110000646,256.5791110000646,215.822,2.35,38.40711100006459,0.5671110000645854,37.84,0.0
S00009,IoT-GW,edge-A,edge,71,DONE,2.11371,2.17383,60.117347999948834,60.117347999948834,0.321,58.524,1.2723479999488347,0.6333479999488318,0.6390000000000029,0.0
S00003,UPF,edge-A,edge,73,DONE,2.11532,2.17651,61.18774700007634,61.18774700007634,1.844,2.194,57.149747000076346,0.42874700007634203,56.721000000000004,0.0
S00008,Transcoder,core-1,core,41,DONE,2.11809,2.13859,20.50308199977735,20.50308199977735,0.078,6.175,2.2500819997773505,1.6500819997773508,0.5999999999999996,12.0
S00010,IoT-GW,edge-B,edge,56,DONE,2.12235,2.76668,644.3278560000181,644.3278560000181,617.89,0.714,25.72385600001803,0.5478560000181005,25.17599999999993,0.0
S00001,vRAN-DU,edge-A,edge,54,DONE,2.1257,2.1763,50.607751999905304,50.607751999905304,0.095,3.905,46.607751999905304,0.7177519999053033,45.89,0.0
S00004,UPF,edge-B,edge,72,DONE,2.1261,2.36698,240.87728699987565,240.87728699987565,218.371,1.894,20.612286999875636,0.5572869998756573,20.05499999999998,0.0
S00010,IoT-GW,edge-B,edge,57,DONE,2.12629,2.84996,723.6741799997617,723.6741799997617,699.834,1.847,21.993179999761765,0.6471799997616472,21.346000000000117,0.0
S00005,IMS-CSCF,edge-A,edge,59,DONE,2.12634,2.18789,61.54407699978037,61.54407699978037,14.309,1.35,45.885076999780374,0.6490769997803696,45.236000000000004,0.0
S00001,vRAN-DU,edge-A,edge,55,DONE,2.13662,2.18613,49.50768099979541,49.50768099979541,4.386,9.518,35.603680999795415,0.5606809997954088,35.043000000000006,0.0
S00005,IMS-CSCF,edge-A,edge,60,DONE,2.13677,2.19284,56.06271100032245,56.06271100032245,15.77,4.876,35.41671100032245,0.45971100032245005,34.957,0.0
S00004,UPF,edge-B,edge,73,DONE,2.1386,2.44705,308.45089500007816,308.45089500007816,219.119,79.023,10.308895000078167,1.1398950000781838,9.168999999999983,0.0
S00004,UPF,edge-B,edge,74,DONE,2.14498,2.44996,304.97999899989736,304.97999899989736,298.519,3.47,2.9909989998973288,0.6569989998973824,2.3339999999999463,0.0
S00010,IoT-GW,edge-B,edge,58,DONE,2.14557,2.96909,823.5156960004133,823.5156960004133,816.956,3.837,2.7226960004132934,0.32869600041328795,2.3940000000000055,0.0
S00009,IoT-GW,edge-A,edge,72,DONE,2.14692,2.19037,43.45291100025861,43.45291100025861,17.093,0.899,25.46091100025861,0.7119110002586098,24.749,0.0
S00010,IoT-GW,edge-B,edge,59,DONE,2.15478,3.14693,992.1539329998268,992.1539329998268,906.49,84.202,1.4619329998267858,0.6509329998267503,0.8110000000000355,0.0
S00001,vRAN-DU,edge-A,edge,56,DONE,2.15875,2.18347,24.717639999835228,24.717639999835228,7.232,3.962,13.523639999835227,0.6496399998352267,12.874,0.0
S00003,UPF,edge-A,edge,74,DONE,2.16441,2.17936,14.94832399976076,14.94832399976076,4.402,2.44,8.10632399976076,0.5543239997607596,7.552,0.0
S00004,UPF,edge-B,edge,75,DONE,2.16651,2.45384,287.3278339998251,287.3278339998251,282.697,1.982,2.648833999825058,0.3768339998250667,2.2719999999999914,0.0
S00003,UPF,edge-A,edge,75,DONE,2.17013,2.18612,15.986895999958506,15.986895999958506,11.32,2.542,2.1248959999585058,0.8298959999585058,1.295,0.0
S00007,Transcoder,core-1,core,37,DONE,2.17194,2.19039,18.44247400003951,18.44247400003951,0.088,5.766,2.5884740000395112,1.178474000039511,1.4100000000000001,10.0
S00002,vRAN-DU,edge-B,edge,57,DONE,2.17875,2.25477,76.01647199999206,76.01647199999206,2.24,6.183,67.59347199999206,1.122471999992058,66.471,0.0
S00003,UPF,edge-A,edge,76,DONE,2.17883,2.18914,10.3163300000233,10.3163300000233,6.015,2.831,1.4703300000232993,0.5533300000232995,0.9169999999999998,0.0
S00002,vRAN-DU,edge-B,edge,58,DONE,2.18349,2.25624,72.75213799994162,72.75213799994162,5.367,4.493,62.892137999941625,2.1931379999416265,60.699,0.0
S00005,IMS-CSCF,edge-A,edge,61,DONE,2.18732,2.27929,91.97615399989445,91.97615399989445,4.467,81.771,5.73815399989445,1.003153999894451,4.734999999999999,0.0
S00002,vRAN-DU,edge-B,edge,59,DONE,2.1879,2.26204,74.14620200006539,74.14620200006539,10.006,3.495,60.64520200006538,2.5912020000653797,58.054,0.0
S00001,vRAN-DU,edge-A,edge,57,DONE,2.18915,2.27927,90.11251199990511,90.11251199990511,0.047,83.627,6.438511999905117,1.3355119999051084,5.103000000000009,0.0
S00006,IMS-CSCF,edge-B,edge,69,DONE,2.19256,2.66259,470.03258399990955,470.03258399990955,413.111,3.098,53.823583999909545,0.38358399990954695,53.44,0.0
S00006,IMS-CSCF,edge-B,edge,70,DONE,2.20916,2.75428,545.1249819998338,545.1249819998338,506.105,1.326,37.693981999833795,1.0459819998338844,36.64799999999991,0.0
S00003,UPF,edge-A,edge,77,DONE,2.21165,2.27931,67.65592100009599,67.65592100009599,0.226,2.816,64.61392100009598,1.069921000095988,63.544,0.0
S00006,IMS-CSCF,edge-B,edge,71,DONE,2.21228,2.75626,543.9847220000047,543.9847220000047,507.593,2.23,34.16172200000466,0.8037220000046545,33.358000000000004,0.0
S00009,IoT-GW,edge-A,edge,73,DONE,2.21244,2.28299,70.55336099983833,70.55336099983833,6.404,1.284,62.86536099983833,0.5453609998383371,62.31999999999999,0.0
S00004,UPF,edge-B,edge,76,DONE,2.21677,2.45732,240.55213300016476,240.55213300016476,208.064,2.127,30.361133000164756,1.2861330001647673,29.07499999999999,0.0
S00010,IoT-GW,edge-B,edge,60,DONE,2.22217,3.15206,929.8946859998978,929.8946859998978,904.872,0.698,24.324685999897838,0.7676859998978216,23.557000000000016,0.0
S00009,IoT-GW,edge-A,edge,74,DONE,2.22235,2.2907,68.35619399998905,68.35619399998905,7.832,8.219,52.305193999989044,0.46719399998904976,51.837999999999994,0.0
S00009,IoT-GW,edge-A,edge,75,DONE,2.23286,2.29577,62.915670999700524,62.915670999700524,16.489,4.507,41.91967099970052,0.985670999700524,40.934,0.0
S00004,UPF,edge-B,edge,77,DONE,2.24341,2.46141,218.00200899997435,218.00200899997435,212.047,2.914,3.041008999974366,0.9490089999743532,2.092000000000013,0.0
S00004,UPF,edge-B,edge,78,DONE,2.24359,2.5496,306.0125520000838,306.0125520000838,215.181,87.129,3.702552000083813,0.7015520000838364,3.0009999999999764,0.0
S00009,IoT-GW,edge-A,edge,76,DONE,2.24369,2.29839,54.7047489999386,54.7047489999386,21.389,2.329,30.9867489999386,1.4687489999386045,29.517999999999997,0.0
S00002,vRAN-DU,edge-B,edge,60,DONE,2.2471,2.26768,20.57841499981805,20.57841499981805,10.024,7.822,2.732414999818051,0.8104149998180503,1.9220000000000006,0.0
S00008,Transcoder,core-1,core,42,DONE,2.25478,2.2915,36.72395299963682,36.72395299963682,0.468,15.947,8.308952999636823,1.8769529996368206,6.432000000000002,12.0
S00001,vRAN-DU,edge-A,edge,58,DONE,2.25491,2.27932,24.41221900016899,24.41221900016899,0.227,2.791,21.394219000168988,0.9182190001689889,20.476,0.0
S00003,UPF,edge-A,edge,78,DONE,2.25545,2.28298,27.53182399965226,27.53182399965226,3.22,3.834,20.47782399965226,0.9278239996522615,19.549999999999997,0.0
S00007,Transcoder,core-1,core,38,DONE,2.25871,2.2945,35.79014600018127,35.79014600018127,0.129,21.136,4.525146000181266,2.4131460001812677,2.1119999999999983,10.0
S00005,IMS-CSCF,edge-A,edge,62,DONE,2.26205,2.28296,20.90034299999388,20.90034299999388,3.588,2.584,14.728342999993881,1.010342999993881,13.718,0.0
S00004,UPF,edge-B,edge,79,DONE,2.26218,2.55458,292.4010619999535,292.4010619999535,282.871,4.945,4.5850619999535525,0.5500619999535274,4.035000000000025,0.0
S00002,vRAN-DU,edge-B,edge,61,DONE,2.26235,2.35053,88.17950699994981,88.17950699994981,0.267,81.99,5.922506999949817,1.1045069999498054,4.818000000000012,0.0
S00003,UPF,edge-A,edge,79,DONE,2.26902,2.28909,20.075446000191732,20.075446000191732,7.174,7.165,5.736446000191732,0.6374460001917335,5.098999999999998,0.0
S00009,IoT-GW,edge-A,edge,77,DONE,2.283,2.29996,16.963307999958488,16.963307999958488,15.155,1.088,0.7203079999584894,0.3873079999584874,0.33300000000000196,0.0
S00006,IMS-CSCF,edge-B,edge,72,DONE,2.28347,2.76251,479.03758299980836,479.03758299980836,471.944,1.703,5.390582999808373,2.091582999808338,3.299000000000035,0.0
S00001,vRAN-DU,edge-A,edge,59,DONE,2.28572,2.29451,8.783616999608057,8.783616999608057,0.734,4.714,3.3356169996080567,0.4196169996080563,2.9160000000000004,0.0
S00003,UPF,edge-A,edge,80,DONE,2.29578,2.29933,3.5453420000521874,3.5453420000521874,0.052,2.478,1.015342000052187,0.4473420000521875,0.5679999999999996,0.0
S00008,Transcoder,core-1,core,43,DONE,2.29807,2.31924,21.171600999878137,21.171600999878137,0.086,7.104,1.981600999878136,1.2006009998781373,0.7809999999999997,12.0
S00010,IoT-GW,edge-B,edge,61,DONE,2.29997,3.15899,859.022707999884,859.022707999884,856.179,1.603,1.24070799988408,0.5897079998840127,0.6510000000000673,0.0
S00005,IMS-CSCF,edge-A,edge,63,DONE,2.30226,2.30431,2.0461389999582025,2.0461389999582025,0.054,1.241,0.7511389999582023,0.42613899995820237,0.32499999999999996,0.0
S00009,IoT-GW,edge-A,edge,78,DONE,2.3075,2.37209,64.59872899995389,64.59872899995389,0.059,63.325,1.2147289999538913,0.42672899995389457,0.7879999999999967,0.0
S00005,IMS-CSCF,edge-A,edge,64,DONE,2.30984,2.37333,63.490153000202554,63.490153000202554,0.056,62.466,0.9681530002025553,0.4041530002025553,0.5640000000000001,0.0
S00005,IMS-CSCF,edge-A,edge,65,DONE,2.31014,2.37518,65.04287400002795,65.04287400002795,62.381,1.882,0.7798740000279452,0.5018740000279536,0.2779999999999916,0.0
S00001,vRAN-DU,edge-A,edge,60,DONE,2.31347,2.37851,65.043801000229,65.043801000229,58.649,5.402,0.9928010002289938,0.5408010002289956,0.4519999999999982,0.0
S00002,vRAN-DU,edge-B,edge,62,DONE,2.32654,2.3535,26.9652350002616,26.9652350002616,21.522,4.005,1.438235000261603,0.7362350002616012,0.7020000000000017,0.0
S00010,IoT-GW,edge-B,edge,62,DONE,2.32679,3.24823,921.4418280002974,921.4418280002974,836.904,82.954,1.5838280002974443,0.8008280002974288,0.7830000000000155,0.0
S00005,IMS-CSCF,edge-A,edge,66,DONE,2.33107,2.37757,46.502174000124796,46.502174000124796,43.492,1.824,1.186174000124801,0.5251740001247995,0.6610000000000014,0.0
S00002,vRAN-DU,edge-B,edge,63,DONE,2.33342,2.36111,27.692283999840583,27.692283999840583,18.858,2.837,5.997283999840583,4.093283999840583,1.904,0.0
S00006,IMS-CSCF,edge-B,edge,73,DONE,2.33574,2.76666,430.91901800016785,430.91901800016785,425.363,2.167,3.38901800016788,0.7610180001678373,2.6280000000000427,0.0
S00003,UPF,edge-A,edge,81,DONE,2.33805,2.38294,44.89641999998639,44.89641999998639,5.837,3.513,35.54641999998639,0.9314199999863888,34.615,0.0
S00001,vRAN-DU,edge-A,edge,61,DONE,2.33815,2.38065,42.50298999977531,42.50298999977531,5.085,2.612,34.805989999775306,0.7929899997753083,34.013,0.0
S00009,IoT-GW,edge-A,edge,79,DONE,2.33823,2.38618,47.953995000170835,47.953995000170835,8.66,3.874,35.419995000170836,0.7829950001708355,34.637,0.0
S00004,UPF,edge-B,edge,80,DONE,2.34154,2.56244,220.89869700039344,220.89869700039344,212.82,3.434,4.64469700039345,0.609697000393453,4.034999999999997,0.0
S00002,vRAN-DU,edge-B,edge,64,DONE,2.34591,2.36152,15.613131999998586,15.613131999998586,7.613,3.999,4.001131999998586,0.46213199999858645,3.5389999999999997,0.0
S00009,IoT-GW,edge-A,edge,80,DONE,2.34933,2.39182,42.489419000048656,42.489419000048656,13.666,4.803,24.020419000048655,1.063419000048654,22.957,0.0
S00004,UPF,edge-B,edge,81,DONE,2.3528,2.57157,218.76524099980088,218.76524099980088,212.713,1.833,4.219240999800888,0.7902409998008864,3.429000000000002,0.0
S00003,UPF,edge-A,edge,82,DONE,2.35669,2.38617,29.483083999821247,29.483083999821247,9.459,3.046,16.978083999821248,4.292083999821248,12.686,0.0
S00004,UPF,edge-B,edge,82,DONE,2.36497,2.64874,283.77644600004714,283.77644600004714,205.015,76.881,1.8804460000471863,0.3984460000471586,1.4820000000000277,0.0
S00003,UPF,edge-A,edge,83,DONE,2.36641,2.39181,25.403795999864087,25.403795999864087,12.712,5.722,6.969795999864086,0.5487959998640868,6.420999999999999,0.0
S00008,Transcoder,core-1,core,44,DONE,2.37453,2.4007,26.17935899979784,26.17935899979784,0.079,10.917,3.183358999797841,1.611358999797842,1.5719999999999992,12.0
S00004,UPF,edge-B,edge,83,DONE,2.38066,2.65361,272.9493030001322,272.9493030001322,201.7,3.67,67.57930300013223,1.039303000132179,66.54000000000005,0.0
S00006,IMS-CSCF,edge-B,edge,74,DONE,2.38231,2.76781,385.49514299984367,385.49514299984367,318.106,2.452,64.93714299984367,0.6001429998436834,64.33699999999999,0.0
S00010,IoT-GW,edge-B,edge,63,DONE,2.38556,3.26654,880.98171799993,880.98171799993,814.722,4.59,61.66971799992996,1.8387179999299406,59.83100000000002,0.0
S00007,Transcoder,core-1,core,39,DONE,2.38564,2.40824,22.60219700019661,22.60219700019661,0.051,8.5,4.051197000196611,2.1061970001966106,1.9450000000000003,10.0
S00008,Transcoder,core-1,core,45,DONE,2.3857,2.41114,25.44271899978412,25.44271899978412,1.397,8.671,3.37471899978412,2.62771899978412,0.7469999999999999,12.0
S00010,IoT-GW,edge-B,edge,64,DONE,2.3916,3.35055,958.9493989997209,958.9493989997209,900.13,2.803,56.01639899972088,0.9553989997208419,55.061000000000035,0.0
S00004,UPF,edge-B,edge,84,DONE,2.39168,2.66027,268.59185000012076,268.59185000012076,208.741,3.831,56.019850000120755,1.075850000120738,54.94400000000002,0.0
S00006,IMS-CSCF,edge-B,edge,75,DONE,2.39338,2.84747,454.0900160000092,454.0900160000092,320.731,78.959,54.4000160000092,1.1360160000091923,53.26400000000001,0.0
S00001,vRAN-DU,edge-A,edge,62,DONE,2.404,2.47461,70.61596299990924,70.61596299990924,0.076,68.496,2.0439629999092546,0.7149629999092468,1.3290000000000077,0.0
S00006,IMS-CSCF,edge-B,edge,76,DONE,2.40743,2.9519,544.4681949998085,544.4681949998085,498.73,5.445,40.29319499980846,0.591194999808522,39.70199999999994,0.0
S00005,IMS-CSCF,edge-A,edge,67,DONE,2.40784,2.47463,66.79343999985576,66.79343999985576,0.125,1.736,64.93243999985576,0.6504399998557631,64.282,0.0
S00010,IoT-GW,edge-B,edge,65,DONE,2.40942,3.36075,951.3312530002622,951.3312530002622,909.782,2.813,38.736253000262195,0.6212530002621861,38.11500000000001,0.0
S00003,UPF,edge-A,edge,84,DONE,2.4134,2.47916,65.75729899986982,65.75729899986982,2.573,4.371,58.813298999869815,0.5192989998698181,58.294,0.0
S00005,IMS-CSCF,edge-A,edge,68,DONE,2.41478,2.4765,61.720447999960015,61.720447999960015,2.388,2.288,57.04444799996001,0.5274479999600175,56.516999999999996,0.0
S00003,UPF,edge-A,edge,85,DONE,2.41608,2.4828,66.72134500013271,66.72134500013271,8.016,2.269,56.43634500013272,0.6103450001327104,55.82600000000001,0.0
S00006,IMS-CSCF,edge-B,edge,77,DONE,2.42344,2.96521,541.7707000001428,541.7707000001428,513.771,3.49,24.509700000142857,0.679700000142816,23.83000000000004,0.0
S00004,UPF,edge-B,edge,85,DONE,2.42791,2.74741,319.5024819997343,319.5024819997343,212.99,86.171,20.3414819997343,0.946481999734317,19.394999999999982,0.0
S00002,vRAN-DU,edge-B,edge,65,DONE,2.43037,2.45415,23.78063200012548,23.78063200012548,2.549,4.226,17.00563200012548,0.46463200012548,16.540999999999997,0.0
S00003,UPF,edge-A,edge,86,DONE,2.43574,2.48481,49.06744099980642,49.06744099980642,11.019,2.166,35.88244099980642,0.7714409998064227,35.111,0.0
S00003,UPF,edge-A,edge,87,DONE,2.43707,2.48729,50.221944999975676,50.221944999975676,13.551,1.787,34.883944999975675,0.44894499997567294,34.435,0.0
S00002,vRAN-DU,edge-B,edge,66,DONE,2.43952,2.45753,18.010160999892832,18.010160999892832,4.853,5.12,8.037160999892834,1.1161609998928341,6.920999999999999,0.0
S00004,UPF,edge-B,edge,86,DONE,2.44087,2.76384,322.9686690001472,322.9686690001472,299.596,16.394,6.9786690001471925,0.5996690001471734,6.379000000000019,0.0
S00002,vRAN-DU,edge-B,edge,67,DONE,2.44706,2.45991,12.84549000001789,12.84549000001789,8.951,2.9,0.9944900000178887,0.5004900000178889,0.4939999999999998,0.0
S00005,IMS-CSCF,edge-A,edge,69,DONE,2.44893,2.47864,29.71934399965903,29.71934399965903,5.323,1.578,22.81834399965903,0.5543439996590322,22.264,0.0
S00004,UPF,edge-B,edge,87,DONE,2.45215,2.76872,316.56227299981765,316.56227299981765,309.1,4.811,2.6512729998176496,1.7412729998176246,0.910000000000025,0.0
S00005,IMS-CSCF,edge-A,edge,70,DONE,2.45754,2.48224,24.69789099995978,24.69789099995978,7.507,2.741,14.449890999959782,0.5588909999597824,13.891,0.0
S00006,IMS-CSCF,edge-B,edge,78,DONE,2.45997,3.04701,587.0408809996661,587.0408809996661,508.311,77.783,0.9468809996661776,0.4438809996661348,0.5030000000000427,0.0
S00010,IoT-GW,edge-B,edge,66,DONE,2.46331,3.36776,904.4483309999123,904.4483309999123,901.321,2.092,1.0353309999122757,0.5513309999122384,0.4840000000000373,0.0
S00002,vRAN-DU,edge-B,edge,68,DONE,2.46509,2.55803,92.94197600002008,92.94197600002008,1.226,6.46,85.25597600002007,2.228976000020083,83.02699999999999,0.0
S00006,IMS-CSCF,edge-B,edge,79,DONE,2.46522,3.06263,597.41368899995,597.41368899995,512.108,1.507,83.79868899995006,1.1986889999499226,82.60000000000014,0.0
S00010,IoT-GW,edge-B,edge,67,DONE,2.47158,3.44727,975.6911399999808,975.6911399999808,819.748,78.937,77.00613999998075,0.70013999998082,76.30599999999993,0.0
S00004,UPF,edge-B,edge,88,DONE,2.47785,2.85237,374.5139099996777,374.5139099996777,298.202,5.846,70.4659099996777,0.6429099996777268,69.82299999999998,0.0
S00008,Transcoder,core-1,core,46,DONE,2.48072,2.50033,19.61562699989372,19.61562699989372,0.093,5.946,1.5766269998937208,0.9956269998937195,0.5810000000000004,12.0
S00010,IoT-GW,edge-B,edge,68,DONE,2.48083,3.45127,970.4395369999474,970.4395369999474,901.987,0.925,67.52753699994753,0.5195369999474906,67.00800000000004,0.0
S00005,IMS-CSCF,edge-A,edge,71,DONE,2.48225,2.48563,3.3811519997470896,3.3811519997470896,0.056,2.183,1.1421519997470897,0.49915199974708946,0.6430000000000002,0.0
S00006,IMS-CSCF,edge-B,edge,80,DONE,2.48681,3.14868,661.8705850000879,661.8705850000879,598.636,1.402,61.832585000087875,0.5825850000878745,61.25,0.0
S00004,UPF,edge-B,edge,89,DONE,2.4899,2.85806,368.154757999946,368.154757999946,304.922,4.857,58.37575799994596,0.6437579999459899,57.73199999999997,0.0
S00005,IMS-CSCF,edge-A,edge,72,DONE,2.48998,2.49277,2.7899990000150865,2.7899990000150865,0.055,1.833,0.9019990000150866,0.3099990000150865,0.5920000000000001,0.0
S00006,IMS-CSCF,edge-B,edge,81,DONE,2.49124,3.15205,660.8108989998982,660.8108989998982,600.912,1.802,58.096898999898144,0.6238989998981879,57.472999999999956,0.0
S00009,IoT-GW,edge-A,edge,81,DONE,2.49398,2.49568,1.6927890001170454,1.6927890001170454,0.056,0.952,0.6847890001170454,0.3647890001170453,0.32000000000000006,0.0
S00004,UPF,edge-B,edge,90,DONE,2.50663,2.86087,354.2383849999169,354.2383849999169,310.326,2.017,41.89538499991687,0.4983849999168797,41.39699999999999,0.0
S00004,UPF,edge-B,edge,91,DONE,2.50794,2.86334,355.3945960002238,355.3945960002238,313.029,1.871,40.49459600022385,0.6075960002238503,39.887,0.0
S00001,vRAN-DU,edge-A,edge,63,DONE,2.50927,2.51299,3.721562000009726,3.721562000009726,0.161,2.723,0.8375620000097261,0.4325620000097259,0.40500000000000025,0.0
S00005,IMS-CSCF,edge-A,edge,73,DONE,2.51157,2.51372,2.150303999769676,2.150303999769676,0.074,1.278,0.7983039997696759,0.4053039997696759,0.393,0.0
S00008,Transcoder,core-1,core,47,DONE,2.51802,2.53927,21.258464999846183,21.258464999846183,0.092,6.074,3.0924649998461824,2.347464999846183,0.7450000000000001,12.0
S00004,UPF,edge-B,edge,92,DONE,2.51815,2.86587,347.7210390001346,347.7210390001346,315.04,2.154,30.527039000134607,0.5910390001346286,29.93599999999998,0.0
S00002,vRAN-DU,edge-B,edge,69,DONE,2.53054,2.56601,35.46849199983626,35.46849199983626,6.529,10.645,18.29449199983626,0.7424919998362611,17.552,0.0
S00010,IoT-GW,edge-B,edge,69,DONE,2.53257,3.45353,920.9563579997848,920.9563579997848,903.01,1.895,16.05135799978484,0.7983579997847983,15.253000000000043,0.0
S00006,IMS-CSCF,edge-B,edge,82,DONE,2.53604,3.15357,617.5236459998814,617.5236459998814,603.63,1.343,12.550645999881453,0.5816459998814025,11.969000000000051,0.0
S00006,IMS-CSCF,edge-B,edge,83,DONE,2.53739,3.15692,619.5337690000997,619.5337690000997,605.118,3.364,11.051769000099625,0.564769000099659,10.486999999999966,0.0
S00002,vRAN-DU,edge-B,edge,70,DONE,2.54048,2.57155,31.074127000010776,31.074127000010776,14.317,3.645,13.112127000010776,0.8741270000107768,12.238,0.0
S00001,vRAN-DU,edge-A,edge,64,DONE,2.54279,2.57993,37.138372999834246,37.138372999834246,0.082,6.567,30.489372999834245,0.6203729998342453,29.869,0.0
S00003,UPF,edge-A,edge,88,DONE,2.54291,2.57769,34.77843500013478,34.77843500013478,0.142,4.235,30.401435000134775,0.6694350001347757,29.732,0.0
S00004,UPF,edge-B,edge,93,DONE,2.54516,2.9504,405.24450400016576,405.24450400016576,316.319,83.86,5.065504000165731,0.7225040001657703,4.342999999999961,0.0
S00010,IoT-GW,edge-B,edge,70,DONE,2.54922,3.45444,905.2256009999837,905.2256009999837,902.753,1.033,1.4396009999836679,0.6686009999837097,0.7709999999999582,0.0
S00002,vRAN-DU,edge-B,edge,71,DONE,2.55182,2.64811,96.28644799977337,96.28644799977337,13.317,81.895,1.0744479997733833,0.49044799977336595,0.5840000000000174,0.0
S00002,vRAN-DU,edge-B,edge,72,DONE,2.55804,2.57158,13.542138000047999,13.542138000047999,9.238,3.018,1.2861380000479983,0.5501380000479976,0.7360000000000007,0.0
S00002,vRAN-DU,edge-B,edge,73,DONE,2.5607,2.655,94.30779499962227,94.30779499962227,85.756,6.192,2.3597949996222667,1.1607949996222686,1.198999999999998,0.0
S00003,UPF,edge-A,edge,89,DONE,2.56083,2.59007,29.232760000013513,29.232760000013513,4.956,11.305,12.971760000013514,0.9537600000135136,12.018,0.0
S00003,UPF,edge-A,edge,90,DONE,2.56602,2.59353,27.513586999702966,27.513586999702966,16.625,2.93,7.958586999702966,4.304586999702966,3.654,0.0
S00004,UPF,edge-B,edge,94,DONE,2.56837,2.956,387.628980000045,387.628980000045,304.763,4.089,78.776980000045,2.9889800000449895,75.78800000000001,0.0
S00010,IoT-GW,edge-B,edge,71,DONE,2.57354,3.45579,882.2439030000169,882.2439030000169,807.539,1.227,73.47790300001691,0.33490300001687956,73.14300000000003,0.0
S00001,vRAN-DU,edge-A,edge,65,DONE,2.57895,2.59048,11.525147000156721,11.525147000156721,0.064,9.433,2.0281470001567214,0.8271470001567209,1.2010000000000005,0.0
S00006,IMS-CSCF,edge-B,edge,84,DONE,2.58714,3.16109,573.9572259999477,573.9572259999477,511.857,2.017,60.08322599994767,1.8912259999476646,58.19200000000001,0.0
S00003,UPF,edge-A,edge,91,DONE,2.58921,2.59515,5.932411999765463,5.932411999765463,2.627,1.99,1.3154119997654634,0.5544119997654633,0.7610000000000001,0.0
S00003,UPF,edge-A,edge,92,DONE,2.59354,2.59875,5.209117000049446,5.209117000049446,1.378,2.91,0.9211170000494455,0.3891170000494455,0.532,0.0
S00004,UPF,edge-B,edge,95,DONE,2.60203,2.96199,359.96308799985854,359.96308799985854,309.099,5.539,45.32508799985857,0.6940879998585388,44.63100000000003,0.0
S00001,vRAN-DU,edge-A,edge,66,DONE,2.60266,2.67879,76.13289900018572,76.13289900018572,0.082,74.83,1.2208990001857245,0.7108990001857194,0.5100000000000051,0.0
S00003,UPF,edge-A,edge,93,DONE,2.60282,2.68028,77.46457599978385,77.46457599978385,0.095,75.57,1.7995759997838547,1.0475759997838452,0.7520000000000095,0.0
S00004,UPF,edge-B,edge,96,DONE,2.60508,2.96548,360.398991999773,360.398991999773,315.268,2.089,43.04199199977302,0.6729919997729894,42.36900000000003,0.0
S00004,UPF,edge-B,edge,97,DONE,2.60815,2.96936,361.2144880003143,361.2144880003143,317.635,4.016,39.563488000314294,1.1034880003143144,38.45999999999998,0.0
S00008,Transcoder,core-1,core,48,DONE,2.60835,2.63058,22.235594999983732,22.235594999983732,0.087,6.503,3.6455949999837323,2.7205949999837316,0.9249999999999998,12.0
S00001,vRAN-DU,edge-A,edge,67,DONE,2.60843,2.68627,77.84203899973363,77.84203899973363,69.387,4.778,3.6770389997336252,1.6350389997336379,2.0419999999999874,0.0
S00010,IoT-GW,edge-B,edge,72,DONE,2.60943,3.45682,847.3952110002756,847.3952110002756,808.859,0.94,37.5962110002755,0.7282110002755644,36.86799999999994,0.0
S00001,vRAN-DU,edge-A,edge,68,DONE,2.61485,2.68629,71.44678600025145,71.44678600025145,64.21,4.085,3.1517860002514624,1.6877860002514495,1.4640000000000128,0.0
S00004,UPF,edge-B,edge,98,DONE,2.61638,3.05033,433.945598000264,433.945598000264,321.867,81.015,31.063598000263994,0.5515980002639935,30.512,0.0
S00005,IMS-CSCF,edge-A,edge,74,DONE,2.61973,2.68883,69.09817999985535,69.09817999985535,14.524,2.047,52.52717999985535,0.6981799998553413,51.82900000000001,0.0
S00003,UPF,edge-A,edge,94,DONE,2.61987,2.78285,162.98323099999834,162.98323099999834,21.323,86.67,54.990230999998346,0.7312309999983313,54.259000000000015,0.0
S00001,vRAN-DU,edge-A,edge,69,DONE,2.62832,2.69365,65.3301439997449,65.3301439997449,13.051,8.223,44.056143999744904,0.7141439997449055,43.342,0.0
S00005,IMS-CSCF,edge-A,edge,75,DONE,2.63494,2.78275,147.81742800005304,147.81742800005304,21.505,86.434,39.87842800005305,3.147428000053054,36.730999999999995,0.0
S00004,UPF,edge-B,edge,99,DONE,2.63752,3.05503,417.5022730000819,417.5022730000819,403.544,4.349,9.609273000081942,0.6272730000819138,8.982000000000028,0.0
S00010,IoT-GW,edge-B,edge,73,DONE,2.63775,3.45931,821.5566409999155,821.5566409999155,810.302,1.789,9.465640999915536,0.7646409999155139,8.701000000000022,0.0
S00005,IMS-CSCF,edge-A,edge,76,DONE,2.64244,2.87225,229.81527199999618,229.81527199999618,128.764,71.01,30.041271999996184,0.8762719999961917,29.164999999999992,0.0
S00009,IoT-GW,edge-A,edge,82,DONE,2.65299,2.88782,234.82963400010703,234.82963400010703,214.243,1.75,18.83663400010704,0.5286340001070471,18.307999999999993,0.0
S00010,IoT-GW,edge-B,edge,74,DONE,2.65734,3.54723,889.8951830001351,889.8951830001351,806.261,82.094,1.54018300013513,0.9261830001350972,0.6140000000000327,0.0
S00007,Transcoder,core-1,core,40,DONE,2.66382,2.69361,29.79358900029183,29.79358900029183,0.13,15.983,3.680589000291832,2.790589000291831,0.8900000000000006,10.0
S00002,vRAN-DU,edge-B,edge,74,DONE,2.66511,2.75427,89.16052700033106,89.16052700033106,2.47,2.952,83.73852700033106,2.6315270003310616,81.107,0.0
S00003,UPF,edge-A,edge,95,DONE,2.66745,2.79005,122.60661300024367,122.60661300024367,114.64,2.328,5.638613000243666,1.6266130002436654,4.0120000000000005,0.0
S00005,IMS-CSCF,edge-A,edge,77,DONE,2.66989,2.88107,211.173597999732,211.173597999732,208.153,1.006,2.0145979997320183,0.7985979997320101,1.2160000000000082,0.0
S00003,UPF,edge-A,edge,96,DONE,2.67329,2.7947,121.40616400029103,121.40616400029103,117.366,2.555,1.4851640002910216,0.6131640002910217,0.8719999999999999,0.0
S00005,IMS-CSCF,edge-A,edge,78,DONE,2.6746,2.97201,297.41021600011663,297.41021600011663,213.961,81.67,1.7792160001166053,0.39621600011662395,1.3829999999999814,0.0
S00003,UPF,edge-A,edge,97,DONE,2.67714,2.87253,195.39008799984003,195.39008799984003,121.575,72.319,1.4960879998400287,0.5410879998400446,0.9549999999999841,0.0
S00005,IMS-CSCF,edge-A,edge,79,DONE,2.6788,2.97967,300.8667169997352,300.8667169997352,298.017,1.319,1.5307169997352048,0.38771699973523255,1.1429999999999723,0.0
S00004,UPF,edge-B,edge,100,DONE,2.68458,3.05834,373.7526299996716,373.7526299996716,308.87,2.707,62.17562999967163,6.284629999671608,55.89100000000002,0.0
S00001,vRAN-DU,edge-A,edge,70,DONE,2.68477,2.69364,8.871221999925183,8.871221999925183,2.06,4.237,2.5742219999251823,0.7052219999251825,1.8689999999999998,0.0
S00005,IMS-CSCF,edge-A,edge,80,DONE,2.69005,2.98558,295.53598000029524,295.53598000029524,287.895,4.301,3.33998000029527,0.4579800002952652,2.882000000000005,0.0
S00004,UPF,edge-B,edge,101,DONE,2.69591,3.06268,366.7642270002034,366.7642270002034,312.11,3.766,50.88822700020336,0.7692270002033865,50.11899999999997,0.0
S00009,IoT-GW,edge-A,edge,83,DONE,2.70236,2.98094,278.5770640002738,278.5770640002738,199.946,1.075,77.55606400027384,0.6270640002738332,76.929,0.0
S00008,Transcoder,core-1,core,49,DONE,2.70934,2.73503,25.694782999835297,25.694782999835297,0.093,10.788,2.813782999835297,1.9617829998352967,0.8520000000000003,12.0
S00008,Transcoder,core-1,core,50,DONE,2.7139,2.73763,23.735247000331583,23.735247000331583,0.128,7.754,3.8532470003315833,2.198247000331582,1.6550000000000011,12.0
S00004,UPF,edge-B,edge,102,DONE,2.72095,3.14695,425.99680800003625,425.99680800003625,316.028,83.461,26.50780800003622,1.6438080000362447,24.863999999999976,0.0
S00010,IoT-GW,edge-B,edge,75,DONE,2.72254,3.74644,1023.906098000225,1023.906098000225,925.189,73.929,24.78809800022509,0.601098000225079,24.187000000000012,0.0
S00006,IMS-CSCF,edge-B,edge,85,DONE,2.72487,3.16492,440.05192099984924,440.05192099984924,414.479,3.399,22.17392099984926,0.5909209998492315,21.583000000000027,0.0
S00001,vRAN-DU,edge-A,edge,71,DONE,2.73026,2.7916,61.340868000115734,61.340868000115734,0.386,11.067,49.88786800011573,0.6838680001157371,49.20399999999999,0.0
S00009,IoT-GW,edge-A,edge,84,DONE,2.73261,2.98811,255.50296999972488,255.50296999972488,207.453,0.79,47.25996999972489,0.45096999972489016,46.809,0.0
S00001,vRAN-DU,edge-A,edge,72,DONE,2.73639,2.80057,64.18048100022133,64.18048100022133,9.489,11.04,43.65148100022134,0.6934810002213325,42.958,0.0
S00004,UPF,edge-B,edge,103,DONE,2.73778,3.14968,411.90227100014454,411.90227100014454,399.867,2.863,9.17227100014452,0.6592710001445425,8.512999999999977,0.0
S00008,Transcoder,core-1,core,51,DONE,2.73936,2.77008,30.71766099992601,30.71766099992601,0.113,15.12,3.484660999926012,1.8966609999260093,1.5880000000000027,12.0
S00003,UPF,edge-A,edge,98,DONE,2.73952,2.87933,139.80388900017715,139.80388900017715,95.999,2.771,41.033889000177155,1.1178890001771435,39.91600000000001,0.0
S00001,vRAN-DU,edge-A,edge,73,DONE,2.74088,2.79913,58.25018999985332,58.25018999985332,14.736,2.865,40.64918999985332,0.6451899998533221,40.004,0.0
S00010,IoT-GW,edge-B,edge,76,EXPIRED,2.74102,3.74781,,,1000.852,,,,,
S00001,vRAN-DU,edge-A,edge,74,DONE,2.7411,2.87696,135.86613000006764,135.86613000006764,92.144,4.849,38.87313000006763,0.5721300000676308,38.301,0.0
S00001,vRAN-DU,edge-A,edge,75,DONE,2.74743,2.87591,128.47841299981155,128.47841299981155,93.295,2.526,32.657412999811555,0.6384129998115498,32.019000000000005,0.0
S00003,UPF,edge-A,edge,99,DONE,2.75429,2.88395,129.66006799979368,129.66006799979368,98.872,3.622,27.166067999793682,2.6530679997936772,24.513000000000005,0.0
S00004,UPF,edge-B,edge,104,DONE,2.75451,3.15294,398.4290419998615,398.4290419998615,393.872,2.464,2.093041999861498,0.8910419998614998,1.2019999999999982,0.0
S00005,IMS-CSCF,edge-A,edge,81,DONE,2.75755,2.98803,230.47839299988482,230.47839299988482,205.823,1.454,23.201392999884803,0.5843929998848125,22.61699999999999,0.0
S00002,vRAN-DU,edge-B,edge,75,DONE,2.75786,2.76253,4.666594999889639,4.666594999889639,0.607,2.435,1.6245949998896396,0.8245949998896394,0.8000000000000003,0.0
S00008,Transcoder,core-1,core,52,DONE,2.76669,2.7979,31.209888999910618,31.209888999910618,0.328,16.736,2.1458889999106177,1.1698889999106186,0.9759999999999991,12.0
S00007,Transcoder,core-1,core,41,DONE,2.77547,2.80495,29.47370099991531,29.47370099991531,0.092,12.907,6.4747009999153065,4.374700999915309,2.0999999999999996,10.0
S00003,UPF,edge-A,edge,100,DONE,2.77739,2.88683,109.4446950000929,109.4446950000929,104.907,1.968,2.5696950000929064,0.7576950000929088,1.8119999999999976,0.0
S00010,IoT-GW,edge-B,edge,77,DONE,2.77767,3.75464,976.9749139995838,976.9749139995838,906.215,0.888,69.87191399958374,0.5829139995837522,69.28899999999999,0.0
S00003,UPF,edge-A,edge,101,DONE,2.78111,2.89,108.89566900004866,108.89566900004866,101.317,1.648,5.930669000048667,1.9186690000486522,4.012000000000015,0.0
S00006,IMS-CSCF,edge-B,edge,86,DONE,2.78256,3.25709,474.5295860002443,474.5295860002443,400.629,8.948,64.95258600024431,3.8095860002442805,61.14300000000003,0.0
S00003,UPF,edge-A,edge,102,DONE,2.79695,2.98229,185.34011400015515,185.34011400015515,176.924,4.396,4.020114000155161,2.082114000155144,1.9380000000000166,0.0
S00007,Transcoder,core-1,core,42,DONE,2.79791,2.81721,19.299660999877233,19.299660999877233,0.101,6.638,2.560660999877232,1.9536609998772327,0.6070000000000002,10.0
S00001,vRAN-DU,edge-A,edge,76,DONE,2.79802,2.87973,81.71304899997267,81.71304899997267,76.585,2.683,2.44504899997267,1.0830489999726751,1.3619999999999948,0.0
S00007,Transcoder,core-1,core,43,DONE,2.80182,2.82386,22.042680000140535,22.042680000140535,0.089,6.884,5.069680000140535,4.158680000140535,0.9109999999999996,10.0
S00001,vRAN-DU,edge-A,edge,77,DONE,2.80409,2.88429,80.19386400019357,80.19386400019357,8.178,3.022,68.99386400019357,0.7708640001935692,68.223,0.0
S00002,vRAN-DU,edge-B,edge,76,DONE,2.81398,2.85275,38.76885799991214,38.76885799991214,2.138,2.672,33.95885799991214,0.5308579999121434,33.428,0.0
S00002,vRAN-DU,edge-B,edge,77,DONE,2.81413,2.85673,42.60053100006189,42.60053100006189,5.741,3.242,33.61753100006189,1.6555310000618917,31.962,0.0
S00003,UPF,edge-A,edge,103,DONE,2.81947,2.9851,165.62805500007016,165.62805500007016,108.765,3.182,53.68105500007016,0.45105500007016985,53.22999999999999,0.0
S00006,IMS-CSCF,edge-B,edge,87,DONE,2.81958,3.26195,442.3675070001991,442.3675070001991,412.427,1.813,28.127507000199103,0.5885070001991153,27.538999999999987,0.0
S00007,Transcoder,core-1,core,44,DONE,2.8219,2.84562,23.715502999948512,23.715502999948512,0.091,7.863,5.761502999948512,4.973502999948511,0.7880000000000003,10.0
S00002,vRAN-DU,edge-B,edge,78,DONE,2.82321,2.86085,37.64508799986288,37.64508799986288,9.432,3.628,24.58508799986288,0.49008799986287954,24.095,0.0
S00006,IMS-CSCF,edge-B,edge,88,DONE,2.82511,3.27468,449.56808400002046,449.56808400002046,419.698,6.887,22.983084000020483,0.5540840000204525,22.42900000000003,0.0
S00001,vRAN-DU,edge-A,edge,78,DONE,2.82525,2.88614,60.896861999935936,60.896861999935936,9.56,3.254,48.082861999935936,0.5508619999359397,47.532,0.0
S00009,IoT-GW,edge-A,edge,85,DONE,2.82878,2.99311,164.33669099978943,164.33669099978943,118.457,1.465,44.41469099978943,0.7856909997894377,43.62899999999999,0.0
S00004,UPF,edge-B,edge,105,DONE,2.83112,3.15562,324.50231300026644,324.50231300026644,304.762,2.762,16.97831300026644,0.5913130002664388,16.387,0.0
S00007,Transcoder,core-1,core,45,DONE,2.83246,2.85352,21.053314999790018,21.053314999790018,0.098,6.843,4.112314999790019,3.473314999790018,0.6390000000000002,10.0
S00003,UPF,edge-A,edge,104,DONE,2.83257,3.0751,242.53144700014673,242.53144700014673,112.163,89.146,41.22244700014673,2.011447000146717,39.21100000000001,0.0
S00001,vRAN-DU,edge-A,edge,79,DONE,2.84292,2.97581,132.8853839995645,132.8853839995645,13.738,87.489,31.658383999564506,3.481383999564514,28.176999999999992,0.0
S00002,vRAN-DU,edge-B,edge,79,DONE,2.84431,2.86585,21.542871999827184,21.542871999827184,13.303,4.604,3.6358719998271845,0.6598719998271854,2.975999999999999,0.0
S00009,IoT-GW,edge-A,edge,86,DONE,2.84442,3.09081,246.3890040003207,246.3890040003207,216.624,1.094,28.67100400032072,1.0610040003207075,27.610000000000014,0.0
S00006,IMS-CSCF,edge-B,edge,89,DONE,2.84563,3.3496,503.9620479997211,503.9620479997211,427.577,73.796,2.5890479997211173,0.7870479997210964,1.802000000000021,0.0
S00001,vRAN-DU,edge-A,edge,80,DONE,2.8457,2.97721,131.50832600013018,131.50832600013018,98.988,5.02,27.500326000130187,0.6503260001301783,26.85000000000001,0.0
S00004,UPF,edge-B,edge,106,DONE,2.84749,3.15795,310.4680339997685,310.4680339997685,306.709,2.565,1.1940339997685214,0.4940339997685328,0.6999999999999886,0.0
S00010,IoT-GW,edge-B,edge,78,DONE,2.84997,3.84736,997.3925500003133,997.3925500003133,913.643,80.775,2.974550000313343,1.7355500003133102,1.2390000000000327,0.0
S00004,UPF,edge-B,edge,107,DONE,2.86596,3.16306,297.1018989996992,297.1018989996992,212.019,2.722,82.36089899969917,0.4488989996991677,81.912,0.0
S00010,IoT-GW,edge-B,edge,79,DONE,2.87476,3.85185,977.0978550000109,977.0978550000109,904.32,0.927,71.85085500001082,0.4848550000108389,71.36599999999999,0.0
S00002,vRAN-DU,edge-B,edge,80,DONE,2.87592,2.95484,78.91824700027428,78.91824700027428,4.352,3.758,70.80824700027428,0.5002470002742712,70.308,0.0
S00002,vRAN-DU,edge-B,edge,81,DONE,2.87933,2.96086,81.5208829999392,81.5208829999392,8.23,5.944,67.3468829999392,0.37688299993919827,66.97,0.0
S00009,IoT-GW,edge-A,edge,87,DONE,2.88108,3.09199,210.9082980000494,210.9082980000494,208.811,0.782,1.3152980000493812,0.7772980000493988,0.5379999999999825,0.0
S00009,IoT-GW,edge-A,edge,88,DONE,2.88397,3.09621,212.23239300024943,212.23239300024943,207.391,1.166,3.675393000249443,0.6663930002494283,3.0090000000000146,0.0
S00009,IoT-GW,edge-A,edge,89,DONE,2.88684,3.0963,209.45400599975983,209.45400599975983,205.582,0.882,2.9900059997598305,0.5760059997598432,2.4139999999999873,0.0
S00008,Transcoder,core-1,core,53,DONE,2.89327,2.91511,21.843075000106182,21.843075000106182,0.084,6.952,2.807075000106183,2.089075000106183,0.718,12.0
S00010,IoT-GW,edge-B,edge,80,DONE,2.89562,3.85694,961.3128599999072,961.3128599999072,909.13,1.088,51.09485999990727,0.5118599999071876,50.583000000000084,0.0
S00006,IMS-CSCF,edge-B,edge,90,DONE,2.89573,3.35605,460.3255590000117,460.3255590000117,406.886,1.946,51.49355900001166,0.8335590000116895,50.65999999999997,0.0
S00010,IoT-GW,edge-B,edge,81,DONE,2.89796,3.94756,1049.6014489999652,1049.6014489999652,914.855,85.865,48.88144899996519,0.596448999965105,48.28500000000008,0.0
S00007,Transcoder,core-1,core,46,DONE,2.90436,2.92396,19.597087999954965,19.597087999954965,0.076,6.243,3.278087999954966,2.5470879999549645,0.7309999999999999,10.0
S00004,UPF,edge-B,edge,108,DONE,2.9045,3.25082,346.3216979998833,346.3216979998833,215.856,85.636,44.829697999883365,1.489697999883333,43.34000000000003,0.0
S00001,vRAN-DU,edge-A,edge,81,DONE,2.90878,2.97809,69.30413700001736,69.30413700001736,2.516,3.425,63.36313700001736,0.6081370000173649,62.754999999999995,0.0
S00008,Transcoder,core-1,core,54,DONE,2.90896,2.93028,21.32251900002302,21.32251900002302,0.089,6.738,2.4955190000230196,1.8005190000230211,0.6949999999999994,12.0
S00006,IMS-CSCF,edge-B,edge,91,DONE,2.91223,3.35991,447.6754739998796,447.6754739998796,409.088,4.043,34.544473999879585,0.5084739998796408,34.035999999999945,0.0
S00010,IoT-GW,edge-B,edge,82,EXPIRED,2.91351,3.94789,,,1000.681,,,,,
S00005,IMS-CSCF,edge-A,edge,82,DONE,2.9179,2.98956,71.65996900039318,71.65996900039318,16.116,1.294,54.24996900039318,0.6589690003931707,53.59100000000001,0.0
S00009,IoT-GW,edge-A,edge,90,DONE,2.92018,3.09632,176.14433500011728,176.14433500011728,122.871,0.723,52.550335000117286,0.5013350001172796,52.04900000000001,0.0
S00005,IMS-CSCF,edge-A,edge,83,DONE,2.93254,2.99172,59.181910999996035,59.181910999996035,17.586,1.665,39.93091099999604,0.8559109999960341,39.075,0.0
S00005,IMS-CSCF,edge-A,edge,84,DONE,2.93488,3.07477,139.89654100032567,139.89654100032567,21.099,81.201,37.59654100032567,0.5475410003256798,37.04899999999999,0.0
S00004,UPF,edge-B,edge,109,DONE,2.93724,3.25623,318.9900709999165,318.9900709999165,304.775,2.042,12.173070999916547,0.7490709999165119,11.424000000000035,0.0
S00003,UPF,edge-A,edge,105,DONE,2.93735,3.08167,144.31769900011204,144.31769900011204,105.809,1.891,36.61769900011204,0.8396990001120344,35.778000000000006,0.0
S00005,IMS-CSCF,edge-A,edge,85,DONE,2.94966,3.08973,140.07172700030424,140.07172700030424,114.496,2.774,22.80172700030424,1.257727000304243,21.543999999999997,0.0
S00006,IMS-CSCF,edge-B,edge,92,DONE,2.95192,3.36309,411.166331000004,411.166331000004,408.176,1.878,1.1123310000040192,0.5303310000039687,0.5820000000000505,0.0
S00009,IoT-GW,edge-A,edge,91,DONE,2.95392,3.17494,221.0258589998375,221.0258589998375,123.718,76.546,20.7618589998375,0.5468589998374966,20.215000000000003,0.0
S00008,Transcoder,core-1,core,55,DONE,2.95601,2.98443,28.416292000201793,28.416292000201793,0.082,9.756,6.578292000201792,5.255292000201791,1.3229999999999986,12.0
S00009,IoT-GW,edge-A,edge,92,DONE,2.95791,3.17835,220.43847399982042,220.43847399982042,201.562,1.725,17.15147399982041,1.1674739998204302,15.98399999999998,0.0
S00010,IoT-GW,edge-B,edge,83,DONE,2.9603,3.94982,989.5252329997675,989.5252329997675,986.82,1.918,0.7872329997674115,0.4922329997674524,0.2949999999999591,0.0
S00010,IoT-GW,edge-B,edge,84,EXPIRED,2.96038,3.9634,,,1001.792,,,,,
S00005,IMS-CSCF,edge-A,edge,86,DONE,2.97059,3.09265,122.05966400006218,122.05966400006218,118.313,2.09,1.6566640000621788,0.6206640000621917,1.0359999999999872,0.0
S00005,IMS-CSCF,edge-A,edge,87,DONE,2.97583,3.09622,120.39403200014931,120.39403200014931,115.838,1.813,2.743032000149313,0.4460320001493159,2.296999999999997,0.0
S00006,IMS-CSCF,edge-B,edge,93,DONE,2.97594,3.3656,389.659875000234,389.659875000234,386.141,2.32,1.1988750002340112,0.3548750002340171,0.8439999999999941,0.0
S00009,IoT-GW,edge-A,edge,93,DONE,2.98444,3.18697,202.53084699970714,202.53084699970714,198.365,0.784,3.381846999707136,0.419846999707147,2.961999999999989,0.0
S00010,IoT-GW,edge-B,edge,85,DONE,2.99077,3.96905,978.2788170000458,978.2788170000458,975.836,0.916,1.526817000045753,0.8878170000458567,0.6389999999998963,0.0
S00010,IoT-GW,edge-B,edge,86,EXPIRED,2.99892,4.04724,,,1000.017,,,,,
S00007,Transcoder,core-1,core,47,DONE,2.99906,3.01929,20.231739999871934,20.231739999871934,0.096,6.892,3.2437399998719343,2.574739999871934,0.6689999999999996,10.0
S00009,IoT-GW,edge-A,edge,94,DONE,3.00136,3.18823,186.86265699989235,186.86265699989235,112.028,0.663,74.17165699989235,1.0256569998923624,73.14599999999999,0.0
S00005,IMS-CSCF,edge-A,edge,88,DONE,3.00149,3.17455,173.06735300007858,173.06735300007858,21.812,77.564,73.69135300007859,0.702353000078574,72.98900000000002,0.0
S00010,IoT-GW,edge-B,edge,87,EXPIRED,3.00154,4.04726,,,1000.004,,,,,
S00008,Transcoder,core-1,core,56,DONE,3.00484,3.02553,20.698202999938076,20.698202999938076,0.125,6.398,2.175202999938076,1.4062029999380758,0.7690000000000001,12.0
S00009,IoT-GW,edge-A,edge,95,DONE,3.01524,3.18825,173.01526300025216,173.01526300025216,112.798,1.118,59.099263000252165,0.5962630002521507,58.503000000000014,0.0
S00002,vRAN-DU,edge-B,edge,82,DONE,3.01565,3.05078,35.12968400036698,35.12968400036698,0.983,3.576,30.570684000366978,0.41168400036697506,30.159000000000002,0.0
S00004,UPF,edge-B,edge,110,DONE,3.019,3.26135,242.34605000037845,242.34605000037845,211.638,3.045,27.663050000378462,1.0420500003784525,26.62100000000001,0.0
S00009,IoT-GW,edge-A,edge,96,DONE,3.02048,3.18826,167.78445199997805,167.78445199997805,114.021,1.006,52.757451999978045,0.5304519999780553,52.22699999999999,0.0
S00002,vRAN-DU,edge-B,edge,83,DONE,3.02275,3.05392,31.170850999842514,31.170850999842514,4.763,2.576,23.831850999842516,0.6168509998425158,23.214999999999996,0.0
S00005,IMS-CSCF,edge-A,edge,89,DONE,3.024,3.17832,154.3239900001936,154.3239900001936,99.686,2.182,52.45599000019358,1.159990000193602,51.29599999999998,0.0
S00002,vRAN-DU,edge-B,edge,84,DONE,3.02898,3.05747,28.492530999756127,28.492530999756127,7.589,3.431,17.472530999756128,0.7285309997561278,16.744,0.0
S00006,IMS-CSCF,edge-B,edge,94,DONE,3.02913,3.3695,340.3702790001262,340.3702790001262,319.896,3.039,17.435279000126172,0.7182790001261878,16.716999999999985,0.0
S00002,vRAN-DU,edge-B,edge,85,DONE,3.02923,3.06043,31.20326299995213,31.20326299995213,11.201,2.847,17.15526299995213,0.6622629999521301,16.493000000000002,0.0
S00010,IoT-GW,edge-B,edge,88,EXPIRED,3.03654,4.0473,,,1000.456,,,,,
S00010,IoT-GW,edge-B,edge,89,EXPIRED,3.03674,4.04731,,,1000.453,,,,,
S00006,IMS-CSCF,edge-B,edge,95,DONE,3.0379,3.37218,334.28269899968654,334.28269899968654,323.263,1.87,9.149698999686564,0.9056989996865354,8.244000000000028,0.0
S00009,IoT-GW,edge-A,edge,97,DONE,3.04427,3.19035,146.07780200003617,146.07780200003617,115.142,1.63,29.30580200003618,0.7938020000361803,28.512,0.0
S00005,IMS-CSCF,edge-A,edge,90,DONE,3.04443,3.17879,134.35613000001467,134.35613000001467,104.44,1.04,28.87613000001467,0.660130000014675,28.215999999999994,0.0
S00001,vRAN-DU,edge-A,edge,82,DONE,3.04452,3.08308,38.55924900017271,38.55924900017271,1.696,7.684,29.17924900017271,0.8882490001727135,28.290999999999997,0.0
S00005,IMS-CSCF,edge-A,edge,91,DONE,3.04463,3.18824,143.6081159999958,143.6081159999958,109.587,3.453,30.568115999995783,0.9711159999957886,29.596999999999994,0.0
S00001,vRAN-DU,edge-A,edge,83,DONE,3.05729,3.08729,30.00215499969272,30.00215499969272,6.987,6.381,16.63415499969272,0.5791549996927223,16.055,0.0
S00007,Transcoder,core-1,core,48,DONE,3.06389,3.08307,19.17439699991519,19.17439699991519,0.072,6.335,2.7673969999151886,1.9793969999151884,0.7880000000000003,10.0
S00001,vRAN-DU,edge-A,edge,84,DONE,3.06399,3.08951,25.516994000099658,25.516994000099658,12.007,4.309,9.200994000099659,0.49099400009965777,8.71,0.0
S00003,UPF,edge-A,edge,106,DONE,3.06624,3.08547,19.229436999921745,19.229436999921745,9.632,2.161,7.436436999921746,0.9964369999217446,6.440000000000001,0.0
S00004,UPF,edge-B,edge,111,DONE,3.07291,3.26463,191.72647100003815,191.72647100003815,112.027,2.773,76.92647100003815,1.2124710000381356,75.71400000000001,0.0
S00006,IMS-CSCF,edge-B,edge,96,DONE,3.07734,3.44728,369.9441610001486,369.9441610001486,223.009,74.835,72.1001610001486,0.6451610001486188,71.45499999999998,0.0
S00004,UPF,edge-B,edge,112,DONE,3.08168,3.26745,185.76303500003633,185.76303500003633,115.322,3.01,67.43103500003632,1.8700350000363244,65.56099999999999,0.0
S00009,IoT-GW,edge-A,edge,98,DONE,3.09404,3.27993,185.88610100005099,185.88610100005099,97.741,7.8,80.34510100005099,2.2871010000509955,78.05799999999999,0.0
S00010,IoT-GW,edge-B,edge,90,DONE,3.10059,4.05267,952.0805429997381,952.0805429997381,902.916,0.688,48.47654299973806,0.44554299973810885,48.03099999999995,0.0
S00005,IMS-CSCF,edge-A,edge,92,DONE,3.10101,3.19023,89.21487800034811,89.21487800034811,12.767,1.766,74.6818780003481,0.6448780003481147,74.03699999999999,0.0
S00010,IoT-GW,edge-B,edge,91,DONE,3.10329,4.06627,962.9784139997355,962.9784139997355,913.806,2.348,46.8244139997355,0.6294139997354478,46.19500000000005,0.0
S00001,vRAN-DU,edge-A,edge,85,DONE,3.10339,3.18254,79.15510600014386,79.15510600014386,1.266,7.212,70.67710600014387,0.47310600014385784,70.20400000000001,0.0
S00009,IoT-GW,edge-A,edge,99,DONE,3.10665,3.29436,187.7130699999725,187.7130699999725,117.216,2.574,67.92306999997251,1.017069999972506,66.906,0.0
S00004,UPF,edge-B,edge,113,DONE,3.10994,3.2741,164.15921800034994,164.15921800034994,118.72,5.329,40.110218000349946,1.3942180003499516,38.715999999999994,0.0
S00006,IMS-CSCF,edge-B,edge,97,DONE,3.11002,3.45155,341.5246810000099,341.5246810000099,300.336,2.005,39.18368100000987,0.7686810000099058,38.414999999999964,0.0
S00010,IoT-GW,edge-B,edge,92,DONE,3.11233,4.14796,1035.6298919996334,1035.6298919996334,916.396,81.801,37.4328919996334,0.5598919996334644,36.872999999999934,0.0
S00001,vRAN-DU,edge-A,edge,86,DONE,3.12487,3.18112,56.25100499992186,56.25100499992186,4.712,2.317,49.222004999921865,0.7760049999218595,48.446,0.0
S00006,IMS-CSCF,edge-B,edge,98,DONE,3.12508,3.45354,328.46222099988154,328.46222099988154,302.603,1.624,24.235220999881506,0.6092209998815292,23.625999999999976,0.0
S00009,IoT-GW,edge-A,edge,100,DONE,3.13151,3.29534,163.83067200013102,163.83067200013102,120.291,0.86,42.67967200013102,0.7096720001310075,41.97000000000001,0.0
S00006,IMS-CSCF,edge-B,edge,99,DONE,3.13588,3.45543,319.54715999972905,319.54715999972905,304.404,1.86,13.283159999729037,0.5861599997290341,12.697000000000003,0.0
S00009,IoT-GW,edge-A,edge,101,DONE,3.15207,3.29825,146.18269999982658,146.18269999982658,121.732,2.303,22.147699999826585,0.8636999998265935,21.283999999999992,0.0
S00005,IMS-CSCF,edge-A,edge,93,DONE,3.15357,3.19037,36.79998300003717,36.79998300003717,14.666,1.158,20.975983000037175,0.4609830000371744,20.515,0.0
S00009,IoT-GW,edge-A,edge,102,DONE,3.15392,3.37571,221.7939080001088,221.7939080001088,131.119,70.42,20.2549080001088,1.455908000108792,18.799000000000007,0.0
S00005,IMS-CSCF,edge-A,edge,94,DONE,3.15565,3.27794,122.2915200000898,122.2915200000898,15.972,85.703,20.616520000089807,2.483520000089797,18.13300000000001,0.0
S00003,UPF,edge-A,edge,107,DONE,3.15576,3.17839,22.631614000147238,22.631614000147238,1.683,1.649,19.299614000147237,0.9236140001472393,18.375999999999998,0.0
S00006,IMS-CSCF,edge-B,edge,100,DONE,3.15693,3.45826,301.328072999695,301.328072999695,297.188,2.311,1.829072999695029,0.4670729996950058,1.3620000000000232,0.0
S00009,IoT-GW,edge-A,edge,103,DONE,3.16237,3.38491,222.53477999993265,222.53477999993265,207.91,2.795,11.829779999932668,0.5557799999326392,11.27400000000003,0.0
S00010,IoT-GW,edge-B,edge,93,DONE,3.16307,4.15051,987.4347420000049,987.4347420000049,983.733,2.598,1.1037420000050133,0.5017420000049242,0.6020000000000891,0.0
S00005,IMS-CSCF,edge-A,edge,95,DONE,3.16924,3.28422,114.98388099971635,114.98388099971635,108.628,1.404,4.9518809997163515,0.6948809997163465,4.257000000000005,0.0
S00001,vRAN-DU,edge-A,edge,87,DONE,3.17062,3.18671,16.092187000140257,16.092187000140257,7.171,2.798,6.1231870001402555,0.44218700014025636,5.680999999999999,0.0
S00010,IoT-GW,edge-B,edge,94,DONE,3.17206,4.15505,982.9877930001203,982.9877930001203,902.549,1.089,79.34979300012026,0.6057930001203431,78.74399999999991,0.0
S00004,UPF,edge-B,edge,114,DONE,3.17889,3.34779,168.894451000142,168.894451000142,22.394,73.01,73.490451000142,0.7864510001419944,72.70400000000001,0.0
S00006,IMS-CSCF,edge-B,edge,101,DONE,3.18025,3.46044,280.19866199974786,280.19866199974786,206.978,2.165,71.05566199974785,0.35666199974787105,70.69899999999998,0.0
S00005,IMS-CSCF,edge-A,edge,96,DONE,3.18376,3.29995,116.18697600033556,116.18697600033556,99.811,9.967,6.4089760003355565,4.127976000335565,2.2809999999999917,0.0
S00010,IoT-GW,edge-B,edge,95,DONE,3.18605,4.25187,1065.8277490001637,1065.8277490001637,997.036,2.201,66.59074900016378,1.667749000163667,64.92300000000012,0.0
S00005,IMS-CSCF,edge-A,edge,97,DONE,3.18833,3.30144,113.11400399972626,113.11400399972626,25.624,1.066,86.42400399972627,2.015003999726261,84.409,0.0
S00007,Transcoder,core-1,core,49,DONE,3.19024,3.2081,17.860741000276903,17.860741000276903,0.089,6.297,1.4747410002769037,0.8147410002769035,0.6600000000000001,10.0
S00005,IMS-CSCF,edge-A,edge,98,DONE,3.19668,3.30373,107.05084600022019,107.05084600022019,26.824,2.192,78.03484600022018,0.516846000220184,77.518,0.0
S00001,vRAN-DU,edge-A,edge,88,DONE,3.19896,3.28265,83.69391199994425,83.69391199994425,1.32,6.525,75.84891199994425,0.4149119999442519,75.434,0.0
S00007,Transcoder,core-1,core,50,DONE,3.21032,3.22896,18.647783000233176,18.647783000233176,0.153,6.53,1.9647830002331759,1.2387830002331768,0.726,10.0
S00009,IoT-GW,edge-A,edge,104,DONE,3.21664,3.39063,173.98987999968085,173.98987999968085,114.643,1.376,57.97087999968085,0.39987999968084864,57.571,0.0
S00010,IoT-GW,edge-B,edge,96,EXPIRED,3.21942,4.25363,,,1002.189,,,,,
S00006,IMS-CSCF,edge-B,edge,102,DONE,3.22004,3.46324,243.19285499996113,243.19285499996113,209.555,2.238,31.39985499996112,0.4978549999611346,30.901999999999987,0.0
S00010,IoT-GW,edge-B,edge,97,EXPIRED,3.22164,4.25375,,,1002.178,,,,,
S00005,IMS-CSCF,edge-A,edge,99,DONE,3.22202,3.37496,152.93678399984856,152.93678399984856,29.14,70.658,53.138783999848556,0.5577839998485672,52.58099999999999,0.0
S00008,Transcoder,core-1,core,57,DONE,3.22255,3.24356,21.005948000038188,21.005948000038188,0.09,6.408,2.507948000038187,1.8029480000381888,0.7050000000000001,12.0
S00006,IMS-CSCF,edge-B,edge,103,DONE,3.23328,3.46509,231.80687200010652,231.80687200010652,211.954,1.592,18.260872000106502,0.7308720001065296,17.529999999999973,0.0
S00007,Transcoder,core-1,core,51,DONE,3.23769,3.25934,21.654475000104867,21.654475000104867,0.087,8.335,3.2324750001048663,2.2614750001048662,0.9710000000000001,10.0
S00003,UPF,edge-A,edge,108,DONE,3.24022,3.28836,48.14945899988743,48.14945899988743,5.146,8.31,34.693458999887426,0.4494589998874261,34.244,0.0
S00009,IoT-GW,edge-A,edge,105,DONE,3.24065,3.39182,151.1675820001983,151.1675820001983,116.149,1.019,33.9995820001983,0.43658200019831384,33.56299999999999,0.0
S00002,vRAN-DU,edge-B,edge,86,DONE,3.24075,3.25958,18.835101000149734,18.835101000149734,2.444,5.675,10.716101000149735,0.44110100014973597,10.274999999999999,0.0
S00009,IoT-GW,edge-A,edge,106,DONE,3.24683,3.39279,145.95228600001064,145.95228600001064,117.306,0.932,27.714286000010645,0.48028600001063637,27.23400000000001,0.0
S00007,Transcoder,core-1,core,52,DONE,3.25624,3.29549,39.24763199984227,39.24763199984227,0.094,26.154,2.9996319998422685,1.543631999842269,1.4559999999999995,10.0
S00006,IMS-CSCF,edge-B,edge,104,DONE,3.25634,3.54742,291.07841599989115,291.07841599989115,207.381,81.623,2.07441599989113,0.6194159998911459,1.454999999999984,0.0
S00003,UPF,edge-A,edge,109,DONE,3.2571,3.29079,33.68522299979304,33.68522299979304,13.591,2.56,17.53422299979304,0.5002229997930385,17.034000000000002,0.0
S00007,Transcoder,core-1,core,53,DONE,3.2584,3.3075,49.09566299966173,49.09566299966173,0.12,28.844,10.131662999661724,2.1376629996617282,7.993999999999996,10.0
S00010,IoT-GW,edge-B,edge,98,DONE,3.26202,4.2623,1000.2772610000648,1000.2772610000648,993.573,4.023,2.681261000064751,1.4432610000648083,1.2379999999999427,0.0
S00008,Transcoder,core-1,core,58,DONE,3.26465,3.30882,44.16464299993095,44.16464299993095,0.084,26.429,5.651642999930949,1.4436429999309475,4.208000000000002,12.0
S00001,vRAN-DU,edge-A,edge,89,DONE,3.26477,3.28832,23.547515999780444,23.547515999780444,9.567,3.612,10.368515999780444,0.5725159997804425,9.796000000000001,0.0
S00010,IoT-GW,edge-B,edge,99,DONE,3.26637,4.26472,998.3482789998561,998.3482789998561,994.292,2.603,1.4532789998561384,0.4132789998561748,1.0399999999999636,0.0
S00007,Transcoder,core-1,core,54,DONE,3.27411,3.3132,39.093455000056565,39.093455000056565,7.046,17.862,4.185455000056567,1.7394550000565658,2.4460000000000015,10.0
S00005,IMS-CSCF,edge-A,edge,100,DONE,3.27918,3.37958,100.39718899997752,100.39718899997752,94.376,4.414,1.6071889999775095,0.8851889999775153,0.7219999999999942,0.0
S00003,UPF,edge-A,edge,110,DONE,3.29534,3.30556,10.219702999620495,10.219702999620495,1.372,6.157,2.6907029996204948,1.7147029996204939,0.9760000000000009,0.0
S00001,vRAN-DU,edge-A,edge,90,DONE,3.30883,3.37956,70.73322400037796,70.73322400037796,0.806,3.661,66.26622400037796,0.5562240003779522,65.71000000000001,0.0
S00010,IoT-GW,edge-B,edge,100,EXPIRED,3.30895,4.34865,,,1000.897,,,,,
S00009,IoT-GW,edge-A,edge,107,DONE,3.30943,3.39402,84.5920350002416,84.5920350002416,18.078,0.71,65.8040350002416,0.6660350002415925,65.138,0.0
S00007,Transcoder,core-1,core,55,DONE,3.31439,3.33375,19.362800999715546,19.362800999715546,0.091,7.171,2.1008009997155455,1.3218009997155455,0.7789999999999999,10.0
S00004,UPF,edge-B,edge,115,DONE,3.32483,3.35607,31.24851100028536,31.24851100028536,3.952,4.184,23.112511000285362,0.9895110002853613,22.123,0.0
S00006,IMS-CSCF,edge-B,edge,105,DONE,3.32503,3.55225,227.21289799983424,227.21289799983424,203.179,1.713,22.320897999834244,0.689897999834244,21.631,0.0
S00002,vRAN-DU,edge-B,edge,87,DONE,3.328,3.35364,25.64124399987122,25.64124399987122,1.906,4.017,19.71824399987122,0.7552439998712224,18.963,0.0
S00006,IMS-CSCF,edge-B,edge,106,DONE,3.33258,3.58396,251.37602699987838,251.37602699987838,212.432,21.409,17.535026999878397,3.438026999878389,14.097000000000008,0.0
S00010,IoT-GW,edge-B,edge,101,EXPIRED,3.34137,4.34872,,,1000.841,,,,,
S00003,UPF,edge-A,edge,111,DONE,3.34497,3.38195,36.983519999921555,36.983519999921555,4.742,2.037,30.204519999921555,0.7655199999215512,29.439000000000004,0.0
S00005,IMS-CSCF,edge-A,edge,101,DONE,3.3478,3.38194,34.13172899990968,34.13172899990968,4.898,1.832,27.401728999909682,0.769728999909681,26.632,0.0
S00006,IMS-CSCF,edge-B,edge,107,DONE,3.35057,3.65594,305.36904800010234,305.36904800010234,301.899,1.976,1.4940480001023388,0.7050480001023516,0.7889999999999873,0.0
S00004,UPF,edge-B,edge,116,DONE,3.35609,3.36559,9.501928000190674,9.501928000190674,3.124,4.428,1.949928000190674,0.9639280001906734,0.9860000000000007,0.0
S00003,UPF,edge-A,edge,112,DONE,3.36441,3.38712,22.702339999796095,22.702339999796095,10.009,1.928,10.765339999796094,0.6543399997960968,10.110999999999997,0.0
S00005,IMS-CSCF,edge-A,edge,102,DONE,3.36684,3.38776,20.928479000303923,20.928479000303923,10.043,2.77,8.115479000303925,0.5434790003039218,7.572000000000003,0.0
S00001,vRAN-DU,edge-A,edge,91,DONE,3.37219,3.38492,12.730428999930155,12.730428999930155,7.107,2.662,2.9614289999301544,0.5304289999301552,2.430999999999999,0.0
S00003,UPF,edge-A,edge,113,DONE,3.37504,3.38984,14.80794499957483,14.80794499957483,11.021,2.584,1.2029449995748287,0.6289449995748289,0.5739999999999998,0.0
S00005,IMS-CSCF,edge-A,edge,103,DONE,3.37572,3.38962,13.894998000068881,13.894998000068881,8.808,1.175,3.9119980000688805,2.939998000068881,0.9719999999999995,0.0
S00002,vRAN-DU,edge-B,edge,88,DONE,3.38963,3.45019,60.56650600021385,60.56650600021385,0.61,2.835,57.12150600021385,0.6245060002138487,56.497,0.0
S00010,IoT-GW,edge-B,edge,102,DONE,3.39063,4.35384,963.2019079999736,963.2019079999736,901.94,3.336,57.92590799997356,2.4169079999736596,55.5089999999999,0.0
S00005,IMS-CSCF,edge-A,edge,104,DONE,3.39629,3.47497,78.67782099992837,78.67782099992837,0.081,77.579,1.0178209999283752,0.4778209999283689,0.5400000000000063,0.0
S00005,IMS-CSCF,edge-A,edge,105,DONE,3.39642,3.48421,87.79194599992479,87.79194599992479,82.624,2.684,2.4839459999247993,0.5799459999247887,1.9040000000000106,0.0
S00009,IoT-GW,edge-A,edge,108,DONE,3.39975,3.47392,74.17427900008988,74.17427900008988,0.074,72.343,1.7572790000898806,0.9542790000898833,0.8029999999999973,0.0
S00008,Transcoder,core-1,core,59,DONE,3.39991,3.42227,22.356165000019246,22.356165000019246,0.091,7.618,2.647165000019246,1.7251650000192456,0.9219999999999997,12.0
S00001,vRAN-DU,edge-A,edge,92,DONE,3.4043,3.4789,74.59567100022468,74.59567100022468,69.279,3.977,1.3396710002246834,0.7736710002246809,0.5660000000000025,0.0
S00005,IMS-CSCF,edge-A,edge,106,DONE,3.41002,3.49537,85.35124500031088,85.35124500031088,82.186,1.77,1.3952450003108794,0.5712450003108813,0.8239999999999981,0.0
S00008,Transcoder,core-1,core,60,DONE,3.41028,3.43345,23.1609889997344,23.1609889997344,0.098,7.867,3.1959889997344,2.3209889997344,0.875,12.0
S00005,IMS-CSCF,edge-A,edge,107,DONE,3.42351,3.59562,172.10989599971072,172.10989599971072,121.581,2.08,48.448895999710714,0.521895999710722,47.92699999999999,0.0
S00008,Transcoder,core-1,core,61,DONE,3.42798,3.4484,20.41517699990436,20.41517699990436,0.084,6.206,2.1251769999043617,1.4731769999043607,0.6520000000000001,12.0
S00010,IoT-GW,edge-B,edge,103,DONE,3.42938,4.44957,1020.197091999762,1020.197091999762,921.531,81.297,17.369091999762077,0.4600919997620849,16.908999999999992,0.0
S00010,IoT-GW,edge-B,edge,104,EXPIRED,3.43167,4.44859,,,1000.048,,,,,
S00005,IMS-CSCF,edge-A,edge,108,DONE,3.43877,3.67392,235.15505100021983,235.15505100021983,132.569,69.187,33.399051000219856,0.8550510002198166,32.54400000000004,0.0
S00001,vRAN-DU,edge-A,edge,93,DONE,3.43891,3.48878,49.86388999986957,49.86388999986957,13.075,3.822,32.96688999986957,0.6568899998695699,32.31,0.0
S00001,vRAN-DU,edge-A,edge,94,DONE,3.44331,3.49332,50.00679600016156,50.00679600016156,17.354,3.986,28.666796000161558,0.5587960001615571,28.108,0.0
S00001,vRAN-DU,edge-A,edge,95,DONE,3.44603,3.59282,146.79146000025867,146.79146000025867,23.625,97.192,25.974460000258674,0.5464600002586621,25.42800000000001,0.0
S00003,UPF,edge-A,edge,114,DONE,3.44734,3.4856,38.26235800033828,38.26235800033828,6.555,6.761,24.946358000338282,0.49635800033828303,24.45,0.0
S00002,vRAN-DU,edge-B,edge,89,DONE,3.45803,3.46455,6.519934000152716,6.519934000152716,0.63,5.147,0.742934000152716,0.3829340001527166,0.35999999999999943,0.0
S00001,vRAN-DU,edge-A,edge,96,DONE,3.45827,3.58805,129.7833849998824,129.7833849998824,25.71,84.554,19.51938499988239,1.2433849998824087,18.275999999999982,0.0
S00002,vRAN-DU,edge-B,edge,90,DONE,3.46629,3.55455,88.25141399984204,88.25141399984204,80.033,5.876,2.3424139998420372,0.49941399984204793,1.8429999999999893,0.0
S00006,IMS-CSCF,edge-B,edge,108,DONE,3.46964,3.66773,198.09027700011939,198.09027700011939,194.952,1.503,1.6352770001194017,0.6552770001193835,0.9800000000000182,0.0
S00002,vRAN-DU,edge-B,edge,91,DONE,3.47095,3.55583,84.87992099981057,84.87992099981057,5.536,3.247,76.09692099981056,0.8209209998105678,75.276,0.0
S00003,UPF,edge-A,edge,115,DONE,3.47226,3.49448,22.222084000077302,22.222084000077302,11.413,8.501,2.308084000077301,0.6440840000773029,1.663999999999998,0.0
S00003,UPF,edge-A,edge,116,DONE,3.47234,3.50011,27.767100999881222,27.767100999881222,20.086,2.703,4.9781009998812245,3.266100999881221,1.7120000000000033,0.0
S00002,vRAN-DU,edge-B,edge,92,DONE,3.47891,3.56217,83.26242500015724,83.26242500015724,8.925,4.224,70.11342500015724,2.6414250001572412,67.472,0.0
S00007,Transcoder,core-1,core,56,DONE,3.48263,3.50607,23.43812800017986,23.43812800017986,0.086,9.734,3.6181280001798584,2.8631280001798594,0.754999999999999,10.0
S00001,vRAN-DU,edge-A,edge,97,DONE,3.48273,3.59304,110.31047400001626,110.31047400001626,96.971,9.755,3.5844740000162574,1.4794740000162534,2.105000000000004,0.0
S00002,vRAN-DU,edge-B,edge,93,DONE,3.49,3.65417,164.16182200009644,164.16182200009644,13.271,93.347,57.54382200009644,0.9528220000964325,56.59100000000001,0.0
S00005,IMS-CSCF,edge-A,edge,109,DONE,3.49011,3.68663,196.5213749999748,196.5213749999748,190.568,2.277,3.676374999974797,0.8603749999747947,2.8160000000000025,0.0
S00010,IoT-GW,edge-B,edge,105,DONE,3.49021,4.4597,969.4914609999614,969.4914609999614,910.331,2.129,57.03146099996138,0.8344609999613795,56.197,0.0
S00004,UPF,edge-B,edge,117,DONE,3.49142,3.54993,58.50751199977822,58.50751199977822,1.009,1.904,55.59451199977822,0.42251199977821585,55.172000000000004,0.0
S00006,IMS-CSCF,edge-B,edge,109,DONE,3.50619,3.66946,163.27886099998068,163.27886099998068,120.47,1.484,41.324860999980686,0.8998609999806888,40.425,0.0
S00003,UPF,edge-A,edge,117,DONE,3.5106,3.59899,88.38631700018595,88.38631700018595,10.394,5.457,72.53531700018596,0.6023170001859484,71.933,0.0
S00005,IMS-CSCF,edge-A,edge,110,DONE,3.51429,3.77287,258.57404399994266,258.57404399994266,108.439,80.543,69.59204399994266,0.9810439999426421,68.61100000000002,0.0
S00001,vRAN-DU,edge-A,edge,98,DONE,3.51464,3.60297,88.32576699978745,88.32576699978745,12.841,6.93,68.55476699978745,0.5327669997874409,68.022,0.0
S00010,IoT-GW,edge-B,edge,106,DONE,3.51623,4.47416,957.931273000213,957.931273000213,917.178,9.921,30.832273000212922,0.5402730002130056,30.291999999999916,0.0
S00010,IoT-GW,edge-B,edge,107,EXPIRED,3.52374,4.54835,,,1000.26,,,,,
S00005,IMS-CSCF,edge-A,edge,111,DONE,3.52618,3.77459,248.40809100032857,248.40809100032857,189.34,2.146,56.92209100032858,0.5450910003285685,56.37700000000001,0.0
S00004,UPF,edge-B,edge,118,DONE,3.52957,3.56215,32.58052299997871,32.58052299997871,7.56,4.771,20.249522999978712,3.433522999978713,16.816,0.0
S00006,IMS-CSCF,edge-B,edge,110,DONE,3.53089,3.67036,139.4684829997459,139.4684829997459,122.115,1.021,16.332482999745906,0.6414829997459037,15.691000000000003,0.0
S00001,vRAN-DU,edge-A,edge,99,DONE,3.53323,3.60504,71.81596000009449,71.81596000009449,16.097,5.135,50.58396000009449,0.5749600000944923,50.009,0.0
S00006,IMS-CSCF,edge-B,edge,111,DONE,3.54221,3.67185,129.64021800007686,129.64021800007686,123.667,1.252,4.72121800007686,0.6512180000768524,4.070000000000007,0.0
S00005,IMS-CSCF,edge-A,edge,112,DONE,3.54378,3.78056,236.78232300017044,236.78232300017044,195.288,2.358,39.13632300017042,0.5353230001704219,38.601,0.0
S00010,IoT-GW,edge-B,edge,108,EXPIRED,3.54726,4.55135,,,1001.126,,,,,
S00007,Transcoder,core-1,core,57,DONE,3.54969,3.59172,42.03323299998374,42.03323299998374,0.089,14.2,17.744232999983737,1.8282329999837401,15.915999999999999,10.0
S00010,IoT-GW,edge-B,edge,109,EXPIRED,3.55152,4.56131,,,1000.646,,,,,
S00008,Transcoder,core-1,core,62,DONE,3.55456,3.58432,29.76648000003479,29.76648000003479,0.79,14.61,2.366480000034791,1.5444800000347882,0.8220000000000027,12.0
S00008,Transcoder,core-1,core,63,DONE,3.55807,3.58843,30.363597000359732,30.363597000359732,0.125,12.132,6.106597000359734,5.336597000359731,0.7699999999999996,12.0
S00010,IoT-GW,edge-B,edge,110,DONE,3.55834,4.56133,1002.9887599998801,1002.9887599998801,993.948,1.25,7.7907599998801516,1.2607599998801788,6.529999999999973,0.0
S00010,IoT-GW,edge-B,edge,111,DONE,3.56218,4.56137,999.1852409998501,999.1852409998501,991.981,1.052,6.152240999850051,1.0322409998500461,5.1200000000000045,0.0
S00003,UPF,edge-A,edge,118,DONE,3.57278,3.67785,105.07352600006925,105.07352600006925,15.652,74.257,15.164526000069245,13.889526000069253,1.2749999999999915,0.0
S00004,UPF,edge-B,edge,119,DONE,3.57453,3.65073,76.19980800018311,76.19980800018311,7.086,64.386,4.727808000183117,0.91680800018311,3.811000000000007,0.0
S00006,IMS-CSCF,edge-B,edge,112,DONE,3.57843,3.75007,171.63167900025655,171.63167900025655,163.762,3.507,4.3626790002565485,1.5086790002565635,2.853999999999985,0.0
S00009,IoT-GW,edge-A,edge,109,DONE,3.57987,3.78357,203.70216099991012,203.70216099991012,192.971,2.98,7.751160999910127,7.20216099991012,0.5490000000000066,0.0
S00006,IMS-CSCF,edge-B,edge,113,DONE,3.57994,3.75368,173.73668999971414,173.73668999971414,169.581,1.366,2.7896899997141418,0.3476899997141345,2.4420000000000073,0.0
S00002,vRAN-DU,edge-B,edge,94,DONE,3.58024,3.65414,73.89445799981331,73.89445799981331,67.92,3.035,2.939457999813314,0.7884579998133177,2.1509999999999962,0.0
S00003,UPF,edge-A,edge,119,DONE,3.58397,3.68083,96.86062300033882,96.86062300033882,89.999,3.272,3.5896230003388183,2.9836230003388238,0.6059999999999945,0.0
S00009,IoT-GW,edge-A,edge,110,DONE,3.58808,3.78649,198.41309599996748,198.41309599996748,195.394,1.322,1.6970959999674733,0.8980959999674951,0.7989999999999782,0.0
S00002,vRAN-DU,edge-B,edge,95,DONE,3.58963,3.66043,70.80897899959382,70.80897899959382,8.483,5.192,57.13397899959382,0.48097899959381607,56.653000000000006,0.0
S00006,IMS-CSCF,edge-B,edge,114,DONE,3.59501,3.76031,165.29472299998815,165.29472299998815,112.335,1.273,51.68672299998816,0.42372299998814356,51.26300000000002,0.0
S00009,IoT-GW,edge-A,edge,111,DONE,3.60505,3.78859,183.5386490001838,183.5386490001838,114.852,1.019,67.66764900018379,1.067649000183792,66.6,0.0
S00003,UPF,edge-A,edge,120,DONE,3.60519,3.69009,84.89895599996089,84.89895599996089,9.14,8.699,67.05995599996089,0.8829559999608847,66.177,0.0
S00002,vRAN-DU,edge-B,edge,96,DONE,3.60855,3.66772,59.16482199972961,59.16482199972961,14.65,3.742,40.772821999729615,0.6858219997296118,40.087,0.0
S00004,UPF,edge-B,edge,120,DONE,3.61224,3.66086,48.61914799994338,48.61914799994338,9.766,3.903,34.95014799994338,0.38314799994338244,34.56699999999999,0.0
S00005,IMS-CSCF,edge-A,edge,113,DONE,3.61274,3.78405,171.31026600009136,171.31026600009136,108.815,2.676,59.81926600009136,0.5982660000913711,59.22099999999999,0.0
S00001,vRAN-DU,edge-A,edge,100,DONE,3.61433,3.67921,64.87357800006066,64.87357800006066,1.978,4.572,58.323578000060664,1.0755780000606592,57.248000000000005,0.0
S00009,IoT-GW,edge-A,edge,112,DONE,3.61478,3.79009,175.31594499996572,175.31594499996572,115.957,2.18,57.17894499996572,0.3879449999657254,56.791,0.0
S00008,Transcoder,core-1,core,64,DONE,3.61503,3.63703,22.000672000103805,22.000672000103805,0.131,7.008,2.8616720001038054,1.801672000103805,1.0599999999999996,12.0
S00007,Transcoder,core-1,core,58,DONE,3.61831,3.63947,21.153622999918298,21.153622999918298,0.164,8.551,2.438622999918298,1.6796229999182977,0.7590000000000003,10.0
S00006,IMS-CSCF,edge-B,edge,115,DONE,3.62197,3.76538,143.4039020000455,143.4039020000455,117.298,1.241,24.86490200004549,0.6599020000454914,24.205,0.0
S00007,Transcoder,core-1,core,59,DONE,3.63634,3.65829,21.951876000002812,21.951876000002812,0.093,8.149,3.7098760000028133,2.9998760000028124,0.7100000000000009,10.0
S00003,UPF,edge-A,edge,121,DONE,3.63949,3.77285,133.35712200023409,133.35712200023409,18.331,81.603,33.42312200023409,0.7771220002340726,32.646000000000015,0.0
S00004,UPF,edge-B,edge,121,DONE,3.64195,3.66553,23.58344100002796,23.58344100002796,14.715,3.628,5.24044100002796,0.47344100002796097,4.7669999999999995,0.0
S00005,IMS-CSCF,edge-A,edge,114,DONE,3.65417,3.78648,132.30177300010837,132.30177300010837,111.903,2.239,18.15977300010836,1.0587730001083742,17.100999999999985,0.0
S00010,IoT-GW,edge-B,edge,112,DONE,3.65434,4.56478,910.4460069997913,910.4460069997913,906.39,1.055,3.0010069997913433,0.7100069997912897,2.2910000000000537,0.0
S00004,UPF,edge-B,edge,122,DONE,3.6583,3.74807,89.76561000008587,89.76561000008587,6.684,82.403,0.6786100000858681,0.36261000008586564,0.3160000000000025,0.0
S00009,IoT-GW,edge-A,edge,113,DONE,3.66454,3.79152,126.97203500010801,126.97203500010801,118.481,0.922,7.569035000108016,0.8050350001080062,6.76400000000001,0.0
S00001,vRAN-DU,edge-A,edge,101,DONE,3.66948,3.68383,14.346487999773672,14.346487999773672,8.009,3.877,2.4604879997736724,0.7094879997736712,1.7510000000000012,0.0
S00002,vRAN-DU,edge-B,edge,97,DONE,3.67393,3.7523,78.3641850002823,78.3641850002823,1.245,3.323,73.7961850002823,0.8181850002822983,72.97800000000001,0.0
S00003,UPF,edge-A,edge,122,DONE,3.67929,3.77531,96.01961199996367,96.01961199996367,92.046,3.165,0.8086119999636594,0.3426119999636654,0.465999999999994,0.0
S00001,vRAN-DU,edge-A,edge,102,DONE,3.68204,3.69145,9.412713000074291,9.412713000074291,2.567,3.98,2.8657130000742903,1.1677130000742917,1.6979999999999986,0.0
S00006,IMS-CSCF,edge-B,edge,116,DONE,3.68218,3.84872,166.5408590001789,166.5408590001789,99.635,1.418,65.48785900017889,0.6118590001788959,64.87599999999999,0.0
S00010,IoT-GW,edge-B,edge,113,DONE,3.68294,4.64949,966.5486649996637,966.5486649996637,815.54,83.237,67.77166499966381,0.6696649996637234,67.10200000000009,0.0
S00004,UPF,edge-B,edge,123,DONE,3.68505,3.75366,68.61565999997765,68.61565999997765,2.506,3.521,62.58865999997765,1.5126599999776573,61.07599999999999,0.0
S00002,vRAN-DU,edge-B,edge,98,DONE,3.69017,3.75745,67.28644099985104,67.28644099985104,6.93,2.83,57.52644099985104,0.6004409998510312,56.92600000000001,0.0
S00006,IMS-CSCF,edge-B,edge,117,DONE,3.69263,3.85073,158.09847899981833,158.09847899981833,101.208,2.022,54.86847899981832,0.5884789998183351,54.27999999999999,0.0
S00005,IMS-CSCF,edge-A,edge,115,DONE,3.69493,3.78929,94.35277300008238,94.35277300008238,14.261,2.368,77.72377300008239,0.4677730000823743,77.256,0.0
S00003,UPF,edge-A,edge,123,DONE,3.69651,3.77766,81.15782400000171,81.15782400000171,3.372,1.869,75.91682400000171,0.4028240000017149,75.514,0.0
S00006,IMS-CSCF,edge-B,edge,118,DONE,3.6991,3.85536,156.26158699978987,156.26158699978987,104.528,1.721,50.01258699978986,2.2565869997898744,47.755999999999986,0.0
S00002,vRAN-DU,edge-B,edge,99,DONE,3.70154,3.76097,59.43234999995184,59.43234999995184,9.897,3.627,45.90834999995184,0.9363499999518368,44.972,0.0
S00002,vRAN-DU,edge-B,edge,100,DONE,3.70594,3.76535,59.4041960002869,59.4041960002869,12.99,3.408,43.006196000286906,1.944196000286901,41.062,0.0
S00005,IMS-CSCF,edge-A,edge,116,DONE,3.70726,3.79281,85.55299199997535,85.55299199997535,17.365,2.909,65.27899199997535,0.49599199997534527,64.783,0.0
S00010,IoT-GW,edge-B,edge,114,DONE,3.70959,4.65354,943.9571389998491,943.9571389998491,902.131,3.755,38.071138999849154,0.6961389998491541,37.375,0.0
S00002,vRAN-DU,edge-B,edge,101,DONE,3.71097,3.84739,136.41366499996366,136.41366499996366,13.627,86.059,36.727664999963665,0.9096649999636668,35.818,0.0
S00007,Transcoder,core-1,core,60,DONE,3.71873,3.74033,21.592445999885967,21.592445999885967,0.227,8.508,2.857445999885968,1.9894459998859677,0.8680000000000003,10.0
S00007,Transcoder,core-1,core,61,DONE,3.7189,3.74031,21.414175999780127,21.414175999780127,0.243,7.788,3.3831759997801267,2.3851759997801274,0.9979999999999993,10.0
S00009,IoT-GW,edge-A,edge,114,DONE,3.72022,3.79389,73.67153299992424,73.67153299992424,19.936,1.433,52.30253299992424,0.5105329999242372,51.792,0.0
S00009,IoT-GW,edge-A,edge,115,DONE,3.72393,4.27369,549.7678480001014,549.7678480001014,429.839,71.351,48.57784800010137,1.3558480001013322,47.22200000000004,0.0
S00004,UPF,edge-B,edge,124,DONE,3.73299,3.76022,27.224840000144468,27.224840000144468,7.301,4.095,15.828840000144467,2.0348400001444666,13.794,0.0
S00006,IMS-CSCF,edge-B,edge,119,DONE,3.7332,3.85608,122.88282400004391,122.88282400004391,106.379,1.594,14.909824000043912,0.865824000043915,14.043999999999997,0.0
S00010,IoT-GW,edge-B,edge,115,DONE,3.7396,4.65629,916.6926689999855,916.6926689999855,907.924,0.822,7.946668999985491,0.6326689999855262,7.3139999999999645,0.0
S00010,IoT-GW,edge-B,edge,116,DONE,3.74256,4.66613,923.5691610001595,923.5691610001595,912.917,4.458,6.194161000159511,1.8241610001595063,4.3700000000000045,0.0
S00005,IMS-CSCF,edge-A,edge,117,DONE,3.74269,3.87793,135.23715099972833,135.23715099972833,20.455,84.779,30.003150999728334,0.6101509997283188,29.393000000000015,0.0
S00009,IoT-GW,edge-A,edge,116,DONE,3.75007,4.39258,642.5009429999591,642.5009429999591,617.626,2.217,22.65794299995912,1.1949429999590393,21.46300000000008,0.0
S00001,vRAN-DU,edge-A,edge,103,DONE,3.75021,3.77975,29.53896300004999,29.53896300004999,2.168,4.92,22.45096300004999,1.4149630000499904,21.035999999999998,0.0
S00005,IMS-CSCF,edge-A,edge,118,DONE,3.7537,3.88033,126.62724699976025,126.62724699976025,105.847,1.75,19.03024699976025,0.5532469997602476,18.477000000000004,0.0
S00006,IMS-CSCF,edge-B,edge,120,DONE,3.7707,3.86206,91.36217400009627,91.36217400009627,12.873,2.313,76.17617400009627,0.4961740000962749,75.68,0.0
S00008,Transcoder,core-1,core,65,DONE,3.77205,3.79549,23.43141099981949,23.43141099981949,0.102,9.111,2.21841099981949,1.2344109998194916,0.9839999999999982,12.0
S00009,IoT-GW,edge-A,edge,117,DONE,3.78406,4.49355,709.484509000049,709.484509000049,706.983,1.199,1.302509000049099,0.3345090000490245,0.9680000000000746,0.0
S00010,IoT-GW,edge-B,edge,117,DONE,3.78768,4.66977,882.0849310000085,882.0849310000085,819.046,3.405,59.63393100000849,0.9119310000085079,58.72199999999998,0.0
S00003,UPF,edge-A,edge,124,DONE,3.79152,3.87703,85.50865799998064,85.50865799998064,1.241,81.718,2.5496579999806386,1.0036579999806463,1.5459999999999923,0.0
S00003,UPF,edge-A,edge,125,DONE,3.79292,3.88631,93.39170099974581,93.39170099974581,88.584,3.47,1.337700999745806,0.40570099974580387,0.9320000000000022,0.0
S00003,UPF,edge-A,edge,126,DONE,3.79549,3.88974,94.24846199999592,94.24846199999592,90.371,2.872,1.00546199999593,0.5224619999959259,0.4830000000000041,0.0
S00005,IMS-CSCF,edge-A,edge,119,DONE,3.79677,3.88801,91.24421900014568,91.24421900014568,88.495,1.796,0.9532190001456655,0.40721900014567325,0.5459999999999923,0.0
S00003,UPF,edge-A,edge,127,DONE,3.79804,3.97402,175.9791449999284,175.9791449999284,90.887,84.111,0.9811449999284036,0.5061449999283809,0.47500000000002274,0.0
S00001,vRAN-DU,edge-A,edge,104,DONE,3.7995,3.88288,83.38669300019319,83.38669300019319,76.179,6.071,1.1366930001931905,0.4676930001931936,0.6689999999999969,0.0
S00009,IoT-GW,edge-A,edge,118,DONE,3.80482,4.58768,782.8572059997896,782.8572059997896,778.563,2.997,1.2972059997896395,0.4942059997895285,0.803000000000111,0.0
S00006,IMS-CSCF,edge-B,edge,121,DONE,3.80646,3.94932,142.85562399982155,142.85562399982155,15.603,86.343,40.90962399982155,0.7036239998215592,40.20599999999999,0.0
S00005,IMS-CSCF,edge-A,edge,120,DONE,3.80808,3.89082,82.73879899979875,82.73879899979875,78.848,2.874,1.0167989997987519,0.5567989997987439,0.46000000000000796,0.0
S00004,UPF,edge-B,edge,125,DONE,3.81554,3.8528,37.25640199991176,37.25640199991176,0.271,5.489,31.49640199991176,0.6294019999117566,30.867000000000004,0.0
S00008,Transcoder,core-1,core,66,DONE,3.81895,3.84038,21.424310999918816,21.424310999918816,0.121,6.592,2.711310999918817,1.9023109999188161,0.809000000000001,12.0
S00010,IoT-GW,edge-B,edge,118,DONE,3.82236,4.74769,925.3360180000527,925.3360180000527,822.719,77.842,24.775018000052683,0.6010180000527043,24.173999999999978,0.0
S00004,UPF,edge-B,edge,126,DONE,3.8288,3.85972,30.923118000373506,30.923118000373506,6.599,5.877,18.447118000373507,0.6761180003735063,17.771,0.0
S00006,IMS-CSCF,edge-B,edge,122,DONE,3.83017,3.95466,124.4902970001931,124.4902970001931,105.4,2.277,16.81329700019309,0.42929700019308825,16.384,0.0
S00009,IoT-GW,edge-A,edge,119,DONE,3.83364,4.77821,944.5646109998052,944.5646109998052,811.75,87.247,45.5676109998052,1.090610999805108,44.47700000000009,0.0
S00010,IoT-GW,edge-B,edge,119,DONE,3.83714,4.75583,918.6983679996956,918.6983679996956,906.035,2.637,10.026367999695708,0.6523679996955707,9.374000000000137,0.0
S00001,vRAN-DU,edge-A,edge,105,DONE,3.84874,3.88558,36.846054999841726,36.846054999841726,3.929,5.203,27.71405499984173,0.7180549998417263,26.996000000000002,0.0
S00006,IMS-CSCF,edge-B,edge,123,DONE,3.84887,3.96598,117.11392799998066,117.11392799998066,112.798,2.115,2.2009279999806637,1.4989279999806655,0.7019999999999982,0.0
S00003,UPF,edge-A,edge,128,DONE,3.85281,3.98448,131.66276900028606,131.66276900028606,102.122,5.786,23.75476900028606,0.6167690002860695,23.13799999999999,0.0
S00002,vRAN-DU,edge-B,edge,102,DONE,3.85544,3.85974,4.296093999982986,4.296093999982986,0.36,2.627,1.3090939999829865,0.628093999982986,0.6810000000000005,0.0
S00005,IMS-CSCF,edge-A,edge,121,DONE,3.85621,3.97893,122.72649999977148,122.72649999977148,14.665,86.794,21.267499999771474,1.4864999997714818,19.78099999999999,0.0
S00010,IoT-GW,edge-B,edge,120,DONE,3.85974,4.76726,907.5157209999816,907.5157209999816,904.435,1.016,2.0647209999816596,0.3897209999815914,1.6750000000000682,0.0
S00004,UPF,edge-B,edge,127,DONE,3.87413,3.95185,77.71680399991965,77.71680399991965,1.422,1.716,74.57880399991964,0.9698039999196482,73.609,0.0
S00002,vRAN-DU,edge-B,edge,103,DONE,3.87454,3.95364,79.10493600002155,79.10493600002155,0.337,4.568,74.19993600002155,0.7779360000215547,73.422,0.0
S00002,vRAN-DU,edge-B,edge,104,DONE,3.87706,3.95981,82.75286900015999,82.75286900015999,5.206,5.554,71.99286900015998,0.4858690001599939,71.50699999999999,0.0
S00009,IoT-GW,edge-A,edge,120,DONE,3.88949,4.78483,895.3343019998101,895.3343019998101,893.736,0.699,0.8993019998101772,0.5123019998101199,0.3870000000000573,0.0
S00006,IMS-CSCF,edge-B,edge,124,DONE,3.89315,3.96674,73.58782499977679,73.58782499977679,16.562,1.339,55.68682499977679,0.6068249997767907,55.08,0.0
S00005,IMS-CSCF,edge-A,edge,122,DONE,3.89565,3.99154,95.88606700026503,95.88606700026503,93.133,1.432,1.3210670002650318,0.7010670002650272,0.6200000000000045,0.0
S00006,IMS-CSCF,edge-B,edge,125,DONE,3.89583,3.96839,72.56545800009917,72.56545800009917,18.014,1.169,53.38245800009917,1.2524580000991676,52.13,0.0
S00002,vRAN-DU,edge-B,edge,105,DONE,3.91143,3.96393,52.4999829999615,52.4999829999615,10.944,4.079,37.47698299996151,0.702982999961506,36.774,0.0
S00001,vRAN-DU,edge-A,edge,106,DONE,3.91227,3.97895,66.6861820000122,66.6861820000122,61.196,3.977,1.5131820000121934,0.9461820000122003,0.5669999999999931,0.0
S00007,Transcoder,core-1,core,62,DONE,3.91789,3.93739,19.50256800000716,19.50256800000716,0.089,6.802,2.611568000007159,1.5065680000071584,1.1050000000000004,10.0
S00004,UPF,edge-B,edge,128,DONE,3.92047,3.9598,39.329076999820245,39.329076999820245,6.213,4.498,28.618076999820246,0.6820769998202465,27.936,0.0
S00009,IoT-GW,edge-A,edge,121,DONE,3.92294,4.79445,871.5161229997648,871.5161229997648,863.967,3.812,3.737122999764779,3.0421229997647288,0.69500000000005,0.0
S00003,UPF,edge-A,edge,129,DONE,3.9264,3.98773,61.331955999776255,61.331955999776255,53.991,3.363,3.977955999776256,0.47095599977625824,3.506999999999998,0.0
S00007,Transcoder,core-1,core,63,DONE,3.92651,3.9472,20.69702300013887,20.69702300013887,0.113,6.767,3.817023000138869,3.2010230001388695,0.6159999999999997,10.0
S00010,IoT-GW,edge-B,edge,121,DONE,3.93076,4.76849,837.7294749998327,837.7294749998327,818.552,0.958,18.219474999832755,0.5504749998327725,17.668999999999983,0.0
S00005,IMS-CSCF,edge-A,edge,123,DONE,3.93088,3.99412,63.24251100022593,63.24251100022593,19.741,2.095,41.40651100022593,0.8875110002259348,40.519,0.0
S00008,Transcoder,core-1,core,67,DONE,3.93318,3.9546,21.41598999969574,21.41598999969574,0.066,6.73,2.61998999969574,2.0099899996957404,0.6099999999999994,12.0
S00006,IMS-CSCF,edge-B,edge,126,DONE,3.93549,4.0502,114.70623600007457,114.70623600007457,20.317,78.632,15.757236000074556,2.597236000074574,13.159999999999982,0.0
S00001,vRAN-DU,edge-A,edge,107,DONE,3.94262,3.98614,43.517718000202876,43.517718000202876,7.578,6.408,29.531718000202876,0.5067180002028735,29.025000000000002,0.0
S00004,UPF,edge-B,edge,129,DONE,3.94622,3.96337,17.141185000127734,17.141185000127734,11.284,2.713,3.1441850001277345,0.7261850001277352,2.4179999999999993,0.0
S00004,UPF,edge-B,edge,130,DONE,3.94639,4.05018,103.78609899998992,103.78609899998992,15.125,83.792,4.869098999989916,2.690098999989914,2.179000000000002,0.0
S00001,vRAN-DU,edge-A,edge,108,DONE,3.95585,3.98906,33.2117279999693,33.2117279999693,14.528,2.479,16.204727999969297,0.6957279999693,15.508999999999997,0.0
S00005,IMS-CSCF,edge-A,edge,124,DONE,3.95598,4.07534,119.36029200023768,119.36029200023768,21.906,81.05,16.40429200023769,0.9302920002376709,15.474000000000018,0.0
S00005,IMS-CSCF,edge-A,edge,125,DONE,3.95722,4.08664,129.42260699992403,129.42260699992403,112.794,1.754,14.874606999924026,0.38460699992401715,14.490000000000009,0.0
S00005,IMS-CSCF,edge-A,edge,126,DONE,3.96201,4.29133,329.3244980000054,329.3244980000054,317.525,1.526,10.273498000005418,0.5774980000053915,9.696000000000026,0.0
S00003,UPF,edge-A,edge,130,DONE,3.96241,3.99319,30.77689299971098,30.77689299971098,16.107,4.73,9.939892999710981,0.7658929997109816,9.174,0.0
S00005,IMS-CSCF,edge-A,edge,127,DONE,3.96247,4.39338,430.9173359997658,430.9173359997658,414.959,6.349,9.60933599976579,0.49633599976579035,9.113,0.0
S00003,UPF,edge-A,edge,131,DONE,3.96599,4.07417,108.18476700023893,108.18476700023893,21.45,80.138,6.596767000238927,0.6387670002389285,5.957999999999998,0.0
S00003,UPF,edge-A,edge,132,DONE,3.97028,4.07836,108.07433099989794,108.07433099989794,103.383,2.306,2.3853309998979455,0.7353309998979398,1.6500000000000057,0.0
S00008,Transcoder,core-1,core,68,DONE,3.97074,3.99198,21.237544999621605,21.237544999621605,0.13,6.841,2.2665449996216047,1.341544999621604,0.9249999999999998,12.0
S00006,IMS-CSCF,edge-B,edge,127,DONE,3.97896,4.05229,73.33405999997922,73.33405999997922,4.468,1.209,67.65705999997923,3.4550599999792126,64.202,0.0
S00004,UPF,edge-B,edge,131,DONE,3.98347,4.05114,67.66967400017165,67.66967400017165,2.305,1.995,63.369674000171656,0.7496740001716518,62.620000000000005,0.0
S00008,Transcoder,core-1,core,69,DONE,3.98907,4.00995,20.88745499986544,20.88745499986544,0.087,6.322,2.4784549998654413,1.5904549998654396,0.8879999999999999,12.0
S00003,UPF,edge-A,edge,133,DONE,4.00521,4.08764,82.42750499994145,82.42750499994145,76.811,4.387,1.2295049999414402,0.6075049999414546,0.6219999999999857,0.0
S00004,UPF,edge-B,edge,132,DONE,4.01246,4.05504,42.57703400026003,42.57703400026003,6.58,2.131,33.86603400026003,0.4900340002600245,33.376000000000005,0.0
S00001,vRAN-DU,edge-A,edge,109,DONE,4.01613,4.08354,67.4099290004051,67.4099290004051,56.973,8.925,1.5119290004051038,0.7979290004051052,0.7139999999999986,0.0
S00005,IMS-CSCF,edge-A,edge,128,DONE,4.02288,4.47848,455.6012160001046,455.6012160001046,369.991,82.483,3.1272160001046245,2.6092160001045954,0.5180000000000291,0.0
S00002,vRAN-DU,edge-B,edge,106,DONE,4.02422,4.05789,33.66770100001304,33.66770100001304,1.733,9.76,22.174701000013037,0.6797010000130399,21.494999999999997,0.0
S00006,IMS-CSCF,edge-B,edge,128,DONE,4.02559,4.06222,36.63378399960493,36.63378399960493,12.257,3.434,20.94278399960493,0.6847839996049316,20.258,0.0
S00005,IMS-CSCF,edge-A,edge,129,DONE,4.03104,4.4931,462.05444099996384,462.05444099996384,458.143,2.27,1.6414409999638906,0.750440999963871,0.8910000000000196,0.0
S00003,UPF,edge-A,edge,134,DONE,4.03606,4.17868,142.62047600004735,142.62047600004735,51.232,89.697,1.691476000047345,0.7934760000473489,0.8979999999999961,0.0
S00007,Transcoder,core-1,core,64,DONE,4.04731,4.06966,22.345493999637256,22.345493999637256,0.103,9.361,2.8814939996372555,2.1104939996372565,0.770999999999999,10.0
S00004,UPF,edge-B,edge,133,DONE,4.04785,4.06619,18.336221000026853,18.336221000026853,4.857,9.417,4.062221000026852,1.9852210000268542,2.076999999999998,0.0
S00003,UPF,edge-A,edge,135,DONE,4.05021,4.18495,134.74716900009298,134.74716900009298,126.326,6.474,1.9471690000929982,1.3361690000929798,0.6110000000000184,0.0
S00004,UPF,edge-B,edge,134,DONE,4.0504,4.14798,97.57860099989557,97.57860099989557,13.421,82.528,1.6296009998955583,0.6836009998955745,0.9459999999999837,0.0
S00001,vRAN-DU,edge-A,edge,110,DONE,4.0592,4.08488,25.67610300002343,25.67610300002343,17.756,6.631,1.289103000023431,0.4551030000234313,0.8339999999999996,0.0
S00006,IMS-CSCF,edge-B,edge,129,DONE,4.08067,4.15639,75.71309000013571,75.71309000013571,4.31,2.645,68.75809000013571,0.5790900001357073,68.179,0.0
S00010,IoT-GW,edge-B,edge,122,DONE,4.0808,4.7701,689.2974410002353,689.2974410002353,619.095,1.262,68.9404410002353,0.7594410002352561,68.18100000000004,0.0
S00001,vRAN-DU,edge-A,edge,111,DONE,4.08355,4.17528,91.73077499963256,91.73077499963256,2.673,87.599,1.4587749996325527,0.6107749996325538,0.847999999999999,0.0
S00001,vRAN-DU,edge-A,edge,112,DONE,4.08408,4.18172,97.64191000022038,97.64191000022038,92.46,3.539,1.6429100002203825,0.8239100002203799,0.8190000000000026,0.0
S00001,vRAN-DU,edge-A,edge,113,DONE,4.08665,4.1929,106.25233200016737,106.25233200016737,93.696,8.257,4.299332000167368,0.5963320001673651,3.703000000000003,0.0
S00006,IMS-CSCF,edge-B,edge,130,DONE,4.08766,4.16635,78.68844899985561,78.68844899985561,15.47,1.273,61.94544899985561,0.5114489998556024,61.434000000000005,0.0
S00010,IoT-GW,edge-B,edge,123,DONE,4.08994,4.84825,758.3095219997631,758.3095219997631,620.546,77.916,59.8475219997631,0.6185219997630611,59.22900000000004,0.0
S00001,vRAN-DU,edge-A,edge,114,DONE,4.10032,4.19391,93.5850420000861,93.5850420000861,89.522,3.185,0.8780420000860971,0.5200420000861072,0.3579999999999899,0.0
S00004,UPF,edge-B,edge,135,DONE,4.10778,4.15362,45.83423899975969,45.83423899975969,0.986,2.99,41.85823899975969,0.5592389997596925,41.299,0.0
S00002,vRAN-DU,edge-B,edge,107,DONE,4.1102,4.15389,43.6912090003716,43.6912090003716,0.107,3.884,39.7002090003716,0.47320900037159674,39.227000000000004,0.0
S00001,vRAN-DU,edge-A,edge,115,DONE,4.11456,4.19672,82.16581499982567,82.16581499982567,77.534,3.226,1.4058149998256653,0.44781499982566686,0.9579999999999984,0.0
S00002,vRAN-DU,edge-B,edge,108,DONE,4.115,4.15797,42.97480799959885,42.97480799959885,5.6,2.526,34.848807999598854,0.6828079995988503,34.166000000000004,0.0
S00001,vRAN-DU,edge-A,edge,116,DONE,4.11627,4.27273,156.45279699992898,156.45279699992898,80.091,75.016,1.3457969999289787,0.4537969999289828,0.8919999999999959,0.0
S00009,IoT-GW,edge-A,edge,122,DONE,4.12268,4.79448,671.8037179998646,671.8037179998646,667.788,1.463,2.552717999864626,0.8887179998646388,1.6639999999999873,0.0
S00006,IMS-CSCF,edge-B,edge,131,DONE,4.12322,4.24889,125.66749300003721,125.66749300003721,16.891,81.643,27.13349300003722,0.7114930000372084,26.42200000000001,0.0
S00004,UPF,edge-B,edge,136,DONE,4.1233,4.16271,39.41123999993579,39.41123999993579,7.563,5.172,26.676239999935788,0.8642399999357906,25.811999999999998,0.0
S00005,IMS-CSCF,edge-A,edge,130,DONE,4.12333,4.57358,450.2473560000908,450.2473560000908,374.554,74.272,1.4213560000908387,0.8643560000908224,0.5570000000000164,0.0
S00004,UPF,edge-B,edge,137,DONE,4.12344,4.24878,125.3445530001045,125.3445530001045,12.96,85.521,26.863553000104503,0.6885530001044913,26.17500000000001,0.0
S00002,vRAN-DU,edge-B,edge,109,DONE,4.12468,4.16439,39.70947300012995,39.70947300012995,8.278,6.208,25.223473000129946,0.48647300012994776,24.737,0.0
S00007,Transcoder,core-1,core,65,DONE,4.12479,4.14554,20.744862999890756,20.744862999890756,0.093,7.329,3.3228629998907557,1.9298629998907568,1.3929999999999998,10.0
S00003,UPF,edge-A,edge,136,DONE,4.13018,4.19365,63.471706999735034,63.471706999735034,14.936,6.544,41.99170699973503,1.1987069997350304,40.793000000000006,0.0
S00010,IoT-GW,edge-B,edge,124,DONE,4.14065,4.85332,712.6685049997832,712.6685049997832,701.297,2.182,9.18950499978314,0.5905049997832066,8.598999999999933,0.0
S00010,IoT-GW,edge-B,edge,125,DONE,4.14082,4.86299,722.1670889998677,722.1670889998677,711.768,1.771,8.628088999867714,0.5460889998677203,8.081999999999994,0.0
S00001,vRAN-DU,edge-A,edge,117,DONE,4.14326,4.27953,136.26831800002037,136.26831800002037,100.749,6.834,28.685318000020374,0.5853180000203793,28.099999999999994,0.0
S00001,vRAN-DU,edge-A,edge,118,DONE,4.14777,4.28912,141.35524099992836,141.35524099992836,108.044,9.144,24.167240999928353,1.204240999928345,22.963000000000008,0.0
S00009,IoT-GW,edge-A,edge,123,DONE,4.1494,4.87196,722.5615289999041,722.5615289999041,622.757,76.892,22.912528999904225,0.5385289999040879,22.374000000000137,0.0
S00005,IMS-CSCF,edge-A,edge,131,DONE,4.15269,4.5852,432.5097729997651,432.5097729997651,411.351,1.883,19.275772999765138,0.7387729997651036,18.537000000000035,0.0
S00009,IoT-GW,edge-A,edge,124,DONE,4.15281,4.89643,743.6190319999696,743.6190319999696,720.724,3.387,19.508031999969603,0.6240319999695885,18.884000000000015,0.0
S00006,IMS-CSCF,edge-B,edge,132,DONE,4.15506,4.25437,99.3104540002605,99.3104540002605,92.408,5.809,1.0934540002605075,0.6994540002605021,0.39400000000000546,0.0
S00003,UPF,edge-A,edge,137,DONE,4.15517,4.19857,43.39896800001952,43.39896800001952,22.248,4.512,16.63896800001952,0.31196800001951885,16.327,0.0
S00006,IMS-CSCF,edge-B,edge,133,DONE,4.1564,4.26334,106.9469939998271,106.9469939998271,98.045,7.744,1.1579939998270987,0.5059939998270977,0.652000000000001,0.0
S00006,IMS-CSCF,edge-B,edge,134,DONE,4.15921,4.26758,108.37322699990182,108.37322699990182,103.218,2.082,3.07322699990182,2.4732269999018115,0.6000000000000085,0.0
S00009,IoT-GW,edge-A,edge,125,DONE,4.16272,4.97964,816.92555599966,816.92555599966,806.748,1.009,9.16855599965993,0.6765559996599677,8.491999999999962,0.0
S00008,Transcoder,core-1,core,70,DONE,4.16398,4.1934,29.420894000395492,29.420894000395492,0.091,9.441,7.888894000395492,2.1578940003954923,5.731,12.0
S00005,IMS-CSCF,edge-A,edge,132,DONE,4.17394,4.68056,506.6138439997303,506.6138439997303,498.5,1.577,6.5368439997303085,2.6268439997302835,3.910000000000025,0.0
S00009,IoT-GW,edge-A,edge,126,DONE,4.17797,5.08056,902.5901360000717,902.5901360000717,898.387,2.426,1.777136000071664,0.7581360000716586,1.0190000000000055,0.0
S00006,IMS-CSCF,edge-B,edge,135,DONE,4.17817,4.2676,89.42854399992939,89.42854399992939,84.38,1.828,3.22054399992939,1.0865439999293898,2.1340000000000003,0.0
S00008,Transcoder,core-1,core,71,DONE,4.17831,4.20255,24.23857300027521,24.23857300027521,0.126,9.437,2.675573000275211,2.0225730002752105,0.6530000000000005,12.0
S00009,IoT-GW,edge-A,edge,127,DONE,4.18394,5.17774,993.7990890002766,993.7990890002766,989.531,1.446,2.8220890002766055,0.42908900027657637,2.393000000000029,0.0
S00006,IMS-CSCF,edge-B,edge,136,DONE,4.18501,4.34922,164.21073400033492,164.21073400033492,160.011,2.563,1.6367340003349398,0.9797340003349291,0.6570000000000107,0.0
S00001,vRAN-DU,edge-A,edge,119,DONE,4.19216,4.37801,185.85247700002583,185.85247700002583,92.494,91.529,1.8294770000258325,0.9094770000258166,0.9200000000000159,0.0
S00010,IoT-GW,edge-B,edge,126,DONE,4.19227,4.86469,672.423604999949,672.423604999949,669.662,1.105,1.6566049999489678,1.1186049999490706,0.5379999999998972,0.0
S00007,Transcoder,core-1,core,66,DONE,4.19232,4.2113,18.979174999913084,18.979174999913084,0.068,6.802,2.109174999913085,1.4761749999130842,0.6330000000000009,10.0
S00001,vRAN-DU,edge-A,edge,120,DONE,4.19514,4.37853,183.39174799984903,183.39174799984903,95.48,85.773,2.138747999849045,0.5517479998490273,1.5870000000000175,0.0
S00010,IoT-GW,edge-B,edge,127,DONE,4.19788,4.86559,667.7092459999585,667.7092459999585,665.112,0.904,1.693245999958549,0.3292459999585162,1.3640000000000327,0.0
S00008,Transcoder,core-1,core,72,DONE,4.20474,4.22547,20.733175000259507,20.733175000259507,0.08,6.478,2.1751750002595074,1.5721750002595076,0.6029999999999998,12.0
S00010,IoT-GW,edge-B,edge,128,DONE,4.20482,4.94956,744.7367789995951,744.7367789995951,660.286,82.58,1.8707789995951316,0.5517789995951716,1.31899999999996,0.0
S00008,Transcoder,core-1,core,73,DONE,4.20487,4.22527,20.40483300015694,20.40483300015694,0.154,6.36,1.8908330001569418,1.5098330001569416,0.38099999999999934,12.0
S00006,IMS-CSCF,edge-B,edge,137,DONE,4.20911,4.35959,150.4820780000955,150.4820780000955,144.952,4.737,0.7930780000955053,0.31707800009550624,0.4759999999999991,0.0
S00006,IMS-CSCF,edge-B,edge,138,DONE,4.21787,4.3644,146.53768499965736,146.53768499965736,141.569,3.939,1.029684999657377,0.498684999657371,0.5310000000000059,0.0
S00005,IMS-CSCF,edge-A,edge,133,DONE,4.23788,4.77766,539.7792979997575,539.7792979997575,447.075,87.214,5.4902979997575585,4.227297999757525,1.2630000000000337,0.0
S00003,UPF,edge-A,edge,138,DONE,4.24437,4.28256,38.18982499979029,38.18982499979029,27.563,8.049,2.5778249997902947,1.5948249997902906,0.9830000000000041,0.0
S00004,UPF,edge-B,edge,138,DONE,4.2478,4.2575,9.70362699990801,9.70362699990801,1.631,4.114,3.9586269999080104,3.393626999908011,0.5649999999999995,0.0
S00003,UPF,edge-A,edge,139,DONE,4.24792,4.28605,38.12531999983548,38.12531999983548,10.262,3.056,24.80731999983548,0.5013199998354807,24.306,0.0
S00002,vRAN-DU,edge-B,edge,110,DONE,4.25189,4.25783,5.939092000062374,5.939092000062374,1.247,2.875,1.8170920000623738,1.2930920000623738,0.524,0.0
S00005,IMS-CSCF,edge-A,edge,134,DONE,4.25752,4.78236,524.8406499999874,524.8406499999874,508.133,1.101,15.606649999987383,1.6716499999873804,13.935000000000002,0.0
S00006,IMS-CSCF,edge-B,edge,139,DONE,4.25763,4.36706,109.42999100007,109.42999100007,105.965,2.429,1.0359910000699983,0.48299100007000106,0.5529999999999973,0.0
S00004,UPF,edge-B,edge,139,DONE,4.26206,4.34863,86.56713400023364,86.56713400023364,1.808,82.641,2.118134000233624,0.5791340002336369,1.5389999999999873,0.0
S00004,UPF,edge-B,edge,140,DONE,4.2676,4.3594,91.79951700025413,91.79951700025413,3.873,5.076,82.85051700025413,0.9875170002541296,81.863,0.0
S00005,IMS-CSCF,edge-A,edge,135,DONE,4.26768,4.78479,517.1144560003995,517.1144560003995,510.15,1.095,5.869456000399509,1.6144560003995139,4.2549999999999955,0.0
S00010,IoT-GW,edge-B,edge,129,DONE,4.26777,4.95848,690.7153689999177,690.7153689999177,607.654,2.573,80.48836899991772,0.6083689999177295,79.88,0.0
S00004,UPF,edge-B,edge,141,DONE,4.26783,4.36744,99.6096049998414,99.6096049998414,9.802,8.949,80.85860499984139,0.5846049998413889,80.274,0.0
S00009,IoT-GW,edge-A,edge,128,DONE,4.26914,5.18357,914.4292949999908,914.4292949999908,910.198,0.858,3.3732949999908897,0.42629499999077325,2.9470000000001164,0.0
S00006,IMS-CSCF,edge-B,edge,140,DONE,4.27044,4.45175,181.31015800008754,181.31015800008754,97.91,3.31,80.09015800008754,0.5571580000875542,79.53299999999999,0.0
S00006,IMS-CSCF,edge-B,edge,141,DONE,4.27238,4.46023,187.85539700002118,187.85539700002118,105.985,5.105,76.76539700002118,2.165397000021187,74.6,0.0
S00001,vRAN-DU,edge-A,edge,121,DONE,4.27795,4.38645,108.50509300007616,108.50509300007616,98.95,6.526,3.029093000076159,0.5950930000761616,2.4339999999999975,0.0
S00004,UPF,edge-B,edge,142,DONE,4.28257,4.44646,163.89374699974724,163.89374699974724,19.556,78.043,66.29474699974723,0.7387469997472351,65.556,0.0
S00006,IMS-CSCF,edge-B,edge,142,DONE,4.29965,4.46222,162.5710070002242,162.5710070002242,111.999,1.578,48.9940070002242,1.3950070002242114,47.59899999999999,0.0
S00010,IoT-GW,edge-B,edge,130,DONE,4.30233,5.06096,758.62990800033,758.62990800033,711.867,0.69,46.07290800033002,0.3769080003299905,45.696000000000026,0.0
S00005,IMS-CSCF,edge-A,edge,136,DONE,4.30825,4.78613,477.8848320001998,477.8848320001998,409.409,0.995,67.48083200019983,2.8208320001998004,64.66000000000003,0.0
S00001,vRAN-DU,edge-A,edge,122,DONE,4.31479,4.39025,75.4600179998306,75.4600179998306,8.399,5.833,61.2280179998306,0.6860179998305966,60.542,0.0
S00002,vRAN-DU,edge-B,edge,111,DONE,4.3189,4.35629,37.38939799995933,37.38939799995933,0.985,5.385,31.019397999959327,1.7833979999593268,29.236,0.0
S00010,IoT-GW,edge-B,edge,131,DONE,4.32139,5.15974,838.3480610000333,838.3480610000333,809.724,1.576,27.04806100003327,0.6580610000332854,26.389999999999986,0.0
S00005,IMS-CSCF,edge-A,edge,137,DONE,4.3228,4.78812,465.3153290000773,465.3153290000773,410.828,1.514,52.97332900007734,1.0543290000773027,51.91900000000004,0.0
S00010,IoT-GW,edge-B,edge,132,DONE,4.32341,5.24995,926.540331999604,926.540331999604,828.338,72.678,25.524331999603987,1.1293319996040054,24.394999999999982,0.0
S00009,IoT-GW,edge-A,edge,129,DONE,4.32884,5.19006,861.2161000000924,861.2161000000924,812.939,1.307,46.97010000009243,0.808100000092395,46.162000000000035,0.0
S00009,IoT-GW,edge-A,edge,130,DONE,4.33174,5.19168,859.9379859997498,859.9379859997498,815.022,0.845,44.07098599974972,0.7669859997497497,43.303999999999974,0.0
S00003,UPF,edge-A,edge,140,DONE,4.3374,4.38428,46.87379400002101,46.87379400002101,2.659,5.323,38.89179400002101,1.0077940000210077,37.884,0.0
S00006,IMS-CSCF,edge-B,edge,143,DONE,4.34502,4.47024,125.21755200032203,125.21755200032203,113.688,1.892,9.637552000322032,7.076552000322025,2.561000000000007,0.0
S00009,IoT-GW,edge-A,edge,131,DONE,4.34648,5.1935,847.0167639998181,847.0167639998181,816.004,1.915,29.097763999818085,0.41376399981811574,28.68399999999997,0.0
S00010,IoT-GW,edge-B,edge,133,DONE,4.35385,5.26797,914.1239479999967,914.1239479999967,908.142,1.848,4.133947999996735,1.0699479999967707,3.0639999999999645,0.0
S00001,vRAN-DU,edge-A,edge,123,DONE,4.35941,4.49303,133.61743900031797,133.61743900031797,16.91,97.542,19.165439000317974,1.8374390003179712,17.328000000000003,0.0
S00010,IoT-GW,edge-B,edge,134,DONE,4.36196,5.3491,987.1397389997583,987.1397389997583,981.73,2.152,3.257738999758203,2.562738999758267,0.6949999999999363,0.0
S00006,IMS-CSCF,edge-B,edge,144,DONE,4.36211,4.54833,186.21888400002717,186.21888400002717,110.119,72.217,3.882884000027161,2.9958840000271607,0.8870000000000005,0.0
S00006,IMS-CSCF,edge-B,edge,145,DONE,4.38557,4.5613,175.73284399986733,175.73284399986733,105.767,1.167,68.79884399986733,1.538843999867339,67.25999999999999,0.0
S00010,IoT-GW,edge-B,edge,135,DONE,4.3877,5.45036,1062.6613509998606,1062.6613509998606,1000.052,2.138,60.47135099986053,1.3853509998605205,59.08600000000001,0.0
S00010,IoT-GW,edge-B,edge,136,EXPIRED,4.39026,5.44856,,,1000.933,,,,,
S00004,UPF,edge-B,edge,143,DONE,4.39857,4.4543,55.736893999892345,55.736893999892345,4.01,3.326,48.40089399989235,0.8268939998923486,47.574,0.0
S00001,vRAN-DU,edge-A,edge,124,DONE,4.40597,4.48872,82.74869900014892,82.74869900014892,71.777,9.794,1.1776990001489196,0.6066990001489216,0.570999999999998,0.0
S00010,IoT-GW,edge-B,edge,137,EXPIRED,4.40836,5.44857,,,1000.918,,,,,
S00004,UPF,edge-B,edge,144,DONE,4.40852,4.46314,54.61156100000153,54.61156100000153,13.63,2.597,38.384561000001526,1.0885610000015262,37.29600000000001,0.0
S00004,UPF,edge-B,edge,145,DONE,4.40974,4.47026,60.52273600016633,60.52273600016633,17.02,2.444,41.058736000166334,4.6857360001663295,36.373000000000005,0.0
S00005,IMS-CSCF,edge-A,edge,138,DONE,4.40988,4.79447,384.5857609999257,384.5857609999257,379.974,1.19,3.4217609999257093,2.8287609999256915,0.5930000000000177,0.0
S00002,vRAN-DU,edge-B,edge,112,DONE,4.4134,4.45711,43.70833199982371,43.70833199982371,3.747,6.583,33.378331999823715,0.772331999823713,32.606,0.0
S00010,IoT-GW,edge-B,edge,138,EXPIRED,4.41968,5.44858,,,1000.899,,,,,
S00005,IMS-CSCF,edge-A,edge,139,DONE,4.42099,4.79481,373.82496700001866,373.82496700001866,370.028,1.884,1.9129670000186252,1.207967000018641,0.7049999999999841,0.0
S00009,IoT-GW,edge-A,edge,132,DONE,4.42331,5.19485,771.5427340003771,771.5427340003771,722.342,0.917,48.28373400037708,0.5057340003770605,47.77800000000002,0.0
S00004,UPF,edge-B,edge,146,DONE,4.4234,4.47511,51.71272500001578,51.71272500001578,19.933,8.457,23.32272500001578,0.8287250000157798,22.494,0.0
S00006,IMS-CSCF,edge-B,edge,146,DONE,4.42461,4.56134,136.7355989996213,136.7355989996213,108.4,1.074,27.261598999621285,1.2505989996212747,26.01100000000001,0.0
S00005,IMS-CSCF,edge-A,edge,140,DONE,4.42586,4.87882,452.952926999842,452.952926999842,322.458,84.252,46.242926999841984,0.7509269998420223,45.49199999999996,0.0
S00005,IMS-CSCF,edge-A,edge,141,DONE,4.43123,4.88284,451.6161330002433,451.6161330002433,408.068,3.035,40.51313300024327,0.7371330002432614,39.77600000000001,0.0
S00004,UPF,edge-B,edge,147,DONE,4.43353,4.5492,115.66654099988227,115.66654099988227,28.517,74.032,13.11754099988228,0.7145409998822743,12.403000000000006,0.0
S00006,IMS-CSCF,edge-B,edge,147,DONE,4.43585,4.56136,125.51335499983907,125.51335499983907,109.615,2.074,13.824354999839073,1.2433549998390703,12.581000000000003,0.0
S00001,vRAN-DU,edge-A,edge,125,DONE,4.43595,4.49885,62.907182999879296,62.907182999879296,21.133,4.606,37.1681829998793,0.5481829998792946,36.620000000000005,0.0
S00006,IMS-CSCF,edge-B,edge,148,DONE,4.44223,4.56451,122.27797200011992,122.27797200011992,113.161,1.564,7.552972000119922,0.8629720001199104,6.690000000000012,0.0
S00010,IoT-GW,edge-B,edge,139,EXPIRED,4.44354,5.44859,,,1000.875,,,,,
S00008,Transcoder,core-1,core,74,DONE,4.45562,4.48879,33.17796200008161,33.17796200008161,0.08,18.424,2.673962000081609,2.0709620000816074,0.6030000000000015,12.0
S00003,UPF,edge-A,edge,141,DONE,4.45633,4.49305,36.711235999973724,36.711235999973724,17.117,3.148,16.446235999973723,1.0822359999737259,15.363999999999997,0.0
S00007,Transcoder,core-1,core,67,DONE,4.45934,4.50881,49.46831699999166,49.46831699999166,0.085,32.311,7.072316999991656,6.469316999991655,0.6030000000000015,10.0
S00004,UPF,edge-B,edge,148,DONE,4.45946,4.55939,99.92764200023885,99.92764200023885,89.022,2.291,8.614642000238845,8.11864200023885,0.4959999999999951,0.0
S00001,vRAN-DU,edge-A,edge,126,DONE,4.45957,4.57233,112.75340100019093,112.75340100019093,25.891,73.906,12.956401000190937,0.8984010001909297,12.058000000000007,0.0
S00001,vRAN-DU,edge-A,edge,127,DONE,4.4629,4.58029,117.3836449997907,117.3836449997907,100.327,8.213,8.843644999790712,0.8436449997906976,8.000000000000014,0.0
S00007,Transcoder,core-1,core,68,DONE,4.463,4.50615,43.147667000084766,43.147667000084766,0.072,27.251,5.824667000084766,3.830667000084766,1.9939999999999998,10.0
S00005,IMS-CSCF,edge-A,edge,142,DONE,4.47148,4.88791,416.43174799992266,416.43174799992266,409.293,4.559,2.579747999922631,1.5337479999226389,1.0459999999999923,0.0
S00005,IMS-CSCF,edge-A,edge,143,DONE,4.47161,4.892,420.39259900002435,420.39259900002435,414.057,3.602,2.7335990000243555,1.5765990000243733,1.1569999999999823,0.0
S00009,IoT-GW,edge-A,edge,133,DONE,4.47282,5.28598,813.1560420001733,813.1560420001733,721.407,85.461,6.288042000173277,0.29904200017335825,5.988999999999919,0.0
S00001,vRAN-DU,edge-A,edge,128,DONE,4.47631,4.57696,100.65097500000775,100.65097500000775,93.904,2.666,4.080975000007754,3.357975000007741,0.7230000000000132,0.0
S00006,IMS-CSCF,edge-B,edge,149,DONE,4.47828,4.64948,171.19392199992944,171.19392199992944,81.777,84.477,4.939921999929425,1.1169219999294455,3.822999999999979,0.0
S00004,UPF,edge-B,edge,149,DONE,4.47849,4.56132,82.82485500012626,82.82485500012626,71.927,2.595,8.302855000126257,1.4368550001262577,6.866,0.0
S00003,UPF,edge-A,edge,142,DONE,4.4805,4.49951,19.007282000075065,19.007282000075065,14.876,2.556,1.5752820000750667,0.5152820000750644,1.0600000000000023,0.0
S00010,IoT-GW,edge-B,edge,140,DONE,4.48597,5.46474,978.7677110002733,978.7677110002733,914.644,1.98,62.14371100027324,3.2757110002733043,58.86799999999994,0.0
S00009,IoT-GW,edge-A,edge,134,DONE,4.48618,5.37389,887.7117010001712,887.7117010001712,814.841,70.197,2.6737010001711496,0.8907010001711342,1.7830000000000155,0.0
S00005,IMS-CSCF,edge-A,edge,144,DONE,4.49591,4.97166,475.7540189998508,475.7540189998508,399.216,75.296,1.2420189998508135,0.5690189998508117,0.6730000000000018,0.0
S00006,IMS-CSCF,edge-B,edge,150,DONE,4.49886,4.65356,154.69527100003688,154.69527100003688,102.673,4.076,47.94627100003689,2.5902710000368927,45.355999999999995,0.0
S00003,UPF,edge-A,edge,143,DONE,4.49897,4.57956,80.59074200036775,80.59074200036775,5.127,2.509,72.95474200036776,0.6077420003677503,72.34700000000001,0.0
S00002,vRAN-DU,edge-B,edge,113,DONE,4.49903,4.56129,62.25998799982335,62.25998799982335,0.666,4.789,56.804987999823354,3.5149879998233544,53.29,0.0
S00003,UPF,edge-A,edge,144,DONE,4.50071,4.58415,83.4426579999672,83.4426579999672,8.613,3.458,71.3716579999672,0.4836579999671926,70.888,0.0
S00005,IMS-CSCF,edge-A,edge,145,DONE,4.50093,4.97478,473.85519600038606,473.85519600038606,399.817,2.95,71.08819600038606,0.3231960003860763,70.76499999999999,0.0
S00004,UPF,edge-B,edge,150,DONE,4.50333,4.56135,58.01934600003733,58.01934600003733,7.964,2.138,47.91734600003733,1.1353460000373303,46.782,0.0
S00003,UPF,edge-A,edge,145,DONE,4.5046,4.67238,167.78287600027397,167.78287600027397,16.248,84.11,67.42487600027397,0.3618760002739805,67.06299999999999,0.0
S00007,Transcoder,core-1,core,69,DONE,4.50734,4.52675,19.411887999922328,19.411887999922328,0.171,6.427,2.813887999922329,1.9208879999223285,0.8929999999999998,10.0
S00009,IoT-GW,edge-A,edge,135,DONE,4.50998,5.39419,884.2123209997226,884.2123209997226,821.042,0.977,62.19332099972257,0.45232099972258766,61.740999999999985,0.0
S00004,UPF,edge-B,edge,151,DONE,4.52677,4.56449,37.716235000061715,37.716235000061715,10.248,4.471,22.997235000061714,0.7552350000617167,22.241999999999997,0.0
S00003,UPF,edge-A,edge,146,DONE,4.52913,4.67646,147.3332410000694,147.3332410000694,101.378,2.825,43.13024100006939,0.42924100006939625,42.70099999999999,0.0
S00001,vRAN-DU,edge-A,edge,129,DONE,4.53046,4.58315,52.69573700024921,52.69573700024921,7.899,2.982,41.81473700024921,0.7987370002492113,41.016,0.0
S00003,UPF,edge-A,edge,147,DONE,4.53275,4.68112,148.3701629999814,148.3701629999814,107.014,1.925,39.43116299998141,0.5641629999813915,38.86700000000002,0.0
S00007,Transcoder,core-1,core,70,DONE,4.53504,4.57115,36.11038099961661,36.11038099961661,0.086,23.457,2.56738099961661,1.905380999616611,0.661999999999999,10.0
S00005,IMS-CSCF,edge-A,edge,146,DONE,4.53632,4.98624,449.91961400000946,449.91961400000946,410.587,3.576,35.75661400000945,0.42661400000946514,35.329999999999984,0.0
S00001,vRAN-DU,edge-A,edge,130,DONE,4.53858,4.58888,50.29776399987895,50.29776399987895,13.345,3.36,33.592763999878954,0.590763999878952,33.001999999999995,0.0
S00009,IoT-GW,edge-A,edge,136,EXPIRED,4.54703,5.57244,,,1000.026,,,,,
S00007,Transcoder,core-1,core,71,DONE,4.54835,4.57668,28.332384999885107,28.332384999885107,1.555,13.337,3.440384999885108,2.772384999885107,0.668000000000001,10.0
S00005,IMS-CSCF,edge-A,edge,147,DONE,4.5594,5.07921,519.809419000012,519.809419000012,503.97,3.006,12.833419000011986,0.6084190000119634,12.225000000000023,0.0
S00001,vRAN-DU,edge-A,edge,131,DONE,4.56068,4.67284,112.1651240000574,112.1651240000574,17.069,83.27,11.826124000057405,0.39212400005740733,11.433999999999997,0.0
S00006,IMS-CSCF,edge-B,edge,151,DONE,4.56096,4.6556,94.63966699968296,94.63966699968296,4.827,1.209,88.60366699968296,3.196666999682961,85.407,0.0
S00010,IoT-GW,edge-B,edge,141,DONE,4.56137,5.56528,1003.9093879995562,1003.9093879995562,914.527,1.354,88.02838799955612,2.971387999556214,85.0569999999999,0.0
S00005,IMS-CSCF,edge-A,edge,148,DONE,4.56354,5.09442,530.8770999999979,530.8770999999979,518.517,3.969,8.391099999997778,0.43109999999785487,7.959999999999923,0.0
S00001,vRAN-DU,edge-A,edge,132,DONE,4.56452,4.6785,113.9867840001898,113.9867840001898,101.281,4.724,7.981784000189791,1.0697840001897987,6.911999999999992,0.0
S00006,IMS-CSCF,edge-B,edge,152,DONE,4.56461,4.66255,97.93526600014957,97.93526600014957,10.833,2.198,84.90426600014956,0.43926600014957273,84.46499999999999,0.0
S00006,IMS-CSCF,edge-B,edge,153,DONE,4.56596,4.66371,97.74681099997906,97.74681099997906,13.189,1.152,83.40581099997907,3.162810999979058,80.24300000000001,0.0
S00001,vRAN-DU,edge-A,edge,133,DONE,4.56731,4.68243,115.12160400025095,115.12160400025095,106.82,3.439,4.862604000250968,0.4866040002509493,4.376000000000019,0.0
S00003,UPF,edge-A,edge,148,DONE,4.57698,4.68793,110.95651999994516,110.95651999994516,107.003,2.37,1.5835199999451532,0.5265199999451511,1.0570000000000022,0.0
S00006,IMS-CSCF,edge-B,edge,154,DONE,4.57731,4.66615,88.83800600005998,88.83800600005998,14.509,1.116,73.21300600005998,1.736006000059973,71.477,0.0
S00005,IMS-CSCF,edge-A,edge,149,DONE,4.58317,5.17231,589.1471689997161,589.1471689997161,510.608,76.79,1.749168999716062,0.472168999716132,1.27699999999993,0.0
S00005,IMS-CSCF,edge-A,edge,150,DONE,4.58651,5.17941,592.9004459999305,592.9004459999305,589.226,1.199,2.475445999930571,0.9964459999305291,1.4790000000000418,0.0
S00005,IMS-CSCF,edge-A,edge,151,DONE,4.59619,5.18241,586.2130959999377,586.2130959999377,582.67,2.398,1.1450959999376664,0.5330959999377001,0.6119999999999663,0.0
S00002,vRAN-DU,edge-B,edge,114,DONE,4.61069,4.66039,49.69457799961674,49.69457799961674,4.401,6.231,39.06257799961674,0.9505779996167405,38.112,0.0
S00006,IMS-CSCF,edge-B,edge,155,DONE,4.61933,4.66664,47.30836199996702,47.30836199996702,15.807,1.226,30.275361999967018,1.1813619999670166,29.094,0.0
S00007,Transcoder,core-1,core,72,DONE,4.61967,4.63987,20.2067199998055,20.2067199998055,0.235,7.357,2.6147199998054997,1.9317199998055,0.6829999999999998,10.0
S00009,IoT-GW,edge-A,edge,137,DONE,4.61979,5.58792,968.1320629997572,968.1320629997572,912.158,3.819,52.155062999757206,0.45706299975722686,51.69799999999998,0.0
S00007,Transcoder,core-1,core,73,DONE,4.61984,4.63984,20.001817000320443,20.001817000320443,0.32,6.619,3.062817000320443,2.403817000320444,0.6589999999999998,10.0
S00009,IoT-GW,edge-A,edge,138,DONE,4.62519,5.58986,964.6665270001904,964.6665270001904,916.405,1.489,46.772527000190394,0.8215270001903718,45.95100000000002,0.0
S00009,IoT-GW,edge-A,edge,139,DONE,4.62856,5.67654,1047.9784250001103,1047.9784250001103,918.471,85.821,43.68642500011026,0.4394250001103046,43.24699999999996,0.0
S00007,Transcoder,core-1,core,74,DONE,4.62869,4.64946,20.77364700016915,20.77364700016915,0.055,7.101,3.61764700016915,3.1296470001691485,0.48800000000000043,10.0
S00005,IMS-CSCF,edge-A,edge,152,DONE,4.62878,5.18594,557.1548709999661,557.1548709999661,511.963,1.834,43.35787099996605,0.4248709999660605,42.93299999999999,0.0
S00006,IMS-CSCF,edge-B,edge,156,DONE,4.63914,4.66968,30.544336000275507,30.544336000275507,17.162,1.767,11.615336000275509,1.9133360002755069,9.702000000000002,0.0
S00003,UPF,edge-A,edge,149,DONE,4.63926,4.77823,138.96887000009883,138.96887000009883,101.538,3.806,33.62487000009884,0.8698700000988424,32.754999999999995,0.0
S00001,vRAN-DU,edge-A,edge,134,DONE,4.6495,4.68537,35.87915299976885,35.87915299976885,9.052,4.159,22.66815299976885,0.4871529997688455,22.181000000000004,0.0
S00002,vRAN-DU,edge-B,edge,115,DONE,4.64963,4.6604,10.774204999961512,10.774204999961512,5.47,3.905,1.399204999961512,0.6602049999615112,0.7390000000000008,0.0
S00006,IMS-CSCF,edge-B,edge,157,DONE,4.64969,4.66972,20.03244099978474,20.03244099978474,17.44,1.055,1.5374409997847387,0.8464409997847397,0.690999999999999,0.0
S00010,IoT-GW,edge-B,edge,142,EXPIRED,4.64973,5.65339,,,1002.217,,,,,
S00008,Transcoder,core-1,core,75,DONE,4.65561,4.68352,27.906774999792106,27.906774999792106,0.13,13.007,2.769774999792105,1.6307749997921057,1.1389999999999993,12.0
S00003,UPF,edge-A,edge,150,DONE,4.65585,4.78031,124.45610800023132,124.45610800023132,105.505,2.699,16.25210800023133,0.6061080002313304,15.646,0.0
S00001,vRAN-DU,edge-A,edge,135,DONE,4.6586,4.686,27.402570999583986,27.402570999583986,10.383,3.526,13.493570999583987,0.7855709995839852,12.708000000000002,0.0
S00003,UPF,edge-A,edge,151,DONE,4.66043,4.78692,126.49202199963838,126.49202199963838,110.643,4.189,11.660021999638388,0.9430219996383755,10.717000000000013,0.0
S00009,IoT-GW,edge-A,edge,140,EXPIRED,4.66616,5.67624,,,1003.605,,,,,
S00010,IoT-GW,edge-B,edge,143,DONE,4.67102,5.74958,1078.5598510001364,1078.5598510001364,920.341,81.093,77.12585100013644,0.7968510001364848,76.32899999999995,0.0
S00004,UPF,edge-B,edge,152,DONE,4.67852,4.75249,73.97781100007705,73.97781100007705,0.719,4.073,69.18581100007705,0.5638110000770524,68.622,0.0
S00002,vRAN-DU,edge-B,edge,116,DONE,4.68064,4.75271,72.0654309998281,72.0654309998281,0.639,4.169,67.2574309998281,0.43143099982809474,66.826,0.0
S00005,IMS-CSCF,edge-A,edge,153,DONE,4.68725,5.19029,503.043352000077,503.043352000077,413.477,3.278,86.288352000077,0.38235200007699177,85.906,0.0
S00010,IoT-GW,edge-B,edge,144,EXPIRED,4.68738,5.7496,,,1001.682,,,,,
S00003,UPF,edge-A,edge,152,DONE,4.69432,4.79443,100.11384500012355,100.11384500012355,13.206,3.663,83.24484500012355,4.32584500012355,78.919,0.0
S00004,UPF,edge-B,edge,153,DONE,4.69787,4.76186,63.98984899988136,63.98984899988136,8.387,5.399,50.20384899988136,1.000848999881363,49.202999999999996,0.0
S00004,UPF,edge-B,edge,154,DONE,4.71087,4.76569,54.823411000143096,54.823411000143096,14.209,3.542,37.0724110001431,0.6134110001430955,36.459,0.0
S00010,IoT-GW,edge-B,edge,145,EXPIRED,4.72283,5.74993,,,1001.668,,,,,
S00008,Transcoder,core-1,core,76,DONE,4.723,4.74563,22.62897599985081,22.62897599985081,0.098,7.265,3.2659759998508093,2.4579759998508095,0.8079999999999998,12.0
S00006,IMS-CSCF,edge-B,edge,158,DONE,4.72309,4.75469,31.605827000021236,31.605827000021236,5.372,1.609,24.624827000021234,0.6758270000212363,23.948999999999998,0.0
S00010,IoT-GW,edge-B,edge,146,EXPIRED,4.72542,5.74994,,,1001.658,,,,,
S00002,vRAN-DU,edge-B,edge,117,DONE,4.72673,4.76177,35.0393220001024,35.0393220001024,7.281,6.136,21.6223220001024,1.0193220001023988,20.603,0.0
S00007,Transcoder,core-1,core,75,DONE,4.73136,4.75314,21.775306000108685,21.775306000108685,0.05,8.37,3.355306000108685,1.8703060001086858,1.4849999999999994,10.0
S00009,IoT-GW,edge-A,edge,141,DONE,4.73825,5.77575,1037.4934930000563,1037.4934930000563,918.965,82.296,36.23249300005625,0.6614930000562254,35.571000000000026,0.0
S00010,IoT-GW,edge-B,edge,147,EXPIRED,4.74378,5.74996,,,1001.649,,,,,
S00006,IMS-CSCF,edge-B,edge,159,DONE,4.74989,4.76557,15.677277000122558,15.677277000122558,10.634,3.901,1.142277000122558,0.5352770001225586,0.6069999999999993,0.0
S00001,vRAN-DU,edge-A,edge,136,DONE,4.76422,4.78201,17.78637699999308,17.78637699999308,1.713,6.269,9.804376999993082,0.8753769999930796,8.929000000000002,0.0
S00004,UPF,edge-B,edge,155,DONE,4.7702,4.8486,78.39944300030766,78.39944300030766,0.11,76.782,1.50744300030766,0.38044300030765044,1.1270000000000095,0.0
S00010,IoT-GW,edge-B,edge,148,DONE,4.77358,5.77137,997.7910819998215,997.7910819998215,919.119,4.775,73.89708199982147,0.5870819998215211,73.30999999999995,0.0
S00005,IMS-CSCF,edge-A,edge,154,DONE,4.77768,5.19223,414.5549589998154,414.5549589998154,409.703,1.722,3.1299589998154715,2.068958999815436,1.0610000000000355,0.0
S00009,IoT-GW,edge-A,edge,142,DONE,4.77791,5.77829,1000.3814070000772,1000.3814070000772,994.873,2.526,2.98240700007716,1.7414070000771744,1.2409999999999854,0.0
S00002,vRAN-DU,edge-B,edge,118,DONE,4.77798,4.85187,73.8927440002044,73.8927440002044,0.956,3.582,69.3547440002044,1.815744000204404,67.539,0.0
S00008,Transcoder,core-1,core,77,DONE,4.7816,4.80612,24.517998000192165,24.517998000192165,0.132,10.509,1.876998000192165,1.1359980001921652,0.7409999999999997,12.0
S00010,IoT-GW,edge-B,edge,149,DONE,4.78183,5.77756,995.7284840002103,995.7284840002103,929.114,0.952,65.66248400021027,0.3504840002102583,65.31200000000001,0.0
S00001,vRAN-DU,edge-A,edge,137,DONE,4.79449,4.87883,84.34284699978889,84.34284699978889,73.643,6.649,4.050846999788888,2.567846999788884,1.483000000000004,0.0
S00009,IoT-GW,edge-A,edge,143,DONE,4.79487,5.7842,989.3274920000295,989.3274920000295,983.471,2.134,3.7224920000294333,2.8624920000294196,0.8600000000000136,0.0
S00010,IoT-GW,edge-B,edge,150,EXPIRED,4.79501,5.84869,,,1000.52,,,,,
S00010,IoT-GW,edge-B,edge,151,EXPIRED,4.79843,5.84871,,,1000.515,,,,,
S00003,UPF,edge-A,edge,153,DONE,4.79996,4.88169,81.73076699995363,81.73076699995363,3.902,2.744,75.08476699995363,0.49076699995363526,74.594,0.0
S00004,UPF,edge-B,edge,156,DONE,4.80232,4.85782,55.50139999968451,55.50139999968451,5.92,4.394,45.18739999968451,0.4863999996845081,44.701,0.0
S00003,UPF,edge-A,edge,154,DONE,4.81146,4.88671,75.24668299993209,75.24668299993209,6.814,4.85,63.58268299993209,0.7656829999320962,62.81699999999999,0.0
S00002,vRAN-DU,edge-B,edge,119,DONE,4.81389,4.85659,42.700075000084325,42.700075000084325,4.703,3.469,34.52807500008433,0.5910750000843237,33.937,0.0
S00007,Transcoder,core-1,core,76,DONE,4.81407,4.83248,18.409535000046162,18.409535000046162,0.14,6.418,1.8515350000461623,1.201535000046162,0.6500000000000004,10.0
S00006,IMS-CSCF,edge-B,edge,160,DONE,4.82046,4.85084,30.374128999937966,30.374128999937966,0.982,2.292,27.100128999937965,0.4711289999379673,26.628999999999998,0.0
S00006,IMS-CSCF,edge-B,edge,161,DONE,4.82287,4.86243,39.56514800029254,39.56514800029254,12.63,1.935,25.000148000292537,0.4051480002925416,24.594999999999995,0.0
S00010,IoT-GW,edge-B,edge,152,EXPIRED,4.82423,5.85034,,,1000.489,,,,,
S00003,UPF,edge-A,edge,155,DONE,4.82649,4.88895,62.45623999984673,62.45623999984673,12.02,1.999,48.43723999984673,0.4562399998467299,47.981,0.0
S00008,Transcoder,core-1,core,78,DONE,4.83079,4.85329,22.503151999899274,22.503151999899274,0.183,7.949,2.371151999899274,1.361151999899274,1.0099999999999998,12.0
S00007,Transcoder,core-1,core,77,DONE,4.83216,4.85145,19.291952999992645,19.291952999992645,0.197,6.833,2.261952999992644,1.4159529999926441,0.8460000000000001,10.0
S00005,IMS-CSCF,edge-A,edge,155,DONE,4.84072,5.19433,353.61510499978976,353.61510499978976,317.217,1.963,34.43510499978976,0.42710499978977623,34.00799999999998,0.0
S00002,vRAN-DU,edge-B,edge,120,DONE,4.84234,4.86081,18.470270999841887,18.470270999841887,8.362,5.185,4.923270999841886,2.7432709998418865,2.1799999999999997,0.0
S00004,UPF,edge-B,edge,157,DONE,4.84558,4.85978,14.195227000072919,14.195227000072919,10.532,1.899,1.7642270000729177,0.3692270000729181,1.3949999999999996,0.0
S00005,IMS-CSCF,edge-A,edge,156,DONE,4.84826,5.28573,437.47768799994446,437.47768799994446,319.447,83.437,34.59368799994445,0.8136879999444773,33.77999999999997,0.0
S00003,UPF,edge-A,edge,156,DONE,4.85463,4.89417,39.5444209998459,39.5444209998459,14.771,3.978,20.795420999845895,0.7784209998458991,20.016999999999996,0.0
S00010,IoT-GW,edge-B,edge,153,DONE,4.85508,5.85461,999.5255740000175,999.5255740000175,993.522,3.934,2.0695740000174965,1.4665740000175447,0.6029999999999518,0.0
S00003,UPF,edge-A,edge,157,DONE,4.8566,4.89666,40.06557699995028,40.06557699995028,19.151,2.265,18.64957699995028,0.3075769999502782,18.342000000000002,0.0
S00005,IMS-CSCF,edge-A,edge,157,DONE,4.85784,5.28633,428.49353600013274,428.49353600013274,405.908,4.358,18.227536000132716,0.28053600013271307,17.947000000000003,0.0
S00009,IoT-GW,edge-A,edge,144,DONE,4.86197,5.78748,925.5069660002846,925.5069660002846,910.225,1.944,13.33796600028461,0.4599660002845667,12.878000000000043,0.0
S00008,Transcoder,core-1,core,79,DONE,4.86777,4.89198,24.209622000398667,24.209622000398667,0.086,10.01,2.113622000398667,1.6596220003986666,0.4540000000000006,12.0
S00004,UPF,edge-B,edge,158,DONE,4.87197,4.95432,82.34374100038622,82.34374100038622,2.029,5.018,75.29674100038622,2.380741000386223,72.916,0.0
S00003,UPF,edge-A,edge,158,DONE,4.87731,4.97777,100.46307599986903,100.46307599986903,16.604,79.217,4.642075999869036,2.3420759998690386,2.299999999999997,0.0
S00004,UPF,edge-B,edge,159,DONE,4.87884,4.96199,83.15144500011229,83.15144500011229,12.192,2.098,68.8614450001123,1.2654450001122939,67.596,0.0
S00004,UPF,edge-B,edge,160,DONE,4.88069,5.04757,166.87725600013437,166.87725600013437,18.699,81.599,66.57925600013436,0.5172560001343527,66.06200000000001,0.0
S00006,IMS-CSCF,edge-B,edge,162,DONE,4.88672,4.9581,71.3830190002227,71.3830190002227,7.414,2.804,61.1650190002227,0.9130190002227039,60.251999999999995,0.0
S00006,IMS-CSCF,edge-B,edge,163,DONE,4.88896,4.96927,80.31245099982698,80.31245099982698,19.914,2.371,58.02745099982698,0.3874509998269815,57.64,0.0
S00001,vRAN-DU,edge-A,edge,138,DONE,4.89992,4.97844,78.51910800036421,78.51910800036421,1.869,3.223,73.42710800036421,0.45110800036421494,72.976,0.0
S00010,IoT-GW,edge-B,edge,154,EXPIRED,4.90036,5.95041,,,1000.281,,,,,
S00001,vRAN-DU,edge-A,edge,139,DONE,4.90065,4.98244,81.7878779998864,81.7878779998864,6.38,2.629,72.7788779998864,0.7868779998864,71.992,0.0
S00001,vRAN-DU,edge-A,edge,140,DONE,4.90231,4.98521,82.9023840001355,82.9023840001355,7.885,3.946,71.0713840001355,1.265384000135498,69.806,0.0
S00002,vRAN-DU,edge-B,edge,121,DONE,4.90661,4.95533,48.719057999733195,48.719057999733195,0.096,7.986,40.637057999733194,0.5610579997331939,40.076,0.0
S00003,UPF,edge-A,edge,159,DONE,4.91106,4.98111,70.04824500018003,70.04824500018003,2.562,5.175,62.31124500018003,0.5762450001800374,61.73499999999999,0.0
S00005,IMS-CSCF,edge-A,edge,158,DONE,4.91129,5.29662,385.33403699966584,385.33403699966584,318.248,3.546,63.54003699966586,1.8850369996658287,61.65500000000003,0.0
S00004,UPF,edge-B,edge,161,DONE,4.92366,5.05668,133.01851200003512,133.01851200003512,104.225,4.932,23.86151200003512,1.0635120000351037,22.798000000000016,0.0
S00006,IMS-CSCF,edge-B,edge,164,DONE,4.92392,5.06008,136.1594149998382,136.1594149998382,112.024,1.037,23.098414999838184,0.868414999838194,22.22999999999999,0.0
S00005,IMS-CSCF,edge-A,edge,159,DONE,4.92527,5.30784,382.571138000003,382.571138000003,322.176,8.701,51.694138000002965,1.5351380000029735,50.15899999999999,0.0
S00002,vRAN-DU,edge-B,edge,122,DONE,4.93067,4.96571,35.04528100029347,35.04528100029347,10.357,8.075,16.613281000293473,0.8232810002934698,15.790000000000003,0.0
S00010,IoT-GW,edge-B,edge,155,EXPIRED,4.93209,5.9535,,,1000.245,,,,,
S00002,vRAN-DU,edge-B,edge,123,DONE,4.93343,4.9668,33.37390999968193,33.37390999968193,14.664,5.047,13.66290999968193,0.7059099996819285,12.957,0.0
S00007,Transcoder,core-1,core,78,DONE,4.93357,4.95482,21.250114999929792,21.250114999929792,0.121,8.537,2.592114999929791,1.752114999929793,0.8399999999999981,10.0
S00002,vRAN-DU,edge-B,edge,124,DONE,4.9399,5.05143,111.53029800016157,111.53029800016157,22.356,81.587,7.587298000161553,0.8922980001615599,6.694999999999993,0.0
S00010,IoT-GW,edge-B,edge,156,EXPIRED,4.94773,5.9536,,,1003.406,,,,,
S00001,vRAN-DU,edge-A,edge,141,DONE,4.9508,4.99104,40.235135999864724,40.235135999864724,12.253,3.093,24.889135999864724,0.7061359998647205,24.183000000000003,0.0
S00004,UPF,edge-B,edge,162,DONE,4.9544,5.05918,104.78116700005558,104.78116700005558,100.757,2.006,2.01816700005557,1.075167000055572,0.9429999999999978,0.0
S00010,IoT-GW,edge-B,edge,157,DONE,4.95812,5.95764,999.5264789999965,999.5264789999965,994.446,1.945,3.135478999996394,0.8144789999964814,2.3209999999999127,0.0
S00005,IMS-CSCF,edge-A,edge,160,DONE,4.96436,5.37393,409.5665929999086,409.5665929999086,331.402,68.503,9.661592999908635,0.7735929999086011,8.888000000000034,0.0
S00001,vRAN-DU,edge-A,edge,142,DONE,4.96572,5.07468,108.9513199999601,108.9513199999601,12.864,87.732,8.355319999960102,0.659319999960104,7.695999999999998,0.0
S00005,IMS-CSCF,edge-A,edge,161,DONE,4.96691,5.38214,415.22993499984295,415.22993499984295,406.378,1.786,7.065934999842966,2.14593499984295,4.920000000000016,0.0
S00001,vRAN-DU,edge-A,edge,143,DONE,4.96842,5.076,107.57473500007109,107.57473500007109,15.465,86.747,5.362735000071083,0.41573500007108066,4.947000000000003,0.0
S00004,UPF,edge-B,edge,163,DONE,4.97152,5.06321,91.69231500027308,91.69231500027308,14.261,2.058,75.37331500027308,0.46331500027308437,74.91,0.0
S00009,IoT-GW,edge-A,edge,145,DONE,4.97393,5.78925,815.3168310000183,815.3168310000183,812.895,0.879,1.5428310000182819,0.588831000018331,0.9539999999999509,0.0
S00009,IoT-GW,edge-A,edge,146,DONE,4.98365,5.79026,806.6157749999547,806.6157749999547,804.888,0.744,0.9837749999546759,0.5367749999547868,0.44699999999988904,0.0
S00010,IoT-GW,edge-B,edge,158,DONE,4.98377,5.9705,986.7357080001966,986.7357080001966,919.009,0.964,66.76270800019654,0.8267080001966178,65.93599999999992,0.0
S00004,UPF,edge-B,edge,164,DONE,4.98507,5.15143,166.3605080002526,166.3605080002526,16.596,87.75,62.01450800025259,0.4215080002526008,61.59299999999999,0.0
S00003,UPF,edge-A,edge,160,DONE,4.99226,5.07808,85.81188200014367,85.81188200014367,2.529,3.477,79.80588200014367,0.6268820001436666,79.179,0.0
S00006,IMS-CSCF,edge-B,edge,165,DONE,4.99356,5.15462,161.0599360001288,161.0599360001288,104.549,3.405,53.10593600012879,0.5459360001287905,52.56,0.0
S00010,IoT-GW,edge-B,edge,159,DONE,4.99693,5.97448,977.5462100001278,977.5462100001278,923.449,3.254,50.84321000012778,0.6932100001278059,50.14999999999998,0.0
S00006,IMS-CSCF,edge-B,edge,166,DONE,4.99978,5.15797,158.1837259996064,158.1837259996064,109.693,1.184,47.3067259996064,0.5657259996063999,46.741,0.0
S00001,vRAN-DU,edge-A,edge,144,DONE,5.00521,5.09026,85.05146399966179,85.05146399966179,7.303,11.102,66.64646399966179,0.6094639996617985,66.03699999999999,0.0
S00007,Transcoder,core-1,core,79,DONE,5.01272,5.03413,21.408879000318848,21.408879000318848,0.087,7.638,3.683879000318848,2.376879000318848,1.3070000000000004,10.0
S00007,Transcoder,core-1,core,80,DONE,5.01818,5.03815,19.9716840002111,19.9716840002111,0.083,7.675,2.2136840002110993,1.4336840002110982,0.7800000000000002,10.0
S00010,IoT-GW,edge-B,edge,160,EXPIRED,5.02196,6.04745,,,1000.427,,,,,
S00001,vRAN-DU,edge-A,edge,145,DONE,5.02214,5.08438,62.236561000190704,62.236561000190704,8.831,2.936,50.46956100019071,1.163561000190704,49.306,0.0
S00003,UPF,edge-A,edge,161,DONE,5.02542,5.08717,61.751716999879136,61.751716999879136,11.892,3.418,46.441716999879134,0.7757169998791369,45.666,0.0
S00002,vRAN-DU,edge-B,edge,125,DONE,5.02555,5.05666,31.111545999920054,31.111545999920054,0.609,8.668,21.834545999920053,0.8145459999200533,21.020000000000003,0.0
S00010,IoT-GW,edge-B,edge,161,EXPIRED,5.02679,6.04746,,,1000.412,,,,,
S00010,IoT-GW,edge-B,edge,162,EXPIRED,5.02687,6.04746,,,1000.408,,,,,
S00002,vRAN-DU,edge-B,edge,126,DONE,5.02815,5.14793,119.78174600017155,119.78174600017155,9.553,89.592,20.636746000171556,1.3507460001715543,19.286,0.0
S00004,UPF,edge-B,edge,165,DONE,5.02958,5.15867,129.09791399988535,129.09791399988535,108.355,3.615,17.12791399988535,0.3189139998853534,16.808999999999997,0.0
S00001,vRAN-DU,edge-A,edge,146,DONE,5.03636,5.09056,54.20219300003737,54.20219300003737,15.464,2.929,35.80919300003737,0.42319300003736515,35.386,0.0
S00003,UPF,edge-A,edge,162,DONE,5.04346,5.09242,48.95530700014206,48.95530700014206,18.617,1.863,28.475307000142056,0.5053070001420537,27.970000000000002,0.0
S00009,IoT-GW,edge-A,edge,147,DONE,5.05144,5.79159,740.1515609999478,740.1515609999478,718.376,1.216,20.55956099994785,0.6255609999478793,19.93399999999997,0.0
S00008,Transcoder,core-1,core,80,DONE,5.0592,5.08439,25.191302000166615,25.191302000166615,0.087,9.388,3.716302000166616,2.939302000166615,0.777000000000001,12.0
S00003,UPF,edge-A,edge,163,DONE,5.0602,5.09498,34.786252999765566,34.786252999765566,20.655,2.492,11.639252999765564,0.49625299976556647,11.142999999999997,0.0
S00002,vRAN-DU,edge-B,edge,127,DONE,5.06219,5.15196,89.77552700025626,89.77552700025626,83.268,4.538,1.9695270002562637,0.7305270002562594,1.2390000000000043,0.0
S00004,UPF,edge-B,edge,166,DONE,5.06228,5.16642,104.14162899996882,104.14162899996882,95.942,2.807,5.392628999968821,0.5146289999688207,4.878,0.0
S00002,vRAN-DU,edge-B,edge,128,DONE,5.06751,5.15543,87.92185700031041,87.92185700031041,4.526,4.122,79.27385700031041,0.5018570003104088,78.772,0.0
S00004,UPF,edge-B,edge,167,DONE,5.06994,5.17012,100.18128499996237,100.18128499996237,19.503,3.726,76.95228499996237,0.6502849999623663,76.302,0.0
S00006,IMS-CSCF,edge-B,edge,167,DONE,5.0701,5.17077,100.66765500005204,100.66765500005204,13.594,10.38,76.69365500005203,0.5176550000520308,76.176,0.0
S00003,UPF,edge-A,edge,164,DONE,5.07355,5.17999,106.44479199982015,106.44479199982015,21.155,84.009,1.2807919998201527,0.664791999820153,0.6159999999999997,0.0
S00003,UPF,edge-A,edge,165,DONE,5.07922,5.18306,103.83553100018617,103.83553100018617,100.43,2.311,1.0945310001861515,0.4165310001861684,0.6779999999999831,0.0
S00006,IMS-CSCF,edge-B,edge,168,DONE,5.0844,5.17574,91.3425300000199,91.3425300000199,27.009,1.928,62.40553000001991,0.29053000001989915,62.11500000000001,0.0
S00003,UPF,edge-A,edge,166,DONE,5.08467,5.18615,101.48227699983181,101.48227699983181,97.722,2.666,1.0942769998318198,0.32927699983180503,0.7650000000000148,0.0
S00009,IoT-GW,edge-A,edge,148,DONE,5.08845,5.79252,704.077634999976,704.077634999976,701.663,0.965,1.449634999975956,0.29363499997600684,1.155999999999949,0.0
S00005,IMS-CSCF,edge-A,edge,162,DONE,5.09061,5.3837,293.08747400000357,293.08747400000357,290.55,1.661,0.8764740000035545,0.4094740000035699,0.46699999999998454,0.0
S00006,IMS-CSCF,edge-B,edge,169,DONE,5.09508,5.25514,160.06441499985158,160.06441499985158,102.649,5.521,51.89441499985158,0.48641499985157566,51.408,0.0
S00010,IoT-GW,edge-B,edge,163,DONE,5.11474,6.15641,1041.6756839999834,1041.6756839999834,919.947,89.419,32.30968399998346,0.9976839999833373,31.312000000000126,0.0
S00009,IoT-GW,edge-A,edge,149,DONE,5.11681,5.79337,676.5590270001667,676.5590270001667,616.512,0.68,59.367027000166786,0.6880270001666986,58.67900000000009,0.0
S00008,Transcoder,core-1,core,81,DONE,5.11695,5.1412,24.248262000128307,24.248262000128307,0.092,9.346,2.810262000128306,2.095262000128306,0.7149999999999999,12.0
S00003,UPF,edge-A,edge,167,DONE,5.11701,5.18813,71.12070399989534,71.12070399989534,9.742,2.214,59.16470399989534,0.679703999895338,58.485,0.0
S00008,Transcoder,core-1,core,82,DONE,5.13224,5.15341,21.17556599978343,21.17556599978343,0.09,6.405,2.680565999783429,1.8285659997834287,0.8520000000000003,12.0
S00004,UPF,edge-B,edge,168,DONE,5.13241,5.17514,42.73456200007786,42.73456200007786,23.714,4.104,14.91656200007786,0.4975620000778562,14.419000000000004,0.0
S00005,IMS-CSCF,edge-A,edge,163,DONE,5.14121,5.38691,245.69901999984722,245.69901999984722,208.512,2.191,34.99601999984722,0.44701999984721397,34.54900000000001,0.0
S00005,IMS-CSCF,edge-A,edge,164,DONE,5.15018,5.39148,241.29242400022122,241.29242400022122,213.576,1.631,26.085424000221224,0.5214240002212307,25.563999999999993,0.0
S00004,UPF,edge-B,edge,169,DONE,5.15144,5.24876,97.32546100030959,97.32546100030959,20.368,73.342,3.615461000309594,0.6204610003095894,2.9950000000000045,0.0
S00008,Transcoder,core-1,core,83,DONE,5.15312,5.17425,21.135078999577672,21.135078999577672,0.086,7.905,1.1440789995776726,0.6900789995776719,0.45399999999999974,12.0
S00005,IMS-CSCF,edge-A,edge,165,DONE,5.15544,5.39293,237.49203899978966,237.49203899978966,215.359,1.165,20.968038999789655,0.520038999789648,20.448000000000008,0.0
S00008,Transcoder,core-1,core,84,DONE,5.15551,5.17513,19.620336999651045,19.620336999651045,0.069,5.761,1.7903369996510445,1.4203369996510453,0.3700000000000001,12.0
S00006,IMS-CSCF,edge-B,edge,170,DONE,5.15975,5.26715,107.3986699998386,107.3986699998386,99.451,6.332,1.615669999838616,0.418669999838599,1.197000000000017,0.0
S00009,IoT-GW,edge-A,edge,150,DONE,5.16015,5.79417,634.0168629999425,634.0168629999425,617.29,0.667,16.05986299994254,0.5128629999425129,15.547000000000025,0.0
S00005,IMS-CSCF,edge-A,edge,166,DONE,5.17386,5.47567,301.8109189997631,301.8109189997631,217.604,81.559,2.6479189997630783,0.896918999763102,1.7509999999999764,0.0
S00002,vRAN-DU,edge-B,edge,129,DONE,5.18775,5.25408,66.32588899992697,66.32588899992697,59.727,3.583,3.015888999926979,1.3718889999269805,1.6439999999999984,0.0
S00007,Transcoder,core-1,core,81,DONE,5.19036,5.21176,21.397718000116583,21.397718000116583,0.114,8.915,2.3687180001165835,1.7177180001165837,0.6509999999999998,10.0
S00006,IMS-CSCF,edge-B,edge,171,DONE,5.19169,5.34785,156.16235700008474,156.16235700008474,92.783,61.846,1.5333570000847487,0.6823570000847496,0.8509999999999991,0.0
S00008,Transcoder,core-1,core,85,DONE,5.1921,5.21286,20.76369899987185,20.76369899987185,0.116,6.273,2.3746989998718497,1.5396989998718489,0.8350000000000009,12.0
S00002,vRAN-DU,edge-B,edge,130,DONE,5.20313,5.26018,57.05039500026032,57.05039500026032,46.734,5.856,4.46039500026032,2.5463950002603255,1.9139999999999944,0.0
S00008,Transcoder,core-1,core,86,DONE,5.20545,5.22757,22.11811500001204,22.11811500001204,0.076,7.399,2.64311500001204,1.0941150000120405,1.5489999999999995,12.0
S00008,Transcoder,core-1,core,87,DONE,5.20671,5.23046,23.742847999983496,23.742847999983496,0.146,8.51,3.0868479999834957,2.592847999983496,0.4939999999999998,12.0
S00001,vRAN-DU,edge-A,edge,147,DONE,5.20992,5.28617,76.24944500003039,76.24944500003039,67.495,2.831,5.923445000030384,0.3904450000303967,5.532999999999987,0.0
S00002,vRAN-DU,edge-B,edge,131,DONE,5.21918,5.26046,41.2828339999578,41.2828339999578,35.085,5.288,0.9098339999577973,0.4018339999578018,0.5079999999999956,0.0
S00009,IoT-GW,edge-A,edge,151,DONE,5.22209,5.79532,573.2258709999769,573.2258709999769,570.825,0.696,1.7048709999768334,0.5368709999769408,1.1679999999998927,0.0
S00009,IoT-GW,edge-A,edge,152,DONE,5.22433,5.79595,571.620000999701,571.620000999701,569.934,0.683,1.0030009997010438,0.5360009997010593,0.46699999999998454,0.0
S00006,IMS-CSCF,edge-B,edge,172,DONE,5.22666,5.35641,129.75022099999478,129.75022099999478,124.34,4.085,1.3252209999947695,0.7272209999947847,0.5979999999999848,0.0
S00010,IoT-GW,edge-B,edge,164,EXPIRED,5.23015,6.2479,,,1015.498,,,,,
S00002,vRAN-DU,edge-B,edge,132,DONE,5.23031,5.27235,42.03904399992098,42.03904399992098,35.868,3.451,2.720043999920975,0.6890439999209761,2.030999999999999,0.0
S00001,vRAN-DU,edge-A,edge,148,DONE,5.23174,5.29658,64.8485140000048,64.8485140000048,48.47,10.289,6.089514000004797,2.755514000004794,3.334000000000003,0.0
S00008,Transcoder,core-1,core,88,DONE,5.2362,5.26444,28.246182999737357,28.246182999737357,0.093,11.694,4.459182999737358,3.7031829997373578,0.7559999999999985,12.0
S00010,IoT-GW,edge-B,edge,165,EXPIRED,5.2376,6.24909,,,1007.85,,,,,
S00006,IMS-CSCF,edge-B,edge,173,DONE,5.23996,5.44854,208.58169600023757,208.58169600023757,123.705,81.936,2.9406960002375513,1.0966960002375572,1.843999999999994,0.0
S00008,Transcoder,core-1,core,89,DONE,5.24339,5.27234,28.94627399973615,28.94627399973615,0.086,8.351,8.509273999736148,3.1002739997361495,5.408999999999999,12.0
S00004,UPF,edge-B,edge,170,DONE,5.25117,5.26621,15.040485999634257,15.040485999634257,6.108,7.627,1.3054859996342572,0.4914859996342571,0.8140000000000001,0.0
S00002,vRAN-DU,edge-B,edge,133,DONE,5.2565,5.28435,27.85002699965844,27.85002699965844,11.82,14.793,1.2370269996584398,0.6160269996584375,0.6210000000000022,0.0
S00005,IMS-CSCF,edge-A,edge,167,DONE,5.26167,5.58713,325.45837799989386,325.45837799989386,320.99,3.482,0.9863779998938185,0.5633779998938735,0.422999999999945,0.0
S00007,Transcoder,core-1,core,82,DONE,5.26805,5.30781,39.765161000104854,39.765161000104854,0.081,15.492,14.192161000104853,13.075161000104853,1.1170000000000009,10.0
S00001,vRAN-DU,edge-A,edge,149,DONE,5.26817,5.29167,23.498631000165915,23.498631000165915,12.443,4.897,6.158631000165915,0.9256310001659145,5.2330000000000005,0.0
S00002,vRAN-DU,edge-B,edge,134,DONE,5.26824,5.28509,16.848821000166936,16.848821000166936,1.449,13.273,2.1268210001669363,0.3858210001669349,1.7410000000000014,0.0
S00005,IMS-CSCF,edge-A,edge,168,DONE,5.27236,5.58906,316.70146899978135,316.70146899978135,314.57,1.351,0.7804689997813625,0.4814689997813275,0.299000000000035,0.0
S00006,IMS-CSCF,edge-B,edge,174,DONE,5.27246,5.45168,179.2146469997533,179.2146469997533,174.399,3.407,1.4086469997533015,0.8326469997533081,0.5759999999999934,0.0
S00007,Transcoder,core-1,core,83,DONE,5.27773,5.31523,37.499396999919554,37.499396999919554,0.159,15.126,12.214396999919554,11.475396999919553,0.7390000000000008,10.0
S00002,vRAN-DU,edge-B,edge,135,DONE,5.27787,5.35377,75.89760700011539,75.89760700011539,62.162,4.305,9.430607000115387,0.49760700011538006,8.933000000000007,0.0
S00004,UPF,edge-B,edge,171,DONE,5.28267,5.35404,71.36370499983968,71.36370499983968,63.662,3.354,4.347704999839678,0.8357049998396775,3.5120000000000005,0.0
S00001,vRAN-DU,edge-A,edge,150,DONE,5.28436,5.30783,23.47044000043752,23.47044000043752,5.027,10.895,7.54844000043752,3.2504400004375213,4.297999999999998,0.0
S00002,vRAN-DU,edge-B,edge,136,DONE,5.28444,5.36184,77.4078780000309,77.4078780000309,6.095,6.835,64.4778780000309,0.4898780000308989,63.98800000000001,0.0
S00003,UPF,edge-A,edge,168,DONE,5.29896,5.37996,81.0060369999519,81.0060369999519,1.809,6.047,73.15003699995191,7.686036999951909,65.464,0.0
S00003,UPF,edge-A,edge,169,DONE,5.30043,5.38513,84.69497499982026,84.69497499982026,8.416,4.599,71.67997499982026,6.324974999820256,65.355,0.0
S00003,UPF,edge-A,edge,170,DONE,5.30916,5.38977,80.6143360000533,80.6143360000533,15.159,1.867,63.5883360000533,0.6533360000533008,62.935,0.0
S00003,UPF,edge-A,edge,171,DONE,5.31154,5.39274,81.20663500039882,81.20663500039882,17.531,3.088,60.58763500039882,0.3136350003988184,60.274,0.0
S00002,vRAN-DU,edge-B,edge,137,DONE,5.31395,5.36474,50.78995199983183,50.78995199983183,13.097,4.397,33.29595199983183,0.7819519998318256,32.514,0.0
S00005,IMS-CSCF,edge-A,edge,169,DONE,5.32756,5.59107,263.5105209997164,263.5105209997164,217.527,1.432,44.551520999716416,0.5265209997164106,44.025000000000006,0.0
S00009,IoT-GW,edge-A,edge,153,DONE,5.33315,5.79688,463.72831799999403,463.72831799999403,423.922,0.671,39.135317999994015,0.6443179999940298,38.490999999999985,0.0
S00001,vRAN-DU,edge-A,edge,151,DONE,5.33331,5.37927,45.96977299979699,45.96977299979699,1.577,5.32,39.07277299979699,0.686772999796986,38.386,0.0
S00004,UPF,edge-B,edge,172,DONE,5.34766,5.36462,16.96266499993726,16.96266499993726,7.249,7.568,2.14566499993726,0.544664999937261,1.600999999999999,0.0
S00002,vRAN-DU,edge-B,edge,138,DONE,5.34911,5.4464,97.29542100012623,97.29542100012623,13.68,80.585,3.030421000126239,0.4734210001262227,2.5570000000000164,0.0
S00006,IMS-CSCF,edge-B,edge,175,DONE,5.35117,5.45589,104.72327199977371,104.72327199977371,100.311,1.597,2.8152719997737137,2.310271999773718,0.5049999999999955,0.0
S00010,IoT-GW,edge-B,edge,166,DONE,5.35128,6.26516,913.873373000115,913.873373000115,908.703,1.718,3.452373000115017,2.2403730001149142,1.2120000000001028,0.0
S00010,IoT-GW,edge-B,edge,167,EXPIRED,5.35383,6.35853,,,1001.531,,,,,
S00009,IoT-GW,edge-A,edge,154,DONE,5.35525,5.79764,442.38896300021224,442.38896300021224,424.722,0.668,16.998963000212257,0.5039630002122522,16.495000000000005,0.0
S00003,UPF,edge-A,edge,172,DONE,5.35644,5.47493,118.48820599971077,118.48820599971077,20.817,81.376,16.29520599971076,0.7282059997107666,15.566999999999993,0.0
S00009,IoT-GW,edge-A,edge,155,DONE,5.36123,5.79888,437.6483740002186,437.6483740002186,425.523,0.964,11.161374000218586,0.5533740002185823,10.608000000000004,0.0
S00006,IMS-CSCF,edge-B,edge,176,DONE,5.36194,5.46151,99.57231399994271,99.57231399994271,94.257,2.997,2.3183139999427027,0.4153139999427111,1.9029999999999916,0.0
S00010,IoT-GW,edge-B,edge,168,DONE,5.36215,6.36415,1002.0006899999316,1002.0006899999316,996.859,3.31,1.8316899999316547,0.6256899999316374,1.2060000000000173,0.0
S00004,UPF,edge-B,edge,173,DONE,5.36444,5.45544,90.99409500004185,90.99409500004185,4.292,2.025,84.67709500004185,0.4300950000418595,84.24699999999999,0.0
S00010,IoT-GW,edge-B,edge,169,EXPIRED,5.36697,6.44889,,,1001.047,,,,,
S00003,UPF,edge-A,edge,173,DONE,5.3724,5.48304,110.63919599973815,110.63919599973815,102.468,6.309,1.862195999738148,0.7901959997381454,1.0720000000000027,0.0
S00003,UPF,edge-A,edge,174,DONE,5.37394,5.48619,112.25152499991964,112.25152499991964,107.939,2.92,1.3925249999196438,0.5315249999196396,0.8610000000000042,0.0
S00010,IoT-GW,edge-B,edge,170,EXPIRED,5.37456,6.44978,,,1001.035,,,,,
S00004,UPF,edge-B,edge,174,DONE,5.37588,5.46132,85.44172699976116,85.44172699976116,8.292,4.404,72.74572699976116,0.8017269997611578,71.944,0.0
S00004,UPF,edge-B,edge,175,DONE,5.38189,5.54736,165.46874799996658,165.46874799996658,13.066,85.808,66.59474799996657,0.7837479999665788,65.81099999999999,0.0
S00004,UPF,edge-B,edge,176,DONE,5.38218,5.55413,171.95275499989293,171.95275499989293,100.285,5.945,65.72275499989294,0.5067549998929337,65.21600000000001,0.0
S00001,vRAN-DU,edge-A,edge,152,DONE,5.38343,5.38974,6.309802999567182,6.309802999567182,0.632,3.634,2.0438029995671823,1.0478029995671827,0.9959999999999996,0.0
S00010,IoT-GW,edge-B,edge,171,EXPIRED,5.38351,6.4503,,,1000.998,,,,,
S00009,IoT-GW,edge-A,edge,156,DONE,5.38918,5.80061,411.4295819999825,411.4295819999825,408.318,1.902,1.209581999982504,0.3205819999824939,0.88900000000001,0.0
S00010,IoT-GW,edge-B,edge,172,EXPIRED,5.38957,6.45031,,,1000.99,,,,,
S00003,UPF,edge-A,edge,175,DONE,5.3942,5.57621,182.01051899995946,182.01051899995946,15.246,88.022,78.74251899995946,0.5185189999594684,78.22399999999999,0.0
S00001,vRAN-DU,edge-A,edge,153,DONE,5.40477,5.48126,76.49172999981602,76.49172999981602,2.131,5.96,68.40072999981602,1.238729999816016,67.162,0.0
S00007,Transcoder,core-1,core,84,DONE,5.40495,5.4332,28.244481999990967,28.244481999990967,0.102,15.519,2.6234819999909664,1.9214819999909665,0.702,10.0
S00003,UPF,edge-A,edge,176,DONE,5.41037,5.58231,171.94189000019833,171.94189000019833,103.692,4.088,64.16189000019834,0.8718900001983343,63.290000000000006,0.0
S00004,UPF,edge-B,edge,177,DONE,5.41292,5.5587,145.77393999979904,145.77393999979904,106.601,4.042,35.13093999979904,0.9299399997990463,34.20099999999999,0.0
S00006,IMS-CSCF,edge-B,edge,177,DONE,5.41311,5.54851,135.3951920000327,135.3951920000327,16.404,84.106,34.8851920000327,0.8251920000327004,34.06,0.0
S00008,Transcoder,core-1,core,90,DONE,5.4144,5.44489,30.495670000163955,30.495670000163955,0.147,12.186,6.162670000163956,3.7826700001639555,2.379999999999999,12.0
S00001,vRAN-DU,edge-A,edge,154,DONE,5.41451,5.48782,73.31275800015646,73.31275800015646,8.307,6.688,58.31775800015646,0.3937580001564669,57.92399999999999,0.0
S00009,IoT-GW,edge-A,edge,157,DONE,5.42631,5.80223,375.9257050000997,375.9257050000997,328.553,0.893,46.47970500009973,0.8287050000997169,45.65100000000001,0.0
S00002,vRAN-DU,edge-B,edge,139,DONE,5.43321,5.4577,24.488125999596377,24.488125999596377,1.3,8.715,14.473125999596377,0.5841259995963775,13.889,0.0
S00006,IMS-CSCF,edge-B,edge,178,DONE,5.43335,5.5638,130.45860700003686,130.45860700003686,114.134,1.67,14.654607000036862,0.87660700003687,13.777999999999992,0.0
S00006,IMS-CSCF,edge-B,edge,179,DONE,5.43345,5.6482,214.7510740001053,214.7510740001053,117.555,82.538,14.658074000105273,1.069074000105303,13.58899999999997,0.0
S00004,UPF,edge-B,edge,178,DONE,5.43804,5.56134,123.29430099998717,123.29430099998717,110.893,2.37,10.031300999987167,0.4083009999871763,9.62299999999999,0.0
S00009,IoT-GW,edge-A,edge,158,DONE,5.44051,5.87706,436.5428929995687,436.5428929995687,329.568,74.237,32.73789299956877,0.996892999568729,31.741000000000042,0.0
S00004,UPF,edge-B,edge,179,DONE,5.44191,5.56618,124.27361699974426,124.27361699974426,113.536,4.721,6.016616999744258,0.5926169997442656,5.423999999999992,0.0
S00009,IoT-GW,edge-A,edge,159,DONE,5.4421,5.8886,446.4994059999299,446.4994059999299,410.062,5.164,31.273405999929878,1.0844059999298565,30.18900000000002,0.0
S00006,IMS-CSCF,edge-B,edge,180,DONE,5.4486,5.66928,220.68595199971242,220.68595199971242,214.268,3.08,3.337951999712402,1.7309519997124028,1.6069999999999993,0.0
S00004,UPF,edge-B,edge,180,DONE,5.4487,5.65243,203.73091399960686,203.73091399960686,114.889,83.516,5.325913999606854,4.071913999606863,1.2539999999999907,0.0
S00009,IoT-GW,edge-A,edge,160,DONE,5.45392,5.97351,519.5852970000487,519.5852970000487,420.335,79.265,19.985297000048774,1.4542970000487685,18.531000000000006,0.0
S00004,UPF,edge-B,edge,181,DONE,5.45545,5.65689,201.44201899984182,201.44201899984182,193.751,5.395,2.296018999841806,0.5860189998418264,1.7099999999999795,0.0
S00006,IMS-CSCF,edge-B,edge,181,DONE,5.4571,5.76204,304.9399779997657,304.9399779997657,294.09,9.238,1.6119779997657133,0.4879779997656897,1.1240000000000236,0.0
S00010,IoT-GW,edge-B,edge,173,EXPIRED,5.46094,6.46563,,,1000.921,,,,,
S00001,vRAN-DU,edge-A,edge,155,DONE,5.46478,5.5752,110.4185009999128,110.4185009999128,13.209,87.188,10.021500999912789,1.0995009999127916,8.921999999999997,0.0
S00010,IoT-GW,edge-B,edge,174,EXPIRED,5.4675,6.55016,,,1001.927,,,,,
S00007,Transcoder,core-1,core,85,DONE,5.48128,5.50712,25.84209299993745,25.84209299993745,0.085,13.058,2.6990929999374487,2.086092999937449,0.6129999999999995,10.0
S00009,IoT-GW,edge-A,edge,161,DONE,5.48194,5.97646,494.5272350000778,494.5272350000778,491.298,1.948,1.2812350000777997,0.6382350000777706,0.6430000000000291,0.0
S00006,IMS-CSCF,edge-B,edge,182,DONE,5.48529,5.76628,280.9891679999055,280.9891679999055,214.107,4.161,62.721167999905475,0.47216799990548,62.248999999999995,0.0
S00006,IMS-CSCF,edge-B,edge,183,DONE,5.4862,5.7746,288.3967650000159,288.3967650000159,224.413,1.076,62.90776500001587,0.3397650000158592,62.56800000000001,0.0
S00005,IMS-CSCF,edge-A,edge,170,DONE,5.49422,5.67331,179.09433300019373,179.09433300019373,19.661,81.272,78.16133300019372,6.37233300019372,71.789,0.0
S00005,IMS-CSCF,edge-A,edge,171,DONE,5.49804,5.68176,183.72486699990986,183.72486699990986,107.918,1.945,73.86186699990986,2.423866999909876,71.43799999999999,0.0
S00002,vRAN-DU,edge-B,edge,140,DONE,5.49836,5.55425,55.89269599977342,55.89269599977342,1.13,4.927,49.83569599977342,0.45869599977342546,49.376999999999995,0.0
S00003,UPF,edge-A,edge,177,DONE,5.5001,5.58429,84.1938889998346,84.1938889998346,8.704,3.344,72.1458889998346,0.4868889998346049,71.65899999999999,0.0
S00010,IoT-GW,edge-B,edge,175,EXPIRED,5.50024,6.55024,,,1001.87,,,,,
S00005,IMS-CSCF,edge-A,edge,172,DONE,5.50308,5.68766,184.58039699999063,184.58039699999063,114.065,1.55,68.96539699999063,0.600396999990636,68.365,0.0
S00004,UPF,edge-B,edge,182,DONE,5.50564,5.66411,158.47465299975738,158.47465299975738,110.589,4.341,43.54465299975739,1.4076529997573743,42.137000000000015,0.0
S00004,UPF,edge-B,edge,183,DONE,5.50628,5.66927,162.98412300011478,162.98412300011478,115.332,4.498,43.15412300011478,0.7371230001147637,42.417000000000016,0.0
S00005,IMS-CSCF,edge-A,edge,173,DONE,5.50641,5.69265,186.2402709998605,186.2402709998605,115.848,4.507,65.88527099986051,0.8542709998605176,65.03099999999999,0.0
S00006,IMS-CSCF,edge-B,edge,184,DONE,5.5176,5.77632,258.7231070001508,258.7231070001508,225.631,2.675,30.417107000150764,0.834107000150766,29.583,0.0
S00004,UPF,edge-B,edge,184,DONE,5.51785,5.75161,233.7584190004236,233.7584190004236,120.881,80.55,32.32741900042362,2.5364190004235923,29.791000000000025,0.0
S00005,IMS-CSCF,edge-A,edge,174,DONE,5.52227,5.78052,258.2488269999885,258.2488269999885,120.821,87.373,50.05482699998851,0.7988269999885347,49.25599999999997,0.0
S00004,UPF,edge-B,edge,185,DONE,5.52246,5.75306,230.60768799996367,230.60768799996367,201.76,2.519,26.328687999963677,0.6896879999636667,25.63900000000001,0.0
S00002,vRAN-DU,edge-B,edge,141,DONE,5.52885,5.56128,32.42971100007708,32.42971100007708,6.909,6.132,19.388711000077077,0.7527110000770776,18.636,0.0
S00004,UPF,edge-B,edge,186,DONE,5.53148,5.76542,233.93996499999048,233.93996499999048,210.752,6.64,16.547964999990484,0.8049649999904886,15.742999999999995,0.0
S00010,IoT-GW,edge-B,edge,176,EXPIRED,5.53172,6.55034,,,1001.811,,,,,
S00001,vRAN-DU,edge-A,edge,156,DONE,5.53405,5.57921,45.16252900020845,45.16252900020845,3.487,3.653,38.02252900020845,0.6715290002084515,37.351,0.0
S00009,IoT-GW,edge-A,edge,162,DONE,5.53547,5.99863,463.15612600028544,463.15612600028544,425.091,0.917,37.14812600028546,1.0401260002854542,36.108000000000004,0.0
S00005,IMS-CSCF,edge-A,edge,175,DONE,5.55294,5.78193,228.99774100005743,228.99774100005743,208.534,1.304,19.159741000057437,0.7197410000574394,18.439999999999998,0.0
S00005,IMS-CSCF,edge-A,edge,176,DONE,5.56255,5.78414,221.58651900008408,221.58651900008408,210.006,1.704,9.876519000084073,1.1705190000840844,8.705999999999989,0.0
S00001,vRAN-DU,edge-A,edge,157,DONE,5.56529,5.58406,18.764831999760645,18.764831999760645,7.573,3.881,7.310831999760644,0.573831999760646,6.736999999999998,0.0
S00005,IMS-CSCF,edge-A,edge,177,DONE,5.57929,5.78548,206.19396899974163,206.19396899974163,200.622,1.201,4.370968999741621,2.4189689997416224,1.9519999999999982,0.0
S00002,vRAN-DU,edge-B,edge,142,DONE,5.58363,5.6533,69.6775310002522,69.6775310002522,63.204,4.929,1.5445310002522064,0.6755310002522066,0.8689999999999998,0.0
S00009,IoT-GW,edge-A,edge,163,DONE,5.58648,6.08065,494.16742499988686,494.16742499988686,490.973,1.828,1.366424999886874,0.3444249998868827,1.0219999999999914,0.0
S00010,IoT-GW,edge-B,edge,177,DONE,5.59228,6.55718,964.9001080001653,964.9001080001653,961.127,2.503,1.2701080001653509,0.6311080001653409,0.63900000000001,0.0
S00007,Transcoder,core-1,core,86,DONE,5.59974,5.62506,25.327055000161636,25.327055000161636,0.101,10.653,4.573055000161634,3.6560550001616363,0.916999999999998,10.0
S00002,vRAN-DU,edge-B,edge,143,DONE,5.60003,5.66505,65.01707799998258,65.01707799998258,7.079,11.576,46.362077999982574,0.6930779999825774,45.669,0.0
S00009,IoT-GW,edge-A,edge,164,DONE,5.60013,6.17816,578.0315550000523,578.0315550000523,486.186,85.932,5.9135550000523835,4.749555000052283,1.164000000000101,0.0
S00003,UPF,edge-A,edge,178,DONE,5.6042,5.68089,76.69514600002003,76.69514600002003,71.213,4.217,1.2651460000200387,0.4461460000200361,0.8190000000000026,0.0
S00006,IMS-CSCF,edge-B,edge,185,DONE,5.60545,5.85269,247.2462059999998,247.2462059999998,131.397,74.615,41.2342059999998,0.7542059999998116,40.47999999999999,0.0
S00007,Transcoder,core-1,core,87,DONE,5.61187,5.63213,20.265090999600943,20.265090999600943,0.061,6.897,3.307090999600943,2.3690909996009424,0.9379999999999997,10.0
S00010,IoT-GW,edge-B,edge,178,EXPIRED,5.6175,6.64789,,,1001.346,,,,,
S00003,UPF,edge-A,edge,179,DONE,5.62508,5.68403,58.94644199997856,58.94644199997856,55.127,1.72,2.099441999978559,1.1494419999785634,0.9499999999999957,0.0
S00003,UPF,edge-A,edge,180,DONE,5.62526,5.68715,61.88685899996926,61.88685899996926,56.972,1.98,2.934858999969265,1.146858999969261,1.7880000000000038,0.0
S00005,IMS-CSCF,edge-A,edge,178,DONE,5.62535,5.78746,162.1125680003388,162.1125680003388,158.809,1.479,1.824568000338786,1.240568000338783,0.5840000000000032,0.0
S00001,vRAN-DU,edge-A,edge,158,DONE,5.6344,5.68049,46.08967299964206,46.08967299964206,40.493,3.731,1.865672999642058,1.298672999642065,0.5669999999999931,0.0
S00001,vRAN-DU,edge-A,edge,159,DONE,5.63454,5.6859,51.366912000048615,51.366912000048615,45.192,4.885,1.2899120000486164,0.8569120000486166,0.43299999999999983,0.0
S00009,IoT-GW,edge-A,edge,165,DONE,5.64735,6.28628,638.9348389998304,638.9348389998304,634.047,2.463,2.424838999830399,0.7708389998304028,1.6539999999999964,0.0
S00003,UPF,edge-A,edge,181,DONE,5.65244,5.69043,37.98475299981874,37.98475299981874,14.47,3.584,19.930752999818736,0.6147529998187409,19.315999999999995,0.0
S00010,IoT-GW,edge-B,edge,179,DONE,5.6596,6.66204,1002.4358280002161,1002.4358280002161,997.97,1.059,3.4068280002161373,2.3548280002161164,1.052000000000021,0.0
S00004,UPF,edge-B,edge,187,DONE,5.65973,5.7691,109.37290599986227,109.37290599986227,103.966,3.442,1.9649059998622818,1.0159059998622695,0.9490000000000123,0.0
S00010,IoT-GW,edge-B,edge,180,EXPIRED,5.66414,6.74953,,,1082.725,,,,,
S00006,IMS-CSCF,edge-B,edge,186,DONE,5.66506,5.85816,193.0988949998209,193.0988949998209,187.202,2.051,3.8458949998209278,1.6948949998209173,2.1510000000000105,0.0
S00010,IoT-GW,edge-B,edge,181,EXPIRED,5.66678,6.74969,,,1080.935,,,,,
S00006,IMS-CSCF,edge-B,edge,187,DONE,5.66814,5.87113,202.99040899999454,202.99040899999454,114.187,8.448,80.35540899999455,1.5114089999945293,78.84400000000002,0.0
S00006,IMS-CSCF,edge-B,edge,188,DONE,5.66822,5.94973,281.51081300029546,281.51081300029546,123.034,77.375,81.10181300029546,3.3988130002954335,77.70300000000003,0.0
S00009,IoT-GW,edge-A,edge,166,DONE,5.67332,6.47364,800.3193059998921,800.3193059998921,715.322,81.179,3.818305999892118,0.5033059998920635,3.3150000000000546,0.0
S00002,vRAN-DU,edge-B,edge,144,DONE,5.6805,5.76086,80.36035199984326,80.36035199984326,2.84,8.856,68.66435199984326,0.49335199984325584,68.171,0.0
S00003,UPF,edge-A,edge,182,DONE,5.68716,5.69288,5.720487999951729,5.720487999951729,2.491,1.889,1.340487999951729,0.396487999951729,0.944,0.0
S00006,IMS-CSCF,edge-B,edge,189,DONE,5.7123,5.96075,248.44760899986795,248.44760899986795,211.914,2.011,34.52260899986797,0.9686089998679392,33.55400000000003,0.0
S00004,UPF,edge-B,edge,188,DONE,5.71251,5.77146,58.9508390003175,58.9508390003175,22.486,2.0,34.4648390003175,0.9988390003175027,33.465999999999994,0.0
S00010,IoT-GW,edge-B,edge,182,EXPIRED,5.71389,6.7497,,,1001.749,,,,,
S00004,UPF,edge-B,edge,189,DONE,5.71528,5.84835,133.0740789999254,133.0740789999254,24.76,76.132,32.182078999925395,0.7530789999254068,31.428999999999988,0.0
S00010,IoT-GW,edge-B,edge,183,EXPIRED,5.71868,6.74974,,,1001.74,,,,,
S00009,IoT-GW,edge-A,edge,167,DONE,5.71884,6.58316,864.3189360000179,864.3189360000179,800.503,1.098,62.71793600001786,1.1009360000178958,61.61699999999996,0.0
S00010,IoT-GW,edge-B,edge,184,EXPIRED,5.71896,6.74975,,,1001.736,,,,,
S00005,IMS-CSCF,edge-A,edge,179,DONE,5.72038,5.78856,68.18045399995754,68.18045399995754,11.892,1.107,55.18145399995754,0.6744539999575352,54.507000000000005,0.0
S00009,IoT-GW,edge-A,edge,168,DONE,5.72277,6.67905,956.2814169999001,956.2814169999001,818.833,82.468,54.98041699990017,1.0804169999000806,53.90000000000009,0.0
S00008,Transcoder,core-1,core,91,DONE,5.73122,5.75304,21.817402999658952,21.817402999658952,0.096,6.867,2.8544029996589515,1.869402999658952,0.9850000000000003,12.0
S00008,Transcoder,core-1,core,92,DONE,5.74569,5.77155,25.85959499992896,25.85959499992896,0.083,11.563,2.213594999928958,1.4915949999289584,0.7219999999999995,12.0
S00003,UPF,edge-A,edge,183,DONE,5.74644,5.78054,34.095884999715054,34.095884999715054,2.745,1.909,29.441884999715054,0.5988849997150538,28.843,0.0
S00007,Transcoder,core-1,core,88,DONE,5.7496,5.7718,22.195334000116418,22.195334000116418,0.097,9.333,2.765334000116418,1.6683340001164186,1.0969999999999995,10.0
S00008,Transcoder,core-1,core,93,DONE,5.75283,5.78415,31.320661999870936,31.320661999870936,0.192,15.406,3.722661999870935,2.856661999870937,0.8659999999999979,12.0
S00010,IoT-GW,edge-B,edge,185,EXPIRED,5.7587,6.77976,,,1009.315,,,,,
S00010,IoT-GW,edge-B,edge,186,EXPIRED,5.76425,6.77978,,,1005.672,,,,,
S00010,IoT-GW,edge-B,edge,187,EXPIRED,5.79029,6.84946,,,1000.892,,,,,
S00002,vRAN-DU,edge-B,edge,145,DONE,5.7916,5.86255,70.94733599979008,70.94733599979008,4.482,7.858,58.60733599979008,0.6843359997900791,57.923,0.0
S00010,IoT-GW,edge-B,edge,188,EXPIRED,5.80015,6.8495,,,1000.856,,,,,
S00003,UPF,edge-A,edge,184,DONE,5.80565,5.88526,79.61369199983892,79.61369199983892,5.373,6.963,67.27769199983892,0.8596919998389154,66.418,0.0
S00005,IMS-CSCF,edge-A,edge,180,DONE,5.8079,5.8843,76.40171399998508,76.40171399998508,7.921,1.913,66.56771399998507,0.6597139999850725,65.908,0.0
S00002,vRAN-DU,edge-B,edge,146,DONE,5.81027,5.86603,55.758869999863236,55.758869999863236,8.832,8.756,38.170869999863235,1.1238699998632384,37.047,0.0
S00005,IMS-CSCF,edge-A,edge,181,DONE,5.811,5.89252,81.52556400000321,81.52556400000321,15.854,3.248,62.42356400000321,1.0195640000032142,61.403999999999996,0.0
S00005,IMS-CSCF,edge-A,edge,182,DONE,5.81118,5.97537,164.18896699997276,164.18896699997276,19.412,82.518,62.258966999972756,0.7549669999727655,61.50399999999999,0.0
S00005,IMS-CSCF,edge-A,edge,183,DONE,5.81125,5.99033,179.08403399997042,179.08403399997042,107.918,9.209,61.957033999970406,1.080033999970425,60.87699999999998,0.0
S00005,IMS-CSCF,edge-A,edge,184,DONE,5.81258,5.99295,180.36433400038732,180.36433400038732,117.622,2.254,60.48833400038731,0.6513340003873225,59.83699999999999,0.0
S00001,vRAN-DU,edge-A,edge,160,DONE,5.81609,5.8808,64.70916799980841,64.70916799980841,0.09,7.465,57.154167999808415,0.9311679998084159,56.223,0.0
S00006,IMS-CSCF,edge-B,edge,190,DONE,5.82672,5.96556,138.83781399999862,138.83781399999862,116.053,1.333,21.45181399999862,0.9128139999986047,20.539000000000016,0.0
S00001,vRAN-DU,edge-A,edge,161,DONE,5.83441,5.89259,58.1777070001408,58.1777070001408,12.961,6.137,39.0797070001408,0.7777070001408006,38.302,0.0
S00007,Transcoder,core-1,core,89,DONE,5.83811,5.85989,21.78632799996194,21.78632799996194,0.143,9.19,2.4533279999619406,1.4913279999619409,0.9619999999999997,10.0
S00005,IMS-CSCF,edge-A,edge,185,DONE,5.84669,5.99517,148.47344200006773,148.47344200006773,120.143,1.92,26.410442000067732,0.7414420000677353,25.668999999999997,0.0
S00009,IoT-GW,edge-A,edge,169,DONE,5.84837,6.77315,924.7848929999236,924.7848929999236,823.286,0.748,100.75089299992362,2.2468929999236025,98.50400000000002,0.0
S00008,Transcoder,core-1,core,94,DONE,5.84872,5.87563,26.910343000054127,26.910343000054127,0.088,11.223,3.5993430000541267,2.725343000054126,0.8740000000000006,12.0
S00006,IMS-CSCF,edge-B,edge,191,DONE,5.85947,5.97052,111.052589999872,111.052589999872,104.588,1.769,4.6955899998719985,0.6665899998720022,4.028999999999996,0.0
S00002,vRAN-DU,edge-B,edge,147,DONE,5.85968,5.95354,93.86132800000269,93.86132800000269,3.745,85.161,4.95532800000268,0.5333280000026832,4.421999999999997,0.0
S00006,IMS-CSCF,edge-B,edge,192,DONE,5.86385,5.97053,106.67567400014377,106.67567400014377,103.905,1.256,1.5146740001437706,0.6446740001437661,0.8700000000000045,0.0
S00004,UPF,edge-B,edge,190,DONE,5.86832,5.95442,86.09731900014594,86.09731900014594,81.323,3.249,1.5253190001459558,0.4683190001459394,1.0570000000000164,0.0
S00006,IMS-CSCF,edge-B,edge,193,DONE,5.87353,6.04792,174.38108400028796,174.38108400028796,20.154,74.186,80.04108400028795,0.5790840002879634,79.46199999999999,0.0
S00010,IoT-GW,edge-B,edge,189,DONE,5.87708,6.87115,994.0794610001831,994.0794610001831,907.503,8.676,77.90046100018299,1.9004610001830997,75.99999999999989,0.0
S00009,IoT-GW,edge-A,edge,170,EXPIRED,5.87734,6.88201,,,1001.081,,,,,
S00005,IMS-CSCF,edge-A,edge,186,DONE,5.88212,5.99705,114.93618399981642,114.93618399981642,109.404,1.876,3.6561839998164203,2.2971839998164256,1.3589999999999947,0.0
S00002,vRAN-DU,edge-B,edge,148,DONE,5.88232,5.95765,75.32850899997356,75.32850899997356,1.047,3.08,71.20150899997357,1.1295089999735666,70.072,0.0
S00009,IoT-GW,edge-A,edge,171,DONE,5.88375,6.88249,998.7414390002414,998.7414390002414,995.023,1.388,2.330439000241313,0.9864390002413757,1.3439999999999372,0.0
S00006,IMS-CSCF,edge-B,edge,194,DONE,5.88528,6.06718,181.9012659998407,181.9012659998407,111.484,1.604,68.8132659998407,0.6512659998406889,68.162,0.0
S00004,UPF,edge-B,edge,191,DONE,5.88663,5.9614,74.7660540000652,74.7660540000652,2.227,5.566,66.97305400006519,0.581054000065194,66.392,0.0
S00010,IoT-GW,edge-B,edge,190,EXPIRED,5.88863,6.95728,,,1000.584,,,,,
S00005,IMS-CSCF,edge-A,edge,187,DONE,5.89707,6.07343,176.35608499995215,176.35608499995215,24.005,74.96,77.39108499995216,0.7130849999521445,76.67800000000001,0.0
S00004,UPF,edge-B,edge,192,DONE,5.90267,5.97145,68.77991300007125,68.77991300007125,8.111,9.636,51.03291300007125,0.8969130000712511,50.135999999999996,0.0
S00001,vRAN-DU,edge-A,edge,162,DONE,5.91335,5.98072,67.37336799960758,67.37336799960758,0.959,4.992,61.42236799960758,1.1843679996075878,60.23799999999999,0.0
S00004,UPF,edge-B,edge,193,DONE,5.91359,6.04743,133.8447229995836,133.8447229995836,19.66,73.858,40.32672299958361,1.0137229995836208,39.31299999999999,0.0
S00001,vRAN-DU,edge-A,edge,163,DONE,5.9252,5.98583,60.6309759996293,60.6309759996293,7.395,3.462,49.7739759996293,1.1659759996292962,48.608000000000004,0.0
S00001,vRAN-DU,edge-A,edge,164,DONE,5.92892,5.99039,61.4756079999097,61.4756079999097,11.604,3.962,45.909607999909696,0.7726079999096953,45.137,0.0
S00006,IMS-CSCF,edge-B,edge,195,DONE,5.92921,6.25683,327.6229120001517,327.6229120001517,296.296,3.37,27.956912000151704,0.9129120001517208,27.043999999999983,0.0
S00004,UPF,edge-B,edge,194,DONE,5.92929,6.05013,120.8427019996634,120.8427019996634,94.436,2.129,24.277701999663392,0.634701999663406,23.642999999999986,0.0
S00007,Transcoder,core-1,core,90,DONE,5.93065,5.95851,27.85996900001919,27.85996900001919,0.305,15.381,2.1739690000191914,1.4829690000191924,0.690999999999999,10.0
S00007,Transcoder,core-1,core,91,DONE,5.93714,5.95763,20.48305700009223,20.48305700009223,0.09,7.586,2.8070570000922306,2.0910570000922313,0.7159999999999993,10.0
S00002,vRAN-DU,edge-B,edge,149,DONE,5.93726,5.96426,27.003977999811468,27.003977999811468,7.294,3.205,16.50497799981147,0.5309779998114692,15.974,0.0
S00004,UPF,edge-B,edge,195,DONE,5.94368,6.05522,111.53705200013064,111.53705200013064,99.446,1.74,10.35105200013065,0.6350520001306421,9.716000000000008,0.0
S00010,IoT-GW,edge-B,edge,191,EXPIRED,5.94974,6.95733,,,1000.543,,,,,
S00005,IMS-CSCF,edge-A,edge,188,DONE,5.95042,6.07983,129.40542100022867,129.40542100022867,104.141,1.463,23.80142100022867,0.41042100022866634,23.391000000000005,0.0
S00008,Transcoder,core-1,core,95,DONE,5.9567,5.97946,22.765046000131406,22.765046000131406,0.085,8.3,2.3800460001314043,1.7470460001314052,0.6329999999999991,12.0
S00006,IMS-CSCF,edge-B,edge,196,DONE,5.95741,6.26386,306.4506089999668,306.4506089999668,302.207,2.858,1.3856089999667915,0.4286089999667979,0.9569999999999936,0.0
S00001,vRAN-DU,edge-A,edge,165,DONE,5.95766,6.07341,115.75545200003035,115.75545200003035,15.949,82.935,16.871452000030345,0.7204520000303489,16.150999999999996,0.0
S00003,UPF,edge-A,edge,185,DONE,5.95981,5.98155,21.741834999829734,21.741834999829734,2.144,4.962,14.635834999829735,0.43483499982973584,14.200999999999999,0.0
S00009,IoT-GW,edge-A,edge,172,EXPIRED,5.96679,6.97643,,,1001.89,,,,,
S00004,UPF,edge-B,edge,196,DONE,5.96941,6.06064,91.22814299962556,91.22814299962556,83.826,3.927,3.475142999625561,1.1411429996255578,2.334000000000003,0.0
S00007,Transcoder,core-1,core,92,DONE,5.9745,5.99514,20.640267000089807,20.640267000089807,0.094,7.525,3.021267000089807,2.156267000089807,0.8649999999999993,10.0
S00005,IMS-CSCF,edge-A,edge,189,DONE,5.97647,6.08647,110.00152399992658,110.00152399992658,107.276,1.13,1.5955239999265842,1.133523999926581,0.4620000000000033,0.0
S00009,IoT-GW,edge-A,edge,173,EXPIRED,5.97655,6.98157,,,1001.177,,,,,
S00002,vRAN-DU,edge-B,edge,150,DONE,5.97659,6.05288,76.28863899981297,76.28863899981297,69.964,5.302,1.0226389998129832,0.4786389998129721,0.5440000000000111,0.0
S00002,vRAN-DU,edge-B,edge,151,DONE,5.97667,6.0529,76.22912299984819,76.22912299984819,72.661,2.468,1.1001229998481818,0.5141229998481833,0.5859999999999985,0.0
S00002,vRAN-DU,edge-B,edge,152,DONE,5.99517,6.06492,69.74608700011231,69.74608700011231,56.859,11.709,1.1780870001123134,0.4730870001123151,0.7049999999999983,0.0
S00006,IMS-CSCF,edge-B,edge,197,DONE,5.99864,6.34799,349.34854999983145,349.34854999983145,266.0,81.389,1.959549999831438,1.0055499998314303,0.9540000000000077,0.0
S00003,UPF,edge-A,edge,186,DONE,6.00104,6.07867,77.63251799997306,77.63251799997306,2.288,4.406,70.93851799997306,0.4825179999730551,70.456,0.0
S00007,Transcoder,core-1,core,93,DONE,6.00551,6.02629,20.77606500006368,20.77606500006368,0.101,7.919,2.756065000063682,2.237065000063682,0.5190000000000001,10.0
S00006,IMS-CSCF,edge-B,edge,198,DONE,6.01704,6.36243,345.39088800011086,345.39088800011086,312.375,2.127,30.888888000110853,1.86088800011089,29.027999999999963,0.0
S00003,UPF,edge-A,edge,187,DONE,6.01721,6.08284,65.62843799974871,65.62843799974871,8.849,1.67,55.109437999748714,0.7374379997487068,54.37200000000001,0.0
S00009,IoT-GW,edge-A,edge,174,DONE,6.01736,6.9953,977.9383069999312,977.9383069999312,921.094,2.028,54.81630699993116,0.825306999931172,53.990999999999985,0.0
S00003,UPF,edge-A,edge,188,DONE,6.01742,6.08743,70.01167099997474,70.01167099997474,13.21,2.25,54.55167099997474,0.8186709999747421,53.733,0.0
S00005,IMS-CSCF,edge-A,edge,190,DONE,6.01864,6.088,69.36098100004529,69.36098100004529,14.677,1.347,53.336981000045284,0.7489810000452906,52.587999999999994,0.0
S00002,vRAN-DU,edge-B,edge,153,DONE,6.01878,6.06263,43.851557000380126,43.851557000380126,13.049,3.51,27.29255700038013,0.4835570003801237,26.809000000000005,0.0
S00004,UPF,edge-B,edge,197,DONE,6.01888,6.06665,47.7728969999589,47.7728969999589,16.791,3.814,27.167896999958902,0.5008969999589041,26.666999999999998,0.0
S00007,Transcoder,core-1,core,94,DONE,6.02216,6.042,19.84135500015327,19.84135500015327,0.083,6.301,3.457355000153271,2.8713550001532724,0.5859999999999994,10.0
S00005,IMS-CSCF,edge-A,edge,191,DONE,6.0235,6.27309,249.58546500010925,249.58546500010925,125.419,74.779,49.38746500010927,0.5104650001092637,48.87700000000001,0.0
S00006,IMS-CSCF,edge-B,edge,199,DONE,6.02481,6.46112,436.3021110002592,436.3021110002592,410.672,3.265,22.365111000259162,0.7381110002591527,21.62700000000001,0.0
S00005,IMS-CSCF,edge-A,edge,192,DONE,6.03005,6.28333,253.28478699975676,253.28478699975676,208.872,2.219,42.19378699975675,0.6177869997567598,41.57599999999999,0.0
S00005,IMS-CSCF,edge-A,edge,193,DONE,6.03345,6.37822,344.7675709999203,344.7675709999203,303.612,2.307,38.84857099992024,0.5715709999202545,38.27699999999999,0.0
S00009,IoT-GW,edge-A,edge,175,EXPIRED,6.03683,7.07263,,,1000.103,,,,,
S00004,UPF,edge-B,edge,198,DONE,6.04201,6.15325,111.24026500010586,111.24026500010586,20.835,84.479,5.926265000105872,0.7272650001058594,5.199000000000012,0.0
S00001,vRAN-DU,edge-A,edge,166,DONE,6.0434,6.07775,34.35340800024278,34.35340800024278,1.423,4.08,28.85040800024278,0.6294080002427833,28.220999999999997,0.0
S00004,UPF,edge-B,edge,199,DONE,6.04472,6.16971,124.992144999851,124.992144999851,110.607,6.874,7.5111449998510125,3.4361449998510096,4.075000000000003,0.0
S00005,IMS-CSCF,edge-A,edge,194,DONE,6.0463,6.47363,427.33124400001543,427.33124400001543,319.705,81.243,26.383244000015452,0.7932440000154202,25.590000000000032,0.0
S00007,Transcoder,core-1,core,95,DONE,6.04747,6.07009,22.62632299971301,22.62632299971301,0.086,10.13,2.41032299971301,1.8743229997130104,0.5359999999999996,10.0
S00009,IoT-GW,edge-A,edge,176,EXPIRED,6.0491,7.07316,,,1000.089,,,,,
S00009,IoT-GW,edge-A,edge,177,EXPIRED,6.05137,7.07318,,,1000.085,,,,,
S00009,IoT-GW,edge-A,edge,178,EXPIRED,6.05443,7.07324,,,1000.081,,,,,
S00001,vRAN-DU,edge-A,edge,167,DONE,6.05455,6.08518,30.627157999788324,30.627157999788324,7.963,4.983,17.681157999788326,0.6721579997883254,17.009,0.0
S00004,UPF,edge-B,edge,200,DONE,6.05793,6.18012,122.18425999981264,122.18425999981264,101.512,15.927,4.745259999812646,1.0092599998126417,3.736000000000004,0.0
S00009,IoT-GW,edge-A,edge,179,EXPIRED,6.05808,7.07352,,,1000.074,,,,,
S00003,UPF,edge-A,edge,189,DONE,6.06065,6.17818,117.53238400024202,117.53238400024202,15.549,89.596,12.387384000242008,1.1733840002420237,11.213999999999984,0.0
S00001,vRAN-DU,edge-A,edge,168,DONE,6.0609,6.08519,24.297858999943855,24.297858999943855,10.579,2.372,11.346858999943855,0.6438589999438555,10.703,0.0
S00004,UPF,edge-B,edge,201,DONE,6.06382,6.1906,126.77535200009515,126.77535200009515,114.859,8.448,3.468352000095166,0.7923520000951498,2.676000000000016,0.0
S00010,IoT-GW,edge-B,edge,192,DONE,6.06666,7.04931,982.6479000003019,982.6479000003019,901.649,1.315,79.68390000030183,0.48590000030185365,79.19799999999998,0.0
S00003,UPF,edge-A,edge,190,DONE,6.0694,6.1848,115.39594199985004,115.39594199985004,105.433,6.244,3.7189419998500313,1.2119419998500405,2.506999999999991,0.0
S00009,IoT-GW,edge-A,edge,180,EXPIRED,6.0761,7.08405,,,1006.406,,,,,
S00009,IoT-GW,edge-A,edge,181,EXPIRED,6.07756,7.08407,,,1004.696,,,,,
S00010,IoT-GW,edge-B,edge,193,EXPIRED,6.08285,7.14784,,,1000.495,,,,,
S00004,UPF,edge-B,edge,202,DONE,6.08423,6.19355,109.32753899987802,109.32753899987802,42.303,1.999,65.02553899987802,0.7055389998780157,64.32,0.0
S00002,vRAN-DU,edge-B,edge,154,DONE,6.09849,6.16673,68.23849500005963,68.23849500005963,7.719,8.681,51.83849500005963,0.9134950000596262,50.925000000000004,0.0
S00002,vRAN-DU,edge-B,edge,155,DONE,6.09944,6.18681,87.3703669999486,87.3703669999486,16.578,21.703,49.0893669999486,2.592366999948595,46.49700000000001,0.0
S00004,UPF,edge-B,edge,203,DONE,6.10142,6.25202,150.60284400033197,150.60284400033197,103.455,2.172,44.975844000331975,0.518844000331967,44.45700000000001,0.0
S00006,IMS-CSCF,edge-B,edge,200,DONE,6.10216,6.55013,447.97230599988325,447.97230599988325,400.661,2.298,45.013305999883244,1.1863059998832455,43.827,0.0
S00001,vRAN-DU,edge-A,edge,169,DONE,6.119,6.17819,59.18713699975342,59.18713699975342,53.898,2.799,2.4901369997534175,1.1531369997534213,1.3369999999999962,0.0
S00001,vRAN-DU,edge-A,edge,170,DONE,6.11923,6.18692,67.68520800005717,67.68520800005717,56.994,8.533,2.158208000057172,1.0352080000571675,1.1230000000000047,0.0
S00004,UPF,edge-B,edge,204,DONE,6.12668,6.25685,130.16941899968515,130.16941899968515,107.07,2.698,20.401418999685163,0.9044189996851628,19.497,0.0
S00003,UPF,edge-A,edge,191,DONE,6.12814,6.19443,66.29146900013438,66.29146900013438,54.531,9.849,1.9114690001343888,1.184469000134385,0.7270000000000039,0.0
S00004,UPF,edge-B,edge,205,DONE,6.12827,6.26286,134.58800099988366,134.58800099988366,113.549,2.916,18.123000999883658,0.9890009998836717,17.133999999999986,0.0
S00008,Transcoder,core-1,core,96,DONE,6.13475,6.17815,43.39348799976506,43.39348799976506,0.13,18.528,12.73548799976506,6.544487999765057,6.1910000000000025,12.0
S00008,Transcoder,core-1,core,97,DONE,6.14145,6.18478,43.333112000254914,43.333112000254914,0.133,25.785,5.415112000254915,3.7381120002549153,1.6769999999999996,12.0
S00001,vRAN-DU,edge-A,edge,171,DONE,6.14293,6.19714,54.21003899982679,54.21003899982679,42.246,10.42,1.544038999826789,0.8520389998267959,0.6919999999999931,0.0
S00004,UPF,edge-B,edge,206,DONE,6.14775,6.34902,201.26695599992672,201.26695599992672,111.049,83.736,6.481955999926697,2.0529559999267235,4.428999999999974,0.0
S00003,UPF,edge-A,edge,192,DONE,6.1479,6.2762,128.30129699977988,128.30129699977988,46.524,79.132,2.645296999779873,0.8652969997798721,1.7800000000000011,0.0
S00005,IMS-CSCF,edge-A,edge,195,DONE,6.15156,6.49538,343.8282439997238,343.8282439997238,331.241,8.104,4.483243999723811,0.8522439997237825,3.6310000000000286,0.0
S00005,IMS-CSCF,edge-A,edge,196,DONE,6.16166,6.58313,421.46870900023714,421.46870900023714,331.503,81.817,8.148709000237147,0.9467090002371492,7.201999999999998,0.0
S00006,IMS-CSCF,edge-B,edge,201,DONE,6.16336,6.65017,486.81054500002574,486.81054500002574,475.656,3.508,7.646545000025753,3.5195450000257438,4.1270000000000095,0.0
S00006,IMS-CSCF,edge-B,edge,202,DONE,6.16485,6.75062,585.7716000000437,585.7716000000437,488.201,91.131,6.439600000043697,2.421600000043668,4.018000000000029,0.0
S00005,IMS-CSCF,edge-A,edge,197,DONE,6.16674,6.59445,427.71238500017716,427.71238500017716,411.591,5.759,10.362385000177142,0.7333850001771793,9.628999999999962,0.0
S00004,UPF,edge-B,edge,207,DONE,6.16977,6.35247,182.7061760000106,182.7061760000106,178.142,3.069,1.4951760000106162,0.7491760000106069,0.7460000000000093,0.0
S00009,IoT-GW,edge-A,edge,182,DONE,6.17007,7.08792,917.8577759998916,917.8577759998916,913.718,0.924,3.2157759998916617,2.608775999891577,0.6070000000000846,0.0
S00010,IoT-GW,edge-B,edge,194,DONE,6.17014,7.15554,985.4015149999213,985.4015149999213,980.121,4.144,1.13651499992136,0.6575149999213181,0.47900000000004184,0.0
S00002,vRAN-DU,edge-B,edge,156,DONE,6.17821,6.24993,71.71872000026269,71.71872000026269,5.05,64.695,1.973720000262702,0.8507200002626973,1.1230000000000047,0.0
S00003,UPF,edge-A,edge,193,DONE,6.17833,6.28119,102.86009199990076,102.86009199990076,98.123,3.894,0.84309199990075,0.42609199990076263,0.4169999999999874,0.0
S00001,vRAN-DU,edge-A,edge,172,DONE,6.18233,6.19716,14.825591999851895,14.825591999851895,10.69,2.801,1.3345919998518951,0.6505919998518941,0.684000000000001,0.0
S00009,IoT-GW,edge-A,edge,183,EXPIRED,6.1848,7.18784,,,1001.966,,,,,
S00003,UPF,edge-A,edge,194,DONE,6.18537,6.28531,99.93864999978541,99.93864999978541,95.114,3.282,1.5426499997854108,1.028649999785415,0.5139999999999958,0.0
S00003,UPF,edge-A,edge,195,DONE,6.18692,6.2929,105.97248399972159,105.97248399972159,102.929,1.892,1.1514839997215915,0.8494839997215848,0.3020000000000067,0.0
S00002,vRAN-DU,edge-B,edge,157,DONE,6.18704,6.25001,62.9687720002039,62.9687720002039,2.234,58.744,1.990772000203897,0.7427720002038996,1.2479999999999976,0.0
S00004,UPF,edge-B,edge,208,DONE,6.19184,6.35934,167.50172999991264,167.50172999991264,106.947,5.548,55.006729999912636,1.5747299999126483,53.43199999999999,0.0
S00009,IoT-GW,edge-A,edge,184,EXPIRED,6.19202,7.19439,,,1001.319,,,,,
S00004,UPF,edge-B,edge,209,DONE,6.19357,6.36526,171.69538300004206,171.69538300004206,112.762,5.502,53.43138300004206,0.613383000042063,52.818,0.0
S00010,IoT-GW,edge-B,edge,195,EXPIRED,6.19403,7.24807,,,1000.474,,,,,
S00003,UPF,edge-A,edge,196,DONE,6.19678,6.37572,178.9419869996891,178.9419869996891,95.157,82.328,1.456986999689093,0.8779869996891136,0.5789999999999793,0.0
S00001,vRAN-DU,edge-A,edge,173,DONE,6.1969,6.27671,79.81218299983084,79.81218299983084,74.713,2.921,2.178182999830838,1.165182999830833,1.0130000000000052,0.0
S00010,IoT-GW,edge-B,edge,196,EXPIRED,6.20159,7.24808,,,1000.468,,,,,
S00002,vRAN-DU,edge-B,edge,158,DONE,6.20231,6.25935,57.0376240002588,57.0376240002588,5.866,6.632,44.539624000258804,0.44162400025880544,44.098,0.0
S00004,UPF,edge-B,edge,210,DONE,6.20398,6.45138,247.40050200034602,247.40050200034602,118.48,85.995,42.925502000346,0.43150200034602904,42.49399999999997,0.0
S00003,UPF,edge-A,edge,197,DONE,6.20437,6.38488,180.5133890002253,180.5133890002253,108.592,2.303,69.61838900022529,1.2773890002252983,68.341,0.0
S00004,UPF,edge-B,edge,211,DONE,6.2068,6.45819,251.38791399967886,251.38791399967886,207.909,3.259,40.21991399967888,0.600913999678852,39.61900000000003,0.0
S00001,vRAN-DU,edge-A,edge,174,DONE,6.21161,6.28036,68.7534539997614,68.7534539997614,4.106,3.042,61.60545399976141,0.9544539997613981,60.65100000000001,0.0
S00004,UPF,edge-B,edge,212,DONE,6.21407,6.46565,251.57835800018802,251.57835800018802,213.365,5.109,33.104358000188,0.8753580001880152,32.228999999999985,0.0
S00001,vRAN-DU,edge-A,edge,175,DONE,6.21589,6.2915,75.60454500026026,75.60454500026026,12.295,5.745,57.56454500026026,0.8365450002602586,56.728,0.0
S00004,UPF,edge-B,edge,213,DONE,6.21939,6.54775,328.36232799991194,328.36232799991194,218.74,80.63,28.992327999911936,0.8663279999119595,28.125999999999976,0.0
S00006,IMS-CSCF,edge-B,edge,203,DONE,6.22125,6.77261,551.3618609998048,551.3618609998048,512.507,11.584,27.27086099980488,0.5618609998048214,26.70900000000006,0.0
S00003,UPF,edge-A,edge,198,DONE,6.22512,6.39225,167.13187799996376,167.13187799996376,112.374,4.583,50.17487799996377,0.9108779999637591,49.26400000000001,0.0
S00003,UPF,edge-A,edge,199,DONE,6.22533,6.48538,260.0503660000868,260.0503660000868,205.462,6.317,48.2713660000868,0.6233660000867758,47.648000000000025,0.0
S00006,IMS-CSCF,edge-B,edge,204,DONE,6.23073,6.86081,630.0816349998968,630.0816349998968,607.555,6.337,16.18963499989684,0.7526349998968271,15.437000000000012,0.0
S00009,IoT-GW,edge-A,edge,185,DONE,6.23226,7.20345,971.1829600000783,971.1829600000783,928.44,1.871,40.871960000078275,0.5339600000783093,40.337999999999965,0.0
S00002,vRAN-DU,edge-B,edge,159,DONE,6.23475,6.26044,25.69047299994054,25.69047299994054,9.646,4.008,12.036472999940539,0.5584729999405376,11.478000000000002,0.0
S00006,IMS-CSCF,edge-B,edge,205,DONE,6.23492,6.95726,722.3434379998253,722.3434379998253,705.747,1.349,15.247437999825252,0.6024379998252698,14.644999999999982,0.0
S00005,IMS-CSCF,edge-A,edge,198,DONE,6.2363,6.59452,358.2186990001901,358.2186990001901,318.112,2.837,37.26969900019009,0.5176990001900776,36.75200000000001,0.0
S00003,UPF,edge-A,edge,200,DONE,6.24076,6.48947,248.70857699988846,248.70857699988846,212.199,3.92,32.589576999888465,0.5885769998884598,32.001000000000005,0.0
S00001,vRAN-DU,edge-A,edge,176,DONE,6.24731,6.29014,42.83277300010013,42.83277300010013,13.318,3.447,26.067773000100132,0.6297730001001298,25.438000000000002,0.0
S00004,UPF,edge-B,edge,214,DONE,6.25686,6.56539,308.53060400022514,308.53060400022514,298.714,7.315,2.501604000225143,0.8926040002251625,1.6089999999999804,0.0
S00005,IMS-CSCF,edge-A,edge,199,DONE,6.25823,6.68599,427.76654600038455,427.76654600038455,411.368,1.123,15.275546000384566,0.6155460003845405,14.660000000000025,0.0
S00004,UPF,edge-B,edge,215,DONE,6.26167,6.64858,386.90068599998995,386.90068599998995,303.061,82.8,1.0396859999899561,0.4826859999899398,0.5570000000000164,0.0
S00009,IoT-GW,edge-A,edge,186,EXPIRED,6.26387,7.27757,,,1000.397,,,,,
S00004,UPF,edge-B,edge,216,DONE,6.26946,6.65406,384.6089259996006,384.6089259996006,379.383,3.251,1.9749259996006572,1.0409259996006313,0.9340000000000259,0.0
S00001,vRAN-DU,edge-A,edge,177,DONE,6.27135,6.37619,104.84360800001014,104.84360800001014,18.429,83.796,2.618608000010127,0.6106080000101315,2.0079999999999956,0.0
S00010,IoT-GW,edge-B,edge,197,DONE,6.2743,7.26934,995.0389430000541,995.0389430000541,920.772,1.806,72.46094300005404,0.5819430000541388,71.8789999999999,0.0
S00010,IoT-GW,edge-B,edge,198,EXPIRED,6.27915,7.34751,,,1000.129,,,,,
S00006,IMS-CSCF,edge-B,edge,206,DONE,6.27928,7.05173,772.4510180000834,772.4510180000834,700.21,3.302,68.93901800008337,2.224018000083447,66.71499999999992,0.0
S00004,UPF,edge-B,edge,217,DONE,6.28636,6.65954,373.17322000035347,373.17322000035347,310.452,2.502,60.21922000035346,0.5262200003534758,59.692999999999984,0.0
S00005,IMS-CSCF,edge-A,edge,200,DONE,6.29151,6.69688,405.37264500017045,405.37264500017045,401.647,1.647,2.078645000170468,0.43864500017042474,1.6400000000000432,0.0
S00010,IoT-GW,edge-B,edge,199,EXPIRED,6.29291,7.34752,,,1000.112,,,,,
S00004,UPF,edge-B,edge,218,DONE,6.29562,6.75723,461.6091849998156,461.6091849998156,405.189,3.304,53.11618499981563,2.804184999815618,50.31200000000001,0.0
S00003,UPF,edge-A,edge,201,DONE,6.29573,6.49345,197.71914800003287,197.71914800003287,192.723,3.441,1.5551480000328581,0.7811480000328856,0.7739999999999725,0.0
S00006,IMS-CSCF,edge-B,edge,207,DONE,6.29705,7.06742,770.3611300003104,770.3611300003104,713.911,1.159,55.29113000031043,0.9161300003103179,54.375000000000114,0.0
S00010,IoT-GW,edge-B,edge,200,EXPIRED,6.29941,7.34756,,,1000.09,,,,,
S00004,UPF,edge-B,edge,219,DONE,6.30388,6.771,467.1211840000069,467.1211840000069,411.198,13.172,42.7511840000069,0.7911840000069219,41.95999999999998,0.0
S00001,vRAN-DU,edge-A,edge,178,DONE,6.30532,6.3808,75.48156500024561,75.48156500024561,69.257,4.578,1.6465650002456016,0.5795650002456085,1.066999999999993,0.0
S00004,UPF,edge-B,edge,220,DONE,6.30974,6.85326,543.515343999843,543.515343999843,429.631,74.128,39.75634399984307,3.546343999842975,36.21000000000009,0.0
S00002,vRAN-DU,edge-B,edge,160,DONE,6.31477,6.35583,41.067608000048494,41.067608000048494,0.756,6.879,33.432608000048496,1.7866080000484956,31.646,0.0
S00006,IMS-CSCF,edge-B,edge,208,DONE,6.31502,7.1567,841.67743099988,841.67743099988,803.669,6.139,31.869430999880024,0.9414309998800263,30.927999999999997,0.0
S00009,IoT-GW,edge-A,edge,187,DONE,6.31838,7.2963,977.9222070001197,977.9222070001197,915.843,7.617,54.46220700011975,0.7202070001196716,53.742000000000075,0.0
S00003,UPF,edge-A,edge,202,DONE,6.32145,6.58311,261.6527440000027,261.6527440000027,121.45,81.979,58.22374400000271,0.9537440000027004,57.27000000000001,0.0
S00005,IMS-CSCF,edge-A,edge,201,DONE,6.3221,6.77851,456.41142099975696,456.41142099975696,401.312,5.131,49.96842099975697,0.41342099975696556,49.55500000000001,0.0
S00005,IMS-CSCF,edge-A,edge,202,DONE,6.32943,6.88672,557.292089999919,557.292089999919,501.911,12.642,42.739089999918974,0.607089999919026,42.13199999999995,0.0
S00006,IMS-CSCF,edge-B,edge,209,DONE,6.33421,7.25058,916.3704029997461,916.3704029997461,857.99,45.994,12.38640299974611,0.7174029997461275,11.668999999999983,0.0
S00006,IMS-CSCF,edge-B,edge,210,DONE,6.33789,7.2675,929.6110349996525,929.6110349996525,915.955,4.387,9.26903499965249,0.8090349996524537,8.460000000000036,0.0
S00006,IMS-CSCF,edge-B,edge,211,EXPIRED,6.33937,7.3475,,,1000.048,,,,,
S00001,vRAN-DU,edge-A,edge,179,DONE,6.34177,6.38491,43.13685800025269,43.13685800025269,6.899,5.181,31.05685800025269,0.7678580002526871,30.289,0.0
S00002,vRAN-DU,edge-B,edge,161,DONE,6.35101,6.35851,7.497139999941282,7.497139999941282,2.104,3.178,2.2151399999412824,0.7001399999412827,1.5149999999999997,0.0
S00006,IMS-CSCF,edge-B,edge,212,EXPIRED,6.35121,7.35347,,,1000.642,,,,,
S00002,vRAN-DU,edge-B,edge,162,DONE,6.35249,6.44876,96.27074999980323,96.27074999980323,9.52,84.034,2.716749999803227,0.584749999803222,2.132000000000005,0.0
S00001,vRAN-DU,edge-A,edge,180,DONE,6.35502,6.39061,35.59152299976631,35.59152299976631,13.473,4.614,17.504522999766312,0.7805229997663119,16.724,0.0
S00009,IoT-GW,edge-A,edge,188,EXPIRED,6.35565,7.37526,,,1002.625,,,,,
S00009,IoT-GW,edge-A,edge,189,EXPIRED,6.36119,7.37527,,,1002.615,,,,,
S00002,vRAN-DU,edge-B,edge,163,DONE,6.36245,6.45504,92.58868599999914,92.58868599999914,86.467,4.644,1.4776859999991387,0.6866859999991419,0.7909999999999968,0.0
S00004,UPF,edge-B,edge,221,DONE,6.36528,6.86089,495.61190100030217,495.61190100030217,487.311,6.874,1.4269010003021663,0.38190100030215035,1.045000000000016,0.0
S00002,vRAN-DU,edge-B,edge,164,DONE,6.36545,6.45654,91.09094199993706,91.09094199993706,85.011,4.713,1.3669419999370689,0.558941999937062,0.8080000000000069,0.0
S00006,IMS-CSCF,edge-B,edge,213,DONE,6.36682,7.35976,992.9397870000685,992.9397870000685,990.4,1.719,0.8207870000684352,0.4317870000684252,0.38900000000001,0.0
S00005,IMS-CSCF,edge-A,edge,203,DONE,6.36825,6.97751,609.2592879999756,609.2592879999756,601.703,3.705,3.851287999975625,0.7102879999756624,3.1409999999999627,0.0
S00004,UPF,edge-B,edge,222,DONE,6.37066,6.87784,507.1874939999361,507.1874939999361,497.783,7.615,1.7894939999360986,0.551493999936099,1.2379999999999995,0.0
S00001,vRAN-DU,edge-A,edge,181,DONE,6.37312,6.4811,107.97965199981263,107.97965199981263,99.048,4.642,4.289651999812634,3.2096519998126354,1.0799999999999983,0.0
S00002,vRAN-DU,edge-B,edge,165,DONE,6.37963,6.46561,85.97599599988826,85.97599599988826,11.44,6.295,68.24099599988826,1.3769959998882513,66.864,0.0
S00010,IoT-GW,edge-B,edge,201,DONE,6.3809,7.37076,989.8658160000195,989.8658160000195,922.837,1.22,65.80881600001953,0.40481600001953666,65.404,0.0
S00003,UPF,edge-A,edge,203,DONE,6.38828,6.58317,194.8971309998342,194.8971309998342,185.574,4.473,4.850130999834164,0.7301309998341878,4.119999999999976,0.0
S00006,IMS-CSCF,edge-B,edge,214,DONE,6.39065,7.36968,979.0261170001031,979.0261170001031,917.033,5.644,56.34911700010309,0.7321170001031305,55.61699999999996,0.0
S00009,IoT-GW,edge-A,edge,190,DONE,6.39226,7.38213,989.8607299996911,989.8607299996911,986.696,1.797,1.3677299996910506,0.42872999969108605,0.9389999999999645,0.0
S00005,IMS-CSCF,edge-A,edge,204,DONE,6.39441,6.99459,600.1815220001845,600.1815220001845,518.579,3.869,77.73352200018451,0.5105220001844373,77.22300000000007,0.0
S00003,UPF,edge-A,edge,204,DONE,6.39807,6.58513,187.06243799988442,187.06243799988442,109.813,2.792,74.45743799988442,1.090437999884415,73.367,0.0
S00004,UPF,edge-B,edge,223,DONE,6.39828,6.95725,558.9682989998437,558.9682989998437,502.018,3.605,53.34529899984369,0.8352989998436442,52.51000000000005,0.0
S00008,Transcoder,core-1,core,98,DONE,6.39852,6.42101,22.489811000014015,22.489811000014015,0.142,6.567,3.7808110000140154,2.7438110000140146,1.037,12.0
S00005,IMS-CSCF,edge-A,edge,205,DONE,6.40308,7.00354,600.4555859999527,600.4555859999527,524.34,6.914,69.20158599995273,0.818585999952802,68.38299999999992,0.0
S00003,UPF,edge-A,edge,205,DONE,6.40328,6.59444,191.16401500014035,191.16401500014035,114.068,4.386,72.71001500014036,1.0730150001403445,71.63700000000001,0.0
S00005,IMS-CSCF,edge-A,edge,206,DONE,6.40667,7.07441,667.7416620000258,667.7416620000258,531.489,70.572,65.68066200002579,0.7966620000257763,64.88400000000001,0.0
S00001,vRAN-DU,edge-A,edge,182,DONE,6.4112,6.48626,75.06020799974067,75.06020799974067,5.322,8.661,61.077207999740665,0.6352079997406719,60.44199999999999,0.0
S00005,IMS-CSCF,edge-A,edge,207,DONE,6.41473,7.19718,782.447582000259,782.447582000259,715.737,8.9,57.810582000259046,0.9505820002590326,56.860000000000014,0.0
S00004,UPF,edge-B,edge,224,DONE,6.41504,6.96404,549.0030360001583,549.0030360001583,513.001,4.232,31.77003600015837,0.6480360001582994,31.12200000000007,0.0
S00008,Transcoder,core-1,core,99,DONE,6.43154,6.45502,23.476089000268985,23.476089000268985,0.133,8.464,2.8790890002689835,2.117089000268985,0.7619999999999987,12.0
S00005,IMS-CSCF,edge-A,edge,208,DONE,6.43733,7.20264,765.3073890000996,765.3073890000996,728.343,2.195,34.769389000099636,0.8303890000996716,33.938999999999965,0.0
S00004,UPF,edge-B,edge,225,DONE,6.44106,7.04663,605.5731540000124,605.5731540000124,518.866,80.718,5.9891540000124905,0.6521540000123878,5.337000000000103,0.0
S00004,UPF,edge-B,edge,226,DONE,6.44129,7.05221,610.9165170000779,610.9165170000779,603.328,1.881,5.707517000077928,0.5225170000778689,5.185000000000059,0.0
S00010,IoT-GW,edge-B,edge,202,EXPIRED,6.44669,7.44997,,,1000.454,,,,,
S00009,IoT-GW,edge-A,edge,191,DONE,6.44985,7.47278,1022.9247530000976,1022.9247530000976,921.498,79.099,22.32775300009746,0.5877530000975639,21.739999999999895,0.0
S00009,IoT-GW,edge-A,edge,192,EXPIRED,6.45007,7.47323,,,1001.091,,,,,
S00002,vRAN-DU,edge-B,edge,166,DONE,6.45656,6.5541,97.541282000293,97.541282000293,7.622,88.705,1.2142820002929966,0.5832820002929964,0.6310000000000002,0.0
S00005,IMS-CSCF,edge-A,edge,209,DONE,6.4583,7.20525,746.9506140000703,746.9506140000703,731.514,1.154,14.282614000070339,0.6626140000703344,13.620000000000005,0.0
S00002,vRAN-DU,edge-B,edge,167,DONE,6.46566,6.55484,89.18745199980549,89.18745199980549,3.822,4.069,81.29645199980548,0.5444519998054886,80.752,0.0
S00002,vRAN-DU,edge-B,edge,168,DONE,6.46602,6.56041,94.38152300026559,94.38152300026559,9.033,4.289,81.05952300026559,0.43252300026559,80.627,0.0
S00008,Transcoder,core-1,core,100,DONE,6.46741,6.48854,21.125662000031298,21.125662000031298,0.083,6.753,2.2896620000312975,1.2476620000312977,1.0419999999999998,12.0
S00005,IMS-CSCF,edge-A,edge,210,DONE,6.47365,7.27755,803.9031210000758,803.9031210000758,727.303,68.233,8.367121000075713,2.4301210000758147,5.936999999999898,0.0
S00004,UPF,edge-B,edge,227,DONE,6.49467,7.0674,572.7265330001501,572.7265330001501,510.527,2.721,59.47853300015015,1.1195330001501134,58.35900000000004,0.0
S00002,vRAN-DU,edge-B,edge,169,DONE,6.49678,6.56541,68.62553800010573,68.62553800010573,13.929,3.781,50.915538000105734,0.8335380001057331,50.082,0.0
S00003,UPF,edge-A,edge,206,DONE,6.49844,6.67661,178.16317300002993,178.16317300002993,14.981,82.783,80.39917300002993,3.2211730000299212,77.17800000000001,0.0
S00010,IoT-GW,edge-B,edge,203,DONE,6.4997,7.45623,956.5262290002465,956.5262290002465,908.262,0.941,47.323229000246556,0.5222290002465115,46.801000000000045,0.0
S00002,vRAN-DU,edge-B,edge,170,DONE,6.50855,6.64698,138.43597400000363,138.43597400000363,18.006,81.076,39.35397400000363,1.173974000003625,38.18000000000001,0.0
S00010,IoT-GW,edge-B,edge,204,DONE,6.51311,7.46408,950.9699109999019,950.9699109999019,916.341,0.823,33.805910999901926,0.5979109999019556,33.20799999999997,0.0
S00007,Transcoder,core-1,core,96,DONE,6.51331,6.53249,19.18334199990568,19.18334199990568,0.096,6.788,2.2993419999056783,1.6543419999056788,0.6449999999999996,10.0
S00007,Transcoder,core-1,core,97,DONE,6.52363,6.54239,18.765143000109674,18.765143000109674,0.091,6.248,2.4261430001096738,1.7241430001096738,0.702,10.0
S00009,IoT-GW,edge-A,edge,193,DONE,6.52416,7.49038,966.2200359998678,966.2200359998678,908.846,2.013,55.361035999867795,0.5310359998678678,54.82999999999993,0.0
S00010,IoT-GW,edge-B,edge,205,EXPIRED,6.52447,7.55219,,,1004.986,,,,,
S00001,vRAN-DU,edge-A,edge,183,DONE,6.52584,6.58661,60.76867799993124,60.76867799993124,0.812,9.224,50.73267799993124,0.6536779999312401,50.079,0.0
S00002,vRAN-DU,edge-B,edge,171,DONE,6.52591,6.65239,126.48086799981684,126.48086799981684,101.79,3.484,21.206867999816836,0.7188679998168368,20.488,0.0
S00004,UPF,edge-B,edge,228,DONE,6.52914,7.06744,538.2922010003313,538.2922010003313,517.374,1.678,19.24020100033124,0.7702010003312125,18.470000000000027,0.0
S00003,UPF,edge-A,edge,207,DONE,6.52927,6.68449,155.2237989999412,155.2237989999412,102.636,5.407,47.18079899994122,0.998798999941215,46.182,0.0
S00009,IoT-GW,edge-A,edge,194,DONE,6.53265,7.49472,962.0694779996484,962.0694779996484,916.847,1.92,43.30247799964843,0.3644779996483294,42.9380000000001,0.0
S00003,UPF,edge-A,edge,208,DONE,6.53425,6.68789,153.63173500008998,153.63173500008998,108.278,3.272,42.081735000089964,0.3387350000899687,41.742999999999995,0.0
S00002,vRAN-DU,edge-B,edge,172,DONE,6.53878,6.65869,119.91088500008118,119.91088500008118,105.538,6.009,8.363885000081183,0.670885000081185,7.692999999999998,0.0
S00004,UPF,edge-B,edge,229,DONE,6.54013,7.15143,611.3006739997218,611.3006739997218,600.882,3.09,7.3286739997217865,0.8226739997218147,6.505999999999972,0.0
S00002,vRAN-DU,edge-B,edge,173,DONE,6.54241,6.65673,114.32641500005047,114.32641500005047,106.617,3.124,4.5854150000504745,0.4294150000504686,4.156000000000006,0.0
S00009,IoT-GW,edge-A,edge,195,EXPIRED,6.54776,7.57901,,,1000.973,,,,,
S00007,Transcoder,core-1,core,98,DONE,6.55265,6.59442,41.77309799979412,41.77309799979412,0.098,17.666,14.009097999794118,8.522097999794116,5.487000000000002,10.0
S00004,UPF,edge-B,edge,230,DONE,6.55279,7.18651,633.7198109999918,633.7198109999918,602.41,27.993,3.3168109999917306,1.488810999991756,1.8279999999999745,0.0
S00007,Transcoder,core-1,core,99,DONE,6.55286,6.60006,47.19999199960512,47.19999199960512,0.215,29.783,7.2019919996051165,2.63499199960512,4.566999999999997,10.0
S00009,IoT-GW,edge-A,edge,196,EXPIRED,6.55613,7.57901,,,1000.967,,,,,
S00005,IMS-CSCF,edge-A,edge,211,DONE,6.55986,7.37685,816.986655999699,816.986655999699,798.894,1.988,16.104655999698934,0.48765599969897266,15.616999999999962,0.0
S00009,IoT-GW,edge-A,edge,197,EXPIRED,6.57407,7.58474,,,1003.53,,,,,
S00005,IMS-CSCF,edge-A,edge,212,DONE,6.57423,7.37982,805.5874659999063,805.5874659999063,796.194,2.255,7.138465999906316,6.651465999906236,0.48700000000008004,0.0
S00005,IMS-CSCF,edge-A,edge,213,DONE,6.57729,7.38974,812.4494730000151,812.4494730000151,800.648,7.564,4.237473000015143,3.8364730000150757,0.4010000000000673,0.0
S00005,IMS-CSCF,edge-A,edge,214,DONE,6.57742,7.39371,816.2941869995848,816.2941869995848,807.85,3.094,5.350186999584707,4.7991869995847765,0.5509999999999309,0.0
S00003,UPF,edge-A,edge,209,DONE,6.57973,6.77405,194.32266400008302,194.32266400008302,110.391,80.434,3.4976640000830344,2.842664000083033,0.6550000000000011,0.0
S00005,IMS-CSCF,edge-A,edge,215,DONE,6.59458,7.48343,888.8541559999794,888.8541559999794,808.458,1.649,78.74715599997944,0.3161559999794008,78.43100000000004,0.0
S00005,IMS-CSCF,edge-A,edge,216,DONE,6.59474,7.48463,889.8912699996799,889.8912699996799,810.243,1.327,78.32126999967988,0.27326999967988286,78.048,0.0
S00009,IoT-GW,edge-A,edge,198,DONE,6.59813,7.59537,997.2389630001999,997.2389630001999,918.753,3.147,75.33896300019978,0.6019630001999303,74.73699999999985,0.0
S00001,vRAN-DU,edge-A,edge,184,DONE,6.60133,6.67907,77.73857099982706,77.73857099982706,0.772,4.713,72.25357099982706,0.7545709998270667,71.499,0.0
S00009,IoT-GW,edge-A,edge,199,DONE,6.60986,7.59999,990.1300569999876,990.1300569999876,925.463,1.293,63.3740569999876,0.7040569999875288,62.67000000000007,0.0
S00003,UPF,edge-A,edge,210,DONE,6.61229,6.77732,165.02951000029498,165.02951000029498,100.933,2.762,61.33451000029497,0.761510000294976,60.57299999999999,0.0
S00007,Transcoder,core-1,core,100,DONE,6.6142,6.63617,21.968001999994158,21.968001999994158,0.094,9.462,2.4120019999941587,1.272001999994158,1.1400000000000006,10.0
S00006,IMS-CSCF,edge-B,edge,215,DONE,6.61436,7.44667,832.3076700003185,832.3076700003185,723.751,75.301,33.255670000318446,0.5736700003184296,32.682000000000016,0.0
S00008,Transcoder,core-1,core,101,DONE,6.61446,6.64153,27.067075000104523,27.067075000104523,0.175,10.231,4.661075000104525,2.1860750001045233,2.4749999999999996,12.0
S00004,UPF,edge-B,edge,231,DONE,6.61573,7.20691,591.1840930002654,591.1840930002654,548.706,8.22,34.258093000265376,0.5520930002654723,33.705999999999904,0.0
S00004,UPF,edge-B,edge,232,DONE,6.61594,7.26211,646.168882999973,646.168882999973,603.426,2.666,40.076882999972895,2.496882999972968,37.57999999999993,0.0
S00004,UPF,edge-B,edge,233,DONE,6.61722,7.26482,647.6041139999325,647.6041139999325,610.538,4.24,32.82611399993243,0.3931139999324387,32.43299999999999,0.0
S00007,Transcoder,core-1,core,101,DONE,6.61914,6.6446,25.461766000262287,25.461766000262287,0.109,12.176,3.176766000262287,2.2217660002622868,0.9550000000000001,10.0
S00001,vRAN-DU,edge-A,edge,185,DONE,6.62951,6.68447,54.96217300014905,54.96217300014905,5.652,5.224,44.086173000149046,1.1681730001490536,42.91799999999999,0.0
S00005,IMS-CSCF,edge-A,edge,217,DONE,6.63746,7.4904,852.9427879998366,852.9427879998366,813.809,1.012,38.12178799983667,0.7057879998366161,37.416000000000054,0.0
S00004,UPF,edge-B,edge,234,DONE,6.64462,7.35344,708.8292600001296,708.8292600001296,699.69,6.071,3.0682600001294986,0.9572600001296223,2.1109999999998763,0.0
S00002,vRAN-DU,edge-B,edge,174,DONE,6.65407,6.7511,97.02958099978787,97.02958099978787,4.419,89.449,3.1615809997878728,0.8045809997878735,2.3569999999999993,0.0
S00002,vRAN-DU,edge-B,edge,175,DONE,6.65537,6.75762,102.25025800036747,102.25025800036747,95.624,5.506,1.1202580003674711,0.3992580003674675,0.7210000000000036,0.0
S00005,IMS-CSCF,edge-A,edge,218,DONE,6.66205,7.49278,830.7328480000251,830.7328480000251,816.462,3.066,11.204848000025095,0.479848000025072,10.725000000000023,0.0
S00002,vRAN-DU,edge-B,edge,176,DONE,6.67055,6.75882,88.26916300040466,88.26916300040466,6.495,3.72,78.05416300040466,0.7801630004046558,77.274,0.0
S00007,Transcoder,core-1,core,102,DONE,6.67082,6.69683,26.01621999974668,26.01621999974668,0.117,11.938,3.96121999974668,3.1682199997466807,0.7929999999999993,10.0
S00003,UPF,edge-A,edge,211,DONE,6.67662,6.78238,105.76370399985535,105.76370399985535,99.445,2.838,3.480703999855365,1.7007039998553495,1.7800000000000153,0.0
S00009,IoT-GW,edge-A,edge,200,EXPIRED,6.67672,7.68314,,,1003.949,,,,,
S00001,vRAN-DU,edge-A,edge,186,DONE,6.6803,6.69412,13.816275000408496,13.816275000408496,4.639,8.179,0.9982750004084942,0.5242750004084957,0.4739999999999984,0.0
S00006,IMS-CSCF,edge-B,edge,216,DONE,6.68166,7.44899,767.3309159999917,767.3309159999917,698.194,2.052,67.08491599999172,0.7049159999917265,66.38,0.0
S00001,vRAN-DU,edge-A,edge,187,DONE,6.68572,6.69321,7.4862310002572485,7.4862310002572485,1.142,5.221,1.123231000257249,0.6402310002572484,0.48300000000000054,0.0
S00010,IoT-GW,edge-B,edge,206,DONE,6.68751,7.5593,871.7915619999985,871.7915619999985,808.49,1.804,61.49756199999854,0.6685619999984738,60.829000000000065,0.0
S00004,UPF,edge-B,edge,235,DONE,6.6891,7.35905,669.9485250001089,669.9485250001089,606.0,4.397,59.55152500010888,0.5605250001088962,58.990999999999985,0.0
S00006,IMS-CSCF,edge-B,edge,217,DONE,6.69324,7.45809,764.8557239999718,764.8557239999718,707.585,1.884,55.386723999971764,1.0987239999718668,54.2879999999999,0.0
S00008,Transcoder,core-1,core,102,DONE,6.69427,6.7171,22.837513000013132,22.837513000013132,0.095,7.466,3.276513000013132,2.603513000013132,0.673,12.0
S00006,IMS-CSCF,edge-B,edge,218,DONE,6.69655,7.46306,766.5155199997571,766.5155199997571,712.992,1.075,52.44851999975708,1.0865199997571153,51.361999999999966,0.0
S00003,UPF,edge-A,edge,212,DONE,6.70119,6.78744,86.24461999988853,86.24461999988853,10.607,2.39,73.24761999988853,0.9486199998885212,72.299,0.0
S00002,vRAN-DU,edge-B,edge,177,DONE,6.70136,6.84945,148.08890100039207,148.08890100039207,26.793,73.187,48.10890100039208,1.81890100039206,46.29000000000002,0.0
S00009,IoT-GW,edge-A,edge,201,DONE,6.70149,7.6928,991.312409999864,991.312409999864,914.85,2.453,74.00940999986403,2.039409999864006,71.97000000000003,0.0
S00009,IoT-GW,edge-A,edge,202,EXPIRED,6.70881,7.77813,,,1003.772,,,,,
S00002,vRAN-DU,edge-B,edge,178,DONE,6.70905,6.85447,145.41664899979878,145.41664899979878,100.508,4.77,40.13864899979879,0.46364899979877805,39.67500000000001,0.0
S00005,IMS-CSCF,edge-A,edge,219,DONE,6.71647,7.57897,862.5016949999917,862.5016949999917,720.886,81.917,59.698694999991744,0.912694999991686,58.78600000000006,0.0
S00001,vRAN-DU,edge-A,edge,188,DONE,6.71711,6.78655,69.4317319998845,69.4317319998845,2.996,9.454,56.9817319998845,0.4657319998845111,56.51599999999999,0.0
S00008,Transcoder,core-1,core,103,DONE,6.72151,6.744,22.497871000268788,22.497871000268788,0.094,7.869,2.5348710002687866,1.6178710002687868,0.9170000000000007,12.0
S00003,UPF,edge-A,edge,213,DONE,6.72325,6.79688,73.62816199974986,73.62816199974986,19.616,2.2,51.81216199974986,0.6441619997498691,51.16799999999999,0.0
S00009,IoT-GW,edge-A,edge,203,EXPIRED,6.72341,7.77826,,,1003.748,,,,,
S00003,UPF,edge-A,edge,214,DONE,6.72681,6.88203,155.21540700001424,155.21540700001424,21.932,83.879,49.40440700001423,2.429407000014237,46.974999999999994,0.0
S00001,vRAN-DU,edge-A,edge,189,DONE,6.72853,6.78435,55.818607000219345,55.818607000219345,7.557,2.83,45.431607000219344,0.6466070002193476,44.785,0.0
S00001,vRAN-DU,edge-A,edge,190,DONE,6.73087,6.79341,62.53743600018424,62.53743600018424,12.614,6.552,43.37143600018425,0.9924360001842416,42.379000000000005,0.0
S00009,IoT-GW,edge-A,edge,204,EXPIRED,6.73106,7.77827,,,1003.733,,,,,
S00002,vRAN-DU,edge-B,edge,179,DONE,6.73747,6.85372,116.245694999634,116.245694999634,101.794,2.859,11.592694999634006,0.8356949996340006,10.757000000000005,0.0
S00005,IMS-CSCF,edge-A,edge,220,DONE,6.73767,7.58062,842.9501850000634,842.9501850000634,804.259,2.006,36.68518500006337,1.0781850000633995,35.60699999999997,0.0
S00007,Transcoder,core-1,core,103,DONE,6.7426,6.77727,34.66794799987838,34.66794799987838,0.09,18.849,5.728947999878379,3.983947999878378,1.745000000000001,10.0
S00007,Transcoder,core-1,core,104,DONE,6.74725,6.77731,30.050981999920623,30.050981999920623,0.142,11.911,7.997981999920626,2.5949819999206234,5.4030000000000005,10.0
S00009,IoT-GW,edge-A,edge,205,EXPIRED,6.74954,7.77832,,,1003.726,,,,,
S00006,IMS-CSCF,edge-B,edge,219,DONE,6.75724,7.55192,794.6854420001728,794.6854420001728,787.225,5.182,2.2784420001727312,0.5284420001727312,1.75,0.0
S00001,vRAN-DU,edge-A,edge,191,DONE,6.75733,6.79438,37.05356800037407,37.05356800037407,13.046,7.292,16.71556800037407,2.3275680003740717,14.387999999999998,0.0
S00006,IMS-CSCF,edge-B,edge,220,DONE,6.75738,7.55744,800.0545910003893,800.0545910003893,796.355,1.258,2.4415910003892805,1.1775910003893841,1.2639999999998963,0.0
S00002,vRAN-DU,edge-B,edge,180,DONE,6.75744,6.8712,113.76637800003664,113.76637800003664,101.76,9.318,2.6883780000366357,1.7263780000366324,0.9620000000000033,0.0
S00005,IMS-CSCF,edge-A,edge,221,DONE,6.75752,7.59653,839.0128809996895,839.0128809996895,821.128,1.171,16.713880999689422,2.314880999689535,14.398999999999887,0.0
S00001,vRAN-DU,edge-A,edge,192,DONE,6.76234,6.87419,111.84121899987076,111.84121899987076,20.519,78.027,13.29521899987077,1.6972189998707563,11.598000000000013,0.0
S00006,IMS-CSCF,edge-B,edge,221,DONE,6.76993,7.56158,791.6530830002557,791.6530830002557,783.976,2.252,5.425083000255768,0.7510830002556759,4.674000000000092,0.0
S00009,IoT-GW,edge-A,edge,206,EXPIRED,6.77004,7.77833,,,1003.713,,,,,
S00008,Transcoder,core-1,core,104,DONE,6.77733,6.80602,28.689130999737245,28.689130999737245,0.097,11.458,5.134130999737245,3.3831309997372454,1.7509999999999994,12.0
S00005,IMS-CSCF,edge-A,edge,222,DONE,6.77979,7.59881,819.0228590001425,819.0228590001425,815.721,1.653,1.6488590001424654,0.5658590001424955,1.08299999999997,0.0
S00004,UPF,edge-B,edge,236,DONE,6.78363,7.3643,580.6717510004091,580.6717510004091,512.756,3.649,64.26675100040916,1.143751000409111,63.12300000000005,0.0
S00001,vRAN-DU,edge-A,edge,193,DONE,6.78375,6.88798,104.22854800026471,104.22854800026471,98.445,4.34,1.4435480002647125,0.5955480002647136,0.847999999999999,0.0
S00001,vRAN-DU,edge-A,edge,194,DONE,6.78656,6.89198,105.42610699985744,105.42610699985744,99.364,4.408,1.654106999857433,0.5511069998574385,1.1029999999999944,0.0
S00010,IoT-GW,edge-B,edge,207,DONE,6.78868,7.57215,783.4644579997985,783.4644579997985,717.426,6.605,59.43345799979841,0.605457999798432,58.827999999999975,0.0
S00005,IMS-CSCF,edge-A,edge,223,DONE,6.79202,7.6725,880.4823909999868,880.4823909999868,806.709,72.422,1.3513909999868474,0.5243909999868492,0.8269999999999982,0.0
S00005,IMS-CSCF,edge-A,edge,224,DONE,6.79214,7.68679,894.6498599998449,894.6498599998449,890.814,2.561,1.2748599998449208,0.5228599998449681,0.7519999999999527,0.0
S00009,IoT-GW,edge-A,edge,207,EXPIRED,6.79812,7.87736,,,1001.093,,,,,
S00004,UPF,edge-B,edge,237,DONE,6.79969,7.44818,648.4830889999103,648.4830889999103,516.669,83.524,48.29008899991027,0.4350889999102492,47.85500000000002,0.0
S00004,UPF,edge-B,edge,238,DONE,6.80099,7.45395,652.9629360002218,652.9629360002218,601.596,3.098,48.268936000221856,1.915936000221791,46.353000000000065,0.0
S00005,IMS-CSCF,edge-A,edge,225,DONE,6.80106,7.69789,896.8253860002733,896.8253860002733,820.211,3.233,73.38138600027332,0.5433860002732445,72.83800000000008,0.0
S00010,IoT-GW,edge-B,edge,208,DONE,6.80725,7.64792,840.6676929998866,840.6676929998866,728.8,70.95,40.91769299988664,0.8026929998866308,40.11500000000001,0.0
S00002,vRAN-DU,edge-B,edge,181,DONE,6.80908,6.94916,140.08213799979785,140.08213799979785,22.603,77.925,39.55413799979786,0.8851379997978484,38.66900000000001,0.0
S00004,UPF,edge-B,edge,239,DONE,6.81139,7.45457,643.177243000082,643.177243000082,604.794,1.825,36.558243000081916,0.7382430000819795,35.819999999999936,0.0
S00007,Transcoder,core-1,core,105,DONE,6.81148,6.83052,19.039104000057705,19.039104000057705,0.092,6.316,2.6311040000577055,1.752104000057706,0.8790000000000004,10.0
S00002,vRAN-DU,edge-B,edge,182,DONE,6.81208,6.96062,148.54049199993824,148.54049199993824,30.088,82.051,36.40149199993823,0.9094919999382398,35.49199999999999,0.0
S00009,IoT-GW,edge-A,edge,208,EXPIRED,6.81839,7.87738,,,1001.068,,,,,
S00009,IoT-GW,edge-A,edge,209,EXPIRED,6.81974,7.87748,,,1001.062,,,,,
S00009,IoT-GW,edge-A,edge,210,EXPIRED,6.82346,7.87749,,,1001.057,,,,,
S00001,vRAN-DU,edge-A,edge,195,DONE,6.82364,6.97316,149.52756900038366,149.52756900038366,18.678,80.034,50.81556900038366,0.5475690003836746,50.26799999999999,0.0
S00004,UPF,edge-B,edge,240,DONE,6.82798,7.45867,630.6998869999916,630.6998869999916,606.727,4.08,19.89288699999156,0.5968869999916251,19.295999999999935,0.0
S00004,UPF,edge-B,edge,241,DONE,6.82807,7.46075,632.6834689998577,632.6834689998577,611.158,1.737,19.78846899985774,0.6014689998577296,19.187000000000012,0.0
S00009,IoT-GW,edge-A,edge,211,EXPIRED,6.82811,7.87753,,,1001.037,,,,,
S00006,IMS-CSCF,edge-B,edge,222,DONE,6.83053,7.56563,735.0951260000329,735.0951260000329,713.941,3.291,17.86312600003282,0.4021260000329221,17.4609999999999,0.0
S00010,IoT-GW,edge-B,edge,209,DONE,6.831,7.75611,925.1143819997196,925.1143819997196,899.6,5.949,19.565381999719648,0.8393819997196488,18.726,0.0
S00003,UPF,edge-A,edge,215,DONE,6.83112,6.89508,63.953709000088566,63.953709000088566,13.915,6.265,43.773709000088566,1.3497090000885663,42.424,0.0
S00010,IoT-GW,edge-B,edge,210,DONE,6.83851,7.76849,929.9795910001194,929.9795910001194,916.486,3.428,10.065591000119412,0.6635910001193679,9.402000000000044,0.0
S00002,vRAN-DU,edge-B,edge,183,DONE,6.84037,6.95986,119.48617500002001,119.48617500002001,106.668,4.747,8.071175000020006,0.7531750000200077,7.317999999999998,0.0
S00001,vRAN-DU,edge-A,edge,196,DONE,6.84189,6.98155,139.6656790002453,139.6656790002453,102.354,3.562,33.749679000245294,2.1926790002452776,31.557000000000016,0.0
S00003,UPF,edge-A,edge,216,DONE,6.84538,6.97272,127.33980199982398,127.33980199982398,20.735,77.826,28.778801999823983,0.5678019998239705,28.211000000000013,0.0
S00003,UPF,edge-A,edge,217,DONE,6.84553,6.98622,140.6938199997967,140.6938199997967,106.083,5.84,28.770819999796686,0.5308199997966767,28.24000000000001,0.0
S00008,Transcoder,core-1,core,105,DONE,6.8468,6.8742,27.396303999921656,27.396303999921656,0.122,11.254,4.0203039999216585,2.996303999921656,1.024000000000001,12.0
S00008,Transcoder,core-1,core,106,DONE,6.85273,6.88563,32.898414000101184,32.898414000101184,0.09,17.277,3.531414000101183,1.7194140001011853,1.8119999999999976,12.0
S00004,UPF,edge-B,edge,242,DONE,6.85785,7.55159,693.7448740000036,693.7448740000036,600.822,90.498,2.4248740000035696,0.7038740000035659,1.7210000000000036,0.0
S00005,IMS-CSCF,edge-A,edge,226,DONE,6.8693,7.77807,908.7776370001848,908.7776370001848,824.208,79.458,5.111637000184828,1.8126370001847363,3.299000000000092,0.0
S00007,Transcoder,core-1,core,106,DONE,6.86985,6.89466,24.802651000300102,24.802651000300102,0.048,8.255,6.499651000300101,5.349651000300103,1.1499999999999986,10.0
S00004,UPF,edge-B,edge,243,DONE,6.8742,7.55698,682.7808059997551,682.7808059997551,677.371,4.298,1.11180599975512,0.4818059997551245,0.6299999999999955,0.0
S00003,UPF,edge-A,edge,218,DONE,6.8743,6.99117,116.87023300009969,116.87023300009969,105.306,4.386,7.178233000099695,0.54623300009969,6.632000000000005,0.0
S00006,IMS-CSCF,edge-B,edge,223,DONE,6.87606,7.57447,698.4055530001569,698.4055530001569,694.146,1.519,2.7405530001569787,0.8785530001568986,1.86200000000008,0.0
S00006,IMS-CSCF,edge-B,edge,224,DONE,6.8763,7.57812,701.8246960001306,701.8246960001306,696.24,2.351,3.233696000130635,1.6476960001306225,1.5860000000000127,0.0
S00004,UPF,edge-B,edge,244,DONE,6.87639,7.56059,684.2006409997339,684.2006409997339,679.057,3.507,1.6366409997339133,0.4336409997338251,1.2030000000000882,0.0
S00009,IoT-GW,edge-A,edge,212,EXPIRED,6.87646,7.88129,,,1000.431,,,,,
S00003,UPF,edge-A,edge,219,DONE,6.87795,7.00248,124.53587299978608,124.53587299978608,113.977,6.878,3.680872999786075,1.120872999786073,2.5600000000000023,0.0
S00004,UPF,edge-B,edge,245,DONE,6.88472,7.56317,678.4464190000108,678.4464190000108,612.079,1.993,64.37441900001079,0.8954190000107474,63.47900000000004,0.0
S00009,IoT-GW,edge-A,edge,213,EXPIRED,6.88516,7.89034,,,1002.49,,,,,
S00008,Transcoder,core-1,core,107,DONE,6.88928,6.91312,23.845750999953452,23.845750999953452,0.118,9.4,2.3277509999534516,1.2557509999534524,1.0719999999999992,12.0
S00005,IMS-CSCF,edge-A,edge,227,EXPIRED,6.88954,7.89173,,,1001.11,,,,,
S00003,UPF,edge-A,edge,220,DONE,6.89468,7.07262,177.94452199996158,177.94452199996158,28.083,70.346,79.51552199996158,1.820521999961585,77.695,0.0
S00002,vRAN-DU,edge-B,edge,184,DONE,6.90046,6.96551,65.0415739996788,65.0415739996788,11.578,4.586,48.8775739996788,0.5305739996788077,48.346999999999994,0.0
S00004,UPF,edge-B,edge,246,DONE,6.90687,7.56577,658.9042639998297,658.9042639998297,614.224,2.162,42.51826399982963,0.46526399982974453,42.052999999999884,0.0
S00002,vRAN-DU,edge-B,edge,185,DONE,6.91642,7.04827,131.85209699986444,131.85209699986444,15.417,83.185,33.25009699986444,0.8470969998644478,32.40299999999999,0.0
S00009,IoT-GW,edge-A,edge,214,EXPIRED,6.91664,7.98388,,,1009.097,,,,,
S00001,vRAN-DU,edge-A,edge,197,DONE,6.91796,6.98583,67.8761700000905,67.8761700000905,4.096,7.77,56.0101700000905,0.8151700000904896,55.19500000000001,0.0
S00006,IMS-CSCF,edge-B,edge,225,DONE,6.93303,7.66526,732.2384270000839,732.2384270000839,714.248,1.589,16.4014270000838,0.9814270000839542,15.419999999999845,0.0
S00005,IMS-CSCF,edge-A,edge,228,EXPIRED,6.93323,7.98328,,,1009.076,,,,,
S00004,UPF,edge-B,edge,247,DONE,6.93455,7.57448,639.9370099998123,639.9370099998123,616.48,8.051,15.406009999812227,0.8520099998122532,14.553999999999974,0.0
S00008,Transcoder,core-1,core,108,DONE,6.93617,6.96387,27.702195000074425,27.702195000074425,0.514,8.469,6.7191950000744285,1.5561950000744247,5.163000000000002,12.0
S00005,IMS-CSCF,edge-A,edge,229,EXPIRED,6.93743,7.98387,,,1009.069,,,,,
S00010,IoT-GW,edge-B,edge,211,DONE,6.94078,7.94761,1006.8284740000308,1006.8284740000308,938.119,59.372,9.337474000030852,0.7094740000308093,8.628000000000043,0.0
S00009,IoT-GW,edge-A,edge,215,EXPIRED,6.9421,7.98389,,,1009.064,,,,,
S00002,vRAN-DU,edge-B,edge,186,DONE,6.94221,7.057,114.79894600006446,114.79894600006446,100.292,7.383,7.123946000064464,0.4339460000644664,6.689999999999998,0.0
S00004,UPF,edge-B,edge,248,DONE,6.94466,7.64789,703.2305190000443,703.2305190000443,624.708,72.63,5.892519000044331,2.391519000044241,3.50100000000009,0.0
S00010,IoT-GW,edge-B,edge,212,EXPIRED,6.94477,7.95211,,,1000.858,,,,,
S00009,IoT-GW,edge-A,edge,216,EXPIRED,6.94917,7.9839,,,1009.059,,,,,
S00002,vRAN-DU,edge-B,edge,187,DONE,6.95159,7.05728,105.69127200005823,105.69127200005823,92.731,4.707,8.253272000058246,5.030272000058233,3.223000000000013,0.0
S00010,IoT-GW,edge-B,edge,213,EXPIRED,6.95405,7.96218,,,1001.757,,,,,
S00004,UPF,edge-B,edge,249,DONE,6.95532,7.64936,694.0378170002077,694.0378170002077,688.041,1.95,4.046817000207625,2.127817000207756,1.918999999999869,0.0
S00002,vRAN-DU,edge-B,edge,188,DONE,6.9566,7.0683,111.7012929998964,111.7012929998964,97.894,10.794,3.013292999896393,0.9862929998963921,2.027000000000001,0.0
S00009,IoT-GW,edge-A,edge,217,EXPIRED,6.9567,7.98391,,,1009.054,,,,,
S00003,UPF,edge-A,edge,221,DONE,6.95677,7.07656,119.79590100008863,119.79590100008863,100.919,1.998,16.878901000088632,1.0699010000886346,15.808999999999997,0.0
S00009,IoT-GW,edge-A,edge,218,EXPIRED,6.96772,7.98391,,,1009.046,,,,,
S00001,vRAN-DU,edge-A,edge,198,DONE,6.9711,6.99322,22.123176000150124,22.123176000150124,12.099,7.131,2.893176000150124,0.9661760001501243,1.9269999999999996,0.0
S00003,UPF,edge-A,edge,222,DONE,6.97503,7.0871,112.07023999986632,112.07023999986632,107.248,3.105,1.7172399998663082,0.7492399998663188,0.9679999999999893,0.0
S00009,IoT-GW,edge-A,edge,219,EXPIRED,6.97514,7.98393,,,1006.238,,,,,
S00006,IMS-CSCF,edge-B,edge,226,DONE,6.97523,7.66824,693.0113789999268,693.0113789999268,618.162,2.719,72.13037899992673,0.7793789999268483,71.35099999999989,0.0
S00006,IMS-CSCF,edge-B,edge,227,DONE,6.9765,7.76031,783.8104419997762,783.8104419997762,712.066,1.147,70.59744199977615,0.48144199977627977,70.11599999999987,0.0
S00005,IMS-CSCF,edge-A,edge,230,EXPIRED,6.98157,7.98394,,,1000.379,,,,,
S00004,UPF,edge-B,edge,250,DONE,6.98167,7.65254,670.8692110000811,670.8692110000811,603.415,1.761,65.69321100008119,0.620211000081099,65.07300000000009,0.0
S00003,UPF,edge-A,edge,223,DONE,6.98751,7.09563,108.11373700016702,108.11373700016702,101.971,3.221,2.9217370001670133,0.36573700016701594,2.5559999999999974,0.0
S00007,Transcoder,core-1,core,107,DONE,6.99055,7.01605,25.498318999780167,25.498318999780167,0.092,12.489,2.917318999780166,2.0863189997801665,0.8309999999999995,10.0
S00009,IoT-GW,edge-A,edge,220,EXPIRED,6.99118,7.99663,,,1004.256,,,,,
S00005,IMS-CSCF,edge-A,edge,231,EXPIRED,6.99135,7.99661,,,1003.935,,,,,
S00002,vRAN-DU,edge-B,edge,189,DONE,6.99539,7.06743,72.03320300004634,72.03320300004634,14.724,2.442,54.867203000046345,0.8942030000463461,53.973,0.0
S00003,UPF,edge-A,edge,224,DONE,6.99694,7.18693,189.98423399989406,189.98423399989406,99.04,89.272,1.672233999894047,0.7642339998940599,0.907999999999987,0.0
S00002,vRAN-DU,edge-B,edge,190,DONE,7.00047,7.14706,146.58964799991736,146.58964799991736,19.289,80.299,47.00164799991735,0.7336479999173662,46.26799999999999,0.0
S00009,IoT-GW,edge-A,edge,221,DONE,7.00182,8.07493,1073.1093499998678,1073.1093499998678,999.206,72.056,1.8473499998679017,0.9983499998677416,0.8490000000001601,0.0
S00001,vRAN-DU,edge-A,edge,199,DONE,7.00479,7.08404,79.24859900003867,79.24859900003867,67.682,9.763,1.803599000038659,0.7115990000386603,1.0919999999999987,0.0
S00002,vRAN-DU,edge-B,edge,191,DONE,7.00519,7.15065,145.45618499960256,145.45618499960256,21.375,81.675,42.40618499960256,3.198184999602546,39.20800000000001,0.0
S00006,IMS-CSCF,edge-B,edge,228,DONE,7.00536,7.76409,758.7278430000879,758.7278430000879,713.386,3.417,41.92484300008789,3.0498430000878898,38.875,0.0
S00008,Transcoder,core-1,core,109,DONE,7.00822,7.03103,22.815466000338347,22.815466000338347,0.089,8.027,2.6994660003383473,1.9224660003383462,0.777000000000001,12.0
S00004,UPF,edge-B,edge,251,DONE,7.01053,7.65959,649.0625229998841,649.0625229998841,605.45,6.732,36.88052299988408,0.5085229998841214,36.37199999999996,0.0
S00009,IoT-GW,edge-A,edge,222,EXPIRED,7.01188,8.07247,,,1000.145,,,,,
S00005,IMS-CSCF,edge-A,edge,232,EXPIRED,7.01202,8.07245,,,1000.13,,,,,
S00001,vRAN-DU,edge-A,edge,200,DONE,7.01535,7.09056,75.20924900018144,75.20924900018144,5.223,13.516,56.47024900018144,0.9802490001814448,55.489999999999995,0.0
S00010,IoT-GW,edge-B,edge,214,DONE,7.01732,8.04887,1031.5447799998765,1031.5447799998765,938.774,62.18,30.59077999987653,1.0987799998765695,29.491999999999962,0.0
S00003,UPF,edge-A,edge,225,DONE,7.01743,7.19437,176.94183200001135,176.94183200001135,119.106,2.992,54.843832000011346,0.523832000011339,54.32000000000001,0.0
S00002,vRAN-DU,edge-B,edge,192,DONE,7.01873,7.18653,167.79566100012744,167.79566100012744,108.46,29.511,29.824661000127435,1.3996610001274519,28.424999999999983,0.0
S00002,vRAN-DU,edge-B,edge,193,DONE,7.01885,7.19577,176.91993499965974,176.91993499965974,138.325,10.461,28.133934999659743,0.5299349996597584,27.603999999999985,0.0
S00001,vRAN-DU,edge-A,edge,201,DONE,7.02225,7.09169,69.43778900040343,69.43778900040343,16.297,3.704,49.43678900040342,0.46278900040343274,48.97399999999999,0.0
S00004,UPF,edge-B,edge,252,DONE,7.02401,7.66525,641.2457490000634,641.2457490000634,615.595,1.751,23.899749000063366,1.4527490000633634,22.447000000000003,0.0
S00004,UPF,edge-B,edge,253,DONE,7.02633,7.66823,641.8943660000878,641.8943660000878,617.947,2.851,21.096366000087755,1.0073660000878135,20.088999999999942,0.0
S00002,vRAN-DU,edge-B,edge,194,DONE,7.02783,7.24798,220.1480270000502,220.1480270000502,144.186,55.853,20.10902700005019,0.9890270000502142,19.119999999999976,0.0
S00003,UPF,edge-A,edge,226,DONE,7.03437,7.20149,167.11493899993002,167.11493899993002,122.696,6.927,37.49193899993003,0.7379389999300088,36.75400000000002,0.0
S00005,IMS-CSCF,edge-A,edge,233,EXPIRED,7.04294,8.07247,,,1000.105,,,,,
S00003,UPF,edge-A,edge,227,DONE,7.04321,7.20659,163.3784979999291,163.3784979999291,131.071,3.58,28.727497999929085,0.7324979999291088,27.994999999999976,0.0
S00006,IMS-CSCF,edge-B,edge,229,DONE,7.04328,7.84869,805.40907600016,805.40907600016,721.038,78.064,6.307076000160009,0.5750760001600383,5.731999999999971,0.0
S00004,UPF,edge-B,edge,254,DONE,7.04503,7.75609,711.0626379999303,711.0626379999303,620.967,81.865,8.230637999930309,0.8456379999303181,7.384999999999991,0.0
S00009,IoT-GW,edge-A,edge,223,EXPIRED,7.0452,8.07248,,,1000.099,,,,,
S00007,Transcoder,core-1,core,108,DONE,7.05174,7.07252,20.77949800013812,20.77949800013812,0.103,6.561,4.115498000138119,3.4804980001381196,0.6350000000000007,10.0
S00002,vRAN-DU,edge-B,edge,195,DONE,7.05222,7.26216,209.9437219999345,209.9437219999345,194.327,9.84,5.7767219999344945,1.2387219999344836,4.538000000000011,0.0
S00009,IoT-GW,edge-A,edge,224,EXPIRED,7.05232,8.07249,,,1000.096,,,,,
S00010,IoT-GW,edge-B,edge,215,EXPIRED,7.0557,8.06012,,,1002.585,,,,,
S00010,IoT-GW,edge-B,edge,216,EXPIRED,7.05617,8.06013,,,1002.565,,,,,
S00001,vRAN-DU,edge-A,edge,202,DONE,7.06606,7.0961,30.037625999739248,30.037625999739248,19.912,3.876,6.249625999739248,0.473625999739248,5.776,0.0
S00002,vRAN-DU,edge-B,edge,196,DONE,7.0662,7.26234,196.14237999985562,196.14237999985562,185.918,3.725,6.49937999985562,1.779379999855621,4.719999999999999,0.0
S00008,Transcoder,core-1,core,110,DONE,7.06831,7.09121,22.899335000147403,22.899335000147403,0.1,6.71,4.089335000147404,3.378335000147402,0.7110000000000003,12.0
S00006,IMS-CSCF,edge-B,edge,230,DONE,7.06841,7.85156,783.1501630003004,783.1501630003004,701.459,2.091,79.60016300030043,2.0381630003004148,77.56200000000001,0.0
S00006,IMS-CSCF,edge-B,edge,231,DONE,7.06965,7.95348,883.8273830001526,883.8273830001526,800.372,5.026,78.42938300015271,0.7453830001526285,77.68400000000008,0.0
S00003,UPF,edge-A,edge,228,DONE,7.06973,7.28273,213.00137399975938,213.00137399975938,202.365,7.422,3.214373999759374,0.8523739997593793,2.3619999999999948,0.0
S00004,UPF,edge-B,edge,255,DONE,7.07103,7.75994,688.9057560001675,688.9057560001675,605.917,4.977,78.01175600016745,0.3687560001674228,77.64300000000003,0.0
S00004,UPF,edge-B,edge,256,DONE,7.07264,7.76151,688.8755029999629,688.8755029999629,611.145,2.593,75.13750299996298,0.3635029999629751,74.774,0.0
S00008,Transcoder,core-1,core,111,DONE,7.08367,7.10611,22.436418999859598,22.436418999859598,0.086,7.829,2.5214189998595984,1.698418999859598,0.8229999999999995,12.0
S00001,vRAN-DU,edge-A,edge,203,DONE,7.0838,7.19123,107.4251660002119,107.4251660002119,11.571,94.023,1.8311660002119083,0.8181660002119031,1.0130000000000052,0.0
S00009,IoT-GW,edge-A,edge,225,EXPIRED,7.08632,8.08992,,,1001.689,,,,,
S00003,UPF,edge-A,edge,229,DONE,7.08645,7.2855,199.05485399976897,199.05485399976897,194.142,2.177,2.7358539997689775,0.8528539997689677,1.8830000000000098,0.0
S00009,IoT-GW,edge-A,edge,226,EXPIRED,7.10447,8.17917,,,1072.713,,,,,
S00002,vRAN-DU,edge-B,edge,197,DONE,7.10734,7.34747,240.121808999902,240.121808999902,109.979,11.666,118.47680899990199,1.6568089999019833,116.82000000000001,0.0
S00006,IMS-CSCF,edge-B,edge,232,DONE,7.11773,7.97376,856.0258490001615,856.0258490001615,818.671,5.726,31.628849000161495,2.151849000161519,29.476999999999975,0.0
S00010,IoT-GW,edge-B,edge,217,EXPIRED,7.11928,8.15067,,,1000.301,,,,,
S00006,IMS-CSCF,edge-B,edge,233,EXPIRED,7.11939,8.14855,,,1000.295,,,,,
S00005,IMS-CSCF,edge-A,edge,234,DONE,7.12071,8.08287,962.158584000008,962.158584000008,959.01,1.143,2.005584000007957,0.5675840000079688,1.4379999999999882,0.0
S00003,UPF,edge-A,edge,230,DONE,7.1213,7.29632,175.01267699981327,175.01267699981327,164.511,8.202,2.299676999813272,0.9776769998132693,1.3220000000000027,0.0
S00003,UPF,edge-A,edge,231,DONE,7.12147,7.37193,250.46355799986486,250.46355799986486,176.487,72.35,1.6265579998648718,1.010557999864858,0.6160000000000139,0.0
S00006,IMS-CSCF,edge-B,edge,234,EXPIRED,7.12801,8.14942,,,1000.29,,,,,
S00006,IMS-CSCF,edge-B,edge,235,EXPIRED,7.12821,8.15065,,,1000.285,,,,,
S00006,IMS-CSCF,edge-B,edge,236,EXPIRED,7.13157,8.15066,,,1000.28,,,,,
S00008,Transcoder,core-1,core,112,DONE,7.13822,7.17059,32.372546999795304,32.372546999795304,0.085,14.097,6.190546999795302,3.268546999795305,2.921999999999999,12.0
S00002,vRAN-DU,edge-B,edge,198,DONE,7.14197,7.34749,205.51837899984093,205.51837899984093,121.63,76.629,7.259378999840919,1.3633789998409327,5.895999999999987,0.0
S00009,IoT-GW,edge-A,edge,227,EXPIRED,7.14218,8.17918,,,1006.656,,,,,
S00007,Transcoder,core-1,core,109,DONE,7.14707,7.17061,23.533222999958525,23.533222999958525,0.185,10.421,2.9272229999585253,2.2172229999585245,0.7100000000000009,10.0
S00004,UPF,edge-B,edge,257,DONE,7.15067,7.76843,617.7602119996664,617.7602119996664,610.01,5.707,2.0432119996663687,0.6222119996663196,1.4210000000000491,0.0
S00003,UPF,edge-A,edge,232,DONE,7.15079,7.37858,227.79334000006202,227.79334000006202,200.985,4.852,21.956340000062,1.6083400000620145,20.347999999999985,0.0
S00002,vRAN-DU,edge-B,edge,199,DONE,7.15268,7.3548,202.11647900032403,202.11647900032403,193.557,7.505,1.0544790003240507,0.30347900032404596,0.7510000000000048,0.0
S00009,IoT-GW,edge-A,edge,228,EXPIRED,7.15557,8.17919,,,1006.632,,,,,
S00003,UPF,edge-A,edge,233,DONE,7.16029,7.38545,225.16522799969607,225.16522799969607,207.868,5.485,11.812227999696063,0.7232279996960642,11.088999999999999,0.0
S00009,IoT-GW,edge-A,edge,229,EXPIRED,7.1631,8.17919,,,1006.621,,,,,
S00008,Transcoder,core-1,core,113,DONE,7.16546,7.19499,29.530258999784564,29.530258999784564,0.084,11.618,5.828258999784566,3.4432589997845646,2.385,12.0
S00003,UPF,edge-A,edge,234,DONE,7.1724,7.38871,216.3137719999213,216.3137719999213,197.673,3.018,15.622771999921298,1.9747719999213018,13.647999999999996,0.0
S00004,UPF,edge-B,edge,258,DONE,7.17972,7.84871,668.9845430000787,668.9845430000787,582.404,78.496,8.084543000078725,2.023543000078689,6.0610000000000355,0.0
S00004,UPF,edge-B,edge,259,DONE,7.17987,7.85942,679.5499999998356,679.5499999998356,662.721,10.364,6.464999999835527,2.4459999998355215,4.0190000000000055,0.0
S00005,IMS-CSCF,edge-A,edge,235,DONE,7.18122,8.17915,997.9337690001557,997.9337690001557,902.007,88.229,7.697769000155745,1.3907690001557285,6.307000000000016,0.0
S00002,vRAN-DU,edge-B,edge,200,DONE,7.18653,7.35808,171.54143200014005,171.54143200014005,161.888,4.56,5.093432000140041,0.37043200014005606,4.722999999999985,0.0
S00005,IMS-CSCF,edge-A,edge,236,EXPIRED,7.18662,8.19154,,,1000.176,,,,,
S00002,vRAN-DU,edge-B,edge,201,DONE,7.19047,7.36365,173.17625199984832,173.17625199984832,167.485,3.782,1.9092519998482942,1.1802519998483092,0.728999999999985,0.0
S00001,vRAN-DU,edge-A,edge,204,DONE,7.1906,7.20027,9.667681000337325,9.667681000337325,2.553,3.304,3.8106810003373255,2.840681000337325,0.9700000000000006,0.0
S00003,UPF,edge-A,edge,235,DONE,7.19353,7.39216,198.62852300002487,198.62852300002487,194.029,3.093,1.5065230000248846,0.8535230000248646,0.65300000000002,0.0
S00004,UPF,edge-B,edge,260,DONE,7.19362,7.86829,674.6679560001212,674.6679560001212,663.376,7.952,3.3399560001212194,1.7349560001212012,1.6050000000000182,0.0
S00009,IoT-GW,edge-A,edge,230,DONE,7.19718,8.18071,983.5272160003115,983.5272160003115,980.855,1.809,0.8632160003114677,0.3642160003114441,0.49900000000002365,0.0
S00001,vRAN-DU,edge-A,edge,205,DONE,7.20526,7.27942,74.16162199979226,74.16162199979226,0.245,71.444,2.4726219997922527,0.5816219997922616,1.8909999999999911,0.0
S00010,IoT-GW,edge-B,edge,218,EXPIRED,7.20938,8.24702,,,1000.0,,,,,
S00001,vRAN-DU,edge-A,edge,206,DONE,7.20958,7.2886,79.02536200026589,79.02536200026589,4.453,8.278,66.29436200026589,0.5383620002658915,65.756,0.0
S00004,UPF,edge-B,edge,261,DONE,7.21743,7.95149,734.0620790000685,734.0620790000685,620.484,80.038,33.54007900006843,2.0870790000684565,31.452999999999975,0.0
S00009,IoT-GW,edge-A,edge,231,EXPIRED,7.21886,8.27985,,,1004.769,,,,,
S00009,IoT-GW,edge-A,edge,232,EXPIRED,7.21903,8.27987,,,1004.76,,,,,
S00008,Transcoder,core-1,core,114,DONE,7.22547,7.24638,20.904774999962683,20.904774999962683,0.092,6.541,2.271774999962684,1.4617749999626835,0.8099999999999996,12.0
S00005,IMS-CSCF,edge-A,edge,237,DONE,7.23208,8.19823,966.1419930002921,966.1419930002921,920.352,3.403,42.38699300029214,1.0079930002921174,41.37900000000002,0.0
S00001,vRAN-DU,edge-A,edge,207,DONE,7.23228,7.28909,56.80057800009308,56.80057800009308,10.296,3.215,43.28957800009309,0.826578000093086,42.462999999999994,0.0
S00001,vRAN-DU,edge-A,edge,208,DONE,7.23355,7.29864,65.09931299979144,65.09931299979144,21.664,2.857,40.578312999791436,0.5533129997914301,40.025000000000006,0.0
S00001,vRAN-DU,edge-A,edge,209,DONE,7.23592,7.37525,139.32824700032143,139.32824700032143,21.71,78.808,38.810247000321425,0.7142470003214214,38.096000000000004,0.0
S00004,UPF,edge-B,edge,262,DONE,7.23827,7.9645,726.2258139999176,726.2258139999176,704.516,13.16,8.54981399991766,0.5048139999175874,8.045000000000073,0.0
S00009,IoT-GW,edge-A,edge,233,EXPIRED,7.25595,8.27988,,,1004.723,,,,,
S00006,IMS-CSCF,edge-B,edge,237,EXPIRED,7.26238,8.26819,,,1002.328,,,,,
S00004,UPF,edge-B,edge,263,DONE,7.26285,7.9763,713.448304999929,713.448304999929,700.518,7.389,5.5413049999289115,2.866304999928957,2.6749999999999545,0.0
S00005,IMS-CSCF,edge-A,edge,238,EXPIRED,7.26604,8.27979,,,1004.715,,,,,
S00007,Transcoder,core-1,core,110,DONE,7.27055,7.30305,32.50279000030787,32.50279000030787,0.126,17.974,4.402790000307867,2.5337900003078673,1.8689999999999998,10.0
S00003,UPF,edge-A,edge,236,DONE,7.28275,7.47633,193.57484600004682,193.57484600004682,108.567,82.428,2.579846000046814,2.086846000046819,0.492999999999995,0.0
S00009,IoT-GW,edge-A,edge,234,EXPIRED,7.28442,8.29366,,,1007.266,,,,,
S00003,UPF,edge-A,edge,237,DONE,7.28455,7.48126,196.71543499998734,196.71543499998734,188.721,6.379,1.6154349999873432,1.1714349999873264,0.4440000000000168,0.0
S00004,UPF,edge-B,edge,264,DONE,7.28771,7.9851,697.3913910001102,697.3913910001102,626.758,10.713,59.92039100011016,0.9123910001101194,59.00800000000004,0.0
S00004,UPF,edge-B,edge,265,DONE,7.28799,8.0515,763.5106869997799,763.5106869997799,637.696,65.828,59.98668699977986,0.8636869997798158,59.12300000000005,0.0
S00009,IoT-GW,edge-A,edge,235,EXPIRED,7.28915,8.29376,,,1002.921,,,,,
S00010,IoT-GW,edge-B,edge,219,EXPIRED,7.30432,8.3479,,,1000.376,,,,,
S00010,IoT-GW,edge-B,edge,220,EXPIRED,7.30776,8.34791,,,1000.371,,,,,
S00003,UPF,edge-A,edge,238,DONE,7.30917,7.48359,174.4191459997637,174.4191459997637,107.009,2.084,65.32614599976371,0.4751459997637255,64.85099999999998,0.0
S00010,IoT-GW,edge-B,edge,221,EXPIRED,7.32591,8.34796,,,1000.368,,,,,
S00005,IMS-CSCF,edge-A,edge,239,DONE,7.32721,8.29558,968.3763880002516,968.3763880002516,918.902,1.854,47.62038800025152,0.8903880002516189,46.729999999999905,0.0
S00008,Transcoder,core-1,core,115,DONE,7.32868,7.34966,20.984887999929924,20.984887999929924,0.063,6.674,2.247887999929924,1.5408879999299252,0.7069999999999999,12.0
S00005,IMS-CSCF,edge-A,edge,240,DONE,7.33599,8.38702,1051.0291949999555,1051.0291949999555,1004.349,7.684,38.99619499995549,0.8641949999555436,38.13199999999995,0.0
S00004,UPF,edge-B,edge,266,DONE,7.33941,8.06468,725.2724510003645,725.2724510003645,703.817,13.675,7.780451000364565,0.46545100036451004,7.315000000000055,0.0
S00003,UPF,edge-A,edge,239,DONE,7.34521,7.49043,145.22021199991286,145.22021199991286,109.161,4.275,31.784211999912856,0.6972119999128665,31.08699999999999,0.0
S00004,UPF,edge-B,edge,267,DONE,7.34757,8.14707,799.4981159999952,799.4981159999952,716.106,81.182,2.210115999995196,1.0941159999952106,1.1159999999999854,0.0
S00006,IMS-CSCF,edge-B,edge,238,EXPIRED,7.34893,8.351,,,1000.854,,,,,
S00010,IoT-GW,edge-B,edge,222,EXPIRED,7.34903,8.35105,,,1000.843,,,,,
S00006,IMS-CSCF,edge-B,edge,239,EXPIRED,7.34912,8.35102,,,1000.603,,,,,
S00010,IoT-GW,edge-B,edge,223,EXPIRED,7.35208,8.35801,,,1001.703,,,,,
S00010,IoT-GW,edge-B,edge,224,EXPIRED,7.35348,8.35806,,,1000.82,,,,,
S00010,IoT-GW,edge-B,edge,225,EXPIRED,7.357,8.36813,,,1000.602,,,,,
S00005,IMS-CSCF,edge-A,edge,241,EXPIRED,7.35906,8.37965,,,1004.397,,,,,
S00005,IMS-CSCF,edge-A,edge,242,EXPIRED,7.36852,8.37966,,,1004.394,,,,,
S00009,IoT-GW,edge-A,edge,236,DONE,7.37325,8.29643,923.1855240000186,923.1855240000186,918.719,2.705,1.7615240000185395,0.47952400001861406,1.2819999999999254,0.0
S00005,IMS-CSCF,edge-A,edge,243,EXPIRED,7.37527,8.37967,,,1002.875,,,,,
S00004,UPF,edge-B,edge,268,DONE,7.3786,8.15369,775.0954939997428,775.0954939997428,700.829,5.944,68.32249399974285,0.5064939997427018,67.81600000000014,0.0
S00004,UPF,edge-B,edge,269,DONE,7.38546,8.16108,775.6224159998055,775.6224159998055,706.93,4.787,63.90541599980554,1.1684159998055748,62.736999999999966,0.0
S00004,UPF,edge-B,edge,270,DONE,7.38872,8.247,858.2791360004194,858.2791360004194,715.153,83.979,59.14713600041932,1.2581360004194266,57.888999999999896,0.0
S00002,vRAN-DU,edge-B,edge,202,DONE,7.39225,7.45193,59.68002200006595,59.68002200006595,1.835,3.218,54.62702200006595,0.8350220000659476,53.792,0.0
S00005,IMS-CSCF,edge-A,edge,244,EXPIRED,7.39372,8.39555,,,1000.362,,,,,
S00002,vRAN-DU,edge-B,edge,203,DONE,7.40471,7.45508,50.36690099996122,50.36690099996122,5.162,3.113,42.09190099996122,0.5439009999612168,41.548,0.0
S00008,Transcoder,core-1,core,116,DONE,7.40868,7.43093,22.251307999795245,22.251307999795245,0.181,7.779,2.2913079997952437,1.4003079997952437,0.8910000000000009,12.0
S00003,UPF,edge-A,edge,240,DONE,7.41003,7.49044,80.41112000000794,80.41112000000794,16.419,1.672,62.32012000000794,0.5951200000079382,61.725,0.0
S00010,IoT-GW,edge-B,edge,226,DONE,7.41178,8.44656,1034.7830730001988,1034.7830730001988,929.05,70.596,35.137073000198825,0.5040730001987868,34.63300000000004,0.0
S00003,UPF,edge-A,edge,241,DONE,7.41308,7.49272,79.63510800027507,79.63510800027507,18.189,2.748,58.69810800027507,0.3931080002750633,58.30500000000001,0.0
S00003,UPF,edge-A,edge,242,DONE,7.41838,7.57898,160.5979880000632,160.5979880000632,21.095,84.016,55.48698800006319,2.052988000063209,53.43399999999998,0.0
S00004,UPF,edge-B,edge,271,DONE,7.41968,8.25967,839.9945320002189,839.9945320002189,799.797,11.847,28.35053200021889,1.9535320002188428,26.397000000000048,0.0
S00008,Transcoder,core-1,core,117,DONE,7.42505,7.44565,20.596672000010585,20.596672000010585,0.09,6.18,2.3266720000105856,1.553672000010586,0.7730000000000006,12.0
S00009,IoT-GW,edge-A,edge,237,DONE,7.43222,8.40245,970.2330580003036,970.2330580003036,928.888,1.68,39.66505800030359,0.6270580003035775,39.03800000000001,0.0
S00005,IMS-CSCF,edge-A,edge,245,DONE,7.43389,8.40055,966.6645160000371,966.6645160000371,923.785,4.917,37.96251600003711,0.4035160000371434,37.55899999999997,0.0
S00001,vRAN-DU,edge-A,edge,210,DONE,7.44149,7.47848,36.99398900016604,36.99398900016604,2.58,4.129,30.28498900016604,0.7429890001660411,29.541999999999998,0.0
S00010,IoT-GW,edge-B,edge,227,EXPIRED,7.4416,8.44795,,,1000.677,,,,,
S00003,UPF,edge-A,edge,243,DONE,7.44315,7.58063,137.47983799976282,137.47983799976282,105.585,2.988,28.90683799976283,0.5058379997628322,28.400999999999996,0.0
S00005,IMS-CSCF,edge-A,edge,246,DONE,7.44327,8.47356,1030.28726499997,1030.28726499997,930.696,71.193,28.39826499996991,0.40926499996999155,27.98899999999992,0.0
S00003,UPF,edge-A,edge,244,DONE,7.449,7.58553,136.52929999989283,136.52929999989283,109.667,4.084,22.778299999892823,0.45629999989282055,22.322000000000003,0.0
S00003,UPF,edge-A,edge,245,DONE,7.45194,7.58939,137.4464580003405,137.4464580003405,114.03,3.23,20.186458000340494,0.38245800034050603,19.803999999999988,0.0
S00004,UPF,edge-B,edge,272,DONE,7.45624,8.26054,804.3013760002395,804.3013760002395,800.732,1.748,1.8213760002395247,1.1813760002395384,0.6399999999999864,0.0
S00006,IMS-CSCF,edge-B,edge,240,DONE,7.45631,8.35429,897.9885980002109,897.9885980002109,893.63,1.37,2.9885980002109136,1.2245980002109036,1.76400000000001,0.0
S00002,vRAN-DU,edge-B,edge,204,DONE,7.45634,7.46128,4.935344999921654,4.935344999921654,0.619,2.777,1.5393449999216537,1.2193449999216535,0.3200000000000003,0.0
S00010,IoT-GW,edge-B,edge,228,DONE,7.46247,8.4623,999.8305340000115,999.8305340000115,997.827,1.115,0.888534000011532,0.3245340000115675,0.5639999999999645,0.0
S00010,IoT-GW,edge-B,edge,229,EXPIRED,7.46257,8.46539,,,1001.798,,,,,
S00009,IoT-GW,edge-A,edge,238,EXPIRED,7.46262,8.47292,,,1000.97,,,,,
S00007,Transcoder,core-1,core,111,DONE,7.47634,7.50269,26.35107900005096,26.35107900005096,0.086,13.981,2.2840790000509585,1.8550790000509583,0.42900000000000027,10.0
S00001,vRAN-DU,edge-A,edge,211,DONE,7.47644,7.48148,5.042053000124724,5.042053000124724,1.366,2.723,0.9530530001247239,0.32905300012472427,0.6239999999999997,0.0
S00007,Transcoder,core-1,core,112,DONE,7.4765,7.50267,26.175513999987743,26.175513999987743,0.057,12.327,3.7915139999877425,2.854513999987743,0.9369999999999994,10.0
S00007,Transcoder,core-1,core,113,DONE,7.47849,7.50832,29.825395999978355,29.825395999978355,11.934,5.874,2.017395999978355,1.358395999978356,0.6589999999999989,10.0
S00004,UPF,edge-B,edge,273,DONE,7.49164,8.2659,774.2609410001933,774.2609410001933,713.803,2.102,58.3559410001933,3.5299410001932756,54.82600000000002,0.0
S00002,vRAN-DU,edge-B,edge,205,DONE,7.49177,7.55509,63.31707599974834,63.31707599974834,5.703,2.569,55.04507599974834,0.5280759997483386,54.517,0.0
S00009,IoT-GW,edge-A,edge,239,DONE,7.49895,8.57436,1075.4065959999934,1075.4065959999934,991.218,83.041,1.1475959999934275,0.5365959999935512,0.6109999999998763,0.0
S00007,Transcoder,core-1,core,114,DONE,7.50269,7.52074,18.044733999886375,18.044733999886375,0.061,6.315,1.6687339998863742,1.1507339998863753,0.5179999999999998,10.0
S00010,IoT-GW,edge-B,edge,230,DONE,7.50994,8.54891,1038.970344000063,1038.970344000063,999.828,2.04,37.10234400006311,0.4843440000629471,36.618000000000166,0.0
S00001,vRAN-DU,edge-A,edge,212,DONE,7.51519,7.5837,68.51010599984875,68.51010599984875,3.542,3.024,61.944105999848745,0.34410599984875034,61.599999999999994,0.0
S00004,UPF,edge-B,edge,274,DONE,7.51963,8.26815,748.5181439997177,748.5181439997177,716.776,4.123,27.61914399971772,0.552143999717714,27.067000000000007,0.0
S00001,vRAN-DU,edge-A,edge,213,DONE,7.52293,7.58937,66.43641199980266,66.43641199980266,7.42,4.384,54.632411999802656,0.4184119998026574,54.214,0.0
S00008,Transcoder,core-1,core,118,DONE,7.52616,7.54666,20.499245999872073,20.499245999872073,0.086,6.19,2.2232459998720735,1.6352459998720725,0.5879999999999992,12.0
S00008,Transcoder,core-1,core,119,DONE,7.53649,7.5569,20.416668000052596,20.416668000052596,0.07,6.614,1.7326680000525947,1.3326680000525961,0.39999999999999947,12.0
S00004,UPF,edge-B,edge,275,DONE,7.53981,8.35087,811.060740999892,811.060740999892,721.867,81.873,7.320740999891996,0.6337409998919838,6.687000000000012,0.0
S00010,IoT-GW,edge-B,edge,231,EXPIRED,7.54417,8.54757,,,1000.725,,,,,
S00003,UPF,edge-A,edge,246,DONE,7.5489,7.5988,49.89755199994761,49.89755199994761,12.022,8.887,28.98855199994761,0.60755199994761,28.381,0.0
S00010,IoT-GW,edge-B,edge,232,EXPIRED,7.55094,8.55314,,,1000.255,,,,,
S00001,vRAN-DU,edge-A,edge,214,DONE,7.55631,7.59196,35.65519499989023,35.65519499989023,11.984,2.528,21.143194999890227,1.1411949998902244,20.002000000000002,0.0
S00007,Transcoder,core-1,core,115,DONE,7.55745,7.57895,21.507619000203704,21.507619000203704,0.08,6.541,4.886619000203703,4.288619000203703,0.5979999999999999,10.0
S00005,IMS-CSCF,edge-A,edge,247,DONE,7.55891,8.491,932.0904169999267,932.0904169999267,912.275,1.264,18.551416999926687,0.5294169999266387,18.022000000000048,0.0
S00003,UPF,edge-A,edge,247,DONE,7.56065,7.67431,113.66075800015096,113.66075800015096,21.228,75.888,16.54475800015095,0.5507580001509638,15.993999999999986,0.0
S00009,IoT-GW,edge-A,edge,240,EXPIRED,7.5734,8.57771,,,1000.232,,,,,
S00010,IoT-GW,edge-B,edge,233,EXPIRED,7.57351,8.64749,,,1071.655,,,,,
S00008,Transcoder,core-1,core,120,DONE,7.57814,7.60927,31.125932000122702,31.125932000122702,0.08,15.782,3.2639320001227023,2.369932000122702,0.8940000000000001,12.0
S00003,UPF,edge-A,edge,248,DONE,7.57907,7.6775,98.42908099972192,98.42908099972192,94.189,2.969,1.2710809997219314,0.6160809997219161,0.6550000000000153,0.0
S00002,vRAN-DU,edge-B,edge,206,DONE,7.57914,7.65252,73.38319700011198,73.38319700011198,1.254,3.454,68.67519700011198,0.532197000111978,68.143,0.0
S00007,Transcoder,core-1,core,116,DONE,7.58064,7.61116,30.5256440001358,30.5256440001358,0.096,16.253,4.1766440001357985,2.0886440001357975,2.088000000000001,10.0
S00004,UPF,edge-B,edge,276,DONE,7.58218,8.36815,785.9662219998427,785.9662219998427,710.619,3.64,71.70722199984266,0.8542219998427072,70.85299999999995,0.0
S00003,UPF,edge-A,edge,249,DONE,7.58371,7.68524,101.53416899993317,101.53416899993317,94.231,5.895,1.4081689999331815,0.49416899993316576,0.9140000000000157,0.0
S00004,UPF,edge-B,edge,277,DONE,7.58474,8.37193,787.1916870003588,787.1916870003588,717.344,5.941,63.906687000358716,1.593687000358841,62.312999999999874,0.0
S00008,Transcoder,core-1,core,121,DONE,7.58553,7.61352,27.9900179998549,27.9900179998549,0.077,13.419,2.494017999854899,1.9020179998549,0.5919999999999987,12.0
S00010,IoT-GW,edge-B,edge,234,EXPIRED,7.59199,8.64822,,,1000.59,,,,,
S00005,IMS-CSCF,edge-A,edge,248,DONE,7.59207,8.58384,991.7773160000252,991.7773160000252,988.751,1.797,1.2293160000251646,0.43231600002513915,0.7970000000000255,0.0
S00004,UPF,edge-B,edge,278,DONE,7.59538,8.44794,852.5564179999492,852.5564179999492,729.966,69.989,52.60141799994915,0.6394179999491598,51.96199999999999,0.0
S00002,vRAN-DU,edge-B,edge,207,DONE,7.59663,7.6581,61.460901999907946,61.460901999907946,4.939,4.835,51.686901999907946,2.9429019999079458,48.744,0.0
S00004,UPF,edge-B,edge,279,DONE,7.59882,8.45028,851.459141000305,851.459141000305,800.135,2.364,48.96014100030493,0.7251410003049159,48.235000000000014,0.0
S00006,IMS-CSCF,edge-B,edge,241,DONE,7.59897,8.38251,783.5495039998932,783.5495039998932,723.461,6.151,53.93750399989324,0.5135039998932598,53.42399999999998,0.0
S00005,IMS-CSCF,edge-A,edge,249,DONE,7.60637,8.5863,979.9343370000315,979.9343370000315,977.377,1.8,0.7573370000316118,0.3453370000314635,0.41200000000014825,0.0
S00003,UPF,edge-A,edge,250,DONE,7.61263,7.68944,76.81071000024531,76.81071000024531,71.319,4.11,1.381710000245306,0.7647100002453016,0.6170000000000044,0.0
S00002,vRAN-DU,edge-B,edge,208,DONE,7.61271,7.66222,49.50719600037701,49.50719600037701,10.007,4.677,34.82319600037701,0.7631960003770075,34.06,0.0
S00003,UPF,edge-A,edge,251,DONE,7.61673,7.69432,77.58914499981984,77.58914499981984,72.38,4.438,0.771144999819839,0.45914499981984136,0.3119999999999976,0.0
S00002,vRAN-DU,edge-B,edge,209,DONE,7.6168,7.66523,48.43046599989975,48.43046599989975,12.068,3.727,32.63546599989975,2.3214659998997504,30.314,0.0
S00003,UPF,edge-A,edge,252,DONE,7.62009,7.69696,76.87531900000977,76.87531900000977,74.015,1.976,0.8843190000097678,0.5133190000097727,0.3709999999999951,0.0
S00008,Transcoder,core-1,core,122,DONE,7.62595,7.64784,21.888072999900032,21.888072999900032,0.092,6.477,3.3190729999000332,2.3060729999000316,1.013,12.0
S00004,UPF,edge-B,edge,280,DONE,7.62612,8.4589,832.7813329997298,832.7813329997298,804.736,6.606,21.4393329997298,0.4483329997298142,20.990999999999985,0.0
S00006,IMS-CSCF,edge-B,edge,242,DONE,7.63349,8.45418,820.6902229999287,820.6902229999287,802.776,1.792,16.12222299992868,0.5572229999286265,15.565000000000055,0.0
S00003,UPF,edge-A,edge,253,DONE,7.64095,7.77812,137.17344499991668,137.17344499991668,24.969,80.419,31.785444999916677,0.7494449999166761,31.036,0.0
S00010,IoT-GW,edge-B,edge,235,EXPIRED,7.6426,8.64823,,,1000.54,,,,,
S00006,IMS-CSCF,edge-B,edge,243,DONE,7.64293,8.46424,821.3137739999183,821.3137739999183,813.681,1.791,5.841773999918246,1.7507739999183514,4.0909999999998945,0.0
S00001,vRAN-DU,edge-A,edge,215,DONE,7.64299,7.67842,35.42751599979965,35.42751599979965,0.899,5.416,29.11251599979965,0.33151599979965596,28.780999999999995,0.0
S00006,IMS-CSCF,edge-B,edge,244,DONE,7.64792,8.46746,819.5383900001616,819.5383900001616,814.273,3.497,1.7683900001616166,0.32039000016163754,1.447999999999979,0.0
S00001,vRAN-DU,edge-A,edge,216,DONE,7.65056,7.68259,32.03436299963869,32.03436299963869,5.469,4.461,22.10436299963869,1.6753629996386863,20.429000000000002,0.0
S00006,IMS-CSCF,edge-B,edge,245,DONE,7.65254,8.54662,894.0735549999772,894.0735549999772,813.401,79.319,1.3535549999772911,0.38555499997721654,0.9680000000000746,0.0
S00007,Transcoder,core-1,core,117,DONE,7.65393,7.67678,22.849095999845304,22.849095999845304,0.082,10.652,2.1150959998453036,1.5700959998453037,0.5449999999999999,10.0
S00006,IMS-CSCF,edge-B,edge,246,DONE,7.65811,8.65147,993.3656600001086,993.3656600001086,990.252,1.707,1.4066600001086726,0.3536600001086754,1.0529999999999973,0.0
S00005,IMS-CSCF,edge-A,edge,250,DONE,7.6665,8.5897,923.2057949998307,923.2057949998307,916.34,1.088,5.7777949998306894,1.824794999830715,3.9529999999999745,0.0
S00009,IoT-GW,edge-A,edge,241,DONE,7.67144,8.58772,916.2728890000835,916.2728890000835,914.45,0.888,0.9348890000834444,0.4918890000835745,0.44299999999986994,0.0
S00008,Transcoder,core-1,core,123,DONE,7.67154,7.69493,23.39085999983581,23.39085999983581,0.083,7.344,3.9638599998358117,3.309859999835812,0.653999999999999,12.0
S00004,UPF,edge-B,edge,281,DONE,7.67437,8.46126,786.8810649997613,786.8810649997613,711.022,1.976,73.88306499976125,0.48706499976128725,73.39599999999996,0.0
S00002,vRAN-DU,edge-B,edge,210,DONE,7.67963,7.75617,76.53431399967303,76.53431399967303,2.595,3.315,70.62431399967303,0.7153139996730289,69.909,0.0
S00003,UPF,edge-A,edge,254,DONE,7.68315,7.78398,100.83326099993428,100.83326099993428,93.932,3.736,3.165260999934276,0.7012609999342772,2.4639999999999986,0.0
S00004,UPF,edge-B,edge,282,DONE,7.68527,8.46519,779.9231959997996,779.9231959997996,714.506,2.563,62.854195999799686,0.5591959997996128,62.29500000000007,0.0
S00005,IMS-CSCF,edge-A,edge,251,DONE,7.69281,8.59135,898.5405059997902,898.5405059997902,895.942,1.275,1.3235059997902,0.8095059997901899,0.51400000000001,0.0
S00004,UPF,edge-B,edge,283,DONE,7.69297,8.54749,854.5237939997605,854.5237939997605,718.025,81.42,55.07879399976059,0.4837939997605645,54.59500000000003,0.0
S00008,Transcoder,core-1,core,124,DONE,7.69305,7.71596,22.914194999884785,22.914194999884785,0.101,7.075,3.7381949998847848,2.8801949998847842,0.8580000000000005,12.0
S00004,UPF,edge-B,edge,284,DONE,7.695,8.55286,857.8641310000421,857.8641310000421,800.836,3.861,53.167131000042104,0.4461310000421008,52.721000000000004,0.0
S00001,vRAN-DU,edge-A,edge,217,DONE,7.69697,7.78396,86.98924500004068,86.98924500004068,6.453,4.515,76.02124500004068,0.9072450000406889,75.11399999999999,0.0
S00001,vRAN-DU,edge-A,edge,218,DONE,7.6979,7.79056,92.66423200006102,92.66423200006102,11.092,7.224,74.34823200006102,0.42023200006102,73.928,0.0
S00010,IoT-GW,edge-B,edge,236,DONE,7.70437,8.66244,958.0665589996897,958.0665589996897,913.358,1.058,43.65055899968979,0.589558999689757,43.061000000000035,0.0
S00004,UPF,edge-B,edge,285,DONE,7.71101,8.55554,844.5255360002193,844.5255360002193,805.036,2.399,37.090536000219345,0.5725360002193156,36.51800000000003,0.0
S00010,IoT-GW,edge-B,edge,237,EXPIRED,7.71252,8.74945,,,1000.868,,,,,
S00003,UPF,edge-A,edge,255,DONE,7.71504,7.78674,71.70236599995405,71.70236599995405,11.146,3.027,57.52936599995405,0.7403659999540508,56.789,0.0
S00009,IoT-GW,edge-A,edge,242,DONE,7.71567,8.5931,877.43060899993,877.43060899993,819.587,1.372,56.47160899993003,0.7076089999300166,55.76400000000001,0.0
S00001,vRAN-DU,edge-A,edge,219,DONE,7.72035,7.79055,70.19541600038792,70.19541600038792,14.552,3.622,52.02141600038792,0.8524160003879189,51.169000000000004,0.0
S00001,vRAN-DU,edge-A,edge,220,DONE,7.72607,7.87729,151.22024399988732,151.22024399988732,18.528,83.984,48.708243999887316,0.7152439998873206,47.992999999999995,0.0
S00005,IMS-CSCF,edge-A,edge,252,DONE,7.73174,8.67362,941.881629999898,941.881629999898,821.089,80.038,40.75462999989793,0.7486299998979575,40.00599999999997,0.0
S00010,IoT-GW,edge-B,edge,238,EXPIRED,7.7333,8.74972,,,1000.864,,,,,
S00001,vRAN-DU,edge-A,edge,221,DONE,7.73346,7.88123,147.7640309999515,147.7640309999515,18.569,90.332,38.863030999951505,0.788030999951502,38.075,0.0
S00005,IMS-CSCF,edge-A,edge,253,DONE,7.73482,8.67562,940.7987800000228,940.7987800000228,901.678,1.449,37.67178000002286,0.6077800000227853,37.06400000000008,0.0
S00007,Transcoder,core-1,core,118,DONE,7.73503,7.75768,22.649497000202246,22.649497000202246,0.093,6.706,5.850497000202246,5.168497000202246,0.6819999999999995,10.0
S00005,IMS-CSCF,edge-A,edge,254,EXPIRED,7.73736,8.77649,,,1002.312,,,,,
S00001,vRAN-DU,edge-A,edge,222,DONE,7.74174,7.88517,143.43922100033524,143.43922100033524,103.282,9.221,30.936221000335237,0.788221000335227,30.14800000000001,0.0
S00002,vRAN-DU,edge-B,edge,211,DONE,7.74817,7.75871,10.542148000240559,10.542148000240559,3.575,4.585,2.3821480002405586,1.0751480002405582,1.3070000000000004,0.0
S00006,IMS-CSCF,edge-B,edge,247,DONE,7.75055,8.66187,911.3210779996734,911.3210779996734,903.677,1.3,6.344077999673459,5.657077999673447,0.6870000000000118,0.0
S00008,Transcoder,core-1,core,125,DONE,7.75068,7.77927,28.591511999820796,28.591511999820796,0.087,8.825,7.679511999820797,7.094511999820796,0.5850000000000009,12.0
S00010,IoT-GW,edge-B,edge,239,EXPIRED,7.76032,8.76329,,,1001.748,,,,,
S00007,Transcoder,core-1,core,119,DONE,7.76158,7.7892,27.61440600033893,27.61440600033893,0.083,12.438,5.0934060003389305,2.3544060003389315,2.738999999999999,10.0
S00001,vRAN-DU,edge-A,edge,223,DONE,7.76533,7.89002,124.69626399979461,124.69626399979461,112.549,4.862,7.2852639997946085,0.932263999794614,6.352999999999994,0.0
S00006,IMS-CSCF,edge-B,edge,248,DONE,7.77377,8.75846,984.6981200003029,984.6981200003029,905.822,4.683,74.19312000030288,2.01412000030291,72.17899999999997,0.0
S00002,vRAN-DU,edge-B,edge,212,DONE,7.77521,7.85738,82.16728500019599,82.16728500019599,3.506,4.648,74.01328500019599,1.1702850001959888,72.843,0.0
S00010,IoT-GW,edge-B,edge,240,DONE,7.77653,8.85268,1076.152706999892,1076.152706999892,999.141,2.531,74.48070699989205,2.794706999892014,71.68600000000004,0.0
S00008,Transcoder,core-1,core,126,DONE,7.78531,7.80959,24.27421599986701,24.27421599986701,0.155,10.184,1.9352159998670118,1.2292159998670105,0.7060000000000013,12.0
S00009,IoT-GW,edge-A,edge,243,DONE,7.78808,8.68606,897.9756779999661,897.9756779999661,894.33,2.352,1.2936779999661212,0.6486779999661394,0.6449999999999818,0.0
S00001,vRAN-DU,edge-A,edge,224,DONE,7.78855,7.89741,108.86132199993881,108.86132199993881,99.773,7.078,2.0103219999388102,0.9323219999388073,1.078000000000003,0.0
S00004,UPF,edge-B,edge,286,DONE,7.80203,8.647,844.9673159998383,844.9673159998383,713.447,84.979,46.541315999838275,0.6813159998383753,45.8599999999999,0.0
S00005,IMS-CSCF,edge-A,edge,255,DONE,7.81299,8.79082,977.823404999981,977.823404999981,915.216,2.759,59.84840499998097,0.6204049999810195,59.22799999999995,0.0
S00003,UPF,edge-A,edge,256,DONE,7.81955,7.88516,65.6066080000528,65.6066080000528,8.333,3.074,54.199608000052805,1.4086080000528085,52.791,0.0
S00002,vRAN-DU,edge-B,edge,213,DONE,7.82197,7.86832,46.35728499988545,46.35728499988545,9.474,9.354,27.52928499988545,0.8702849998854489,26.659000000000002,0.0
S00002,vRAN-DU,edge-B,edge,214,DONE,7.82636,7.88646,60.101967999798944,60.101967999798944,19.477,18.858,21.766967999798943,0.5609679997989474,21.205999999999996,0.0
S00009,IoT-GW,edge-A,edge,244,EXPIRED,7.83395,8.87821,,,1001.647,,,,,
S00006,IMS-CSCF,edge-B,edge,249,DONE,7.83533,8.77499,939.6649599998455,939.6649599998455,922.159,3.91,13.59595999984549,0.9389599998454514,12.657000000000039,0.0
S00009,IoT-GW,edge-A,edge,245,EXPIRED,7.83666,8.87823,,,1001.604,,,,,
S00005,IMS-CSCF,edge-A,edge,256,DONE,7.8471,8.87412,1027.016322000236,1027.016322000236,918.787,80.924,27.305322000235947,2.0373220002359176,25.26800000000003,0.0
S00003,UPF,edge-A,edge,257,DONE,7.84724,7.89168,44.44166599978416,44.44166599978416,12.019,6.607,25.815665999784162,0.7326659997841602,25.083000000000002,0.0
S00008,Transcoder,core-1,core,127,DONE,7.85368,7.87612,22.439532000134932,22.439532000134932,0.083,7.67,2.6865320001349318,2.091532000134931,0.5950000000000006,12.0
S00008,Transcoder,core-1,core,128,DONE,7.85386,7.88325,29.393063000043185,29.393063000043185,0.058,6.199,11.136063000043187,8.799063000043184,2.3369999999999997,12.0
S00001,vRAN-DU,edge-A,edge,225,DONE,7.85623,7.89758,41.354664000209596,41.354664000209596,19.211,4.782,17.361664000209597,1.143664000209597,16.218,0.0
S00006,IMS-CSCF,edge-B,edge,250,DONE,7.85951,8.85942,999.910774,999.910774,994.373,4.38,1.157773999999904,0.619773999999893,0.5380000000000109,0.0
S00009,IoT-GW,edge-A,edge,246,EXPIRED,7.86389,8.88333,,,1006.333,,,,,
S00001,vRAN-DU,edge-A,edge,226,DONE,7.86833,7.99071,122.37927699970896,122.37927699970896,95.575,17.655,9.14927699970896,8.436276999708966,0.7129999999999939,0.0
S00003,UPF,edge-A,edge,258,DONE,7.86965,7.98626,116.60362100019483,116.60362100019483,19.879,88.585,8.139621000194836,7.401621000194837,0.7379999999999995,0.0
S00006,IMS-CSCF,edge-B,edge,251,DONE,7.86993,8.86653,996.6036620003251,996.6036620003251,988.56,5.922,2.121662000325159,0.6116620003251683,1.509999999999991,0.0
S00006,IMS-CSCF,edge-B,edge,252,EXPIRED,7.87092,8.94813,,,1073.621,,,,,
S00001,vRAN-DU,edge-A,edge,227,DONE,7.87366,8.00306,129.40190000017537,129.40190000017537,112.245,12.581,4.575900000175366,3.8939000001753783,0.681999999999988,0.0
S00009,IoT-GW,edge-A,edge,247,EXPIRED,7.87515,8.88338,,,1005.524,,,,,
S00010,IoT-GW,edge-B,edge,241,DONE,7.88518,8.95062,1065.4405039999801,1065.4405039999801,979.102,84.322,2.0165039999801593,0.4195039999801793,1.59699999999998,0.0
S00007,Transcoder,core-1,core,120,DONE,7.89004,7.91231,22.270996999850468,22.270996999850468,0.112,8.616,3.542996999850468,2.656996999850467,0.886000000000001,10.0
S00006,IMS-CSCF,edge-B,edge,253,EXPIRED,7.89019,8.95362,,,1001.72,,,,,
S00003,UPF,edge-A,edge,259,DONE,7.89155,7.9892,97.64328700020997,97.64328700020997,93.669,3.117,0.8572870002099648,0.3692870002099653,0.48799999999999955,0.0
S00001,vRAN-DU,edge-A,edge,228,DONE,7.90798,7.99598,88.00006999990728,88.00006999990728,8.466,4.566,74.96806999990729,0.744069999907282,74.224,0.0
S00006,IMS-CSCF,edge-B,edge,254,EXPIRED,7.90822,8.95363,,,1001.693,,,,,
S00006,IMS-CSCF,edge-B,edge,255,EXPIRED,7.90868,8.95364,,,1001.681,,,,,
S00001,vRAN-DU,edge-A,edge,229,DONE,7.91997,8.00843,88.45947200006776,88.45947200006776,16.281,3.899,68.27947200006776,2.3324720000677672,65.947,0.0
S00005,IMS-CSCF,edge-A,edge,257,EXPIRED,7.92363,8.98393,,,1000.12,,,,,
S00004,UPF,edge-B,edge,287,DONE,7.92638,8.65068,724.2983700002696,724.2983700002696,696.534,2.572,25.192370000269648,0.8853700002696314,24.307000000000016,0.0
S00002,vRAN-DU,edge-B,edge,215,DONE,7.92734,7.96497,37.62806900022042,37.62806900022042,1.953,11.021,24.65406900022042,0.5520690002204205,24.102,0.0
S00005,IMS-CSCF,edge-A,edge,258,EXPIRED,7.92813,8.98396,,,1000.113,,,,,
S00007,Transcoder,core-1,core,121,DONE,7.93068,7.95947,28.78766000003452,28.78766000003452,0.117,15.221,3.4496600000345197,2.652660000034519,0.7970000000000006,10.0
S00008,Transcoder,core-1,core,129,DONE,7.93094,7.96058,29.644960000041465,29.644960000041465,0.08,14.022,3.5429600000414645,2.6579600000414647,0.8849999999999998,12.0
S00005,IMS-CSCF,edge-A,edge,259,EXPIRED,7.93146,8.98397,,,1000.108,,,,,
S00004,UPF,edge-B,edge,288,DONE,7.93162,8.65714,725.5211789997702,725.5211789997702,703.672,2.101,19.748178999770175,0.45317899977021625,19.29499999999996,0.0
S00005,IMS-CSCF,edge-A,edge,260,EXPIRED,7.93642,8.98398,,,1000.103,,,,,
S00001,vRAN-DU,edge-A,edge,230,DONE,7.94417,8.0786,134.43759000028876,134.43759000028876,89.899,5.876,38.66259000028876,2.159590000288773,36.502999999999986,0.0
S00010,IoT-GW,edge-B,edge,242,EXPIRED,7.94456,8.95366,,,1001.63,,,,,
S00005,IMS-CSCF,edge-A,edge,261,EXPIRED,7.946,8.98399,,,1000.093,,,,,
S00007,Transcoder,core-1,core,122,DONE,7.95151,7.98038,28.87212699988595,28.87212699988595,0.088,16.506,2.2781269998859486,1.7051269998859482,0.5730000000000004,10.0
S00001,vRAN-DU,edge-A,edge,231,DONE,7.95575,8.07768,121.93191100004697,121.93191100004697,92.195,2.586,27.150911000046975,0.540911000046961,26.610000000000014,0.0
S00010,IoT-GW,edge-B,edge,243,EXPIRED,7.95591,8.96256,,,1001.285,,,,,
S00002,vRAN-DU,edge-B,edge,216,DONE,7.96341,7.98577,22.362414999861358,22.362414999861358,6.124,13.14,3.098414999861358,0.5444149998613561,2.554000000000002,0.0
S00001,vRAN-DU,edge-A,edge,232,DONE,7.96352,8.08256,119.0345269997124,119.0345269997124,95.913,2.293,20.828526999712395,0.689526999712399,20.138999999999996,0.0
S00003,UPF,edge-A,edge,260,DONE,7.96618,7.99916,32.97314700012066,32.97314700012066,13.742,2.324,16.90714700012066,0.45414700012066334,16.452999999999996,0.0
S00003,UPF,edge-A,edge,261,DONE,7.96653,8.07277,106.23280600020735,106.23280600020735,20.965,68.786,16.481806000207342,0.6568060002073537,15.824999999999989,0.0
S00001,vRAN-DU,edge-A,edge,233,DONE,7.97754,8.08987,112.32862399992882,112.32862399992882,99.693,3.918,8.717623999928819,1.5566239999288172,7.161000000000001,0.0
S00008,Transcoder,core-1,core,130,DONE,7.97988,8.00551,25.636557999860088,25.636557999860088,0.102,10.806,2.7285579998600884,2.104557999860088,0.6240000000000006,12.0
S00010,IoT-GW,edge-B,edge,244,EXPIRED,7.98627,9.05162,,,1001.244,,,,,
S00010,IoT-GW,edge-B,edge,245,EXPIRED,7.98845,9.05163,,,1001.223,,,,,
S00004,UPF,edge-B,edge,289,DONE,7.99039,8.66037,669.988189000378,669.988189000378,610.967,2.204,56.81718900037811,3.9111890003780445,52.90600000000006,0.0
S00010,IoT-GW,edge-B,edge,246,EXPIRED,8.00308,9.05164,,,1001.205,,,,,
S00003,UPF,edge-A,edge,262,DONE,8.0032,8.08276,79.56357400007619,79.56357400007619,5.844,4.569,69.15057400007619,3.404574000076181,65.74600000000001,0.0
S00005,IMS-CSCF,edge-A,edge,262,DONE,8.00325,8.98462,981.3664329999483,981.3664329999483,911.218,1.453,68.69543299994837,3.5224329999482507,65.17300000000012,0.0
S00004,UPF,edge-B,edge,290,DONE,8.00503,8.75285,747.8169139999409,747.8169139999409,618.889,86.762,42.16591399994081,0.8339139999409326,41.33199999999988,0.0
S00006,IMS-CSCF,edge-B,edge,256,DONE,8.00844,8.9655,957.0622950000143,957.0622950000143,916.231,2.131,38.70029500001431,0.8992950000142628,37.801000000000045,0.0
S00008,Transcoder,core-1,core,131,DONE,8.00863,8.03162,22.988909000105195,22.988909000105195,0.115,7.989,2.8849090001051962,1.8099090001051952,1.075000000000001,12.0
S00002,vRAN-DU,edge-B,edge,217,DONE,8.00871,8.05914,50.432688999990205,50.432688999990205,1.051,6.899,42.4826889999902,0.922688999990207,41.559999999999995,0.0
S00003,UPF,edge-A,edge,263,DONE,8.0111,8.08577,74.66941199982102,74.66941199982102,10.564,3.042,61.06341199982102,0.8224119998210284,60.24099999999999,0.0
S00006,IMS-CSCF,edge-B,edge,257,DONE,8.01252,9.04841,1035.8838410002136,1035.8838410002136,921.524,79.407,34.95284100021354,0.7578410002136025,34.194999999999936,0.0
S00006,IMS-CSCF,edge-B,edge,258,EXPIRED,8.01903,9.05161,,,1001.16,,,,,
S00001,vRAN-DU,edge-A,edge,234,DONE,8.02138,8.08995,68.5681959998874,68.5681959998874,13.771,3.781,51.016195999887394,1.3261959998873891,49.690000000000005,0.0
S00005,IMS-CSCF,edge-A,edge,263,EXPIRED,8.02156,9.07474,,,1000.566,,,,,
S00002,vRAN-DU,edge-B,edge,218,DONE,8.03812,8.06116,23.03765700025906,23.03765700025906,8.253,5.766,9.01865700025906,0.7606570002590587,8.258000000000001,0.0
S00002,vRAN-DU,edge-B,edge,219,DONE,8.04114,8.06546,24.31780200004141,24.31780200004141,14.309,4.095,5.913802000041411,0.70380200004141,5.210000000000001,0.0
S00007,Transcoder,core-1,core,123,DONE,8.04701,8.06944,22.42718400020749,22.42718400020749,0.116,10.018,2.2931840002074892,1.569184000207489,0.7240000000000002,10.0
S00006,IMS-CSCF,edge-B,edge,259,EXPIRED,8.04718,9.05165,,,1000.67,,,,,
S00003,UPF,edge-A,edge,264,DONE,8.05116,8.0899,38.73886900009893,38.73886900009893,14.623,2.561,21.554869000098932,1.2458690000989279,20.309000000000005,0.0
S00001,vRAN-DU,edge-A,edge,235,DONE,8.05389,8.18202,128.12649300030898,128.12649300030898,17.607,92.096,18.42349300030898,4.785493000308989,13.637999999999991,0.0
S00002,vRAN-DU,edge-B,edge,220,DONE,8.05407,8.15193,97.86314599978141,97.86314599978141,6.132,85.945,5.786145999781411,4.844145999781404,0.9420000000000073,0.0
S00002,vRAN-DU,edge-B,edge,221,DONE,8.05648,8.16107,104.58916100014903,104.58916100014903,92.603,6.001,5.985161000149034,3.00716100014904,2.9779999999999944,0.0
S00003,UPF,edge-A,edge,265,DONE,8.05663,8.18594,129.3020359998991,129.3020359998991,108.84,4.916,15.54603599989909,2.0660359998990856,13.480000000000004,0.0
S00003,UPF,edge-A,edge,266,DONE,8.05801,8.19387,135.86193399987678,135.86193399987678,119.001,2.824,14.03693399987678,0.617933999876783,13.418999999999997,0.0
S00005,IMS-CSCF,edge-A,edge,264,EXPIRED,8.06767,9.07725,,,1000.544,,,,,
S00006,IMS-CSCF,edge-B,edge,260,DONE,8.07065,9.06449,993.8404489998902,993.8404489998902,910.604,5.388,77.84844899989014,0.650448999890159,77.19799999999998,0.0
S00001,vRAN-DU,edge-A,edge,236,DONE,8.07396,8.19045,116.48455499971533,116.48455499971533,107.043,8.288,1.1535549997153254,0.4165549997153306,0.7369999999999948,0.0
S00005,IMS-CSCF,edge-A,edge,265,EXPIRED,8.07494,9.09112,,,1005.256,,,,,
S00001,vRAN-DU,edge-A,edge,237,DONE,8.07526,8.19152,116.26220699963596,116.26220699963596,108.602,5.044,2.6162069996359634,0.42920699963596576,2.1869999999999976,0.0
S00008,Transcoder,core-1,core,132,DONE,8.07866,8.1046,25.943058999928326,25.943058999928326,0.109,6.534,7.300058999928325,5.358058999928325,1.942000000000001,12.0
S00003,UPF,edge-A,edge,267,DONE,8.09803,8.27287,174.83661799997208,174.83661799997208,19.45,74.701,80.68561799997208,0.813617999972081,79.872,0.0
S00002,vRAN-DU,edge-B,edge,222,DONE,8.0982,8.16199,63.789555999846925,63.789555999846925,10.806,2.919,50.064555999846924,1.2165559998469249,48.848,0.0
S00008,Transcoder,core-1,core,133,DONE,8.10063,8.12959,28.9608190000763,28.9608190000763,0.086,11.121,5.753819000076298,2.8138190000762986,2.9399999999999995,12.0
S00003,UPF,edge-A,edge,268,DONE,8.10114,8.29376,192.62960199966983,192.62960199966983,100.739,14.302,77.58860199966983,0.5726019996698426,77.01599999999999,0.0
S00010,IoT-GW,edge-B,edge,247,DONE,8.10698,9.05164,944.6664699999019,944.6664699999019,900.775,0.734,43.15746999990188,1.7684699999018676,41.38900000000001,0.0
S00001,vRAN-DU,edge-A,edge,238,DONE,8.10853,8.19824,89.71307000001616,89.71307000001616,12.964,6.296,70.45307000001615,0.6280700000161659,69.82499999999999,0.0
S00002,vRAN-DU,edge-B,edge,223,DONE,8.10911,8.16724,58.12454399983835,58.12454399983835,13.704,5.288,39.13254399983835,1.1965439998383545,37.93599999999999,0.0
S00010,IoT-GW,edge-B,edge,248,DONE,8.11409,9.06513,951.038269000037,951.038269000037,916.287,0.696,34.0552690000369,0.6902690000370058,33.364999999999895,0.0
S00006,IMS-CSCF,edge-B,edge,261,DONE,8.11761,9.14833,1030.7113389999358,1030.7113389999358,916.239,84.005,30.467338999935805,0.7273389999359097,29.739999999999895,0.0
S00010,IoT-GW,edge-B,edge,249,EXPIRED,8.12521,9.1494,,,1000.407,,,,,
S00003,UPF,edge-A,edge,269,DONE,8.12536,8.29827,172.90259699984745,172.90259699984745,117.204,2.337,53.36159699984745,1.1565969998474372,52.20500000000001,0.0
S00001,vRAN-DU,edge-A,edge,239,DONE,8.12673,8.28012,153.38301799965848,153.38301799965848,20.307,80.906,52.17001799965847,0.6900179996584654,51.480000000000004,0.0
S00001,vRAN-DU,edge-A,edge,240,DONE,8.12756,8.27813,150.57342099999005,150.57342099999005,94.756,4.326,51.491420999990055,0.6064209999900356,50.88500000000002,0.0
S00003,UPF,edge-A,edge,270,DONE,8.12961,8.37826,248.65280800031542,248.65280800031542,124.057,70.179,54.41680800031543,0.6828080003154184,53.73400000000001,0.0
S00006,IMS-CSCF,edge-B,edge,262,EXPIRED,8.13511,9.14939,,,1000.4,,,,,
S00003,UPF,edge-A,edge,271,DONE,8.14116,8.39226,251.10389199971905,251.10389199971905,208.496,5.25,37.357891999719044,0.6918919997190471,36.666,0.0
S00010,IoT-GW,edge-B,edge,250,EXPIRED,8.14856,9.15154,,,1001.312,,,,,
S00006,IMS-CSCF,edge-B,edge,263,DONE,8.14943,9.15309,1003.6595490000764,1003.6595490000764,1000.081,1.623,1.955549000076303,0.8155490000763166,1.1399999999999864,0.0
S00006,IMS-CSCF,edge-B,edge,264,EXPIRED,8.14949,9.15353,,,1002.043,,,,,
S00004,UPF,edge-B,edge,291,DONE,8.15067,8.75736,606.6945960001249,606.6945960001249,602.165,3.172,1.357596000124886,0.5075960001248632,0.8500000000000227,0.0
S00002,vRAN-DU,edge-B,edge,224,DONE,8.15344,8.25003,96.58754800011593,96.58754800011593,90.995,2.949,2.6435480001159277,1.794548000115924,0.8490000000000038,0.0
S00005,IMS-CSCF,edge-A,edge,266,DONE,8.15352,9.09116,937.6402289999533,937.6402289999533,904.345,3.846,29.44922899995322,0.9902289999532741,28.458999999999946,0.0
S00005,IMS-CSCF,edge-A,edge,267,DONE,8.1537,9.1722,1018.4987170000568,1018.4987170000568,918.038,75.099,25.36171700005673,0.759717000056753,24.601999999999975,0.0
S00005,IMS-CSCF,edge-A,edge,268,EXPIRED,8.157,9.1829,,,1003.893,,,,,
S00008,Transcoder,core-1,core,134,DONE,8.16109,8.18595,24.859812000158854,24.859812000158854,0.088,8.782,3.989812000158855,3.1318120001588543,0.8580000000000005,12.0
S00004,UPF,edge-B,edge,292,DONE,8.16331,8.77497,611.6602050001347,611.6602050001347,597.954,11.117,2.5892050001348252,1.1562050001347188,1.4330000000001064,0.0
S00009,IoT-GW,edge-A,edge,248,DONE,8.16346,8.97533,811.8733129999782,811.8733129999782,794.847,0.678,16.348312999978248,2.016312999978254,14.331999999999994,0.0
S00010,IoT-GW,edge-B,edge,251,DONE,8.16476,9.16606,1001.3029750002715,1001.3029750002715,999.313,0.838,1.151975000271591,0.65497500027152,0.49700000000007094,0.0
S00002,vRAN-DU,edge-B,edge,225,DONE,8.16615,8.25194,85.79009100003532,85.79009100003532,2.581,2.568,80.64109100003532,0.5690910000353142,80.072,0.0
S00004,UPF,edge-B,edge,293,DONE,8.17398,8.85021,676.2300030000006,676.2300030000006,526.462,75.181,74.58700300000055,1.3620030000005272,73.22500000000002,0.0
S00006,IMS-CSCF,edge-B,edge,265,DONE,8.17645,9.1669,990.4523729996981,990.4523729996981,916.359,2.419,71.67437299969811,0.6993729996980846,70.97500000000002,0.0
S00004,UPF,edge-B,edge,294,DONE,8.17656,8.85788,681.3221899997188,681.3221899997188,606.344,3.149,71.82918999971878,0.8191899997187875,71.00999999999999,0.0
S00002,vRAN-DU,edge-B,edge,226,DONE,8.18327,8.25585,72.57917000015368,72.57917000015368,3.93,3.854,64.79517000015368,0.5081700001536831,64.28699999999999,0.0
S00009,IoT-GW,edge-A,edge,249,DONE,8.18454,9.09117,906.6268020001189,906.6268020001189,901.035,1.138,4.4538020001189125,0.6858020001188834,3.768000000000029,0.0
S00004,UPF,edge-B,edge,295,DONE,8.18744,8.86651,679.0739250000115,679.0739250000115,609.726,7.749,61.59892500001149,0.8079250000115508,60.79099999999994,0.0
S00006,IMS-CSCF,edge-B,edge,266,DONE,8.19154,9.2495,1057.9617210000833,1057.9617210000833,918.881,82.23,56.850721000083354,0.5567210000833711,56.29399999999998,0.0
S00005,IMS-CSCF,edge-A,edge,269,DONE,8.19509,9.19146,996.369088999927,996.369088999927,991.84,1.577,2.952088999927014,0.3490889999270621,2.602999999999952,0.0
S00001,vRAN-DU,edge-A,edge,241,DONE,8.19543,8.29242,96.9887680003012,96.9887680003012,83.792,12.325,0.871768000301202,0.34776800030120114,0.5240000000000009,0.0
S00002,vRAN-DU,edge-B,edge,227,DONE,8.19674,8.26296,66.22227400021075,66.22227400021075,7.981,6.719,51.52227400021074,0.5562740002107489,50.965999999999994,0.0
S00008,Transcoder,core-1,core,135,DONE,8.19826,8.22231,24.05345800025316,24.05345800025316,0.108,9.373,2.5724580002531585,1.6204580002531586,0.952,12.0
S00006,IMS-CSCF,edge-B,edge,267,EXPIRED,8.20893,9.24838,,,1000.372,,,,,
S00007,Transcoder,core-1,core,124,DONE,8.20908,8.23142,22.335071999805223,22.335071999805223,0.077,9.236,3.022071999805222,2.065071999805223,0.956999999999999,10.0
S00002,vRAN-DU,edge-B,edge,228,DONE,8.21467,8.26816,53.49094400025933,53.49094400025933,14.913,4.853,33.724944000259335,1.067944000259331,32.657000000000004,0.0
S00004,UPF,edge-B,edge,296,DONE,8.21528,8.94947,734.1898729996501,734.1898729996501,618.115,82.919,33.155872999650114,1.245872999650146,31.909999999999968,0.0
S00006,IMS-CSCF,edge-B,edge,268,EXPIRED,8.21658,9.2494,,,1000.353,,,,,
S00010,IoT-GW,edge-B,edge,252,EXPIRED,8.22009,9.24942,,,1000.349,,,,,
S00010,IoT-GW,edge-B,edge,253,EXPIRED,8.22023,9.24947,,,1000.345,,,,,
S00009,IoT-GW,edge-A,edge,250,DONE,8.22773,9.19184,964.1136809996169,964.1136809996169,915.262,2.702,46.149680999616976,0.7436809996169131,45.40600000000006,0.0
S00002,vRAN-DU,edge-B,edge,229,DONE,8.22797,8.35099,123.01750899996478,123.01750899996478,20.007,82.577,20.433508999964772,0.7205089999647782,19.712999999999994,0.0
S00001,vRAN-DU,edge-A,edge,242,DONE,8.22941,8.30252,73.10425700006817,73.10425700006817,23.108,5.505,44.491257000068174,0.4552570000681726,44.036,0.0
S00005,IMS-CSCF,edge-A,edge,270,DONE,8.23074,9.27231,1041.565902000002,1041.565902000002,922.208,75.565,43.79290200000219,0.6919020000020737,43.10100000000011,0.0
S00005,IMS-CSCF,edge-A,edge,271,EXPIRED,8.23478,9.27426,,,1000.009,,,,,
S00005,IMS-CSCF,edge-A,edge,272,EXPIRED,8.2384,9.27494,,,1000.003,,,,,
S00004,UPF,edge-B,edge,297,DONE,8.23986,8.9536,713.7347269999736,713.7347269999736,702.719,2.236,8.779726999973605,0.7977269999736336,7.981999999999971,0.0
S00007,Transcoder,core-1,core,125,DONE,8.24117,8.2666,25.429690000237315,25.429690000237315,0.09,12.663,2.676690000237315,1.4816900002373146,1.1950000000000003,10.0
S00001,vRAN-DU,edge-A,edge,243,DONE,8.24247,8.37607,133.5976440000195,133.5976440000195,28.115,70.804,34.6786440000195,1.3046440000194934,33.37400000000001,0.0
S00004,UPF,edge-B,edge,298,DONE,8.24491,8.96195,717.0421779997014,717.0421779997014,709.927,3.967,3.1481779997013746,0.5661779997013809,2.5819999999999936,0.0
S00002,vRAN-DU,edge-B,edge,230,DONE,8.24702,8.37609,129.07388499979788,129.07388499979788,103.611,22.775,2.6878849997978875,0.7798849997978721,1.9080000000000155,0.0
S00008,Transcoder,core-1,core,136,DONE,8.2471,8.27634,29.240677999951004,29.240677999951004,0.085,12.518,4.637677999951002,1.552677999951003,3.084999999999999,12.0
S00001,vRAN-DU,edge-A,edge,244,DONE,8.25195,8.38803,136.08526500001972,136.08526500001972,104.915,8.96,22.210265000019717,2.3782650000197236,19.831999999999994,0.0
S00003,UPF,edge-A,edge,272,DONE,8.25204,8.39556,143.51299700001618,143.51299700001618,118.928,2.555,22.02999700001618,2.3749970000161795,19.655,0.0
S00001,vRAN-DU,edge-A,edge,245,DONE,8.25338,8.39135,137.96090999994703,137.96090999994703,114.016,3.52,20.424909999947033,0.8999099999470275,19.525000000000006,0.0
S00010,IoT-GW,edge-B,edge,254,DONE,8.25968,9.25655,996.8660790000285,996.8660790000285,993.719,1.896,1.2510790000285397,0.7820790000286024,0.46899999999993724,0.0
S00001,vRAN-DU,edge-A,edge,246,DONE,8.25978,8.39553,135.75485299998036,135.75485299998036,117.978,2.989,14.787852999980359,0.7598529999803532,14.028000000000006,0.0
S00010,IoT-GW,edge-B,edge,255,DONE,8.26276,9.26603,1003.264969999691,1003.264969999691,999.983,2.231,1.0509699996910058,0.5239699996909621,0.5270000000000437,0.0
S00003,UPF,edge-A,edge,273,DONE,8.26793,8.47439,206.4580040000692,206.4580040000692,127.761,72.823,5.874004000069192,0.5750040000691854,5.299000000000007,0.0
S00005,IMS-CSCF,edge-A,edge,273,EXPIRED,8.27052,9.27609,,,1001.956,,,,,
S00008,Transcoder,core-1,core,137,DONE,8.27119,8.29763,26.43624100028319,26.43624100028319,0.113,10.207,4.116241000283189,3.065241000283189,1.0510000000000002,12.0
S00010,IoT-GW,edge-B,edge,256,EXPIRED,8.27814,9.34916,,,1000.399,,,,,
S00003,UPF,edge-A,edge,274,DONE,8.28843,8.47973,191.30072500001916,191.30072500001916,181.992,4.287,5.02172500001916,0.7977250000191702,4.2239999999999895,0.0
S00002,vRAN-DU,edge-B,edge,231,DONE,8.28996,8.3581,68.1463949999852,68.1463949999852,5.524,4.724,57.8983949999852,0.36239499998519875,57.536,0.0
S00005,IMS-CSCF,edge-A,edge,274,DONE,8.29005,9.28311,993.0619440001465,993.0619440001465,987.835,1.589,3.6379440001463763,0.3439440001465073,3.293999999999869,0.0
S00006,IMS-CSCF,edge-B,edge,269,DONE,8.29031,9.25435,964.0400100001898,964.0400100001898,904.896,1.88,57.26401000018984,0.2720100001897663,56.992000000000075,0.0
S00003,UPF,edge-A,edge,275,DONE,8.29155,8.4829,191.34805400017285,191.34805400017285,186.124,3.075,2.1490540001728675,0.458054000172865,1.6910000000000025,0.0
S00006,IMS-CSCF,edge-B,edge,270,DONE,8.29243,9.26216,969.7309120001592,969.7309120001592,909.075,4.899,55.756912000159105,0.5289120001591527,55.22799999999995,0.0
S00006,IMS-CSCF,edge-B,edge,271,DONE,8.29765,9.26491,967.2602979999283,967.2602979999283,914.708,1.21,51.34229799992829,0.5712979999283334,50.77099999999996,0.0
S00007,Transcoder,core-1,core,126,DONE,8.29827,8.31954,21.26769200003764,21.26769200003764,0.089,7.117,4.061692000037642,3.229692000037641,0.8319999999999999,10.0
S00003,UPF,edge-A,edge,276,DONE,8.29834,8.48873,190.392822999911,190.392822999911,183.93,2.352,4.110822999910994,0.366822999910994,3.7439999999999998,0.0
S00003,UPF,edge-A,edge,277,DONE,8.3016,8.57772,276.11591699997007,276.11591699997007,270.222,4.974,0.9199169999700985,0.4709169999700862,0.4490000000000123,0.0
S00005,IMS-CSCF,edge-A,edge,275,DONE,8.30209,9.29027,988.17817500003,988.17817500003,906.196,5.34,76.64217500002997,0.4201750000299853,76.22199999999998,0.0
S00009,IoT-GW,edge-A,edge,251,DONE,8.30599,9.28353,977.539846000127,977.539846000127,903.894,0.865,72.78084600012699,0.4788460001269641,72.30200000000002,0.0
S00003,UPF,edge-A,edge,278,DONE,8.31046,8.58105,270.58996599998864,270.58996599998864,200.148,2.125,68.31696599998864,0.4709659999886071,67.84600000000003,0.0
S00009,IoT-GW,edge-A,edge,252,EXPIRED,8.31733,9.38269,,,1001.59,,,,,
S00007,Transcoder,core-1,core,127,DONE,8.3175,8.33931,21.810285999890766,21.810285999890766,0.095,7.896,3.8192859998907664,3.0622859998907668,0.7569999999999997,10.0
S00010,IoT-GW,edge-B,edge,257,EXPIRED,8.33391,9.34917,,,1000.362,,,,,
S00007,Transcoder,core-1,core,128,DONE,8.33403,8.36078,26.746419000119204,26.746419000119204,0.068,11.921,4.757419000119205,2.6824190001192036,2.075000000000001,10.0
S00006,IMS-CSCF,edge-B,edge,272,DONE,8.3407,9.34688,1006.1777800001437,1006.1777800001437,918.881,79.409,7.887780000143721,1.0007800001436635,6.887000000000057,0.0
S00008,Transcoder,core-1,core,138,DONE,8.34549,8.37608,30.59750200009148,30.59750200009148,0.06,14.022,4.51550200009148,3.9395020000914815,0.5759999999999987,12.0
S00002,vRAN-DU,edge-B,edge,232,DONE,8.35328,8.36816,14.878871000291838,14.878871000291838,5.711,2.756,6.411871000291837,1.5508710002918384,4.860999999999999,0.0
S00010,IoT-GW,edge-B,edge,258,EXPIRED,8.35548,9.36341,,,1003.489,,,,,
S00010,IoT-GW,edge-B,edge,259,DONE,8.36079,9.36792,1007.1289259999503,1007.1289259999503,996.475,1.199,9.45492599995032,6.941925999950286,2.5130000000000337,0.0
S00004,UPF,edge-B,edge,299,DONE,8.36622,8.96456,598.3403889999863,598.3403889999863,592.994,2.146,3.2003889999863304,1.681388999986325,1.5190000000000055,0.0
S00001,vRAN-DU,edge-A,edge,247,DONE,8.36959,8.40244,32.843394999872544,32.843394999872544,16.397,6.31,10.136394999872547,1.3553949998725443,8.781000000000002,0.0
S00003,UPF,edge-A,edge,279,DONE,8.37452,8.59433,219.81480599970382,219.81480599970382,204.647,10.229,4.938805999703845,0.7558059997038242,4.183000000000021,0.0
S00003,UPF,edge-A,edge,280,DONE,8.3761,8.67731,301.2149609999142,301.2149609999142,215.092,82.949,3.1739609999141862,1.2419609999141699,1.9320000000000164,0.0
S00002,vRAN-DU,edge-B,edge,233,DONE,8.37632,8.45009,73.7698289999571,73.7698289999571,0.635,3.214,69.9208289999571,6.2268289999570925,63.694,0.0
S00003,UPF,edge-A,edge,281,DONE,8.38092,8.68004,299.112353000055,299.112353000055,295.682,2.593,0.8373530000549749,0.35535300005500403,0.4819999999999709,0.0
S00002,vRAN-DU,edge-B,edge,234,DONE,8.38704,8.45424,67.20132800001011,67.20132800001011,4.746,3.248,59.20732800001011,0.49332800001010924,58.714,0.0
S00007,Transcoder,core-1,core,129,DONE,8.38821,8.41056,22.349090999796317,22.349090999796317,0.095,8.433,3.8210909997963167,2.3500909997963166,1.471,10.0
S00003,UPF,edge-A,edge,282,DONE,8.39,8.68608,296.0795849999158,296.0795849999158,289.382,5.57,1.1275849999158254,0.42658499991580356,0.7010000000000218,0.0
S00005,IMS-CSCF,edge-A,edge,276,DONE,8.39556,9.38434,988.7742329997309,988.7742329997309,981.665,5.931,1.1782329997308807,0.6992329997308389,0.47900000000004184,0.0
S00010,IoT-GW,edge-B,edge,260,EXPIRED,8.39963,9.44741,,,1000.48,,,,,
S00002,vRAN-DU,edge-B,edge,235,DONE,8.40246,8.457,54.543729000215535,54.543729000215535,8.242,2.64,43.66172900021553,0.40772900021553227,43.254000000000005,0.0
S00002,vRAN-DU,edge-B,edge,236,DONE,8.415,8.46124,46.24371099998825,46.24371099998825,11.051,3.777,31.415710999988253,0.7777109999882512,30.638,0.0
S00004,UPF,edge-B,edge,300,DONE,8.41645,8.96881,552.3593959997015,552.3593959997015,519.585,3.189,29.585395999701518,0.40339599970150175,29.182000000000016,0.0
S00006,IMS-CSCF,edge-B,edge,273,DONE,8.41986,9.3546,934.7434800001793,934.7434800001793,900.366,6.566,27.811480000179245,1.8064800001792491,26.004999999999995,0.0
S00008,Transcoder,core-1,core,139,DONE,8.41998,8.44171,21.728569000060816,21.728569000060816,0.09,6.615,3.0235690000608155,2.157569000060816,0.8659999999999997,12.0
S00008,Transcoder,core-1,core,140,DONE,8.42223,8.44417,21.9417399998747,21.9417399998747,0.155,6.738,3.048739999874698,2.4107399998747,0.637999999999999,12.0
S00004,UPF,edge-B,edge,301,DONE,8.42353,9.05155,628.0180770004335,628.0180770004335,523.159,78.77,26.089077000433576,0.8410770004335291,25.248000000000047,0.0
S00004,UPF,edge-B,edge,302,DONE,8.43401,9.05642,622.4071490000824,622.4071490000824,606.291,3.952,12.164149000082375,0.6761490000824324,11.487999999999943,0.0
S00003,UPF,edge-A,edge,283,DONE,8.43535,8.6901,254.75668399985807,254.75668399985807,213.511,3.38,37.86568399985808,0.4406839998580665,37.42500000000001,0.0
S00001,vRAN-DU,edge-A,edge,248,DONE,8.44075,8.47747,36.7191349996574,36.7191349996574,1.545,3.169,32.0051349996574,0.7111349996573963,31.294000000000004,0.0
S00001,vRAN-DU,edge-A,edge,249,DONE,8.44796,8.48167,33.713461000388634,33.713461000388634,5.203,3.109,25.401461000388633,1.7704610003886323,23.631,0.0
S00006,IMS-CSCF,edge-B,edge,274,DONE,8.4501,9.37216,922.0590629997787,922.0590629997787,916.609,4.099,1.3510629997786054,0.48606299977871004,0.8649999999998954,0.0
S00009,IoT-GW,edge-A,edge,253,DONE,8.46126,9.38693,925.6680190001134,925.6680190001134,912.261,1.563,11.844019000113462,0.5930190001133724,11.25100000000009,0.0
S00001,vRAN-DU,edge-A,edge,250,DONE,8.46425,8.4857,21.44674099963595,21.44674099963595,8.588,4.212,8.64674099963595,0.5187409996359484,8.128000000000002,0.0
S00001,vRAN-DU,edge-A,edge,251,DONE,8.46435,8.48904,24.68324899973595,24.68324899973595,10.187,5.98,8.51624899973595,0.4922489997359527,8.023999999999997,0.0
S00005,IMS-CSCF,edge-A,edge,277,DONE,8.4644,9.40515,940.7543290003559,940.7543290003559,929.174,1.647,9.933329000355911,0.6503290003558959,9.283000000000015,0.0
S00001,vRAN-DU,edge-A,edge,252,DONE,8.46521,8.57317,107.96679699978995,107.96679699978995,16.113,83.705,8.148796999789951,1.446796999789953,6.701999999999998,0.0
S00002,vRAN-DU,edge-B,edge,237,DONE,8.47567,8.55308,77.41097000007358,77.41097000007358,1.098,5.051,71.26197000007357,2.591970000073573,68.67,0.0
S00002,vRAN-DU,edge-B,edge,238,DONE,8.47578,8.55666,80.88150099956692,80.88150099956692,6.41,3.617,70.85450099956692,2.608500999566928,68.246,0.0
S00006,IMS-CSCF,edge-B,edge,275,DONE,8.47888,9.46638,987.49206399998,987.49206399998,918.704,1.149,67.63906399998007,0.35406399997998506,67.28500000000008,0.0
S00005,IMS-CSCF,edge-A,edge,278,DONE,8.48112,9.48277,1001.6463940000904,1001.6463940000904,990.626,9.29,1.7303940000904277,0.9493940000903649,0.7810000000000628,0.0
S00002,vRAN-DU,edge-B,edge,239,DONE,8.48519,8.56136,76.16526900028475,76.16526900028475,9.394,5.073,61.69826900028475,0.5202690002847561,61.178,0.0
S00003,UPF,edge-A,edge,284,DONE,8.48531,8.77647,291.16834300020855,291.16834300020855,203.977,83.927,3.264343000208555,0.9243430002085233,2.340000000000032,0.0
S00006,IMS-CSCF,edge-B,edge,276,DONE,8.48796,9.54933,1061.3678139998228,1061.3678139998228,999.304,2.427,59.636813999822834,0.620813999822758,59.016000000000076,0.0
S00009,IoT-GW,edge-A,edge,254,DONE,8.4983,9.48509,986.7926329998227,986.7926329998227,983.278,2.107,1.407632999822681,0.6856329998227011,0.72199999999998,0.0
S00005,IMS-CSCF,edge-A,edge,279,DONE,8.49847,9.49309,994.6181509999406,994.6181509999406,990.214,2.888,1.5161509999404643,0.8301509999405425,0.6859999999999218,0.0
S00002,vRAN-DU,edge-B,edge,240,DONE,8.4997,8.56144,61.74023799985662,61.74023799985662,10.161,4.324,47.25523799985662,0.4562379998566186,46.799,0.0
S00003,UPF,edge-A,edge,285,DONE,8.50203,8.78215,280.1175339996007,280.1175339996007,276.594,2.479,1.0445339996007306,0.4425339996006983,0.6020000000000323,0.0
S00001,vRAN-DU,edge-A,edge,253,DONE,8.5034,8.57894,75.54056899971329,75.54056899971329,69.609,4.682,1.24956899971329,0.5275689997132815,0.7220000000000084,0.0
S00003,UPF,edge-A,edge,286,DONE,8.50351,8.78605,282.54532100027063,282.54532100027063,277.807,1.812,2.9263210002706046,2.2523210002706264,0.6739999999999782,0.0
S00003,UPF,edge-A,edge,287,DONE,8.50685,8.78935,282.5040729999273,282.5040729999273,276.825,4.173,1.5060729999273121,0.5000729999272835,1.0060000000000286,0.0
S00009,IoT-GW,edge-A,edge,255,DONE,8.50938,9.49896,989.5772950003447,989.5772950003447,986.372,1.6,1.6052950003447677,1.0222950003447977,0.58299999999997,0.0
S00002,vRAN-DU,edge-B,edge,241,DONE,8.50958,8.64872,139.13841699968543,139.13841699968543,15.725,86.384,37.02941699968544,0.6994169996854396,36.33,0.0
S00003,UPF,edge-A,edge,288,DONE,8.51292,8.7912,278.27644100034377,278.27644100034377,217.248,1.908,59.12044100034379,0.647441000343747,58.47300000000004,0.0
S00005,IMS-CSCF,edge-A,edge,280,DONE,8.5155,9.49577,980.2670719996058,980.2670719996058,921.567,2.106,56.59407199960583,0.9500719996058251,55.644000000000005,0.0
S00004,UPF,edge-B,edge,303,DONE,8.52299,9.05854,535.5468660000042,535.5468660000042,510.01,1.722,23.81486600000426,0.9988660000042273,22.81600000000003,0.0
S00008,Transcoder,core-1,core,141,DONE,8.52317,8.54659,23.421910999786633,23.421910999786633,0.103,7.736,3.582910999786634,2.6559109997866326,0.9270000000000005,12.0
S00010,IoT-GW,edge-B,edge,261,DONE,8.52549,9.46779,942.3031559999799,942.3031559999799,920.234,0.985,21.084155999979885,0.4211559999799874,20.662999999999897,0.0
S00008,Transcoder,core-1,core,142,DONE,8.52897,8.55094,21.97402999991027,21.97402999991027,0.088,6.398,3.488029999910271,2.4600299999102724,1.0280000000000005,12.0
S00002,vRAN-DU,edge-B,edge,242,DONE,8.52911,8.65568,126.5740150001875,126.5740150001875,104.314,4.781,17.479015000187502,0.38601500018749846,17.093000000000004,0.0
S00010,IoT-GW,edge-B,edge,262,EXPIRED,8.53139,9.5493,,,1001.021,,,,,
S00005,IMS-CSCF,edge-A,edge,281,DONE,8.53592,9.57607,1040.1479619999918,1040.1479619999918,933.045,69.469,37.633961999991925,2.2729619999918214,35.361000000000104,0.0
S00002,vRAN-DU,edge-B,edge,243,DONE,8.53973,8.65428,114.55044400008774,114.55044400008774,104.956,2.724,6.87044400008773,0.481444000087734,6.388999999999996,0.0
S00010,IoT-GW,edge-B,edge,263,EXPIRED,8.54346,9.54931,,,1001.01,,,,,
S00006,IMS-CSCF,edge-B,edge,277,EXPIRED,8.54477,9.54929,,,1001.005,,,,,
S00002,vRAN-DU,edge-B,edge,244,DONE,8.55534,8.66036,105.02192000012656,105.02192000012656,100.382,3.71,0.9299200001265575,0.47692000012655456,0.45300000000000296,0.0
S00003,UPF,edge-A,edge,289,DONE,8.55793,8.87819,320.2630199998566,320.2630199998566,219.946,81.285,19.03201999985663,4.267019999856643,14.764999999999986,0.0
S00006,IMS-CSCF,edge-B,edge,278,EXPIRED,8.56365,9.56482,,,1000.229,,,,,
S00001,vRAN-DU,edge-A,edge,254,DONE,8.57656,8.58382,7.256368000071234,7.256368000071234,0.882,5.052,1.3223680000712346,0.8803680000712335,0.44200000000000106,0.0
S00007,Transcoder,core-1,core,130,DONE,8.57895,8.59986,20.913666999604175,20.913666999604175,0.087,6.725,4.101666999604175,2.860666999604174,1.2410000000000014,10.0
S00009,IoT-GW,edge-A,edge,256,EXPIRED,8.58032,9.58225,,,1000.627,,,,,
S00002,vRAN-DU,edge-B,edge,245,DONE,8.58387,8.74885,164.9874780000573,164.9874780000573,14.409,86.484,64.09447800005731,1.0114780000573091,63.083,0.0
S00009,IoT-GW,edge-A,edge,257,EXPIRED,8.5855,9.58803,,,1001.209,,,,,
S00002,vRAN-DU,edge-B,edge,246,DONE,8.58777,8.66576,77.99284900011116,77.99284900011116,15.075,3.122,59.79584900011116,2.5058490001111693,57.28999999999999,0.0
S00010,IoT-GW,edge-B,edge,264,EXPIRED,8.58971,9.65126,,,1003.312,,,,,
S00003,UPF,edge-A,edge,290,DONE,8.59136,8.88795,296.5879819998918,296.5879819998918,281.932,12.317,2.3389819998917574,0.37598199989179193,1.9629999999999654,0.0
S00007,Transcoder,core-1,core,131,DONE,8.60109,8.62024,19.156761999965966,19.156761999965966,0.101,6.691,2.3647619999659657,1.7317619999659648,0.633,10.0
S00010,IoT-GW,edge-B,edge,265,EXPIRED,8.60338,9.65127,,,1003.305,,,,,
S00003,UPF,edge-A,edge,291,DONE,8.60667,8.89157,284.90073900002244,284.90073900002244,215.337,2.562,67.00173900002244,1.8287390000224377,65.173,0.0
S00008,Transcoder,core-1,core,143,DONE,8.6079,8.63617,28.275922999910108,28.275922999910108,0.08,9.069,7.126922999910107,4.004922999910107,3.122,12.0
S00007,Transcoder,core-1,core,132,DONE,8.60803,8.63359,25.551765999807685,25.551765999807685,0.053,11.79,3.708765999807685,1.6087659998076855,2.0999999999999996,10.0
S00002,vRAN-DU,edge-B,edge,247,DONE,8.61024,8.75348,143.2322139999087,143.2322139999087,102.149,3.084,37.999213999908704,0.5152139999086955,37.48400000000001,0.0
S00004,UPF,edge-B,edge,304,DONE,8.61351,9.06228,448.7748339997779,448.7748339997779,411.4,2.815,34.559833999777936,0.5468339997779026,34.013000000000034,0.0
S00004,UPF,edge-B,edge,305,DONE,8.61682,9.06452,447.69352499997694,447.69352499997694,414.366,2.045,31.282524999976943,0.9955249999769649,30.286999999999978,0.0
S00009,IoT-GW,edge-A,edge,258,DONE,8.61943,9.68076,1061.3222490001135,1061.3222490001135,999.835,5.172,56.315249000113454,1.1832490001136193,55.131999999999834,0.0
S00002,vRAN-DU,edge-B,edge,248,DONE,8.6195,8.76486,145.36087099986617,145.36087099986617,109.786,7.428,28.146870999866167,0.41887099986615794,27.72800000000001,0.0
S00004,UPF,edge-B,edge,306,DONE,8.62261,9.14864,526.0263820000546,526.0263820000546,417.651,83.102,25.27338200005454,0.39238200005456747,24.880999999999972,0.0
S00003,UPF,edge-A,edge,292,DONE,8.62391,8.97288,348.9692210000612,348.9692210000612,223.604,75.141,50.22422100006122,0.5412210000612276,49.68299999999999,0.0
S00004,UPF,edge-B,edge,307,DONE,8.62517,9.15463,529.4671209999251,529.4671209999251,502.729,4.26,22.478120999925125,0.4671209999251005,22.011000000000024,0.0
S00003,UPF,edge-A,edge,293,DONE,8.62757,8.97714,349.5739080003659,349.5739080003659,300.686,2.458,46.42990800036591,0.34890800036589553,46.08100000000002,0.0
S00001,vRAN-DU,edge-A,edge,255,DONE,8.64873,8.67922,30.493362000015622,30.493362000015622,1.764,3.857,24.87236200001562,0.4683620000156239,24.403999999999996,0.0
S00009,IoT-GW,edge-A,edge,259,EXPIRED,8.65275,9.67637,,,1001.587,,,,,
S00002,vRAN-DU,edge-B,edge,249,DONE,8.65435,8.76298,108.62482899983661,108.62482899983661,103.292,4.095,1.2378289998366085,0.5048289998366045,0.7330000000000041,0.0
S00006,IMS-CSCF,edge-B,edge,279,DONE,8.65575,9.65694,1001.198738000312,1001.198738000312,995.936,4.304,0.9587380003119961,0.4757380003120488,0.48299999999994725,0.0
S00001,vRAN-DU,edge-A,edge,256,DONE,8.65717,8.68354,26.377429999683955,26.377429999683955,5.765,3.861,16.751429999683957,0.5264299996839554,16.225,0.0
S00006,IMS-CSCF,edge-B,edge,280,EXPIRED,8.66466,9.66765,,,1001.081,,,,,
S00006,IMS-CSCF,edge-B,edge,281,EXPIRED,8.67112,9.6747,,,1001.567,,,,,
S00010,IoT-GW,edge-B,edge,266,DONE,8.67133,9.65932,987.9884850001872,987.9884850001872,984.646,1.714,1.6284850001871973,1.15948500018726,0.46899999999993724,0.0
S00005,IMS-CSCF,edge-A,edge,282,DONE,8.67563,9.67667,1001.0323320002499,1001.0323320002499,996.168,3.45,1.4143320002498285,0.4933320002498931,0.9209999999999354,0.0
S00002,vRAN-DU,edge-B,edge,250,DONE,8.67571,8.77034,94.63818999984142,94.63818999984142,18.811,4.984,70.84318999984141,0.8151899998414223,70.02799999999999,0.0
S00005,IMS-CSCF,edge-A,edge,283,EXPIRED,8.67695,9.68166,,,1001.597,,,,,
S00004,UPF,edge-B,edge,308,DONE,8.68225,9.15754,475.28591599984793,475.28591599984793,408.901,2.292,64.09291599984795,0.671915999847954,63.42099999999999,0.0
S00001,vRAN-DU,edge-A,edge,257,DONE,8.68355,8.68971,6.160943000395491,6.160943000395491,0.607,3.553,2.000943000395491,0.46594300039549097,1.5350000000000001,0.0
S00001,vRAN-DU,edge-A,edge,258,DONE,8.68362,8.78,96.37678500030233,96.37678500030233,4.598,89.29,2.488785000302329,0.76878500030233,1.7199999999999989,0.0
S00003,UPF,edge-A,edge,294,DONE,8.6849,8.98392,299.01822199963135,299.01822199963135,294.842,2.45,1.7262219996313775,1.065221999631376,0.6610000000000014,0.0
S00001,vRAN-DU,edge-A,edge,259,DONE,8.69231,8.78604,93.73152600028334,93.73152600028334,81.039,9.381,3.3115260002833367,2.3555260002833336,0.9560000000000031,0.0
S00002,vRAN-DU,edge-B,edge,251,DONE,8.69245,8.85657,164.11525000012261,164.11525000012261,103.963,4.308,55.84425000012263,2.7572500001226103,53.08700000000002,0.0
S00009,IoT-GW,edge-A,edge,260,EXPIRED,8.69583,9.77557,,,1000.071,,,,,
S00008,Transcoder,core-1,core,144,DONE,8.70232,8.73006,27.73507099982453,27.73507099982453,0.132,10.908,4.69507099982453,3.4690709998245293,1.2260000000000009,12.0
S00006,IMS-CSCF,edge-B,edge,282,DONE,8.70587,9.7495,1043.6268919997929,1043.6268919997929,928.507,74.886,40.233891999792945,0.548891999792886,39.68500000000006,0.0
S00009,IoT-GW,edge-A,edge,261,EXPIRED,8.71637,9.77607,,,1000.052,,,,,
S00006,IMS-CSCF,edge-B,edge,283,EXPIRED,8.71774,9.74845,,,1001.829,,,,,
S00004,UPF,edge-B,edge,309,DONE,8.71797,9.16403,446.06626899985713,446.06626899985713,414.947,2.909,28.210268999857135,0.8782689998571414,27.331999999999994,0.0
S00004,UPF,edge-B,edge,310,DONE,8.72338,9.24791,524.5294789997388,524.5294789997388,420.318,81.397,22.81447899973881,0.716478999738797,22.098000000000013,0.0
S00009,IoT-GW,edge-A,edge,262,EXPIRED,8.72892,9.77691,,,1000.043,,,,,
S00009,IoT-GW,edge-A,edge,263,EXPIRED,8.73134,9.77721,,,1000.032,,,,,
S00007,Transcoder,core-1,core,133,DONE,8.73746,8.76195,24.492231999829528,24.492231999829528,0.095,10.661,3.7362319998295277,2.703231999829528,1.0329999999999995,10.0
S00003,UPF,edge-A,edge,295,DONE,8.74087,9.07472,333.8440500001525,333.8440500001525,209.57,87.382,36.892050000152494,2.009050000152513,34.88299999999998,0.0
S00006,IMS-CSCF,edge-B,edge,284,EXPIRED,8.74109,9.74846,,,1001.816,,,,,
S00005,IMS-CSCF,edge-A,edge,284,DONE,8.74741,9.77262,1025.2066309999464,1025.2066309999464,919.744,77.233,28.229630999946266,0.8906309999463247,27.338999999999942,0.0
S00007,Transcoder,core-1,core,134,DONE,8.74887,8.7765,27.63117999984388,27.63117999984388,0.09,14.585,2.9561799998438794,1.9911799998438795,0.9649999999999999,10.0
S00009,IoT-GW,edge-A,edge,264,EXPIRED,8.74896,9.77746,,,1000.004,,,,,
S00007,Transcoder,core-1,core,135,DONE,8.75668,8.78643,29.752348999863898,29.752348999863898,0.124,14.833,4.795348999863897,2.7943489998638995,2.0009999999999977,10.0
S00005,IMS-CSCF,edge-A,edge,285,EXPIRED,8.76299,9.78238,,,1006.432,,,,,
S00001,vRAN-DU,edge-A,edge,260,DONE,8.78001,8.78792,7.915994000086357,7.915994000086357,2.15,3.387,2.378994000086357,1.5389940000863573,0.8399999999999999,0.0
S00010,IoT-GW,edge-B,edge,267,DONE,8.78011,9.75987,979.7600789997887,979.7600789997887,908.498,1.473,69.78907899978867,2.157078999788723,67.63199999999995,0.0
S00009,IoT-GW,edge-A,edge,265,EXPIRED,8.78337,9.79264,,,1006.593,,,,,
S00005,IMS-CSCF,edge-A,edge,286,EXPIRED,8.78606,9.79262,,,1003.151,,,,,
S00002,vRAN-DU,edge-B,edge,252,DONE,8.80348,8.85396,50.483987999996316,50.483987999996316,2.182,3.473,44.828987999996315,1.1939879999963168,43.635,0.0
S00006,IMS-CSCF,edge-B,edge,285,DONE,8.80584,9.75726,951.415642000029,951.415642000029,907.43,1.6,42.385642000029065,0.51864200002899,41.867000000000075,0.0
S00001,vRAN-DU,edge-A,edge,261,DONE,8.80714,8.88733,80.18831900017176,80.18831900017176,1.13,13.915,65.14331900017176,0.4833190001717611,64.66,0.0
S00009,IoT-GW,edge-A,edge,266,DONE,8.81287,9.87465,1061.7721120001988,1061.7721120001988,920.296,80.655,60.82111200019881,0.7961120001987183,60.02500000000009,0.0
S00001,vRAN-DU,edge-A,edge,262,DONE,8.8156,8.89673,81.12627600030464,81.12627600030464,17.02,6.893,57.213276000304646,0.6962760003046355,56.51700000000001,0.0
S00009,IoT-GW,edge-A,edge,267,EXPIRED,8.81693,9.87463,,,1000.068,,,,,
S00003,UPF,edge-A,edge,296,DONE,8.81701,9.08401,266.99384799985637,266.99384799985637,205.016,5.578,56.39984799985638,0.7218479998563794,55.678,0.0
S00001,vRAN-DU,edge-A,edge,263,DONE,8.8171,8.89619,79.08948000022065,79.08948000022065,20.058,3.807,55.22448000022065,0.49148000022064764,54.733000000000004,0.0
S00010,IoT-GW,edge-B,edge,268,EXPIRED,8.81834,9.84899,,,1000.554,,,,,
S00010,IoT-GW,edge-B,edge,269,EXPIRED,8.81842,9.84927,,,1000.549,,,,,
S00010,IoT-GW,edge-B,edge,270,EXPIRED,8.81847,9.84952,,,1000.546,,,,,
S00003,UPF,edge-A,edge,297,DONE,8.82641,9.09165,265.24299499988047,265.24299499988047,214.979,4.604,45.65999499988044,0.7039949998804786,44.95599999999996,0.0
S00006,IMS-CSCF,edge-B,edge,286,DONE,8.82885,9.85011,1021.2581989999308,1021.2581989999308,916.401,85.496,19.36119899993082,0.5681989999307007,18.79300000000012,0.0
S00004,UPF,edge-B,edge,311,DONE,8.82897,9.25413,425.16122500001075,425.16122500001075,403.48,2.306,19.375225000010744,0.525225000010721,18.850000000000023,0.0
S00004,UPF,edge-B,edge,312,DONE,8.83125,9.25704,425.7851530001062,425.7851530001062,406.197,2.09,17.498153000106242,0.4051530001062247,17.093000000000018,0.0
S00004,UPF,edge-B,edge,313,DONE,8.84696,9.25984,412.8815150002083,412.8815150002083,406.643,2.761,3.4775150002083137,1.3805150002083337,2.09699999999998,0.0
S00005,IMS-CSCF,edge-A,edge,287,DONE,8.85022,9.7936,943.3780230001503,943.3780230001503,919.429,2.138,21.81102300015027,2.935023000150295,18.875999999999976,0.0
S00005,IMS-CSCF,edge-A,edge,288,EXPIRED,8.8592,9.87459,,,1000.025,,,,,
S00005,IMS-CSCF,edge-A,edge,289,EXPIRED,8.86401,9.8746,,,1000.017,,,,,
S00008,Transcoder,core-1,core,145,DONE,8.86426,8.89598,31.715864000034344,31.715864000034344,0.062,16.171,3.4828640000343434,2.8868640000343433,0.5960000000000001,12.0
S00001,vRAN-DU,edge-A,edge,264,DONE,8.86448,8.97252,108.04416400014816,108.04416400014816,25.008,75.407,7.629164000148165,1.359164000148155,6.27000000000001,0.0
S00007,Transcoder,core-1,core,136,DONE,8.86459,8.89896,34.3714200002978,34.3714200002978,0.204,20.376,3.7914200002978014,3.235420000297804,0.5559999999999974,10.0
S00005,IMS-CSCF,edge-A,edge,290,EXPIRED,8.86464,9.87462,,,1000.002,,,,,
S00003,UPF,edge-A,edge,298,DONE,8.86788,9.09685,228.9673899999798,228.9673899999798,222.354,1.871,4.742389999979764,0.5683899999797859,4.173999999999978,0.0
S00005,IMS-CSCF,edge-A,edge,291,EXPIRED,8.86815,9.87464,,,1000.468,,,,,
S00004,UPF,edge-B,edge,314,DONE,8.86949,9.26203,392.54191400004856,392.54191400004856,312.522,1.988,78.03191400004857,0.8009140000485786,77.231,0.0
S00004,UPF,edge-B,edge,315,DONE,8.87413,9.26653,392.39788599979875,392.39788599979875,314.695,4.819,72.88388599979874,0.9798859997987392,71.904,0.0
S00006,IMS-CSCF,edge-B,edge,287,DONE,8.87424,9.86768,993.4389290001491,993.4389290001491,916.628,4.034,72.77692900014904,0.943929000149069,71.83299999999997,0.0
S00004,UPF,edge-B,edge,316,DONE,8.87823,9.34914,470.91011199972854,470.91011199972854,319.939,80.718,70.2531119997285,0.8131119997285623,69.43999999999994,0.0
S00002,vRAN-DU,edge-B,edge,253,DONE,8.87838,8.95726,78.87939799957167,78.87939799957167,2.25,7.799,68.83039799957166,0.4393979995716677,68.39099999999999,0.0
S00003,UPF,edge-A,edge,299,DONE,8.87856,9.17501,296.44835900035105,296.44835900035105,289.102,2.81,4.536359000351069,0.586359000351024,3.9500000000000455,0.0
S00003,UPF,edge-A,edge,300,DONE,8.87994,9.1868,306.86523499980467,306.86523499980467,295.237,8.503,3.125234999804661,2.524234999804662,0.6009999999999991,0.0
S00001,vRAN-DU,edge-A,edge,265,DONE,8.88004,8.97672,96.6823580001801,96.6823580001801,90.194,3.573,2.915358000180106,2.4613580001800983,0.45400000000000773,0.0
S00009,IoT-GW,edge-A,edge,268,EXPIRED,8.88128,9.88409,,,1000.894,,,,,
S00004,UPF,edge-B,edge,317,DONE,8.88135,9.3634,482.04307000014524,482.04307000014524,400.945,13.77,67.32807000014526,1.0940700001452228,66.23400000000004,0.0
S00009,IoT-GW,edge-A,edge,269,EXPIRED,8.89394,9.90325,,,1007.711,,,,,
S00001,vRAN-DU,edge-A,edge,266,DONE,8.89544,8.98,84.55821000006836,84.55821000006836,79.831,2.766,1.9612100000683483,0.9012100000683603,1.059999999999988,0.0
S00006,IMS-CSCF,edge-B,edge,288,DONE,8.89903,9.94957,1050.5374709996431,1050.5374709996431,998.666,3.798,48.073470999643064,0.4004709996431757,47.67299999999989,0.0
S00006,IMS-CSCF,edge-B,edge,289,EXPIRED,8.90144,9.9481,,,1000.692,,,,,
S00010,IoT-GW,edge-B,edge,271,DONE,8.90158,9.86697,965.3915779999807,965.3915779999807,918.579,1.171,45.641577999980655,0.5425779999806082,45.099000000000046,0.0
S00010,IoT-GW,edge-B,edge,272,EXPIRED,8.90287,9.94937,,,1000.681,,,,,
S00001,vRAN-DU,edge-A,edge,267,DONE,8.90297,8.981,78.03093099983016,78.03093099983016,5.532,3.632,68.86693099983016,0.5209309998301563,68.346,0.0
S00004,UPF,edge-B,edge,318,DONE,8.90534,9.37035,465.01447699984055,465.01447699984055,415.877,7.164,41.97347699984056,0.47147699984054725,41.50200000000001,0.0
S00001,vRAN-DU,edge-A,edge,268,DONE,8.90668,8.98566,78.98442499981684,78.98442499981684,9.273,4.488,65.22342499981684,0.5194249998168345,64.70400000000001,0.0
S00004,UPF,edge-B,edge,319,DONE,8.90803,9.38112,473.0920420001894,473.0920420001894,425.556,7.145,40.39104200018943,0.5690420001893699,39.82200000000006,0.0
S00004,UPF,edge-B,edge,320,DONE,8.91444,9.4474,532.9552279999916,532.9552279999916,436.089,62.942,33.924227999991615,0.9042279999915763,33.02000000000004,0.0
S00005,IMS-CSCF,edge-A,edge,292,DONE,8.91794,9.88681,968.8758820002477,968.8758820002477,912.3,2.683,53.89288200024771,0.5668820002476878,53.32600000000002,0.0
S00006,IMS-CSCF,edge-B,edge,290,EXPIRED,8.92642,9.94864,,,1000.612,,,,,
S00006,IMS-CSCF,edge-B,edge,291,EXPIRED,8.92887,9.94891,,,1000.602,,,,,
S00009,IoT-GW,edge-A,edge,270,EXPIRED,8.93221,9.97577,,,1001.907,,,,,
S00002,vRAN-DU,edge-B,edge,254,DONE,8.93351,8.95857,25.05664699992849,25.05664699992849,6.004,5.238,13.814646999928488,0.44764699992848733,13.367,0.0
S00007,Transcoder,core-1,core,137,DONE,8.93484,8.96144,26.60524200018699,26.60524200018699,0.113,12.221,4.271242000186991,3.2222420001869914,1.0489999999999995,10.0
S00006,IMS-CSCF,edge-B,edge,292,EXPIRED,8.93611,9.94908,,,1000.591,,,,,
S00003,UPF,edge-A,edge,301,DONE,8.93943,9.19579,256.3590749996365,256.3590749996365,219.686,2.432,34.24107499963651,0.9920749996365146,33.248999999999995,0.0
S00005,IMS-CSCF,edge-A,edge,293,EXPIRED,8.94482,9.97576,,,1001.898,,,,,
S00009,IoT-GW,edge-A,edge,271,EXPIRED,8.9561,9.97578,,,1001.894,,,,,
S00001,vRAN-DU,edge-A,edge,269,DONE,8.95623,9.07727,121.03865400013092,121.03865400013092,14.014,90.927,16.097654000130916,0.6576540001309183,15.439999999999998,0.0
S00010,IoT-GW,edge-B,edge,273,EXPIRED,8.95629,9.95891,,,1001.415,,,,,
S00002,vRAN-DU,edge-B,edge,255,DONE,8.95727,8.96329,6.018435999976646,6.018435999976646,1.27,3.865,0.8834359999766459,0.4324359999766454,0.4510000000000005,0.0
S00002,vRAN-DU,edge-B,edge,256,DONE,8.95857,8.96814,9.56302999975378,9.56302999975378,5.628,3.184,0.7510299997537793,0.3100299997537803,0.44099999999999895,0.0
S00003,UPF,edge-A,edge,302,DONE,8.96085,9.19626,235.41194900008122,235.41194900008122,222.305,1.82,11.286949000081222,0.7349490000812295,10.551999999999992,0.0
S00010,IoT-GW,edge-B,edge,274,EXPIRED,8.96096,9.96337,,,1000.249,,,,,
S00009,IoT-GW,edge-A,edge,272,EXPIRED,8.96102,9.97579,,,1001.883,,,,,
S00010,IoT-GW,edge-B,edge,275,EXPIRED,8.9633,9.9718,,,1005.513,,,,,
S00001,vRAN-DU,edge-A,edge,270,DONE,8.96551,9.08433,118.8157599999613,118.8157599999613,103.153,7.607,8.055759999961296,0.7167599999612975,7.338999999999999,0.0
S00010,IoT-GW,edge-B,edge,276,EXPIRED,8.96679,9.97181,,,1001.517,,,,,
S00001,vRAN-DU,edge-A,edge,271,DONE,8.97534,9.09114,115.8016829999724,115.8016829999724,106.339,3.359,6.103682999972406,1.2096829999724008,4.8940000000000055,0.0
S00001,vRAN-DU,edge-A,edge,272,DONE,8.97544,9.09625,120.81205599997702,120.81205599997702,111.144,8.464,1.2040559999770153,0.7310559999770163,0.472999999999999,0.0
S00010,IoT-GW,edge-B,edge,277,DONE,8.98793,10.05522,1067.2941570001058,1067.2941570001058,982.678,83.193,1.4231570001056753,0.5821570001057808,0.8409999999998945,0.0
S00001,vRAN-DU,edge-A,edge,273,DONE,8.99158,9.09431,102.72990700013906,102.72990700013906,16.329,2.306,84.09490700013906,0.7049070001390589,83.39,0.0
S00009,IoT-GW,edge-A,edge,273,DONE,8.99172,9.98394,992.2182430000248,992.2182430000248,907.044,1.227,83.94724300002486,0.8102430000247978,83.13700000000006,0.0
S00006,IMS-CSCF,edge-B,edge,293,DONE,8.99406,9.97208,978.0249320001531,978.0249320001531,974.899,1.461,1.664932000153044,0.9199320001530396,0.7450000000000045,0.0
S00004,UPF,edge-B,edge,321,DONE,8.99533,9.45462,459.28764200016303,459.28764200016303,451.14,7.442,0.7056420001630386,0.3536420001630063,0.3520000000000323,0.0
S00003,UPF,edge-A,edge,303,DONE,8.99996,9.27722,277.25762199997916,277.25762199997916,197.448,4.088,75.72162199997916,0.7176219999791442,75.00400000000002,0.0
S00001,vRAN-DU,edge-A,edge,274,DONE,9.00281,9.17302,170.20886699992843,170.20886699992843,21.022,75.292,73.89486699992844,1.0878669999284227,72.80700000000002,0.0
S00002,vRAN-DU,edge-B,edge,257,DONE,9.00511,9.05238,47.26844800006802,47.26844800006802,2.533,3.676,41.059448000068016,0.5754480000680218,40.483999999999995,0.0
S00003,UPF,edge-A,edge,304,DONE,9.01286,9.286,273.1439469998804,273.1439469998804,202.163,7.306,63.674946999880405,0.9809469998804161,62.69399999999999,0.0
S00010,IoT-GW,edge-B,edge,278,EXPIRED,9.0183,10.04696,,,1000.093,,,,,
S00004,UPF,edge-B,edge,322,DONE,9.01964,9.46101,441.36452400016424,441.36452400016424,410.561,4.11,26.693524000164246,0.691524000164236,26.00200000000001,0.0
S00003,UPF,edge-A,edge,305,DONE,9.02095,9.28877,267.8225000004204,267.8225000004204,210.372,2.773,54.677500000420395,0.6385000004203789,54.039000000000016,0.0
S00002,vRAN-DU,edge-B,edge,258,DONE,9.02221,9.05239,30.17962500007343,30.17962500007343,3.631,2.559,23.98962500007343,0.4046250000734304,23.585,0.0
S00008,Transcoder,core-1,core,146,DONE,9.02549,9.04821,22.7247749999151,22.7247749999151,0.091,7.818,2.8157749999150994,2.071774999915098,0.7440000000000007,12.0
S00001,vRAN-DU,edge-A,edge,275,DONE,9.02559,9.17899,153.3958119998715,153.3958119998715,98.303,4.188,50.90481199987151,1.10581199987152,49.79899999999999,0.0
S00005,IMS-CSCF,edge-A,edge,294,DONE,9.0269,9.98488,957.9816340001344,957.9816340001344,906.961,1.992,49.02863400013439,0.619634000134397,48.40899999999999,0.0
S00007,Transcoder,core-1,core,138,DONE,9.027,9.04743,20.429851999779203,20.429851999779203,0.075,7.746,2.6088519997792012,1.9098519997792032,0.698999999999999,10.0
S00010,IoT-GW,edge-B,edge,279,EXPIRED,9.02705,10.04697,,,1000.076,,,,,
S00005,IMS-CSCF,edge-A,edge,295,DONE,9.02928,9.99335,964.0628590000233,964.0628590000233,916.534,1.311,46.21785900002328,0.4598590000233571,45.757999999999925,0.0
S00009,IoT-GW,edge-A,edge,274,EXPIRED,9.03157,10.07722,,,1000.526,,,,,
S00005,IMS-CSCF,edge-A,edge,296,EXPIRED,9.03172,10.0772,,,1000.522,,,,,
S00004,UPF,edge-B,edge,323,DONE,9.03798,9.54932,511.3344510000388,511.3344510000388,414.791,87.481,9.062451000038834,2.5814510000388395,6.4809999999999945,0.0
S00002,vRAN-DU,edge-B,edge,259,DONE,9.04238,9.06001,17.627150999942387,17.627150999942387,6.529,6.22,4.878150999942388,0.9601509999423854,3.918000000000003,0.0
S00008,Transcoder,core-1,core,147,DONE,9.05178,9.08504,33.259619000091334,33.259619000091334,0.16,18.218,2.8816190000913338,1.1586190000913348,1.722999999999999,12.0
S00010,IoT-GW,edge-B,edge,280,EXPIRED,9.05364,10.05991,,,1003.018,,,,,
S00005,IMS-CSCF,edge-A,edge,297,EXPIRED,9.05855,10.07721,,,1000.517,,,,,
S00001,vRAN-DU,edge-A,edge,276,DONE,9.05914,9.179,119.85802500021236,119.85802500021236,99.772,3.214,16.87202500021236,1.5340250002123668,15.337999999999994,0.0
S00009,IoT-GW,edge-A,edge,275,EXPIRED,9.06237,10.07722,,,1000.51,,,,,
S00007,Transcoder,core-1,core,139,DONE,9.06636,9.10407,37.7052979997643,37.7052979997643,0.113,22.879,4.713297999764297,2.1432979997642967,2.5700000000000003,10.0
S00004,UPF,edge-B,edge,324,DONE,9.07479,9.55288,478.09048699991763,478.09048699991763,403.979,1.997,72.11448699991763,1.9514869999176199,70.16300000000001,0.0
S00007,Transcoder,core-1,core,140,DONE,9.07728,9.1171,39.81999999996333,39.81999999996333,0.122,17.929,11.76899999996333,9.553999999963331,2.215,10.0
S00008,Transcoder,core-1,core,148,DONE,9.07743,9.11923,41.79337799996574,41.79337799996574,0.265,20.14,9.38837799996574,1.7373779999657408,7.651,12.0
S00003,UPF,edge-A,edge,306,DONE,9.07986,9.29377,213.91000900030122,213.91000900030122,206.586,3.998,3.3260090003012124,0.5920090003012035,2.734000000000009,0.0
S00006,IMS-CSCF,edge-B,edge,294,DONE,9.082,10.06158,979.5807049999894,979.5807049999894,913.462,1.613,64.50570499998935,0.467704999989337,64.03800000000001,0.0
S00008,Transcoder,core-1,core,149,DONE,9.0992,9.12169,22.491134000119928,22.491134000119928,0.082,7.833,2.5761340001199287,1.7711340001199272,0.8050000000000006,12.0
S00002,vRAN-DU,edge-B,edge,260,DONE,9.09937,9.15153,52.15905299974111,52.15905299974111,2.314,2.713,47.132052999741106,0.9550529997411061,46.177,0.0
S00003,UPF,edge-A,edge,307,DONE,9.09945,9.37214,272.6974600000176,272.6974600000176,119.648,77.801,75.24846000001759,0.7324600000176247,74.51599999999996,0.0
S00002,vRAN-DU,edge-B,edge,261,DONE,9.10281,9.15967,56.85858900005769,56.85858900005769,7.358,6.039,43.46158900005769,0.6095890000576887,42.852000000000004,0.0
S00001,vRAN-DU,edge-A,edge,277,DONE,9.10294,9.18749,84.55049000031067,84.55049000031067,4.587,8.189,71.77449000031068,0.8074900003106791,70.967,0.0
S00009,IoT-GW,edge-A,edge,276,DONE,9.10934,10.09032,980.9843339999134,980.9843339999134,913.566,2.138,65.2803339999133,0.576333999913345,64.70399999999995,0.0
S00003,UPF,edge-A,edge,308,DONE,9.11168,9.37783,266.155241999968,266.155241999968,197.643,5.645,62.86724199996797,0.7432419999680064,62.12399999999997,0.0
S00009,IoT-GW,edge-A,edge,277,EXPIRED,9.11203,10.17732,,,1002.425,,,,,
S00005,IMS-CSCF,edge-A,edge,298,DONE,9.11662,10.0814,964.7801710002568,964.7801710002568,902.782,4.318,57.68017100025679,0.6241710002568652,57.055999999999926,0.0
S00009,IoT-GW,edge-A,edge,278,EXPIRED,9.11827,10.17733,,,1002.416,,,,,
S00008,Transcoder,core-1,core,150,DONE,9.11836,9.13973,21.371101000113413,21.371101000113413,0.097,6.678,2.5961010001134124,1.9771010001134126,0.6189999999999998,12.0
S00002,vRAN-DU,edge-B,edge,262,DONE,9.11889,9.16056,41.675398999814206,41.675398999814206,11.143,3.14,27.392398999814205,0.5693989998142044,26.823,0.0
S00008,Transcoder,core-1,core,151,DONE,9.12287,9.14627,23.399329999847396,23.399329999847396,0.083,7.595,3.721329999847395,2.700329999847396,1.021,12.0
S00010,IoT-GW,edge-B,edge,281,DONE,9.12616,10.07746,951.3069919998998,951.3069919998998,924.004,3.3,24.00299199989979,0.49299199989980025,23.50999999999999,0.0
S00006,IMS-CSCF,edge-B,edge,295,DONE,9.12842,10.14798,1019.5639439998558,1019.5639439998558,923.437,76.582,19.544943999855832,0.9539439998558237,18.591000000000008,0.0
S00010,IoT-GW,edge-B,edge,282,EXPIRED,9.13271,10.14849,,,1000.482,,,,,
S00010,IoT-GW,edge-B,edge,283,EXPIRED,9.14628,10.1485,,,1000.037,,,,,
S00009,IoT-GW,edge-A,edge,279,EXPIRED,9.14871,10.17733,,,1002.412,,,,,
S00005,IMS-CSCF,edge-A,edge,299,DONE,9.15115,10.09442,943.2712180000635,943.2712180000635,915.874,2.882,24.515218000063555,0.9532180000635435,23.562000000000012,0.0
S00005,IMS-CSCF,edge-A,edge,300,EXPIRED,9.15464,10.17729,,,1002.404,,,,,
S00002,vRAN-DU,edge-B,edge,263,DONE,9.15508,9.16459,9.51135199966302,9.51135199966302,4.393,4.332,0.7863519996630206,0.3823519996630207,0.4039999999999999,0.0
S00010,IoT-GW,edge-B,edge,284,EXPIRED,9.15755,10.16105,,,1001.027,,,,,
S00004,UPF,edge-B,edge,325,DONE,9.16183,9.55868,396.8510380000225,396.8510380000225,393.464,2.371,1.0160380000225473,0.42103800002252,0.5950000000000273,0.0
S00008,Transcoder,core-1,core,152,DONE,9.17124,9.19573,24.492278000252554,24.492278000252554,0.086,8.994,3.412278000252554,2.723278000252554,0.6890000000000001,12.0
S00004,UPF,edge-B,edge,326,DONE,9.17221,9.56256,390.3506289998404,390.3506289998404,385.566,3.541,1.243628999840439,0.6116289998404341,0.632000000000005,0.0
S00005,IMS-CSCF,edge-A,edge,301,EXPIRED,9.17303,10.17731,,,1002.316,,,,,
S00006,IMS-CSCF,edge-B,edge,296,DONE,9.17425,10.15071,976.4596320001147,976.4596320001147,901.612,2.742,72.10563200011472,0.44463200011466597,71.66100000000006,0.0
S00001,vRAN-DU,edge-A,edge,278,DONE,9.17901,9.27549,96.47937199997614,96.47937199997614,9.615,83.152,3.712371999976142,0.3813719999761389,3.331000000000003,0.0
S00010,IoT-GW,edge-B,edge,285,DONE,9.18096,10.16479,983.8266329998078,983.8266329998078,914.392,3.248,66.18663299980767,1.209632999807809,64.97699999999986,0.0
S00009,IoT-GW,edge-A,edge,280,DONE,9.18225,10.18393,1001.6845810000632,1001.6845810000632,995.196,5.126,1.3625810000631873,0.4185810000632273,0.94399999999996,0.0
S00002,vRAN-DU,edge-B,edge,264,DONE,9.1905,9.2533,62.8015580000465,62.8015580000465,2.654,3.454,56.693558000046494,1.6145580000465003,55.07899999999999,0.0
S00003,UPF,edge-A,edge,309,DONE,9.1958,9.39045,194.64877000018532,194.64877000018532,190.653,2.796,1.1997700001853389,0.661770000185328,0.5380000000000109,0.0
S00004,UPF,edge-B,edge,327,DONE,9.20249,9.56566,363.16634300010264,363.16634300010264,316.257,3.132,43.77734300010263,0.5203430001026277,43.257000000000005,0.0
S00003,UPF,edge-A,edge,310,DONE,9.20412,9.40123,197.1162039999399,197.1162039999399,121.103,7.033,68.9802039999399,0.571203999939911,68.40899999999999,0.0
S00004,UPF,edge-B,edge,328,DONE,9.20663,9.5704,363.76605500026926,363.76605500026926,321.395,2.694,39.67705500026926,0.455055000269283,39.22199999999998,0.0
S00003,UPF,edge-A,edge,311,DONE,9.21734,9.48302,265.6834679996791,265.6834679996791,130.911,79.032,55.74046799967914,0.4624679996791201,55.27800000000002,0.0
S00001,vRAN-DU,edge-A,edge,279,DONE,9.24029,9.28048,40.1928369997222,40.1928369997222,3.705,3.758,32.7298369997222,0.7108369997222042,32.019,0.0
S00004,UPF,edge-B,edge,329,DONE,9.2461,9.65884,412.7346850000322,412.7346850000322,404.731,6.019,1.9846850000321865,0.5756850000321947,1.4089999999999918,0.0
S00007,Transcoder,core-1,core,141,DONE,9.25081,9.27312,22.308212000098138,22.308212000098138,0.088,9.632,2.588212000098139,1.6412120000981378,0.947000000000001,10.0
S00004,UPF,edge-B,edge,330,DONE,9.25926,9.66757,408.31188399988605,408.31188399988605,402.224,3.733,2.354883999886056,0.7158839998860458,1.63900000000001,0.0
S00010,IoT-GW,edge-B,edge,286,DONE,9.26204,10.2553,993.2628629999272,993.2628629999272,988.789,1.12,3.3538629999271734,2.6248629999271316,0.7290000000000418,0.0
S00003,UPF,edge-A,edge,312,DONE,9.27182,9.49032,218.50051399997028,218.50051399997028,208.781,4.443,5.276513999970263,1.7035139999702835,3.572999999999979,0.0
S00005,IMS-CSCF,edge-A,edge,302,DONE,9.27559,10.17938,903.7944400001834,903.7944400001834,899.11,2.748,1.9364400001833246,0.6404400001833892,1.2959999999999354,0.0
S00009,IoT-GW,edge-A,edge,281,DONE,9.28188,10.18907,907.1903440003553,907.1903440003553,902.14,1.114,3.936344000355234,1.068344000355296,2.867999999999938,0.0
S00006,IMS-CSCF,edge-B,edge,297,DONE,9.2848,10.16104,876.241852000021,876.241852000021,809.187,3.598,63.45685200002106,0.7078520000210347,62.749000000000024,0.0
S00010,IoT-GW,edge-B,edge,287,EXPIRED,9.28816,10.35165,,,1003.63,,,,,
S00003,UPF,edge-A,edge,313,DONE,9.28828,9.4931,204.81582799993703,204.81582799993703,200.16,2.956,1.6998279999370425,0.5338279999370172,1.1660000000000252,0.0
S00001,vRAN-DU,edge-A,edge,280,DONE,9.28837,9.2939,5.52795600015088,5.52795600015088,1.045,2.806,1.6769560001508799,0.6869560001508797,0.9900000000000002,0.0
S00001,vRAN-DU,edge-A,edge,281,DONE,9.28843,9.37464,86.21001600022282,86.21001600022282,4.479,80.412,1.3190160002228168,0.6420160002228243,0.6769999999999925,0.0
S00005,IMS-CSCF,edge-A,edge,303,DONE,9.28857,10.18547,896.8950399998903,896.8950399998903,894.418,1.473,1.004039999890324,0.46303999989027034,0.5410000000000537,0.0
S00003,UPF,edge-A,edge,314,DONE,9.29412,9.49754,203.41279300009774,203.41279300009774,198.001,4.271,1.1407930000977444,0.6307930000977251,0.5100000000000193,0.0
S00008,Transcoder,core-1,core,153,DONE,9.29736,9.32094,23.578404000090813,23.578404000090813,0.097,8.767,2.7144040000908145,1.8144040000908142,0.9000000000000004,12.0
S00005,IMS-CSCF,edge-A,edge,304,DONE,9.29753,10.18777,890.2327700002388,890.2327700002388,812.1,2.152,75.98077000023875,0.6027700002388201,75.37799999999993,0.0
S00006,IMS-CSCF,edge-B,edge,298,DONE,9.30594,10.24947,943.5272740001892,943.5272740001892,899.74,2.319,41.46827400018924,0.4582740001892489,41.00999999999999,0.0
S00008,Transcoder,core-1,core,154,DONE,9.31239,9.33654,24.15115700023307,24.15115700023307,0.172,10.117,1.8621570002330685,1.1161570002330699,0.7459999999999987,12.0
S00007,Transcoder,core-1,core,142,DONE,9.31793,9.33995,22.02158899990536,22.02158899990536,0.109,8.253,3.6595889999053615,1.1725889999053614,2.487,10.0
S00003,UPF,edge-A,edge,315,DONE,9.32035,9.50288,182.52623799980938,182.52623799980938,124.804,4.364,53.358237999809376,0.7672379998093959,52.59099999999998,0.0
S00009,IoT-GW,edge-A,edge,282,DONE,9.32314,10.37863,1055.4848589999892,1055.4848589999892,998.021,7.018,50.44585899998924,0.4168589999892447,50.028999999999996,0.0
S00001,vRAN-DU,edge-A,edge,282,DONE,9.32486,9.39397,69.11066100019525,69.11066100019525,1.079,18.827,49.204661000195244,0.9326610001952531,48.27199999999999,0.0
S00005,IMS-CSCF,edge-A,edge,305,DONE,9.32898,10.27403,945.047543000328,945.047543000328,815.75,84.668,44.629543000328,0.5385430003279907,44.09100000000001,0.0
S00003,UPF,edge-A,edge,316,DONE,9.32909,9.57235,243.26635500028715,243.26635500028715,129.821,68.813,44.632355000287134,0.5823550002871514,44.04999999999998,0.0
S00001,vRAN-DU,edge-A,edge,283,DONE,9.32913,9.39797,68.83824000033201,68.83824000033201,17.116,7.237,44.485240000332006,0.6822400003320013,43.803000000000004,0.0
S00004,UPF,edge-B,edge,331,DONE,9.33241,9.74843,416.0231829996519,416.0231829996519,322.16,77.2,16.663182999651895,2.4861829996519305,14.176999999999964,0.0
S00004,UPF,edge-B,edge,332,DONE,9.33784,9.75215,414.3131060000087,414.3131060000087,402.396,1.916,10.00110600000869,0.7381060000087132,9.262999999999977,0.0
S00008,Transcoder,core-1,core,155,DONE,9.34118,9.37033,29.151578999972116,29.151578999972116,0.082,14.046,3.0235789999721163,2.0775789999721166,0.9459999999999997,12.0
S00002,vRAN-DU,edge-B,edge,265,DONE,9.34917,9.36578,16.606228000000556,16.606228000000556,3.542,11.615,1.4492280000005557,0.9172280000005557,0.532,0.0
S00005,IMS-CSCF,edge-A,edge,306,DONE,9.35462,10.37204,1017.4187860002348,1017.4187860002348,923.807,74.299,19.312786000234837,0.5597860002347943,18.753000000000043,0.0
S00003,UPF,edge-A,edge,317,DONE,9.35838,9.58167,223.29365099994902,223.29365099994902,203.126,5.027,15.140650999949031,2.0306509999490174,13.110000000000014,0.0
S00007,Transcoder,core-1,core,143,DONE,9.36091,9.38807,27.160634000210848,27.160634000210848,0.08,13.151,3.9296340002108483,2.2146340002108484,1.7149999999999999,10.0
S00001,vRAN-DU,edge-A,edge,284,DONE,9.36462,9.40155,36.93103900013739,36.93103900013739,24.852,2.549,9.53003900013739,0.5380390001373883,8.992,0.0
S00002,vRAN-DU,edge-B,edge,266,DONE,9.36702,9.38692,19.892291000360274,19.892291000360274,1.975,14.706,3.211291000360273,1.1362910003602735,2.0749999999999993,0.0
S00007,Transcoder,core-1,core,144,DONE,9.37216,9.41196,39.79900800004543,39.79900800004543,0.084,27.549,2.1660080000454336,0.933008000045433,1.2330000000000005,10.0
S00001,vRAN-DU,edge-A,edge,285,DONE,9.37465,9.47246,97.80672300030346,97.80672300030346,25.766,70.842,1.1987230003034597,0.5307230003034675,0.6679999999999922,0.0
S00005,IMS-CSCF,edge-A,edge,307,EXPIRED,9.3771,10.38416,,,1003.883,,,,,
S00002,vRAN-DU,edge-B,edge,267,DONE,9.38113,9.45677,75.63410800003112,75.63410800003112,2.103,70.732,2.7991080000311257,0.8931080000311198,1.906000000000006,0.0
S00004,UPF,edge-B,edge,333,DONE,9.38121,9.75551,374.30238800016014,374.30238800016014,369.655,2.108,2.5393880001601588,0.9483880001601506,1.5910000000000082,0.0
S00010,IoT-GW,edge-B,edge,288,DONE,9.38125,10.35523,973.9756920002947,973.9756920002947,970.84,0.812,2.3236920002946135,0.8516920002946335,1.47199999999998,0.0
S00008,Transcoder,core-1,core,156,DONE,9.3827,9.41386,31.160208000073908,31.160208000073908,0.312,15.472,3.376208000073909,2.0932080000739077,1.2830000000000013,12.0
S00008,Transcoder,core-1,core,157,DONE,9.38435,9.41501,30.66685999965557,30.66685999965557,0.073,15.755,2.83885999965557,1.905859999655572,0.932999999999998,12.0
S00004,UPF,edge-B,edge,334,DONE,9.38929,9.7629,373.60901400006696,373.60901400006696,313.838,1.954,57.81701400006693,0.4110140000669844,57.40599999999995,0.0
S00010,IoT-GW,edge-B,edge,289,DONE,9.39398,10.36977,975.7888819999607,975.7888819999607,919.086,2.623,54.07988199996066,2.7088819999606812,51.37099999999998,0.0
S00009,IoT-GW,edge-A,edge,283,EXPIRED,9.39537,10.40243,,,1005.922,,,,,
S00009,IoT-GW,edge-A,edge,284,EXPIRED,9.39663,10.40278,,,1004.836,,,,,
S00005,IMS-CSCF,edge-A,edge,308,DONE,9.40516,10.39981,994.6457860000919,994.6457860000919,918.615,6.812,69.21878600009188,0.40278600009185084,68.81600000000003,0.0
S00003,UPF,edge-A,edge,318,DONE,9.40554,9.58507,179.53114300007655,179.53114300007655,110.592,2.299,66.64014300007655,1.1201430000765527,65.52,0.0
S00006,IMS-CSCF,edge-B,edge,299,DONE,9.40885,10.25372,844.8736459999964,844.8736459999964,802.906,3.824,38.143645999996465,0.3436459999963972,37.80000000000007,0.0
S00003,UPF,edge-A,edge,319,DONE,9.40915,9.59112,181.9695649996902,181.9695649996902,114.67,4.579,62.7205649996902,0.45156499969019137,62.269000000000005,0.0
S00009,IoT-GW,edge-A,edge,285,DONE,9.4094,10.4086,999.2051240001274,999.2051240001274,935.973,0.95,62.282124000127396,0.30812400012735,61.974000000000046,0.0
S00010,IoT-GW,edge-B,edge,290,EXPIRED,9.4108,10.44777,,,1000.692,,,,,
S00006,IMS-CSCF,edge-B,edge,300,DONE,9.41108,10.2596,848.5252489999766,848.5252489999766,808.725,2.947,36.853248999976586,0.4872489999766003,36.365999999999985,0.0
S00003,UPF,edge-A,edge,320,DONE,9.4132,9.67359,260.39278200005356,260.39278200005356,119.637,81.403,59.35278200005354,0.5687820000535453,58.78399999999999,0.0
S00006,IMS-CSCF,edge-B,edge,301,DONE,9.42234,10.265,842.6584560002084,842.6584560002084,815.186,2.236,25.236456000208364,0.9424560002083808,24.293999999999983,0.0
S00009,IoT-GW,edge-A,edge,286,EXPIRED,9.42993,10.47279,,,1000.61,,,,,
S00003,UPF,edge-A,edge,321,DONE,9.4301,9.68593,255.83000400001765,255.83000400001765,207.289,6.421,42.12000400001767,0.8640040000176441,41.25600000000003,0.0
S00008,Transcoder,core-1,core,158,DONE,9.43439,9.46294,28.545281999868166,28.545281999868166,0.116,14.277,2.1522819998681673,1.021281999868167,1.1310000000000002,12.0
S00009,IoT-GW,edge-A,edge,287,EXPIRED,9.43777,10.4728,,,1000.602,,,,,
S00009,IoT-GW,edge-A,edge,288,EXPIRED,9.43791,10.47283,,,1000.597,,,,,
S00005,IMS-CSCF,edge-A,edge,309,DONE,9.44325,10.40941,966.160361999755,966.160361999755,934.633,2.884,28.643361999754916,0.6623619997549213,27.980999999999995,0.0
S00002,vRAN-DU,edge-B,edge,268,DONE,9.44867,9.45963,10.964382000111073,10.964382000111073,5.718,4.152,1.0943820001110716,0.7123820001110719,0.3819999999999997,0.0
S00002,vRAN-DU,edge-B,edge,269,DONE,9.45036,9.46476,14.397444000223913,14.397444000223913,6.06,4.952,3.385444000223913,0.3664440002239129,3.019,0.0
S00008,Transcoder,core-1,core,159,DONE,9.45296,9.48923,36.26896600007967,36.26896600007967,0.114,18.552,5.602966000079672,1.2859660000796715,4.317,12.0
S00004,UPF,edge-B,edge,335,DONE,9.45587,9.84857,392.69232499964346,392.69232499964346,305.674,85.183,1.8353249996434897,1.0993249996434429,0.7360000000000468,0.0
S00004,UPF,edge-B,edge,336,DONE,9.45596,9.85827,402.3076339999534,402.3076339999534,396.984,4.066,1.2576339999534412,0.690633999953377,0.5670000000000641,0.0
S00007,Transcoder,core-1,core,145,DONE,9.46102,9.48971,28.690186999938305,28.690186999938305,0.085,15.422,3.183186999938304,1.9491869999383056,1.2339999999999982,10.0
S00005,IMS-CSCF,edge-A,edge,310,DONE,9.46229,10.4106,948.3081020002828,948.3081020002828,937.621,1.154,9.533102000282838,0.4171020002828527,9.115999999999985,0.0
S00004,UPF,edge-B,edge,337,DONE,9.46237,9.86391,401.53792299997804,401.53792299997804,393.468,4.819,3.250922999978002,1.9769229999780578,1.273999999999944,0.0
S00010,IoT-GW,edge-B,edge,291,DONE,9.47679,10.46341,986.6228669998236,986.6228669998236,913.984,1.873,70.76586699982352,0.5278669998235728,70.23799999999994,0.0
S00001,vRAN-DU,edge-A,edge,286,DONE,9.47844,9.48969,11.249342000155593,11.249342000155593,0.934,3.504,6.8113420001555935,1.083342000155593,5.728000000000001,0.0
S00006,IMS-CSCF,edge-B,edge,302,DONE,9.4808,10.3678,886.9956090002233,886.9956090002233,813.786,1.746,71.46360900022341,2.257609000223283,69.20600000000013,0.0
S00003,UPF,edge-A,edge,322,DONE,9.48844,9.69143,202.98886899990976,202.98886899990976,196.779,4.376,1.833868999909754,0.998868999909746,0.835000000000008,0.0
S00010,IoT-GW,edge-B,edge,292,EXPIRED,9.48925,10.54975,,,1001.631,,,,,
S00002,vRAN-DU,edge-B,edge,270,DONE,9.48991,9.55866,68.75323299982483,68.75323299982483,0.918,9.812,58.023232999824835,0.5682329998248292,57.455000000000005,0.0
S00001,vRAN-DU,edge-A,edge,287,DONE,9.49579,9.50406,8.276979999664036,8.276979999664036,0.249,5.394,2.633979999664036,0.5599799996640362,2.074,0.0
S00008,Transcoder,core-1,core,160,DONE,9.49596,9.52396,27.994258000035188,27.994258000035188,0.085,11.38,4.529258000035185,1.813258000035189,2.7159999999999975,12.0
S00006,IMS-CSCF,edge-B,edge,303,DONE,9.49755,10.36782,870.2692220003883,870.2692220003883,815.631,2.748,51.890222000388235,1.075222000388294,50.81499999999994,0.0
S00009,IoT-GW,edge-A,edge,289,DONE,9.49842,10.48861,990.1932309999211,990.1932309999211,984.898,1.126,4.169230999921069,0.5172309999210256,3.6520000000000437,0.0
S00009,IoT-GW,edge-A,edge,290,EXPIRED,9.49897,10.50372,,,1001.158,,,,,
S00007,Transcoder,core-1,core,146,DONE,9.49928,9.52441,25.128335999852425,25.128335999852425,0.116,11.789,3.2233359998524254,2.4863359998524253,0.7370000000000001,10.0
S00007,Transcoder,core-1,core,147,DONE,9.50407,9.5245,20.42249800024365,20.42249800024365,0.191,8.276,1.955498000243649,1.5684980002436504,0.3869999999999987,10.0
S00006,IMS-CSCF,edge-B,edge,304,DONE,9.50636,10.44616,939.7941749998608,939.7941749998608,821.327,76.915,41.55217499986088,0.5051749998608557,41.047000000000025,0.0
S00001,vRAN-DU,edge-A,edge,288,DONE,9.50798,9.57731,69.32462799977657,69.32462799977657,0.577,4.646,64.10162799977657,0.4386279997765712,63.663,0.0
S00003,UPF,edge-A,edge,323,DONE,9.50926,9.78142,272.1561070002281,272.1561070002281,206.079,3.552,62.525107000228076,0.9161070002280667,61.60900000000001,0.0
S00010,IoT-GW,edge-B,edge,293,EXPIRED,9.51055,10.54985,,,1001.605,,,,,
S00005,IMS-CSCF,edge-A,edge,311,DONE,9.51156,10.47469,963.1252320000385,963.1252320000385,838.871,63.812,60.44223200003853,0.5032320000385653,59.938999999999965,0.0
S00001,vRAN-DU,edge-A,edge,289,DONE,9.51311,9.58052,67.40347300001304,67.40347300001304,5.515,3.182,58.706473000013034,0.35147300001302995,58.355000000000004,0.0
S00002,vRAN-DU,edge-B,edge,271,DONE,9.51736,9.55618,38.82068600023558,38.82068600023558,4.898,3.225,30.697686000235585,0.4276860002355818,30.270000000000003,0.0
S00003,UPF,edge-A,edge,324,DONE,9.51869,9.79143,272.73816400020223,272.73816400020223,212.204,6.815,53.71916400020223,0.39516400020221454,53.32400000000001,0.0
S00006,IMS-CSCF,edge-B,edge,305,DONE,9.5221,10.44902,926.9168850000824,926.9168850000824,898.507,2.786,25.62388500008251,0.4968850000824432,25.127000000000066,0.0
S00004,UPF,edge-B,edge,338,DONE,9.52344,9.94732,423.8858319999963,423.8858319999963,319.849,79.533,24.503831999996294,0.8228319999963105,23.680999999999983,0.0
S00009,IoT-GW,edge-A,edge,291,EXPIRED,9.52676,10.5728,,,1000.015,,,,,
S00001,vRAN-DU,edge-A,edge,290,DONE,9.52688,9.58586,58.97725199974957,58.97725199974957,9.219,4.791,44.96725199974957,0.5932519997495689,44.374,0.0
S00009,IoT-GW,edge-A,edge,292,EXPIRED,9.52811,10.57282,,,1000.007,,,,,
S00009,IoT-GW,edge-A,edge,293,EXPIRED,9.53142,10.57284,,,1000.003,,,,,
S00004,UPF,edge-B,edge,339,DONE,9.53281,9.95889,426.0737939998762,426.0737939998762,402.228,8.458,15.38779399987618,0.7877939998762145,14.599999999999966,0.0
S00006,IMS-CSCF,edge-B,edge,306,DONE,9.53513,10.54935,1014.2150820001916,1014.2150820001916,919.971,81.323,12.921082000191632,0.73408200019162,12.187000000000012,0.0
S00002,vRAN-DU,edge-B,edge,272,DONE,9.53953,9.56732,27.789698000106,27.789698000106,10.94,8.786,8.063698000106001,0.5476980001059992,7.516000000000002,0.0
S00008,Transcoder,core-1,core,161,DONE,9.54085,9.56693,26.07845400007136,26.07845400007136,0.083,9.38,4.6154540000713595,2.59545400007136,2.0199999999999996,12.0
S00004,UPF,edge-B,edge,340,DONE,9.54315,9.96277,419.6156620000693,419.6156620000693,410.958,3.645,5.01266200006927,0.8606620000692828,4.151999999999987,0.0
S00003,UPF,edge-A,edge,325,DONE,9.54325,9.8773,334.0461929997218,334.0461929997218,221.876,83.575,28.595192999721803,0.3721929997218467,28.222999999999956,0.0
S00001,vRAN-DU,edge-A,edge,291,DONE,9.54794,9.58859,40.65102000004117,40.65102000004117,13.447,3.388,23.81602000004117,1.8490200000411718,21.967,0.0
S00007,Transcoder,core-1,core,148,DONE,9.54934,9.57606,26.71919300018999,26.71919300018999,0.073,7.808,8.838193000189989,3.456193000189989,5.382,10.0
S00005,IMS-CSCF,edge-A,edge,312,DONE,9.55216,10.49217,940.0150880001092,940.0150880001092,918.833,1.496,19.686088000109294,0.4160880001091982,19.270000000000095,0.0
S00003,UPF,edge-A,edge,326,DONE,9.558,9.88345,325.4460299999664,325.4460299999664,306.047,5.536,13.863029999966386,1.2750299999664207,12.587999999999965,0.0
S00005,IMS-CSCF,edge-A,edge,313,DONE,9.5588,10.57889,1020.0936629998978,1020.0936629998978,920.463,86.173,13.45766299989782,0.6696629998978096,12.788000000000011,0.0
S00001,vRAN-DU,edge-A,edge,292,DONE,9.56004,9.59184,31.80655400001342,31.80655400001342,17.196,2.567,12.043554000013419,0.5235540000134193,11.52,0.0
S00002,vRAN-DU,edge-B,edge,273,DONE,9.56147,9.65227,90.80431599977601,90.80431599977601,3.207,86.285,1.3123159997760183,0.3643159997760108,0.9480000000000075,0.0
S00002,vRAN-DU,edge-B,edge,274,DONE,9.56257,9.65159,89.01692300014474,89.01692300014474,5.953,80.827,2.236923000144742,1.7889230001447487,0.4479999999999933,0.0
S00003,UPF,edge-A,edge,327,DONE,9.56855,9.89279,324.24558899992917,324.24558899992917,314.975,5.807,3.4635889999291294,0.768588999929193,2.6949999999999363,0.0
S00006,IMS-CSCF,edge-B,edge,307,DONE,9.57608,10.56281,986.7337820001012,986.7337820001012,909.39,2.329,75.01478200010126,0.6357820001012442,74.37900000000002,0.0
S00002,vRAN-DU,edge-B,edge,275,DONE,9.57955,9.66384,84.28473200001463,84.28473200001463,6.963,5.505,71.81673200001462,0.9467320000146344,70.86999999999999,0.0
S00002,vRAN-DU,edge-B,edge,276,DONE,9.58448,9.66957,85.08865000021615,85.08865000021615,11.498,7.065,66.52565000021615,0.5036500002161546,66.02199999999999,0.0
S00001,vRAN-DU,edge-A,edge,293,DONE,9.5871,9.67394,86.83900799996991,86.83900799996991,3.771,81.55,1.5180079999699103,0.6890079999699026,0.8290000000000077,0.0
S00004,UPF,edge-B,edge,341,DONE,9.58737,9.97407,386.6919639999651,386.6919639999651,318.788,3.836,64.06796399996506,0.9349639999650776,63.13299999999998,0.0
S00004,UPF,edge-B,edge,342,DONE,9.58743,10.05416,466.7232110000441,466.7232110000441,395.463,2.969,68.29121100004409,5.095211000044117,63.19599999999997,0.0
S00006,IMS-CSCF,edge-B,edge,308,DONE,9.58804,10.65136,1063.3230319999711,1063.3230319999711,998.91,1.582,62.831031999971174,1.0490319999712483,61.781999999999925,0.0
S00006,IMS-CSCF,edge-B,edge,309,EXPIRED,9.59522,10.65215,,,1000.841,,,,,
S00003,UPF,edge-A,edge,328,DONE,9.59801,9.98227,384.26035399970715,384.26035399970715,220.89,88.65,74.72035399970719,0.6943539997071753,74.02600000000001,0.0
S00001,vRAN-DU,edge-A,edge,294,DONE,9.59939,9.68652,87.12415300033172,87.12415300033172,4.334,9.586,73.20415300033171,0.5181530003317221,72.68599999999999,0.0
S00005,IMS-CSCF,edge-A,edge,314,DONE,9.6028,10.59347,990.6683879999036,990.6683879999036,914.347,6.118,70.20338799990361,0.6083879999036981,69.59499999999991,0.0
S00008,Transcoder,core-1,core,162,DONE,9.60414,9.62493,20.79276699987531,20.79276699987531,0.099,6.15,2.543766999875311,1.8217669998753117,0.7219999999999995,12.0
S00002,vRAN-DU,edge-B,edge,277,DONE,9.61681,9.67469,57.879242999661074,57.879242999661074,16.626,6.136,35.11724299966107,0.864242999661073,34.253,0.0
S00004,UPF,edge-B,edge,343,DONE,9.6192,10.06277,443.5680940000566,443.5680940000566,404.017,7.671,31.8800940000566,0.5270940000565929,31.35300000000001,0.0
S00008,Transcoder,core-1,core,163,DONE,9.62156,9.64244,20.88501800017184,20.88501800017184,0.09,6.1,2.6950180001718405,2.00701800017184,0.6880000000000006,12.0
S00009,IoT-GW,edge-A,edge,294,DONE,9.62167,10.58683,965.1577089998682,965.1577089998682,910.019,3.877,51.26170899986823,0.9367089998681877,50.325000000000045,0.0
S00001,vRAN-DU,edge-A,edge,295,DONE,9.62422,9.69585,71.62624100010362,71.62624100010362,13.515,9.04,49.07124100010362,1.5282410001036197,47.543,0.0
S00010,IoT-GW,edge-B,edge,294,DONE,9.6254,10.56207,936.663924000186,936.663924000186,909.348,1.492,25.823924000186025,0.8219240001859589,25.002000000000066,0.0
S00005,IMS-CSCF,edge-A,edge,315,DONE,9.62551,10.6732,1047.694264999791,1047.694264999791,920.879,78.649,48.16626499979088,1.9202649997910157,46.24599999999987,0.0
S00009,IoT-GW,edge-A,edge,295,DONE,9.63585,10.67511,1039.2660829998022,1039.2660829998022,999.936,2.462,36.86808299980214,0.472082999802069,36.39600000000007,0.0
S00008,Transcoder,core-1,core,164,DONE,9.63718,9.66508,27.897411000139982,27.897411000139982,0.084,12.394,3.4194110001399824,1.9114110001399816,1.508000000000001,12.0
S00007,Transcoder,core-1,core,149,DONE,9.63846,9.66464,26.18364099998871,26.18364099998871,0.119,14.475,1.5896409999887116,0.9546409999887118,0.6349999999999998,10.0
S00004,UPF,edge-B,edge,344,DONE,9.6386,10.06759,428.98484900024414,428.98484900024414,411.822,4.557,12.60584900024412,0.5218490002441172,12.084000000000003,0.0
S00006,IMS-CSCF,edge-B,edge,310,EXPIRED,9.64199,10.65216,,,1000.815,,,,,
S00010,IoT-GW,edge-B,edge,295,EXPIRED,9.64573,10.6522,,,1000.811,,,,,
S00004,UPF,edge-B,edge,345,DONE,9.65009,10.07035,420.26197800032605,420.26197800032605,416.213,2.574,1.4749780003260184,0.5759780003260744,0.8989999999999441,0.0
S00005,IMS-CSCF,edge-A,edge,316,EXPIRED,9.65129,10.67321,,,1000.002,,,,,
S00003,UPF,edge-A,edge,329,DONE,9.65817,9.9906,332.42839600006846,332.42839600006846,311.336,2.835,18.257396000068468,0.4533960000684374,17.80400000000003,0.0
S00003,UPF,edge-A,edge,330,DONE,9.66744,9.99067,323.2339870000942,323.2339870000942,314.352,2.019,6.862987000094222,0.6709870000942146,6.192000000000007,0.0
S00009,IoT-GW,edge-A,edge,296,EXPIRED,9.66766,10.67403,,,1001.472,,,,,
S00006,IMS-CSCF,edge-B,edge,311,DONE,9.66893,10.65862,989.6901010001784,989.6901010001784,987.645,1.261,0.7841010001784525,0.3791010001783661,0.4050000000000864,0.0
S00009,IoT-GW,edge-A,edge,297,EXPIRED,9.6736,10.67811,,,1002.591,,,,,
S00010,IoT-GW,edge-B,edge,296,DONE,9.67376,10.65978,986.0220730001856,986.0220730001856,984.05,0.952,1.0200730001856755,0.5930730001856546,0.4270000000000209,0.0
S00001,vRAN-DU,edge-A,edge,296,DONE,9.675,9.77341,98.40922999956092,98.40922999956092,14.334,82.072,2.003229999560915,1.5622299995609268,0.4409999999999883,0.0
S00009,IoT-GW,edge-A,edge,298,EXPIRED,9.6789,10.68224,,,1000.594,,,,,
S00010,IoT-GW,edge-B,edge,297,DONE,9.68017,10.66567,985.4997219999859,985.4997219999859,982.392,1.029,2.0787219999858735,1.3727219999859699,0.7059999999999036,0.0
S00002,vRAN-DU,edge-B,edge,278,DONE,9.68167,9.7532,71.53139799993369,71.53139799993369,65.704,4.802,1.0253979999336877,0.5353979999336929,0.4899999999999949,0.0
S00001,vRAN-DU,edge-A,edge,297,DONE,9.68778,9.78395,96.16756999957943,96.16756999957943,84.498,10.47,1.199569999579424,0.6715699995794324,0.5279999999999916,0.0
S00008,Transcoder,core-1,core,165,DONE,9.69482,9.71727,22.45029899995643,22.45029899995643,0.085,6.339,4.026298999956431,3.2292989999564305,0.7969999999999997,12.0
S00006,IMS-CSCF,edge-B,edge,312,DONE,9.69495,10.66154,966.5917099996477,966.5917099996477,963.227,1.148,2.216709999647719,1.3727099996476682,0.8440000000000509,0.0
S00002,vRAN-DU,edge-B,edge,279,DONE,9.69586,9.75651,60.650786999758566,60.650786999758566,55.094,4.467,1.0897869997585659,0.6607869997585638,0.42900000000000205,0.0
S00010,IoT-GW,edge-B,edge,298,EXPIRED,9.70021,10.75102,,,1046.276,,,,,
S00005,IMS-CSCF,edge-A,edge,317,DONE,9.71065,10.68953,978.8765529997363,978.8765529997363,972.155,2.27,4.45155299973635,0.614552999736361,3.836999999999989,0.0
S00002,vRAN-DU,edge-B,edge,280,DONE,9.71297,9.76022,47.25363399984417,47.25363399984417,43.347,2.965,0.9416339998441714,0.4336339998441687,0.5080000000000027,0.0
S00001,vRAN-DU,edge-A,edge,298,DONE,9.71312,9.79111,77.99322700020639,77.99322700020639,68.695,7.504,1.7942270002063907,0.4982270002063842,1.2960000000000065,0.0
S00002,vRAN-DU,edge-B,edge,281,DONE,9.71657,9.76108,44.50736299986602,44.50736299986602,10.441,2.705,31.361362999866017,0.7023629998660184,30.659,0.0
S00009,IoT-GW,edge-A,edge,299,EXPIRED,9.71699,10.7748,,,1001.056,,,,,
S00009,IoT-GW,edge-A,edge,300,EXPIRED,9.72063,10.7749,,,1001.042,,,,,
S00009,IoT-GW,edge-A,edge,301,EXPIRED,9.72208,10.77538,,,1001.036,,,,,
S00005,IMS-CSCF,edge-A,edge,318,EXPIRED,9.72444,10.77468,,,1001.032,,,,,
S00010,IoT-GW,edge-B,edge,299,EXPIRED,9.73193,10.75103,,,1000.35,,,,,
S00003,UPF,edge-A,edge,331,DONE,9.73639,10.07661,340.22509899978104,340.22509899978104,221.72,82.171,36.33409899978102,1.5700989997810666,34.76399999999995,0.0
S00006,IMS-CSCF,edge-B,edge,313,DONE,9.73785,10.66415,926.3037829996392,926.3037829996392,913.287,2.66,10.356782999639222,0.6457829996392093,9.711000000000013,0.0
S00006,IMS-CSCF,edge-B,edge,314,DONE,9.73801,10.66815,930.1335509999262,930.1335509999262,917.32,2.765,10.048550999926192,0.5075509999262522,9.54099999999994,0.0
S00010,IoT-GW,edge-B,edge,300,EXPIRED,9.74132,10.75105,,,1000.329,,,,,
S00009,IoT-GW,edge-A,edge,302,EXPIRED,9.74145,10.77543,,,1001.023,,,,,
S00010,IoT-GW,edge-B,edge,301,EXPIRED,9.74381,10.75106,,,1000.323,,,,,
S00006,IMS-CSCF,edge-B,edge,315,DONE,9.74617,10.7519,1005.7283710002594,1005.7283710002594,919.984,83.233,2.5113710002592597,0.634371000259307,1.8769999999999527,0.0
S00006,IMS-CSCF,edge-B,edge,316,EXPIRED,9.74846,10.75256,,,1002.106,,,,,
S00002,vRAN-DU,edge-B,edge,282,DONE,9.75186,9.76441,12.549469999612484,12.549469999612484,8.782,2.857,0.9104699996124843,0.4274699996124838,0.48300000000000054,0.0
S00006,IMS-CSCF,edge-B,edge,317,EXPIRED,9.75201,10.75578,,,1001.81,,,,,
S00003,UPF,edge-A,edge,332,DONE,9.75727,10.09339,336.1217659999056,336.1217659999056,304.58,16.404,15.137765999905639,0.8857659999056295,14.25200000000001,0.0
S00009,IoT-GW,edge-A,edge,303,EXPIRED,9.76442,10.77588,,,1001.015,,,,,
S00004,UPF,edge-B,edge,346,DONE,9.76987,10.14848,378.6144579999018,378.6144579999018,226.763,72.408,79.4434579999018,0.8634579999018115,78.57999999999998,0.0
S00006,IMS-CSCF,edge-B,edge,318,DONE,9.77343,10.85009,1076.6559310000048,1076.6559310000048,999.559,2.226,74.87093100000482,1.1539310000048317,73.71699999999998,0.0
S00004,UPF,edge-B,edge,347,DONE,9.77608,10.1552,379.1229920002479,379.1229920002479,299.994,7.163,71.96599200024787,1.2929920002479207,70.67299999999994,0.0
S00009,IoT-GW,edge-A,edge,304,DONE,9.78066,10.78254,1001.885379000214,1001.885379000214,997.566,1.077,3.2423790002139867,0.7163790002140331,2.5259999999999536,0.0
S00004,UPF,edge-B,edge,348,DONE,9.78239,10.15717,374.78655800032357,374.78655800032357,307.438,1.954,65.39455800032357,0.5175580003235609,64.87700000000001,0.0
S00010,IoT-GW,edge-B,edge,302,DONE,9.79361,10.75939,965.7749230000263,965.7749230000263,905.393,5.872,54.50992300002633,1.5149230000263287,52.995000000000005,0.0
S00002,vRAN-DU,edge-B,edge,283,DONE,9.79377,9.8552,61.4302859999043,61.4302859999043,2.636,4.886,53.9082859999043,1.043285999904299,52.865,0.0
S00008,Transcoder,core-1,core,166,DONE,9.79608,9.82231,26.230255999962537,26.230255999962537,0.093,11.54,2.597255999962538,1.6822559999625373,0.9150000000000009,12.0
S00005,IMS-CSCF,edge-A,edge,319,DONE,9.79737,10.78219,984.8247790000642,984.8247790000642,906.303,2.607,75.91477900006419,1.4367790000641207,74.47800000000007,0.0
S00010,IoT-GW,edge-B,edge,303,EXPIRED,9.80365,10.85007,,,1000.983,,,,,
S00003,UPF,edge-A,edge,333,DONE,9.80702,10.10191,294.8880280000594,294.8880280000594,221.444,7.153,66.29102800005944,1.3960280000594025,64.89500000000004,0.0
S00004,UPF,edge-B,edge,349,DONE,9.80834,10.16058,352.23886199992194,352.23886199992194,310.062,2.887,39.289861999921925,0.8748619999219613,38.414999999999964,0.0
S00009,IoT-GW,edge-A,edge,305,EXPIRED,9.80842,10.87412,,,1001.689,,,,,
S00001,vRAN-DU,edge-A,edge,299,DONE,9.81884,9.87817,59.33156799983408,59.33156799983408,0.847,5.029,53.45556799983408,0.6735679998340771,52.782000000000004,0.0
S00009,IoT-GW,edge-A,edge,306,EXPIRED,9.81897,10.87576,,,1001.66,,,,,
S00002,vRAN-DU,edge-B,edge,284,DONE,9.81902,9.86533,46.309164999911445,46.309164999911445,7.869,10.238,28.202164999911446,0.48116499991144224,27.721000000000004,0.0
S00006,IMS-CSCF,edge-B,edge,319,EXPIRED,9.82141,10.85003,,,1000.962,,,,,
S00006,IMS-CSCF,edge-B,edge,320,EXPIRED,9.8216,10.85004,,,1000.956,,,,,
S00008,Transcoder,core-1,core,167,DONE,9.82455,9.84573,21.184524000091187,21.184524000091187,0.117,6.48,2.587524000091186,1.529524000091186,1.0579999999999998,12.0
S00009,IoT-GW,edge-A,edge,307,EXPIRED,9.82592,10.87578,,,1001.653,,,,,
S00001,vRAN-DU,edge-A,edge,300,DONE,9.82602,9.88772,61.70261900024343,61.70261900024343,6.052,9.325,46.325619000243435,0.8446190002434335,45.480999999999995,0.0
S00008,Transcoder,core-1,core,168,DONE,9.83137,9.85368,22.309324000161723,22.309324000161723,0.103,6.366,3.840324000161724,2.3443240001617234,1.4960000000000004,12.0
S00005,IMS-CSCF,edge-A,edge,320,DONE,9.83774,10.88647,1048.733380000158,1048.733380000158,924.954,83.181,40.59838000015793,0.549380000157953,40.04899999999998,0.0
S00006,IMS-CSCF,edge-B,edge,321,EXPIRED,9.83942,10.85006,,,1000.949,,,,,
S00010,IoT-GW,edge-B,edge,304,EXPIRED,9.84185,10.85008,,,1000.942,,,,,
S00009,IoT-GW,edge-A,edge,308,EXPIRED,9.84315,10.87585,,,1001.633,,,,,
S00009,IoT-GW,edge-A,edge,309,EXPIRED,9.84546,10.87586,,,1001.625,,,,,
S00007,Transcoder,core-1,core,150,DONE,9.85019,9.87014,19.947119999869756,19.947119999869756,0.083,7.742,2.1221199998697564,1.472119999869756,0.6499999999999995,10.0
S00006,IMS-CSCF,edge-B,edge,322,EXPIRED,9.85318,10.85958,,,1004.681,,,,,
S00010,IoT-GW,edge-B,edge,305,EXPIRED,9.85325,10.8607,,,1004.667,,,,,
S00006,IMS-CSCF,edge-B,edge,323,EXPIRED,9.8549,10.86062,,,1003.731,,,,,
S00003,UPF,edge-A,edge,334,DONE,9.87319,10.10396,230.77110499980336,230.77110499980336,223.629,2.716,4.426104999803357,1.2411049998033548,3.1850000000000023,0.0
S00002,vRAN-DU,edge-B,edge,285,DONE,9.8733,9.95252,79.21803399995042,79.21803399995042,3.108,3.047,73.06303399995042,1.9730339999504167,71.09,0.0
S00004,UPF,edge-B,edge,350,DONE,9.87343,10.16487,291.4375190002829,291.4375190002829,214.263,4.21,72.9645190002829,1.8805190002829022,71.084,0.0
S00002,vRAN-DU,edge-B,edge,286,DONE,9.87465,9.97178,97.12751600000047,97.12751600000047,6.59,16.399,74.13851600000046,2.1415160000004647,71.997,0.0
S00004,UPF,edge-B,edge,351,DONE,9.87478,10.24772,372.94392600006177,372.94392600006177,218.86,82.134,71.94992600006174,0.738926000061781,71.21099999999996,0.0
S00001,vRAN-DU,edge-A,edge,301,DONE,9.87604,9.9776,101.56213600021147,101.56213600021147,10.521,89.04,2.00113600021146,0.819136000211472,1.181999999999988,0.0
S00009,IoT-GW,edge-A,edge,310,EXPIRED,9.87938,10.8869,,,1000.29,,,,,
S00003,UPF,edge-A,edge,335,DONE,9.8841,10.17402,289.9195489999329,289.9195489999329,218.764,69.603,1.552548999932867,0.5815489999328634,0.9710000000000036,0.0
S00005,IMS-CSCF,edge-A,edge,321,DONE,9.88773,10.88755,999.8191129998304,999.8191129998304,998.001,1.046,0.7721129998303695,0.3871129998303786,0.3849999999999909,0.0
S00006,IMS-CSCF,edge-B,edge,324,EXPIRED,9.89508,10.94788,,,1000.424,,,,,
S00009,IoT-GW,edge-A,edge,311,DONE,9.90193,10.88995,988.0256209999061,988.0256209999061,984.766,1.611,1.648620999906143,0.7986209999061202,0.8500000000000227,0.0
S00005,IMS-CSCF,edge-A,edge,322,EXPIRED,9.90326,10.97283,,,1068.241,,,,,
S00003,UPF,edge-A,edge,336,DONE,9.90884,10.17728,268.43174599980557,268.43174599980557,200.574,1.989,65.86874599980555,1.0347459998055797,64.83399999999997,0.0
S00001,vRAN-DU,edge-A,edge,302,DONE,9.91276,9.98234,69.57955100006075,69.57955100006075,4.036,4.261,61.28255100006075,0.4665510000607469,60.816,0.0
S00003,UPF,edge-A,edge,337,DONE,9.9141,10.18195,267.8471190001801,267.8471190001801,205.826,2.179,59.842119000180105,0.5561190001801037,59.286,0.0
S00001,vRAN-DU,edge-A,edge,303,DONE,9.92457,10.07723,152.6659349997317,152.6659349997317,10.797,91.661,50.20793499973169,1.0159349997316838,49.19200000000001,0.0
S00006,IMS-CSCF,edge-B,edge,325,EXPIRED,9.92478,10.9479,,,1000.416,,,,,
S00009,IoT-GW,edge-A,edge,312,EXPIRED,9.92686,10.9816,,,1006.819,,,,,
S00005,IMS-CSCF,edge-A,edge,323,DONE,9.92821,10.98424,1056.037531000129,1056.037531000129,1006.722,3.763,45.55253100012908,0.4855310001291855,45.066999999999894,0.0
S00002,vRAN-DU,edge-B,edge,287,DONE,9.92832,9.97179,43.47376800023994,43.47376800023994,16.84,6.146,20.487768000239942,1.7247680002399406,18.763,0.0
S00008,Transcoder,core-1,core,169,DONE,9.94408,9.97176,27.674780000324972,27.674780000324972,0.09,8.581,7.003780000324973,5.258780000324972,1.745000000000001,12.0
S00003,UPF,edge-A,edge,338,DONE,9.94733,10.18507,237.73759300001984,237.73759300001984,208.156,1.92,27.66159300001985,1.3755930000198475,26.286,0.0
S00003,UPF,edge-A,edge,339,DONE,9.94743,10.18685,239.41861100001915,239.41861100001915,210.453,2.449,26.51661100001914,0.7566110000191486,25.75999999999999,0.0
S00003,UPF,edge-A,edge,340,DONE,9.94819,10.18926,241.0715370001526,241.0715370001526,213.013,2.335,25.72353700015259,0.31553700015260233,25.407999999999987,0.0
S00010,IoT-GW,edge-B,edge,306,EXPIRED,9.95594,10.96219,,,1000.572,,,,,
S00008,Transcoder,core-1,core,170,DONE,9.95891,9.99031,31.399640000017826,31.399640000017826,0.088,12.544,6.767640000017828,5.694640000017827,1.0730000000000004,12.0
S00003,UPF,edge-A,edge,341,DONE,9.9601,10.27247,312.36376399965593,312.36376399965593,215.539,82.368,14.456763999655948,0.5117639996559546,13.944999999999993,0.0
S00009,IoT-GW,edge-A,edge,313,EXPIRED,9.9721,10.98161,,,1006.795,,,,,
S00001,vRAN-DU,edge-A,edge,304,DONE,9.9758,9.992,16.205597999942256,16.205597999942256,11.306,2.753,2.146597999942257,0.6995979999422559,1.447000000000001,0.0
S00003,UPF,edge-A,edge,342,DONE,9.97761,10.27637,298.7629070003095,298.7629070003095,291.064,2.95,4.748907000309487,0.5889070003095185,4.159999999999968,0.0
S00007,Transcoder,core-1,core,151,DONE,9.97783,10.00213,24.301813999954902,24.301813999954902,0.083,10.522,3.6968139999549017,3.1628139999549028,0.5339999999999989,10.0
S00006,IMS-CSCF,edge-B,edge,326,EXPIRED,9.97907,11.04847,,,1000.834,,,,,
S00008,Transcoder,core-1,core,171,DONE,9.9849,10.01455,29.64923799981989,29.64923799981989,0.497,10.396,6.756237999819888,6.000237999819888,0.7559999999999985,12.0
S00008,Transcoder,core-1,core,172,DONE,9.9882,10.01329,25.08622400000604,25.08622400000604,0.573,8.028,4.485224000006042,3.7772240000060417,0.7079999999999984,12.0
S00002,vRAN-DU,edge-B,edge,288,DONE,9.99687,10.0599,63.03158299988354,63.03158299988354,2.917,9.908,50.20658299988354,1.054582999883543,49.152,0.0
S00003,UPF,edge-A,edge,343,DONE,9.99702,10.28054,283.52630700010195,283.52630700010195,200.189,3.681,79.65630700010195,0.37230700010195505,79.28399999999999,0.0
S00005,IMS-CSCF,edge-A,edge,324,DONE,10.00215,10.99605,993.8979680000557,993.8979680000557,917.689,1.585,74.6239680000557,0.4669680000556582,74.15700000000004,0.0
S00007,Transcoder,core-1,core,152,DONE,10.00231,10.02422,21.91392199983966,21.91392199983966,0.064,9.199,2.6509219998396585,2.122921999839658,0.5280000000000005,10.0
S00008,Transcoder,core-1,core,173,DONE,10.00237,10.02735,24.981149000268488,24.981149000268488,0.062,9.827,3.0921490002684884,2.032149000268488,1.0600000000000005,12.0
S00002,vRAN-DU,edge-B,edge,289,DONE,10.00558,10.06695,61.375382999813155,61.375382999813155,14.851,3.91,42.61438299981315,1.9643829998131537,40.65,0.0
S00002,vRAN-DU,edge-B,edge,290,DONE,10.00683,10.06957,62.73521399998572,62.73521399998572,18.929,3.941,39.86521399998572,0.844213999985719,39.021,0.0
S00003,UPF,edge-A,edge,344,DONE,10.00703,10.29803,291.006434999872,291.006434999872,210.758,9.404,70.84443499987199,0.9804349998719886,69.864,0.0
S00009,IoT-GW,edge-A,edge,314,DONE,10.00711,10.99729,990.1814250001735,990.1814250001735,919.468,0.944,69.76942500017356,0.6444250001734417,69.12500000000011,0.0
S00004,UPF,edge-B,edge,352,DONE,10.00935,10.25226,242.90433100031805,242.90433100031805,200.914,4.732,37.258331000318066,0.4243310003180625,36.834,0.0
S00009,IoT-GW,edge-A,edge,315,EXPIRED,10.01583,11.07879,,,1000.703,,,,,
S00003,UPF,edge-A,edge,345,DONE,10.02329,10.38548,362.19398599996566,362.19398599996566,295.417,12.875,53.90198599996569,1.2819859999656842,52.620000000000005,0.0
S00008,Transcoder,core-1,core,174,DONE,10.02345,10.04577,22.316641000088566,22.316641000088566,0.095,7.213,3.0086410000885664,2.3276410000885654,0.681,12.0
S00005,IMS-CSCF,edge-A,edge,325,DONE,10.02354,11.07216,1048.615422000239,1048.615422000239,926.53,68.191,53.89442200023905,0.8724220002391121,53.021999999999935,0.0
S00003,UPF,edge-A,edge,346,DONE,10.02364,10.3896,365.9587260003718,365.9587260003718,308.455,4.467,53.03672600037186,0.7737260003718234,52.263000000000034,0.0
S00010,IoT-GW,edge-B,edge,307,EXPIRED,10.03163,11.04853,,,1000.794,,,,,
S00006,IMS-CSCF,edge-B,edge,327,EXPIRED,10.03185,11.04848,,,1000.79,,,,,
S00006,IMS-CSCF,edge-B,edge,328,EXPIRED,10.0373,11.04853,,,1000.786,,,,,
S00007,Transcoder,core-1,core,153,DONE,10.03889,10.06217,23.279108999759046,23.279108999759046,0.498,9.621,3.1601089997590464,2.026108999759046,1.1340000000000003,10.0
S00009,IoT-GW,edge-A,edge,316,EXPIRED,10.04245,11.07901,,,1000.688,,,,,
S00005,IMS-CSCF,edge-A,edge,326,EXPIRED,10.04413,11.07742,,,1000.684,,,,,
S00003,UPF,edge-A,edge,347,DONE,10.04433,10.40336,359.031135999885,359.031135999885,319.719,6.979,32.33313599988503,1.0221359998849948,31.311000000000035,0.0
S00005,IMS-CSCF,edge-A,edge,327,EXPIRED,10.05417,11.07785,,,1000.676,,,,,
S00005,IMS-CSCF,edge-A,edge,328,EXPIRED,10.0575,11.07834,,,1000.672,,,,,
S00009,IoT-GW,edge-A,edge,317,EXPIRED,10.05805,11.0793,,,1000.668,,,,,
S00003,UPF,edge-A,edge,348,DONE,10.05946,10.4059,346.4439209997181,346.4439209997181,327.096,2.028,17.31992099971808,0.37892099971810467,16.940999999999974,0.0
S00004,UPF,edge-B,edge,353,DONE,10.06112,10.25984,198.71109799987607,198.71109799987607,190.596,5.989,2.126097999876066,0.7620979998760617,1.3640000000000043,0.0
S00008,Transcoder,core-1,core,175,DONE,10.0612,10.09443,33.22989900016182,33.22989900016182,0.091,15.163,5.975899000161824,4.239899000161824,1.7359999999999989,12.0
S00005,IMS-CSCF,edge-A,edge,329,EXPIRED,10.06696,11.07848,,,1000.662,,,,,
S00010,IoT-GW,edge-B,edge,308,DONE,10.07151,11.05336,981.8440550002379,981.8440550002379,972.315,2.245,7.2840550002377995,5.970055000237835,1.3139999999999645,0.0
S00005,IMS-CSCF,edge-A,edge,330,EXPIRED,10.07396,11.0786,,,1000.658,,,,,
S00001,vRAN-DU,edge-A,edge,305,DONE,10.07491,10.08765,12.739950000195677,12.739950000195677,4.784,5.338,2.617950000195677,1.032950000195676,1.5850000000000009,0.0
S00004,UPF,edge-B,edge,354,DONE,10.07871,10.26501,186.30814500011184,186.30814500011184,112.258,5.239,68.81114500011184,1.2921450001118444,67.51899999999999,0.0
S00008,Transcoder,core-1,core,176,DONE,10.08141,10.10718,25.766294000277412,25.766294000277412,0.067,11.082,2.617294000277411,1.867294000277413,0.7499999999999982,12.0
S00005,IMS-CSCF,edge-A,edge,331,DONE,10.0856,11.08276,997.1600830003808,997.1600830003808,993.907,1.302,1.9510830003807769,0.8830830003807932,1.0679999999999836,0.0
S00006,IMS-CSCF,edge-B,edge,329,DONE,10.08766,11.05266,965.0038939998922,965.0038939998922,900.721,4.778,59.50489399989215,0.702893999892126,58.80200000000002,0.0
S00001,vRAN-DU,edge-A,edge,306,DONE,10.08905,10.10193,12.87341400029618,12.87341400029618,3.514,6.672,2.6874140002961795,1.6524140002961794,1.0350000000000001,0.0
S00004,UPF,edge-B,edge,355,DONE,10.09034,10.27062,180.27556100014408,180.27556100014408,117.782,3.263,59.23056100014408,4.177561000144067,55.05300000000001,0.0
S00009,IoT-GW,edge-A,edge,318,DONE,10.0934,11.08406,990.6583930001034,990.6583930001034,987.838,0.957,1.8633930001034287,0.9153930001033359,0.9480000000000928,0.0
S00010,IoT-GW,edge-B,edge,309,DONE,10.09347,11.14772,1054.2503179999585,1054.2503179999585,921.846,78.055,54.34931799995843,0.9813179999584918,53.36799999999994,0.0
S00001,vRAN-DU,edge-A,edge,307,DONE,10.09573,10.174,78.2688480003344,78.2688480003344,1.113,71.992,5.163848000334397,2.8628480003343952,2.301000000000002,0.0
S00006,IMS-CSCF,edge-B,edge,330,DONE,10.09594,11.06228,966.3410469997871,966.3410469997871,913.57,1.692,51.07904699978701,0.3950469997870414,50.68399999999997,0.0
S00008,Transcoder,core-1,core,177,DONE,10.10031,10.12241,22.100312000020494,22.100312000020494,0.086,6.269,3.745312000020494,2.990312000020495,0.7549999999999999,12.0
S00004,UPF,edge-B,edge,356,DONE,10.10149,10.35172,250.22227799991015,250.22227799991015,121.333,82.754,46.13527799991016,1.2762779999101497,44.85900000000001,0.0
S00005,IMS-CSCF,edge-A,edge,332,DONE,10.10193,11.0954,993.4686320002584,993.4686320002584,990.985,1.126,1.357632000258377,0.5256320002583834,0.8319999999999936,0.0
S00004,UPF,edge-B,edge,357,DONE,10.10719,10.35482,247.63362099974984,247.63362099974984,204.493,2.652,40.488620999749855,0.8156209997498252,39.67300000000003,0.0
S00002,vRAN-DU,edge-B,edge,291,DONE,10.10958,10.15553,45.948458000111714,45.948458000111714,3.64,3.633,38.67545800011172,0.5024580001117158,38.173,0.0
S00005,IMS-CSCF,edge-A,edge,333,DONE,10.11199,11.09826,986.2750879997293,986.2750879997293,980.862,3.094,2.319087999729277,0.4440879997292768,1.875,0.0
S00004,UPF,edge-B,edge,358,DONE,10.11244,10.35935,246.9079329998749,246.9079329998749,208.303,3.709,34.8959329998749,0.5069329998748913,34.38900000000001,0.0
S00009,IoT-GW,edge-A,edge,319,DONE,10.11602,11.09944,983.420475999992,983.420475999992,980.621,1.613,1.1864759999920125,0.445475999992027,0.7409999999999854,0.0
S00001,vRAN-DU,edge-A,edge,308,DONE,10.12383,10.17936,55.52939499966669,55.52939499966669,48.505,4.891,2.1333949996666917,0.8323949996666897,1.301000000000002,0.0
S00005,IMS-CSCF,edge-A,edge,334,DONE,10.12397,11.17339,1049.4122230002176,1049.4122230002176,974.051,73.601,1.760223000217593,0.7632230002177494,0.9969999999998436,0.0
S00004,UPF,edge-B,edge,359,DONE,10.12403,10.36126,237.2333560001607,237.2333560001607,212.238,1.806,23.1893560001607,0.868356000160702,22.320999999999998,0.0
S00004,UPF,edge-B,edge,360,DONE,10.13045,10.36781,237.36275500004922,237.36275500004922,215.402,2.366,19.59475500004922,1.1647550000492117,18.430000000000007,0.0
S00007,Transcoder,core-1,core,154,DONE,10.13232,10.15331,20.992699000089488,20.992699000089488,0.095,7.107,3.7906990000894876,2.9446990000894875,0.8460000000000001,10.0
S00010,IoT-GW,edge-B,edge,310,EXPIRED,10.1347,11.14777,,,1000.005,,,,,
S00003,UPF,edge-A,edge,349,DONE,10.13618,10.47277,336.59502900036387,336.59502900036387,271.293,63.294,2.0080290003638765,1.023029000363863,0.9850000000000136,0.0
S00006,IMS-CSCF,edge-B,edge,331,DONE,10.14665,11.0701,923.4509689999868,923.4509689999868,918.413,1.045,3.9929689999868287,1.6179689999868287,2.375,0.0
S00003,UPF,edge-A,edge,350,DONE,10.14681,10.47791,331.10125099983634,331.10125099983634,324.805,2.83,3.4662509998363475,1.367250999836358,2.0989999999999895,0.0
S00006,IMS-CSCF,edge-B,edge,332,DONE,10.14687,11.15394,1007.0679380000911,1007.0679380000911,998.461,4.448,4.158938000091098,2.690938000091137,1.467999999999961,0.0
S00004,UPF,edge-B,edge,361,DONE,10.15455,10.36857,214.02043399984905,214.02043399984905,207.612,2.784,3.6244339998490602,1.5844339998490398,2.0400000000000205,0.0
S00003,UPF,edge-A,edge,351,DONE,10.15465,10.48215,327.49983100029567,327.49983100029567,322.185,3.551,1.7638310002956814,0.39683100029566276,1.3670000000000186,0.0
S00009,IoT-GW,edge-A,edge,320,DONE,10.15718,11.17833,1021.1533030001192,1021.1533030001192,926.613,78.695,15.845303000119202,0.5123030001192319,15.33299999999997,0.0
S00002,vRAN-DU,edge-B,edge,292,DONE,10.16112,10.24766,86.54549700031566,86.54549700031566,1.307,81.656,3.582497000315655,0.4714970003156651,3.11099999999999,0.0
S00009,IoT-GW,edge-A,edge,321,EXPIRED,10.16385,11.17396,,,1000.186,,,,,
S00009,IoT-GW,edge-A,edge,322,EXPIRED,10.16437,11.17397,,,1000.132,,,,,
S00010,IoT-GW,edge-B,edge,311,DONE,10.16812,11.16255,994.4299509998018,994.4299509998018,913.438,1.647,79.34495099980177,0.5979509998018102,78.74699999999996,0.0
S00009,IoT-GW,edge-A,edge,323,EXPIRED,10.17626,11.17835,,,1000.801,,,,,
S00003,UPF,edge-A,edge,352,DONE,10.18686,10.48716,300.29886900001657,300.29886900001657,295.277,4.274,0.7478690000165784,0.35286900001653976,0.39500000000003865,0.0
S00005,IMS-CSCF,edge-A,edge,335,DONE,10.19755,11.17596,978.4170119996816,978.4170119996816,900.509,1.995,75.91301199968154,0.8710119996815138,75.04200000000003,0.0
S00001,vRAN-DU,edge-A,edge,309,DONE,10.20504,10.28784,82.79600300011225,82.79600300011225,1.207,12.715,68.87400300011225,0.6840030001122557,68.19,0.0
S00005,IMS-CSCF,edge-A,edge,336,DONE,10.21054,11.18009,969.5459119998304,969.5459119998304,905.598,1.162,62.78591199983043,0.5319119998304132,62.25400000000002,0.0
S00009,IoT-GW,edge-A,edge,324,DONE,10.21078,11.27284,1062.060766000286,1062.060766000286,918.42,79.739,63.9017660002861,0.6567660002860976,63.245000000000005,0.0
S00004,UPF,edge-B,edge,362,DONE,10.21524,10.449,233.76547199995912,233.76547199995912,120.467,80.954,32.344471999959126,0.654471999959128,31.689999999999998,0.0
S00009,IoT-GW,edge-A,edge,325,EXPIRED,10.21675,11.27583,,,1000.939,,,,,
S00004,UPF,edge-B,edge,363,DONE,10.21817,10.45201,233.8376830002744,233.8376830002744,202.766,1.88,29.191683000274423,0.44068300027441865,28.751000000000005,0.0
S00003,UPF,edge-A,edge,353,DONE,10.22565,10.49116,265.50828400013415,265.50828400013415,215.363,2.474,47.671284000134165,0.9762840001341715,46.69499999999999,0.0
S00005,IMS-CSCF,edge-A,edge,337,DONE,10.22599,11.19177,965.7886280001549,965.7886280001549,916.394,1.847,47.54762800015487,1.088628000154813,46.45900000000006,0.0
S00005,IMS-CSCF,edge-A,edge,338,EXPIRED,10.23036,11.27578,,,1000.92,,,,,
S00007,Transcoder,core-1,core,155,DONE,10.23408,10.25727,23.1839719999698,23.1839719999698,0.094,11.202,1.8879719999697997,1.167971999969799,0.7200000000000006,10.0
S00006,IMS-CSCF,edge-B,edge,333,DONE,10.23564,11.1617,926.0612589996526,926.0612589996526,905.208,8.023,12.830258999652642,1.083258999652685,11.746999999999957,0.0
S00006,IMS-CSCF,edge-B,edge,334,DONE,10.2382,11.16568,927.4822239999594,927.4822239999594,915.612,2.614,9.256223999959388,0.6202239999594212,8.635999999999967,0.0
S00005,IMS-CSCF,edge-A,edge,339,EXPIRED,10.2408,11.27579,,,1000.913,,,,,
S00004,UPF,edge-B,edge,364,DONE,10.24093,10.45641,215.4803600001287,215.4803600001287,206.143,2.793,6.544360000128705,0.9733600001287073,5.570999999999998,0.0
S00003,UPF,edge-A,edge,354,DONE,10.24119,10.49352,252.32497299975876,252.32497299975876,218.111,2.015,32.19897299975878,0.501972999758749,31.69700000000003,0.0
S00005,IMS-CSCF,edge-A,edge,340,EXPIRED,10.24347,11.27582,,,1000.902,,,,,
S00003,UPF,edge-A,edge,355,DONE,10.25728,10.5776,320.32589599975836,320.32589599975836,220.429,82.71,17.18689599975835,1.5568959997583534,15.629999999999995,0.0
S00002,vRAN-DU,edge-B,edge,293,DONE,10.25961,10.3517,92.08740400026727,92.08740400026727,1.978,86.431,3.678404000267278,0.7894040002672682,2.88900000000001,0.0
S00003,UPF,edge-A,edge,356,DONE,10.26103,10.58275,321.72334400002,321.72334400002,305.361,3.31,13.052344000020014,0.5983440000200062,12.454000000000008,0.0
S00004,UPF,edge-B,edge,365,DONE,10.26129,10.46273,201.44605899986345,201.44605899986345,197.783,2.006,1.657058999863466,0.5710589998634532,1.0860000000000127,0.0
S00008,Transcoder,core-1,core,178,DONE,10.26924,10.29838,29.140854000161198,29.140854000161198,0.14,13.634,3.3668540001611973,2.842854000161198,0.5239999999999991,12.0
S00001,vRAN-DU,edge-A,edge,310,DONE,10.26943,10.29805,28.62090899998293,28.62090899998293,8.898,14.571,5.151908999982929,1.109908999982931,4.041999999999998,0.0
S00004,UPF,edge-B,edge,366,DONE,10.2695,10.46785,198.34769499993854,198.34769499993854,112.451,4.236,81.66069499993854,0.9806949999385495,80.67999999999999,0.0
S00008,Transcoder,core-1,core,179,DONE,10.2696,10.30295,33.35002799985887,33.35002799985887,0.057,17.172,4.1210279998588675,3.1520279998588663,0.9690000000000012,12.0
S00010,IoT-GW,edge-B,edge,312,DONE,10.27186,11.17219,900.3274479996435,900.3274479996435,818.337,0.958,81.03244799964352,1.1674479996435139,79.86500000000001,0.0
S00004,UPF,edge-B,edge,367,DONE,10.27194,10.54969,277.75036599996383,277.75036599996383,117.121,80.589,80.04036599996385,1.0703659999638262,78.97000000000003,0.0
S00005,IMS-CSCF,edge-A,edge,341,EXPIRED,10.27202,11.27582,,,1000.692,,,,,
S00005,IMS-CSCF,edge-A,edge,342,DONE,10.27857,11.27969,1001.1242919999859,1001.1242919999859,996.829,3.258,1.0372919999858823,0.7192919999858987,0.31799999999998363,0.0
S00001,vRAN-DU,edge-A,edge,311,DONE,10.28381,10.30293,19.12563499990938,19.12563499990938,12.762,5.301,1.0626349999093776,0.5756349999093793,0.4869999999999983,0.0
S00008,Transcoder,core-1,core,180,DONE,10.28596,10.31209,26.12668499978099,26.12668499978099,0.05,9.215,4.861684999780991,3.091684999780991,1.7699999999999996,12.0
S00006,IMS-CSCF,edge-B,edge,335,DONE,10.28606,11.16916,883.0929610003295,883.0929610003295,814.613,3.274,65.20596100032947,0.7149610003294811,64.49099999999999,0.0
S00003,UPF,edge-A,edge,357,DONE,10.28611,10.58894,302.8258800000003,302.8258800000003,298.152,3.023,1.6508800000003134,0.631880000000308,1.0190000000000055,0.0
S00002,vRAN-DU,edge-B,edge,294,DONE,10.28785,10.35484,66.99121699966781,66.99121699966781,0.31,2.728,63.953216999667816,0.6892169996678064,63.26400000000001,0.0
S00004,UPF,edge-B,edge,368,DONE,10.29008,10.55416,264.0747300001749,264.0747300001749,198.247,3.056,62.77173000017487,0.6597300001748749,62.111999999999995,0.0
S00005,IMS-CSCF,edge-A,edge,343,DONE,10.29235,11.28693,994.5785310001156,994.5785310001156,983.977,5.519,5.082531000115637,0.4665310001156513,4.6159999999999854,0.0
S00010,IoT-GW,edge-B,edge,313,DONE,10.29359,11.2514,957.8117480000401,957.8117480000401,897.582,2.293,57.9367480000401,0.698748000040041,57.238000000000056,0.0
S00004,UPF,edge-B,edge,369,DONE,10.29484,10.56127,266.4294510000218,266.4294510000218,203.523,5.229,57.67745100002179,1.9704510000217965,55.706999999999994,0.0
S00003,UPF,edge-A,edge,358,DONE,10.29608,10.59484,298.76597399970706,298.76597399970706,293.097,4.001,1.667973999707101,0.507973999707076,1.160000000000025,0.0
S00002,vRAN-DU,edge-B,edge,295,DONE,10.29838,10.36239,64.00573900009476,64.00573900009476,3.315,7.764,52.92673900009476,0.35673900009476256,52.57,0.0
S00006,IMS-CSCF,edge-B,edge,336,DONE,10.30063,11.24647,945.8395139999993,945.8395139999993,819.422,75.389,51.02851399999929,0.37251399999934165,50.65599999999995,0.0
S00006,IMS-CSCF,edge-B,edge,337,DONE,10.30295,11.24873,945.7792090001931,945.7792090001931,895.579,1.858,48.34220900019318,0.3912090001930437,47.951000000000136,0.0
S00005,IMS-CSCF,edge-A,edge,344,DONE,10.30302,11.28895,985.936080999636,985.936080999636,914.821,1.724,69.39108099963596,0.3470809996359776,69.04399999999998,0.0
S00001,vRAN-DU,edge-A,edge,312,DONE,10.31033,10.38659,76.25802299980933,76.25802299980933,6.691,7.654,61.91302299980933,0.644022999809323,61.269000000000005,0.0
S00006,IMS-CSCF,edge-B,edge,338,DONE,10.31046,11.25376,943.3010919997287,943.3010919997287,899.969,2.335,40.99709199972858,0.40609199972868737,40.590999999999894,0.0
S00010,IoT-GW,edge-B,edge,314,DONE,10.3224,11.25646,934.0666809998766,934.0666809998766,904.239,0.787,29.040680999876486,0.6126809998766021,28.427999999999884,0.0
S00006,IMS-CSCF,edge-B,edge,339,DONE,10.32487,11.25551,930.64788699985,930.64788699985,902.465,1.647,26.535886999849936,0.516886999850044,26.01899999999989,0.0
S00010,IoT-GW,edge-B,edge,315,DONE,10.32498,11.26396,938.9787310001338,938.9787310001338,911.896,0.889,26.19373100013388,0.3957310001338783,25.798000000000002,0.0
S00005,IMS-CSCF,edge-A,edge,345,DONE,10.33241,11.29212,959.711397999854,959.711397999854,916.716,2.392,40.60339799985388,0.8193979998538907,39.78399999999999,0.0
S00003,UPF,edge-A,edge,359,DONE,10.3326,10.67362,341.0158940000656,341.0158940000656,222.553,78.959,39.5038940000656,0.684894000065583,38.81900000000002,0.0
S00006,IMS-CSCF,edge-B,edge,340,DONE,10.33594,11.25856,922.6199529998667,922.6199529998667,905.176,2.18,15.26395299986666,0.4959529998666312,14.768000000000029,0.0
S00008,Transcoder,core-1,core,181,DONE,10.33731,10.37659,39.28632099996321,39.28632099996321,0.104,17.734,9.448320999963208,1.1713209999632106,8.276999999999997,12.0
S00006,IMS-CSCF,edge-B,edge,341,DONE,10.3386,11.26274,924.1411699999844,924.1411699999844,908.144,3.313,12.68416999998442,0.36916999998436495,12.315000000000055,0.0
S00009,IoT-GW,edge-A,edge,326,DONE,10.34495,11.28631,941.359021000153,941.359021000153,912.4,1.126,27.833021000153053,1.422021000152995,26.411000000000058,0.0
S00008,Transcoder,core-1,core,182,DONE,10.34929,10.39017,40.875321999919834,40.875321999919834,0.697,10.033,18.145321999919837,4.080321999919832,14.065000000000003,12.0
S00007,Transcoder,core-1,core,156,DONE,10.35173,10.39525,43.51855999993859,43.51855999993859,0.063,19.013,14.442559999938588,0.9265599999385898,13.515999999999998,10.0
S00004,UPF,edge-B,edge,370,DONE,10.35744,10.56593,208.49187099975097,208.49187099975097,203.408,3.0,2.083870999750985,0.3718709997509677,1.7120000000000175,0.0
S00006,IMS-CSCF,edge-B,edge,342,DONE,10.35936,11.26558,906.2229119999756,906.2229119999756,903.437,1.239,1.5469119999755776,0.2909119999756058,1.2559999999999718,0.0
S00005,IMS-CSCF,edge-A,edge,346,DONE,10.35984,11.29438,934.531461000006,934.531461000006,920.03,2.111,12.390461000005985,0.3894610000058947,12.00100000000009,0.0
S00004,UPF,edge-B,edge,371,DONE,10.36127,10.64834,287.0675519998258,287.0675519998258,203.419,82.192,1.4565519998258196,0.49355199982579734,0.9630000000000223,0.0
S00001,vRAN-DU,edge-A,edge,313,DONE,10.36241,10.39388,31.475968999984616,31.475968999984616,14.44,7.312,9.723968999984617,5.190968999984616,4.533000000000001,0.0
S00005,IMS-CSCF,edge-A,edge,347,DONE,10.36247,11.3733,1010.8274459998938,1010.8274459998938,922.374,77.994,10.459445999893774,5.460445999893864,4.99899999999991,0.0
S00010,IoT-GW,edge-B,edge,316,DONE,10.36783,11.34941,981.5850780000801,981.5850780000801,899.145,80.321,2.119078000080094,0.8720780000801369,1.2469999999999573,0.0
S00009,IoT-GW,edge-A,edge,327,DONE,10.36789,11.28891,921.0174210002151,921.0174210002151,914.301,2.168,4.548421000215058,0.7184210002151303,3.8299999999999272,0.0
S00006,IMS-CSCF,edge-B,edge,343,DONE,10.36982,11.26748,897.665753000183,897.665753000183,819.704,1.428,76.53375300018308,0.39975300018306825,76.13400000000001,0.0
S00009,IoT-GW,edge-A,edge,328,DONE,10.37205,11.2907,918.655082999976,918.655082999976,915.179,1.147,2.329082999975981,1.8490829999759626,0.4800000000000182,0.0
S00006,IMS-CSCF,edge-B,edge,344,DONE,10.37211,11.35372,981.6125419997661,981.6125419997661,822.531,84.27,74.81154199976618,0.7845419997661338,74.02700000000004,0.0
S00006,IMS-CSCF,edge-B,edge,345,DONE,10.37293,11.3614,988.4673149999799,988.4673149999799,913.281,1.679,73.50731499997994,0.5463149999798134,72.96100000000013,0.0
S00002,vRAN-DU,edge-B,edge,296,DONE,10.37618,10.45316,76.98147600012817,76.98147600012817,2.74,4.117,70.12447600012817,0.37847600012817395,69.746,0.0
S00007,Transcoder,core-1,core,157,DONE,10.38174,10.40624,24.501089000295906,24.501089000295906,0.074,12.391,2.036089000295906,1.488089000295906,0.548,10.0
S00009,IoT-GW,edge-A,edge,329,DONE,10.38187,11.29116,909.2984240000987,909.2984240000987,906.015,0.918,2.3654240000987556,0.5084240000987847,1.856999999999971,0.0
S00009,IoT-GW,edge-A,edge,330,DONE,10.38191,11.29266,910.7462820002183,910.7462820002183,907.086,1.332,2.328282000218337,0.574282000218318,1.754000000000019,0.0
S00008,Transcoder,core-1,core,183,DONE,10.38549,10.4129,27.403022999806126,27.403022999806126,0.25,11.208,3.9450229998061257,2.411022999806125,1.5340000000000007,12.0
S00004,UPF,edge-B,edge,372,DONE,10.39018,10.66288,272.70619299997634,272.70619299997634,206.462,9.927,56.317192999976356,0.3381929999763429,55.97900000000001,0.0
S00001,vRAN-DU,edge-A,edge,314,DONE,10.39028,10.40713,16.851313000188384,16.851313000188384,11.982,3.946,0.9233130001883847,0.4073130001883847,0.516,0.0
S00002,vRAN-DU,edge-B,edge,297,DONE,10.39033,10.45551,65.17963000032978,65.17963000032978,6.035,2.999,56.14563000032978,0.37063000032978266,55.775,0.0
S00010,IoT-GW,edge-B,edge,317,DONE,10.39644,11.3537,957.2613469999851,957.2613469999851,902.378,2.929,51.95434699998509,2.0673469999851477,49.886999999999944,0.0
S00002,vRAN-DU,edge-B,edge,298,DONE,10.40714,10.46106,53.92529299979287,53.92529299979287,9.911,4.815,39.199292999792874,0.35229299979287276,38.847,0.0
S00009,IoT-GW,edge-A,edge,331,DONE,10.41612,11.29376,877.6392710001346,877.6392710001346,821.027,1.014,55.59827100013456,0.6422710001346559,54.955999999999904,0.0
S00008,Transcoder,core-1,core,184,DONE,10.42369,10.44317,19.486488999973517,19.486488999973517,0.09,5.874,1.5224889999735183,0.9334889999735161,0.5890000000000004,12.0
S00003,UPF,edge-A,edge,360,DONE,10.42701,10.68087,253.85159200004637,253.85159200004637,203.415,5.667,44.76959200004637,0.5645920000463605,44.20500000000001,0.0
S00002,vRAN-DU,edge-B,edge,299,DONE,10.43332,10.46044,27.122987999973702,27.122987999973702,10.465,3.539,13.118987999973703,0.3799879999737037,12.738999999999999,0.0
S00001,vRAN-DU,edge-A,edge,315,DONE,10.43562,10.4783,42.68674700006159,42.68674700006159,0.823,5.855,36.00874700006159,0.41574700006158594,35.593,0.0
S00003,UPF,edge-A,edge,361,DONE,10.44118,10.68413,242.9509630001121,242.9509630001121,209.191,3.134,30.625963000112108,0.4989630001120986,30.12700000000001,0.0
S00004,UPF,edge-B,edge,373,DONE,10.44617,10.66747,221.29902699998638,221.29902699998638,215.212,4.299,1.7880269999863856,0.4970269999863888,1.2909999999999968,0.0
S00006,IMS-CSCF,edge-B,edge,346,DONE,10.4512,11.38172,930.5240549997507,930.5240549997507,925.754,1.962,2.8080549997506523,0.4920549997506214,2.316000000000031,0.0
S00003,UPF,edge-A,edge,362,DONE,10.45553,10.68758,232.04913099971236,232.04913099971236,212.495,3.353,16.201130999712348,0.5461309997123749,15.654999999999973,0.0
S00003,UPF,edge-A,edge,363,DONE,10.45563,10.68954,233.9138309998816,233.9138309998816,216.05,1.889,15.97483099988159,0.5318309998816062,15.442999999999984,0.0
S00002,vRAN-DU,edge-B,edge,300,DONE,10.45571,10.46694,11.227857999983826,11.227857999983826,5.999,3.99,1.238857999983825,0.3048579999838257,0.9339999999999993,0.0
S00001,vRAN-DU,edge-A,edge,316,DONE,10.45759,10.48254,24.95312900009594,24.95312900009594,6.07,4.472,14.41112900009594,0.4541290000959428,13.956999999999997,0.0
S00010,IoT-GW,edge-B,edge,318,EXPIRED,10.45885,11.46273,,,1002.547,,,,,
S00009,IoT-GW,edge-A,edge,332,DONE,10.46274,11.29524,832.5011050001194,832.5011050001194,822.116,1.424,8.96110500011946,0.4621050001194362,8.499000000000024,0.0
S00010,IoT-GW,edge-B,edge,319,DONE,10.4659,11.46396,998.0665419998331,998.0665419998331,994.765,1.6,1.7015419998331254,0.4995419998331272,1.2019999999999982,0.0
S00009,IoT-GW,edge-A,edge,333,DONE,10.46597,11.37328,907.3140230002537,907.3140230002537,824.007,76.756,6.5510230002537355,0.8140230002536555,5.73700000000008,0.0
S00006,IMS-CSCF,edge-B,edge,347,DONE,10.46604,11.46271,996.6734810000162,996.6734810000162,988.75,5.506,2.4174810000162097,0.4714810000161833,1.9460000000000264,0.0
S00008,Transcoder,core-1,core,185,DONE,10.46695,10.4886,21.64518000017779,21.64518000017779,0.483,6.112,3.0501800001777895,2.458180000177787,0.5920000000000005,12.0
S00003,UPF,edge-A,edge,364,DONE,10.46903,10.78217,313.1398000000445,313.1398000000445,218.044,87.375,7.720800000044505,4.266800000044498,3.4540000000000077,0.0
S00001,vRAN-DU,edge-A,edge,317,DONE,10.4747,10.48657,11.872932000187575,11.872932000187575,6.2,3.621,2.051932000187575,1.6769320001875752,0.375,0.0
S00006,IMS-CSCF,edge-B,edge,348,DONE,10.48149,11.46904,987.5504249998812,987.5504249998812,982.03,4.286,1.2344249998812984,0.718424999881222,0.5160000000000764,0.0
S00001,vRAN-DU,edge-A,edge,318,DONE,10.4848,10.49049,5.698974000097223,5.698974000097223,1.125,3.924,0.6499740000972238,0.322974000097223,0.32700000000000085,0.0
S00006,IMS-CSCF,edge-B,edge,349,DONE,10.48983,11.47072,980.888608999976,980.888608999976,978.288,1.542,1.0586089999759452,0.41360899997596334,0.6449999999999818,0.0
S00009,IoT-GW,edge-A,edge,334,DONE,10.49339,11.39931,905.910197999674,905.910197999674,903.644,0.953,1.3131979996740029,0.3571979996739856,0.9560000000000173,0.0
S00004,UPF,edge-B,edge,374,DONE,10.49683,10.74785,251.02809099962542,251.02809099962542,169.928,79.77,1.3300909996254404,0.7320909996254272,0.5980000000000132,0.0
S00009,IoT-GW,edge-A,edge,335,DONE,10.50223,11.40447,902.2373190000508,902.2373190000508,897.58,2.287,2.3703190000506993,1.0883190000507739,1.2819999999999254,0.0
S00003,UPF,edge-A,edge,365,DONE,10.50704,10.78471,277.6660439999432,277.6660439999432,274.406,2.193,1.0670439999432233,0.6470439999432074,0.4200000000000159,0.0
S00005,IMS-CSCF,edge-A,edge,348,DONE,10.50843,11.38573,877.2972060000939,877.2972060000939,812.639,1.127,63.5312060000939,0.5312060000939027,63.0,0.0
S00002,vRAN-DU,edge-B,edge,301,DONE,10.50977,10.55472,44.949975999770686,44.949975999770686,38.529,5.197,1.2239759997706798,0.5979759997706893,0.6259999999999906,0.0
S00001,vRAN-DU,edge-A,edge,319,DONE,10.52023,10.58562,65.38518099978319,65.38518099978319,5.65,7.788,51.947180999783185,0.7511809997831875,51.196,0.0
S00010,IoT-GW,edge-B,edge,320,DONE,10.52042,11.47155,951.1345579999215,951.1345579999215,947.557,1.674,1.9035579999215315,1.1255579999215115,0.77800000000002,0.0
S00007,Transcoder,core-1,core,158,DONE,10.52375,10.54319,19.44420799964064,19.44420799964064,0.092,6.232,3.1202079996406393,2.3012079996406385,0.819,10.0
S00003,UPF,edge-A,edge,366,DONE,10.52711,10.79409,266.9792020001296,266.9792020001296,216.219,3.611,47.149202000129605,2.72720200012958,44.422000000000025,0.0
S00002,vRAN-DU,edge-B,edge,302,DONE,10.52855,10.56117,32.61658300016279,32.61658300016279,6.793,7.216,18.60758300016279,1.5705830001627916,17.037,0.0
S00006,IMS-CSCF,edge-B,edge,350,DONE,10.52987,11.47308,943.213687000025,943.213687000025,925.079,1.564,16.570687000025032,1.0426870000248982,15.528000000000134,0.0
S00009,IoT-GW,edge-A,edge,336,DONE,10.53818,11.47554,937.3630400000366,937.3630400000366,833.657,69.758,33.948040000036485,0.4730400000365762,33.47499999999991,0.0
S00002,vRAN-DU,edge-B,edge,303,DONE,10.5383,10.64987,111.56272800008082,111.56272800008082,15.942,87.779,7.8417280000808205,0.8667280000808262,6.974999999999994,0.0
S00004,UPF,edge-B,edge,375,DONE,10.55702,10.75478,197.756704999847,197.756704999847,188.53,6.572,2.6547049998469845,0.6007049998469824,2.054000000000002,0.0
S00009,IoT-GW,edge-A,edge,337,EXPIRED,10.5594,11.57514,,,1002.348,,,,,
S00009,IoT-GW,edge-A,edge,338,EXPIRED,10.56282,11.57515,,,1002.338,,,,,
S00009,IoT-GW,edge-A,edge,339,EXPIRED,10.56294,11.57516,,,1002.272,,,,,
S00005,IMS-CSCF,edge-A,edge,349,DONE,10.56816,11.38922,821.0512989999188,821.0512989999188,814.18,2.624,4.247298999918826,0.6002989999187776,3.647000000000048,0.0
S00004,UPF,edge-B,edge,376,DONE,10.57515,10.76613,190.9784419999596,190.9784419999596,182.31,5.532,3.136441999959601,1.018441999959606,2.117999999999995,0.0
S00002,vRAN-DU,edge-B,edge,304,DONE,10.57652,10.65249,75.96838600011324,75.96838600011324,1.858,4.015,70.09538600011324,0.5473860001132351,69.548,0.0
S00003,UPF,edge-A,edge,367,DONE,10.58277,10.80014,217.37056299980395,217.37056299980395,213.762,2.127,1.4815629998039412,0.8115629998039537,0.6699999999999875,0.0
S00004,UPF,edge-B,edge,377,DONE,10.58426,10.84776,263.50589100002253,263.50589100002253,117.84,82.741,62.92489100002251,0.777891000022521,62.14699999999999,0.0
S00006,IMS-CSCF,edge-B,edge,351,DONE,10.58436,11.47616,891.797305000182,891.797305000182,826.241,2.997,62.55930500018201,0.651305000181992,61.908000000000015,0.0
S00010,IoT-GW,edge-B,edge,321,DONE,10.58895,11.47485,885.8922989998064,885.8922989998064,825.796,1.766,58.33029899980636,1.1462989998063904,57.18399999999997,0.0
S00002,vRAN-DU,edge-B,edge,305,DONE,10.58948,10.65717,67.69569400012188,67.69569400012188,5.274,5.016,57.405694000121876,1.034694000121874,56.371,0.0
S00003,UPF,edge-A,edge,368,DONE,10.58956,10.88737,297.80537399983587,297.80537399983587,287.162,5.939,4.704373999835866,0.38437399983587284,4.319999999999993,0.0
S00006,IMS-CSCF,edge-B,edge,352,DONE,10.59627,11.5478,951.529911000307,951.529911000307,829.433,71.314,50.78291100030708,0.9029110003070855,49.879999999999995,0.0
S00006,IMS-CSCF,edge-B,edge,353,DONE,10.59643,11.54911,952.6765859995976,952.6765859995976,901.161,1.216,50.29958599959764,0.8225859995975497,49.47700000000009,0.0
S00010,IoT-GW,edge-B,edge,322,DONE,10.59897,11.47612,877.1505729996534,877.1505729996534,827.818,1.378,47.95457299965335,0.6345729996534146,47.319999999999936,0.0
S00010,IoT-GW,edge-B,edge,323,DONE,10.60243,11.5507,948.2693710001513,948.2693710001513,899.387,4.442,44.440371000151345,0.6213710001512709,43.819000000000074,0.0
S00001,vRAN-DU,edge-A,edge,320,DONE,10.61019,10.67785,67.65897700006462,67.65897700006462,1.998,3.128,62.532977000064626,1.1289770000646229,61.404,0.0
S00003,UPF,edge-A,edge,369,DONE,10.61645,10.89393,277.472151999973,277.472151999973,217.176,4.172,56.12415199997301,0.7871519999729912,55.33700000000002,0.0
S00001,vRAN-DU,edge-A,edge,321,DONE,10.61912,10.68208,62.96587599990744,62.96587599990744,5.723,3.663,53.57987599990744,0.6528759999074367,52.92700000000001,0.0
S00006,IMS-CSCF,edge-B,edge,354,DONE,10.62385,11.55385,930.0045899999532,930.0045899999532,906.019,1.118,22.86758999995311,0.7535899999531921,22.11399999999992,0.0
S00007,Transcoder,core-1,core,159,DONE,10.62945,10.64889,19.44348400002127,19.44348400002127,0.094,6.639,2.710484000021271,2.1504840000212724,0.5599999999999996,10.0
S00009,IoT-GW,edge-A,edge,340,DONE,10.62971,11.59541,965.6947490002494,965.6947490002494,920.846,2.097,42.75174900024945,1.4057490002494433,41.346000000000004,0.0
S00006,IMS-CSCF,edge-B,edge,355,DONE,10.63104,11.5599,928.8598789999014,928.8598789999014,911.224,1.869,15.766878999901337,0.5078789999014361,15.2589999999999,0.0
S00008,Transcoder,core-1,core,186,DONE,10.6333,10.65471,21.408129000064946,21.408129000064946,0.082,7.801,1.525129000064947,0.7791290000649465,0.7459999999999996,12.0
S00009,IoT-GW,edge-A,edge,341,DONE,10.63972,11.59746,957.7459749998525,957.7459749998525,923.091,1.952,32.70297499985247,2.375974999852474,30.326999999999998,0.0
S00006,IMS-CSCF,edge-B,edge,356,DONE,10.64515,11.56223,917.075725000359,917.075725000359,913.823,1.467,1.7857250003589797,0.9297250003589852,0.8559999999999945,0.0
S00007,Transcoder,core-1,core,160,DONE,10.64898,10.66745,18.47366999982114,18.47366999982114,0.138,6.13,2.20566999982114,1.4526699998211399,0.7530000000000001,10.0
S00006,IMS-CSCF,edge-B,edge,357,DONE,10.65375,11.56411,910.3642479999507,910.3642479999507,907.992,1.665,0.7072479999508232,0.3812479999508014,0.32600000000002183,0.0
S00005,IMS-CSCF,edge-A,edge,350,DONE,10.65614,11.39201,735.8698929997445,735.8698929997445,716.709,2.686,16.474892999744498,0.5558929997445148,15.918999999999983,0.0
S00004,UPF,edge-B,edge,378,DONE,10.66568,10.8587,193.0197350002345,193.0197350002345,182.202,9.714,1.1037350002345079,0.4637350002344931,0.6400000000000148,0.0
S00001,vRAN-DU,edge-A,edge,322,DONE,10.67035,10.68628,15.926111000226228,15.926111000226228,9.536,3.77,2.6201110002262293,0.6051110002262288,2.0150000000000006,0.0
S00005,IMS-CSCF,edge-A,edge,351,DONE,10.67047,11.39888,728.4108740000192,728.4108740000192,719.775,6.646,1.989874000019313,0.5168740000192429,1.47300000000007,0.0
S00009,IoT-GW,edge-A,edge,342,DONE,10.67789,11.67271,994.8223579999649,994.8223579999649,917.038,74.963,2.8213579999649028,0.44935799996483183,2.372000000000071,0.0
S00010,IoT-GW,edge-B,edge,324,DONE,10.68209,11.56297,880.8826529998441,880.8826529998441,813.267,1.354,66.26165299984405,1.5146529998440883,64.74699999999996,0.0
S00005,IMS-CSCF,edge-A,edge,352,DONE,10.68532,11.40127,715.9497849997933,715.9497849997933,713.342,1.171,1.4367849997933035,0.7807849997933545,0.6559999999999491,0.0
S00006,IMS-CSCF,edge-B,edge,358,DONE,10.6854,11.56657,881.1716619998151,881.1716619998151,816.452,1.586,63.133661999815104,0.7296619998151073,62.403999999999996,0.0
S00004,UPF,edge-B,edge,379,DONE,10.68629,10.87134,185.0501459998668,185.0501459998668,111.964,10.718,62.3681459998668,0.8331459998667867,61.53500000000001,0.0
S00010,IoT-GW,edge-B,edge,325,DONE,10.68639,11.5651,878.7133910000193,878.7133910000193,815.271,1.347,62.09539100001939,0.8883910000192827,61.20700000000011,0.0
S00001,vRAN-DU,edge-A,edge,323,DONE,10.68662,10.7759,89.2803339997954,89.2803339997954,1.255,85.152,2.873333999795406,0.7843339997954075,2.0889999999999986,0.0
S00010,IoT-GW,edge-B,edge,326,DONE,10.68763,11.56803,880.3954059999342,880.3954059999342,817.036,2.427,60.93240599993419,0.35340599993412525,60.579000000000065,0.0
S00005,IMS-CSCF,edge-A,edge,353,DONE,10.69087,11.40386,712.9886930001703,712.9886930001703,710.179,1.637,1.1726930001703977,0.6686930001702649,0.5040000000001328,0.0
S00009,IoT-GW,edge-A,edge,343,DONE,10.69433,11.68096,986.6270449997501,986.6270449997501,906.905,0.936,78.78604499975006,0.4880449997500591,78.298,0.0
S00001,vRAN-DU,edge-A,edge,324,DONE,10.69588,10.78769,91.81260500008648,91.81260500008648,1.521,13.1,77.19160500008648,0.6726050000864774,76.519,0.0
S00003,UPF,edge-A,edge,370,DONE,10.69603,10.97261,276.57440800021504,276.57440800021504,124.471,74.576,77.52740800021505,0.43740800021504356,77.09,0.0
S00004,UPF,edge-B,edge,380,DONE,10.69827,10.94869,250.41835499996523,250.41835499996523,122.957,77.181,50.280354999965255,0.663354999965236,49.61700000000002,0.0
S00005,IMS-CSCF,edge-A,edge,354,DONE,10.69962,11.41906,719.4337880000603,719.4337880000603,630.645,2.48,86.3087880000603,1.1177880000602727,85.19100000000003,0.0
S00001,vRAN-DU,edge-A,edge,325,DONE,10.70103,10.78791,86.88038600030268,86.88038600030268,11.953,2.651,72.27638600030268,0.3643860003026731,71.912,0.0
S00010,IoT-GW,edge-B,edge,327,DONE,10.70227,11.64773,945.4606760000388,945.4606760000388,819.634,79.503,46.323676000038745,0.7976760000387912,45.525999999999954,0.0
S00007,Transcoder,core-1,core,161,DONE,10.70454,10.72359,19.043578000037087,19.043578000037087,0.128,7.036,1.8795780000370872,1.2095780000370873,0.6699999999999999,10.0
S00004,UPF,edge-B,edge,381,DONE,10.70461,10.95291,248.297348000051,248.297348000051,200.436,2.612,45.249348000050986,1.6343480000509771,43.61500000000001,0.0
S00001,vRAN-DU,edge-A,edge,326,DONE,10.7069,10.79642,89.5138030000453,89.5138030000453,15.422,7.036,67.0558030000453,0.3568030000453035,66.699,0.0
S00006,IMS-CSCF,edge-B,edge,359,DONE,10.70932,11.64687,937.5433709997196,937.5433709997196,818.393,79.424,39.72637099971962,0.510370999719612,39.21600000000001,0.0
S00010,IoT-GW,edge-B,edge,328,EXPIRED,10.71403,11.75108,,,1001.739,,,,,
S00009,IoT-GW,edge-A,edge,344,DONE,10.71544,11.68296,967.5249199999598,967.5249199999598,907.893,2.036,57.59591999995985,0.6319199999597913,56.964000000000055,0.0
S00001,vRAN-DU,edge-A,edge,327,DONE,10.71556,10.79689,81.32959899967318,81.32959899967318,19.378,3.086,58.86559899967318,0.7335989996731769,58.132000000000005,0.0
S00009,IoT-GW,edge-A,edge,345,EXPIRED,10.72084,11.77333,,,1000.116,,,,,
S00004,UPF,edge-B,edge,382,DONE,10.72314,10.96217,239.02506500007803,239.02506500007803,205.233,3.699,30.093065000078013,4.645065000078034,25.44799999999998,0.0
S00004,UPF,edge-B,edge,383,DONE,10.72326,10.96223,238.97271099986028,238.97271099986028,209.474,3.827,25.671710999860295,0.9627109998602918,24.709000000000003,0.0
S00008,Transcoder,core-1,core,187,DONE,10.73804,10.7765,38.46275899968532,38.46275899968532,0.124,22.418,3.9207589996853223,2.3117589996853205,1.6090000000000018,12.0
S00010,IoT-GW,edge-B,edge,329,EXPIRED,10.7447,11.75143,,,1001.727,,,,,
S00001,vRAN-DU,edge-A,edge,328,DONE,10.74618,10.8764,130.22086499995567,130.22086499995567,27.088,76.361,26.771864999955653,0.725864999955661,26.045999999999992,0.0
S00009,IoT-GW,edge-A,edge,346,EXPIRED,10.74759,11.77413,,,1000.102,,,,,
S00002,vRAN-DU,edge-B,edge,306,DONE,10.75107,10.76053,9.467676999975083,9.467676999975083,1.021,3.821,4.625676999975083,0.823676999975083,3.8019999999999996,0.0
S00002,vRAN-DU,edge-B,edge,307,DONE,10.7548,10.76615,11.351181000009092,11.351181000009092,3.7,5.461,2.1901810000090904,0.6291810000090923,1.5609999999999982,0.0
S00002,vRAN-DU,edge-B,edge,308,DONE,10.75579,10.76958,13.797010999951453,13.797010999951453,8.636,3.575,1.586010999951455,0.7000109999514539,0.886000000000001,0.0
S00002,vRAN-DU,edge-B,edge,309,DONE,10.7594,10.77197,12.568754000312765,12.568754000312765,7.81,2.9,1.858754000312766,0.9147540003127652,0.9440000000000008,0.0
S00003,UPF,edge-A,edge,371,DONE,10.7595,10.98429,224.79430099974707,224.79430099974707,209.322,1.918,13.554300999747056,0.4253009997470656,13.12899999999999,0.0
S00005,IMS-CSCF,edge-A,edge,355,DONE,10.76516,11.47873,713.5671480000383,713.5671480000383,699.701,5.647,8.219148000038217,1.5831480000382498,6.635999999999967,0.0
S00008,Transcoder,core-1,core,188,DONE,10.7696,10.79632,26.729531999990286,26.729531999990286,0.111,11.646,2.9725319999902844,2.017531999990286,0.9549999999999983,12.0
S00004,UPF,edge-B,edge,384,DONE,10.77591,10.96521,189.3017319998762,189.3017319998762,113.461,2.868,72.97273199987622,1.397731999876214,71.575,0.0
S00006,IMS-CSCF,edge-B,edge,360,DONE,10.78221,11.65335,871.1432880004395,871.1432880004395,802.449,2.543,66.15128800043954,0.7762880004395356,65.375,0.0
S00009,IoT-GW,edge-A,edge,347,EXPIRED,10.78235,11.78522,,,1000.451,,,,,
S00008,Transcoder,core-1,core,189,DONE,10.78475,10.81095,26.20752499979062,26.20752499979062,0.091,12.01,2.106524999790622,1.4025249997906215,0.7040000000000006,12.0
S00010,IoT-GW,edge-B,edge,330,EXPIRED,10.79121,11.84993,,,1000.151,,,,,
S00004,UPF,edge-B,edge,385,DONE,10.79816,11.04836,250.19809800005532,250.19809800005532,116.48,2.256,131.46209800005533,0.5060980000553172,130.95600000000002,0.0
S00002,vRAN-DU,edge-B,edge,310,DONE,10.80342,10.86622,62.79671100037376,62.79671100037376,0.844,16.537,45.41571100037376,0.5977110003737636,44.818,0.0
S00009,IoT-GW,edge-A,edge,348,DONE,10.80441,11.87509,1070.686809000108,1070.686809000108,995.972,2.823,71.89180900010808,0.6158090001081291,71.27599999999995,0.0
S00001,vRAN-DU,edge-A,edge,329,DONE,10.80681,10.88735,80.54233800021393,80.54233800021393,0.575,7.595,72.37233800021393,0.7873380002139356,71.585,0.0
S00009,IoT-GW,edge-A,edge,349,EXPIRED,10.80822,11.8807,,,1004.141,,,,,
S00009,IoT-GW,edge-A,edge,350,EXPIRED,10.81533,11.88071,,,1004.136,,,,,
S00002,vRAN-DU,edge-B,edge,311,DONE,10.81682,10.9479,131.07992000004742,131.07992000004742,17.696,80.942,32.44192000004743,0.7199200000474093,31.722000000000023,0.0
S00007,Transcoder,core-1,core,162,DONE,10.81926,10.85001,30.746720000024652,30.746720000024652,0.095,15.763,4.888720000024652,3.9507200000246527,0.9379999999999988,10.0
S00001,vRAN-DU,edge-A,edge,330,DONE,10.82274,10.88996,67.2217310002452,67.2217310002452,8.485,5.108,53.628731000245196,0.8067310002451933,52.822,0.0
S00009,IoT-GW,edge-A,edge,351,EXPIRED,10.82615,11.88073,,,1004.126,,,,,
S00007,Transcoder,core-1,core,163,DONE,10.83,10.85421,24.21749399991313,24.21749399991313,0.097,8.144,5.9764939999131315,5.410493999913131,0.5660000000000007,10.0
S00001,vRAN-DU,edge-A,edge,331,DONE,10.83018,10.97243,142.2458879997066,142.2458879997066,13.696,82.071,46.478887999706615,0.5898879997066047,45.88900000000001,0.0
S00001,vRAN-DU,edge-A,edge,332,DONE,10.83655,10.89721,60.662728999886895,60.662728999886895,17.896,3.151,39.6157289998869,0.6127289998868974,39.003,0.0
S00007,Transcoder,core-1,core,164,DONE,10.83794,10.86196,24.015066999709234,24.015066999709234,0.07,11.073,2.872066999709233,2.353066999709233,0.5190000000000001,10.0
S00004,UPF,edge-B,edge,386,DONE,10.83933,11.05697,217.64264900002672,217.64264900002672,205.155,3.248,9.23964900002673,0.6736490000267281,8.566000000000003,0.0
S00004,UPF,edge-B,edge,387,DONE,10.83949,11.06072,221.2279899999885,221.2279899999885,209.172,2.948,9.10798999998849,0.8099899999884883,8.298000000000002,0.0
S00001,vRAN-DU,edge-A,edge,333,DONE,10.84193,10.98355,141.6246549997595,141.6246549997595,96.4,9.53,35.69465499975951,1.8856549997595096,33.809,0.0
S00006,IMS-CSCF,edge-B,edge,361,DONE,10.8421,11.6659,823.8056769996547,823.8056769996547,816.158,1.316,6.331676999654633,0.4886769996546718,5.842999999999961,0.0
S00008,Transcoder,core-1,core,190,DONE,10.85238,10.88939,37.01876099967194,37.01876099967194,0.073,22.912,2.033760999671941,1.3207609996719398,0.713000000000001,12.0
S00004,UPF,edge-B,edge,388,DONE,10.86071,11.14757,286.86140199988586,286.86140199988586,204.974,80.273,1.6144019998858994,0.5764019998858316,1.0380000000000678,0.0
S00009,IoT-GW,edge-A,edge,352,EXPIRED,10.87,11.88201,,,1004.108,,,,,
S00005,IMS-CSCF,edge-A,edge,356,DONE,10.87017,11.48644,616.2688530002924,616.2688530002924,605.807,4.427,6.034853000292401,0.5628530002924208,5.47199999999998,0.0
S00010,IoT-GW,edge-B,edge,331,DONE,10.87876,11.86967,990.91686499969,990.91686499969,920.117,2.109,68.69086499969,0.8928649996900049,67.798,0.0
S00006,IMS-CSCF,edge-B,edge,362,DONE,10.88018,11.758,877.8255489996809,877.8255489996809,805.956,4.621,67.2485489996809,0.785548999680941,66.46299999999997,0.0
S00010,IoT-GW,edge-B,edge,332,DONE,10.88032,11.94777,1067.4537300001248,1067.4537300001248,922.37,77.584,67.49973000012483,1.1457300001247859,66.35400000000004,0.0
S00006,IMS-CSCF,edge-B,edge,363,DONE,10.88038,11.85229,971.9077069999003,971.9077069999003,901.534,3.315,67.05870699990021,0.764706999900227,66.29399999999998,0.0
S00006,IMS-CSCF,edge-B,edge,364,DONE,10.88374,11.86479,981.0506370004077,981.0506370004077,915.637,1.812,63.60163700040778,0.5336370004076798,63.0680000000001,0.0
S00005,IMS-CSCF,edge-A,edge,357,DONE,10.88408,11.49352,609.4400800002404,609.4400800002404,601.961,3.772,3.707080000240353,3.184080000240442,0.5229999999999109,0.0
S00010,IoT-GW,edge-B,edge,333,EXPIRED,10.89219,11.9478,,,1000.107,,,,,
S00002,vRAN-DU,edge-B,edge,312,DONE,10.89249,10.95389,61.40023200032374,61.40023200032374,0.502,5.733,55.16523200032374,0.6612320003237429,54.504,0.0
S00001,vRAN-DU,edge-A,edge,334,DONE,10.89259,10.99059,98.00492699969254,98.00492699969254,90.386,5.127,2.491926999692552,0.5419269996925493,1.9500000000000028,0.0
S00009,IoT-GW,edge-A,edge,353,EXPIRED,10.89613,11.89961,,,1002.558,,,,,
S00006,IMS-CSCF,edge-B,edge,365,DONE,10.90369,11.86966,965.9686760001023,965.9686760001023,917.632,1.698,46.63867600010235,2.8006760001022712,43.83800000000008,0.0
S00001,vRAN-DU,edge-A,edge,335,DONE,10.90408,10.99126,87.1786519996931,87.1786519996931,12.333,6.422,68.4236519996931,0.7116519996931032,67.712,0.0
S00001,vRAN-DU,edge-A,edge,336,DONE,10.90593,10.99732,91.38746000007814,91.38746000007814,18.898,5.757,66.73246000007813,0.5844600000781384,66.148,0.0
S00010,IoT-GW,edge-B,edge,334,EXPIRED,10.90603,11.9478,,,1000.086,,,,,
S00005,IMS-CSCF,edge-A,edge,358,DONE,10.90834,11.57865,670.3099629999087,670.3099629999087,524.938,80.966,64.40596299990875,0.5459629999087383,63.860000000000014,0.0
S00006,IMS-CSCF,edge-B,edge,366,DONE,10.91075,11.94775,1037.0057619998079,1037.0057619998079,921.036,78.849,37.12076199980788,1.1877619998078899,35.93299999999999,0.0
S00007,Transcoder,core-1,core,165,DONE,10.91087,10.93438,23.508533000040188,23.508533000040188,0.091,10.859,2.558533000040189,1.6515330000401889,0.907,10.0
S00006,IMS-CSCF,edge-B,edge,367,EXPIRED,10.91525,11.94778,,,1000.069,,,,,
S00003,UPF,edge-A,edge,372,DONE,10.91698,10.99425,77.27098199984539,77.27098199984539,17.304,4.432,55.53498199984539,0.44598199984538667,55.089000000000006,0.0
S00004,UPF,edge-B,edge,389,DONE,10.92234,11.15088,228.53971500035186,228.53971500035186,200.371,3.267,24.901715000351857,3.98371500035185,20.918000000000006,0.0
S00006,IMS-CSCF,edge-B,edge,368,EXPIRED,10.92991,11.94779,,,1000.058,,,,,
S00009,IoT-GW,edge-A,edge,354,DONE,10.93439,11.97471,1040.3167480003503,1040.3167480003503,929.375,72.601,38.340748000350345,0.6627480003503479,37.678,0.0
S00005,IMS-CSCF,edge-A,edge,359,DONE,10.93451,11.58437,649.856722000095,649.856722000095,609.324,1.851,38.68172200009508,0.6487220000950629,38.033000000000015,0.0
S00009,IoT-GW,edge-A,edge,355,EXPIRED,10.93578,11.97345,,,1000.866,,,,,
S00005,IMS-CSCF,edge-A,edge,360,DONE,10.93588,11.59229,656.4152539999668,656.4152539999668,616.359,1.835,38.221253999966734,0.6212539999668252,37.59999999999991,0.0
S00007,Transcoder,core-1,core,166,DONE,10.93599,10.97704,41.0490569997819,41.0490569997819,0.121,28.576,2.3520569997818974,1.8050569997818968,0.5470000000000006,10.0
S00001,vRAN-DU,edge-A,edge,337,DONE,10.94136,11.00038,59.019811999860394,59.019811999860394,25.331,2.529,31.159811999860395,0.9618119998603945,30.198,0.0
S00008,Transcoder,core-1,core,191,DONE,10.94152,10.99047,48.94476599974951,48.94476599974951,0.082,34.08,2.7827659997495076,1.818765999749509,0.9639999999999986,12.0
S00002,vRAN-DU,edge-B,edge,313,DONE,10.94388,10.96218,18.307105000076263,18.307105000076263,4.415,6.095,7.797105000076263,4.226105000076263,3.5709999999999997,0.0
S00002,vRAN-DU,edge-B,edge,314,DONE,10.94718,10.96222,15.03678300014144,15.03678300014144,8.73,2.87,3.436783000141439,2.16278300014144,1.2739999999999991,0.0
S00006,IMS-CSCF,edge-B,edge,369,EXPIRED,10.9487,11.95134,,,1001.692,,,,,
S00001,vRAN-DU,edge-A,edge,338,DONE,10.95292,11.00414,51.21866300032707,51.21866300032707,25.525,5.068,20.625663000327073,1.2916630003270697,19.334000000000003,0.0
S00010,IoT-GW,edge-B,edge,335,DONE,10.95508,11.96012,1005.0432129996807,1005.0432129996807,1000.251,2.343,2.4492129996807535,0.9062129996807471,1.5430000000000064,0.0
S00002,vRAN-DU,edge-B,edge,315,DONE,10.95735,11.05,92.65517499989073,92.65517499989073,1.602,88.673,2.380174999890727,1.1721749998907285,1.2079999999999984,0.0
S00007,Transcoder,core-1,core,167,DONE,10.96223,10.98853,26.29865900007644,26.29865900007644,0.115,13.117,3.0666590000764398,2.506659000076441,0.5599999999999987,10.0
S00007,Transcoder,core-1,core,168,DONE,10.96234,10.99248,30.13873899999453,30.13873899999453,1.932,15.786,2.42073899999453,1.9657389999945316,0.4549999999999983,10.0
S00005,IMS-CSCF,edge-A,edge,361,DONE,10.96459,11.59295,628.3578970001145,628.3578970001145,618.726,1.472,8.159897000114483,1.0368970001144362,7.123000000000047,0.0
S00006,IMS-CSCF,edge-B,edge,370,DONE,10.9694,11.95285,983.4465369999634,983.4465369999634,902.218,1.12,80.10853699996346,0.46053699996343767,79.64800000000002,0.0
S00009,IoT-GW,edge-A,edge,356,EXPIRED,10.97069,11.97385,,,1000.84,,,,,
S00004,UPF,edge-B,edge,390,DONE,10.974,11.16172,187.719728999582,187.719728999582,102.665,9.512,75.542728999582,0.5717289995820067,74.97099999999999,0.0
S00001,vRAN-DU,edge-A,edge,339,DONE,10.9741,11.07424,100.14551199992638,100.14551199992638,19.725,73.684,6.7365119999263925,0.5895119999263869,6.147000000000006,0.0
S00001,vRAN-DU,edge-A,edge,340,DONE,10.98854,11.07697,88.4313840001596,88.4313840001596,81.928,5.305,1.1983840001595922,0.33638400015959746,0.8619999999999948,0.0
S00002,vRAN-DU,edge-B,edge,316,DONE,10.99733,11.05692,59.58860100008678,59.58860100008678,3.221,4.065,52.30260100008678,0.4886010000867813,51.814,0.0
S00004,UPF,edge-B,edge,391,DONE,11.00704,11.16533,158.29473399980998,158.29473399980998,112.932,2.908,42.454733999809974,0.48173399980998965,41.972999999999985,0.0
S00008,Transcoder,core-1,core,192,DONE,11.01039,11.0305,20.11431700020694,20.11431700020694,0.089,6.22,1.8053170002069372,1.1203170002069385,0.6849999999999996,12.0
S00010,IoT-GW,edge-B,edge,336,DONE,11.01173,11.96099,949.2561530000785,949.2561530000785,909.993,1.408,37.85515300007842,0.5221530000784469,37.33299999999997,0.0
S00002,vRAN-DU,edge-B,edge,317,DONE,11.01303,11.06125,48.2148529999904,48.2148529999904,7.884,3.797,36.5338529999904,0.42985299999040194,36.104,0.0
S00004,UPF,edge-B,edge,392,DONE,11.01319,11.16892,155.7338620000337,155.7338620000337,116.039,3.272,36.42286200003369,0.44886200003369936,35.97399999999999,0.0
S00010,IoT-GW,edge-B,edge,337,DONE,11.01443,11.96612,951.6823119997753,951.6823119997753,913.076,0.764,37.842311999775234,2.24631199977523,35.596000000000004,0.0
S00003,UPF,edge-A,edge,373,DONE,11.01575,11.08137,65.62356600034036,65.62356600034036,6.475,2.857,56.29156600034036,0.5205660003403665,55.770999999999994,0.0
S00001,vRAN-DU,edge-A,edge,341,DONE,11.018,11.09249,74.49132500005362,74.49132500005362,4.248,16.216,54.02732500005362,0.36032500005362067,53.667,0.0
S00001,vRAN-DU,edge-A,edge,342,DONE,11.02231,11.08671,64.39816400006748,64.39816400006748,11.911,2.724,49.76316400006748,0.623164000067483,49.14,0.0
S00005,IMS-CSCF,edge-A,edge,362,DONE,11.02242,11.59454,572.1158279998235,572.1158279998235,520.972,1.333,49.81082799982357,0.587827999823503,49.22300000000007,0.0
S00002,vRAN-DU,edge-B,edge,318,DONE,11.0237,11.06648,42.78019999992466,42.78019999992466,11.87,5.039,25.871199999924663,0.4381999999246631,25.433,0.0
S00005,IMS-CSCF,edge-A,edge,363,DONE,11.02495,11.59648,571.5283120002823,571.5283120002823,522.45,1.955,47.123312000282226,0.3873120002823498,46.735999999999876,0.0
S00001,vRAN-DU,edge-A,edge,343,DONE,11.0292,11.09339,64.19030899996869,64.19030899996869,17.471,3.869,42.85030899996869,0.5063089999686952,42.343999999999994,0.0
S00009,IoT-GW,edge-A,edge,357,DONE,11.03276,11.98321,950.447474000157,950.447474000157,908.102,2.301,40.044474000156924,1.2464740001569226,38.798,0.0
S00002,vRAN-DU,edge-B,edge,319,DONE,11.03286,11.06739,34.52919799974552,34.52919799974552,13.24,4.564,16.725197999745518,0.4141979997455181,16.311,0.0
S00007,Transcoder,core-1,core,169,DONE,11.03716,11.05735,20.1913030000469,20.1913030000469,0.094,8.472,1.6253030000469018,0.8473030000469013,0.7780000000000005,10.0
S00010,IoT-GW,edge-B,edge,338,DONE,11.04752,11.96783,920.3118100003849,920.3118100003849,915.909,1.055,3.347810000384925,1.2308100003848494,2.1170000000000755,0.0
S00004,UPF,edge-B,edge,393,DONE,11.05968,11.24711,187.4226820000331,187.4226820000331,107.781,77.947,1.6946820000330831,0.593682000033084,1.100999999999999,0.0
S00008,Transcoder,core-1,core,193,DONE,11.05991,11.09086,30.951568000091356,30.951568000091356,0.084,8.541,10.326568000091356,9.767568000091359,0.5589999999999993,12.0
S00010,IoT-GW,edge-B,edge,339,DONE,11.06553,12.04828,982.7514149997114,982.7514149997114,979.512,1.916,1.3234149997114173,0.6164149997114237,0.7069999999999936,0.0
S00001,vRAN-DU,edge-A,edge,344,DONE,11.06858,11.09728,28.707077000035497,28.707077000035497,20.56,4.7,3.447077000035499,0.49507700003549715,2.9520000000000017,0.0
S00007,Transcoder,core-1,core,170,DONE,11.06992,11.09541,25.48971700025504,25.48971700025504,0.061,11.764,3.6647170002550418,0.9037170002550408,2.761000000000001,10.0
S00010,IoT-GW,edge-B,edge,340,DONE,11.07,12.15036,1080.361042000277,1080.361042000277,999.255,3.35,77.75604200027692,0.5670420002768424,77.18900000000008,0.0
S00007,Transcoder,core-1,core,171,DONE,11.07178,11.09671,24.92195200011338,24.92195200011338,0.109,12.076,2.7369520001133782,1.7379520001133795,0.9989999999999988,10.0
S00003,UPF,edge-A,edge,374,DONE,11.07334,11.08906,15.71279100016909,15.71279100016909,10.544,2.373,2.795791000169089,0.30279100016909055,2.4929999999999986,0.0
S00010,IoT-GW,edge-B,edge,341,EXPIRED,11.0757,12.14776,,,1000.058,,,,,
S00008,Transcoder,core-1,core,194,DONE,11.08683,11.11008,23.24888600014674,23.24888600014674,0.077,6.102,5.069886000146738,4.58288600014674,0.4870000000000001,12.0
S00009,IoT-GW,edge-A,edge,358,DONE,11.09465,11.99343,898.7856190001366,898.7856190001366,892.819,2.22,3.7466190001366613,0.7536190001366094,2.993000000000052,0.0
S00009,IoT-GW,edge-A,edge,359,DONE,11.09473,11.99968,904.9518789997819,904.9518789997819,895.374,6.118,3.4598789997818358,0.9718789997818931,2.4879999999999427,0.0
S00004,UPF,edge-B,edge,394,DONE,11.09672,11.25038,153.66906000008385,153.66906000008385,100.141,2.642,50.886060000083845,5.63206000008384,45.254000000000005,0.0
S00004,UPF,edge-B,edge,395,DONE,11.10069,11.2535,152.816009000162,152.816009000162,103.059,2.242,47.51500900016201,2.2090090001620126,45.306,0.0
S00005,IMS-CSCF,edge-A,edge,364,DONE,11.10077,11.67336,572.5909689999753,572.5909689999753,423.276,76.753,72.5619689999753,0.31796899997527817,72.24400000000003,0.0
S00010,IoT-GW,edge-B,edge,342,EXPIRED,11.10302,12.14786,,,1000.042,,,,,
S00003,UPF,edge-A,edge,375,DONE,11.1073,11.18096,73.66732299988143,73.66732299988143,5.119,2.519,66.02932299988143,0.35432299988143257,65.675,0.0
S00003,UPF,edge-A,edge,376,DONE,11.12041,11.184,63.594172000193794,63.594172000193794,7.817,2.687,53.090172000193796,0.725172000193794,52.365,0.0
S00004,UPF,edge-B,edge,396,DONE,11.12065,11.25895,138.2987460001459,138.2987460001459,106.08,5.154,27.064746000145917,0.7637460001459146,26.301000000000002,0.0
S00006,IMS-CSCF,edge-B,edge,371,DONE,11.13106,11.95576,824.6995240001525,824.6995240001525,805.808,2.235,16.656524000152444,0.6625240001524162,15.994000000000028,0.0
S00001,vRAN-DU,edge-A,edge,345,DONE,11.13374,11.17877,45.03671000020404,45.03671000020404,2.729,2.734,39.57371000020404,0.8717100002040397,38.702,0.0
S00009,IoT-GW,edge-A,edge,360,DONE,11.13417,12.0805,946.3306630000261,946.3306630000261,898.418,7.618,40.29466300002605,1.071663000026092,39.222999999999956,0.0
S00009,IoT-GW,edge-A,edge,361,DONE,11.13643,12.08715,950.7155350001995,950.7155350001995,910.778,2.078,37.85953500019946,0.7735350001994448,37.08600000000001,0.0
S00009,IoT-GW,edge-A,edge,362,DONE,11.13654,12.09201,955.4692050000995,955.4692050000995,916.662,1.925,36.882205000099475,0.548205000099415,36.33400000000006,0.0
S00009,IoT-GW,edge-A,edge,363,DONE,11.1408,12.17266,1031.8580349999138,1031.8580349999138,918.816,80.245,32.79703499991376,0.6270349999138034,32.16999999999996,0.0
S00007,Transcoder,core-1,core,172,DONE,11.14618,11.16669,20.51170300001104,20.51170300001104,0.086,7.415,3.0107030000110377,1.8967030000110388,1.1139999999999999,10.0
S00001,vRAN-DU,edge-A,edge,346,DONE,11.14785,11.18373,35.87842700017063,35.87842700017063,6.897,2.868,26.11342700017063,0.4164270001706285,25.697000000000003,0.0
S00001,vRAN-DU,edge-A,edge,347,DONE,11.15395,11.18597,32.02475899979618,32.02475899979618,9.877,2.609,19.538758999796176,2.7257589997961773,16.813,0.0
S00001,vRAN-DU,edge-A,edge,348,DONE,11.15544,11.27283,117.39021299990782,117.39021299990782,10.57,87.539,19.281212999907808,1.6552129999078176,17.62599999999999,0.0
S00003,UPF,edge-A,edge,377,DONE,11.15672,11.18997,33.24662799968792,33.24662799968792,12.645,3.581,17.020627999687918,0.4506279996879172,16.57,0.0
S00009,IoT-GW,edge-A,edge,364,DONE,11.16173,12.17764,1015.9086530002241,1015.9086530002241,999.27,4.38,12.258653000224172,0.48165300022412794,11.777000000000044,0.0
S00003,UPF,edge-A,edge,378,DONE,11.16376,11.277,113.24399400018592,113.24399400018592,98.342,4.973,9.928994000185924,0.31999400018591473,9.609000000000009,0.0
S00001,vRAN-DU,edge-A,edge,349,DONE,11.16401,11.27616,112.15066699969611,112.15066699969611,98.181,4.23,9.739666999696112,0.2796669996961185,9.459999999999994,0.0
S00006,IMS-CSCF,edge-B,edge,372,DONE,11.1667,11.95729,790.5817749997368,790.5817749997368,786.585,1.622,2.3747749997368146,0.3367749997368037,2.038000000000011,0.0
S00010,IoT-GW,edge-B,edge,343,EXPIRED,11.17045,12.25046,,,1000.685,,,,,
S00004,UPF,edge-B,edge,397,DONE,11.17225,11.26215,89.89874700000655,89.89874700000655,12.566,2.841,74.49174700000655,1.8037470000065525,72.688,0.0
S00010,IoT-GW,edge-B,edge,344,EXPIRED,11.17339,12.25047,,,1000.662,,,,,
S00008,Transcoder,core-1,core,195,DONE,11.18524,11.20965,24.411307999798737,24.411307999798737,0.092,10.001,2.318307999798737,1.3873079997987379,0.9309999999999992,12.0
S00003,UPF,edge-A,edge,379,DONE,11.18716,11.27914,91.97774599988406,91.97774599988406,89.185,1.996,0.7967459998840667,0.43274599988406237,0.3640000000000043,0.0
S00005,IMS-CSCF,edge-A,edge,365,DONE,11.18946,11.67801,488.5544479998316,488.5544479998316,485.093,2.298,1.1634479998315896,0.7144479998316342,0.44899999999995543,0.0
S00008,Transcoder,core-1,core,196,DONE,11.19305,11.21588,22.836193999864918,22.836193999864918,0.069,5.985,4.782193999864916,1.0901939998649173,3.692,12.0
S00004,UPF,edge-B,edge,398,DONE,11.1973,11.26666,69.36729400013064,69.36729400013064,15.825,3.779,49.76329400013064,0.5662940001306396,49.197,0.0
S00004,UPF,edge-B,edge,399,DONE,11.22012,11.26896,48.84361499989609,48.84361499989609,19.995,1.947,26.90161499989609,0.5726149998960892,26.329,0.0
S00009,IoT-GW,edge-A,edge,365,EXPIRED,11.22022,12.27288,,,1000.444,,,,,
S00010,IoT-GW,edge-B,edge,345,EXPIRED,11.22551,12.25048,,,1000.646,,,,,
S00010,IoT-GW,edge-B,edge,346,EXPIRED,11.22564,12.25049,,,1000.641,,,,,
S00008,Transcoder,core-1,core,197,DONE,11.23091,11.25139,20.48018100003901,20.48018100003901,0.161,6.358,1.9611810000390122,1.2541810000390115,0.7070000000000007,12.0
S00005,IMS-CSCF,edge-A,edge,366,DONE,11.23217,11.67965,447.4866599998677,447.4866599998677,406.069,1.325,40.09265999986769,0.5466599998676998,39.54599999999999,0.0
S00005,IMS-CSCF,edge-A,edge,367,DONE,11.23547,11.68144,445.9695760001523,445.9695760001523,407.6,1.78,36.589576000152306,0.5215760001523222,36.067999999999984,0.0
S00006,IMS-CSCF,edge-B,edge,373,DONE,11.24081,11.96014,719.3295080001008,719.3295080001008,711.456,1.677,6.196508000100721,0.6285080001007373,5.567999999999984,0.0
S00009,IoT-GW,edge-A,edge,366,EXPIRED,11.24455,12.27289,,,1000.422,,,,,
S00003,UPF,edge-A,edge,380,DONE,11.25039,11.2819,31.506732999787346,31.506732999787346,7.277,2.023,22.206732999787345,0.8817329997873458,21.325,0.0
S00010,IoT-GW,edge-B,edge,347,EXPIRED,11.25258,12.25535,,,1001.416,,,,,
S00003,UPF,edge-A,edge,381,DONE,11.25768,11.28454,26.86195200021757,26.86195200021757,9.41,2.762,14.68995200021757,0.4929520002175707,14.197,0.0
S00005,IMS-CSCF,edge-A,edge,368,DONE,11.26897,11.68326,414.2915349998475,414.2915349998475,409.485,1.713,3.0935349998474635,0.45053499984749124,2.6429999999999723,0.0
S00009,IoT-GW,edge-A,edge,367,EXPIRED,11.27192,12.27474,,,1000.343,,,,,
S00008,Transcoder,core-1,core,198,DONE,11.27401,11.29522,21.201323999775923,21.201323999775923,0.08,7.098,2.023323999775922,1.3503239997759238,0.673,12.0
S00002,vRAN-DU,edge-B,edge,320,DONE,11.27914,11.35967,80.52323899983094,80.52323899983094,3.592,7.15,69.78123899983093,0.5542389998309432,69.22699999999999,0.0
S00006,IMS-CSCF,edge-B,edge,374,DONE,11.29852,11.96613,667.6151629999367,667.6151629999367,612.055,3.087,52.47316299993679,2.602162999936695,49.871000000000095,0.0
S00007,Transcoder,core-1,core,173,DONE,11.29868,11.31978,21.09960500001762,21.09960500001762,0.089,6.712,4.298605000017618,3.0676050000176183,1.2309999999999999,10.0
S00005,IMS-CSCF,edge-A,edge,369,DONE,11.29893,11.68709,388.1570029998329,388.1570029998329,383.755,3.403,0.9990029998328964,0.6320029998329346,0.3669999999999618,0.0
S00005,IMS-CSCF,edge-A,edge,370,DONE,11.30121,11.77216,470.9549809999771,470.9549809999771,385.52,84.229,1.2059809999771574,0.3459809999771437,0.8600000000000136,0.0
S00008,Transcoder,core-1,core,199,DONE,11.302,11.33303,31.02658199986763,31.02658199986763,0.111,16.339,2.5765819998676314,1.7015819998676314,0.875,12.0
S00001,vRAN-DU,edge-A,edge,350,DONE,11.30326,11.38391,80.65047600030084,80.65047600030084,68.63,11.1,0.9204760003008516,0.4174760003008373,0.5030000000000143,0.0
S00010,IoT-GW,edge-B,edge,348,EXPIRED,11.30673,12.35113,,,1002.268,,,,,
S00006,IMS-CSCF,edge-B,edge,375,DONE,11.31136,12.04695,735.58813200043,735.58813200043,615.302,82.383,37.90313200042999,0.5131320004300051,37.389999999999986,0.0
S00004,UPF,edge-B,edge,400,DONE,11.31151,11.36217,50.65946000013355,50.65946000013355,4.877,8.361,37.42146000013355,0.5474600001335475,36.874,0.0
S00009,IoT-GW,edge-A,edge,368,DONE,11.31979,12.28812,968.3244879997801,968.3244879997801,965.768,1.279,1.277487999780078,0.56248799978016,0.7149999999999181,0.0
S00009,IoT-GW,edge-A,edge,369,DONE,11.32478,12.2897,964.9192739998398,964.9192739998398,962.41,1.178,1.3312739998398229,0.7352739998398192,0.5960000000000036,0.0
S00010,IoT-GW,edge-B,edge,349,EXPIRED,11.32495,12.3522,,,1002.251,,,,,
S00010,IoT-GW,edge-B,edge,350,EXPIRED,11.3263,12.35392,,,1002.246,,,,,
S00004,UPF,edge-B,edge,401,DONE,11.32971,11.36819,38.47799200002555,38.47799200002555,13.52,4.418,20.539992000025553,0.5379920000255538,20.002,0.0
S00002,vRAN-DU,edge-B,edge,321,DONE,11.33219,11.36922,37.02912200014907,37.02912200014907,12.747,7.587,16.695122000149073,0.6311220001490696,16.064000000000004,0.0
S00002,vRAN-DU,edge-B,edge,322,DONE,11.33231,11.38166,49.34158199966987,49.34158199966987,18.064,8.361,22.91658199966987,0.7475819996698689,22.169,0.0
S00008,Transcoder,core-1,core,200,DONE,11.33426,11.38135,47.09429000013188,47.09429000013188,0.098,26.64,8.356290000131878,7.701290000131877,0.6550000000000011,12.0
S00006,IMS-CSCF,edge-B,edge,376,DONE,11.33771,12.05181,714.0926900001432,714.0926900001432,698.016,4.357,11.71969000014326,2.9026900001431386,8.817000000000121,0.0
S00009,IoT-GW,edge-A,edge,370,DONE,11.33979,12.29344,953.6505159999251,953.6505159999251,949.698,2.907,1.045515999925101,0.3785159999250709,0.66700000000003,0.0
S00007,Transcoder,core-1,core,174,DONE,11.34048,11.39948,58.99439899985737,58.99439899985737,0.149,35.049,13.796398999857367,3.26139899985737,10.534999999999997,10.0
S00009,IoT-GW,edge-A,edge,371,DONE,11.34796,12.29906,951.1050090000026,951.1050090000026,944.095,0.981,6.029009000002588,5.391009000002555,0.6380000000000337,0.0
S00004,UPF,edge-B,edge,402,DONE,11.34809,11.38173,33.64475900025354,33.64475900025354,22.537,4.199,6.908759000253546,0.9187590002535444,5.990000000000002,0.0
S00010,IoT-GW,edge-B,edge,351,EXPIRED,11.34816,12.35596,,,1001.793,,,,,
S00010,IoT-GW,edge-B,edge,352,EXPIRED,11.3482,12.35609,,,1001.784,,,,,
S00003,UPF,edge-A,edge,382,DONE,11.35183,11.38753,35.70049099971584,35.70049099971584,1.21,14.007,20.48349099971584,0.7394909997158408,19.744,0.0
S00006,IMS-CSCF,edge-B,edge,377,DONE,11.35373,12.05404,700.3075050001826,700.3075050001826,693.287,1.974,5.046505000182492,0.5355050001825248,4.510999999999967,0.0
S00004,UPF,edge-B,edge,403,DONE,11.35588,11.44882,92.93361900017771,92.93361900017771,87.206,2.163,3.5646190001777143,2.4356190001777094,1.1290000000000049,0.0
S00008,Transcoder,core-1,core,201,DONE,11.35609,11.41341,57.31567899965739,57.31567899965739,0.074,19.515,25.726678999657395,15.004678999657393,10.721999999999998,12.0
S00007,Transcoder,core-1,core,175,DONE,11.35834,11.39973,41.391656000087096,41.391656000087096,0.082,23.449,7.8606560000870935,1.088656000087095,6.7719999999999985,10.0
S00002,vRAN-DU,edge-B,edge,323,DONE,11.35968,11.38167,21.99202100018738,21.99202100018738,8.918,8.193,4.881021000187381,0.5090210001873778,4.372000000000003,0.0
S00002,vRAN-DU,edge-B,edge,324,DONE,11.36217,11.45221,90.03192699992724,90.03192699992724,14.921,72.107,3.003926999927245,0.6309269999272402,2.3730000000000047,0.0
S00002,vRAN-DU,edge-B,edge,325,DONE,11.36745,11.45596,88.50848500014763,88.50848500014763,80.423,6.497,1.588485000147628,0.8734850001476246,0.7150000000000034,0.0
S00008,Transcoder,core-1,core,202,DONE,11.36922,11.4254,56.17771900006119,56.17771900006119,0.251,22.431,21.495719000061186,11.977719000061185,9.518,12.0
S00003,UPF,edge-A,edge,383,DONE,11.3733,11.39079,17.490631000327994,17.490631000327994,13.708,2.841,0.9416310003279946,0.38463100032799247,0.5570000000000022,0.0
S00003,UPF,edge-A,edge,384,DONE,11.37663,11.39744,20.80690799994045,20.80690799994045,13.921,6.215,0.6709079999404501,0.3599079999404502,0.31099999999999994,0.0
S00009,IoT-GW,edge-A,edge,372,DONE,11.37991,12.29922,919.3105620001916,919.3105620001916,913.947,1.357,4.006562000191593,3.6155620001915167,0.3910000000000764,0.0
S00010,IoT-GW,edge-B,edge,353,DONE,11.38145,12.36789,986.4417150001827,986.4417150001827,916.633,3.807,66.00171500018268,0.5037150001827513,65.49799999999993,0.0
S00006,IMS-CSCF,edge-B,edge,378,DONE,11.38183,12.06515,683.3205180000732,683.3205180000732,613.421,3.971,65.92851800007315,0.6205180000731616,65.30799999999999,0.0
S00007,Transcoder,core-1,core,176,DONE,11.38197,11.42384,41.87050399968939,41.87050399968939,0.546,10.652,20.67250399968939,0.8185039996893906,19.854,10.0
S00010,IoT-GW,edge-B,edge,354,EXPIRED,11.38392,12.44783,,,1000.391,,,,,
S00007,Transcoder,core-1,core,177,DONE,11.38758,11.42402,36.437426999782474,36.437426999782474,0.068,15.493,10.876426999782474,2.1774269997824724,8.699000000000002,10.0
S00010,IoT-GW,edge-B,edge,355,EXPIRED,11.39041,12.44833,,,1000.386,,,,,
S00009,IoT-GW,edge-A,edge,373,DONE,11.39202,12.37594,983.9212360002421,983.9212360002421,903.005,79.678,1.2382360002420683,0.5592360002420946,0.6789999999999736,0.0
S00008,Transcoder,core-1,core,203,DONE,11.39599,11.43194,35.94953199990414,35.94953199990414,0.121,10.857,12.971531999904137,11.93653199990414,1.0350000000000001,12.0
S00010,IoT-GW,edge-B,edge,356,EXPIRED,11.39608,12.44858,,,1000.381,,,,,
S00006,IMS-CSCF,edge-B,edge,379,DONE,11.39615,12.07017,674.0190589998747,674.0190589998747,618.231,4.096,51.69205899987469,2.39605899987464,49.29600000000005,0.0
S00007,Transcoder,core-1,core,178,DONE,11.40349,11.43172,28.227430999777425,28.227430999777425,0.249,6.836,11.142430999777424,10.542430999777427,0.5999999999999996,10.0
S00001,vRAN-DU,edge-A,edge,351,DONE,11.40358,11.4731,69.52816800003347,69.52816800003347,0.432,66.056,3.040168000033475,0.9931680000334779,2.046999999999997,0.0
S00010,IoT-GW,edge-B,edge,357,EXPIRED,11.42523,12.4488,,,1000.372,,,,,
S00006,IMS-CSCF,edge-B,edge,380,DONE,11.42774,12.14836,720.6228830000327,720.6228830000327,622.78,78.23,19.612883000032753,0.5948830000327234,19.01800000000003,0.0
S00003,UPF,edge-A,edge,385,DONE,11.42789,11.48172,53.82351700018262,53.82351700018262,6.163,2.331,45.32951700018262,0.47751700018262255,44.852,0.0
S00010,IoT-GW,edge-B,edge,358,EXPIRED,11.42917,12.44893,,,1000.364,,,,,
S00006,IMS-CSCF,edge-B,edge,381,DONE,11.43173,12.16635,734.6241000000191,734.6241000000191,707.141,8.652,18.83110000001909,0.5641000000191525,18.26699999999994,0.0
S00005,IMS-CSCF,edge-A,edge,371,DONE,11.43324,11.77698,343.7345379998078,343.7345379998078,299.732,4.459,39.54353799980777,0.5215379998077765,39.02199999999999,0.0
S00009,IoT-GW,edge-A,edge,374,DONE,11.43333,12.39829,964.9572299999818,964.9572299999818,923.481,1.937,39.539229999981785,0.6102299999818115,38.928999999999974,0.0
S00003,UPF,edge-A,edge,386,DONE,11.43963,11.49113,51.50132600010693,51.50132600010693,12.694,5.52,33.28732600010693,0.6713260001069301,32.616,0.0
S00005,IMS-CSCF,edge-A,edge,372,DONE,11.44811,11.77951,331.39441200000874,331.39441200000874,305.301,1.376,24.71741200000878,0.7214120000087405,23.996000000000038,0.0
S00006,IMS-CSCF,edge-B,edge,382,DONE,11.4483,12.25103,802.7300769999783,802.7300769999783,798.434,2.762,1.5340769999784243,0.6430769999783479,0.8910000000000764,0.0
S00001,vRAN-DU,edge-A,edge,352,DONE,11.45004,11.48119,31.158675999904517,31.158675999904517,2.899,5.533,22.726675999904515,0.6186759999045179,22.107999999999997,0.0
S00002,vRAN-DU,edge-B,edge,326,DONE,11.45012,11.46258,12.461852000342333,12.461852000342333,1.363,9.503,1.595852000342333,0.45385200034233364,1.1419999999999995,0.0
S00007,Transcoder,core-1,core,179,DONE,11.45025,11.47309,22.839158999886422,22.839158999886422,0.09,10.084,2.6651589998864225,1.6761589998864217,0.9890000000000008,10.0
S00002,vRAN-DU,edge-B,edge,327,DONE,11.45226,11.46944,17.187591000038083,17.187591000038083,9.347,7.057,0.7835910000380828,0.360591000038081,0.4230000000000018,0.0
S00010,IoT-GW,edge-B,edge,359,EXPIRED,11.4573,12.46366,,,1001.184,,,,,
S00001,vRAN-DU,edge-A,edge,353,DONE,11.46066,11.48528,24.612702000013087,24.612702000013087,9.546,2.774,12.292702000013087,0.6757020000130858,11.617,0.0
S00003,UPF,edge-A,edge,387,DONE,11.46819,11.49429,26.099715999862383,26.099715999862383,18.512,3.039,4.548715999862381,0.4207159998623844,4.127999999999997,0.0
S00010,IoT-GW,edge-B,edge,360,EXPIRED,11.47319,12.47824,,,1002.709,,,,,
S00006,IMS-CSCF,edge-B,edge,383,DONE,11.47841,12.35034,871.93661099991,871.93661099991,715.248,87.143,69.54561099990997,0.5326109999100481,69.01299999999992,0.0
S00009,IoT-GW,edge-A,edge,375,DONE,11.48095,12.4013,920.3579879999779,920.3579879999779,916.164,1.888,2.3059879999779014,1.1129879999779178,1.1929999999999836,0.0
S00001,vRAN-DU,edge-A,edge,354,DONE,11.48528,11.48947,4.187804000139295,4.187804000139295,0.494,2.608,1.0858040001392943,0.5328040001392949,0.5529999999999995,0.0
S00010,IoT-GW,edge-B,edge,361,EXPIRED,11.48645,12.55249,,,1001.91,,,,,
S00001,vRAN-DU,edge-A,edge,355,DONE,11.48948,11.49707,7.592036999994889,7.592036999994889,3.551,3.058,0.9830369999948889,0.4930369999948887,0.4900000000000002,0.0
S00003,UPF,edge-A,edge,388,DONE,11.49114,11.57799,86.84696999989683,86.84696999989683,2.729,83.075,1.042969999896826,0.475969999896833,0.5669999999999931,0.0
S00008,Transcoder,core-1,core,204,DONE,11.49244,11.51373,21.291170000040438,21.291170000040438,0.149,6.558,2.5841700000404373,1.9521700000404376,0.6320000000000006,12.0
S00004,UPF,edge-B,edge,404,DONE,11.4983,11.55491,56.60930500016548,56.60930500016548,2.9,4.198,49.51130500016548,0.4803050001654796,49.031,0.0
S00001,vRAN-DU,edge-A,edge,356,DONE,11.49847,11.58129,82.82975000020087,82.82975000020087,78.655,3.281,0.8937500002008676,0.4867500002008711,0.4069999999999965,0.0
S00005,IMS-CSCF,edge-A,edge,373,DONE,11.50214,11.78489,282.7496719996816,282.7496719996816,208.824,1.404,72.52167199968159,0.4986719996816191,72.02299999999997,0.0
S00002,vRAN-DU,edge-B,edge,328,DONE,11.50645,11.55223,45.77805400003854,45.77805400003854,1.436,3.064,41.27805400003854,0.46305400003853947,40.815,0.0
S00008,Transcoder,core-1,core,205,DONE,11.51185,11.5342,22.345507999943948,22.345507999943948,0.093,6.349,3.9035079999439475,3.239507999943948,0.6639999999999997,12.0
S00004,UPF,edge-B,edge,405,DONE,11.51319,11.56126,48.06943099993077,48.06943099993077,7.532,5.471,35.06643099993077,0.9944309999307706,34.072,0.0
S00002,vRAN-DU,edge-B,edge,329,DONE,11.52216,11.55748,35.32033099963883,35.32033099963883,6.978,2.741,25.601330999638826,0.7003309996388296,24.900999999999996,0.0
S00010,IoT-GW,edge-B,edge,362,EXPIRED,11.5223,12.55251,,,1001.876,,,,,
S00007,Transcoder,core-1,core,180,DONE,11.52356,11.54237,18.810080000093876,18.810080000093876,0.14,6.264,2.4060800000938762,1.741080000093877,0.665,10.0
S00008,Transcoder,core-1,core,206,DONE,11.52371,11.54593,22.218274000351812,22.218274000351812,0.086,7.199,2.933274000351812,2.426274000351812,0.5069999999999997,12.0
S00005,IMS-CSCF,edge-A,edge,374,DONE,11.52696,11.788,261.0451840000678,261.0451840000678,210.459,2.772,47.814184000067826,0.5681840000678449,47.24599999999998,0.0
S00010,IoT-GW,edge-B,edge,363,EXPIRED,11.53123,12.55256,,,1001.87,,,,,
S00005,IMS-CSCF,edge-A,edge,375,DONE,11.53848,11.87445,335.9722340001099,335.9722340001099,213.389,86.347,36.2362340001099,0.521234000109871,35.71500000000003,0.0
S00010,IoT-GW,edge-B,edge,364,EXPIRED,11.53866,12.55258,,,1001.865,,,,,
S00009,IoT-GW,edge-A,edge,376,DONE,11.54594,12.47463,928.6807670000599,928.6807670000599,826.532,73.009,29.139767000059805,0.6607670000598773,28.478999999999928,0.0
S00003,UPF,edge-A,edge,389,DONE,11.55394,11.58373,29.798780000419356,29.798780000419356,4.611,4.528,20.659780000419357,0.5207800004193572,20.139,0.0
S00003,UPF,edge-A,edge,390,DONE,11.55876,11.58921,30.4498769996826,30.4498769996826,9.892,4.745,15.8128769996826,0.4188769996826025,15.393999999999998,0.0
S00008,Transcoder,core-1,core,207,DONE,11.56298,11.58779,24.809819999973115,24.809819999973115,0.11,8.373,4.326819999973118,3.6458199999731153,0.6810000000000009,12.0
S00002,vRAN-DU,edge-B,edge,330,DONE,11.56664,11.65242,85.78633000024638,85.78633000024638,78.837,5.71,1.2393300002463832,0.3433300002463824,0.8960000000000008,0.0
S00010,IoT-GW,edge-B,edge,365,DONE,11.56713,12.57563,1008.5049340000296,1008.5049340000296,906.557,5.108,96.83993400002964,17.977934000029563,78.86200000000008,0.0
S00010,IoT-GW,edge-B,edge,366,EXPIRED,11.56725,12.6495,,,1001.097,,,,,
S00009,IoT-GW,edge-A,edge,377,DONE,11.57022,12.49462,924.4078079996143,924.4078079996143,917.199,2.339,4.869807999614295,0.848807999614337,4.020999999999958,0.0
S00003,UPF,edge-A,edge,391,DONE,11.57031,11.59296,22.64517399999022,22.64517399999022,14.815,3.386,4.44417399999022,0.8031739999902214,3.6409999999999982,0.0
S00001,vRAN-DU,edge-A,edge,357,DONE,11.57516,11.58844,13.28078500000629,13.28078500000629,6.39,3.464,3.4267850000062907,0.9197850000062893,2.5070000000000014,0.0
S00004,UPF,edge-B,edge,406,DONE,11.58256,11.65015,67.59497500024736,67.59497500024736,1.129,2.328,64.13797500024737,0.5399750002473525,63.598000000000006,0.0
S00002,vRAN-DU,edge-B,edge,331,DONE,11.58438,11.66073,76.35677999996915,76.35677999996915,6.273,7.848,62.235779999969154,0.7187799999691435,61.51700000000001,0.0
S00010,IoT-GW,edge-B,edge,367,EXPIRED,11.5878,12.64955,,,1001.074,,,,,
S00010,IoT-GW,edge-B,edge,368,EXPIRED,11.59041,12.64957,,,1001.069,,,,,
S00004,UPF,edge-B,edge,407,DONE,11.59051,11.65555,65.03424200036534,65.03424200036534,6.799,2.153,56.08224200036534,0.449242000365345,55.632999999999996,0.0
S00002,vRAN-DU,edge-B,edge,332,DONE,11.5923,11.66109,68.78744699997696,68.78744699997696,9.426,4.692,54.66944699997696,0.5854469999769663,54.083999999999996,0.0
S00010,IoT-GW,edge-B,edge,369,EXPIRED,11.59416,12.64957,,,1001.055,,,,,
S00008,Transcoder,core-1,core,208,DONE,11.59649,11.61674,20.24536299995816,20.24536299995816,0.088,6.04,2.1173629999581607,1.3183629999581612,0.7989999999999995,12.0
S00005,IMS-CSCF,edge-A,edge,376,DONE,11.60184,11.88439,282.55469500027175,282.55469500027175,208.832,3.869,69.85369500027176,0.5836950002717458,69.27000000000001,0.0
S00009,IoT-GW,edge-A,edge,378,EXPIRED,11.61639,12.67343,,,1001.077,,,,,
S00006,IMS-CSCF,edge-B,edge,384,DONE,11.61656,12.36374,747.1829420001086,747.1829420001086,711.347,3.381,32.454942000108645,0.7319420001085746,31.72300000000007,0.0
S00002,vRAN-DU,edge-B,edge,333,DONE,11.61795,11.66443,46.48075900013282,46.48075900013282,14.849,2.725,28.90675900013282,0.6467590001328176,28.26,0.0
S00002,vRAN-DU,edge-B,edge,334,DONE,11.62234,11.66868,46.33797099995718,46.33797099995718,19.621,2.421,24.29597099995718,0.42297099995717957,23.873,0.0
S00001,vRAN-DU,edge-A,edge,358,DONE,11.62369,11.67635,52.65356000018073,52.65356000018073,1.082,3.582,47.98956000018073,0.4535600001807296,47.536,0.0
S00010,IoT-GW,edge-B,edge,370,EXPIRED,11.63112,12.64958,,,1001.034,,,,,
S00006,IMS-CSCF,edge-B,edge,385,DONE,11.63456,12.45759,823.0323249999856,823.0323249999856,808.915,2.022,12.095324999985564,0.46732499998552157,11.628000000000043,0.0
S00010,IoT-GW,edge-B,edge,371,EXPIRED,11.63696,12.64959,,,1001.017,,,,,
S00002,vRAN-DU,edge-B,edge,335,DONE,11.64401,11.75077,106.75882999976238,106.75882999976238,99.737,3.431,3.5908299997623914,0.6318299997623882,2.959000000000003,0.0
S00002,vRAN-DU,edge-B,edge,336,DONE,11.64774,11.75252,104.77911899988612,104.77911899988612,98.504,5.354,0.9211189998861187,0.39411899988611765,0.527000000000001,0.0
S00003,UPF,edge-A,edge,392,DONE,11.64785,11.67556,27.714011000171013,27.714011000171013,1.816,2.021,23.877011000171013,2.0590110001710116,21.818,0.0
S00009,IoT-GW,edge-A,edge,379,EXPIRED,11.64791,12.67343,,,1001.052,,,,,
S00004,UPF,edge-B,edge,408,DONE,11.64917,11.74886,99.69877200001065,99.69877200001065,11.816,84.982,2.9007720000106474,2.2617720000106516,0.6389999999999958,0.0
S00007,Transcoder,core-1,core,181,DONE,11.65016,11.6691,18.93508099965402,18.93508099965402,0.085,7.084,1.7660809996540188,1.2540809996540183,0.5120000000000005,10.0
S00009,IoT-GW,edge-A,edge,380,EXPIRED,11.65029,12.67345,,,1001.047,,,,,
S00006,IMS-CSCF,edge-B,edge,386,DONE,11.65674,12.57562,918.8763239999389,918.8763239999389,895.519,1.771,21.58632399993894,21.20132399993895,0.3849999999999909,0.0
S00003,UPF,edge-A,edge,393,DONE,11.66018,11.6796,19.418702000166377,19.418702000166377,4.803,2.995,11.620702000166377,0.4707020001663764,11.15,0.0
S00005,IMS-CSCF,edge-A,edge,377,DONE,11.66444,11.90145,237.01141500032463,237.01141500032463,228.167,1.367,7.4774150003246405,0.47841500032464523,6.998999999999995,0.0
S00005,IMS-CSCF,edge-A,edge,378,DONE,11.67643,11.97338,296.9487539999136,296.9487539999136,224.787,70.649,1.5127539999135706,0.4277539999135911,1.0849999999999795,0.0
S00003,UPF,edge-A,edge,394,DONE,11.68097,11.68584,4.874113999903784,4.874113999903784,0.993,2.188,1.693113999903784,0.7471139999037844,0.9459999999999997,0.0
S00001,vRAN-DU,edge-A,edge,359,DONE,11.68333,11.68938,6.051622000086354,6.051622000086354,1.737,3.399,0.915622000086354,0.5506220000863538,0.3650000000000002,0.0
S00004,UPF,edge-B,edge,409,DONE,11.68585,11.75387,68.01789399969493,68.01789399969493,3.274,3.016,61.727893999694935,1.2108939996949317,60.517,0.0
S00001,vRAN-DU,edge-A,edge,360,DONE,11.68595,11.77307,87.11676900020393,87.11676900020393,2.047,83.324,1.7457690002039357,0.7727690002039367,0.972999999999999,0.0
S00002,vRAN-DU,edge-B,edge,337,DONE,11.70187,11.75874,56.86987500030227,56.86987500030227,6.801,3.869,46.19987500030227,0.769875000302271,45.43,0.0
S00002,vRAN-DU,edge-B,edge,338,DONE,11.70537,11.76465,59.28223699993396,59.28223699993396,12.451,4.887,41.944236999933956,0.7302369999339575,41.214,0.0
S00005,IMS-CSCF,edge-A,edge,379,DONE,11.70988,11.98141,271.52473400019517,271.52473400019517,207.306,1.735,62.48373400019514,0.5687340001951497,61.91499999999999,0.0
S00004,UPF,edge-B,edge,410,DONE,11.71228,11.76229,50.010728999950516,50.010728999950516,12.065,2.996,34.949728999950516,0.5677289999505177,34.382,0.0
S00006,IMS-CSCF,edge-B,edge,387,DONE,11.72283,12.57569,852.8605020001123,852.8605020001123,816.986,3.626,32.24850200011235,8.616502000112291,23.632000000000062,0.0
S00003,UPF,edge-A,edge,395,DONE,11.72632,11.78192,55.59215699986453,55.59215699986453,5.506,3.767,46.31915699986453,0.8581569998645264,45.461,0.0
S00010,IoT-GW,edge-B,edge,372,DONE,11.72976,12.65424,924.4835409999723,924.4835409999723,901.343,3.502,19.638540999972406,0.9165409999723124,18.722000000000094,0.0
S00002,vRAN-DU,edge-B,edge,339,DONE,11.73325,11.84874,115.49471600028482,115.49471600028482,15.855,85.44,14.199716000284823,0.9687160002848287,13.230999999999995,0.0
S00006,IMS-CSCF,edge-B,edge,388,DONE,11.75078,12.64948,898.7028209999153,898.7028209999153,814.835,79.013,4.854820999915205,2.6288209999153196,2.2259999999998854,0.0
S00003,UPF,edge-A,edge,396,DONE,11.75144,11.78588,34.44456799979889,34.44456799979889,9.727,3.575,21.142567999798892,0.5175679997988922,20.625,0.0
S00002,vRAN-DU,edge-B,edge,340,DONE,11.75388,11.85844,104.5565079998596,104.5565079998596,91.708,5.159,7.6895079998596,3.3075079998596095,4.381999999999991,0.0
S00005,IMS-CSCF,edge-A,edge,380,DONE,11.75513,11.99188,236.7422400002397,236.7422400002397,210.221,8.685,17.836240000239684,0.8212400002396976,17.014999999999986,0.0
S00001,vRAN-DU,edge-A,edge,361,DONE,11.75742,11.77744,20.021642000301654,20.021642000301654,0.863,3.641,15.517642000301654,0.4896420003016537,15.028,0.0
S00004,UPF,edge-B,edge,411,DONE,11.75751,11.85071,93.19751099974383,93.19751099974383,5.027,85.62,2.550510999743821,0.7095109997438271,1.840999999999994,0.0
S00004,UPF,edge-B,edge,412,DONE,11.7617,11.85449,92.78718399991703,92.78718399991703,88.985,1.982,1.8201839999170346,0.660183999917038,1.1599999999999966,0.0
S00001,vRAN-DU,edge-A,edge,362,DONE,11.76189,11.78341,21.52126600003612,21.52126600003612,7.145,3.639,10.737266000036122,0.8822660000361218,9.855,0.0
S00002,vRAN-DU,edge-B,edge,341,DONE,11.76909,11.85846,89.37023099997532,89.37023099997532,83.932,2.945,2.4932309999753244,0.7472309999753151,1.7460000000000093,0.0
S00005,IMS-CSCF,edge-A,edge,381,DONE,11.77046,11.99453,224.06903000000966,224.06903000000966,219.289,2.811,1.969030000009667,0.6520300000096597,1.3170000000000073,0.0
S00003,UPF,edge-A,edge,397,DONE,11.77952,11.87218,92.6672629998393,92.6672629998393,5.414,85.828,1.4252629998392905,0.5462629998392998,0.8789999999999907,0.0
S00002,vRAN-DU,edge-B,edge,342,DONE,11.78471,11.86272,78.00394800005961,78.00394800005961,69.682,6.376,1.9459480000596017,0.9429480000596016,1.0030000000000001,0.0
S00007,Transcoder,core-1,core,182,DONE,11.78807,11.80991,21.836902999893937,21.836902999893937,0.14,7.017,4.679902999893937,1.1159029998939367,3.564,10.0
S00010,IoT-GW,edge-B,edge,373,DONE,11.78818,12.6685,880.3153999997448,880.3153999997448,877.84,1.35,1.1253999997447863,0.5543999997448736,0.5709999999999127,0.0
S00005,IMS-CSCF,edge-A,edge,382,DONE,11.7972,12.07209,274.8840320000454,274.8840320000454,125.438,73.962,75.4840320000454,0.8100320000453962,74.674,0.0
S00003,UPF,edge-A,edge,398,DONE,11.79855,11.88061,82.06009100013034,82.06009100013034,3.086,5.012,73.96209100013034,0.563091000130342,73.399,0.0
S00005,IMS-CSCF,edge-A,edge,383,DONE,11.80699,12.07482,267.8337139996074,267.8337139996074,199.656,2.632,65.54571399960741,0.6737139996074006,64.87200000000001,0.0
S00003,UPF,edge-A,edge,399,DONE,11.81114,11.89641,85.26654500019504,85.26654500019504,19.597,4.545,61.124545000195035,0.6485450001950426,60.47599999999999,0.0
S00004,UPF,edge-B,edge,413,DONE,11.82168,11.86963,47.949385000265465,47.949385000265465,11.17,9.018,27.761385000265463,3.818385000265465,23.942999999999998,0.0
S00006,IMS-CSCF,edge-B,edge,389,DONE,11.8262,12.6596,833.3916520000457,833.3916520000457,807.888,5.187,20.31665200004568,0.6376520000457049,19.678999999999974,0.0
S00006,IMS-CSCF,edge-B,edge,390,DONE,11.83674,12.66602,829.2798920001587,829.2798920001587,813.239,6.391,9.64989200015873,0.6748920001587067,8.975000000000023,0.0
S00003,UPF,edge-A,edge,400,DONE,11.83696,11.90224,65.27702399989721,65.27702399989721,24.533,5.683,35.06102399989721,0.8810239998972094,34.18,0.0
S00001,vRAN-DU,edge-A,edge,363,DONE,11.84338,11.89175,48.37727799986169,48.37727799986169,2.348,16.642,29.38727799986169,0.6632779998616911,28.724,0.0
S00006,IMS-CSCF,edge-B,edge,391,DONE,11.84592,12.67182,825.9049980001691,825.9049980001691,821.552,1.919,2.43399800016914,1.1859980001690928,1.2480000000000473,0.0
S00010,IoT-GW,edge-B,edge,374,DONE,11.84633,12.76006,913.7319559999924,913.7319559999924,910.673,0.716,2.3429559999923413,1.3009559999923113,1.04200000000003,0.0
S00008,Transcoder,core-1,core,209,DONE,11.84639,11.88202,35.627466999812896,35.627466999812896,0.054,19.159,4.414466999812898,1.977466999812897,2.437000000000001,12.0
S00006,IMS-CSCF,edge-B,edge,392,DONE,11.84876,12.75258,903.825142000187,903.825142000187,823.087,78.983,1.7551420001871065,0.4521420001869956,1.303000000000111,0.0
S00007,Transcoder,core-1,core,183,DONE,11.84886,11.88879,39.937481000379194,39.937481000379194,0.123,21.369,8.445481000379193,4.902481000379193,3.5429999999999993,10.0
S00010,IoT-GW,edge-B,edge,375,DONE,11.8523,12.84902,996.7263380003715,996.7263380003715,994.436,1.46,0.8303380003713983,0.3793380003714901,0.45099999999990814,0.0
S00005,IMS-CSCF,edge-A,edge,384,DONE,11.8539,12.0906,236.69748400016033,236.69748400016033,208.248,9.69,18.75948400016034,0.6764840001603432,18.083,0.0
S00001,vRAN-DU,edge-A,edge,364,DONE,11.86081,11.89051,29.703807000259985,29.703807000259985,12.667,5.621,11.415807000259985,0.562807000259987,10.852999999999998,0.0
S00005,IMS-CSCF,edge-A,edge,385,DONE,11.86602,12.09278,226.75992799986489,226.75992799986489,218.209,1.682,6.868927999864894,0.638927999864876,6.230000000000018,0.0
S00006,IMS-CSCF,edge-B,edge,393,DONE,11.86968,12.76423,894.5507940002244,894.5507940002244,815.103,2.76,76.68779400022447,0.38979400022446953,76.298,0.0
S00005,IMS-CSCF,edge-A,edge,386,DONE,11.86977,12.09385,224.08363500017003,224.08363500017003,220.064,1.454,2.565635000170033,0.7806350001700366,1.7849999999999966,0.0
S00001,vRAN-DU,edge-A,edge,365,DONE,11.86988,11.89926,29.38416999995752,29.38416999995752,20.124,7.025,2.2351699999575203,0.6201699999575219,1.6149999999999984,0.0
S00006,IMS-CSCF,edge-B,edge,394,DONE,11.87219,12.76612,893.9263370002664,893.9263370002664,818.183,1.271,74.4723370002664,0.38633700026639417,74.08600000000001,0.0
S00009,IoT-GW,edge-A,edge,381,EXPIRED,11.8751,12.88147,,,1001.445,,,,,
S00009,IoT-GW,edge-A,edge,382,EXPIRED,11.8791,12.88154,,,1000.078,,,,,
S00006,IMS-CSCF,edge-B,edge,395,DONE,11.87921,12.8573,978.0904640001609,978.0904640001609,909.299,1.44,67.35146400016083,0.5084640001608705,66.84299999999996,0.0
S00006,IMS-CSCF,edge-B,edge,396,DONE,11.88202,12.86355,981.5296239999043,981.5296239999043,912.076,4.277,65.17662399990422,0.671623999904341,64.50499999999988,0.0
S00009,IoT-GW,edge-A,edge,383,EXPIRED,11.88209,12.88285,,,1000.028,,,,,
S00006,IMS-CSCF,edge-B,edge,397,EXPIRED,11.88221,12.94899,,,1000.565,,,,,
S00002,vRAN-DU,edge-B,edge,343,DONE,11.8844,11.95132,66.92347000034715,66.92347000034715,1.056,3.448,62.419470000347154,0.5134700003471551,61.906,0.0
S00006,IMS-CSCF,edge-B,edge,398,EXPIRED,11.89642,12.949,,,1000.547,,,,,
S00010,IoT-GW,edge-B,edge,376,DONE,11.89817,12.86487,966.6945280000618,966.6945280000618,916.748,1.637,48.309528000061846,0.4545280000618277,47.85500000000002,0.0
S00005,IMS-CSCF,edge-A,edge,387,DONE,11.89826,12.0951,196.83829199993852,196.83829199993852,194.164,1.113,1.5612919999385326,0.7032919999385285,0.8580000000000041,0.0
S00004,UPF,edge-B,edge,414,DONE,11.9095,11.95241,42.91047600008824,42.91047600008824,2.147,3.544,37.219476000088235,0.9254760000882385,36.294,0.0
S00003,UPF,edge-A,edge,401,DONE,11.91006,11.97951,69.45300000006682,69.45300000006682,2.975,4.63,61.84800000006682,0.5510000000668214,61.297,0.0
S00002,vRAN-DU,edge-B,edge,344,DONE,11.92245,11.95572,33.26468200020827,33.26468200020827,5.99,3.079,24.195682000208265,0.6696820002082688,23.525999999999996,0.0
S00010,IoT-GW,edge-B,edge,377,EXPIRED,11.92488,12.94901,,,1000.527,,,,,
S00005,IMS-CSCF,edge-A,edge,388,DONE,11.93593,12.17345,237.51632500034248,237.51632500034248,123.555,78.201,35.760325000342476,0.6373250003424857,35.12299999999999,0.0
S00010,IoT-GW,edge-B,edge,378,EXPIRED,11.9361,12.94902,,,1000.523,,,,,
S00003,UPF,edge-A,edge,402,DONE,11.94042,11.99066,50.24110100021062,50.24110100021062,10.207,4.112,35.92210100021062,4.976101000210619,30.945999999999998,0.0
S00010,IoT-GW,edge-B,edge,379,EXPIRED,11.94596,12.94904,,,1001.209,,,,,
S00010,IoT-GW,edge-B,edge,380,EXPIRED,11.94781,12.9497,,,1000.803,,,,,
S00005,IMS-CSCF,edge-A,edge,389,DONE,11.94931,12.18094,231.62949699963065,231.62949699963065,206.068,1.72,23.841496999630635,0.7074969996306493,23.133999999999986,0.0
S00006,IMS-CSCF,edge-B,edge,399,DONE,11.94994,12.95208,1002.1462730001076,1002.1462730001076,996.92,2.981,2.245273000107659,1.109273000107578,1.136000000000081,0.0
S00007,Transcoder,core-1,core,184,DONE,11.95134,11.97693,25.590356000066095,25.590356000066095,0.091,12.809,2.690356000066096,1.3633560000660943,1.3270000000000017,10.0
S00002,vRAN-DU,edge-B,edge,345,DONE,11.96016,11.96665,6.490879000011773,6.490879000011773,1.015,2.719,2.7568790000117733,0.4378790000117734,2.319,0.0
S00004,UPF,edge-B,edge,415,DONE,11.96614,11.96997,3.8310469999487395,3.8310469999487395,0.542,2.231,1.0580469999487399,0.6150469999487393,0.4430000000000005,0.0
S00001,vRAN-DU,edge-A,edge,366,DONE,11.96784,11.98068,12.837576000038098,12.837576000038098,2.3,6.031,4.506576000038098,0.9085760000380976,3.5980000000000008,0.0
S00010,IoT-GW,edge-B,edge,381,DONE,11.96797,12.95943,991.4603349998288,991.4603349998288,989.713,0.931,0.8163349998287686,0.28033499982882404,0.5359999999999445,0.0
S00005,IMS-CSCF,edge-A,edge,390,DONE,11.97146,12.19029,218.8332620003166,218.8332620003166,216.27,1.5,1.0632620003165982,0.32326200031661756,0.7399999999999807,0.0
S00008,Transcoder,core-1,core,210,DONE,11.97594,12.00164,25.696614000025875,25.696614000025875,0.082,11.753,1.8616140000258738,1.2096140000258746,0.6519999999999992,12.0
S00007,Transcoder,core-1,core,185,DONE,11.98322,12.00792,24.705003000235592,24.705003000235592,0.139,11.752,2.8140030002355925,1.8750030002355924,0.9390000000000001,10.0
S00003,UPF,edge-A,edge,403,DONE,11.99067,11.99749,6.819252999775927,6.819252999775927,1.418,2.635,2.7662529997759266,0.775252999775927,1.9909999999999997,0.0
S00003,UPF,edge-A,edge,404,DONE,11.9919,12.07211,80.20514700001513,80.20514700001513,6.603,71.619,1.983147000015137,0.5241470000151338,1.4590000000000032,0.0
S00007,Transcoder,core-1,core,186,DONE,11.99207,12.01653,24.46435299998484,24.46435299998484,0.521,12.282,1.6613529999848389,1.0673529999848395,0.5939999999999994,10.0
S00007,Transcoder,core-1,core,187,DONE,11.99344,12.01786,24.420036999799777,24.420036999799777,1.165,10.233,3.022036999799777,2.561036999799777,0.4610000000000003,10.0
S00010,IoT-GW,edge-B,edge,382,EXPIRED,11.9975,13.04858,,,1000.18,,,,,
S00010,IoT-GW,edge-B,edge,383,EXPIRED,12.00286,13.0486,,,1000.168,,,,,
S00002,vRAN-DU,edge-B,edge,346,DONE,12.00692,12.05183,44.90884500000902,44.90884500000902,1.611,2.793,40.50484500000903,0.9718450000090257,39.533,0.0
S00003,UPF,edge-A,edge,405,DONE,12.01116,12.08426,73.10103700001491,73.10103700001491,7.681,4.187,61.23303700001491,0.697037000014916,60.535999999999994,0.0
S00002,vRAN-DU,edge-B,edge,347,DONE,12.01126,12.06518,53.91424800018285,53.91424800018285,7.194,10.637,36.08324800018285,0.575248000182853,35.507999999999996,0.0
S00005,IMS-CSCF,edge-A,edge,391,DONE,12.01251,12.27286,260.3542910001124,260.3542910001124,121.576,78.849,59.929291000112414,0.6722910001124092,59.257000000000005,0.0
S00001,vRAN-DU,edge-A,edge,367,DONE,12.01385,12.08054,66.68215599984251,66.68215599984251,2.465,4.926,59.29115599984251,0.6341559998425055,58.657000000000004,0.0
S00010,IoT-GW,edge-B,edge,384,EXPIRED,12.0342,13.0486,,,1000.147,,,,,
S00008,Transcoder,core-1,core,211,DONE,12.04171,12.06524,23.532583999894996,23.532583999894996,0.082,8.978,2.4725839998949954,1.7835839998949954,0.6890000000000001,12.0
S00005,IMS-CSCF,edge-A,edge,392,DONE,12.04312,12.28162,238.5005680002905,238.5005680002905,207.184,2.09,29.226568000290513,0.8645680002905181,28.361999999999995,0.0
S00004,UPF,edge-B,edge,416,DONE,12.04646,12.06054,14.078891000281146,14.078891000281146,3.838,8.85,1.3908910002811474,0.6708910002811468,0.7200000000000006,0.0
S00005,IMS-CSCF,edge-A,edge,393,DONE,12.05184,12.28813,236.29649500026062,236.29649500026062,214.356,1.359,20.581495000260617,0.627495000260609,19.954000000000008,0.0
S00005,IMS-CSCF,edge-A,edge,394,DONE,12.05524,12.29006,234.813092999957,234.813092999957,215.976,1.629,17.208092999957017,1.168092999956997,16.04000000000002,0.0
S00004,UPF,edge-B,edge,417,DONE,12.0629,12.14773,84.82929999991029,84.82929999991029,0.278,81.544,3.0072999999102876,1.4972999999102967,1.509999999999991,0.0
S00006,IMS-CSCF,edge-B,edge,400,DONE,12.06862,12.95799,889.3744249999145,889.3744249999145,886.319,1.467,1.5884249999145368,0.5604249999145168,1.02800000000002,0.0
S00010,IoT-GW,edge-B,edge,385,DONE,12.0792,13.05308,973.8741810001557,973.8741810001557,900.048,2.839,70.9871810001556,0.7241810001556814,70.26299999999992,0.0
S00001,vRAN-DU,edge-A,edge,368,DONE,12.08431,12.09053,6.2224769999374985,6.2224769999374985,1.024,3.294,1.9044769999374989,1.0384769999374983,0.8660000000000005,0.0
S00002,vRAN-DU,edge-B,edge,348,DONE,12.08859,12.15772,69.1261920001125,69.1261920001125,1.213,8.397,59.5161920001125,0.999192000112501,58.516999999999996,0.0
S00002,vRAN-DU,edge-B,edge,349,DONE,12.09061,12.16342,72.80998099986391,72.80998099986391,10.563,5.027,57.21998099986391,0.6679809998639143,56.55199999999999,0.0
S00005,IMS-CSCF,edge-A,edge,395,DONE,12.09125,12.29301,201.75610100022823,201.75610100022823,198.059,2.222,1.4751010002282214,0.6931010002282392,0.7819999999999823,0.0
S00002,vRAN-DU,edge-B,edge,350,DONE,12.09134,12.24824,156.9013849998555,156.9013849998555,18.421,81.479,57.0013849998555,1.0383849998555092,55.962999999999994,0.0
S00008,Transcoder,core-1,core,212,DONE,12.09387,12.1157,21.828808999998728,21.828808999998728,0.085,6.412,3.331808999998728,2.143808999998729,1.1879999999999997,12.0
S00009,IoT-GW,edge-A,edge,384,DONE,12.09511,12.89133,796.2252550000812,796.2252550000812,716.375,1.96,77.8902550000812,0.3332550000811807,77.55700000000002,0.0
S00001,vRAN-DU,edge-A,edge,369,DONE,12.10115,12.17804,76.89191700001174,76.89191700001174,0.593,3.685,72.61391700001174,0.6639170000117502,71.94999999999999,0.0
S00010,IoT-GW,edge-B,edge,386,DONE,12.10977,13.07038,960.6137079999826,960.6137079999826,919.777,2.348,38.48870799998258,1.0217079999825955,37.466999999999985,0.0
S00004,UPF,edge-B,edge,418,DONE,12.11343,12.15405,40.627144999689335,40.627144999689335,2.996,2.811,34.82014499968933,1.0641449996893328,33.756,0.0
S00005,IMS-CSCF,edge-A,edge,396,DONE,12.11579,12.29921,183.41755700021167,183.41755700021167,119.876,1.977,61.564557000211664,4.743557000211666,56.821,0.0
S00005,IMS-CSCF,edge-A,edge,397,DONE,12.12076,12.37243,251.6623179999442,251.6623179999442,122.018,77.295,52.34931799994422,0.7163179999442093,51.63300000000001,0.0
S00001,vRAN-DU,edge-A,edge,370,DONE,12.12946,12.18562,56.15569300016432,56.15569300016432,6.604,5.946,43.60569300016432,0.8916930001643166,42.714,0.0
S00002,vRAN-DU,edge-B,edge,351,DONE,12.12999,12.24777,117.78348999996524,117.78348999996524,18.54,81.31,17.933489999965246,0.8154899999652372,17.11800000000001,0.0
S00010,IoT-GW,edge-B,edge,387,DONE,12.13012,13.14843,1018.3034149999912,1018.3034149999912,922.487,77.696,18.120414999991226,1.5484149999912233,16.572000000000003,0.0
S00001,vRAN-DU,edge-A,edge,371,DONE,12.13354,12.18844,54.90607400042791,54.90607400042791,12.05,3.308,39.5480740004279,0.6970740004279037,38.851,0.0
S00003,UPF,edge-A,edge,406,DONE,12.13609,12.18289,46.801846000107616,46.801846000107616,4.485,5.174,37.14284600010762,0.6948460001076171,36.448,0.0
S00003,UPF,edge-A,edge,407,DONE,12.13772,12.18499,47.26728300011018,47.26728300011018,9.838,1.845,35.58428300011018,0.7852830001101836,34.799,0.0
S00005,IMS-CSCF,edge-A,edge,398,DONE,12.13798,12.38227,244.29207000002862,244.29207000002862,205.422,3.317,35.55307000002861,0.9150700000286065,34.638000000000005,0.0
S00009,IoT-GW,edge-A,edge,385,DONE,12.15038,12.97841,828.0378239996935,828.0378239996935,800.402,4.218,23.417823999693496,0.6058239996934844,22.812000000000012,0.0
S00004,UPF,edge-B,edge,419,DONE,12.15747,12.25191,94.43854700020893,94.43854700020893,81.981,3.981,8.476547000208939,4.404547000208922,4.072000000000017,0.0
S00001,vRAN-DU,edge-A,edge,372,DONE,12.16344,12.1901,26.6588720000982,26.6588720000982,12.69,4.297,9.671872000098201,0.5198720000982,9.152000000000001,0.0
S00001,vRAN-DU,edge-A,edge,373,DONE,12.17002,12.19434,24.318910000147298,24.318910000147298,17.317,3.076,3.9259100001472973,0.9789100001472981,2.946999999999999,0.0
S00007,Transcoder,core-1,core,188,DONE,12.17018,12.20095,30.77084799997465,30.77084799997465,0.089,17.78,2.901847999974649,2.23684799997465,0.6649999999999991,10.0
S00004,UPF,edge-B,edge,420,DONE,12.17573,12.25503,79.30105500008722,79.30105500008722,5.502,2.931,70.86805500008722,0.5260550000872115,70.34200000000001,0.0
S00002,vRAN-DU,edge-B,edge,352,DONE,12.17712,12.25874,81.61725799982378,81.61725799982378,4.28,7.652,69.68525799982378,0.8762579998237783,68.809,0.0
S00009,IoT-GW,edge-A,edge,386,DONE,12.18026,13.07511,894.8539170000913,894.8539170000913,814.899,76.839,3.115917000091258,1.6669170000913027,1.4489999999999554,0.0
S00001,vRAN-DU,edge-A,edge,374,DONE,12.1829,12.27991,97.00580199978504,97.00580199978504,5.325,88.253,3.427801999785032,0.7918019997850365,2.6359999999999957,0.0
S00010,IoT-GW,edge-B,edge,388,DONE,12.18298,13.25377,1070.7889039999827,1070.7889039999827,918.106,87.823,64.85990399998275,8.763903999982631,56.09600000000012,0.0
S00004,UPF,edge-B,edge,421,DONE,12.185,12.263,77.99535999993168,77.99535999993168,13.377,2.819,61.79935999993168,5.916359999931686,55.882999999999996,0.0
S00006,IMS-CSCF,edge-B,edge,401,DONE,12.18785,12.96999,782.139086999905,782.139086999905,719.921,3.238,58.98008699990487,3.1950869999050155,55.784999999999854,0.0
S00006,IMS-CSCF,edge-B,edge,402,DONE,12.18795,13.05318,865.230241000063,865.230241000063,800.809,2.927,61.49424100006297,3.068241000062926,58.426000000000045,0.0
S00010,IoT-GW,edge-B,edge,389,EXPIRED,12.18799,13.25373,,,1002.724,,,,,
S00006,IMS-CSCF,edge-B,edge,403,DONE,12.18802,13.06238,874.3609269999979,874.3609269999979,812.078,3.569,58.713926999997966,3.0759269999979324,55.638000000000034,0.0
S00006,IMS-CSCF,edge-B,edge,404,DONE,12.18969,13.06731,877.624821000154,877.624821000154,818.89,1.525,57.20982100015408,1.4988210001540665,55.71100000000001,0.0
S00010,IoT-GW,edge-B,edge,390,EXPIRED,12.19471,13.25375,,,1002.71,,,,,
S00010,IoT-GW,edge-B,edge,391,EXPIRED,12.19702,13.25376,,,1002.705,,,,,
S00005,IMS-CSCF,edge-A,edge,399,DONE,12.19718,12.39729,200.1155549996838,200.1155549996838,197.305,1.863,0.9475549996838026,0.4415549996838024,0.5060000000000002,0.0
S00007,Transcoder,core-1,core,189,DONE,12.2032,12.2222,19.00799199984249,19.00799199984249,0.086,6.956,1.9659919998424868,1.3179919998424872,0.6479999999999997,10.0
S00004,UPF,edge-B,edge,422,DONE,12.20547,12.35639,150.91419500004122,150.91419500004122,106.074,2.596,42.244195000041216,0.6741950000412089,41.57000000000001,0.0
S00001,vRAN-DU,edge-A,edge,375,DONE,12.21394,12.27993,65.98736000023564,65.98736000023564,56.866,6.129,2.9923600002356423,0.6303600002356404,2.362000000000002,0.0
S00004,UPF,edge-B,edge,423,DONE,12.22137,12.35837,136.9978180000544,136.9978180000544,108.862,2.309,25.826818000054402,1.0708180000544019,24.756,0.0
S00002,vRAN-DU,edge-B,edge,353,DONE,12.22197,12.26245,40.47619400034819,40.47619400034819,8.744,4.35,27.382194000348186,0.5661940003481902,26.815999999999995,0.0
S00007,Transcoder,core-1,core,190,DONE,12.22222,12.24094,18.726598999819544,18.726598999819544,0.173,6.057,2.4965989998195433,1.735598999819544,0.7609999999999992,10.0
S00001,vRAN-DU,edge-A,edge,376,DONE,12.22653,12.2861,59.57555200029674,59.57555200029674,7.862,6.067,45.64655200029674,0.5115520002967386,45.135,0.0
S00009,IoT-GW,edge-A,edge,387,DONE,12.22787,13.08321,855.3448329998901,855.3448329998901,809.56,2.007,43.777832999890165,0.5518329998900526,43.22600000000011,0.0
S00004,UPF,edge-B,edge,424,DONE,12.23016,12.45416,224.00028799984284,224.00028799984284,200.027,5.417,18.55628799984285,0.5112879998428355,18.045000000000016,0.0
S00002,vRAN-DU,edge-B,edge,354,DONE,12.23069,12.349,118.30801299993254,118.30801299993254,12.093,89.554,16.661012999932538,0.6180129999325459,16.042999999999992,0.0
S00005,IMS-CSCF,edge-A,edge,400,DONE,12.24429,12.39998,155.69503300002907,155.69503300002907,125.944,2.004,27.747033000029063,0.6640330000290646,27.083,0.0
S00006,IMS-CSCF,edge-B,edge,405,DONE,12.24698,13.14839,901.4025060000677,901.4025060000677,817.326,78.918,5.158506000067632,1.9975060000676876,3.1609999999999445,0.0
S00005,IMS-CSCF,edge-A,edge,401,DONE,12.2505,12.47461,224.10484500005623,224.10484500005623,128.336,74.014,21.754845000056207,1.3338450000562432,20.420999999999964,0.0
S00004,UPF,edge-B,edge,425,DONE,12.25417,12.45565,201.4806500001214,201.4806500001214,196.883,3.376,1.2216500001213717,0.4616500001213808,0.7599999999999909,0.0
S00005,IMS-CSCF,edge-A,edge,402,DONE,12.26307,12.48407,220.9969219998129,220.9969219998129,208.757,2.871,9.368921999812898,0.732921999812902,8.635999999999996,0.0
S00009,IoT-GW,edge-A,edge,388,DONE,12.26646,13.08895,822.492388000228,822.492388000228,816.295,0.932,5.265388000227972,0.5193880002279911,4.745999999999981,0.0
S00001,vRAN-DU,edge-A,edge,377,DONE,12.26785,12.28604,18.187997000040923,18.187997000040923,9.791,4.073,4.323997000040922,0.8259970000409247,3.4979999999999976,0.0
S00005,IMS-CSCF,edge-A,edge,403,DONE,12.27197,12.49318,221.20957100014493,221.20957100014493,215.067,2.466,3.676571000144918,0.5275710001449454,3.1489999999999725,0.0
S00002,vRAN-DU,edge-B,edge,355,DONE,12.28163,12.35581,74.18502900009116,74.18502900009116,0.507,5.759,67.91902900009116,0.4570290000911683,67.46199999999999,0.0
S00005,IMS-CSCF,edge-A,edge,404,DONE,12.29142,12.57898,287.55468300005305,287.55468300005305,199.892,85.929,1.73368300005302,0.8846830000530304,0.8489999999999895,0.0
S00005,IMS-CSCF,edge-A,edge,405,DONE,12.29285,12.58694,294.0871609998794,294.0871609998794,288.802,3.491,1.7941609998794092,0.6621609998794042,1.132000000000005,0.0
S00005,IMS-CSCF,edge-A,edge,406,DONE,12.29923,12.67341,374.184588999924,374.184588999924,227.304,73.516,73.36458899992402,1.0875889999240371,72.27699999999999,0.0
S00009,IoT-GW,edge-A,edge,389,DONE,12.29937,13.17765,878.2758339998509,878.2758339998509,802.581,2.752,72.9428339998509,0.8338339998508673,72.10900000000004,0.0
S00002,vRAN-DU,edge-B,edge,356,DONE,12.29943,12.36824,68.81486000020232,68.81486000020232,6.455,12.89,49.46986000020232,1.16186000020231,48.30800000000001,0.0
S00010,IoT-GW,edge-B,edge,392,EXPIRED,12.30078,13.35097,,,1002.048,,,,,
S00005,IMS-CSCF,edge-A,edge,407,DONE,12.30201,12.68287,380.8596479998414,380.8596479998414,307.551,3.514,69.7946479998414,0.4896479998413952,69.305,0.0
S00008,Transcoder,core-1,core,213,DONE,12.30571,12.32896,23.257245999957377,23.257245999957377,0.189,8.23,2.838245999957376,1.9312459999573761,0.907,12.0
S00006,IMS-CSCF,edge-B,edge,406,DONE,12.30912,13.14912,840.0073739999243,840.0073739999243,798.685,1.979,39.343373999924324,0.5663739999242807,38.777000000000044,0.0
S00005,IMS-CSCF,edge-A,edge,408,DONE,12.31391,12.69482,380.9143190001123,380.9143190001123,320.501,2.551,57.862319000112336,0.49431900011228436,57.36800000000005,0.0
S00010,IoT-GW,edge-B,edge,393,EXPIRED,12.33534,13.35103,,,1002.037,,,,,
S00002,vRAN-DU,edge-B,edge,357,DONE,12.33564,12.45042,114.78691799993612,114.78691799993612,19.665,82.27,12.85191799993612,0.6259179999361209,12.225999999999999,0.0
S00009,IoT-GW,edge-A,edge,390,DONE,12.3369,13.18411,847.2129189999578,847.2129189999578,811.359,1.051,34.80291899995768,0.4959189999577802,34.3069999999999,0.0
S00001,vRAN-DU,edge-A,edge,378,DONE,12.33698,12.38281,45.83398800014038,45.83398800014038,2.259,7.827,35.74798800014038,0.6129880001403833,35.135,0.0
S00009,IoT-GW,edge-A,edge,391,DONE,12.34028,13.19292,852.635280999948,852.635280999948,817.877,2.649,32.109280999948055,0.7802809999479905,31.329000000000065,0.0
S00001,vRAN-DU,edge-A,edge,379,DONE,12.34265,12.39132,48.670577999928355,48.670577999928355,10.698,8.357,29.615577999928355,1.0305779999283544,28.585,0.0
S00009,IoT-GW,edge-A,edge,392,DONE,12.34525,13.29186,946.6071419997206,946.6071419997206,919.079,0.82,26.708141999720624,0.6981419997206331,26.00999999999999,0.0
S00005,IMS-CSCF,edge-A,edge,409,DONE,12.34575,12.78366,437.90470900012224,437.90470900012224,405.731,3.79,28.383709000122224,2.048709000122244,26.33499999999998,0.0
S00001,vRAN-DU,edge-A,edge,380,DONE,12.34603,12.38995,43.926581000050646,43.926581000050646,10.744,6.982,26.200581000050647,0.7505810000506443,25.450000000000003,0.0
S00004,UPF,edge-B,edge,426,DONE,12.34881,12.46456,115.75235000009343,115.75235000009343,106.977,6.336,2.4393500000934267,0.6543500000934301,1.7849999999999966,0.0
S00008,Transcoder,core-1,core,214,DONE,12.35035,12.3744,24.049460000242107,24.049460000242107,0.094,9.884,2.071460000242107,1.558460000242107,0.5129999999999999,12.0
S00002,vRAN-DU,edge-B,edge,358,DONE,12.35394,12.44666,92.71995799963406,92.71995799963406,10.489,77.995,4.235957999634053,1.9039579996340592,2.3319999999999936,0.0
S00005,IMS-CSCF,edge-A,edge,410,DONE,12.35403,12.87534,521.3121819997468,521.3121819997468,500.257,3.338,17.7171819997468,1.3271819997468128,16.389999999999986,0.0
S00006,IMS-CSCF,edge-B,edge,407,DONE,12.35414,13.15367,799.5327630001157,799.5327630001157,794.555,1.292,3.685763000115685,1.935763000115685,1.75,0.0
S00006,IMS-CSCF,edge-B,edge,408,DONE,12.35838,13.16419,805.8154660002401,805.8154660002401,802.375,1.487,1.9534660002401552,0.5544660002401542,1.399000000000001,0.0
S00001,vRAN-DU,edge-A,edge,381,DONE,12.36251,12.39546,32.95009300018137,32.95009300018137,17.923,5.717,9.310093000181372,0.9180930001813721,8.392,0.0
S00008,Transcoder,core-1,core,215,DONE,12.3679,12.3952,27.30372299993178,27.30372299993178,0.101,13.28,1.9227229999317785,1.1107229999317791,0.8119999999999994,12.0
S00002,vRAN-DU,edge-B,edge,359,DONE,12.37745,12.4551,77.65012300023955,77.65012300023955,3.204,4.668,69.77812300023955,0.447123000239543,69.331,0.0
S00006,IMS-CSCF,edge-B,edge,409,DONE,12.38081,13.26916,888.3474730000671,888.3474730000671,819.864,1.879,66.60447300006706,0.4694730000670688,66.13499999999999,0.0
S00003,UPF,edge-A,edge,408,DONE,12.38282,12.39491,12.09358100004465,12.09358100004465,7.354,3.468,1.2715810000446517,0.7095810000446505,0.5620000000000012,0.0
S00002,vRAN-DU,edge-B,edge,360,DONE,12.3973,12.46208,64.77821499993297,64.77821499993297,8.832,5.802,50.14421499993297,0.5992149999329683,49.545,0.0
S00006,IMS-CSCF,edge-B,edge,410,DONE,12.40131,13.35307,951.7610880002394,951.7610880002394,904.573,1.113,46.07508800023936,0.584088000239376,45.490999999999985,0.0
S00009,IoT-GW,edge-A,edge,393,DONE,12.40678,13.4785,1071.7257619999145,1071.7257619999145,998.626,5.489,67.61076199991453,1.3057619999144663,66.30500000000006,0.0
S00010,IoT-GW,edge-B,edge,394,DONE,12.40696,13.35817,951.2077639997187,951.2077639997187,905.791,4.273,41.14376399971866,1.1317639997187143,40.011999999999944,0.0
S00009,IoT-GW,edge-A,edge,394,EXPIRED,12.40742,13.47852,,,1004.262,,,,,
S00009,IoT-GW,edge-A,edge,395,EXPIRED,12.41487,13.47853,,,1004.248,,,,,
S00002,vRAN-DU,edge-B,edge,361,DONE,12.41763,12.54935,131.72333100010292,131.72333100010292,16.215,85.758,29.750331000102918,0.6333310001029133,29.117000000000004,0.0
S00004,UPF,edge-B,edge,427,DONE,12.42128,12.55267,131.38841399995727,131.38841399995727,102.882,2.213,26.293413999957266,1.5024139999572697,24.790999999999997,0.0
S00005,IMS-CSCF,edge-A,edge,411,DONE,12.42147,12.88512,463.64760100004787,463.64760100004787,410.187,0.963,52.49760100004784,0.8446010000478736,51.65299999999996,0.0
S00004,UPF,edge-B,edge,428,DONE,12.4233,12.57566,152.35983000002307,152.35983000002307,111.114,2.259,38.98683000002306,15.889830000023068,23.096999999999994,0.0
S00005,IMS-CSCF,edge-A,edge,412,DONE,12.42345,12.88548,462.0324129996334,462.0324129996334,411.251,1.039,49.742412999633416,1.2304129996333586,48.51200000000006,0.0
S00005,IMS-CSCF,edge-A,edge,413,DONE,12.42357,12.88665,463.08586799978,463.08586799978,412.428,0.997,49.66086799978001,1.328867999780016,48.331999999999994,0.0
S00005,IMS-CSCF,edge-A,edge,414,DONE,12.42497,12.8877,462.72699200017087,462.72699200017087,413.561,0.953,48.212992000170914,0.594992000170862,47.61800000000005,0.0
S00002,vRAN-DU,edge-B,edge,362,DONE,12.43141,12.57559,144.187650999811,144.187650999811,17.156,88.482,38.54965099981101,23.069650999811017,15.47999999999999,0.0
S00009,IoT-GW,edge-A,edge,396,EXPIRED,12.43597,13.47854,,,1004.19,,,,,
S00001,vRAN-DU,edge-A,edge,382,DONE,12.43745,12.48266,45.20548700020299,45.20548700020299,1.282,6.918,37.00548700020299,1.3814870002029949,35.623999999999995,0.0
S00010,IoT-GW,edge-B,edge,395,EXPIRED,12.4377,13.45042,,,1001.485,,,,,
S00001,vRAN-DU,edge-A,edge,383,DONE,12.43928,12.4883,49.02212500019232,49.02212500019232,9.271,5.065,34.68612500019232,0.8811250001923199,33.80499999999999,0.0
S00009,IoT-GW,edge-A,edge,397,EXPIRED,12.43942,13.47854,,,1004.144,,,,,
S00010,IoT-GW,edge-B,edge,396,EXPIRED,12.43948,13.45043,,,1001.47,,,,,
S00010,IoT-GW,edge-B,edge,397,EXPIRED,12.44295,13.45044,,,1001.455,,,,,
S00010,IoT-GW,edge-B,edge,398,EXPIRED,12.44315,13.45045,,,1001.442,,,,,
S00009,IoT-GW,edge-A,edge,398,EXPIRED,12.44549,13.47855,,,1004.133,,,,,
S00003,UPF,edge-A,edge,409,DONE,12.44667,12.48009,33.41792599985638,33.41792599985638,1.303,5.468,26.64692599985638,0.3639259998563773,26.283,0.0
S00009,IoT-GW,edge-A,edge,399,EXPIRED,12.45176,13.47856,,,1004.108,,,,,
S00009,IoT-GW,edge-A,edge,400,EXPIRED,12.45302,13.47856,,,1004.098,,,,,
S00009,IoT-GW,edge-A,edge,401,EXPIRED,12.4588,13.47857,,,1004.085,,,,,
S00009,IoT-GW,edge-A,edge,402,EXPIRED,12.46216,13.47859,,,1004.074,,,,,
S00009,IoT-GW,edge-A,edge,403,EXPIRED,12.46367,13.4786,,,1004.064,,,,,
S00001,vRAN-DU,edge-A,edge,384,DONE,12.46677,12.49093,24.160820999895805,24.160820999895805,13.968,3.374,6.818820999895806,0.48582099989580385,6.333000000000002,0.0
S00002,vRAN-DU,edge-B,edge,363,DONE,12.47222,12.57564,103.41987500032701,103.41987500032701,81.685,3.212,18.522875000327005,17.828875000327017,0.6939999999999884,0.0
S00006,IMS-CSCF,edge-B,edge,411,DONE,12.47238,13.4504,978.0216199997085,978.0216199997085,972.944,1.995,3.082619999708527,1.228619999708485,1.8540000000000418,0.0
S00006,IMS-CSCF,edge-B,edge,412,DONE,12.47585,13.45964,983.7899589997505,983.7899589997505,981.069,1.442,1.2789589997505573,0.5549589997505109,0.7240000000000464,0.0
S00003,UPF,edge-A,edge,410,DONE,12.47946,12.48705,7.593879000069137,7.593879000069137,2.157,2.84,2.596879000069137,0.48187900006913686,2.115,0.0
S00007,Transcoder,core-1,core,191,DONE,12.48634,12.50791,21.571398000105546,21.571398000105546,0.109,8.284,3.1783980001055454,2.2473980001055462,0.9309999999999992,10.0
S00005,IMS-CSCF,edge-A,edge,415,DONE,12.48832,12.88911,400.7927929997095,400.7927929997095,397.131,1.39,2.2717929997095325,0.6627929997094952,1.6090000000000373,0.0
S00009,IoT-GW,edge-A,edge,404,EXPIRED,12.49068,13.49511,,,1002.638,,,,,
S00001,vRAN-DU,edge-A,edge,385,DONE,12.49082,12.58549,94.67641700030072,94.67641700030072,2.037,89.191,3.448417000300708,1.9364170003007217,1.5119999999999862,0.0
S00004,UPF,edge-B,edge,429,DONE,12.49222,12.57568,83.465194999917,83.465194999917,14.609,4.978,63.878194999917,9.917194999917001,53.961,0.0
S00003,UPF,edge-A,edge,411,DONE,12.49266,12.58243,89.76741100013896,89.76741100013896,84.418,3.539,1.8104110001389557,0.6904110001389654,1.1199999999999903,0.0
S00009,IoT-GW,edge-A,edge,405,EXPIRED,12.50496,13.57822,,,1001.875,,,,,
S00005,IMS-CSCF,edge-A,edge,416,DONE,12.50515,12.97686,471.71143700006724,471.71143700006724,316.084,84.774,70.85343700006723,1.0784370000672538,69.77499999999998,0.0
S00008,Transcoder,core-1,core,216,DONE,12.50743,12.53007,22.640173000127106,22.640173000127106,0.088,8.185,2.3671730001271065,1.7641730001271068,0.6029999999999998,12.0
S00004,UPF,edge-B,edge,430,DONE,12.51118,12.5757,64.52023300016663,64.52023300016663,19.975,3.259,41.286233000166625,6.2612330001666265,35.025,0.0
S00005,IMS-CSCF,edge-A,edge,417,DONE,12.51165,12.99021,478.5611050001535,478.5611050001535,410.782,3.834,63.94510500015349,0.686105000153475,63.259000000000015,0.0
S00004,UPF,edge-B,edge,431,DONE,12.51419,12.6496,135.40474699993865,135.40474699993865,23.406,78.738,33.26074699993865,2.0927469999386403,31.168000000000006,0.0
S00009,IoT-GW,edge-A,edge,406,EXPIRED,12.5143,13.57863,,,1001.838,,,,,
S00004,UPF,edge-B,edge,432,DONE,12.51562,12.65631,140.68966900003943,140.68966900003943,105.479,4.153,31.057669000039425,0.39966900003943806,30.657999999999987,0.0
S00006,IMS-CSCF,edge-B,edge,413,DONE,12.51789,13.46733,949.4416500001535,949.4416500001535,917.768,2.885,28.78865000015344,0.3646500001534605,28.423999999999978,0.0
S00005,IMS-CSCF,edge-A,edge,418,DONE,12.52221,12.99443,472.2246000001178,472.2246000001178,416.981,1.407,53.83660000011781,0.8786000001177854,52.95800000000003,0.0
S00001,vRAN-DU,edge-A,edge,386,DONE,12.52564,12.59008,64.43217800006096,64.43217800006096,8.356,5.187,50.88917800006096,1.0291780000609592,49.86,0.0
S00003,UPF,edge-A,edge,412,DONE,12.52584,12.59331,67.47111699996822,67.47111699996822,11.35,6.158,49.96311699996822,0.9081169999682146,49.05500000000001,0.0
S00009,IoT-GW,edge-A,edge,407,EXPIRED,12.52818,13.57864,,,1001.787,,,,,
S00007,Transcoder,core-1,core,192,DONE,12.52948,12.54927,19.787373999861302,19.787373999861302,0.089,6.802,2.896373999861302,2.1273739998613017,0.7690000000000001,10.0
S00006,IMS-CSCF,edge-B,edge,414,DONE,12.53134,13.54679,1015.446767999947,1015.446767999947,920.826,78.679,15.941767999947047,0.6847679999470984,15.256999999999948,0.0
S00001,vRAN-DU,edge-A,edge,387,DONE,12.53269,12.59848,65.78516500030673,65.78516500030673,14.12,6.832,44.833165000306735,1.7431650003067318,43.09,0.0
S00004,UPF,edge-B,edge,433,DONE,12.53283,12.66267,129.84636200008026,129.84636200008026,109.837,6.18,13.829362000080266,0.5083620000802682,13.320999999999998,0.0
S00004,UPF,edge-B,edge,434,DONE,12.53616,12.6665,130.3346459999375,130.3346459999375,116.622,2.729,10.983645999937494,0.3966459999375047,10.586999999999989,0.0
S00003,UPF,edge-A,edge,413,DONE,12.54058,12.6001,59.52002699996228,59.52002699996228,21.675,2.791,35.05402699996228,0.5790269999622808,34.475,0.0
S00004,UPF,edge-B,edge,435,DONE,12.54396,12.67184,127.87841699991986,127.87841699991986,119.998,4.464,3.4164169999198606,0.9074169999198602,2.5090000000000003,0.0
S00002,vRAN-DU,edge-B,edge,364,DONE,12.54538,12.57567,30.29618099981235,30.29618099981235,12.226,4.965,13.105180999812347,12.12218099981235,0.982999999999997,0.0
S00010,IoT-GW,edge-B,edge,399,DONE,12.54803,13.46054,912.5077280000369,912.5077280000369,909.759,0.915,1.8337280000368992,0.8647280000368482,0.9690000000000509,0.0
S00006,IMS-CSCF,edge-B,edge,415,EXPIRED,12.54818,13.55203,,,1001.646,,,,,
S00006,IMS-CSCF,edge-B,edge,416,DONE,12.55278,13.55434,1001.5674609999223,1001.5674609999223,998.342,1.139,2.0864609999223376,0.6384609999223585,1.447999999999979,0.0
S00002,vRAN-DU,edge-B,edge,365,DONE,12.57571,12.65426,78.55264599993461,78.55264599993461,0.794,5.097,72.6616459999346,0.8166459999346074,71.845,0.0
S00003,UPF,edge-A,edge,414,DONE,12.57588,12.6794,103.51227999990442,103.51227999990442,21.518,76.581,5.413279999904418,3.21727999990442,2.195999999999998,0.0
S00004,UPF,edge-B,edge,436,DONE,12.57596,12.74996,173.99802799991448,173.99802799991448,23.439,75.648,74.9110279999145,3.3650279999144743,71.54600000000002,0.0
S00004,UPF,edge-B,edge,437,DONE,12.576,12.76002,184.01778400038893,184.01778400038893,102.881,3.725,77.41178400038893,1.1197840003889326,76.292,0.0
S00004,UPF,edge-B,edge,438,DONE,12.57603,12.76004,184.0039799999431,184.0039799999431,106.773,1.717,75.51397999994312,1.072979999943101,74.44100000000002,0.0
S00001,vRAN-DU,edge-A,edge,388,DONE,12.57606,12.59674,20.67853600010494,20.67853600010494,14.482,3.209,2.9875360001049422,1.08453600010494,1.9030000000000022,0.0
S00006,IMS-CSCF,edge-B,edge,417,DONE,12.57609,13.5661,990.0093810001636,990.0093810001636,914.554,3.254,72.20138100016356,0.9013810001636102,71.29999999999995,0.0
S00009,IoT-GW,edge-A,edge,408,DONE,12.57612,13.57914,1003.016783000021,1003.016783000021,998.699,1.724,2.5937830000209487,0.9757830000208969,1.6180000000000518,0.0
S00010,IoT-GW,edge-B,edge,400,DONE,12.57623,13.54836,972.1349190003821,972.1349190003821,898.504,1.504,72.12691900038203,0.7989190003820568,71.32799999999997,0.0
S00006,IMS-CSCF,edge-B,edge,418,DONE,12.58123,13.56827,987.0433920000323,987.0433920000323,918.019,1.316,67.70839200003229,1.1413920000322832,66.56700000000001,0.0
S00007,Transcoder,core-1,core,193,DONE,12.58367,12.60497,21.298817000115378,21.298817000115378,0.1,9.615,1.5838170001153777,1.124817000115378,0.45899999999999963,10.0
S00006,IMS-CSCF,edge-B,edge,419,DONE,12.58673,13.64664,1059.9066159998074,1059.9066159998074,919.487,78.405,62.01461599980746,0.5846159998075109,61.42999999999995,0.0
S00004,UPF,edge-B,edge,439,DONE,12.5901,12.76005,169.94950499974948,169.94950499974948,108.613,1.773,59.56350499974948,2.730504999749485,56.833,0.0
S00008,Transcoder,core-1,core,217,DONE,12.59289,12.61364,20.754048000071634,20.754048000071634,0.095,7.023,1.6360480000716358,1.0500480000716337,0.5860000000000003,12.0
S00003,UPF,edge-A,edge,415,DONE,12.5955,12.68187,86.36600199997702,86.36600199997702,79.932,4.318,2.1160019999770157,0.6750019999770132,1.4410000000000025,0.0
S00007,Transcoder,core-1,core,194,DONE,12.59675,12.61722,20.47250299983716,20.47250299983716,0.078,7.573,2.8215029998371612,2.257502999837161,0.5639999999999992,10.0
S00001,vRAN-DU,edge-A,edge,389,DONE,12.59849,12.67942,80.92949899992163,80.92949899992163,72.927,4.169,3.8334989999216305,2.4244989999216386,1.4089999999999918,0.0
S00005,IMS-CSCF,edge-A,edge,419,DONE,12.6033,12.99616,392.85961800032965,392.85961800032965,321.513,1.51,69.83661800032968,0.49861800032965675,69.33800000000002,0.0
S00005,IMS-CSCF,edge-A,edge,420,DONE,12.61487,13.0761,461.23143300019365,461.23143300019365,400.643,2.487,58.10143300019365,0.4774330001936278,57.624000000000024,0.0
S00009,IoT-GW,edge-A,edge,409,EXPIRED,12.61632,13.68027,,,1003.901,,,,,
S00007,Transcoder,core-1,core,195,DONE,12.61723,12.64088,23.647689999961585,23.647689999961585,0.09,9.288,4.269689999961585,3.6376899999615855,0.6319999999999997,10.0
S00005,IMS-CSCF,edge-A,edge,421,DONE,12.6173,13.08118,463.8785510001071,463.8785510001071,403.272,4.774,55.83255100010712,0.5655510001071207,55.266999999999996,0.0
S00003,UPF,edge-A,edge,416,DONE,12.62086,12.68888,68.02533999962179,68.02533999962179,10.032,5.599,52.39433999962179,1.235339999621786,51.159000000000006,0.0
S00010,IoT-GW,edge-B,edge,401,DONE,12.6211,13.56348,942.3733579997133,942.3733579997133,914.677,0.702,26.994357999713316,0.6963579997133138,26.298000000000002,0.0
S00001,vRAN-DU,edge-A,edge,390,DONE,12.6213,12.68527,63.969556000301964,63.969556000301964,8.817,3.372,51.780556000301964,0.806556000301967,50.974,0.0
S00001,vRAN-DU,edge-A,edge,391,DONE,12.62267,12.68887,66.1956620001547,66.1956620001547,12.356,3.021,50.8186620001547,1.2336620001546947,49.58500000000001,0.0
S00001,vRAN-DU,edge-A,edge,392,DONE,12.62405,12.69392,69.86330000017915,69.86330000017915,15.623,4.982,49.25830000017915,0.7043000001791455,48.554,0.0
S00006,IMS-CSCF,edge-B,edge,420,DONE,12.62604,13.64962,1023.5799050001333,1023.5799050001333,998.594,2.637,22.3489050001333,0.7079050001333371,21.640999999999963,0.0
S00006,IMS-CSCF,edge-B,edge,421,EXPIRED,12.62842,13.65033,,,1001.42,,,,,
S00005,IMS-CSCF,edge-A,edge,422,DONE,12.62865,13.08639,457.74339499985217,457.74339499985217,410.44,2.455,44.84839499985219,0.4613949998521889,44.387,0.0
S00010,IoT-GW,edge-B,edge,402,DONE,12.62905,13.56531,936.2644949997048,936.2644949997048,915.527,1.363,19.374494999704666,1.520494999704738,17.853999999999928,0.0
S00003,UPF,edge-A,edge,417,DONE,12.63331,12.69314,59.8298159998194,59.8298159998194,15.845,3.141,40.8438159998194,0.607815999819401,40.236000000000004,0.0
S00010,IoT-GW,edge-B,edge,403,DONE,12.6409,13.56612,925.21935700006,925.21935700006,917.046,0.727,7.4463570000599475,0.5173570000599739,6.928999999999974,0.0
S00004,UPF,edge-B,edge,440,DONE,12.6414,12.76259,121.184016999905,121.184016999905,111.352,2.311,7.521016999904987,0.4470169999050029,7.073999999999984,0.0
S00004,UPF,edge-B,edge,441,DONE,12.64397,12.76444,120.470696999746,120.470696999746,113.893,2.185,4.3926969997459935,0.3146969997459905,4.078000000000003,0.0
S00005,IMS-CSCF,edge-A,edge,423,DONE,12.64905,13.08786,438.81389700027285,438.81389700027285,413.203,1.479,24.131897000272886,0.5808970002728415,23.551000000000045,0.0
S00003,UPF,edge-A,edge,418,DONE,12.64918,12.77409,124.9014659997556,124.9014659997556,21.884,78.779,24.238465999755604,0.7094659997556079,23.528999999999996,0.0
S00010,IoT-GW,edge-B,edge,404,DONE,12.64924,13.64838,999.1452590002154,999.1452590002154,915.931,78.73,4.484259000215388,1.4652590002154966,3.0189999999998918,0.0
S00007,Transcoder,core-1,core,196,DONE,12.6493,12.67198,22.68298599983609,22.68298599983609,0.1,9.529,3.053985999836092,1.191985999836092,1.862,10.0
S00010,IoT-GW,edge-B,edge,405,EXPIRED,12.65426,13.65673,,,1000.964,,,,,
S00003,UPF,edge-A,edge,419,DONE,12.65434,12.77733,122.99152100013089,122.99152100013089,101.87,2.35,18.77152100013089,0.6175210001308926,18.153999999999996,0.0
S00001,vRAN-DU,edge-A,edge,393,DONE,12.65764,12.77491,117.26529899988236,117.26529899988236,20.742,80.919,15.60429899988236,0.47829899988235525,15.126000000000005,0.0
S00004,UPF,edge-B,edge,442,DONE,12.65804,12.84829,190.24659300021085,190.24659300021085,105.633,83.495,1.1185930002108648,0.5475930002108385,0.5710000000000264,0.0
S00010,IoT-GW,edge-B,edge,406,EXPIRED,12.65962,13.67171,,,1006.912,,,,,
S00003,UPF,edge-A,edge,420,DONE,12.66472,12.78496,120.2363009997498,120.2363009997498,108.727,3.185,8.324300999749795,0.537300999749803,7.786999999999992,0.0
S00009,IoT-GW,edge-A,edge,410,EXPIRED,12.66484,13.68028,,,1003.831,,,,,
S00006,IMS-CSCF,edge-B,edge,422,DONE,12.66854,13.66012,991.5823589999491,991.5823589999491,987.171,2.78,1.6313589999490432,0.624358999949095,1.0069999999999482,0.0
S00006,IMS-CSCF,edge-B,edge,423,DONE,12.66986,13.74989,1080.035530999794,1080.035530999794,998.956,77.768,3.3115309997940585,0.6605309997939912,2.6510000000000673,0.0
S00002,vRAN-DU,edge-B,edge,366,DONE,12.67185,12.75116,79.31357000006756,79.31357000006756,73.55,2.635,3.1285700000675547,1.6585700000675558,1.4699999999999989,0.0
S00009,IoT-GW,edge-A,edge,411,EXPIRED,12.67942,13.69013,,,1004.928,,,,,
S00003,UPF,edge-A,edge,421,DONE,12.67959,12.87402,194.42808899975716,194.42808899975716,106.862,85.152,2.414088999757155,1.3250889997571562,1.0889999999999986,0.0
S00006,IMS-CSCF,edge-B,edge,424,EXPIRED,12.68889,13.74861,,,1001.716,,,,,
S00007,Transcoder,core-1,core,197,DONE,12.69295,12.71226,19.307035000110773,19.307035000110773,0.083,6.455,2.7690350001107724,2.0140350001107734,0.7549999999999999,10.0
S00005,IMS-CSCF,edge-A,edge,424,DONE,12.69604,13.09298,396.94587499980116,396.94587499980116,392.424,3.223,1.2988749998011713,0.335874999801149,0.9630000000000223,0.0
S00007,Transcoder,core-1,core,198,DONE,12.69934,12.71789,18.555315999947197,18.555315999947197,0.1,6.056,2.3993159999471985,1.5403159999471967,0.859,10.0
S00007,Transcoder,core-1,core,199,DONE,12.70182,12.72225,20.43429200011815,20.43429200011815,0.075,7.92,2.4392920001181473,1.7862920001181486,0.6529999999999996,10.0
S00004,UPF,edge-B,edge,443,DONE,12.7032,12.85061,147.41020600013144,147.41020600013144,101.927,2.195,43.28820600013144,2.0432060001314483,41.24499999999999,0.0
S00009,IoT-GW,edge-A,edge,412,DONE,12.70749,13.69828,990.7950990000245,990.7950990000245,986.657,1.018,3.1200990000244246,0.5410990000244738,2.578999999999951,0.0
S00006,IMS-CSCF,edge-B,edge,425,EXPIRED,12.71653,13.74977,,,1001.693,,,,,
S00010,IoT-GW,edge-B,edge,407,EXPIRED,12.72447,13.74988,,,1001.687,,,,,
S00001,vRAN-DU,edge-A,edge,394,DONE,12.72782,12.77941,51.59408499957863,51.59408499957863,45.059,4.633,1.9020849995786264,1.2120849995786287,0.6899999999999977,0.0
S00004,UPF,edge-B,edge,444,DONE,12.73013,12.85402,123.88980500008984,123.88980500008984,104.826,2.582,16.48180500008985,0.6828050000898429,15.799000000000007,0.0
S00009,IoT-GW,edge-A,edge,413,EXPIRED,12.73141,13.77201,,,1038.984,,,,,
S00002,vRAN-DU,edge-B,edge,367,DONE,12.73575,12.76126,25.50296600020374,25.50296600020374,6.258,8.552,10.692966000203743,0.5859660002037401,10.107000000000003,0.0
S00009,IoT-GW,edge-A,edge,414,EXPIRED,12.7372,13.77206,,,1033.231,,,,,
S00001,vRAN-DU,edge-A,edge,395,DONE,12.74169,12.78427,42.57739400009086,42.57739400009086,37.524,3.48,1.5733940000908646,0.9403940000908619,0.6330000000000027,0.0
S00009,IoT-GW,edge-A,edge,415,EXPIRED,12.74324,13.77251,,,1027.282,,,,,
S00005,IMS-CSCF,edge-A,edge,425,DONE,12.74997,13.18006,430.08781700018517,430.08781700018517,422.515,4.338,3.23481700018516,0.6578170001851618,2.576999999999998,0.0
S00001,vRAN-DU,edge-A,edge,396,DONE,12.75016,12.78865,38.48807600024884,38.48807600024884,32.858,3.764,1.8660760002488388,0.7880760002488358,1.078000000000003,0.0
S00001,vRAN-DU,edge-A,edge,397,DONE,12.75121,12.87235,121.13396399990961,121.13396399990961,13.767,86.217,21.149963999909616,1.1349639999096155,20.015,0.0
S00010,IoT-GW,edge-B,edge,408,EXPIRED,12.76015,13.7627,,,1000.838,,,,,
S00002,vRAN-DU,edge-B,edge,368,DONE,12.7626,12.84687,84.27188699988619,84.27188699988619,1.52,80.142,2.6098869998862,0.6018869998861902,2.0080000000000098,0.0
S00005,IMS-CSCF,edge-A,edge,426,DONE,12.76267,13.18085,418.1845890002478,418.1845890002478,407.196,1.758,9.23058900024779,1.0325890002478104,8.197999999999979,0.0
S00001,vRAN-DU,edge-A,edge,398,DONE,12.77612,12.88146,105.34812800005966,105.34812800005966,97.116,3.305,4.927128000059653,0.8881280000596661,4.038999999999987,0.0
S00006,IMS-CSCF,edge-B,edge,426,DONE,12.77868,13.7541,975.413770999694,975.413770999694,905.405,1.275,68.733770999694,0.5067709996939129,68.22700000000009,0.0
S00010,IoT-GW,edge-B,edge,409,DONE,12.77955,13.76455,985.0010659997679,985.0010659997679,915.103,2.129,67.76906599976792,0.40906599976790403,67.36000000000001,0.0
S00003,UPF,edge-A,edge,422,DONE,12.78116,12.88849,107.32922100032738,107.32922100032738,91.455,12.925,2.949221000327384,1.2132210003273798,1.7360000000000042,0.0
S00009,IoT-GW,edge-A,edge,416,DONE,12.78124,13.78067,999.4271939999635,999.4271939999635,995.266,1.11,3.051193999963516,1.4411939999635024,1.6100000000000136,0.0
S00006,IMS-CSCF,edge-B,edge,427,DONE,12.78367,13.76253,978.8573439996071,978.8573439996071,911.263,3.508,64.08634399960704,0.3943439996071447,63.691999999999894,0.0
S00008,Transcoder,core-1,core,218,DONE,12.78617,12.8091,22.9330399997707,22.9330399997707,0.092,8.381,2.4600399997706983,1.7690399997706994,0.690999999999999,12.0
S00003,UPF,edge-A,edge,423,DONE,12.78625,12.8916,105.35549299993363,105.35549299993363,100.39,2.775,2.1904929999336247,0.33449299993363013,1.8559999999999945,0.0
S00004,UPF,edge-B,edge,445,DONE,12.78632,12.85942,73.10439100001531,73.10439100001531,7.273,4.729,61.10239100001532,0.47639100001531176,60.626000000000005,0.0
S00006,IMS-CSCF,edge-B,edge,428,DONE,12.78866,13.76408,975.4118220002965,975.4118220002965,915.031,1.668,58.71282200029657,0.3918220002965427,58.321000000000026,0.0
S00001,vRAN-DU,edge-A,edge,399,DONE,12.79813,12.88148,83.34884000032616,83.34884000032616,5.582,2.815,74.95184000032616,0.9378400003261618,74.014,0.0
S00002,vRAN-DU,edge-B,edge,369,DONE,12.79828,12.85514,56.863266000164,56.863266000164,2.168,5.5,49.195266000164004,0.6112660001640009,48.584,0.0
S00010,IoT-GW,edge-B,edge,410,DONE,12.79834,13.76704,968.6937510000462,968.6937510000462,917.526,1.947,49.22075100004622,0.8087510000461862,48.412000000000035,0.0
S00004,UPF,edge-B,edge,446,DONE,12.79965,12.86348,63.83025200011616,63.83025200011616,12.6,2.687,48.54325200011616,0.499252000116158,48.044000000000004,0.0
S00003,UPF,edge-A,edge,424,DONE,12.8028,12.89411,91.31082900012188,91.31082900012188,19.549,2.456,69.30582900012189,0.5748290001218805,68.73100000000001,0.0
S00001,vRAN-DU,edge-A,edge,400,DONE,12.80911,12.8851,75.98541000015757,75.98541000015757,8.543,2.697,64.74541000015758,0.5554100001575648,64.19000000000001,0.0
S00007,Transcoder,core-1,core,200,DONE,12.81267,12.83261,19.93581799979438,19.93581799979438,0.095,7.567,2.2738179997943817,1.5298179997943802,0.7440000000000007,10.0
S00010,IoT-GW,edge-B,edge,411,DONE,12.81286,13.84815,1035.2943130001222,1035.2943130001222,919.735,79.235,36.324313000122174,1.6233130001221525,34.70100000000002,0.0
S00004,UPF,edge-B,edge,447,DONE,12.81935,12.94903,129.67957899991234,129.67957899991234,15.638,85.147,28.894578999912326,1.4175789999123367,27.47699999999999,0.0
S00006,IMS-CSCF,edge-B,edge,429,DONE,12.82506,13.766,940.9435930001564,940.9435930001564,917.012,1.477,22.45459300015648,0.8225930001564166,21.632000000000062,0.0
S00006,IMS-CSCF,edge-B,edge,430,DONE,12.82801,13.84814,1020.12711999987,1020.12711999987,918.817,80.097,21.21311999987006,1.6891199998700586,19.524,0.0
S00006,IMS-CSCF,edge-B,edge,431,DONE,12.82829,13.84916,1020.8678600001804,1020.8678600001804,999.635,1.511,19.721860000180413,0.716860000180418,19.004999999999995,0.0
S00004,UPF,edge-B,edge,448,DONE,12.84116,12.95305,111.89167300017289,111.89167300017289,101.249,4.074,6.568673000172893,0.7766730001728916,5.792000000000002,0.0
S00007,Transcoder,core-1,core,201,DONE,12.85732,12.88145,24.13011800035747,24.13011800035747,0.125,8.514,5.491118000357471,3.61111800035747,1.8800000000000008,10.0
S00010,IoT-GW,edge-B,edge,412,DONE,12.86146,13.85061,989.1430860002401,989.1430860002401,985.683,1.495,1.9650860002401487,0.8030860002401141,1.1620000000000346,0.0
S00006,IMS-CSCF,edge-B,edge,432,DONE,12.86205,13.85704,994.9908049998157,994.9908049998157,990.688,1.991,2.311804999815763,1.189804999815692,1.122000000000071,0.0
S00006,IMS-CSCF,edge-B,edge,433,DONE,12.86212,13.86001,997.891024999717,997.891024999717,992.934,2.492,2.465024999717116,1.4770249997170595,0.9880000000000564,0.0
S00003,UPF,edge-A,edge,425,DONE,12.86364,12.97497,111.3328219998948,111.3328219998948,22.258,78.946,10.12882199989481,2.0578219998947986,8.071000000000012,0.0
S00008,Transcoder,core-1,core,219,DONE,12.86909,12.89326,24.166075000266574,24.166075000266574,0.071,9.145,2.9500750002665743,2.207075000266574,0.7430000000000003,12.0
S00004,UPF,edge-B,edge,449,DONE,12.87236,12.95937,87.01148199997988,87.01148199997988,4.405,6.294,76.31248199997988,0.6914819999798851,75.621,0.0
S00010,IoT-GW,edge-B,edge,413,DONE,12.87248,13.94847,1075.9915540002112,1075.9915540002112,919.686,77.724,78.5815540002111,1.7755540002112866,76.80599999999981,0.0
S00002,vRAN-DU,edge-B,edge,370,DONE,12.87258,12.956,83.41913999993267,83.41913999993267,4.122,3.215,76.08213999993266,0.6931399999326686,75.389,0.0
S00006,IMS-CSCF,edge-B,edge,434,DONE,12.87268,13.86756,994.8790989997178,994.8790989997178,911.584,5.611,77.68409899971789,1.057098999717823,76.62700000000007,0.0
S00005,IMS-CSCF,edge-A,edge,427,DONE,12.87389,13.18279,308.8998329999413,308.8998329999413,305.936,1.606,1.3578329999413086,0.30883299994127356,1.049000000000035,0.0
S00005,IMS-CSCF,edge-A,edge,428,DONE,12.88154,13.18631,304.77085499978784,304.77085499978784,301.518,2.0,1.2528549997878713,0.560854999787864,0.6920000000000073,0.0
S00006,IMS-CSCF,edge-B,edge,435,DONE,12.88856,13.87452,985.959012999956,985.959012999956,917.633,6.288,62.03801299995598,2.374012999955994,59.66399999999999,0.0
S00009,IoT-GW,edge-A,edge,417,DONE,12.89281,13.88341,990.6077460000233,990.6077460000233,987.476,1.726,1.4057460000233277,0.6427460000232941,0.7630000000000337,0.0
S00002,vRAN-DU,edge-B,edge,371,DONE,12.89964,12.96604,66.39898299999913,66.39898299999913,10.865,6.196,49.337982999999134,0.6709829999991399,48.666999999999994,0.0
S00005,IMS-CSCF,edge-A,edge,429,DONE,12.90122,13.1891,287.8810950001025,287.8810950001025,211.795,2.339,73.74709500010252,0.3620950001024994,73.38500000000002,0.0
S00008,Transcoder,core-1,core,220,DONE,12.90227,12.9248,22.534709999945335,22.534709999945335,0.091,7.585,2.8587099999453347,2.3137099999453348,0.5449999999999999,12.0
S00001,vRAN-DU,edge-A,edge,401,DONE,12.9024,12.98701,84.60939499991582,84.60939499991582,2.443,8.064,74.10239499991582,0.6873949999158242,73.41499999999999,0.0
S00006,IMS-CSCF,edge-B,edge,436,DONE,12.90362,13.94864,1045.0133710000955,1045.0133710000955,926.039,73.735,45.2393710000955,0.5893710000955252,44.64999999999998,0.0
S00010,IoT-GW,edge-B,edge,414,DONE,12.90689,13.95089,1044.0050649999648,1044.0050649999648,997.954,2.858,43.19306499996492,1.192064999964714,42.001000000000204,0.0
S00008,Transcoder,core-1,core,221,DONE,12.90813,12.92946,21.322186999896076,21.322186999896076,0.083,5.898,3.3411869998960757,2.6941869998960755,0.6470000000000002,12.0
S00005,IMS-CSCF,edge-A,edge,430,DONE,12.90824,13.27301,364.7736210000403,364.7736210000403,218.387,78.936,67.45062100004031,0.6486210000402934,66.80200000000002,0.0
S00002,vRAN-DU,edge-B,edge,372,DONE,12.91692,12.96647,49.54706199987413,49.54706199987413,14.373,3.383,31.79106199987413,0.5800619998741325,31.211,0.0
S00010,IoT-GW,edge-B,edge,415,EXPIRED,12.92426,13.94888,,,1000.264,,,,,
S00007,Transcoder,core-1,core,202,DONE,12.92605,12.94897,22.917364000022644,22.917364000022644,0.092,6.978,5.847364000022644,5.276364000022644,0.5710000000000006,10.0
S00005,IMS-CSCF,edge-A,edge,431,DONE,12.9284,13.29041,362.0117959999334,362.0117959999334,313.11,2.169,46.73279599993339,0.770795999933398,45.96199999999999,0.0
S00003,UPF,edge-A,edge,426,DONE,12.92855,12.98699,58.44151099972805,58.44151099972805,2.778,7.449,48.21451099972805,0.8775109997280524,47.337,0.0
S00005,IMS-CSCF,edge-A,edge,432,DONE,12.93069,13.39606,465.3678990002845,465.3678990002845,412.955,7.047,45.365899000284514,1.3548990002845471,44.01099999999997,0.0
S00002,vRAN-DU,edge-B,edge,373,DONE,12.93795,13.04767,109.72634400013703,109.72634400013703,17.202,80.827,11.697344000137036,0.7023440001370318,10.995000000000005,0.0
S00005,IMS-CSCF,edge-A,edge,433,DONE,12.94591,13.47304,527.129973999763,527.129973999763,428.422,69.44,29.267973999763,0.5439739997630113,28.72399999999999,0.0
S00002,vRAN-DU,edge-B,edge,374,DONE,12.94606,13.0477,101.64248099999895,101.64248099999895,21.3,76.777,3.565480999998954,0.5664809999989586,2.9989999999999952,0.0
S00010,IoT-GW,edge-B,edge,416,EXPIRED,12.94855,13.95091,,,1000.838,,,,,
S00010,IoT-GW,edge-B,edge,417,EXPIRED,12.94866,13.95092,,,1000.826,,,,,
S00003,UPF,edge-A,edge,427,DONE,12.94871,12.99442,45.71266199991442,45.71266199991442,15.653,3.109,26.950661999914416,0.931661999914418,26.019,0.0
S00004,UPF,edge-B,edge,450,DONE,12.9509,12.96297,12.065975000041362,12.065975000041362,6.333,2.819,2.9139750000413613,2.0129750000413615,0.9009999999999998,0.0
S00001,vRAN-DU,edge-A,edge,402,DONE,12.95209,12.99232,40.225876000022254,40.225876000022254,11.244,5.687,23.294876000022253,0.6778760000222519,22.617,0.0
S00009,IoT-GW,edge-A,edge,418,EXPIRED,12.95609,13.98096,,,1001.967,,,,,
S00005,IMS-CSCF,edge-A,edge,434,DONE,12.9592,13.49076,531.5545309999834,531.5545309999834,513.437,1.778,16.339530999983367,0.6225309999833826,15.716999999999985,0.0
S00003,UPF,edge-A,edge,428,DONE,12.96266,13.0757,113.04039000015109,113.04039000015109,18.975,81.501,12.564390000151093,0.6643900001510872,11.900000000000006,0.0
S00005,IMS-CSCF,edge-A,edge,435,DONE,12.97808,13.58293,604.8538350000854,604.8538350000854,594.277,8.487,2.0898350000853725,0.7438350000853688,1.3460000000000036,0.0
S00009,IoT-GW,edge-A,edge,419,EXPIRED,12.97818,14.00151,,,1007.006,,,,,
S00004,UPF,edge-B,edge,451,DONE,12.98931,13.05845,69.14418699989255,69.14418699989255,3.352,7.114,58.67818699989255,0.8901869998925491,57.788000000000004,0.0
S00002,vRAN-DU,edge-B,edge,375,DONE,12.98945,13.05797,68.52177300015683,68.52177300015683,3.261,7.16,58.10077300015683,1.3137730001568286,56.787,0.0
S00003,UPF,edge-A,edge,429,DONE,12.9984,13.08046,82.06288599967593,82.06288599967593,3.496,4.599,73.96788599967593,0.5448859996759268,73.423,0.0
S00010,IoT-GW,edge-B,edge,418,DONE,12.99854,14.04801,1049.470035000013,1049.470035000013,917.035,82.796,49.639035000012996,1.0110350000129529,48.62800000000004,0.0
S00009,IoT-GW,edge-A,edge,420,DONE,13.00085,14.00177,1000.9272390002479,1000.9272390002479,918.894,0.904,81.12923900024794,0.5452390002479888,80.58399999999995,0.0
S00005,IMS-CSCF,edge-A,edge,436,DONE,13.00094,13.59677,595.8359579999524,595.8359579999524,521.495,2.902,71.43895799995232,0.40795799995237303,71.03099999999995,0.0
S00010,IoT-GW,edge-B,edge,419,EXPIRED,13.00218,14.04803,,,1000.146,,,,,
S00007,Transcoder,core-1,core,203,DONE,13.00228,13.02072,18.441574000007677,18.441574000007677,0.092,6.613,1.7365740000076766,0.9775740000076762,0.7590000000000003,10.0
S00008,Transcoder,core-1,core,222,DONE,13.00355,13.02435,20.80214999978125,20.80214999978125,0.084,6.971,1.74714999978125,1.1481499997812499,0.5990000000000002,12.0
S00006,IMS-CSCF,edge-B,edge,437,DONE,13.01067,13.95614,945.472466999945,945.472466999945,906.479,1.925,37.06846699994503,3.9834669999449943,33.085000000000036,0.0
S00003,UPF,edge-A,edge,430,DONE,13.03883,13.08345,44.62442200019723,44.62442200019723,8.311,2.625,33.68842200019723,0.5384220001972295,33.15,0.0
S00008,Transcoder,core-1,core,223,DONE,13.04044,13.06386,23.413014999732695,23.413014999732695,0.085,8.987,2.3410149997326943,1.7400149997326952,0.6009999999999991,12.0
S00006,IMS-CSCF,edge-B,edge,438,DONE,13.04067,13.95857,917.909002000215,917.909002000215,908.646,2.151,7.112002000215057,0.4630020002149422,6.649000000000115,0.0
S00006,IMS-CSCF,edge-B,edge,439,DONE,13.04298,13.96297,919.9897710000187,919.9897710000187,911.008,2.358,6.623771000018678,1.2247710000186771,5.399000000000001,0.0
S00002,vRAN-DU,edge-B,edge,376,DONE,13.04771,13.06734,19.630592999874352,19.630592999874352,10.116,8.206,1.308592999874353,0.7315929998743513,0.5770000000000017,0.0
S00004,UPF,edge-B,edge,452,DONE,13.05191,13.06519,13.27837200005888,13.27837200005888,9.113,2.294,1.87137200005888,1.3773720000588803,0.4939999999999998,0.0
S00008,Transcoder,core-1,core,224,DONE,13.062,13.08638,24.379707999742095,24.379707999742095,1.085,9.007,2.2877079997420964,1.291707999742096,0.9960000000000004,12.0
S00003,UPF,edge-A,edge,431,DONE,13.06519,13.086,20.81018699982451,20.81018699982451,11.135,2.472,7.20318699982451,0.6141869998245078,6.589000000000002,0.0
S00010,IoT-GW,edge-B,edge,420,DONE,13.06734,14.05051,983.167124999909,983.167124999909,979.525,1.206,2.436124999908998,0.6201249999089669,1.816000000000031,0.0
S00003,UPF,edge-A,edge,432,DONE,13.06942,13.09247,23.049031000027753,23.049031000027753,13.899,6.168,2.982031000027753,0.514031000027753,2.468,0.0
S00005,IMS-CSCF,edge-A,edge,437,DONE,13.07869,13.70113,622.4344540000857,622.4344540000857,610.098,7.647,4.689454000085675,0.6684540000857169,4.020999999999958,0.0
S00005,IMS-CSCF,edge-A,edge,438,DONE,13.08118,13.7767,695.520407999993,695.520407999993,688.841,4.41,2.2694079999930636,0.6804079999930082,1.5890000000000555,0.0
S00005,IMS-CSCF,edge-A,edge,439,DONE,13.08787,13.77932,691.4467169999625,691.4467169999625,687.523,2.459,1.4647169999625476,0.40071699996246934,1.0640000000000782,0.0
S00003,UPF,edge-A,edge,433,DONE,13.09094,13.17446,83.51951399981772,83.51951399981772,0.859,81.133,1.527513999817728,0.6525139998177139,0.8750000000000142,0.0
S00001,vRAN-DU,edge-A,edge,403,DONE,13.09103,13.17444,83.41136500030188,83.41136500030188,0.602,81.149,1.66036500030188,0.741365000301883,0.9189999999999969,0.0
S00010,IoT-GW,edge-B,edge,421,EXPIRED,13.09259,14.15158,,,1003.859,,,,,
S00002,vRAN-DU,edge-B,edge,377,DONE,13.09418,13.15315,58.9688009999918,58.9688009999918,0.464,4.341,54.1638009999918,0.446800999991801,53.717,0.0
S00004,UPF,edge-B,edge,453,DONE,13.0943,13.152,57.700913999724435,57.700913999724435,1.821,2.625,53.25491399972444,0.42091399972443355,52.834,0.0
S00004,UPF,edge-B,edge,454,DONE,13.09861,13.15859,59.98016000012285,59.98016000012285,6.258,4.324,49.39816000012285,0.5291600001228502,48.869,0.0
S00002,vRAN-DU,edge-B,edge,378,DONE,13.102,13.15804,56.03262500017081,56.03262500017081,5.881,4.664,45.48762500017081,0.5806250001708122,44.907,0.0
S00009,IoT-GW,edge-A,edge,421,DONE,13.10441,14.08726,982.8476280003997,982.8476280003997,979.358,0.765,2.7246280003997754,1.1616280003996735,1.5630000000001019,0.0
S00009,IoT-GW,edge-A,edge,422,DONE,13.10585,14.09517,989.3271149999237,989.3271149999237,981.7,0.912,6.715114999923571,1.0141149999236632,5.700999999999908,0.0
S00005,IMS-CSCF,edge-A,edge,440,DONE,13.12031,13.87563,755.3168050003478,755.3168050003478,666.683,87.057,1.5768050003478038,0.7868050003478402,0.7899999999999636,0.0
S00003,UPF,edge-A,edge,434,DONE,13.12047,13.18057,60.10934999994788,60.10934999994788,55.576,3.319,1.2143499999478777,0.7113499999478776,0.5030000000000001,0.0
S00007,Transcoder,core-1,core,204,DONE,13.12056,13.14053,19.965289999618108,19.965289999618108,0.087,7.67,2.208289999618108,1.5442899996181083,0.6639999999999997,10.0
S00006,IMS-CSCF,edge-B,edge,440,DONE,13.12599,13.96668,840.6916730000376,840.6916730000376,813.573,5.226,21.892673000037576,0.9906730000375319,20.902000000000044,0.0
S00002,vRAN-DU,edge-B,edge,379,DONE,13.1262,13.16216,35.96109599993724,35.96109599993724,11.728,2.911,21.322095999937243,0.8750959999372441,20.447,0.0
S00010,IoT-GW,edge-B,edge,422,EXPIRED,13.12855,14.15321,,,1003.812,,,,,
S00002,vRAN-DU,edge-B,edge,380,DONE,13.13192,13.16276,30.846759999803908,30.846759999803908,11.8,3.5,15.546759999803907,1.1787599998039084,14.367999999999999,0.0
S00005,IMS-CSCF,edge-A,edge,441,DONE,13.13207,13.88193,749.8565229998349,749.8565229998349,745.601,2.211,2.0445229998348395,0.6015229998348559,1.4429999999999836,0.0
S00002,vRAN-DU,edge-B,edge,381,DONE,13.13276,13.26052,127.75476000024355,127.75476000024355,104.616,6.397,16.741760000243545,0.6967600002435432,16.045,0.0
S00002,vRAN-DU,edge-B,edge,382,DONE,13.13603,13.26404,128.0128620001051,128.0128620001051,112.823,3.879,11.31086200010509,0.3858620001050923,10.924999999999997,0.0
S00003,UPF,edge-A,edge,435,DONE,13.14279,13.18689,44.10092899979645,44.10092899979645,36.948,6.055,1.0979289997964514,0.5629289997964548,0.5349999999999966,0.0
S00005,IMS-CSCF,edge-A,edge,442,DONE,13.14295,13.8992,756.2418699999398,756.2418699999398,753.537,1.34,1.3648699999397422,0.8038699999398204,0.5609999999999218,0.0
S00002,vRAN-DU,edge-B,edge,383,DONE,13.1442,13.26833,124.1304760001185,124.1304760001185,114.314,6.617,3.1994760001185085,0.5314760001185022,2.6680000000000064,0.0
S00010,IoT-GW,edge-B,edge,423,EXPIRED,13.14652,14.15326,,,1002.133,,,,,
S00004,UPF,edge-B,edge,455,DONE,13.14843,13.25001,101.57853500004421,101.57853500004421,13.29,85.559,2.7295350000442227,1.0005350000442093,1.7290000000000134,0.0
S00002,vRAN-DU,edge-B,edge,384,DONE,13.14857,13.34941,200.8378509999602,200.8378509999602,119.191,77.496,4.150850999960198,3.4138509999602036,0.7369999999999948,0.0
S00010,IoT-GW,edge-B,edge,424,EXPIRED,13.15332,14.1596,,,1000.421,,,,,
S00004,UPF,edge-B,edge,456,DONE,13.15695,13.26119,104.24245300009716,104.24245300009716,93.437,8.514,2.291453000097164,0.5234530000971631,1.7680000000000007,0.0
S00003,UPF,edge-A,edge,436,DONE,13.1608,13.19245,31.644719999803783,31.644719999803783,16.048,4.65,10.946719999803783,0.4827199998037841,10.463999999999999,0.0
S00003,UPF,edge-A,edge,437,DONE,13.16217,13.27299,110.82585699978154,110.82585699978154,20.895,79.918,10.012856999781533,0.7488569997815375,9.263999999999996,0.0
S00004,UPF,edge-B,edge,457,DONE,13.1715,13.26727,95.76897099987036,95.76897099987036,12.364,2.178,81.22697099987036,0.45797099987035494,80.769,0.0
S00009,IoT-GW,edge-A,edge,423,DONE,13.17198,14.09522,923.2436580000467,923.2436580000467,917.77,0.61,4.863658000046712,1.3906580000467557,3.4729999999999563,0.0
S00005,IMS-CSCF,edge-A,edge,443,DONE,13.17215,14.00164,829.4873999998345,829.4873999998345,812.739,3.885,12.863399999834428,1.1803999998344352,11.682999999999993,0.0
S00003,UPF,edge-A,edge,438,DONE,13.18207,13.28022,98.15837399992233,98.15837399992233,91.261,5.499,1.3983739999223417,0.4593739999223345,0.9390000000000072,0.0
S00006,IMS-CSCF,edge-B,edge,441,DONE,13.18234,14.04804,865.6948699999703,865.6948699999703,713.985,81.203,70.50686999997026,1.0838699999702612,69.423,0.0
S00009,IoT-GW,edge-A,edge,424,EXPIRED,13.19032,14.19229,,,1000.691,,,,,
S00002,vRAN-DU,edge-B,edge,385,DONE,13.19074,13.35042,159.6783919999325,159.6783919999325,94.059,3.773,61.84639199993251,0.573391999932511,61.272999999999996,0.0
S00004,UPF,edge-B,edge,458,DONE,13.19131,13.34942,158.1168009997782,158.1168009997782,17.107,77.48,63.5298009997782,0.6788009997782183,62.850999999999985,0.0
S00001,vRAN-DU,edge-A,edge,404,DONE,13.20024,13.27598,75.73911999998018,75.73911999998018,0.813,2.842,72.08411999998017,0.7201199999801702,71.364,0.0
S00002,vRAN-DU,edge-B,edge,386,DONE,13.20472,13.35306,148.33869899985075,148.33869899985075,94.785,4.469,49.08469899985076,0.7396989998507593,48.345,0.0
S00002,vRAN-DU,edge-B,edge,387,DONE,13.22216,13.35818,136.0196470000119,136.0196470000119,102.087,2.91,31.0226470000119,1.2696470000119007,29.753,0.0
S00001,vRAN-DU,edge-A,edge,405,DONE,13.2337,13.28085,47.15723200024513,47.15723200024513,3.919,4.687,38.55123200024513,0.8372320002451303,37.714,0.0
S00002,vRAN-DU,edge-B,edge,388,DONE,13.23395,13.44678,212.8291789999821,212.8291789999821,105.269,88.244,19.3161789999821,0.7041789999821049,18.611999999999995,0.0
S00004,UPF,edge-B,edge,459,DONE,13.23409,13.35475,120.65781999990577,120.65781999990577,98.557,3.358,18.742819999905763,1.1008199999057666,17.641999999999996,0.0
S00007,Transcoder,core-1,core,205,DONE,13.23846,13.25901,20.55039399965608,20.55039399965608,0.117,7.976,2.4573939996560803,1.7073939996560803,0.75,10.0
S00003,UPF,edge-A,edge,439,DONE,13.24104,13.28571,44.674370999928215,44.674370999928215,8.263,5.117,31.294370999928216,0.8663709999282148,30.428,0.0
S00008,Transcoder,core-1,core,225,DONE,13.24119,13.26726,26.070413000070403,26.070413000070403,0.088,10.958,3.0244130000704033,1.6354130000704021,1.3890000000000011,12.0
S00006,IMS-CSCF,edge-B,edge,442,DONE,13.24125,14.05275,811.4923960001761,811.4923960001761,798.547,1.445,11.50039600017601,0.5343960001761161,10.965999999999894,0.0
S00003,UPF,edge-A,edge,440,DONE,13.2426,13.28868,46.08330500013835,46.08330500013835,13.595,2.559,29.929305000138353,0.9643050001383529,28.965,0.0
S00005,IMS-CSCF,edge-A,edge,444,DONE,13.2427,14.07717,834.4659780000256,834.4659780000256,801.064,2.551,30.850978000025634,1.176978000025656,29.673999999999978,0.0
S00010,IoT-GW,edge-B,edge,425,DONE,13.25383,14.16847,914.6372559998781,914.6372559998781,909.307,2.663,2.66725599987808,1.0242559998780507,1.643000000000029,0.0
S00001,vRAN-DU,edge-A,edge,406,DONE,13.25829,13.28396,25.674422000065533,25.674422000065533,9.142,2.641,13.891422000065534,0.7894220000655316,13.102000000000002,0.0
S00001,vRAN-DU,edge-A,edge,407,DONE,13.26341,13.38807,124.65710299966304,124.65710299966304,12.591,103.395,8.671102999663049,0.5921029996630409,8.079000000000008,0.0
S00006,IMS-CSCF,edge-B,edge,443,DONE,13.2641,14.06304,798.9364549998754,798.9364549998754,796.512,1.113,1.3114549998754228,0.40545499987547373,0.9059999999999491,0.0
S00004,UPF,edge-B,edge,460,DONE,13.27844,13.36406,85.61597400012033,85.61597400012033,10.628,1.917,73.07097400012033,4.0829740001203305,68.988,0.0
S00010,IoT-GW,edge-B,edge,426,DONE,13.28524,14.34739,1062.1461190003174,1062.1461190003174,920.266,79.072,62.80811900031745,0.7351190003173542,62.07300000000009,0.0
S00010,IoT-GW,edge-B,edge,427,EXPIRED,13.28809,14.34988,,,1001.581,,,,,
S00005,IMS-CSCF,edge-A,edge,445,DONE,13.28834,14.08725,798.9047989999563,798.9047989999563,792.945,2.374,3.5857989999561823,1.2157989999562915,2.369999999999891,0.0
S00001,vRAN-DU,edge-A,edge,408,DONE,13.28998,13.38498,95.00127999990582,95.00127999990582,0.799,90.605,3.5972799999058083,2.8932799999058147,0.7039999999999935,0.0
S00006,IMS-CSCF,edge-B,edge,444,DONE,13.29196,14.16845,876.485879000029,876.485879000029,816.492,3.076,56.91787900002896,1.2068790000289482,55.71100000000001,0.0
S00004,UPF,edge-B,edge,461,DONE,13.29267,13.44727,154.59247199987658,154.59247199987658,18.227,81.714,54.65147199987658,0.5234719998765911,54.127999999999986,0.0
S00001,vRAN-DU,edge-A,edge,409,DONE,13.29418,13.39284,98.66204699983427,98.66204699983427,14.839,3.413,80.41004699983428,0.6880469998342704,79.72200000000001,0.0
S00001,vRAN-DU,edge-A,edge,410,DONE,13.29762,13.40241,104.79055700034223,104.79055700034223,22.163,5.754,76.87355700034223,0.5795570003422341,76.294,0.0
S00005,IMS-CSCF,edge-A,edge,446,DONE,13.30823,14.09076,782.5310260000151,782.5310260000151,711.349,1.582,69.60002600001508,2.9590260000151147,66.64099999999996,0.0
S00010,IoT-GW,edge-B,edge,428,EXPIRED,13.31121,14.34989,,,1001.567,,,,,
S00009,IoT-GW,edge-A,edge,425,DONE,13.31314,14.28705,973.907134000001,973.907134000001,908.742,3.719,61.44613400000094,0.8631340000009686,60.58299999999997,0.0
S00009,IoT-GW,edge-A,edge,426,DONE,13.31332,14.37504,1061.7215150000447,1061.7215150000447,920.211,78.957,62.55351500004474,1.118515000044681,61.43500000000006,0.0
S00006,IMS-CSCF,edge-B,edge,445,DONE,13.31353,14.26104,947.5101340003675,947.5101340003675,909.087,2.757,35.666134000367606,2.5571340003675687,33.10900000000004,0.0
S00002,vRAN-DU,edge-B,edge,389,DONE,13.31529,13.37676,61.47288100009973,61.47288100009973,12.661,5.273,43.538881000099735,2.8718810000997337,40.667,0.0
S00010,IoT-GW,edge-B,edge,429,EXPIRED,13.31541,14.34992,,,1001.554,,,,,
S00006,IMS-CSCF,edge-B,edge,446,DONE,13.32288,14.26801,945.1300740001898,945.1300740001898,919.307,1.563,24.260074000189775,0.5620740001897957,23.69799999999998,0.0
S00007,Transcoder,core-1,core,206,DONE,13.32652,13.34974,23.222778999752336,23.222778999752336,0.113,8.269,4.840778999752336,3.8137789997523353,1.027000000000001,10.0
S00006,IMS-CSCF,edge-B,edge,447,DONE,13.33815,14.35239,1014.2391849999512,1014.2391849999512,1001.073,3.996,9.170184999951289,1.8271849999512142,7.343000000000075,0.0
S00003,UPF,edge-A,edge,441,DONE,13.34359,13.38913,45.54651099988405,45.54651099988405,8.633,6.016,30.897510999884048,0.5415109998840464,30.356,0.0
S00001,vRAN-DU,edge-A,edge,411,DONE,13.3438,13.40345,59.648864999871876,59.648864999871876,23.419,5.494,30.735864999871875,0.5348649998718784,30.200999999999997,0.0
S00006,IMS-CSCF,edge-B,edge,448,EXPIRED,13.34519,14.34987,,,1001.543,,,,,
S00008,Transcoder,core-1,core,226,DONE,13.34943,13.42288,73.44872700014093,73.44872700014093,0.604,49.117,11.727727000140938,2.0567270001409312,9.671000000000006,12.0
S00008,Transcoder,core-1,core,227,DONE,13.34962,13.42282,73.19979900012186,73.19979900012186,0.699,45.291,15.209799000121862,1.9567990001218547,13.253000000000007,12.0
S00003,UPF,edge-A,edge,442,DONE,13.35308,13.39706,43.979777000004106,43.979777000004106,18.597,3.881,21.501777000004104,0.7047770000041069,20.796999999999997,0.0
S00009,IoT-GW,edge-A,edge,427,EXPIRED,13.35319,14.38046,,,1005.4,,,,,
S00001,vRAN-DU,edge-A,edge,412,DONE,13.35819,13.48015,121.95694799993362,121.95694799993362,98.991,6.576,16.389947999933625,1.332947999933623,15.057000000000002,0.0
S00007,Transcoder,core-1,core,207,DONE,13.35988,13.42514,65.26483900006497,65.26483900006497,0.089,27.531,27.64483900006497,11.785839000064968,15.859000000000002,10.0
S00004,UPF,edge-B,edge,462,DONE,13.36407,13.45535,91.27952199969513,91.27952199969513,83.244,6.033,2.0025219996951336,1.2765219996951345,0.7259999999999991,0.0
S00001,vRAN-DU,edge-A,edge,413,DONE,13.36418,13.48778,123.59671299964248,123.59671299964248,105.721,7.521,10.354712999642473,1.482712999642473,8.872,0.0
S00010,IoT-GW,edge-B,edge,430,DONE,13.36954,14.36157,992.0329460001085,992.0329460001085,913.461,1.221,77.35094600010848,5.394946000108462,71.95600000000002,0.0
S00001,vRAN-DU,edge-A,edge,414,DONE,13.37677,13.48566,108.88819100000546,108.88819100000546,99.336,3.313,6.239191000005462,1.3871910000054584,4.852000000000004,0.0
S00003,UPF,edge-A,edge,443,DONE,13.38462,13.47218,87.56889300002513,87.56889300002513,15.094,68.969,3.5058930000251394,1.6738930000251315,1.8320000000000078,0.0
S00010,IoT-GW,edge-B,edge,431,EXPIRED,13.38474,14.45109,,,1003.449,,,,,
S00008,Transcoder,core-1,core,228,DONE,13.38501,13.42289,37.881661000028544,37.881661000028544,0.13,11.661,14.090661000028543,3.7596610000285438,10.331,12.0
S00001,vRAN-DU,edge-A,edge,415,DONE,13.3851,13.50225,117.14476399993146,117.14476399993146,103.818,10.744,2.5827639999314584,1.2167639999314588,1.3659999999999997,0.0
S00010,IoT-GW,edge-B,edge,432,EXPIRED,13.3853,14.45115,,,1003.443,,,,,
S00002,vRAN-DU,edge-B,edge,390,DONE,13.38671,13.45116,64.45835300019098,64.45835300019098,0.46,3.968,60.030353000190985,0.6663530001909805,59.364000000000004,0.0
S00010,IoT-GW,edge-B,edge,433,EXPIRED,13.39165,14.45116,,,1003.426,,,,,
S00006,IMS-CSCF,edge-B,edge,449,DONE,13.39417,14.36035,966.1798470001486,966.1798470001486,912.308,1.343,52.52884700014863,0.36884700014854843,52.16000000000008,0.0
S00001,vRAN-DU,edge-A,edge,416,DONE,13.39707,13.57421,177.14277499999298,177.14277499999298,97.165,77.941,2.0367749999929856,0.5227749999929756,1.51400000000001,0.0
S00003,UPF,edge-A,edge,444,DONE,13.39833,13.48237,84.04134699958377,84.04134699958377,78.44,4.039,1.5623469995837667,0.5853469995837628,0.9770000000000039,0.0
S00005,IMS-CSCF,edge-A,edge,447,DONE,13.39849,14.09516,696.6633349998119,696.6633349998119,688.181,0.97,7.512334999811856,1.417334999811942,6.094999999999914,0.0
S00001,vRAN-DU,edge-A,edge,417,DONE,13.39973,13.57211,172.3713750002389,172.3713750002389,102.056,69.155,1.1603750002389006,0.3733750002389229,0.7869999999999777,0.0
S00006,IMS-CSCF,edge-B,edge,450,DONE,13.4001,14.45107,1050.9737100001075,1050.9737100001075,914.756,88.496,47.72171000010758,0.48271000010754506,47.23900000000003,0.0
S00001,vRAN-DU,edge-A,edge,418,DONE,13.40588,13.58355,177.66792600014014,177.66792600014014,172.918,3.801,0.9489260001401476,0.5669260001401426,0.382000000000005,0.0
S00008,Transcoder,core-1,core,229,DONE,13.41872,13.44394,25.226398000086192,25.226398000086192,0.126,8.048,5.0523980000861926,2.2323980000861923,2.8200000000000003,12.0
S00003,UPF,edge-A,edge,445,DONE,13.4189,13.49029,71.38732400017034,71.38732400017034,13.328,4.153,53.90632400017034,0.7543240001703424,53.152,0.0
S00003,UPF,edge-A,edge,446,DONE,13.41896,13.49455,75.58741299999383,75.58741299999383,18.435,3.26,53.89241299999383,0.8284129999938301,53.064,0.0
S00005,IMS-CSCF,edge-A,edge,448,DONE,13.419,14.0952,676.2026609999339,676.2026609999339,616.754,1.038,58.41066099993384,1.2816609999338198,57.12900000000002,0.0
S00004,UPF,edge-B,edge,463,DONE,13.41903,13.45797,38.93511599972044,38.93511599972044,8.685,2.161,28.089115999720438,0.5411159997204393,27.548,0.0
S00004,UPF,edge-B,edge,464,DONE,13.42235,13.46444,42.09150199994838,42.09150199994838,13.897,1.774,26.420501999948378,0.8065019999483809,25.613999999999997,0.0
S00009,IoT-GW,edge-A,edge,428,DONE,13.42515,14.47359,1048.442600999806,1048.442600999806,931.873,67.283,49.286600999805955,0.8016009998059417,48.485000000000014,0.0
S00001,vRAN-DU,edge-A,edge,419,DONE,13.42552,13.59388,168.35207499980243,168.35207499980243,110.896,9.85,47.60607499980243,0.3890749998024319,47.217,0.0
S00002,vRAN-DU,edge-B,edge,391,DONE,13.43311,13.45962,26.511978000144154,26.511978000144154,4.561,7.906,14.044978000144155,0.6409780001441554,13.404,0.0
S00001,vRAN-DU,edge-A,edge,420,DONE,13.43359,13.59234,158.75669599972753,158.75669599972753,113.771,5.316,39.66969599972752,0.5676959997275333,39.10199999999999,0.0
S00004,UPF,edge-B,edge,465,DONE,13.44094,13.46449,23.550294999949983,23.550294999949983,15.801,1.622,6.1272949999499815,0.6542949999499825,5.472999999999999,0.0
S00005,IMS-CSCF,edge-A,edge,449,DONE,13.44852,14.09521,646.6893689998869,646.6893689998869,617.89,1.168,27.631368999886945,2.1473689998869077,25.484000000000037,0.0
S00010,IoT-GW,edge-B,edge,434,EXPIRED,13.45119,14.4581,,,1002.025,,,,,
S00002,vRAN-DU,edge-B,edge,392,DONE,13.45359,13.46484,11.24864700022954,11.24864700022954,4.791,4.395,2.062647000229539,0.95864700022954,1.1039999999999992,0.0
S00003,UPF,edge-A,edge,447,DONE,13.4537,13.57771,124.00798599992413,124.00798599992413,99.171,5.134,19.702985999924124,0.5489859999241276,19.153999999999996,0.0
S00004,UPF,edge-B,edge,466,DONE,13.45798,13.54862,90.63423499992496,90.63423499992496,5.18,83.411,2.043234999924948,0.5402349999249623,1.502999999999986,0.0
S00008,Transcoder,core-1,core,230,DONE,13.45969,13.48266,22.965481000028376,22.965481000028376,0.093,8.273,2.5994810000283763,1.6804810000283759,0.9190000000000005,12.0
S00003,UPF,edge-A,edge,448,DONE,13.4645,13.58582,121.3206090001222,121.3206090001222,110.03,2.804,8.4866090001222,0.8256090001221992,7.661000000000001,0.0
S00002,vRAN-DU,edge-B,edge,393,DONE,13.47527,13.55432,79.05710200020621,79.05710200020621,1.871,3.462,73.72410200020622,0.8021020002062187,72.922,0.0
S00009,IoT-GW,edge-A,edge,429,EXPIRED,13.47549,14.47888,,,1001.45,,,,,
S00002,vRAN-DU,edge-B,edge,394,DONE,13.4825,13.55719,74.69717999993009,74.69717999993009,6.796,3.77,64.13117999993008,0.3891799999300787,63.742000000000004,0.0
S00007,Transcoder,core-1,core,208,DONE,13.48385,13.50535,21.49330500014912,21.49330500014912,0.091,8.969,2.4333050001491223,1.5513050001491209,0.8820000000000014,10.0
S00005,IMS-CSCF,edge-A,edge,450,DONE,13.48779,14.18292,695.1306319997457,695.1306319997457,604.194,87.718,3.218631999745753,0.7896319997456658,2.4290000000000873,0.0
S00008,Transcoder,core-1,core,231,DONE,13.492,13.51363,21.62599700022838,21.62599700022838,0.051,6.692,2.8829970002283805,2.285997000228381,0.5969999999999995,12.0
S00010,IoT-GW,edge-B,edge,435,DONE,13.49735,14.46357,966.2146489999941,966.2146489999941,912.588,3.908,49.718648999994116,0.6396489999940513,49.079000000000065,0.0
S00007,Transcoder,core-1,core,209,DONE,13.50119,13.52253,21.34120199980316,21.34120199980316,0.073,8.628,2.6402019998031605,1.9472019998031609,0.6929999999999996,10.0
S00010,IoT-GW,edge-B,edge,436,DONE,13.51569,14.54751,1031.8269419999524,1031.8269419999524,924.259,76.268,31.299941999952352,0.683941999952367,30.615999999999985,0.0
S00009,IoT-GW,edge-A,edge,430,EXPIRED,13.52377,14.57451,,,1001.978,,,,,
S00004,UPF,edge-B,edge,467,DONE,13.52389,13.56243,38.537620000170136,38.537620000170136,4.812,11.0,22.725620000170135,0.6016200001701364,22.124,0.0
S00003,UPF,edge-A,edge,449,DONE,13.53029,13.5972,66.91148800018709,66.91148800018709,21.197,3.475,42.239488000187094,0.4814880001870847,41.75800000000001,0.0
S00007,Transcoder,core-1,core,210,DONE,13.53162,13.55175,20.125807000113127,20.125807000113127,0.1,8.073,1.9528070001131272,1.0738070001131277,0.8789999999999996,10.0
S00002,vRAN-DU,edge-B,edge,395,DONE,13.53396,13.55985,25.88729599983708,25.88729599983708,10.728,2.426,12.733295999837079,0.5732959998370788,12.16,0.0
S00008,Transcoder,core-1,core,232,DONE,13.542,13.57565,33.65442199992685,33.65442199992685,0.094,17.941,3.6194219999268533,2.7684219999268542,0.8509999999999991,12.0
S00006,IMS-CSCF,edge-B,edge,451,DONE,13.54222,14.46042,918.2024050001019,918.2024050001019,909.128,4.42,4.65440500010186,0.7904050001018277,3.8640000000000327,0.0
S00008,Transcoder,core-1,core,233,DONE,13.54228,13.57563,33.34823800014419,33.34823800014419,0.335,16.354,4.659238000144192,4.142238000144193,0.5169999999999995,12.0
S00002,vRAN-DU,edge-B,edge,396,DONE,13.5468,13.56272,15.927893000025506,15.927893000025506,11.566,2.451,1.9108930000255047,0.3948930000255064,1.5159999999999982,0.0
S00001,vRAN-DU,edge-A,edge,421,DONE,13.55435,13.69016,135.8030169999438,135.8030169999438,100.393,17.218,18.19201699994379,0.9320169999437837,17.260000000000005,0.0
S00001,vRAN-DU,edge-A,edge,422,DONE,13.56469,13.68026,115.5631199999334,115.5631199999334,100.467,4.158,10.938119999933406,2.3071199999334056,8.631,0.0
S00004,UPF,edge-B,edge,468,DONE,13.56731,13.65013,82.81281700010368,82.81281700010368,0.608,2.73,79.47481700010368,0.7438170001036752,78.73100000000001,0.0
S00004,UPF,edge-B,edge,469,DONE,13.56743,13.65392,86.48662699988563,86.48662699988563,3.82,4.06,78.60662699988563,0.7416269998856251,77.86500000000001,0.0
S00010,IoT-GW,edge-B,edge,437,DONE,13.57051,14.64877,1078.2649909997417,1078.2649909997417,918.184,83.601,76.47999099974174,0.6509909997416798,75.82900000000006,0.0
S00010,IoT-GW,edge-B,edge,438,EXPIRED,13.57061,14.64873,,,1001.116,,,,,
S00009,IoT-GW,edge-A,edge,431,DONE,13.57422,14.58173,1007.5117940000382,1007.5117940000382,998.255,5.633,3.623794000038174,1.3417940000382487,2.2819999999999254,0.0
S00010,IoT-GW,edge-B,edge,439,EXPIRED,13.57431,14.64875,,,1001.11,,,,,
S00005,IMS-CSCF,edge-A,edge,451,DONE,13.57566,14.18517,609.5109210000373,609.5109210000373,605.168,2.174,2.1689210000373578,0.6699210000373341,1.4990000000000236,0.0
S00006,IMS-CSCF,edge-B,edge,452,DONE,13.57623,14.54917,972.9480310002145,972.9480310002145,821.679,80.291,70.97803100021451,1.421031000214498,69.55700000000002,0.0
S00009,IoT-GW,edge-A,edge,432,EXPIRED,13.57678,14.57826,,,1000.188,,,,,
S00010,IoT-GW,edge-B,edge,440,EXPIRED,13.57685,14.64876,,,1001.099,,,,,
S00004,UPF,edge-B,edge,470,DONE,13.5814,13.65622,74.81286000029286,74.81286000029286,7.804,1.903,65.10586000029286,0.4268600002928622,64.679,0.0
S00006,IMS-CSCF,edge-B,edge,453,DONE,13.58583,14.55559,969.7504699997808,969.7504699997808,905.767,2.485,61.498469999780696,0.9804699997807802,60.517999999999915,0.0
S00002,vRAN-DU,edge-B,edge,397,DONE,13.58813,13.65264,64.50956200023938,64.50956200023938,3.104,2.929,58.47656200023938,0.4415620002393865,58.035,0.0
S00009,IoT-GW,edge-A,edge,433,DONE,13.58949,14.58872,999.2311790001622,999.2311790001622,993.424,1.911,3.896179000162306,0.45517900016227486,3.441000000000031,0.0
S00001,vRAN-DU,edge-A,edge,423,DONE,13.59001,13.69015,100.13565600002039,100.13565600002039,83.89,12.453,3.7926560000203864,1.712656000020388,2.0799999999999983,0.0
S00002,vRAN-DU,edge-B,edge,398,DONE,13.59013,13.66014,70.0020150002274,70.0020150002274,6.513,6.438,57.0510150002274,1.408015000227408,55.642999999999994,0.0
S00005,IMS-CSCF,edge-A,edge,452,DONE,13.59235,14.37406,781.7014899997048,781.7014899997048,699.459,80.328,1.9144899997048697,0.47948999970481054,1.4350000000000591,0.0
S00006,IMS-CSCF,edge-B,edge,454,DONE,13.59534,14.56224,966.9003000003613,966.9003000003613,911.334,3.635,51.931300000361375,0.8183000003613188,51.113000000000056,0.0
S00005,IMS-CSCF,edge-A,edge,453,DONE,13.59585,14.38187,786.0219770000185,786.0219770000185,707.593,1.765,76.66397700001858,0.4399770000185299,76.22400000000005,0.0
S00006,IMS-CSCF,edge-B,edge,455,DONE,13.60259,14.56487,962.2753000003286,962.2753000003286,915.246,2.633,44.39630000032855,0.6303000003285888,43.76599999999996,0.0
S00009,IoT-GW,edge-A,edge,434,DONE,13.61104,14.59312,982.0822399997269,982.0822399997269,915.787,4.179,62.11623999972687,0.5082399997269249,61.60799999999995,0.0
S00004,UPF,edge-B,edge,471,DONE,13.61282,13.66751,54.69368600006419,54.69368600006419,13.408,6.929,34.35668600006419,0.8106860000641873,33.54600000000001,0.0
S00010,IoT-GW,edge-B,edge,441,EXPIRED,13.6142,14.64877,,,1001.049,,,,,
S00007,Transcoder,core-1,core,211,DONE,13.62572,13.64553,19.808199000181048,19.808199000181048,0.091,6.514,3.2031990001810478,2.4291990001810486,0.7739999999999991,10.0
S00005,IMS-CSCF,edge-A,edge,454,DONE,13.63324,14.39127,758.0311270003222,758.0311270003222,716.822,1.51,39.699127000322164,0.5471270003221207,39.152000000000044,0.0
S00005,IMS-CSCF,edge-A,edge,455,DONE,13.64067,14.40584,765.1688139999351,765.1688139999351,730.337,1.326,33.50581399993507,0.6428139999351288,32.86299999999994,0.0
S00006,IMS-CSCF,edge-B,edge,456,EXPIRED,13.64082,14.64872,,,1001.044,,,,,
S00002,vRAN-DU,edge-B,edge,399,DONE,13.6421,13.66712,25.01869700017778,25.01869700017778,13.326,6.965,4.7276970001777805,0.5046970001777815,4.222999999999999,0.0
S00001,vRAN-DU,edge-A,edge,424,DONE,13.6434,13.7013,57.90231199989648,57.90231199989648,25.438,2.777,29.687311999896483,0.63531199989648,29.052000000000003,0.0
S00005,IMS-CSCF,edge-A,edge,456,DONE,13.64352,14.48177,838.2528869997259,838.2528869997259,806.37,2.023,29.85988699972586,0.49588699972593986,29.36399999999992,0.0
S00004,UPF,edge-B,edge,472,DONE,13.64665,13.7507,104.04925700004242,104.04925700004242,20.68,80.069,3.3002570000424214,1.9612570000424228,1.3389999999999986,0.0
S00003,UPF,edge-A,edge,450,DONE,13.66456,13.69699,32.42578799972762,32.42578799972762,17.076,6.72,8.629787999727618,0.5687879997276184,8.061,0.0
S00002,vRAN-DU,edge-B,edge,400,DONE,13.66468,13.75737,92.6861220000319,92.6861220000319,82.068,6.595,4.023122000031904,1.121122000031903,2.902000000000001,0.0
S00008,Transcoder,core-1,core,234,DONE,13.66596,13.70592,39.95592999990549,39.95592999990549,0.082,23.99,3.8839299999054937,2.6809299999054943,1.2029999999999994,12.0
S00009,IoT-GW,edge-A,edge,435,EXPIRED,13.6697,14.67505,,,1000.343,,,,,
S00010,IoT-GW,edge-B,edge,442,EXPIRED,13.67579,14.67867,,,1000.791,,,,,
S00010,IoT-GW,edge-B,edge,443,EXPIRED,13.67742,14.68968,,,1008.271,,,,,
S00001,vRAN-DU,edge-A,edge,425,DONE,13.67997,13.77317,93.19645000005039,93.19645000005039,14.601,71.927,6.668450000050385,0.37745000005038776,6.290999999999997,0.0
S00006,IMS-CSCF,edge-B,edge,457,DONE,13.68029,14.66095,980.6600659999276,980.6600659999276,976.204,2.462,1.9940659999276704,0.7550659999276377,1.2390000000000327,0.0
S00004,UPF,edge-B,edge,473,DONE,13.68536,13.75337,68.0113190001066,68.0113190001066,2.326,2.004,63.6813190001066,1.6873190001065979,61.994,0.0
S00003,UPF,edge-A,edge,451,DONE,13.68557,13.77197,86.3917090000541,86.3917090000541,14.238,70.447,1.7067090000541043,0.6917090000541037,1.0150000000000006,0.0
S00009,IoT-GW,edge-A,edge,436,DONE,13.69016,14.68205,991.8883680002182,991.8883680002182,985.462,2.597,3.82936800021821,3.17636800021819,0.65300000000002,0.0
S00005,IMS-CSCF,edge-A,edge,457,DONE,13.69155,14.57426,882.7146440003162,882.7146440003162,797.626,82.435,2.6536440003162625,2.026644000316196,0.6270000000000664,0.0
S00010,IoT-GW,edge-B,edge,444,EXPIRED,13.69165,14.75046,,,1001.696,,,,,
S00009,IoT-GW,edge-A,edge,437,EXPIRED,13.70114,14.77277,,,1070.131,,,,,
S00002,vRAN-DU,edge-B,edge,401,DONE,13.70915,13.75814,48.99176099979741,48.99176099979741,5.869,4.112,39.010760999797405,0.4997609997974095,38.510999999999996,0.0
S00005,IMS-CSCF,edge-A,edge,458,DONE,13.71457,14.58769,873.1198290001885,873.1198290001885,810.306,4.973,57.84082900018848,0.743829000188498,57.09699999999998,0.0
S00009,IoT-GW,edge-A,edge,438,EXPIRED,13.71692,14.77322,,,1000.017,,,,,
S00004,UPF,edge-B,edge,474,DONE,13.72183,13.7597,37.87254400003803,37.87254400003803,8.228,3.015,26.62954400003803,0.6795440000380353,25.949999999999996,0.0
S00001,vRAN-DU,edge-A,edge,426,DONE,13.72198,13.77672,54.74362199993266,54.74362199993266,1.252,2.944,50.54762199993266,0.8736219999326593,49.674,0.0
S00003,UPF,edge-A,edge,452,DONE,13.72323,13.7812,57.96506700016835,57.96506700016835,4.456,4.657,48.85206700016835,0.3290670001683438,48.523,0.0
S00006,IMS-CSCF,edge-B,edge,458,EXPIRED,13.73375,14.75003,,,1001.678,,,,,
S00001,vRAN-DU,edge-A,edge,427,DONE,13.74835,13.78488,36.52761700004703,36.52761700004703,8.467,4.153,23.90761700004703,0.663617000047033,23.243999999999996,0.0
S00006,IMS-CSCF,edge-B,edge,459,EXPIRED,13.75531,14.75823,,,1001.068,,,,,
S00004,UPF,edge-B,edge,475,DONE,13.75681,13.76217,5.366435999803798,5.366435999803798,2.091,2.454,0.8214359998037981,0.33043599980379845,0.49099999999999966,0.0
S00003,UPF,edge-A,edge,453,DONE,13.75689,13.78385,26.969376000124612,26.969376000124612,9.264,2.487,15.218376000124612,0.3703760001246117,14.848,0.0
S00003,UPF,edge-A,edge,454,DONE,13.75724,13.79471,37.4674950003282,37.4674950003282,12.798,3.168,21.501495000328198,1.008495000328196,20.493000000000002,0.0
S00001,vRAN-DU,edge-A,edge,428,DONE,13.76829,13.79473,26.432929999828048,26.432929999828048,11.91,9.08,5.442929999828046,1.853929999828047,3.5889999999999986,0.0
S00003,UPF,edge-A,edge,455,DONE,13.77258,13.79577,23.187515000245185,23.187515000245185,19.879,2.297,1.0115150002451827,0.4475150002451862,0.5639999999999965,0.0
S00004,UPF,edge-B,edge,476,DONE,13.77673,13.8542,77.47102899975289,77.47102899975289,3.349,2.188,71.93402899975288,0.630028999752895,71.30399999999999,0.0
S00007,Transcoder,core-1,core,212,DONE,13.77933,13.80305,23.72499400007655,23.72499400007655,0.095,11.184,2.445994000076549,1.9219940000765483,0.5240000000000009,10.0
S00003,UPF,edge-A,edge,456,DONE,13.78252,13.87949,96.97026499998174,96.97026499998174,12.66,83.174,1.1362649999817336,0.5172649999817338,0.6189999999999998,0.0
S00005,IMS-CSCF,edge-A,edge,459,DONE,13.78489,14.58985,804.9666540000544,804.9666540000544,802.32,1.81,0.8366540000544092,0.3806540000543919,0.4560000000000173,0.0
S00006,IMS-CSCF,edge-B,edge,460,DONE,13.79473,14.84798,1053.250133000347,1053.250133000347,914.008,86.072,53.17013300034694,0.494133000346892,52.676000000000045,0.0
S00001,vRAN-DU,edge-A,edge,429,DONE,13.79483,13.8828,87.97215300000971,87.97215300000971,79.645,7.019,1.3081530000097104,0.5071530000097084,0.8010000000000019,0.0
S00005,IMS-CSCF,edge-A,edge,460,DONE,13.79487,14.59812,803.2477229999131,803.2477229999131,796.307,2.093,4.847722999913117,4.119722999913051,0.7280000000000655,0.0
S00001,vRAN-DU,edge-A,edge,430,DONE,13.79802,13.88555,87.53021800021088,87.53021800021088,10.383,2.872,74.27521800021088,0.34621800021088234,73.929,0.0
S00007,Transcoder,core-1,core,213,DONE,13.79833,13.81911,20.77572500002134,20.77572500002134,0.087,8.049,2.6397250000213397,1.6327250000213382,1.0070000000000014,10.0
S00005,IMS-CSCF,edge-A,edge,461,DONE,13.80306,14.67376,870.6928459996561,870.6928459996561,722.264,78.253,70.17584599965608,0.6808459996561851,69.49499999999989,0.0
S00007,Transcoder,core-1,core,214,DONE,13.80592,13.8286,22.672782999961782,22.672782999961782,0.11,8.766,3.796782999961783,2.070782999961782,1.7260000000000009,10.0
S00006,IMS-CSCF,edge-B,edge,461,EXPIRED,13.80719,14.84791,,,1000.032,,,,,
S00001,vRAN-DU,edge-A,edge,431,DONE,13.80848,13.89117,82.69113899996228,82.69113899996228,13.923,4.237,64.53113899996228,0.8461389999622781,63.685,0.0
S00005,IMS-CSCF,edge-A,edge,462,DONE,13.81174,14.68263,870.8899910002401,870.8899910002401,801.536,8.653,60.70099100024015,0.4799910002401475,60.221000000000004,0.0
S00009,IoT-GW,edge-A,edge,439,DONE,13.81218,14.7896,977.4111679998896,977.4111679998896,915.411,1.65,60.35016799988966,0.6051679998895452,59.74500000000012,0.0
S00004,UPF,edge-B,edge,477,DONE,13.81757,13.86173,44.1604699999516,44.1604699999516,8.863,4.832,30.4654699999516,1.162469999951604,29.302999999999997,0.0
S00003,UPF,edge-A,edge,457,DONE,13.82035,13.89438,74.03307399999903,74.03307399999903,11.187,6.99,55.85607399999903,0.5680739999990294,55.288000000000004,0.0
S00004,UPF,edge-B,edge,478,DONE,13.82861,13.86834,39.7365600001649,39.7365600001649,13.967,7.03,18.7395600001649,0.6645600001648972,18.075000000000003,0.0
S00001,vRAN-DU,edge-A,edge,432,DONE,13.82996,13.89776,67.79986500032464,67.79986500032464,18.843,6.121,42.835865000324645,0.6358650003246424,42.2,0.0
S00007,Transcoder,core-1,core,215,DONE,13.83013,13.84832,18.188807000115048,18.188807000115048,0.096,6.207,1.8858070001150473,1.1438070001150482,0.742,10.0
S00002,vRAN-DU,edge-B,edge,402,DONE,13.8324,13.85611,23.706154000137758,23.706154000137758,2.314,6.284,15.108154000137759,0.5121540001377589,14.596,0.0
S00010,IoT-GW,edge-B,edge,445,DONE,13.83775,14.76321,925.4590099999405,925.4590099999405,914.311,1.814,9.334009999940463,0.4970099999404738,8.836999999999989,0.0
S00003,UPF,edge-A,edge,458,DONE,13.84417,13.97348,129.31495200018617,129.31495200018617,18.892,80.896,29.52695200018617,1.2139520001861683,28.313000000000002,0.0
S00009,IoT-GW,edge-A,edge,440,EXPIRED,13.8455,14.87546,,,1002.655,,,,,
S00003,UPF,edge-A,edge,459,DONE,13.8507,13.98098,130.28028200005792,130.28028200005792,100.746,5.226,24.30828200005793,1.436282000057929,22.872,0.0
S00001,vRAN-DU,edge-A,edge,433,DONE,13.85421,13.97338,119.16897800028892,119.16897800028892,26.772,72.976,19.420978000288926,1.6549780002889207,17.766000000000005,0.0
S00008,Transcoder,core-1,core,235,DONE,13.85568,13.8862,30.522298000050796,30.522298000050796,0.111,13.794,4.617298000050795,3.674298000050795,0.9429999999999996,12.0
S00006,IMS-CSCF,edge-B,edge,462,DONE,13.86174,14.85659,994.8482420004439,994.8482420004439,986.078,4.172,4.598242000443861,2.4222420004438163,2.1760000000000446,0.0
S00009,IoT-GW,edge-A,edge,441,EXPIRED,13.86461,14.87551,,,1002.643,,,,,
S00001,vRAN-DU,edge-A,edge,434,DONE,13.86519,13.98093,115.73753899983785,115.73753899983785,100.968,3.32,11.449538999837856,5.425538999837855,6.024000000000001,0.0
S00005,IMS-CSCF,edge-A,edge,463,DONE,13.86838,14.69491,826.5391029999591,826.5391029999591,819.543,2.635,4.361102999959144,0.6141029999591865,3.7469999999999573,0.0
S00008,Transcoder,core-1,core,236,DONE,13.88071,13.90511,24.399429999903077,24.399429999903077,0.085,10.147,2.167429999903076,1.2694299999030765,0.8979999999999997,12.0
S00002,vRAN-DU,edge-B,edge,403,DONE,13.88564,13.95346,67.82785399991553,67.82785399991553,2.574,3.892,61.36185399991553,0.8468539999155382,60.51499999999999,0.0
S00009,IoT-GW,edge-A,edge,442,EXPIRED,13.89921,14.97261,,,1070.171,,,,,
S00009,IoT-GW,edge-A,edge,443,EXPIRED,13.90947,14.9745,,,1000.836,,,,,
S00004,UPF,edge-B,edge,479,DONE,13.9109,13.95405,43.14460699970368,43.14460699970368,3.573,3.026,36.54560699970368,0.5156069997036852,36.03,0.0
S00001,vRAN-DU,edge-A,edge,435,DONE,13.91106,14.00165,90.5936499998461,90.5936499998461,4.627,13.24,72.72664999984609,0.5416499998460864,72.185,0.0
S00004,UPF,edge-B,edge,480,DONE,13.91241,13.9567,44.286052999723324,44.286052999723324,6.754,2.449,35.08305299972332,0.564052999723323,34.519000000000005,0.0
S00007,Transcoder,core-1,core,216,DONE,13.9126,13.93312,20.517207000011695,20.517207000011695,0.089,7.584,2.8442070000116946,2.092207000011694,0.7520000000000007,10.0
S00004,UPF,edge-B,edge,481,DONE,13.91279,13.95883,46.04133800012278,46.04133800012278,9.318,2.221,34.502338000122776,0.30233800012278067,34.199999999999996,0.0
S00001,vRAN-DU,edge-A,edge,436,DONE,13.92237,14.00197,79.60700300009194,79.60700300009194,19.019,4.978,55.610003000091936,0.8690030000919364,54.741,0.0
S00003,UPF,edge-A,edge,460,DONE,13.9226,14.00148,78.88496100031261,78.88496100031261,5.418,8.108,65.35896100031262,0.8419610003126081,64.51700000000001,0.0
S00006,IMS-CSCF,edge-B,edge,463,EXPIRED,13.92817,14.94943,,,1001.851,,,,,
S00001,vRAN-DU,edge-A,edge,437,DONE,13.92985,14.07402,144.16600699996707,144.16600699996707,23.64,75.797,44.72900699996707,1.8170069999670773,42.91199999999999,0.0
S00006,IMS-CSCF,edge-B,edge,464,EXPIRED,13.93435,14.94949,,,1001.845,,,,,
S00009,IoT-GW,edge-A,edge,444,EXPIRED,13.93456,14.97646,,,1000.789,,,,,
S00006,IMS-CSCF,edge-B,edge,465,EXPIRED,13.93685,14.94951,,,1001.839,,,,,
S00003,UPF,edge-A,edge,461,DONE,13.93947,14.00189,62.417861000085395,62.417861000085395,19.355,4.091,38.9718610000854,0.7648610000853964,38.206999999999994,0.0
S00004,UPF,edge-B,edge,482,DONE,13.95615,13.96452,8.372369999960938,8.372369999960938,2.05,5.077,1.2453699999609382,0.6743699999609376,0.5710000000000006,0.0
S00007,Transcoder,core-1,core,217,DONE,13.96454,14.0074,42.86258399997678,42.86258399997678,0.42,25.092,7.350583999976777,1.4315839999767768,5.9190000000000005,10.0
S00008,Transcoder,core-1,core,237,DONE,13.96795,14.0145,46.546429000045464,46.546429000045464,0.101,29.294,5.151429000045464,4.151429000045464,1.0,12.0
S00008,Transcoder,core-1,core,238,DONE,13.97052,14.00819,37.66562900000281,37.66562900000281,0.076,20.336,5.25362900000281,4.641629000002808,0.6120000000000019,12.0
S00003,UPF,edge-A,edge,462,DONE,13.97065,14.07537,104.72348000030252,104.72348000030252,24.091,77.743,2.8894800003025125,0.48548000030251615,2.4039999999999964,0.0
S00004,UPF,edge-B,edge,483,DONE,13.97075,14.05128,80.53010100002211,80.53010100002211,1.484,1.74,77.30610100002211,0.7511010000221177,76.55499999999999,0.0
S00009,IoT-GW,edge-A,edge,445,EXPIRED,13.9735,14.9776,,,1003.173,,,,,
S00004,UPF,edge-B,edge,484,DONE,13.98099,14.05657,75.57841500010909,75.57841500010909,5.573,3.016,66.98941500010909,0.9114150001090877,66.078,0.0
S00002,vRAN-DU,edge-B,edge,404,DONE,13.98114,14.05282,71.68632699995214,71.68632699995214,0.358,4.449,66.87932699995214,0.8003269999521478,66.079,0.0
S00010,IoT-GW,edge-B,edge,446,DONE,13.98872,14.95843,969.7085279999555,969.7085279999555,907.008,2.69,60.01052799995546,1.074527999955535,58.93599999999992,0.0
S00010,IoT-GW,edge-B,edge,447,EXPIRED,13.99409,15.05006,,,1001.87,,,,,
S00008,Transcoder,core-1,core,239,DONE,13.99665,14.01999,23.33484100017813,23.33484100017813,0.757,7.757,2.820841000178131,1.8278410001781307,0.9930000000000003,12.0
S00006,IMS-CSCF,edge-B,edge,466,DONE,13.99812,14.95648,958.3630659999471,958.3630659999471,904.71,3.955,49.69806599994706,0.6490659999470836,49.04899999999998,0.0
S00003,UPF,edge-A,edge,463,DONE,14.00427,14.1829,178.63560800014966,178.63560800014966,0.872,104.64,73.12360800014966,1.566608000149671,71.55699999999999,0.0
S00003,UPF,edge-A,edge,464,DONE,14.00745,14.18813,180.67270599976837,180.67270599976837,106.214,6.891,67.56770599976836,0.39270599976836706,67.175,0.0
S00010,IoT-GW,edge-B,edge,448,EXPIRED,14.00784,15.05007,,,1001.86,,,,,
S00009,IoT-GW,edge-A,edge,446,DONE,14.01316,14.98342,970.257255999968,970.257255999968,907.104,1.192,61.96125599996799,0.4492559999680452,61.511999999999944,0.0
S00007,Transcoder,core-1,core,218,DONE,14.01877,14.04296,24.18964499975118,24.18964499975118,0.174,9.462,4.553644999751182,3.4016449997511806,1.152000000000001,10.0
S00003,UPF,edge-A,edge,465,DONE,14.0191,14.19084,171.73823799976162,171.73823799976162,113.643,2.21,55.88523799976163,0.267237999761619,55.61800000000001,0.0
S00009,IoT-GW,edge-A,edge,447,DONE,14.01948,15.07405,1054.569969000113,1054.569969000113,997.057,1.878,55.63496900011285,0.3149690001127965,55.32000000000005,0.0
S00004,UPF,edge-B,edge,485,DONE,14.02219,14.06351,41.32152900001529,41.32152900001529,13.364,2.401,25.55652900001529,0.5225290000152896,25.034,0.0
S00002,vRAN-DU,edge-B,edge,405,DONE,14.02466,14.05658,31.92655700013347,31.92655700013347,4.956,3.615,23.35555700013347,0.711557000133471,22.644,0.0
S00009,IoT-GW,edge-A,edge,448,DONE,14.02591,15.07556,1049.6519970001827,1049.6519970001827,999.082,1.542,49.02799700018272,1.0699970001826387,47.958000000000084,0.0
S00006,IMS-CSCF,edge-B,edge,467,DONE,14.02618,14.97118,944.9908659998982,944.9908659998982,919.089,4.346,21.555865999898174,0.5368659998982821,21.01899999999989,0.0
S00002,vRAN-DU,edge-B,edge,406,DONE,14.02627,14.06136,35.08955000006608,35.08955000006608,8.754,4.975,21.360550000066084,0.5485500000660863,20.811999999999998,0.0
S00008,Transcoder,core-1,core,240,DONE,14.02757,14.05048,22.911693999958516,22.911693999958516,0.072,6.615,4.2246939999585145,1.7276939999585164,2.496999999999999,12.0
S00008,Transcoder,core-1,core,241,DONE,14.02765,14.05536,27.712171000075614,27.712171000075614,0.146,11.029,4.537171000075613,3.2061710000756136,1.3309999999999995,12.0
S00006,IMS-CSCF,edge-B,edge,468,EXPIRED,14.02992,15.05005,,,1001.837,,,,,
S00002,vRAN-DU,edge-B,edge,407,DONE,14.0312,14.06073,29.534271000102308,29.534271000102308,9.126,3.675,16.73327100010231,0.564271000102309,16.169,0.0
S00001,vRAN-DU,edge-A,edge,438,DONE,14.04096,14.08723,46.27663699966433,46.27663699966433,0.444,6.557,39.275636999664336,6.25663699966433,33.019000000000005,0.0
S00004,UPF,edge-B,edge,486,DONE,14.0411,14.15137,110.27633000003334,110.27633000003334,15.854,84.659,9.763330000033335,2.6663300000333408,7.096999999999994,0.0
S00004,UPF,edge-B,edge,487,DONE,14.04115,14.16323,122.0796849997896,122.0796849997896,105.999,7.781,8.299684999789605,3.1126849997896073,5.186999999999998,0.0
S00010,IoT-GW,edge-B,edge,449,EXPIRED,14.0452,15.05008,,,1001.819,,,,,
S00002,vRAN-DU,edge-B,edge,408,DONE,14.05052,14.15089,100.36736200027008,100.36736200027008,10.814,85.146,4.407362000270069,1.0193620002700783,3.387999999999991,0.0
S00006,IMS-CSCF,edge-B,edge,469,DONE,14.05254,15.05419,1001.6531100000066,1001.6531100000066,999.111,1.204,1.3381100000066226,0.745110000006548,0.5930000000000746,0.0
S00004,UPF,edge-B,edge,488,DONE,14.05659,14.24877,192.18558800002938,192.18558800002938,110.156,80.688,1.3415880000293896,0.8445880000293755,0.4970000000000141,0.0
S00005,IMS-CSCF,edge-A,edge,464,DONE,14.0579,14.7779,719.9991200000113,719.9991200000113,700.634,1.672,17.693120000011277,1.021120000011365,16.671999999999912,0.0
S00004,UPF,edge-B,edge,489,DONE,14.06074,14.2583,197.55599500012977,197.55599500012977,189.916,5.218,2.421995000129783,0.4219950001297832,2.0,0.0
S00003,UPF,edge-A,edge,466,DONE,14.06472,14.20212,137.40040299990142,137.40040299990142,117.268,9.723,10.409402999901417,0.527402999901426,9.88199999999999,0.0
S00006,IMS-CSCF,edge-B,edge,470,DONE,14.06524,15.05814,992.9015839998101,992.9015839998101,910.239,1.44,81.22258399981001,0.40558399981011917,80.8169999999999,0.0
S00007,Transcoder,core-1,core,219,DONE,14.08138,14.10575,24.37478199999532,24.37478199999532,0.117,7.371,6.886781999995321,2.874781999995321,4.012,10.0
S00009,IoT-GW,edge-A,edge,449,DONE,14.08154,15.0777,996.1564239997642,996.1564239997642,991.816,1.657,2.683423999764159,1.1334239997642044,1.5499999999999545,0.0
S00003,UPF,edge-A,edge,467,DONE,14.08159,14.27226,190.66952399998627,190.66952399998627,118.385,69.601,2.683523999986278,1.2085239999862551,1.4750000000000227,0.0
S00003,UPF,edge-A,edge,468,DONE,14.08727,14.27529,188.02490899997792,188.02490899997792,183.867,1.981,2.1769089999779396,1.194908999977912,0.9820000000000277,0.0
S00009,IoT-GW,edge-A,edge,450,DONE,14.08783,15.08306,995.2305840001827,995.2305840001827,988.876,3.932,2.4225840001827237,0.7725840001827464,1.6499999999999773,0.0
S00006,IMS-CSCF,edge-B,edge,471,DONE,14.08791,15.06059,972.6807870001721,972.6807870001721,911.849,1.048,59.78378700017208,3.231787000172176,56.55199999999991,0.0
S00010,IoT-GW,edge-B,edge,450,DONE,14.08797,15.05753,969.5568390002336,969.5568390002336,907.428,0.932,61.19683900023358,3.6438390002335836,57.553,0.0
S00005,IMS-CSCF,edge-A,edge,465,DONE,14.10255,14.78804,685.4893550002998,685.4893550002998,604.706,1.823,78.96035500029984,0.6503550002997827,78.31000000000006,0.0
S00002,vRAN-DU,edge-B,edge,409,DONE,14.10499,14.16159,56.59827099998438,56.59827099998438,6.543,8.452,41.603270999984375,0.6982709999843806,40.905,0.0
S00005,IMS-CSCF,edge-A,edge,466,DONE,14.1109,14.88965,778.7511070000619,778.7511070000619,703.804,4.39,70.55710700006193,0.8991070000619175,69.65800000000002,0.0
S00008,Transcoder,core-1,core,242,DONE,14.11135,14.13476,23.411099999975704,23.411099999975704,0.096,8.504,2.8110999999757045,1.9770999999757048,0.8339999999999996,12.0
S00001,vRAN-DU,edge-A,edge,439,DONE,14.11155,14.19181,80.26030000019091,80.26030000019091,3.526,7.136,69.5983000001909,0.29330000019091074,69.305,0.0
S00004,UPF,edge-B,edge,490,DONE,14.11495,14.26405,149.10004200010007,149.10004200010007,112.874,4.676,31.550042000100078,0.5310420001000864,31.01899999999999,0.0
S00007,Transcoder,core-1,core,220,DONE,14.11745,14.13696,19.51234700027271,19.51234700027271,0.089,7.118,2.305347000272711,1.4063470002727119,0.8989999999999991,10.0
S00009,IoT-GW,edge-A,edge,451,DONE,14.12598,15.08647,960.4849620000095,960.4849620000095,901.692,3.563,55.22996200000955,0.5109620000094992,54.71900000000005,0.0
S00005,IMS-CSCF,edge-A,edge,467,DONE,14.14727,14.98403,836.7586979998123,836.7586979998123,800.831,1.98,33.94769799981225,0.5376979998122806,33.40999999999997,0.0
S00010,IoT-GW,edge-B,edge,451,DONE,14.1479,15.05947,911.5707559999464,911.5707559999464,902.91,1.868,6.792755999946394,0.5637559999464656,6.228999999999928,0.0
S00002,vRAN-DU,edge-B,edge,410,DONE,14.15138,14.24879,97.41152000015063,97.41152000015063,12.569,80.782,4.060520000150632,1.88752000015063,2.173000000000002,0.0
S00001,vRAN-DU,edge-A,edge,440,DONE,14.15284,14.19579,42.94999099965935,42.94999099965935,10.139,4.11,28.70099099965935,0.9799909996593499,27.721,0.0
S00002,vRAN-DU,edge-B,edge,411,DONE,14.15928,14.25327,93.99507799980711,93.99507799980711,87.362,4.086,2.547077999807115,1.0520779998071106,1.4950000000000045,0.0
S00005,IMS-CSCF,edge-A,edge,468,DONE,14.16094,15.07344,912.4942110001939,912.4942110001939,808.048,83.895,20.551211000193916,0.5752110001939172,19.976,0.0
S00001,vRAN-DU,edge-A,edge,441,DONE,14.16329,14.19927,35.98124600011943,35.98124600011943,14.75,2.971,18.260246000119427,0.8502460001194265,17.41,0.0
S00004,UPF,edge-B,edge,491,DONE,14.16486,14.26621,101.35227799992208,101.35227799992208,98.341,2.013,0.998277999922081,0.43327799992208327,0.5649999999999977,0.0
S00002,vRAN-DU,edge-B,edge,412,DONE,14.16848,14.25619,87.71356099987315,87.71356099987315,79.158,7.377,1.1785609998731559,0.4525609998731568,0.7259999999999991,0.0
S00010,IoT-GW,edge-B,edge,452,DONE,14.16858,15.06085,892.2655849996772,892.2655849996772,890.273,0.735,1.2575849996771922,0.4425849996772513,0.8149999999999409,0.0
S00010,IoT-GW,edge-B,edge,453,DONE,14.1725,15.0615,888.9903780000168,888.9903780000168,887.192,0.754,1.0443780000167635,0.4843780000168181,0.5599999999999454,0.0
S00005,IMS-CSCF,edge-A,edge,469,DONE,14.18108,15.07549,894.4119710004088,894.4119710004088,890.331,1.854,2.226971000408753,1.4839710004088147,0.7429999999999382,0.0
S00001,vRAN-DU,edge-A,edge,442,DONE,14.18293,14.20336,20.429048000096373,20.429048000096373,15.534,4.166,0.7290480000963697,0.4350480000963728,0.29399999999999693,0.0
S00007,Transcoder,core-1,core,221,DONE,14.18655,14.20783,21.280677000049764,21.280677000049764,0.106,7.345,3.829677000049763,2.0646770000497643,1.7649999999999997,10.0
S00001,vRAN-DU,edge-A,edge,443,DONE,14.18935,14.27484,85.4968439998629,85.4968439998629,14.232,70.358,0.9068439998629003,0.39184399986289975,0.5150000000000006,0.0
S00010,IoT-GW,edge-B,edge,454,DONE,14.19928,15.14861,949.3356680000034,949.3356680000034,898.737,2.033,48.56566800000337,0.8716680000032966,47.694000000000074,0.0
S00009,IoT-GW,edge-A,edge,452,DONE,14.1995,15.09416,894.653092000226,894.653092000226,886.274,3.941,4.438092000225993,2.1670920002260345,2.270999999999958,0.0
S00006,IMS-CSCF,edge-B,edge,472,DONE,14.19958,15.06123,861.6475569997419,861.6475569997419,812.348,1.729,47.57055699974194,0.47955699974193067,47.09100000000001,0.0
S00001,vRAN-DU,edge-A,edge,444,DONE,14.20336,14.28333,79.96501099978559,79.96501099978559,71.737,6.491,1.7370109997855963,0.5210109997855881,1.2160000000000082,0.0
S00010,IoT-GW,edge-B,edge,455,DONE,14.20349,15.1503,946.8131559997346,946.8131559997346,901.178,1.433,44.2021559997346,0.8061559997346421,43.39599999999996,0.0
S00009,IoT-GW,edge-A,edge,453,DONE,14.20358,15.09674,893.1660120001652,893.1660120001652,888.025,3.67,1.471012000165274,0.918012000165163,0.553000000000111,0.0
S00005,IMS-CSCF,edge-A,edge,470,DONE,14.20588,15.07688,870.998182999756,870.998182999756,868.676,1.579,0.7431829997559589,0.35318299975597256,0.38999999999998636,0.0
S00008,Transcoder,core-1,core,243,DONE,14.20752,14.22909,21.57501700003195,21.57501700003195,0.09,6.68,2.805017000031949,2.0160170000319475,0.7890000000000006,12.0
S00005,IMS-CSCF,edge-A,edge,471,DONE,14.20903,15.08079,871.7577530001108,871.7577530001108,867.255,3.634,0.8687530001108144,0.35075300011078525,0.5180000000000291,0.0
S00004,UPF,edge-B,edge,492,DONE,14.21067,14.34753,136.8652219998694,136.8652219998694,20.87,78.342,37.65322199986939,0.5872219998693993,37.06599999999999,0.0
S00002,vRAN-DU,edge-B,edge,413,DONE,14.21076,14.26225,51.487208000253304,51.487208000253304,11.493,3.171,36.8232080002533,0.5242080002533029,36.299,0.0
S00003,UPF,edge-A,edge,469,DONE,14.21297,14.28307,70.10601599995425,70.10601599995425,62.588,6.407,1.1110159999542475,0.4260159999542452,0.6850000000000023,0.0
S00003,UPF,edge-A,edge,470,DONE,14.22328,14.29499,71.71007200031454,71.71007200031454,11.494,4.801,55.41507200031454,0.584072000314535,54.831,0.0
S00004,UPF,edge-B,edge,493,DONE,14.22385,14.3517,127.85049700005402,127.85049700005402,99.977,4.073,23.80049700005401,0.5494970000540178,23.25099999999999,0.0
S00003,UPF,edge-A,edge,471,DONE,14.2291,14.29527,66.16625799961184,66.16625799961184,16.412,1.639,48.11525799961184,0.5842579996118502,47.53099999999999,0.0
S00008,Transcoder,core-1,core,244,DONE,14.23154,14.253,21.46384300021964,21.46384300021964,0.102,6.535,2.8268430002196396,1.6808430002196388,1.146,12.0
S00002,vRAN-DU,edge-B,edge,414,DONE,14.2488,14.26727,18.469210999683128,18.469210999683128,12.881,4.73,0.8582109996831271,0.41221099968312913,0.44599999999999795,0.0
S00003,UPF,edge-A,edge,472,DONE,14.25206,14.2956,43.537644000025466,43.537644000025466,18.222,1.65,23.665644000025466,0.7026440000254652,22.963,0.0
S00010,IoT-GW,edge-B,edge,456,DONE,14.25219,15.15333,901.1453430002803,901.1453430002803,896.305,2.527,2.3133430002802697,1.0283430002803016,1.2849999999999682,0.0
S00006,IMS-CSCF,edge-B,edge,473,DONE,14.25223,15.1486,896.3627240000278,896.3627240000278,807.536,86.415,2.4117240000279025,1.3527240000278198,1.0590000000000828,0.0
S00006,IMS-CSCF,edge-B,edge,474,DONE,14.2545,15.15069,896.1938669999654,896.1938669999654,892.838,2.073,1.2828669999654494,0.5238669999654348,0.7590000000000146,0.0
S00004,UPF,edge-B,edge,494,DONE,14.2546,14.35624,101.63531499983947,101.63531499983947,97.002,2.844,1.7893149998394762,0.6143149998394648,1.1750000000000114,0.0
S00010,IoT-GW,edge-B,edge,457,DONE,14.26105,15.15585,894.8024699998314,894.8024699998314,890.757,2.617,1.4284699998314636,0.43546999983141177,0.9930000000000518,0.0
S00007,Transcoder,core-1,core,222,DONE,14.27024,14.29351,23.267435999969166,23.267435999969166,0.172,9.017,4.078435999969166,3.480435999969165,0.5980000000000008,10.0
S00002,vRAN-DU,edge-B,edge,415,DONE,14.27067,14.3562,85.53346700000475,85.53346700000475,4.524,3.683,77.32646700000475,0.5514670000047488,76.775,0.0
S00009,IoT-GW,edge-A,edge,454,DONE,14.27538,15.09776,822.3800910000136,822.3800910000136,819.966,1.109,1.30509100001359,0.44109100001367096,0.863999999999919,0.0
S00005,IMS-CSCF,edge-A,edge,472,DONE,14.27982,15.08487,805.046269000286,805.046269000286,797.732,3.325,3.989269000285958,0.7292690002859672,3.259999999999991,0.0
S00003,UPF,edge-A,edge,473,DONE,14.27996,14.29635,16.387112000302295,16.387112000302295,8.55,2.884,4.953112000302294,0.9151120003022957,4.0379999999999985,0.0
S00006,IMS-CSCF,edge-B,edge,475,DONE,14.28001,15.15341,873.4009439999681,873.4009439999681,803.745,1.925,67.73094399996819,2.3259439999681035,65.40500000000009,0.0
S00001,vRAN-DU,edge-A,edge,445,DONE,14.28009,14.29633,16.240235999703145,16.240235999703145,3.973,6.048,6.219235999703145,0.9302359997031449,5.289,0.0
S00005,IMS-CSCF,edge-A,edge,473,DONE,14.28224,15.08707,804.8233149997941,804.8233149997941,801.362,1.861,1.6003149997941364,0.9063149997940627,0.6940000000000737,0.0
S00007,Transcoder,core-1,core,223,DONE,14.28234,14.30674,24.395487000219873,24.395487000219873,0.17,6.177,8.048487000219872,6.360487000219873,1.6880000000000006,10.0
S00005,IMS-CSCF,edge-A,edge,474,DONE,14.28309,15.0892,806.1173680002867,806.1173680002867,801.351,1.416,3.3503680002866076,0.654368000286695,2.6959999999999127,0.0
S00008,Transcoder,core-1,core,245,DONE,14.29,14.31655,26.548221000211925,26.548221000211925,0.181,10.827,3.5402210002119254,2.6382210002119244,0.902000000000001,12.0
S00003,UPF,edge-A,edge,474,DONE,14.29019,14.37996,89.76867199999106,89.76867199999106,3.699,4.057,82.01267199999106,5.693671999991054,76.319,0.0
S00010,IoT-GW,edge-B,edge,458,DONE,14.29036,15.15834,867.9823799998303,867.9823799998303,809.25,1.73,57.00237999983028,0.6893799998302939,56.31299999999999,0.0
S00006,IMS-CSCF,edge-B,edge,476,DONE,14.29359,15.15471,861.1258650003037,861.1258650003037,805.946,1.622,53.557865000303764,0.5378650003037819,53.01999999999998,0.0
S00009,IoT-GW,edge-A,edge,455,DONE,14.29636,15.09991,803.553558999738,803.553558999738,726.437,1.5,75.616558999738,0.5565589997380584,75.05999999999995,0.0
S00002,vRAN-DU,edge-B,edge,416,DONE,14.30514,14.35846,53.32020600008036,53.32020600008036,8.492,2.739,42.08920600008036,0.6752060000803581,41.414,0.0
S00004,UPF,edge-B,edge,495,DONE,14.31205,14.35966,47.612680999918666,47.612680999918666,8.658,3.801,35.15368099991866,0.8336809999186627,34.32000000000001,0.0
S00004,UPF,edge-B,edge,496,DONE,14.31224,14.45097,138.7325900000178,138.7325900000178,13.337,89.402,35.993590000017804,0.914590000017796,35.07900000000001,0.0
S00001,vRAN-DU,edge-A,edge,446,DONE,14.31788,14.38273,64.85250100013218,64.85250100013218,1.994,8.621,54.23750100013218,0.6585010001321763,53.579,0.0
S00001,vRAN-DU,edge-A,edge,447,DONE,14.32846,14.38922,60.75194699997155,60.75194699997155,10.154,7.188,43.40994699997155,0.6749469999715529,42.735,0.0
S00005,IMS-CSCF,edge-A,edge,475,DONE,14.332,15.09533,763.3258330001809,763.3258330001809,717.606,5.567,40.15283300018086,0.6058330001808372,39.547000000000025,0.0
S00006,IMS-CSCF,edge-B,edge,477,DONE,14.33213,15.15699,824.861933000193,824.861933000193,807.977,1.81,15.074933000193028,0.7299330001930002,14.345000000000027,0.0
S00006,IMS-CSCF,edge-B,edge,478,DONE,14.3386,15.15966,821.0658090001743,821.0658090001743,810.552,1.507,9.006809000174371,0.8038090001743967,8.202999999999975,0.0
S00005,IMS-CSCF,edge-A,edge,476,DONE,14.3388,15.09744,758.6430460000884,758.6430460000884,723.348,2.133,33.16204600008837,1.0240460000883331,32.138000000000034,0.0
S00001,vRAN-DU,edge-A,edge,448,DONE,14.34119,14.38692,45.73254399974758,45.73254399974758,10.712,4.306,30.714543999747576,0.4995439997475799,30.214999999999996,0.0
S00005,IMS-CSCF,edge-A,edge,477,DONE,14.34666,15.0994,752.7392779998081,752.7392779998081,726.123,1.223,25.393277999808106,0.5842779998081369,24.80899999999997,0.0
S00006,IMS-CSCF,edge-B,edge,479,DONE,14.34705,15.16216,815.1143879999836,815.1143879999836,810.426,2.48,2.208387999983529,0.6573879999835981,1.5509999999999309,0.0
S00009,IoT-GW,edge-A,edge,456,DONE,14.36597,15.17323,807.268817000022,807.268817000022,728.015,73.029,6.224817000021972,0.5498170000219034,5.675000000000068,0.0
S00001,vRAN-DU,edge-A,edge,449,DONE,14.37068,14.4753,104.61962600038532,104.61962600038532,17.775,85.497,1.3476260003853326,0.930626000385331,0.4170000000000016,0.0
S00006,IMS-CSCF,edge-B,edge,480,DONE,14.37505,15.1649,789.8536519996924,789.8536519996924,782.571,2.029,5.253651999692352,4.473651999692379,0.7799999999999727,0.0
S00001,vRAN-DU,edge-A,edge,450,DONE,14.37691,14.39414,17.226958999799535,17.226958999799535,11.456,2.632,3.138958999799536,0.5259589997995349,2.6130000000000013,0.0
S00001,vRAN-DU,edge-A,edge,451,DONE,14.37703,14.40576,28.73103899992202,28.73103899992202,14.217,8.914,5.60003899992202,0.5750389999220218,5.024999999999999,0.0
S00010,IoT-GW,edge-B,edge,459,DONE,14.37996,15.1609,780.9309119998034,780.9309119998034,777.944,1.914,1.0729119998034093,0.4729119998033866,0.6000000000000227,0.0
S00003,UPF,edge-A,edge,475,DONE,14.38393,14.38971,5.779910000001109,5.779910000001109,1.219,1.785,2.7759100000011094,0.3959100000011091,2.3800000000000003,0.0
S00008,Transcoder,core-1,core,246,DONE,14.384,14.41452,30.515101000219147,30.515101000219147,0.127,12.72,5.668101000219146,4.5741010002191445,1.0939999999999994,12.0
S00004,UPF,edge-B,edge,497,DONE,14.38693,14.45807,71.14014799981305,71.14014799981305,62.458,3.197,5.4851479998130515,4.287147999813058,1.1979999999999933,0.0
S00005,IMS-CSCF,edge-A,edge,478,DONE,14.40204,15.17223,770.1886509998985,770.1886509998985,628.193,71.751,70.24465099989857,3.724650999898472,66.5200000000001,0.0
S00007,Transcoder,core-1,core,224,DONE,14.40221,14.42427,22.06634699996357,22.06634699996357,0.146,6.907,5.01334699996357,4.207346999963571,0.806,10.0
S00002,vRAN-DU,edge-B,edge,417,DONE,14.40225,14.45924,56.98379899968131,56.98379899968131,47.052,8.345,1.5867989996813137,0.6647989996813095,0.9220000000000041,0.0
S00003,UPF,edge-A,edge,476,DONE,14.41011,14.48175,71.63974000013695,71.63974000013695,4.222,5.477,61.940740000136955,0.6427400001369534,61.298,0.0
S00006,IMS-CSCF,edge-B,edge,481,DONE,14.41398,15.16704,753.0648219999421,753.0648219999421,750.119,1.344,1.6018219999419898,0.8558219999421226,0.7459999999998672,0.0
S00001,vRAN-DU,edge-A,edge,452,DONE,14.42187,14.47834,56.47005499986335,56.47005499986335,1.954,4.764,49.75205499986335,0.9810549998633533,48.771,0.0
S00003,UPF,edge-A,edge,477,DONE,14.42428,14.49085,66.56827899996642,66.56827899996642,10.612,8.614,47.342278999966425,0.4092789999664177,46.93300000000001,0.0
S00001,vRAN-DU,edge-A,edge,453,DONE,14.42585,14.48752,61.66528800031301,61.66528800031301,9.907,5.93,45.82828800031301,0.36428800031301023,45.464,0.0
S00009,IoT-GW,edge-A,edge,457,DONE,14.43037,15.17504,744.670823999968,744.670823999968,701.557,1.675,41.43882399996801,0.5768239999679281,40.86200000000008,0.0
S00002,vRAN-DU,edge-B,edge,418,DONE,14.43174,14.46781,36.06799299996055,36.06799299996055,27.163,7.328,1.5769929999605523,0.6749929999605513,0.902000000000001,0.0
S00004,UPF,edge-B,edge,498,DONE,14.43186,14.4703,38.441829000021244,38.441829000021244,30.065,6.824,1.5528290000212408,0.825829000021244,0.7269999999999968,0.0
S00005,IMS-CSCF,edge-A,edge,479,DONE,14.44692,15.17438,727.4619820000225,727.4619820000225,700.231,2.098,25.132982000022594,1.3609820000225454,23.772000000000048,0.0
S00007,Transcoder,core-1,core,225,DONE,14.44707,14.46753,20.45853800018449,20.45853800018449,0.076,8.169,2.2135380001844887,1.610538000184489,0.6029999999999998,10.0
S00010,IoT-GW,edge-B,edge,460,DONE,14.46266,15.16345,700.7920880000711,700.7920880000711,694.984,1.701,4.10708800007103,0.7770880000711031,3.3299999999999272,0.0
S00010,IoT-GW,edge-B,edge,461,DONE,14.46483,15.16613,701.3003759998355,701.3003759998355,696.83,2.482,1.9883759998355117,0.47337599983552536,1.5149999999999864,0.0
S00002,vRAN-DU,edge-B,edge,419,DONE,14.47361,14.55196,78.35962099989047,78.35962099989047,72.694,4.511,1.1546209998904686,0.670620999890474,0.48399999999999466,0.0
S00010,IoT-GW,edge-B,edge,462,DONE,14.47372,15.24892,775.2012060000197,775.2012060000197,690.891,81.591,2.719206000019767,1.2002060000197616,1.5190000000000055,0.0
S00006,IMS-CSCF,edge-B,edge,482,DONE,14.47755,15.25089,773.3437249999042,773.3437249999042,688.535,82.59,2.218724999904225,0.700724999904196,1.518000000000029,0.0
S00009,IoT-GW,edge-A,edge,458,DONE,14.48011,15.17829,698.1788740004049,698.1788740004049,693.499,2.791,1.888874000404826,0.5928740004048905,1.2959999999999354,0.0
S00010,IoT-GW,edge-B,edge,463,DONE,14.48059,15.25143,770.8341510001446,770.8341510001446,766.851,2.607,1.3761510001446595,0.6691510001446659,0.7069999999999936,0.0
S00006,IMS-CSCF,edge-B,edge,483,DONE,14.4807,15.25408,773.3853489999092,773.3853489999092,769.344,2.444,1.5973489999091726,0.9993489999092162,0.5979999999999563,0.0
S00001,vRAN-DU,edge-A,edge,454,DONE,14.4808,14.57497,94.16318100011267,94.16318100011267,5.581,86.635,1.9471810001126642,0.7751810001126671,1.171999999999997,0.0
S00004,UPF,edge-B,edge,499,DONE,14.48337,14.55384,70.46800600028291,70.46800600028291,62.469,4.214,3.7850060002829053,3.0220060002829143,0.762999999999991,0.0
S00007,Transcoder,core-1,core,226,DONE,14.48349,14.50462,21.127698999862332,21.127698999862332,0.086,8.718,2.323698999862332,1.8036989998623323,0.5199999999999996,10.0
S00005,IMS-CSCF,edge-A,edge,480,DONE,14.49412,15.17713,683.0077310000888,683.0077310000888,679.845,2.008,1.1547310000887592,0.6507310000888538,0.5039999999999054,0.0
S00003,UPF,edge-A,edge,478,DONE,14.49544,14.57776,82.313294999949,82.313294999949,78.032,3.409,0.8722949999489913,0.44729499994899413,0.42499999999999716,0.0
S00004,UPF,edge-B,edge,500,DONE,14.49771,14.56024,62.529867999728594,62.529867999728594,56.09,4.812,1.6278679997285934,0.8268679997285915,0.8010000000000019,0.0
S00004,UPF,edge-B,edge,501,DONE,14.4979,14.64749,149.59407400010605,149.59407400010605,60.768,86.88,1.9460740001060515,1.3710740001060344,0.575000000000017,0.0
S00002,vRAN-DU,edge-B,edge,420,DONE,14.50216,14.55948,57.31632599963632,57.31632599963632,50.435,4.033,2.848325999636316,1.9653259996363204,0.8829999999999956,0.0
S00010,IoT-GW,edge-B,edge,464,DONE,14.51895,15.25966,740.7120530001521,740.7120530001521,705.474,7.38,27.85805300015204,1.0930530001520538,26.764999999999986,0.0
S00004,UPF,edge-B,edge,502,DONE,14.52136,14.65412,132.76327699986723,132.76327699986723,102.16,3.413,27.190276999867237,2.577276999867223,24.613000000000014,0.0
S00010,IoT-GW,edge-B,edge,465,DONE,14.53591,15.26132,725.4037080001581,725.4037080001581,713.765,0.931,10.70770800015805,1.003708000158099,9.70399999999995,0.0
S00001,vRAN-DU,edge-A,edge,455,DONE,14.53836,14.58571,47.346962000119674,47.346962000119674,41.402,4.593,1.35196200011967,0.7459620001196754,0.6059999999999945,0.0
S00009,IoT-GW,edge-A,edge,459,DONE,14.54077,15.17979,639.0145719997236,639.0145719997236,636.113,1.743,1.1585719997234492,0.5985719997235037,0.5599999999999454,0.0
S00010,IoT-GW,edge-B,edge,466,DONE,14.54211,15.2632,721.0953059998246,721.0953059998246,714.98,1.54,4.57530599982465,0.6333059998246426,3.9420000000000073,0.0
S00010,IoT-GW,edge-B,edge,467,DONE,14.54443,15.34784,803.4030020003229,803.4030020003229,717.427,83.282,2.6940020003228256,0.8610020003228556,1.83299999999997,0.0
S00010,IoT-GW,edge-B,edge,468,DONE,14.54716,15.3554,808.2364520000738,808.2364520000738,801.168,4.517,2.5514520000737093,0.7884520000737893,1.76299999999992,0.0
S00008,Transcoder,core-1,core,247,DONE,14.54726,14.57327,26.011171999925864,26.011171999925864,0.114,10.763,3.1341719999258633,1.5961719999258648,1.5379999999999985,12.0
S00004,UPF,edge-B,edge,503,DONE,14.54918,14.65719,108.00761900009093,108.00761900009093,102.116,4.35,1.5416190000909324,0.4806190000909254,1.061000000000007,0.0
S00004,UPF,edge-B,edge,504,DONE,14.55386,14.74627,192.4087170000348,192.4087170000348,101.913,89.048,1.4477170000347996,0.5977170000348053,0.8499999999999943,0.0
S00009,IoT-GW,edge-A,edge,460,DONE,14.56025,15.18254,622.2895010000684,622.2895010000684,614.974,1.898,5.4175010000683415,2.173501000068427,3.2439999999999145,0.0
S00002,vRAN-DU,edge-B,edge,421,DONE,14.58413,14.65684,72.70965499992599,72.70965499992599,1.786,8.313,62.610654999925984,0.6086549999259887,62.001999999999995,0.0
S00004,UPF,edge-B,edge,505,DONE,14.58572,14.75073,165.0126219997219,165.0126219997219,100.607,3.556,60.84962199972189,0.4816219997218809,60.36800000000001,0.0
S00007,Transcoder,core-1,core,227,DONE,14.58662,14.60723,20.609234999938053,20.609234999938053,0.088,7.425,3.096234999938053,1.9612349999380534,1.1349999999999998,10.0
S00005,IMS-CSCF,edge-A,edge,481,DONE,14.58684,15.17908,592.2387599998729,592.2387599998729,588.437,1.945,1.8567599998727928,0.6377599998728556,1.2189999999999372,0.0
S00003,UPF,edge-A,edge,479,DONE,14.58873,14.67377,85.03945499978727,85.03945499978727,1.393,79.255,4.391454999787271,0.47845499978726025,3.913000000000011,0.0
S00005,IMS-CSCF,edge-A,edge,482,DONE,14.59813,15.18133,583.199107999917,583.199107999917,505.482,2.232,75.48510799991698,0.5911079999170852,74.89399999999989,0.0
S00003,UPF,edge-A,edge,480,DONE,14.59827,14.69099,92.72332199998345,92.72332199998345,9.755,7.512,75.45632199998346,0.5803219999834539,74.876,0.0
S00007,Transcoder,core-1,core,228,DONE,14.60281,14.63041,27.60538499978793,27.60538499978793,0.133,12.245,5.22738499978793,4.2243849997879295,1.0030000000000001,10.0
S00001,vRAN-DU,edge-A,edge,456,DONE,14.60301,14.69149,88.48037500001737,88.48037500001737,8.908,8.369,71.20337500001737,2.8063750000173684,68.397,0.0
S00010,IoT-GW,edge-B,edge,469,DONE,14.60645,15.35714,750.6848580001133,750.6848580001133,708.603,1.532,40.54985800011332,0.8708580001133441,39.678999999999974,0.0
S00009,IoT-GW,edge-A,edge,461,DONE,14.60858,15.18477,576.1966240002039,576.1966240002039,509.004,1.994,65.19862400020384,3.1796240002038303,62.019000000000005,0.0
S00003,UPF,edge-A,edge,481,DONE,14.61083,14.77275,161.92094200005158,161.92094200005158,21.136,77.12,63.66494200005158,1.3069420000515777,62.358000000000004,0.0
S00003,UPF,edge-A,edge,482,DONE,14.61093,14.77594,165.01628699961657,165.01628699961657,98.687,3.289,63.04028699961657,1.010286999616568,62.03,0.0
S00001,vRAN-DU,edge-A,edge,457,DONE,14.61405,14.70089,86.84239000012894,86.84239000012894,18.323,8.89,59.62939000012894,0.5463900001289375,59.083000000000006,0.0
S00010,IoT-GW,edge-B,edge,470,DONE,14.6196,15.35976,740.1663949999602,740.1663949999602,710.433,2.278,27.455394999960163,1.0683949999602191,26.386999999999944,0.0
S00005,IMS-CSCF,edge-A,edge,483,DONE,14.6198,15.18328,563.4838440000749,563.4838440000749,508.216,1.228,54.03984400007488,1.1738440000749506,52.86599999999993,0.0
S00008,Transcoder,core-1,core,248,DONE,14.61995,14.64573,25.7737389997601,25.7737389997601,0.116,10.708,2.9497389997600987,1.958738999760099,0.9909999999999997,12.0
S00001,vRAN-DU,edge-A,edge,458,DONE,14.62315,14.77554,152.39213399991058,152.39213399991058,27.648,74.053,50.69113399991059,0.604133999910573,50.08700000000002,0.0
S00009,IoT-GW,edge-A,edge,462,DONE,14.63286,15.18946,556.5945650000685,556.5945650000685,511.548,1.417,43.62956500006851,0.7065650000685082,42.923,0.0
S00003,UPF,edge-A,edge,483,DONE,14.64045,14.78335,142.8933719998895,142.8933719998895,107.209,2.279,33.405371999889496,0.6233719998894856,32.78200000000001,0.0
S00005,IMS-CSCF,edge-A,edge,484,DONE,14.64116,15.18598,544.8153050001565,544.8153050001565,509.578,2.369,32.86830500015651,0.4723050001565525,32.39599999999996,0.0
S00004,UPF,edge-B,edge,506,DONE,14.64154,14.75433,112.79516400009015,112.79516400009015,104.312,3.181,5.302164000090158,0.6711640000901582,4.631,0.0
S00001,vRAN-DU,edge-A,edge,459,DONE,14.65109,14.78069,129.59948499974416,129.59948499974416,102.28,4.654,22.665484999744166,0.5854849997441534,22.080000000000013,0.0
S00006,IMS-CSCF,edge-B,edge,484,DONE,14.65413,15.25652,602.3862440001722,602.3862440001722,598.319,2.351,1.7162440001721961,1.0992440001721206,0.6170000000000755,0.0
S00003,UPF,edge-A,edge,484,DONE,14.65426,14.78552,131.252651000068,131.252651000068,109.556,2.153,19.543651000067996,0.6146510000679939,18.929000000000002,0.0
S00006,IMS-CSCF,edge-B,edge,485,DONE,14.65433,15.2598,605.4657760000737,605.4657760000737,601.065,2.238,2.1627760000735634,1.0467760000736916,1.1159999999998718,0.0
S00002,vRAN-DU,edge-B,edge,422,DONE,14.65851,14.74758,89.07319400032065,89.07319400032065,0.68,87.131,1.2621940003206475,0.7001940003206499,0.5619999999999976,0.0
S00009,IoT-GW,edge-A,edge,463,DONE,14.65988,15.19684,536.9569049998972,536.9569049998972,513.164,9.575,14.2179049998972,0.6569049998972787,13.560999999999922,0.0
S00005,IMS-CSCF,edge-A,edge,485,DONE,14.66098,15.19148,530.5063060000066,530.5063060000066,512.109,3.904,14.493306000006555,2.524306000006618,11.968999999999937,0.0
S00007,Transcoder,core-1,core,229,DONE,14.66109,14.70801,46.92363499998464,46.92363499998464,0.093,34.338,2.492634999984638,1.7376349999846425,0.7549999999999955,10.0
S00010,IoT-GW,edge-B,edge,471,DONE,14.66121,15.36341,702.2006709999005,702.2006709999005,697.327,3.559,1.3146709999004997,0.5996709999004679,0.7150000000000318,0.0
S00010,IoT-GW,edge-B,edge,472,DONE,14.67384,15.36573,691.8851589998667,691.8851589998667,684.846,1.876,5.16315899986671,0.9411589998667296,4.22199999999998,0.0
S00010,IoT-GW,edge-B,edge,473,DONE,14.67629,15.36825,691.9593229999919,691.9593229999919,686.891,1.968,3.1003229999919313,0.5683229999918922,2.532000000000039,0.0
S00009,IoT-GW,edge-A,edge,464,DONE,14.67989,15.19845,518.5588989997996,518.5588989997996,516.49,1.175,0.8938989997996032,0.4848989997996114,0.4089999999999918,0.0
S00003,UPF,edge-A,edge,485,DONE,14.6861,14.88182,195.7201009995515,195.7201009995515,187.996,6.034,1.690100999551504,1.1771009995514987,0.5130000000000052,0.0
S00010,IoT-GW,edge-B,edge,474,DONE,14.68857,15.44817,759.606452999833,759.606452999833,678.039,80.42,1.1474529998330354,0.5224529998330354,0.625,0.0
S00005,IMS-CSCF,edge-A,edge,486,DONE,14.69374,15.19788,504.1457199999968,504.1457199999968,495.156,7.31,1.6797199999967916,0.9607199999967975,0.7189999999999941,0.0
S00005,IMS-CSCF,edge-A,edge,487,DONE,14.6941,15.27313,579.0315909998753,579.0315909998753,502.116,75.047,1.8685909998753232,1.0015909998753614,0.8669999999999618,0.0
S00005,IMS-CSCF,edge-A,edge,488,DONE,14.69727,15.27593,578.6553419998199,578.6553419998199,574.669,2.264,1.722341999819946,0.5013419998199424,1.2210000000000036,0.0
S00002,vRAN-DU,edge-B,edge,423,DONE,14.69767,14.75145,53.780622999966,53.780622999966,48.868,3.756,1.1566229999659967,0.554622999966,0.6019999999999968,0.0
S00010,IoT-GW,edge-B,edge,475,DONE,14.6993,15.45122,751.9215860002078,751.9215860002078,748.066,2.747,1.1085860002077652,0.6205860002077088,0.4880000000000564,0.0
S00001,vRAN-DU,edge-A,edge,460,DONE,14.7031,14.78088,77.78221399985341,77.78221399985341,5.356,3.092,69.3342139998534,0.678213999853412,68.656,0.0
S00002,vRAN-DU,edge-B,edge,424,DONE,14.70318,14.75815,54.977779000182636,54.977779000182636,47.292,6.577,1.1087790001826363,0.33677900018263784,0.7719999999999985,0.0
S00004,UPF,edge-B,edge,507,DONE,14.70565,14.76197,56.32572299964522,56.32572299964522,51.852,2.542,1.931722999645224,1.2487229996452243,0.6829999999999998,0.0
S00006,IMS-CSCF,edge-B,edge,486,DONE,14.72445,15.26313,538.6853670001983,538.6853670001983,534.156,2.718,1.811367000198402,0.6573670001982919,1.15400000000011,0.0
S00001,vRAN-DU,edge-A,edge,461,DONE,14.72495,14.78757,62.61323499984428,62.61323499984428,9.079,6.102,47.43223499984428,0.46623499984428207,46.965999999999994,0.0
S00001,vRAN-DU,edge-A,edge,462,DONE,14.74441,14.87515,130.73536799993235,130.73536799993235,15.906,86.641,28.18836799993234,0.7313679999323597,27.45699999999998,0.0
S00006,IMS-CSCF,edge-B,edge,487,DONE,14.74759,15.266,518.4094419996654,518.4094419996654,513.021,2.744,2.644441999665446,0.6374419996653842,2.007000000000062,0.0
S00002,vRAN-DU,edge-B,edge,425,DONE,14.74771,14.76093,13.221401000009791,13.221401000009791,4.303,6.55,2.3684010000097917,0.427401000009791,1.9410000000000007,0.0
S00005,IMS-CSCF,edge-A,edge,489,DONE,14.75266,15.28021,527.5531259999298,527.5531259999298,503.969,3.266,20.318125999929748,0.8861259999297317,19.432000000000016,0.0
S00005,IMS-CSCF,edge-A,edge,490,DONE,14.75277,15.28281,530.0436709999303,530.0436709999303,507.506,2.475,20.062670999930333,0.9316709999303612,19.130999999999972,0.0
S00004,UPF,edge-B,edge,508,DONE,14.75553,14.85097,95.44312100024399,95.44312100024399,4.972,87.528,2.943121000243991,2.399121000243994,0.5439999999999969,0.0
S00001,vRAN-DU,edge-A,edge,463,DONE,14.75946,14.88009,120.63142100032564,120.63142100032564,17.276,90.134,13.221421000325648,1.0864210003256431,12.135000000000005,0.0
S00006,IMS-CSCF,edge-B,edge,488,DONE,14.75956,15.35126,591.7012350000732,591.7012350000732,585.871,3.907,1.9232350000731913,0.5692350000732631,1.3539999999999281,0.0
S00002,vRAN-DU,edge-B,edge,426,DONE,14.76645,14.85164,85.1858680002806,85.1858680002806,0.402,3.527,81.2568680002806,0.3218680002806025,80.935,0.0
S00001,vRAN-DU,edge-A,edge,464,DONE,14.77277,14.88519,112.4188779999713,112.4188779999713,104.322,4.741,3.355877999971298,1.484877999971303,1.8709999999999951,0.0
S00010,IoT-GW,edge-B,edge,476,DONE,14.77286,15.45705,684.1960960000506,684.1960960000506,604.2,3.67,76.3260960000506,0.48009600005059383,75.846,0.0
S00009,IoT-GW,edge-A,edge,465,DONE,14.78011,15.2752,495.0837890000912,495.0837890000912,417.031,74.949,3.103789000091183,1.767789000091227,1.335999999999956,0.0
S00009,IoT-GW,edge-A,edge,466,DONE,14.78075,15.27879,498.04549999998926,498.04549999998926,492.457,4.092,1.4964999999892825,0.6484999999892693,0.8480000000000132,0.0
S00006,IMS-CSCF,edge-B,edge,489,DONE,14.78205,15.35327,571.2208059999284,571.2208059999284,504.156,1.86,65.2048059999284,0.5598059999284715,64.64499999999992,0.0
S00006,IMS-CSCF,edge-B,edge,490,DONE,14.78335,15.35723,573.8794199996846,573.8794199996846,506.26,3.886,63.7334199996846,0.4414199996846264,63.29199999999997,0.0
S00010,IoT-GW,edge-B,edge,477,DONE,14.78464,15.45707,672.4266619999071,672.4266619999071,608.046,0.81,63.57066199990709,0.3786619999070808,63.19200000000001,0.0
S00001,vRAN-DU,edge-A,edge,465,DONE,14.78553,14.97418,188.65581099998963,188.65581099998963,100.185,87.334,1.1368109999896205,0.3788109999896392,0.7579999999999814,0.0
S00008,Transcoder,core-1,core,249,DONE,14.79286,14.81514,22.284621999915544,22.284621999915544,0.084,5.944,4.256621999915545,2.418621999915544,1.838,12.0
S00008,Transcoder,core-1,core,250,DONE,14.79626,14.81902,22.759052000310476,22.759052000310476,0.103,7.577,3.079052000310476,2.329052000310476,0.75,12.0
S00008,Transcoder,core-1,core,251,DONE,14.8113,14.832,20.703609000065626,20.703609000065626,0.085,6.158,2.4606090000656256,1.6896090000656265,0.7709999999999999,12.0
S00003,UPF,edge-A,edge,486,DONE,14.81647,14.88764,71.17062300039834,71.17062300039834,64.293,4.454,2.4236230003983366,1.7966230003983412,0.6269999999999953,0.0
S00002,vRAN-DU,edge-B,edge,427,DONE,14.82126,14.86792,46.65890600017519,46.65890600017519,10.089,9.782,26.78790600017519,0.5269060001751953,26.260999999999996,0.0
S00010,IoT-GW,edge-B,edge,478,DONE,14.82361,15.46129,637.6710019999337,637.6710019999337,608.976,2.284,26.41100199993366,1.852001999933691,24.55899999999997,0.0
S00003,UPF,edge-A,edge,487,DONE,14.829,14.97715,148.1553509997866,148.1553509997866,142.724,4.359,1.0723509997866074,0.5243509997866056,0.5480000000000018,0.0
S00005,IMS-CSCF,edge-A,edge,491,DONE,14.83043,15.28962,459.1897870000139,459.1897870000139,451.357,6.523,1.3097870000138414,0.6367870000138964,0.672999999999945,0.0
S00004,UPF,edge-B,edge,509,DONE,14.83527,14.8675,32.23102999982075,32.23102999982075,5.051,14.775,12.405029999820748,1.0110299998207495,11.393999999999998,0.0
S00002,vRAN-DU,edge-B,edge,428,DONE,14.83548,14.95046,114.98370900017107,114.98370900017107,20.569,82.666,11.748709000171075,0.7307090001710748,11.018,0.0
S00009,IoT-GW,edge-A,edge,467,DONE,14.84197,15.28308,441.1128629999439,441.1128629999439,406.846,3.524,30.742862999943895,0.824862999943889,29.918000000000006,0.0
S00004,UPF,edge-B,edge,510,DONE,14.84214,14.87424,32.09234199994171,32.09234199994171,20.497,6.257,5.338341999941711,0.9483419999417109,4.390000000000001,0.0
S00008,Transcoder,core-1,core,252,DONE,14.84342,14.86931,25.88696200018603,25.88696200018603,0.11,11.257,2.519962000186032,1.5449620001860307,0.9750000000000014,12.0
S00002,vRAN-DU,edge-B,edge,429,DONE,14.84714,14.9532,106.05966200000694,106.05966200000694,25.46,78.074,2.525662000006946,0.9506620000069432,1.5750000000000028,0.0
S00002,vRAN-DU,edge-B,edge,430,DONE,14.85098,14.96154,110.55864999980258,110.55864999980258,104.743,4.287,1.5286499998025818,0.27164999980257676,1.257000000000005,0.0
S00001,vRAN-DU,edge-A,edge,466,DONE,14.85389,14.97202,118.13220100020771,118.13220100020771,17.68,81.986,18.466201000207718,2.321201000207708,16.14500000000001,0.0
S00005,IMS-CSCF,edge-A,edge,492,DONE,14.85791,15.29248,434.5748209998419,434.5748209998419,417.534,2.566,14.474820999841938,4.359820999841929,10.115000000000009,0.0
S00003,UPF,edge-A,edge,488,DONE,14.85928,14.98161,122.32748799988258,122.32748799988258,106.025,3.258,13.044487999882577,2.8624879998825747,10.182000000000002,0.0
S00010,IoT-GW,edge-B,edge,479,DONE,14.86061,15.4613,600.695851999717,600.695851999717,596.913,0.878,2.904851999716925,1.710851999716965,1.19399999999996,0.0
S00004,UPF,edge-B,edge,511,DONE,14.87099,14.95417,83.18057699989367,83.18057699989367,78.245,3.692,1.243576999893662,0.4185769998936735,0.8249999999999886,0.0
S00002,vRAN-DU,edge-B,edge,431,DONE,14.87696,14.96638,89.42281500003446,89.42281500003446,83.756,4.823,0.8438150000344535,0.4248150000344566,0.41899999999999693,0.0
S00007,Transcoder,core-1,core,230,DONE,14.88766,14.91017,22.50518100026966,22.50518100026966,0.114,9.212,3.179181000269658,2.113181000269659,1.065999999999999,10.0
S00004,UPF,edge-B,edge,512,DONE,14.88784,14.96184,74.00096400033362,74.00096400033362,68.541,4.295,1.164964000333626,0.52296400033363,0.6419999999999959,0.0
S00001,vRAN-DU,edge-A,edge,467,DONE,14.90001,14.98115,81.13581099996736,81.13581099996736,0.323,7.14,73.67281099996737,0.7348109999673653,72.938,0.0
S00001,vRAN-DU,edge-A,edge,468,DONE,14.90024,14.98906,88.81976999964536,88.81976999964536,9.75,5.5,73.56976999964536,0.6887699996453591,72.881,0.0
S00002,vRAN-DU,edge-B,edge,432,DONE,14.90321,14.96606,62.85241199975644,62.85241199975644,57.587,2.669,2.596411999756441,1.9914119997564441,0.6049999999999969,0.0
S00005,IMS-CSCF,edge-A,edge,493,DONE,14.90573,15.37523,469.5004999998673,469.5004999998673,318.526,82.546,68.42849999986731,0.5964999998673193,67.832,0.0
S00009,IoT-GW,edge-A,edge,468,DONE,14.9102,15.28678,376.5847869999561,376.5847869999561,309.097,1.778,65.70978699995612,0.9587869999561462,64.75099999999998,0.0
S00010,IoT-GW,edge-B,edge,480,DONE,14.91168,15.46204,550.3658679999717,550.3658679999717,547.201,1.424,1.7408679999716696,0.7628679999717178,0.9779999999999518,0.0
S00006,IMS-CSCF,edge-B,edge,491,DONE,14.91361,15.36119,447.57406799999444,447.57406799999444,442.72,3.265,1.5890679999944268,0.7330679999944323,0.8559999999999945,0.0
S00005,IMS-CSCF,edge-A,edge,494,DONE,14.9212,15.3777,456.49689999982,456.49689999982,401.34,2.155,53.00189999982007,1.0788999998200097,51.92300000000006,0.0
S00006,IMS-CSCF,edge-B,edge,492,DONE,14.92694,15.36351,436.5673870001956,436.5673870001956,432.609,2.441,1.5173870001956402,0.8343870001955906,0.6830000000000496,0.0
S00003,UPF,edge-A,edge,489,DONE,14.92717,14.98685,59.67143099996974,59.67143099996974,10.408,2.08,47.183430999969744,0.8814309999697443,46.302,0.0
S00009,IoT-GW,edge-A,edge,469,DONE,14.92728,15.2868,359.5186350003132,359.5186350003132,311.157,1.283,47.07863500031323,1.1206350003132002,45.95800000000003,0.0
S00002,vRAN-DU,edge-B,edge,433,DONE,14.92965,15.04911,119.46276500020758,119.46276500020758,41.43,76.963,1.0697650002075818,0.5317650002075851,0.5379999999999967,0.0
S00009,IoT-GW,edge-A,edge,470,DONE,14.93645,15.28769,351.23600699989765,351.23600699989765,312.63,1.066,37.540006999897685,0.7760069998976746,36.76400000000001,0.0
S00010,IoT-GW,edge-B,edge,481,DONE,14.93673,15.46338,526.6426630000751,526.6426630000751,516.143,1.191,9.308663000075057,0.9316630000751047,8.376999999999953,0.0
S00004,UPF,edge-B,edge,513,DONE,14.93809,15.04704,108.94933300005505,108.94933300005505,19.011,81.537,8.401333000055047,0.5343330000550424,7.867000000000004,0.0
S00007,Transcoder,core-1,core,231,DONE,14.93833,14.96123,22.901327999989007,22.901327999989007,0.118,10.946,1.8373279999890073,1.028327999989008,0.8089999999999993,10.0
S00006,IMS-CSCF,edge-B,edge,493,DONE,14.9428,15.36618,423.3812509996824,423.3812509996824,417.394,2.299,3.6882509996823956,0.8192509996823674,2.869000000000028,0.0
S00010,IoT-GW,edge-B,edge,482,DONE,14.94726,15.4653,518.043655999918,518.043655999918,514.34,1.577,2.1266559999179435,1.576655999917989,0.5499999999999545,0.0
S00008,Transcoder,core-1,core,253,DONE,14.95048,14.97803,27.55646900004649,27.55646900004649,0.28,12.19,3.086469000046492,2.3244690000464914,0.7620000000000005,12.0
S00001,vRAN-DU,edge-A,edge,469,DONE,14.95281,15.07223,119.41334400034975,119.41334400034975,13.252,84.564,21.597344000349764,1.3943440003497471,20.203000000000017,0.0
S00005,IMS-CSCF,edge-A,edge,495,DONE,14.95844,15.37999,421.55173400033163,421.55173400033163,404.007,1.762,15.78273400033163,0.5887340003316126,15.194000000000017,0.0
S00006,IMS-CSCF,edge-B,edge,494,DONE,14.96965,15.44712,477.47276800009786,477.47276800009786,394.418,79.987,3.0677680000978853,1.2977680000978467,1.7700000000000387,0.0
S00006,IMS-CSCF,edge-B,edge,495,DONE,14.97261,15.4494,476.7876559999422,476.7876559999422,400.772,2.124,73.8916559999422,0.4696559999422334,73.42199999999997,0.0
S00004,UPF,edge-B,edge,514,DONE,14.97419,15.05249,78.30251799987309,78.30251799987309,3.383,2.519,72.40051799987309,0.5805179998730949,71.82,0.0
S00009,IoT-GW,edge-A,edge,471,DONE,14.97651,15.29021,313.700370999868,313.700370999868,310.164,1.356,2.180370999868046,0.40637099986804515,1.774000000000001,0.0
S00009,IoT-GW,edge-A,edge,472,DONE,14.9792,15.29251,313.3086269999694,313.3086269999694,309.225,2.3,1.7836269999693855,0.5076269999694318,1.2759999999999536,0.0
S00004,UPF,edge-B,edge,515,DONE,14.98591,15.05754,71.63062300014644,71.63062300014644,8.538,1.615,61.477623000146444,0.768623000146448,60.708999999999996,0.0
S00007,Transcoder,core-1,core,232,DONE,14.98604,15.00658,20.539081000151782,20.539081000151782,0.132,7.519,2.8880810001517823,2.103081000151782,0.7850000000000001,10.0
S00002,vRAN-DU,edge-B,edge,434,DONE,14.99342,15.05422,60.79595600022003,60.79595600022003,0.484,6.977,53.33495600022003,0.7499560002200312,52.585,0.0
S00002,vRAN-DU,edge-B,edge,435,DONE,14.99881,15.05757,58.762122000189265,58.762122000189265,7.621,3.315,47.826122000189265,0.7971220001892618,47.029,0.0
S00009,IoT-GW,edge-A,edge,473,DONE,14.99902,15.29354,294.52149600001576,294.52149600001576,220.406,0.862,73.25349600001576,0.5664960000157748,72.68699999999998,0.0
S00005,IMS-CSCF,edge-A,edge,496,DONE,15.00134,15.38213,380.78194299987445,380.78194299987445,307.779,1.945,71.05794299987446,0.6389429998744731,70.41899999999998,0.0
S00009,IoT-GW,edge-A,edge,474,DONE,15.00285,15.3741,371.2451950000286,371.2451950000286,221.454,78.926,70.86519500002862,1.3961950000286265,69.469,0.0
