sid,service,site,seq,status,t_req,t_resp,measured_ms,e2e_ms,queue_ms,exec_ms,comm_ms,link_ms
S00001,vRAN-DU,edge-A,1,DONE,0.00126,0.00594,4.675152999880083,4.675152999880083,0.161,3.183,1.331152999880084,0.0
S00004,UPF,core-1,1,DONE,0.00357,0.00721,3.641090999963126,15.641090999963126,0.098,3.072,0.47109099996312587,6.0
S00005,IMS-CSCF,core-1,1,DONE,0.00602,0.00864,2.621828999963327,12.621828999963327,0.126,2.099,0.396828999963327,5.0
S00006,IMS-CSCF,core-1,1,DONE,0.00617,0.00931,3.142313000125796,15.142313000125796,0.099,2.511,0.5323130001257956,6.0
S00001,vRAN-DU,edge-A,2,DONE,0.00832,0.01354,5.222390999961135,5.222390999961135,0.09,3.615,1.517390999961135,0.0
S00009,IoT-GW,edge-A,1,DONE,0.00865,0.0106,1.9566430000850232,1.9566430000850232,0.12,1.047,0.7896430000850232,0.0
S00009,IoT-GW,edge-A,2,DONE,0.01061,0.0137,3.0933079999613255,3.0933079999613255,0.123,1.268,1.7023079999613253,0.0
S00010,IoT-GW,edge-B,1,DONE,0.01355,0.01639,2.8433710001536383,2.8433710001536383,0.117,1.263,1.4633710001536384,0.0
S00004,UPF,core-1,2,DONE,0.01361,0.01664,3.0284819999906176,15.028481999990618,0.146,1.931,0.9514819999906177,6.0
S00001,vRAN-DU,edge-A,3,DONE,0.01781,0.02171,3.90064899988829,3.90064899988829,0.053,2.705,1.1426489998882898,0.0
S00001,vRAN-DU,edge-A,4,DONE,0.01907,0.02183,2.759103000016694,2.759103000016694,0.046,2.438,0.27510300001669385,0.0
S00010,IoT-GW,edge-B,2,DONE,0.02172,0.02337,1.6504380000696983,1.6504380000696983,0.077,1.12,0.45343800006969825,0.0
S00007,Transcoder,core-1,1,DONE,0.03168,0.03925,7.570748000034655,17.570748000034655,0.084,6.96,0.5267480000346554,5.0
S00004,UPF,core-1,3,DONE,0.03504,0.03856,3.520461000107389,15.520461000107389,0.067,2.854,0.5994610001073886,6.0
S00009,IoT-GW,edge-A,3,DONE,0.03513,0.03948,4.350235999936558,4.350235999936558,0.071,3.599,0.6802359999365581,0.0
S00001,vRAN-DU,edge-A,5,DONE,0.03857,0.04177,3.207843999916804,3.207843999916804,0.058,2.759,0.3908439999168043,0.0
S00003,UPF,core-1,1,DONE,0.04602,0.04893,2.9092790000504465,12.909279000050446,0.122,2.231,0.5562790000504467,5.0
S00002,vRAN-DU,edge-B,1,DONE,0.05011,0.05337,3.25913900019259,3.25913900019259,0.11,2.701,0.44813900019259023,0.0
S00006,IMS-CSCF,core-1,2,DONE,0.0502,0.05189,1.6853529998570593,13.68535299985706,0.09,1.166,0.4293529998570593,6.0
S00008,Transcoder,core-1,1,DONE,0.05307,0.05935,6.280970000034358,18.28097000003436,0.221,5.747,0.31297000003435826,6.0
S00010,IoT-GW,edge-B,3,DONE,0.05862,0.06009,1.4705290000165405,1.4705290000165405,0.064,0.953,0.4535290000165405,0.0
S00003,UPF,core-1,2,DONE,0.06343,0.06657,3.1364199999188713,13.136419999918871,0.064,2.565,0.5074199999188713,5.0
S00002,vRAN-DU,edge-B,2,DONE,0.06354,0.0666,3.0573250000998087,3.0573250000998087,0.059,2.616,0.3823250000998084,0.0
S00010,IoT-GW,edge-B,4,DONE,0.06574,0.06784,2.094581999926959,2.094581999926959,0.052,1.691,0.3515819999269587,0.0
S00006,IMS-CSCF,core-1,3,DONE,0.06902,0.07076,1.742188999969585,13.742188999969585,0.057,1.326,0.359188999969585,6.0
S00010,IoT-GW,edge-B,5,DONE,0.0691,0.07037,1.2668800000028568,1.2668800000028568,0.045,0.825,0.39688000000285695,0.0
S00002,vRAN-DU,edge-B,3,DONE,0.07037,0.07363,3.258175999917512,3.258175999917512,0.043,2.838,0.3771759999175117,0.0
S00010,IoT-GW,edge-B,6,DONE,0.07076,0.07206,1.2928300000112358,1.2928300000112358,0.048,0.751,0.4938300000112358,0.0
S00010,IoT-GW,edge-B,7,DONE,0.07481,0.07631,1.4914880000560515,1.4914880000560515,0.075,0.998,0.4184880000560516,0.0
S00010,IoT-GW,edge-B,8,DONE,0.0749,0.0776,2.7043559998674027,2.7043559998674027,1.186,1.119,0.3993559998674028,0.0
S00003,UPF,core-1,3,DONE,0.08294,0.08811,5.167523999944024,15.167523999944024,0.123,4.341,0.7035239999440233,5.0
S00003,UPF,core-1,4,DONE,0.0966,0.10119,4.590111999959845,14.590111999959845,0.084,3.798,0.7081119999598453,5.0
S00003,UPF,core-1,5,DONE,0.09804,0.10338,5.342119000033563,15.342119000033563,2.885,1.984,0.473119000033563,5.0
S00007,Transcoder,core-1,2,DONE,0.09813,0.11408,15.951408999853811,25.95140899985381,0.059,15.356,0.536408999853812,5.0
S00002,vRAN-DU,edge-B,4,DONE,0.09933,0.11111,11.77843400000711,11.77843400000711,0.079,10.789,0.9104340000071094,0.0
S00003,UPF,core-1,6,DONE,0.10059,0.10596,5.370457000026363,15.370457000026363,2.365,2.211,0.7944570000263629,5.0
S00002,vRAN-DU,edge-B,5,DONE,0.10065,0.1117,11.0500419998516,11.0500419998516,0.059,10.657,0.33404199985160155,0.0
S00001,vRAN-DU,edge-A,6,DONE,0.10339,0.11115,7.767607999994652,7.767607999994652,0.08,2.665,5.022607999994652,0.0
S00002,vRAN-DU,edge-B,6,DONE,0.10537,0.11432,8.951531000093382,8.951531000093382,5.095,3.385,0.4715310000933828,0.0
S00010,IoT-GW,edge-B,9,DONE,0.11289,0.11491,2.0150029999967956,2.0150029999967956,0.053,1.596,0.36600299999679553,0.0
S00003,UPF,core-1,7,DONE,0.11611,0.11896,2.847133999921425,12.847133999921425,0.104,2.122,0.6211339999214252,5.0
S00007,Transcoder,core-1,3,DONE,0.12118,0.12765,6.471323999903689,16.47132399990369,0.076,5.935,0.46032399990368944,5.0
S00009,IoT-GW,edge-A,4,DONE,0.12556,0.12708,1.5204850001282466,1.5204850001282466,0.074,0.971,0.47548500012824657,0.0
S00009,IoT-GW,edge-A,5,DONE,0.13387,0.13552,1.6532140000435902,1.6532140000435902,0.072,1.074,0.5072140000435901,0.0
S00010,IoT-GW,edge-B,10,DONE,0.14183,0.14868,6.850097999858917,6.850097999858917,0.078,6.136,0.6360979998589169,0.0
S00003,UPF,core-1,8,DONE,0.14196,0.14543,3.4752560000015364,13.475256000001536,0.092,2.811,0.5722560000015364,5.0
S00007,Transcoder,core-1,4,DONE,0.14201,0.15065,8.636260000002949,18.63626000000295,0.298,7.745,0.5932600000029487,5.0
S00005,IMS-CSCF,core-1,2,DONE,0.15065,0.15319,2.5423669999327103,12.54236699993271,0.055,1.89,0.5973669999327103,5.0
S00009,IoT-GW,edge-A,6,DONE,0.15295,0.15487,1.921943999832365,1.921943999832365,0.077,1.253,0.5919439998323652,0.0
S00009,IoT-GW,edge-A,7,DONE,0.16021,0.16206,1.845813000045382,1.845813000045382,0.063,1.295,0.4878130000453822,0.0
S00002,vRAN-DU,edge-B,7,DONE,0.16155,0.16575,4.208109999808585,4.208109999808585,0.074,3.68,0.4541099998085847,0.0
S00003,UPF,core-1,9,DONE,0.16528,0.1682,2.9237010000997543,12.923701000099754,0.239,2.213,0.47170100009975435,5.0
S00001,vRAN-DU,edge-A,7,DONE,0.16693,0.17081,3.882286000134627,3.882286000134627,0.06,3.307,0.5152860001346271,0.0
S00007,Transcoder,core-1,5,DONE,0.17044,0.17751,7.074977000002036,17.074977000002036,0.062,6.59,0.4229770000020361,5.0
S00004,UPF,core-1,4,DONE,0.17212,0.17478,2.6542049999989104,14.65420499999891,0.089,1.93,0.6352049999989104,6.0
S00006,IMS-CSCF,core-1,4,DONE,0.17597,0.17871,2.7379759999348607,14.73797599993486,0.057,2.083,0.5979759999348606,6.0
S00002,vRAN-DU,edge-B,8,DONE,0.17752,0.18147,3.9468279999255174,3.9468279999255174,0.123,3.33,0.49382799992551707,0.0
S00009,IoT-GW,edge-A,8,DONE,0.18869,0.19364,4.957461000003605,4.957461000003605,0.091,4.228,0.6384610000036046,0.0
S00007,Transcoder,core-1,6,DONE,0.18884,0.19583,6.993151999949987,16.993151999949987,0.066,6.487,0.440151999949987,5.0
S00005,IMS-CSCF,core-1,3,DONE,0.19314,0.1948,1.6627219999918452,11.662721999991845,0.058,1.312,0.2927219999918451,5.0
S00003,UPF,core-1,10,DONE,0.19902,0.20174,2.721804999964661,12.721804999964661,0.072,2.139,0.5108049999646611,5.0
S00005,IMS-CSCF,core-1,4,DONE,0.20128,0.20334,2.0602910001343844,12.060291000134384,0.047,1.461,0.5522910001343841,5.0
S00010,IoT-GW,edge-B,11,DONE,0.20293,0.20479,1.8539509999300208,1.8539509999300208,0.083,1.243,0.5279509999300207,0.0
S00010,IoT-GW,edge-B,12,DONE,0.20479,0.20682,2.0305749999351974,2.0305749999351974,0.047,1.112,0.8715749999351974,0.0
S00001,vRAN-DU,edge-A,8,DONE,0.20613,0.20979,3.6605620000500494,3.6605620000500494,0.11,2.967,0.5835620000500494,0.0
S00003,UPF,core-1,11,DONE,0.21702,0.21988,2.860622000071089,12.86062200007109,0.126,2.214,0.5206220000710893,5.0
S00008,Transcoder,core-1,2,DONE,0.21938,0.2268,7.4168339999687305,19.41683399996873,0.061,6.605,0.7508339999687301,6.0
S00006,IMS-CSCF,core-1,5,DONE,0.21951,0.22451,5.005011000093873,17.005011000093873,0.127,2.503,2.375011000093873,6.0
S00003,UPF,core-1,12,DONE,0.22452,0.229,4.483892000052947,14.483892000052947,0.064,2.622,1.797892000052947,5.0
S00006,IMS-CSCF,core-1,6,DONE,0.22901,0.23097,1.9589800001540425,13.958980000154043,0.055,1.422,0.48198000015404263,6.0
S00003,UPF,core-1,13,DONE,0.23216,0.23512,2.9601470000670815,12.960147000067082,0.091,2.225,0.6441470000670813,5.0
S00010,IoT-GW,edge-B,13,DONE,0.23512,0.23717,2.0478639999055304,2.0478639999055304,0.087,1.367,0.5938639999055304,0.0
S00009,IoT-GW,edge-A,9,DONE,0.24444,0.24658,2.137565000111863,2.137565000111863,0.082,1.372,0.6835650001118629,0.0
S00001,vRAN-DU,edge-A,9,DONE,0.24984,0.25337,3.524143999811713,3.524143999811713,0.071,2.892,0.5611439998117129,0.0
S00005,IMS-CSCF,core-1,5,DONE,0.26366,0.26627,2.610093999919627,12.610093999919627,0.1,1.49,1.020093999919627,5.0
S00007,Transcoder,core-1,7,DONE,0.26595,0.27284,6.885638999847288,16.885638999847288,0.04,6.301,0.5446389998472876,5.0
S00004,UPF,core-1,5,DONE,0.27258,0.27663,4.04571100011708,16.04571100011708,0.101,3.338,0.6067110001170803,6.0
S00008,Transcoder,core-1,3,DONE,0.27273,0.2801,7.374746000095911,19.37474600009591,0.424,6.493,0.45774600009591015,6.0
S00004,UPF,core-1,6,DONE,0.28334,0.28592,2.579915999831428,14.579915999831428,0.071,2.056,0.45291599983142783,6.0
S00006,IMS-CSCF,core-1,7,DONE,0.28348,0.28579,2.308740999978909,14.308740999978909,0.121,1.363,0.8247409999789088,6.0
S00009,IoT-GW,edge-A,10,DONE,0.2858,0.2879,2.0995920001496415,2.0995920001496415,0.08,1.463,0.5565920001496414,0.0
S00006,IMS-CSCF,core-1,8,DONE,0.29214,0.29437,2.2342750000916567,14.234275000091657,0.083,1.441,0.7102750000916564,6.0
S00010,IoT-GW,edge-B,14,DONE,0.29438,0.29666,2.285600000050181,2.285600000050181,0.097,1.437,0.7516000000501808,0.0
S00001,vRAN-DU,edge-A,10,DONE,0.29789,0.30153,3.632013000014922,3.632013000014922,0.08,2.914,0.6380130000149218,0.0
S00006,IMS-CSCF,core-1,9,DONE,0.30022,0.30214,1.9258439999703114,13.925843999970311,0.076,1.33,0.5198439999703113,6.0
S00001,vRAN-DU,edge-A,11,DONE,0.31347,0.31757,4.104536000113512,4.104536000113512,0.284,3.076,0.7445360001135124,0.0
S00001,vRAN-DU,edge-A,12,DONE,0.31687,0.32061,3.7366850001490093,3.7366850001490093,0.054,2.699,0.9836850001490096,0.0
S00010,IoT-GW,edge-B,15,DONE,0.32179,0.32369,1.9065069998305262,1.9065069998305262,0.114,1.326,0.466506999830526,0.0
S00002,vRAN-DU,edge-B,9,DONE,0.32192,0.32586,3.9427939998404327,3.9427939998404327,0.271,3.124,0.5477939998404326,0.0
S00003,UPF,core-1,14,DONE,0.32705,0.32984,2.791866000052323,12.791866000052323,0.148,2.164,0.47986600005232294,5.0
S00010,IoT-GW,edge-B,16,DONE,0.32946,0.33126,1.7988529998547165,1.7988529998547165,0.209,1.121,0.4688529998547164,0.0
S00006,IMS-CSCF,core-1,10,DONE,0.33552,0.34011,4.5946510001613206,16.59465100016132,0.076,3.882,0.6366510001613208,6.0
S00002,vRAN-DU,edge-B,10,DONE,0.33684,0.34045,3.604300000006333,3.604300000006333,0.07,2.723,0.8113000000063333,0.0
S00002,vRAN-DU,edge-B,11,DONE,0.33812,0.34372,5.602467000016986,5.602467000016986,0.093,4.768,0.7414670000169865,0.0
S00001,vRAN-DU,edge-A,13,DONE,0.33819,0.3442,6.009914000060235,6.009914000060235,0.126,3.669,2.2149140000602343,0.0
S00003,UPF,core-1,15,DONE,0.34012,0.34616,6.045522000022174,16.045522000022174,0.055,5.361,0.6295220000221748,5.0
S00003,UPF,core-1,16,DONE,0.34304,0.35087,7.83081100007621,17.83081100007621,2.917,4.422,0.49181100007621037,5.0
S00007,Transcoder,core-1,8,DONE,0.34541,0.35528,9.8696210000071,19.8696210000071,0.109,9.205,0.5556210000071005,5.0
S00001,vRAN-DU,edge-A,14,DONE,0.34587,0.34915,3.2855380000000878,3.2855380000000878,0.188,2.702,0.39553800000008765,0.0
S00006,IMS-CSCF,core-1,11,DONE,0.34834,0.35209,3.745712999943862,15.745712999943862,0.049,1.042,2.654712999943862,6.0
S00009,IoT-GW,edge-A,11,DONE,0.3533,0.35529,1.9903709999198327,1.9903709999198327,0.078,1.349,0.5633709999198326,0.0
S00002,vRAN-DU,edge-B,12,DONE,0.35486,0.3612,6.344907999846328,6.344907999846328,0.425,5.021,0.8989079998463279,0.0
S00001,vRAN-DU,edge-A,15,DONE,0.35655,0.36121,4.65951700016376,4.65951700016376,0.081,3.925,0.6535170001637596,0.0
S00001,vRAN-DU,edge-A,16,DONE,0.35664,0.36434,7.706650000045556,7.706650000045556,0.15,6.946,0.6106500000455561,0.0
S00006,IMS-CSCF,core-1,12,DONE,0.35668,0.35928,2.601237999897421,14.601237999897421,0.066,1.664,0.8712379998974213,6.0
S00002,vRAN-DU,edge-B,13,DONE,0.35675,0.36434,7.58136900003592,7.58136900003592,0.067,6.295,1.21936900003592,0.0
S00004,UPF,core-1,7,DONE,0.36384,0.36712,3.287903999989794,15.287903999989794,0.078,2.155,1.0549039999897944,6.0
S00002,vRAN-DU,edge-B,14,DONE,0.36392,0.36901,5.08509199994478,5.08509199994478,0.039,4.541,0.5050919999447796,0.0
S00010,IoT-GW,edge-B,17,DONE,0.36552,0.36763,2.115111999955843,2.115111999955843,0.069,1.631,0.41511199995584325,0.0
S00003,UPF,core-1,17,DONE,0.3753,0.37869,3.3883890000652173,13.388389000065217,0.085,2.407,0.8963890000652173,5.0
S00002,vRAN-DU,edge-B,15,DONE,0.38708,0.39077,3.6890760000005685,3.6890760000005685,0.09,2.972,0.6270760000005686,0.0
S00006,IMS-CSCF,core-1,13,DONE,0.38849,0.39283,4.335015999913594,16.335015999913594,0.082,3.725,0.528015999913594,6.0
S00001,vRAN-DU,edge-A,17,DONE,0.39613,0.40414,8.009850000007646,8.009850000007646,0.088,6.874,1.0478500000076458,0.0
S00008,Transcoder,core-1,4,DONE,0.39631,0.40356,7.255696000129319,19.25569600012932,0.08,6.558,0.6176960001293192,6.0
S00009,IoT-GW,edge-A,12,DONE,0.40357,0.40865,5.07602799984852,5.07602799984852,0.093,0.956,4.027027999848521,0.0
S00007,Transcoder,core-1,9,DONE,0.40366,0.41155,7.890597000141497,17.890597000141497,0.046,6.592,1.2525970001414972,5.0
S00004,UPF,core-1,8,DONE,0.40865,0.41286,4.209434999893347,16.209434999893347,0.07,3.416,0.7234349998933465,6.0
S00001,vRAN-DU,edge-A,18,DONE,0.40994,0.41649,6.555391000119926,6.555391000119926,0.055,3.547,2.9533910001199257,0.0
S00008,Transcoder,core-1,5,DONE,0.41156,0.41981,8.249865999914618,20.24986599991462,0.047,6.99,1.2128659999146176,6.0
S00001,vRAN-DU,edge-A,19,DONE,0.4165,0.42174,5.241896999905293,5.241896999905293,0.071,4.31,0.860896999905294,0.0
S00010,IoT-GW,edge-B,18,DONE,0.41661,0.41848,1.8661819999579166,1.8661819999579166,0.079,1.274,0.5131819999579166,0.0
S00004,UPF,core-1,9,DONE,0.42302,0.42737,4.347027999983766,16.347027999983766,0.115,3.584,0.6480279999837655,6.0
S00002,vRAN-DU,edge-B,16,DONE,0.43573,0.44093,5.197696999857726,5.197696999857726,0.155,4.127,0.915696999857726,0.0
S00003,UPF,core-1,18,DONE,0.43647,0.43904,2.5758460001270578,12.575846000127058,0.089,1.999,0.4878460001270577,5.0
S00002,vRAN-DU,edge-B,17,DONE,0.44052,0.4448,4.2783619999227085,4.2783619999227085,0.062,3.506,0.7103619999227084,0.0
S00005,IMS-CSCF,core-1,6,DONE,0.44102,0.44268,1.6566570000122738,11.656657000012274,0.061,1.136,0.45965700001227394,5.0
S00002,vRAN-DU,edge-B,18,DONE,0.44393,0.44974,5.812261000073704,5.812261000073704,0.048,4.842,0.9222610000737044,0.0
S00004,UPF,core-1,10,DONE,0.44481,0.44989,5.0871559999450255,17.087155999945026,0.085,4.459,0.543155999945026,6.0
S00006,IMS-CSCF,core-1,14,DONE,0.44544,0.44728,1.8438790000345762,13.843879000034576,0.052,1.317,0.47487900003457617,6.0
S00003,UPF,core-1,19,DONE,0.44849,0.45188,3.388000999848373,13.388000999848373,0.054,2.954,0.3800009998483729,5.0
S00001,vRAN-DU,edge-A,20,DONE,0.45611,0.46269,6.583848000218495,6.583848000218495,0.068,5.878,0.6378480002184954,0.0
S00009,IoT-GW,edge-A,13,DONE,0.46047,0.46383,3.3574359999875014,3.3574359999875014,0.078,2.408,0.8714359999875017,0.0
S00009,IoT-GW,edge-A,14,DONE,0.46184,0.46593,4.084076999788522,4.084076999788522,0.226,2.317,1.5410769997885216,0.0
S00004,UPF,core-1,11,DONE,0.46192,0.46792,6.006734000038705,18.006734000038705,0.138,5.273,0.5957340000387052,6.0
S00002,vRAN-DU,edge-B,19,DONE,0.46198,0.47229,10.313189000044076,10.313189000044076,0.081,8.763,1.4691890000440768,0.0
S00002,vRAN-DU,edge-B,20,DONE,0.46384,0.4806,16.757682999923418,16.757682999923418,0.051,16.057,0.6496829999234208,0.0
S00001,vRAN-DU,edge-A,21,DONE,0.4651,0.47164,6.544282999811912,6.544282999811912,0.049,4.388,2.107282999811912,0.0
S00003,UPF,core-1,20,DONE,0.46516,0.48059,15.427558999817848,25.427558999817848,0.115,14.391,0.9215589998178473,5.0
S00007,Transcoder,core-1,10,DONE,0.46563,0.48381,18.182039000066652,28.182039000066652,0.059,17.294,0.8290390000666505,5.0
S00001,vRAN-DU,edge-A,22,DONE,0.47091,0.48058,9.667970999998943,9.667970999998943,0.058,7.963,1.6469709999989428,0.0
S00002,vRAN-DU,edge-B,21,DONE,0.47099,0.4806,9.60680200000752,9.60680200000752,0.045,8.046,1.51580200000752,0.0
S00009,IoT-GW,edge-A,15,DONE,0.4723,0.47787,5.569040999944264,5.569040999944264,0.058,2.218,3.293040999944264,0.0
S00001,vRAN-DU,edge-A,23,DONE,0.47561,0.48382,8.208645999957298,8.208645999957298,1.387,6.036,0.785645999957298,0.0
S00006,IMS-CSCF,core-1,15,DONE,0.47787,0.48336,5.489886000077604,17.489886000077604,0.178,4.535,0.7768860000776039,6.0
S00004,UPF,core-1,12,DONE,0.47793,0.48312,5.192968000073961,17.19296800007396,0.07,4.602,0.5209680000739603,6.0
S00010,IoT-GW,edge-B,19,DONE,0.4806,0.48312,2.5112210000770574,2.5112210000770574,0.05,1.716,0.7452210000770576,0.0
S00003,UPF,core-1,21,DONE,0.48103,0.48605,5.020296999873608,15.020296999873608,0.135,2.462,2.423296999873608,5.0
S00004,UPF,core-1,13,DONE,0.48831,0.49119,2.881774999877962,14.881774999877962,0.055,2.364,0.4627749998779618,6.0
S00003,UPF,core-1,22,DONE,0.4912,0.49346,2.263738999999987,12.263738999999987,0.096,1.805,0.3627389999999868,5.0
S00010,IoT-GW,edge-B,20,DONE,0.49568,0.49731,1.6332380000676494,1.6332380000676494,0.073,1.093,0.4672380000676495,0.0
S00006,IMS-CSCF,core-1,16,DONE,0.49577,0.4985,2.7205020001019875,14.720502000101988,0.08,2.256,0.38450200010198765,6.0
S00005,IMS-CSCF,core-1,7,DONE,0.49732,0.49944,2.1195039998929133,12.119503999892913,0.198,1.384,0.5375039998929134,5.0
S00005,IMS-CSCF,core-1,8,DONE,0.49737,0.50077,3.402670000014041,13.40267000001404,1.701,1.285,0.41667000001404086,5.0
S00003,UPF,core-1,23,DONE,0.50064,0.50487,4.229862000102003,14.229862000102003,0.039,3.86,0.33086200010200306,5.0
S00001,vRAN-DU,edge-A,24,DONE,0.50196,0.50574,3.777952000064033,3.777952000064033,0.075,3.252,0.45095200006403324,0.0
S00007,Transcoder,core-1,11,DONE,0.50447,0.51711,12.648463000004995,22.648463000004995,0.058,11.954,0.6364630000049942,5.0
S00007,Transcoder,core-1,12,DONE,0.50456,0.51874,14.186047000066537,24.186047000066537,0.155,13.432,0.5990470000665375,5.0
S00002,vRAN-DU,edge-B,22,DONE,0.50575,0.51734,11.598650999985693,11.598650999985693,0.063,11.246,0.28965099998569244,0.0
S00005,IMS-CSCF,core-1,9,DONE,0.51237,0.51416,1.7875210000966035,11.787521000096604,0.058,1.081,0.6485210000966035,5.0
S00009,IoT-GW,edge-A,16,DONE,0.51248,0.52142,8.944101999986742,8.944101999986742,0.143,4.005,4.796101999986742,0.0
S00003,UPF,core-1,24,DONE,0.51531,0.51873,3.416846000163787,13.416846000163787,0.046,2.989,0.3818460001637871,5.0
S00004,UPF,core-1,14,DONE,0.51654,0.5199,3.3595289999084343,15.359528999908434,0.042,3.055,0.26252899990843437,6.0
S00004,UPF,core-1,15,DONE,0.52575,0.52832,2.569852000078754,14.569852000078754,0.07,1.921,0.578852000078754,6.0
S00010,IoT-GW,edge-B,21,DONE,0.52833,0.53597,7.643900999937614,7.643900999937614,0.073,6.847,0.7239009999376131,0.0
S00010,IoT-GW,edge-B,22,DONE,0.52882,0.53755,8.727633000034984,8.727633000034984,6.908,1.345,0.4746330000349841,0.0
S00004,UPF,core-1,16,DONE,0.53756,0.54084,3.2873959999051294,15.28739599990513,0.109,2.586,0.5923959999051296,6.0
S00005,IMS-CSCF,core-1,10,DONE,0.54408,0.54583,1.7453259999911097,11.74532599999111,0.109,1.197,0.43932599999110966,5.0
S00009,IoT-GW,edge-A,17,DONE,0.5442,0.54582,1.6198460000396153,1.6198460000396153,0.081,0.955,0.5838460000396154,0.0
S00010,IoT-GW,edge-B,23,DONE,0.54911,0.55179,2.6829429998542764,2.6829429998542764,0.347,1.28,1.0559429998542764,0.0
S00008,Transcoder,core-1,6,DONE,0.55307,0.56043,7.358217000046352,19.358217000046352,0.082,6.561,0.7152170000463522,6.0
S00005,IMS-CSCF,core-1,11,DONE,0.55741,0.55914,1.7249510001420276,11.724951000142028,0.063,1.178,0.48395100014202774,5.0
S00009,IoT-GW,edge-A,18,DONE,0.55914,0.56052,1.3718909999624884,1.3718909999624884,0.085,0.845,0.4418909999624885,0.0
S00004,UPF,core-1,17,DONE,0.5708,0.57365,2.845270999841887,14.845270999841887,0.087,2.118,0.6402709998418867,6.0
S00008,Transcoder,core-1,7,DONE,0.57318,0.58286,9.678488999952606,21.678488999952606,0.046,6.104,3.5284889999526063,6.0
S00007,Transcoder,core-1,13,DONE,0.57986,0.5925,12.630942999976469,22.63094299997647,0.203,8.834,3.59394299997647,5.0
S00006,IMS-CSCF,core-1,17,DONE,0.58216,0.58586,3.698904999964725,15.698904999964725,0.243,2.114,1.3419049999647252,6.0
S00001,vRAN-DU,edge-A,25,DONE,0.58587,0.59184,5.974221000087709,5.974221000087709,0.081,5.409,0.4842210000877092,0.0
S00010,IoT-GW,edge-B,24,DONE,0.58747,0.59363,6.16096099997776,6.16096099997776,0.076,5.467,0.6179609999777611,0.0
S00007,Transcoder,core-1,14,DONE,0.59089,0.60075,9.859861999984787,19.859861999984787,0.064,9.143,0.6528619999847862,5.0
S00001,vRAN-DU,edge-A,26,DONE,0.59364,0.60103,7.3962940000456,7.3962940000456,0.059,6.591,0.7462940000455998,0.0
S00009,IoT-GW,edge-A,19,DONE,0.59487,0.59841,3.5356680000404594,3.5356680000404594,0.072,1.408,2.0556680000404595,0.0
S00008,Transcoder,core-1,8,DONE,0.59606,0.61106,15.002692000052775,27.002692000052775,0.06,9.868,5.074692000052774,6.0
S00001,vRAN-DU,edge-A,27,DONE,0.59958,0.61108,11.49955100004263,11.49955100004263,0.049,9.996,1.4545510000426294,0.0
S00010,IoT-GW,edge-B,25,DONE,0.60222,0.60465,2.435669000078633,2.435669000078633,0.062,1.875,0.49866900007863313,0.0
S00008,Transcoder,core-1,9,DONE,0.6023,0.61435,12.045372999864412,24.045372999864412,0.051,11.672,0.32237299986441137,6.0
S00004,UPF,core-1,18,DONE,0.60331,0.61107,7.764476999909675,19.764476999909675,0.05,7.137,0.5774769999096758,6.0
S00002,vRAN-DU,edge-B,23,DONE,0.60466,0.61108,6.427620000067691,6.427620000067691,0.066,5.815,0.5466200000676906,0.0
S00006,IMS-CSCF,core-1,18,DONE,0.60474,0.61107,6.327131000034569,18.32713100003457,0.057,2.33,3.940131000034569,6.0
S00004,UPF,core-1,19,DONE,0.60794,0.61275,4.806585000096675,16.806585000096675,2.522,1.734,0.550585000096675,6.0
S00006,IMS-CSCF,core-1,19,DONE,0.61654,0.61822,1.6858310000316123,13.685831000031612,0.085,1.21,0.3908310000316124,6.0
S00006,IMS-CSCF,core-1,20,DONE,0.61667,0.61972,3.0455569999503496,15.04555699995035,1.275,1.365,0.40555699995034966,6.0
S00002,vRAN-DU,edge-B,24,DONE,0.61944,0.62273,3.289795000000595,3.289795000000595,0.075,2.655,0.5597950000005949,0.0
S00006,IMS-CSCF,core-1,21,DONE,0.6209,0.62232,1.422433000016099,13.422433000016099,0.055,1.049,0.3184330000160991,6.0
S00002,vRAN-DU,edge-B,25,DONE,0.62593,0.62913,3.2018100000641425,3.2018100000641425,0.053,2.73,0.4188100000641426,0.0
S00001,vRAN-DU,edge-A,28,DONE,0.62914,0.6328,3.663334000066243,3.663334000066243,0.082,3.084,0.49733400006624295,0.0
S00010,IoT-GW,edge-B,26,DONE,0.63044,0.63199,1.5542979999736417,1.5542979999736417,0.075,0.965,0.5142979999736418,0.0
S00002,vRAN-DU,edge-B,26,DONE,0.639,0.64371,4.707738999968569,4.707738999968569,0.06,3.279,1.3687389999685697,0.0
S00009,IoT-GW,edge-A,20,DONE,0.64032,0.64372,3.4051869999984774,3.4051869999984774,0.072,1.945,1.3881869999984773,0.0
S00005,IMS-CSCF,core-1,12,DONE,0.64161,0.6441,2.4916279999160906,12.49162799991609,0.087,1.967,0.43762799991609036,5.0
S00010,IoT-GW,edge-B,27,DONE,0.64377,0.64684,3.063084999894272,3.063084999894272,0.053,0.926,2.084084999894272,0.0
S00001,vRAN-DU,edge-A,29,DONE,0.64411,0.6476,3.49357000004602,3.49357000004602,0.055,2.928,0.51057000004602,0.0
S00001,vRAN-DU,edge-A,30,DONE,0.6488,0.65232,3.526433000160978,3.526433000160978,0.073,2.798,0.6554330001609778,0.0
S00003,UPF,core-1,25,DONE,0.65008,0.65275,2.677657000049294,12.677657000049294,0.13,2.089,0.458657000049294,5.0
S00009,IoT-GW,edge-A,21,DONE,0.65697,0.65868,1.705730000139738,1.705730000139738,0.072,1.159,0.4747300001397379,0.0
S00005,IMS-CSCF,core-1,13,DONE,0.65986,0.66213,2.2715879999850586,12.271587999985059,0.149,1.608,0.5145879999850584,5.0
S00010,IoT-GW,edge-B,28,DONE,0.67755,0.68746,9.904372999926636,9.904372999926636,0.089,5.862,3.9533729999266356,0.0
S00008,Transcoder,core-1,10,DONE,0.67778,0.68816,10.381970999787882,22.38197099978788,0.085,9.581,0.7159709997878814,6.0
S00001,vRAN-DU,edge-A,31,DONE,0.67784,0.68817,10.328190000109316,10.328190000109316,0.092,9.192,1.0441900001093156,0.0
S00009,IoT-GW,edge-A,22,DONE,0.67789,0.68747,9.57408299996132,9.57408299996132,0.142,7.557,1.8750829999613199,0.0
S00003,UPF,core-1,26,DONE,0.67793,0.68196,4.024257000082798,14.024257000082798,0.139,3.346,0.5392570000827979,5.0
S00006,IMS-CSCF,core-1,22,DONE,0.68943,0.6932,3.769166999973095,15.769166999973095,0.104,2.422,1.2431669999730945,6.0
S00002,vRAN-DU,edge-B,27,DONE,0.69084,0.69494,4.1031029998066515,4.1031029998066515,0.103,3.446,0.5541029998066516,0.0
S00008,Transcoder,core-1,11,DONE,0.69157,0.70492,13.346566999871357,25.346566999871357,0.073,11.522,1.751566999871356,6.0
S00001,vRAN-DU,edge-A,32,DONE,0.6962,0.70165,5.448072000035609,5.448072000035609,0.083,4.563,0.8020720000356087,0.0
S00010,IoT-GW,edge-B,29,DONE,0.69682,0.69809,1.277458000004117,1.277458000004117,0.06,0.843,0.3744580000041169,0.0
S00007,Transcoder,core-1,15,DONE,0.70493,0.72462,19.69447900000887,29.69447900000887,0.053,16.756,2.8854790000088677,5.0
S00002,vRAN-DU,edge-B,28,DONE,0.70629,0.71016,3.872432999969533,3.872432999969533,0.062,3.35,0.4604329999695329,0.0
S00007,Transcoder,core-1,16,DONE,0.70784,0.72626,18.421763000105784,28.421763000105784,0.058,17.678,0.6857630001057835,5.0
S00007,Transcoder,core-1,17,DONE,0.70793,0.73106,23.13150800000585,33.13150800000585,14.014,8.706,0.41150800000585264,5.0
S00009,IoT-GW,edge-A,23,DONE,0.70915,0.7113,2.1510719998332206,2.1510719998332206,0.107,1.435,0.6090719998332204,0.0
S00003,UPF,core-1,27,DONE,0.71249,0.72481,12.319675999833635,22.319675999833635,0.06,9.395,2.8646759998336346,5.0
S00005,IMS-CSCF,core-1,14,DONE,0.71985,0.72482,4.963477000046623,14.963477000046623,0.217,1.736,3.010477000046624,5.0
S00001,vRAN-DU,edge-A,33,DONE,0.72463,0.73124,6.610902000147689,6.610902000147689,0.084,5.868,0.6589020001476893,0.0
S00002,vRAN-DU,edge-B,29,DONE,0.72472,0.73275,8.029646000068169,8.029646000068169,0.087,6.113,1.829646000068169,0.0
S00009,IoT-GW,edge-A,24,DONE,0.73057,0.73276,2.1859350001705025,2.1859350001705025,0.051,1.178,0.9569350001705024,0.0
S00008,Transcoder,core-1,12,DONE,0.73067,0.75195,21.281748000092193,33.28174800009219,0.173,17.537,3.571748000092196,6.0
S00008,Transcoder,core-1,13,DONE,0.73396,0.75194,17.982525000206806,29.982525000206806,0.059,14.634,3.2895250002068046,6.0
S00009,IoT-GW,edge-A,25,DONE,0.73871,0.74848,9.765801999947143,9.765801999947143,0.082,7.617,2.0668019999471428,0.0
S00002,vRAN-DU,edge-B,30,DONE,0.74004,0.75196,11.921185999881345,11.921185999881345,0.077,5.147,6.697185999881345,0.0
S00007,Transcoder,core-1,18,DONE,0.74012,0.75274,12.62162500006525,22.62162500006525,0.076,11.807,0.7386250000652499,5.0
S00001,vRAN-DU,edge-A,34,DONE,0.74016,0.75523,15.076284999850031,15.076284999850031,0.059,14.127,0.8902849998500315,0.0
S00008,Transcoder,core-1,14,DONE,0.74244,0.75762,15.176156000052288,27.176156000052288,6.443,8.124,0.6091560000522875,6.0
S00006,IMS-CSCF,core-1,23,DONE,0.74848,0.75275,4.261066000026403,16.261066000026403,0.103,3.184,0.9740660000264034,6.0
S00002,vRAN-DU,edge-B,31,DONE,0.75196,0.75481,2.8448670000216225,2.8448670000216225,0.053,2.403,0.38886700002162256,0.0
S00009,IoT-GW,edge-A,26,DONE,0.75645,0.75844,1.990382000030877,1.990382000030877,0.06,1.538,0.39238200003087687,0.0
S00010,IoT-GW,edge-B,30,DONE,0.76469,0.76612,1.4298640001015883,1.4298640001015883,0.071,0.799,0.5598640001015883,0.0
S00008,Transcoder,core-1,15,DONE,0.77654,0.79069,14.153278999856411,26.15327899985641,0.271,13.056,0.8262789998564113,6.0
S00001,vRAN-DU,edge-A,35,DONE,0.77776,0.7851,7.336067000096591,7.336067000096591,0.083,5.967,1.2860670000965913,0.0
S00008,Transcoder,core-1,16,DONE,0.77787,0.78845,10.57685500018124,22.57685500018124,0.059,10.022,0.4958550001812405,6.0
S00003,UPF,core-1,28,DONE,0.78446,0.78947,5.0110010001844785,15.011001000184478,0.086,3.213,1.712001000184478,5.0
S00003,UPF,core-1,29,DONE,0.78458,0.79229,7.708847000003516,17.708847000003516,4.753,2.433,0.5228470000035159,5.0
S00006,IMS-CSCF,core-1,24,DONE,0.78628,0.79049,4.210509000131424,16.210509000131424,0.074,2.905,1.2315090001314242,6.0
S00003,UPF,core-1,30,DONE,0.7924,0.79558,3.1760719998601417,13.176071999860142,0.055,2.624,0.4970719998601414,5.0
S00006,IMS-CSCF,core-1,25,DONE,0.79374,0.79563,1.89448099990841,13.89448099990841,0.05,1.339,0.50548099990841,6.0
S00003,UPF,core-1,31,DONE,0.79888,0.80186,2.9810129999532364,12.981012999953236,0.075,2.292,0.6140129999532364,5.0
S00004,UPF,core-1,20,DONE,0.80913,0.8135,4.368593000208421,16.36859300020842,0.14,3.311,0.9175930002084209,6.0
S00006,IMS-CSCF,core-1,26,DONE,0.81783,0.82243,4.599281000082556,16.599281000082556,0.188,3.281,1.1302810000825558,6.0
S00003,UPF,core-1,32,DONE,0.82048,0.83279,12.3070380000172,22.3070380000172,0.143,7.082,5.0820380000172,5.0
S00005,IMS-CSCF,core-1,15,DONE,0.82198,0.83282,10.835801999974137,20.835801999974137,0.11,3.527,7.198801999974138,5.0
S00004,UPF,core-1,21,DONE,0.82216,0.8328,10.649246999946627,22.649246999946627,0.196,3.403,7.050246999946626,6.0
S00001,vRAN-DU,edge-A,36,DONE,0.82576,0.838,12.243382999940877,12.243382999940877,0.198,9.121,2.9243829999408764,0.0
S00007,Transcoder,core-1,19,DONE,0.82591,0.84318,17.27138800015382,27.27138800015382,0.117,16.423,0.7313880001538209,5.0
S00002,vRAN-DU,edge-B,32,DONE,0.83282,0.84164,8.812741999918217,8.812741999918217,0.117,7.837,0.858741999918216,0.0
S00005,IMS-CSCF,core-1,16,DONE,0.83422,0.8375,3.28006099994127,13.28006099994127,0.131,1.973,1.1760609999412697,5.0
S00005,IMS-CSCF,core-1,17,DONE,0.83441,0.83908,4.666498999995383,14.666498999995383,2.388,1.638,0.6404989999953834,5.0
S00001,vRAN-DU,edge-A,37,DONE,0.84296,0.84969,6.726475000050414,6.726475000050414,0.16,5.564,1.0024750000504135,0.0
S00010,IoT-GW,edge-B,31,DONE,0.8497,0.85655,6.849327000054473,6.849327000054473,1.784,3.666,1.3993270000544729,0.0
S00002,vRAN-DU,edge-B,33,DONE,0.85022,0.85515,4.931797999915943,4.931797999915943,0.085,4.0,0.8467979999159434,0.0
S00001,vRAN-DU,edge-A,38,DONE,0.85478,0.86226,7.477074000007633,7.477074000007633,0.101,5.906,1.4700740000076333,0.0
S00010,IoT-GW,edge-B,32,DONE,0.8549,0.85892,4.022721999945134,4.022721999945134,0.924,1.095,2.0037219999451334,0.0
S00003,UPF,core-1,33,DONE,0.85494,0.86225,7.3104240000247955,17.310424000024796,0.087,5.517,1.7064240000247954,5.0
S00001,vRAN-DU,edge-A,39,DONE,0.85503,0.8671,12.068086999988736,12.068086999988736,0.159,10.996,0.9130869999887352,0.0
S00009,IoT-GW,edge-A,27,DONE,0.85655,0.8643,7.748182999876008,7.748182999876008,4.988,2.219,0.5411829998760074,0.0
S00006,IMS-CSCF,core-1,27,DONE,0.85893,0.86458,5.647646999932476,17.647646999932476,0.184,4.94,0.5236469999324758,6.0
S00010,IoT-GW,edge-B,33,DONE,0.85901,0.86224,3.228884999998627,3.228884999998627,0.055,0.743,2.430884999998627,0.0
S00001,vRAN-DU,edge-A,40,DONE,0.85908,0.86714,8.060844000056022,8.060844000056022,2.412,2.576,3.072844000056022,0.0
S00005,IMS-CSCF,core-1,18,DONE,0.85912,0.86404,4.920444000163116,14.920444000163116,0.111,4.218,0.5914440001631158,5.0
S00002,vRAN-DU,edge-B,34,DONE,0.87147,0.87815,6.688060999977097,6.688060999977097,0.127,5.666,0.8950609999770966,0.0
S00004,UPF,core-1,22,DONE,0.88047,0.88409,3.623724999897604,15.623724999897604,0.145,2.549,0.929724999897604,6.0
S00009,IoT-GW,edge-A,28,DONE,0.89163,0.8952,3.5708039999917673,3.5708039999917673,0.098,2.168,1.3048039999917673,0.0
S00001,vRAN-DU,edge-A,41,DONE,0.89426,0.90127,7.012390999989293,7.012390999989293,0.146,5.222,1.6443909999892927,0.0
S00002,vRAN-DU,edge-B,35,DONE,0.90128,0.90663,5.346064999912414,5.346064999912414,0.08,4.442,0.8240649999124141,0.0
S00001,vRAN-DU,edge-A,42,DONE,0.91706,0.92194,4.880643999968015,4.880643999968015,0.142,3.52,1.2186439999680148,0.0
S00007,Transcoder,core-1,20,DONE,0.92195,0.92929,7.344033999970634,17.344033999970634,0.194,6.561,0.589033999970634,5.0
S00005,IMS-CSCF,core-1,19,DONE,0.92646,0.92875,2.291492000040307,12.291492000040307,0.107,1.546,0.6384920000403069,5.0
S00006,IMS-CSCF,core-1,28,DONE,0.9397,0.9422,2.5002049999329756,14.500204999932976,0.202,1.695,0.6032049999329756,6.0
S00009,IoT-GW,edge-A,29,DONE,0.94107,0.94276,1.6902259999369562,1.6902259999369562,0.14,1.082,0.468225999936956,0.0
S00008,Transcoder,core-1,17,DONE,0.95008,0.95927,9.186611999894012,21.186611999894012,0.095,8.421,0.6706119998940121,6.0
S00009,IoT-GW,edge-A,30,DONE,0.95147,0.95424,2.7666080000017246,2.7666080000017246,0.138,2.104,0.5246080000017246,0.0
S00006,IMS-CSCF,core-1,29,DONE,0.95276,0.9589,6.138701000054425,18.138701000054425,0.131,4.807,1.2007010000544245,6.0
S00008,Transcoder,core-1,18,DONE,0.95284,0.96213,9.286283000164985,21.286283000164985,0.185,8.135,0.9662830001649851,6.0
S00006,IMS-CSCF,core-1,30,DONE,0.96964,0.97273,3.093890999934956,15.093890999934956,0.09,2.22,0.7838909999349561,6.0
S00002,vRAN-DU,edge-B,36,DONE,0.96981,0.97575,5.940308999925037,5.940308999925037,0.095,4.793,1.052308999925037,0.0
S00009,IoT-GW,edge-A,31,DONE,0.97041,0.97651,6.102081000108228,6.102081000108228,0.159,3.37,2.5730810001082283,0.0
S00002,vRAN-DU,edge-B,37,DONE,0.97175,0.97907,7.3172239999621524,7.3172239999621524,0.083,5.686,1.5482239999621523,0.0
S00009,IoT-GW,edge-A,32,DONE,0.9718,0.97746,5.662713999981861,5.662713999981861,3.708,0.977,0.9777139999818608,0.0
S00010,IoT-GW,edge-B,34,DONE,0.97747,0.97951,2.0429490000424266,2.0429490000424266,0.069,1.531,0.44294900004242677,0.0
S00009,IoT-GW,edge-A,33,DONE,0.97806,0.98014,2.088166000021374,2.088166000021374,0.06,1.166,0.8621660000213742,0.0
S00009,IoT-GW,edge-A,34,DONE,0.9845,0.98668,2.1753940000053262,2.1753940000053262,0.083,1.253,0.8393940000053262,0.0
S00007,Transcoder,core-1,21,DONE,0.98795,0.99685,8.898405000081766,18.898405000081766,0.126,8.201,0.5714050000817661,5.0
S00006,IMS-CSCF,core-1,31,DONE,0.98939,0.99288,3.4854640000503423,15.485464000050342,0.07,2.784,0.6314640000503426,6.0
S00010,IoT-GW,edge-B,35,DONE,0.98948,0.99187,2.3890300001312426,2.3890300001312426,0.078,1.644,0.6670300001312428,0.0
S00006,IMS-CSCF,core-1,32,DONE,0.99071,0.99395,3.2377439999891067,15.237743999989107,1.244,1.156,0.8377439999891068,6.0
S00005,IMS-CSCF,core-1,20,DONE,0.99288,0.99787,4.986326999869561,14.986326999869561,0.046,4.64,0.30032699986956146,5.0
S00009,IoT-GW,edge-A,35,DONE,1.00218,1.005,2.816426999970645,2.816426999970645,0.125,1.676,1.015426999970645,0.0
S00009,IoT-GW,edge-A,36,DONE,1.00362,1.00622,2.5978290000239213,2.5978290000239213,0.807,1.209,0.5818290000239212,0.0
S00005,IMS-CSCF,core-1,21,DONE,1.00622,1.00861,2.3921280001104606,12.39212800011046,0.124,1.463,0.8051280001104604,5.0
S00002,vRAN-DU,edge-B,38,DONE,1.00758,1.01143,3.845080000019152,3.845080000019152,0.124,3.093,0.628080000019152,0.0
S00005,IMS-CSCF,core-1,22,DONE,1.01575,1.02103,5.274376999977903,15.274376999977903,0.688,3.776,0.8103769999779038,5.0
S00005,IMS-CSCF,core-1,23,DONE,1.01601,1.02766,11.656553999955577,21.656553999955577,3.826,6.282,1.5485539999555762,5.0
S00001,vRAN-DU,edge-A,43,DONE,1.01723,1.02103,3.800509000029706,3.800509000029706,0.084,2.978,0.7385090000297057,0.0
S00006,IMS-CSCF,core-1,33,DONE,1.01773,1.02346,5.72256100008417,17.72256100008417,0.053,5.057,0.6125610000841695,6.0
S00007,Transcoder,core-1,22,DONE,1.02104,1.03121,10.176061000038317,20.176061000038317,0.052,9.726,0.39806100003831624,5.0
S00009,IoT-GW,edge-A,37,DONE,1.0211,1.02301,1.9089479999365722,1.9089479999365722,0.057,1.133,0.7189479999365722,0.0
S00005,IMS-CSCF,core-1,24,DONE,1.02231,1.0289,6.582136000133687,16.582136000133687,4.644,1.541,0.397136000133687,5.0
S00003,UPF,core-1,34,DONE,1.02346,1.02767,4.21005399994101,14.21005399994101,0.038,3.351,0.82105399994101,5.0
S00003,UPF,core-1,35,DONE,1.02684,1.0304,3.5645160000967735,13.564516000096773,0.245,2.832,0.48751600009677354,5.0
S00010,IoT-GW,edge-B,36,DONE,1.03353,1.036,2.4729240001306607,2.4729240001306607,0.083,1.707,0.6829240001306605,0.0
S00003,UPF,core-1,36,DONE,1.03821,1.0412,2.9935120001027826,12.993512000102783,0.106,2.263,0.6245120001027828,5.0
S00003,UPF,core-1,37,DONE,1.04246,1.04504,2.5815739998051868,12.581573999805187,0.063,2.058,0.46057399980518676,5.0
S00005,IMS-CSCF,core-1,25,DONE,1.04376,1.04582,2.063512999939121,12.063512999939121,0.072,1.604,0.3875129999391209,5.0
S00004,UPF,core-1,23,DONE,1.04505,1.04758,2.5285439999152004,14.5285439999152,0.045,2.192,0.2915439999152003,6.0
S00003,UPF,core-1,38,DONE,1.0499,1.05287,2.9764959999738494,12.97649599997385,0.054,2.449,0.4734959999738497,5.0
S00005,IMS-CSCF,core-1,26,DONE,1.05514,1.0577,2.5559059999977762,12.555905999997776,0.076,1.94,0.5399059999977762,5.0
S00002,vRAN-DU,edge-B,39,DONE,1.05893,1.06491,5.981437999935224,5.981437999935224,0.162,5.308,0.5114379999352243,0.0
S00005,IMS-CSCF,core-1,27,DONE,1.05903,1.06078,1.7469670001446502,11.74696700014465,0.055,1.292,0.39996700014465025,5.0
S00005,IMS-CSCF,core-1,28,DONE,1.06197,1.06397,2.0005910000691074,12.000591000069107,0.057,1.597,0.3465910000691075,5.0
S00005,IMS-CSCF,core-1,29,DONE,1.06204,1.06541,3.369674999930794,13.369674999930794,1.847,1.163,0.359674999930794,5.0
S00002,vRAN-DU,edge-B,40,DONE,1.06659,1.07008,3.488993000019036,3.488993000019036,0.094,2.846,0.5489930000190362,0.0
S00006,IMS-CSCF,core-1,34,DONE,1.06889,1.07073,1.8336559999170277,13.833655999917028,0.06,1.389,0.3846559999170276,6.0
S00006,IMS-CSCF,core-1,35,DONE,1.07709,1.07959,2.4977880000278674,14.497788000027867,0.087,1.756,0.6547880000278672,6.0
S00010,IoT-GW,edge-B,37,DONE,1.07725,1.07897,1.722256999983074,1.722256999983074,0.084,1.048,0.5902569999830738,0.0
S00008,Transcoder,core-1,19,DONE,1.08385,1.09395,10.0997350000398,22.0997350000398,0.079,9.526,0.49473500003979964,6.0
S00008,Transcoder,core-1,20,DONE,1.08624,1.09695,10.712218999969991,22.71221899996999,0.068,10.191,0.45321899996999093,6.0
S00002,vRAN-DU,edge-B,41,DONE,1.0884,1.09592,7.519723000086742,7.519723000086742,0.082,6.974,0.46372300008674205,0.0
S00010,IoT-GW,edge-B,38,DONE,1.09078,1.09363,2.848591999963901,2.848591999963901,0.103,1.933,0.8125919999639006,0.0
S00003,UPF,core-1,39,DONE,1.09086,1.09622,5.35302799994497,15.35302799994497,0.073,4.562,0.7180279999449697,5.0
S00004,UPF,core-1,24,DONE,1.094,1.09631,2.309017000015956,14.309017000015956,0.044,1.85,0.4150170000159559,6.0
S00001,vRAN-DU,edge-A,44,DONE,1.09695,1.10183,4.875294999919788,4.875294999919788,0.083,4.394,0.3982949999197878,0.0
S00003,UPF,core-1,40,DONE,1.09703,1.09968,2.64244899994992,12.64244899994992,0.05,2.183,0.40944899994992046,5.0
S00003,UPF,core-1,41,DONE,1.09958,1.10178,2.1994189999077207,12.19941899990772,0.049,1.725,0.4254189999077207,5.0
S00006,IMS-CSCF,core-1,36,DONE,1.10406,1.10592,1.8585860000257526,13.858586000025753,0.061,1.289,0.5085860000257527,6.0
S00008,Transcoder,core-1,21,DONE,1.1071,1.12139,14.284259000078237,26.284259000078237,0.051,13.609,0.6242590000782364,6.0
S00005,IMS-CSCF,core-1,30,DONE,1.10839,1.10998,1.5917839998564887,11.591783999856489,0.047,1.129,0.41578399985648873,5.0
S00007,Transcoder,core-1,23,DONE,1.10999,1.12619,16.20600799992644,26.20600799992644,0.044,15.902,0.26000799992644197,5.0
S00004,UPF,core-1,25,DONE,1.11032,1.11602,5.704187999981514,17.704187999981514,0.043,4.339,1.3221879999815132,6.0
S00002,vRAN-DU,edge-B,42,DONE,1.1104,1.1147,4.303215999925669,4.303215999925669,0.109,3.467,0.7272159999256691,0.0
S00010,IoT-GW,edge-B,39,DONE,1.11388,1.11712,3.2367870001053234,3.2367870001053234,0.068,2.704,0.46478700010532314,0.0
S00004,UPF,core-1,26,DONE,1.11395,1.11869,4.744363999861889,16.74436399986189,0.043,3.31,1.391363999861889,6.0
S00001,vRAN-DU,edge-A,45,DONE,1.11603,1.12323,7.204103000049145,7.204103000049145,0.115,6.438,0.6511030000491447,0.0
S00010,IoT-GW,edge-B,40,DONE,1.11988,1.122,2.123942000025636,2.123942000025636,0.058,1.658,0.4079420000256362,0.0
S00001,vRAN-DU,edge-A,46,DONE,1.12139,1.12755,6.16334000005736,6.16334000005736,0.074,5.782,0.3073400000573603,0.0
S00001,vRAN-DU,edge-A,47,DONE,1.12323,1.12665,3.4121819999199943,3.4121819999199943,0.052,3.06,0.30018199991999417,0.0
S00008,Transcoder,core-1,22,DONE,1.12979,1.14179,12.005438999949547,24.005438999949547,0.071,11.447,0.4874389999495481,6.0
S00005,IMS-CSCF,core-1,31,DONE,1.13249,1.13948,6.996522000008554,16.996522000008554,0.714,5.091,1.1915220000085531,5.0
S00004,UPF,core-1,27,DONE,1.1326,1.1395,6.898030000002109,18.89803000000211,0.397,5.417,1.0840300000021088,6.0
S00003,UPF,core-1,42,DONE,1.13264,1.13951,6.867123000120046,16.867123000120046,0.096,5.719,1.0521230001200452,5.0
S00003,UPF,core-1,43,DONE,1.13384,1.14332,9.483674999955838,19.483674999955838,4.103,3.818,1.562674999955838,5.0
S00003,UPF,core-1,44,DONE,1.13846,1.14808,9.621861999903558,19.621861999903558,4.008,4.472,1.1418619999035577,5.0
S00007,Transcoder,core-1,24,DONE,1.1418,1.1521,10.304986000164718,20.304986000164718,0.057,9.882,0.3659860001647175,5.0
S00010,IoT-GW,edge-B,41,DONE,1.14186,1.14696,5.104735000031724,5.104735000031724,0.082,3.743,1.279735000031724,0.0
S00004,UPF,core-1,28,DONE,1.14333,1.14809,4.762256000049092,16.762256000049092,0.049,3.933,0.7802560000490919,6.0
S00004,UPF,core-1,29,DONE,1.14343,1.15168,8.256254999878365,20.256254999878365,4.21,3.674,0.3722549998783653,6.0
S00006,IMS-CSCF,core-1,37,DONE,1.14697,1.15062,3.6469369999849732,15.646936999984973,0.383,2.045,1.2189369999849733,6.0
S00010,IoT-GW,edge-B,42,DONE,1.14704,1.14999,2.942939000149636,2.942939000149636,0.081,2.461,0.400939000149636,0.0
S00010,IoT-GW,edge-B,43,DONE,1.15452,1.15647,1.951306999899316,1.951306999899316,0.09,1.272,0.5893069998993159,0.0
S00005,IMS-CSCF,core-1,32,DONE,1.1577,1.1602,2.4953800000275805,12.49538000002758,0.076,1.848,0.5713800000275804,5.0
S00001,vRAN-DU,edge-A,48,DONE,1.16451,1.16889,4.384845000004134,4.384845000004134,0.117,3.73,0.5378450000041339,0.0
S00010,IoT-GW,edge-B,44,DONE,1.16508,1.16831,3.2317860000148357,3.2317860000148357,0.077,2.336,0.8187860000148359,0.0
S00002,vRAN-DU,edge-B,43,DONE,1.17108,1.17577,4.693177999797626,4.693177999797626,0.09,2.723,1.8801779997976267,0.0
S00006,IMS-CSCF,core-1,38,DONE,1.17348,1.17647,2.9853349999484635,14.985334999948464,0.121,2.179,0.6853349999484637,6.0
S00010,IoT-GW,edge-B,45,DONE,1.1777,1.17962,1.9164839998211392,1.9164839998211392,0.058,1.396,0.4624839998211392,0.0
S00003,UPF,core-1,45,DONE,1.18287,1.1866,3.7302749999525986,13.730274999952599,0.175,2.728,0.8272749999525986,5.0
S00003,UPF,core-1,46,DONE,1.19705,1.20157,4.525161999936245,14.525161999936245,0.139,3.321,1.0651619999362443,5.0
S00006,IMS-CSCF,core-1,39,DONE,1.20389,1.20756,3.6696869999559567,15.669686999955957,0.147,2.536,0.9866869999559569,6.0
S00007,Transcoder,core-1,25,DONE,1.20757,1.22617,18.60626500001672,28.60626500001672,0.097,17.317,1.192265000016718,5.0
S00009,IoT-GW,edge-A,38,DONE,1.20899,1.21216,3.169006000007357,3.169006000007357,0.126,2.346,0.6970060000073572,0.0
S00008,Transcoder,core-1,23,DONE,1.21105,1.23903,27.973631999884674,39.973631999884674,0.1,27.053,0.8206319998846716,6.0
S00008,Transcoder,core-1,24,DONE,1.21231,1.23828,25.96943100002136,37.96943100002136,0.085,25.143,0.7414310000213575,6.0
S00002,vRAN-DU,edge-B,44,DONE,1.217,1.23751,20.515033000037874,20.515033000037874,0.141,19.493,0.8810330000378777,0.0
S00010,IoT-GW,edge-B,46,DONE,1.2205,1.23648,15.973452000025645,15.973452000025645,0.106,14.019,1.8484520000256452,0.0
S00009,IoT-GW,edge-A,39,DONE,1.22063,1.23645,15.81507000014426,15.81507000014426,0.13,6.88,8.805070000144259,0.0
S00005,IMS-CSCF,core-1,33,DONE,1.22071,1.23647,15.751580999904036,25.751580999904036,0.079,4.686,10.986580999904035,5.0
S00007,Transcoder,core-1,26,DONE,1.22753,1.25006,22.5308369999766,32.5308369999766,0.097,21.746,0.6878369999766001,5.0
S00009,IoT-GW,edge-A,40,DONE,1.22771,1.23989,12.185350999970979,12.185350999970979,0.114,4.43,7.641350999970978,0.0
S00001,vRAN-DU,edge-A,49,DONE,1.23648,1.24315,6.668219999937719,6.668219999937719,0.102,4.89,1.676219999937719,0.0
S00005,IMS-CSCF,core-1,34,DONE,1.23752,1.24193,4.401571000016702,14.401571000016702,0.065,3.637,0.6995710000167015,5.0
S00007,Transcoder,core-1,27,DONE,1.25438,1.26821,13.828418000002785,23.828418000002785,0.117,13.043,0.6684180000027844,5.0
S00005,IMS-CSCF,core-1,35,DONE,1.25773,1.25973,1.9935650000206806,11.99356500002068,0.101,1.425,0.4675650000206806,5.0
S00004,UPF,core-1,30,DONE,1.26198,1.26428,2.3057180001160305,14.30571800011603,0.055,1.886,0.3647180001160304,6.0
S00003,UPF,core-1,47,DONE,1.26438,1.26892,4.540199000075518,14.540199000075518,0.042,4.125,0.3731990000755179,5.0
S00010,IoT-GW,edge-B,47,DONE,1.26661,1.26875,2.146385000060036,2.146385000060036,0.084,1.536,0.5263850000600359,0.0
S00005,IMS-CSCF,core-1,36,DONE,1.27324,1.27619,2.9445909999594733,12.944590999959473,0.064,2.329,0.551590999959473,5.0
S00009,IoT-GW,edge-A,41,DONE,1.28042,1.28263,2.2162749999097286,2.2162749999097286,0.124,1.4,0.6922749999097286,0.0
S00010,IoT-GW,edge-B,48,DONE,1.28494,1.28848,3.5382080000090355,3.5382080000090355,0.218,1.129,2.1912080000090355,0.0
S00002,vRAN-DU,edge-B,45,DONE,1.28509,1.28993,4.836905000047409,4.836905000047409,0.112,4.259,0.46590500004740854,0.0
S00003,UPF,core-1,48,DONE,1.28854,1.29143,2.8885970000374073,12.888597000037407,0.084,1.991,0.8135970000374071,5.0
S00004,UPF,core-1,31,DONE,1.29144,1.29664,5.194834999883824,17.194834999883824,0.056,3.275,1.863834999883824,6.0
S00001,vRAN-DU,edge-A,50,DONE,1.29278,1.29715,4.372620000140159,4.372620000140159,0.083,3.755,0.5346200001401593,0.0
S00004,UPF,core-1,32,DONE,1.29664,1.29999,3.346551000049658,15.346551000049658,0.09,2.679,0.5775510000496582,6.0
S00009,IoT-GW,edge-A,42,DONE,1.30236,1.30438,2.0171339999706106,2.0171339999706106,0.083,1.262,0.6721339999706106,0.0
S00001,vRAN-DU,edge-A,51,DONE,1.30377,1.30854,4.766251999853921,4.766251999853921,0.054,3.519,1.1932519998539206,0.0
S00003,UPF,core-1,49,DONE,1.30388,1.30674,2.858998999954565,12.858998999954565,0.079,1.89,0.889998999954565,5.0
S00003,UPF,core-1,50,DONE,1.30674,1.30923,2.4860409998836985,12.486040999883699,0.047,1.901,0.5380409998836984,5.0
S00007,Transcoder,core-1,28,DONE,1.30854,1.31544,6.892478000054325,16.892478000054325,0.057,6.14,0.695478000054325,5.0
S00003,UPF,core-1,51,DONE,1.31049,1.31269,2.205356000104075,12.205356000104075,0.059,1.834,0.3123560001040748,5.0
S00009,IoT-GW,edge-A,43,DONE,1.31762,1.3196,1.9868379999934405,1.9868379999934405,0.073,1.269,0.6448379999934406,0.0
S00008,Transcoder,core-1,25,DONE,1.31961,1.32997,10.359971999832851,22.35997199983285,0.07,9.885,0.4049719998328509,6.0
S00009,IoT-GW,edge-A,44,DONE,1.32094,1.32301,2.074320000019725,2.074320000019725,0.066,1.536,0.47232000001972496,0.0
S00002,vRAN-DU,edge-B,46,DONE,1.32102,1.33017,9.152661999905831,9.152661999905831,0.082,8.343,0.7276619999058305,0.0
S00006,IMS-CSCF,core-1,40,DONE,1.32106,1.32575,4.698806000078548,16.698806000078548,0.054,3.549,1.095806000078548,6.0
S00003,UPF,core-1,52,DONE,1.32576,1.32806,2.3003930000413675,12.300393000041367,0.053,1.8,0.4473930000413675,5.0
S00009,IoT-GW,edge-A,45,DONE,1.32807,1.33115,3.0810250000286032,3.0810250000286032,0.086,2.52,0.4750250000286034,0.0
S00003,UPF,core-1,53,DONE,1.33485,1.33776,2.9195540000728215,12.919554000072822,0.078,2.281,0.5605540000728215,5.0
S00002,vRAN-DU,edge-B,47,DONE,1.33895,1.34282,3.867857000159347,3.867857000159347,0.125,3.161,0.581857000159347,0.0
S00002,vRAN-DU,edge-B,48,DONE,1.33905,1.34372,4.670634999911272,4.670634999911272,0.314,4.001,0.35563499991127134,0.0
S00008,Transcoder,core-1,26,DONE,1.34197,1.36923,27.25531500004763,39.25531500004763,0.067,26.456,0.7323150000476311,6.0
S00010,IoT-GW,edge-B,49,DONE,1.34205,1.35014,8.097378999991633,8.097378999991633,0.04,5.811,2.2463789999916344,0.0
S00007,Transcoder,core-1,29,DONE,1.34283,1.36075,17.920795999998518,27.920795999998518,0.056,14.453,3.4117959999985175,5.0
S00005,IMS-CSCF,core-1,37,DONE,1.34488,1.35222,7.331834000069648,17.331834000069648,0.045,6.734,0.5528340000696481,5.0
S00006,IMS-CSCF,core-1,41,DONE,1.3461,1.35227,6.175936999852638,18.175936999852638,0.042,5.552,0.5819369998526387,6.0
S00009,IoT-GW,edge-A,46,DONE,1.34731,1.3533,5.988635999983671,5.988635999983671,0.07,4.903,1.0156359999836715,0.0
S00004,UPF,core-1,33,DONE,1.35015,1.36073,10.581494999996721,22.58149499999672,0.048,4.39,6.143494999996721,6.0
S00001,vRAN-DU,edge-A,52,DONE,1.35163,1.36975,18.118818999937503,18.118818999937503,0.103,16.418,1.5978189999375019,0.0
S00001,vRAN-DU,edge-A,53,DONE,1.35169,1.363,11.316923999856954,11.316923999856954,0.155,9.625,1.5369239998569544,0.0
S00006,IMS-CSCF,core-1,42,DONE,1.36075,1.36388,3.121224000096845,15.121224000096845,0.17,2.064,0.887224000096845,6.0
S00003,UPF,core-1,54,DONE,1.36089,1.37084,9.954045000085898,19.954045000085898,0.235,8.883,0.8360450000858997,5.0
S00006,IMS-CSCF,core-1,43,DONE,1.36095,1.37251,11.557029999949009,23.55702999994901,2.78,7.988,0.7890299999490091,6.0
S00001,vRAN-DU,edge-A,54,DONE,1.36398,1.37185,7.876527000007627,7.876527000007627,0.089,7.002,0.7855270000076269,0.0
S00004,UPF,core-1,34,DONE,1.38495,1.38821,3.265194000050542,15.265194000050542,0.127,2.431,0.7071940000505421,6.0
S00003,UPF,core-1,55,DONE,1.39051,1.39808,7.5685240001348575,17.568524000134857,0.108,6.81,0.6505240001348582,5.0
S00008,Transcoder,core-1,27,DONE,1.39067,1.39997,9.297657999923103,21.297657999923103,0.189,8.713,0.39565799992310424,6.0
S00001,vRAN-DU,edge-A,55,DONE,1.39198,1.39626,4.27603299999646,4.27603299999646,0.083,3.268,0.9250329999964597,0.0
S00003,UPF,core-1,56,DONE,1.39549,1.40156,6.067873999882067,16.067873999882067,1.475,3.471,1.1218739998820677,5.0
S00009,IoT-GW,edge-A,47,DONE,1.39558,1.39743,1.8476380000720383,1.8476380000720383,0.046,1.263,0.5386380000720383,0.0
S00005,IMS-CSCF,core-1,38,DONE,1.39927,1.40213,2.8631979998863244,12.863197999886324,0.053,2.455,0.3551979998863244,5.0
S00005,IMS-CSCF,core-1,39,DONE,1.40114,1.40351,2.3697869999068644,12.369786999906864,0.6,1.175,0.5947869999068642,5.0
S00009,IoT-GW,edge-A,48,DONE,1.40571,1.40717,1.4624379998622317,1.4624379998622317,0.07,1.04,0.35243799986223157,0.0
S00006,IMS-CSCF,core-1,44,DONE,1.41139,1.41403,2.6383520000763383,14.638352000076338,0.131,2.049,0.45835200007633814,6.0
S00009,IoT-GW,edge-A,49,DONE,1.41267,1.414,1.3352070000109961,1.3352070000109961,0.056,0.922,0.35720700001099603,0.0
S00005,IMS-CSCF,core-1,40,DONE,1.41927,1.42197,2.7004010000837297,12.70040100008373,0.072,2.097,0.5314010000837297,5.0
S00001,vRAN-DU,edge-A,56,DONE,1.42317,1.42719,4.019654000103401,4.019654000103401,0.069,3.392,0.558654000103401,0.0
S00001,vRAN-DU,edge-A,57,DONE,1.42719,1.43019,2.9970170000979124,2.9970170000979124,0.085,2.509,0.4030170000979125,0.0
S00003,UPF,core-1,57,DONE,1.42847,1.43111,2.6427609998336266,12.642760999833627,0.068,1.905,0.6697609998336265,5.0
S00004,UPF,core-1,35,DONE,1.43023,1.43406,3.824919999942722,15.824919999942722,0.048,2.859,0.9179199999427219,6.0
S00006,IMS-CSCF,core-1,45,DONE,1.43238,1.43411,1.728137000100105,13.728137000100105,0.048,1.395,0.285137000100105,6.0
S00006,IMS-CSCF,core-1,46,DONE,1.4353,1.43786,2.562136000051396,14.562136000051396,0.047,1.72,0.7951360000513958,6.0
S00010,IoT-GW,edge-B,50,DONE,1.43541,1.43691,1.5039520001209894,1.5039520001209894,0.077,0.994,0.43295200012098944,0.0
S00010,IoT-GW,edge-B,51,DONE,1.43696,1.43815,1.1864749999404012,1.1864749999404012,0.045,0.868,0.27347499994040125,0.0
S00008,Transcoder,core-1,28,DONE,1.43787,1.44395,6.076132999851325,18.076132999851325,0.048,5.669,0.3591329998513251,6.0
S00003,UPF,core-1,58,DONE,1.44513,1.44894,3.8059799999246025,13.805979999924602,0.078,3.371,0.3569799999246026,5.0
S00002,vRAN-DU,edge-B,49,DONE,1.44641,1.45071,4.292411999813339,4.292411999813339,0.059,3.636,0.5974119998133389,0.0
S00004,UPF,core-1,36,DONE,1.44697,1.45141,4.445245000169962,16.44524500016996,0.047,3.505,0.8932450001699621,6.0
S00004,UPF,core-1,37,DONE,1.45012,1.45422,4.100570999980846,16.100570999980846,0.172,3.133,0.7955709999808458,6.0
S00002,vRAN-DU,edge-B,50,DONE,1.45057,1.4552,4.626739000059388,4.626739000059388,0.062,3.821,0.7437390000593873,0.0
S00010,IoT-GW,edge-B,52,DONE,1.45062,1.45399,3.3676769999146927,3.3676769999146927,0.096,2.554,0.7176769999146928,0.0
S00010,IoT-GW,edge-B,53,DONE,1.45381,1.45549,1.6819730001316202,1.6819730001316202,0.045,1.096,0.5409730001316202,0.0
S00005,IMS-CSCF,core-1,41,DONE,1.46578,1.46766,1.873415999853023,11.873415999853023,0.089,1.223,0.561415999853023,5.0
S00001,vRAN-DU,edge-A,58,DONE,1.46595,1.47075,4.800360999979603,4.800360999979603,0.067,2.832,1.9013609999796026,0.0
S00003,UPF,core-1,59,DONE,1.46886,1.47099,2.1308340001269244,12.130834000126924,0.052,1.714,0.36483400012692435,5.0
S00005,IMS-CSCF,core-1,42,DONE,1.47317,1.47488,1.7091489999074838,11.709148999907484,0.051,1.283,0.37514899990748396,5.0
S00003,UPF,core-1,60,DONE,1.47706,1.4795,2.4330399999143992,12.4330399999144,0.076,1.952,0.4050399999143992,5.0
S00010,IoT-GW,edge-B,54,DONE,1.48068,1.48249,1.8102779999935592,1.8102779999935592,0.082,1.063,0.6652779999935592,0.0
S00001,vRAN-DU,edge-A,59,DONE,1.4825,1.48787,5.368915999952151,5.368915999952151,0.114,3.27,1.9849159999521508,0.0
S00002,vRAN-DU,edge-B,51,DONE,1.48481,1.48801,3.197850000105973,3.197850000105973,0.057,2.785,0.3558500001059728,0.0
S00003,UPF,core-1,61,DONE,1.48787,1.49075,2.8721590001623554,12.872159000162355,0.115,2.245,0.512159000162355,5.0
S00004,UPF,core-1,38,DONE,1.49295,1.49597,3.013034000105108,15.013034000105108,0.157,2.407,0.4490340001051081,6.0
S00003,UPF,core-1,62,DONE,1.4931,1.49678,3.677522000089084,13.677522000089084,0.082,2.986,0.609522000089084,5.0
S00004,UPF,core-1,39,DONE,1.49547,1.49854,3.0755309999221936,15.075530999922194,0.071,2.225,0.7795309999221933,6.0
S00005,IMS-CSCF,core-1,43,DONE,1.49554,1.50043,4.893808000133504,14.893808000133504,0.096,3.908,0.8898080001335038,5.0
S00006,IMS-CSCF,core-1,47,DONE,1.49682,1.50044,3.620407999960662,15.620407999960662,0.041,3.17,0.40940799996066213,6.0
S00002,vRAN-DU,edge-B,52,DONE,1.49974,1.50326,3.5166710001703905,3.5166710001703905,0.092,3.008,0.4166710001703904,0.0
S00009,IoT-GW,edge-A,50,DONE,1.50162,1.50306,1.4470890000666259,1.4470890000666259,0.075,0.929,0.4430890000666259,0.0
S00010,IoT-GW,edge-B,55,DONE,1.50548,1.50727,1.796037000076467,1.796037000076467,0.092,1.185,0.5190370000764668,0.0
S00010,IoT-GW,edge-B,56,DONE,1.50728,1.50884,1.5583869999318267,1.5583869999318267,0.053,1.119,0.3863869999318268,0.0
S00007,Transcoder,core-1,30,DONE,1.5074,1.52065,13.243420999970112,23.243420999970112,0.073,8.897,4.273420999970112,5.0
S00003,UPF,core-1,63,DONE,1.51013,1.51441,4.275397999890629,14.275397999890629,0.088,3.471,0.7163979998906287,5.0
S00007,Transcoder,core-1,31,DONE,1.5102,1.52166,11.454345000174726,21.454345000174726,1.119,9.74,0.595345000174726,5.0
S00010,IoT-GW,edge-B,57,DONE,1.51025,1.51205,1.8014550000771123,1.8014550000771123,0.05,0.975,0.7764550000771123,0.0
S00003,UPF,core-1,64,DONE,1.52066,1.52468,4.02134599994497,14.02134599994497,0.234,2.823,0.9643459999449697,5.0
S00007,Transcoder,core-1,32,DONE,1.52076,1.53827,17.504460000054678,27.504460000054678,0.294,16.026,1.1844600000546777,5.0
S00005,IMS-CSCF,core-1,44,DONE,1.52361,1.52771,4.0975990000333695,14.09759900003337,0.294,2.428,1.3755990000333695,5.0
S00005,IMS-CSCF,core-1,45,DONE,1.52372,1.53067,6.951347000040187,16.951347000040187,2.98,2.989,0.9823470000401868,5.0
S00010,IoT-GW,edge-B,58,DONE,1.52695,1.53011,3.160266000122647,3.160266000122647,0.128,1.731,1.3012660001226466,0.0
S00004,UPF,core-1,40,DONE,1.53602,1.54474,8.720097999912468,20.72009799991247,0.114,7.252,1.3540979999124678,6.0
S00007,Transcoder,core-1,33,DONE,1.53626,1.55427,18.01062100003037,28.01062100003037,0.177,17.051,0.782621000030371,5.0
S00001,vRAN-DU,edge-A,60,DONE,1.53642,1.54357,7.157641999810949,7.157641999810949,0.095,5.665,1.3976419998109488,0.0
S00005,IMS-CSCF,core-1,46,DONE,1.54159,1.55354,11.945886000148676,21.945886000148676,0.106,9.88,1.9598860001486749,5.0
S00003,UPF,core-1,65,DONE,1.54475,1.55355,8.80706500015549,18.80706500015549,0.094,7.527,1.18606500015549,5.0
S00003,UPF,core-1,66,DONE,1.54517,1.55843,13.25772100017275,23.25772100017275,6.796,3.878,2.5837210001727504,5.0
S00009,IoT-GW,edge-A,51,DONE,1.54526,1.54806,2.7997830000003887,2.7997830000003887,0.102,1.769,0.9287830000003889,0.0
S00006,IMS-CSCF,core-1,48,DONE,1.55145,1.55892,7.47101299998576,19.47101299998576,0.112,5.487,1.8720129999857598,6.0
S00008,Transcoder,core-1,29,DONE,1.55556,1.57062,15.064936000044327,27.064936000044327,0.134,14.096,0.8349360000443262,6.0
S00010,IoT-GW,edge-B,59,DONE,1.55569,1.56078,5.095325999945999,5.095325999945999,0.127,3.948,1.020325999945999,0.0
S00003,UPF,core-1,67,DONE,1.56311,1.56769,4.576537999810171,14.57653799981017,0.094,3.887,0.5955379998101704,5.0
S00009,IoT-GW,edge-A,52,DONE,1.56697,1.57136,4.389252000009947,4.389252000009947,0.105,3.57,0.7142520000099464,0.0
S00010,IoT-GW,edge-B,60,DONE,1.56719,1.57136,4.169224999941434,4.169224999941434,0.091,3.056,1.0222249999414341,0.0
S00010,IoT-GW,edge-B,61,DONE,1.56992,1.57287,2.9483060000075056,2.9483060000075056,0.68,1.448,0.8203060000075055,0.0
S00010,IoT-GW,edge-B,62,DONE,1.57408,1.57596,1.8792370001392555,1.8792370001392555,0.093,1.338,0.4482370001392555,0.0
S00001,vRAN-DU,edge-A,61,DONE,1.5772,1.58309,5.896891000020332,5.896891000020332,0.095,5.204,0.5978910000203328,0.0
S00009,IoT-GW,edge-A,53,DONE,1.58054,1.58413,3.5938430000896915,3.5938430000896915,0.068,3.1,0.42584300008969134,0.0
S00010,IoT-GW,edge-B,63,DONE,1.58656,1.58966,3.107648999957746,3.107648999957746,0.097,2.571,0.439648999957746,0.0
S00009,IoT-GW,edge-A,54,DONE,1.59293,1.59514,2.203417000146146,2.203417000146146,0.161,1.341,0.7014170001461462,0.0
S00003,UPF,core-1,68,DONE,1.59637,1.60315,6.771310999965863,16.771310999965863,0.084,4.313,2.3743109999658634,5.0
S00004,UPF,core-1,41,DONE,1.59862,1.60699,8.36101099980624,20.36101099980624,0.105,5.89,2.3660109998062397,6.0
S00009,IoT-GW,edge-A,55,DONE,1.60094,1.60513,4.197774000203935,4.197774000203935,0.098,3.088,1.0117740002039355,0.0
S00004,UPF,core-1,42,DONE,1.60452,1.61136,6.8400500001644104,18.84005000016441,1.784,4.118,0.9380500001644103,6.0
S00001,vRAN-DU,edge-A,62,DONE,1.60462,1.61378,9.15715399992223,9.15715399992223,0.119,8.027,1.0111539999222305,0.0
S00006,IMS-CSCF,core-1,49,DONE,1.60641,1.60965,3.2324819999303145,15.232481999930314,0.154,1.998,1.0804819999303146,6.0
S00010,IoT-GW,edge-B,64,DONE,1.60965,1.61354,3.882313000076465,3.882313000076465,0.103,2.0,1.7793130000764648,0.0
S00010,IoT-GW,edge-B,65,DONE,1.61355,1.61545,1.9078799998624163,1.9078799998624163,0.06,1.308,0.5398799998624162,0.0
S00007,Transcoder,core-1,34,DONE,1.61666,1.62379,7.135259000051519,17.13525900005152,0.101,6.472,0.5622590000515189,5.0
S00003,UPF,core-1,69,DONE,1.62105,1.62385,2.804655999852912,12.804655999852912,0.147,2.135,0.5226559998529123,5.0
S00004,UPF,core-1,43,DONE,1.62616,1.62925,3.0872259999341622,15.087225999934162,0.064,2.458,0.565225999934162,6.0
S00001,vRAN-DU,edge-A,63,DONE,1.63249,1.63611,3.6275459999615123,3.6275459999615123,0.078,2.96,0.5895459999615125,0.0
S00002,vRAN-DU,edge-B,53,DONE,1.64149,1.65328,11.79287300010401,11.79287300010401,0.336,10.72,0.7368730001040085,0.0
S00007,Transcoder,core-1,35,DONE,1.64163,1.65272,11.095807999936369,21.09580799993637,0.083,10.188,0.8248079999363682,5.0
S00002,vRAN-DU,edge-B,54,DONE,1.64172,1.64783,6.109014000003299,6.109014000003299,2.498,2.782,0.8290140000032986,0.0
S00002,vRAN-DU,edge-B,55,DONE,1.64784,1.65515,7.311260000051334,7.311260000051334,0.042,6.717,0.5522600000513345,0.0
S00010,IoT-GW,edge-B,66,DONE,1.65515,1.65804,2.889302000085081,2.889302000085081,0.054,0.93,1.905302000085081,0.0
S00004,UPF,core-1,44,DONE,1.65529,1.65861,3.3203379998667515,15.320337999866751,0.071,2.786,0.4633379998667513,6.0
S00005,IMS-CSCF,core-1,47,DONE,1.66088,1.66409,3.216791000113517,13.216791000113517,0.073,2.565,0.578791000113517,5.0
S00010,IoT-GW,edge-B,67,DONE,1.66321,1.66485,1.6321969999353314,1.6321969999353314,0.077,1.002,0.5531969999353314,0.0
S00007,Transcoder,core-1,36,DONE,1.66485,1.67176,6.911750999961441,16.91175099996144,0.06,6.41,0.4417509999614415,5.0
S00001,vRAN-DU,edge-A,64,DONE,1.66817,1.67469,6.514102999972238,6.514102999972238,0.081,5.846,0.5871029999722372,0.0
S00009,IoT-GW,edge-A,56,DONE,1.67001,1.67526,5.251452000038626,5.251452000038626,0.058,4.878,0.3154520000386256,0.0
S00002,vRAN-DU,edge-B,56,DONE,1.67177,1.67817,6.401627999821358,6.401627999821358,0.069,5.721,0.6116279998213576,0.0
S00008,Transcoder,core-1,30,DONE,1.67945,1.68662,7.171603999950094,19.171603999950094,0.081,6.424,0.6666039999500928,6.0
S00005,IMS-CSCF,core-1,48,DONE,1.68884,1.69076,1.9171460000961815,11.917146000096182,0.067,1.395,0.45514600009618156,5.0
S00005,IMS-CSCF,core-1,49,DONE,1.69196,1.69373,1.769952999893576,11.769952999893576,0.101,1.283,0.385952999893576,5.0
S00006,IMS-CSCF,core-1,50,DONE,1.69695,1.69897,2.014049999843337,14.014049999843337,0.056,1.455,0.5030499998433369,6.0
S00010,IoT-GW,edge-B,68,DONE,1.69706,1.69901,1.9563830001061433,1.9563830001061433,0.112,1.401,0.4433830001061432,0.0
S00006,IMS-CSCF,core-1,51,DONE,1.69826,1.70084,2.5730419999945298,14.57304199999453,0.595,1.475,0.5030419999945297,6.0
S00001,vRAN-DU,edge-A,65,DONE,1.70304,1.70726,4.2189959999632265,4.2189959999632265,0.081,2.8,1.3379959999632263,0.0
S00005,IMS-CSCF,core-1,50,DONE,1.70313,1.70743,4.301468999983626,14.301468999983626,0.05,3.608,0.6434689999836265,5.0
S00002,vRAN-DU,edge-B,57,DONE,1.70321,1.70769,4.4783759999518225,4.4783759999518225,0.064,3.995,0.4193759999518223,0.0
S00006,IMS-CSCF,core-1,52,DONE,1.70727,1.71016,2.8939650001120754,14.893965000112075,0.046,2.445,0.4029650001120757,6.0
S00009,IoT-GW,edge-A,57,DONE,1.70885,1.71015,1.3010229999963485,1.3010229999963485,0.055,0.856,0.3900229999963486,0.0
S00001,vRAN-DU,edge-A,66,DONE,1.71238,1.71554,3.1578719999743043,3.1578719999743043,0.055,2.751,0.3518719999743043,0.0
S00004,UPF,core-1,45,DONE,1.71246,1.7155,3.038291999928333,15.038291999928333,0.049,2.712,0.277291999928333,6.0
S00009,IoT-GW,edge-A,58,DONE,1.71488,1.71689,2.0135360000494984,2.0135360000494984,0.043,1.014,0.9565360000494985,0.0
S00003,UPF,core-1,70,DONE,1.71672,1.72229,5.568116999938866,15.568116999938866,0.1,5.201,0.2671169999388665,5.0
S00006,IMS-CSCF,core-1,53,DONE,1.7168,1.72061,3.81259300002057,15.81259300002057,0.072,3.356,0.38459300002056995,6.0
S00002,vRAN-DU,edge-B,58,DONE,1.71953,1.72741,7.876666000129262,7.876666000129262,0.07,7.28,0.5266660001292616,0.0
S00006,IMS-CSCF,core-1,54,DONE,1.72178,1.72354,1.7601839999770164,13.760183999977016,0.047,1.377,0.3361839999770164,6.0
S00004,UPF,core-1,46,DONE,1.72741,1.73013,2.7207089999592426,14.720708999959243,0.087,2.131,0.5027089999592427,6.0
S00004,UPF,core-1,47,DONE,1.73239,1.73503,2.640810999992027,14.640810999992027,0.061,2.098,0.48181099999202726,6.0
S00004,UPF,core-1,48,DONE,1.73625,1.7387,2.445908000026975,14.445908000026975,0.055,2.014,0.3769080000269751,6.0
S00001,vRAN-DU,edge-A,67,DONE,1.73637,1.74075,4.3829890000779415,4.3829890000779415,0.079,3.908,0.3959890000779418,0.0
S00009,IoT-GW,edge-A,59,DONE,1.73853,1.74032,1.785293000011734,1.785293000011734,0.056,1.157,0.5722930000117339,0.0
S00010,IoT-GW,edge-B,69,DONE,1.73859,1.74088,2.281863999996858,2.281863999996858,0.079,1.781,0.4218639999968581,0.0
S00010,IoT-GW,edge-B,70,DONE,1.74032,1.74227,1.943162000088705,1.943162000088705,0.041,1.12,0.7821620000887051,0.0
S00010,IoT-GW,edge-B,71,DONE,1.7421,1.74359,1.4901790000294568,1.4901790000294568,0.055,0.932,0.5031790000294568,0.0
S00010,IoT-GW,edge-B,72,DONE,1.7436,1.74528,1.676400999940597,1.676400999940597,0.046,1.191,0.439400999940597,0.0
S00003,UPF,core-1,71,DONE,1.74528,1.74841,3.124971000033838,13.124971000033838,0.084,2.482,0.5589710000338379,5.0
S00006,IMS-CSCF,core-1,55,DONE,1.74662,1.74866,2.0434549999208684,14.043454999920868,0.054,1.697,0.2924549999208683,6.0
S00001,vRAN-DU,edge-A,68,DONE,1.75387,1.75917,5.29597200011267,5.29597200011267,0.081,4.478,0.7369720001126696,0.0
S00004,UPF,core-1,49,DONE,1.7552,1.75916,3.960639999831983,15.960639999831983,0.071,2.539,1.3506399998319827,6.0
S00005,IMS-CSCF,core-1,51,DONE,1.7575,1.75964,2.1372700000483746,12.137270000048375,0.06,1.709,0.3682700000483745,5.0
S00009,IoT-GW,edge-A,60,DONE,1.76388,1.76588,1.9917790000363311,1.9917790000363311,0.073,1.35,0.5687790000363311,0.0
S00002,vRAN-DU,edge-B,59,DONE,1.76811,1.77273,4.618302999915613,4.618302999915613,0.079,4.039,0.5003029999156139,0.0
S00005,IMS-CSCF,core-1,52,DONE,1.76827,1.77266,4.393034000031548,14.393034000031548,1.939,2.005,0.44903400003154825,5.0
S00004,UPF,core-1,50,DONE,1.76835,1.77101,2.6572440001473296,14.65724400014733,0.075,2.132,0.45024400014732935,6.0
S00007,Transcoder,core-1,37,DONE,1.77694,1.78352,6.579033999969397,16.579033999969397,0.118,5.892,0.5690339999693963,5.0
S00003,UPF,core-1,72,DONE,1.77834,1.78065,2.30096199993568,12.30096199993568,0.054,1.825,0.4219619999356803,5.0
S00001,vRAN-DU,edge-A,69,DONE,1.7847,1.78819,3.4884130000136793,3.4884130000136793,0.086,2.842,0.5604130000136793,0.0
S00010,IoT-GW,edge-B,73,DONE,1.79243,1.79397,1.5405649999138404,1.5405649999138404,0.078,0.944,0.5185649999138404,0.0
S00001,vRAN-DU,edge-A,70,DONE,1.79255,1.7961,3.549669999983962,3.549669999983962,0.078,2.979,0.4926699999839621,0.0
S00002,vRAN-DU,edge-B,60,DONE,1.80244,1.80651,4.070955999850412,4.070955999850412,0.092,3.146,0.8329559998504119,0.0
S00007,Transcoder,core-1,38,DONE,1.80774,1.81472,6.976506000000882,16.97650600000088,0.085,6.195,0.6965060000008814,5.0
S00002,vRAN-DU,edge-B,61,DONE,1.81899,1.82239,3.3995730000242474,3.3995730000242474,0.084,2.575,0.7405730000242472,0.0
S00001,vRAN-DU,edge-A,71,DONE,1.81913,1.8224,3.2721219999984896,3.2721219999984896,0.085,2.572,0.6151219999984896,0.0
S00010,IoT-GW,edge-B,74,DONE,1.82362,1.82547,1.8479180000667839,1.8479180000667839,0.057,1.291,0.499918000066784,0.0
S00006,IMS-CSCF,core-1,56,DONE,1.82668,1.82912,2.445638000153849,14.44563800015385,0.079,1.753,0.6136380001538491,6.0
S00003,UPF,core-1,73,DONE,1.83745,1.84078,3.334524999900168,13.334524999900168,0.112,2.586,0.6365249999001681,5.0
S00008,Transcoder,core-1,31,DONE,1.83759,1.84619,8.596162999992885,20.596162999992885,0.289,7.685,0.6221629999928853,6.0
S00002,vRAN-DU,edge-B,62,DONE,1.83764,1.84306,5.419756000037523,5.419756000037523,0.081,4.852,0.4867560000375226,0.0
S00002,vRAN-DU,edge-B,63,DONE,1.84844,1.85305,4.614407999952164,4.614407999952164,0.095,4.029,0.490407999952164,0.0
S00009,IoT-GW,edge-A,61,DONE,1.84858,1.8529,4.32433899982243,4.32433899982243,0.087,3.597,0.6403389998224305,0.0
S00003,UPF,core-1,74,DONE,1.85291,1.8558,2.8979400001389877,12.897940000138988,0.133,2.214,0.5509400001389877,5.0
S00006,IMS-CSCF,core-1,57,DONE,1.85904,1.86125,2.2181009999258094,14.21810099992581,0.066,1.582,0.5701009999258095,6.0
S00006,IMS-CSCF,core-1,58,DONE,1.87561,1.87798,2.3671940000440372,14.367194000044037,0.095,1.579,0.6931940000440371,6.0
S00005,IMS-CSCF,core-1,53,DONE,1.87702,1.87935,2.331306000087352,12.331306000087352,0.145,1.719,0.4673060000873519,5.0
S00007,Transcoder,core-1,39,DONE,1.88156,1.88846,6.901991999939128,16.901991999939128,0.051,6.384,0.4669919999391272,5.0
S00005,IMS-CSCF,core-1,54,DONE,1.88291,1.88533,2.423241000087728,12.423241000087728,0.102,1.746,0.5752410000877282,5.0
S00009,IoT-GW,edge-A,62,DONE,1.88481,1.89068,5.874198999890723,5.874198999890723,0.083,5.305,0.486198999890723,0.0
S00003,UPF,core-1,75,DONE,1.88534,1.89027,4.930519000026834,14.930519000026834,0.04,4.47,0.4205190000268342,5.0
S00005,IMS-CSCF,core-1,55,DONE,1.88657,1.88974,3.17259900020872,13.17259900020872,0.046,2.795,0.33159900020872035,5.0
S00002,vRAN-DU,edge-B,64,DONE,1.88847,1.894,5.537653999908798,5.537653999908798,0.106,3.48,1.9516539999087983,0.0
S00009,IoT-GW,edge-A,63,DONE,1.89037,1.89268,2.309313000068869,2.309313000068869,0.042,1.72,0.5473130000688691,0.0
S00008,Transcoder,core-1,32,DONE,1.89269,1.89915,6.4649409998764895,18.46494099987649,0.082,5.915,0.4679409998764896,6.0
S00005,IMS-CSCF,core-1,56,DONE,1.90543,1.90757,2.1448340000915778,12.144834000091578,0.104,1.438,0.6028340000915777,5.0
S00006,IMS-CSCF,core-1,59,DONE,1.90556,1.90763,2.073115000030157,14.073115000030157,0.152,1.396,0.525115000030157,6.0
S00002,vRAN-DU,edge-B,65,DONE,1.9056,1.91024,4.633993999959785,4.633993999959785,0.085,4.022,0.5269939999597844,0.0
S00002,vRAN-DU,edge-B,66,DONE,1.91024,1.91371,3.468419000000722,3.468419000000722,0.055,2.811,0.6024190000007219,0.0
S00003,UPF,core-1,76,DONE,1.91372,1.92203,8.311073999948349,18.31107399994835,0.11,2.68,5.521073999948349,5.0
S00007,Transcoder,core-1,40,DONE,1.91502,1.93067,15.650434000008318,25.650434000008318,0.43,12.126,3.0944340000083184,5.0
S00009,IoT-GW,edge-A,64,DONE,1.91748,1.92866,11.1784840000837,11.1784840000837,0.105,10.315,0.7584840000836994,0.0
S00004,UPF,core-1,51,DONE,1.918,1.92226,4.2579700000260345,16.257970000026035,0.064,3.473,0.7209700000260346,6.0
S00010,IoT-GW,edge-B,75,DONE,1.92751,1.93048,2.972191000026214,2.972191000026214,0.088,1.985,0.899191000026214,0.0
S00009,IoT-GW,edge-A,65,DONE,1.92866,1.93049,1.8302780001704377,1.8302780001704377,0.064,1.05,0.7162780001704376,0.0
S00001,vRAN-DU,edge-A,72,DONE,1.9305,1.93431,3.810678000036205,3.810678000036205,0.064,3.317,0.4296780000362048,0.0
S00010,IoT-GW,edge-B,76,DONE,1.93073,1.93268,1.94770600000993,1.94770600000993,0.133,1.223,0.5917060000099299,0.0
S00003,UPF,core-1,77,DONE,1.9355,1.93925,3.7500099999761005,13.7500099999761,0.078,3.25,0.42200999997610067,5.0
S00002,vRAN-DU,edge-B,67,DONE,1.93559,1.94027,4.672890999927404,4.672890999927404,0.065,4.205,0.4028909999274033,0.0
S00006,IMS-CSCF,core-1,60,DONE,1.9425,1.94463,2.126637999936065,14.126637999936065,0.056,1.569,0.5016379999360652,6.0
S00005,IMS-CSCF,core-1,57,DONE,1.94463,1.94717,2.53594399987378,12.53594399987378,0.112,2.027,0.3969439998737796,5.0
S00009,IoT-GW,edge-A,66,DONE,1.947,1.94919,2.1889000001920067,2.1889000001920067,0.075,1.313,0.8009000001920066,0.0
S00007,Transcoder,core-1,41,DONE,1.94838,1.95671,8.33269100007783,18.33269100007783,0.065,7.8,0.4676910000778305,5.0
S00001,vRAN-DU,edge-A,73,DONE,1.95343,1.95779,4.357836000053794,4.357836000053794,0.073,3.833,0.45183600005379354,0.0
S00006,IMS-CSCF,core-1,61,DONE,1.96103,1.9645,3.4636269999737124,15.463626999973712,0.194,2.507,0.7626269999737123,6.0
S00003,UPF,core-1,78,DONE,1.96116,1.96755,6.391612000015812,16.39161200001581,0.077,5.664,0.650612000015812,5.0
S00009,IoT-GW,edge-A,67,DONE,1.96365,1.96704,3.391109999938635,3.391109999938635,0.105,2.764,0.5221099999386354,0.0
S00006,IMS-CSCF,core-1,62,DONE,1.96377,1.96748,3.706500999896889,15.706500999896889,0.055,2.479,1.1725009998968887,6.0
S00010,IoT-GW,edge-B,77,DONE,1.96673,1.97039,3.659860999960074,3.659860999960074,0.098,1.222,2.339860999960074,0.0
S00005,IMS-CSCF,core-1,58,DONE,1.96684,1.9704,3.563817999975072,13.563817999975072,0.105,1.944,1.514817999975072,5.0
S00006,IMS-CSCF,core-1,63,DONE,1.9669,1.97071,3.8049269999191893,15.80492699991919,0.164,2.773,0.867926999919189,6.0
S00002,vRAN-DU,edge-B,68,DONE,1.97071,1.97401,3.30048099999658,3.30048099999658,0.049,2.762,0.4894809999965801,0.0
S00006,IMS-CSCF,core-1,64,DONE,1.97402,1.97674,2.7196099999855505,14.71960999998555,0.153,2.014,0.5526099999855507,6.0
S00003,UPF,core-1,79,DONE,1.97411,1.97777,3.661542000145346,13.661542000145346,0.15,2.965,0.546542000145346,5.0
S00004,UPF,core-1,52,DONE,1.97778,1.98042,2.637138999944,14.637138999944,0.062,2.113,0.462138999944,6.0
S00004,UPF,core-1,53,DONE,1.98004,1.98301,2.9662659999303287,14.966265999930329,0.062,2.206,0.6982659999303289,6.0
S00004,UPF,core-1,54,DONE,1.98163,1.99705,15.419667999822195,27.419667999822195,1.076,11.234,3.1096679998221948,6.0
S00002,vRAN-DU,edge-B,69,DONE,1.98301,1.99297,9.954240999832109,9.954240999832109,0.084,8.983,0.8872409998321089,0.0
S00005,IMS-CSCF,core-1,59,DONE,1.98309,1.98852,5.4290230000333395,15.42902300003334,0.103,4.746,0.5800230000333393,5.0
S00009,IoT-GW,edge-A,68,DONE,1.98317,1.99844,15.27144200008479,15.27144200008479,0.188,11.786,3.2974420000847893,0.0
S00007,Transcoder,core-1,42,DONE,1.98334,2.00296,19.628493000027447,29.628493000027447,0.059,19.226,0.343493000027447,5.0
S00001,vRAN-DU,edge-A,74,DONE,1.98557,1.99706,11.489390999940952,11.489390999940952,0.089,10.427,0.9733909999409516,0.0
S00003,UPF,core-1,80,DONE,1.98778,2.00102,13.24113100008617,23.24113100008617,0.074,11.687,1.4801310000861712,5.0
S00003,UPF,core-1,81,DONE,1.98788,2.00738,19.495559000006324,29.495559000006324,12.14,6.314,1.0415590000063233,5.0
S00009,IoT-GW,edge-A,69,DONE,1.98794,2.00796,20.02503600010641,20.02503600010641,9.674,9.771,0.5800360001064107,0.0
S00001,vRAN-DU,edge-A,75,DONE,1.99297,2.00739,14.413941999919189,14.413941999919189,0.062,10.338,4.01394199991919,0.0
S00004,UPF,core-1,55,DONE,1.99304,2.00103,7.996216000037748,19.996216000037748,0.071,5.758,2.1672160000377483,6.0
S00001,vRAN-DU,edge-A,76,DONE,1.99308,2.02465,31.57100599992191,31.57100599992191,10.523,15.458,5.5900059999219085,0.0
S00005,IMS-CSCF,core-1,60,DONE,1.99706,2.00104,3.976864999913232,13.976864999913232,0.075,2.116,1.7858649999132319,5.0
S00006,IMS-CSCF,core-1,65,DONE,1.99716,2.00736,10.205632999941372,22.205632999941372,2.574,6.242,1.3896329999413721,6.0
S00004,UPF,core-1,56,DONE,1.99844,2.01054,12.092169999959879,24.09216999995988,0.126,9.526,2.4401699999598794,6.0
S00004,UPF,core-1,57,DONE,1.99997,2.01439,14.418486000067787,26.418486000067787,9.828,3.413,1.177486000067788,6.0
S00001,vRAN-DU,edge-A,77,DONE,2.00105,2.0192,18.15661699993143,18.15661699993143,1.171,10.96,6.0256169999314295,0.0
S00001,vRAN-DU,edge-A,78,DONE,2.0011,2.04079,39.681325999936234,39.681325999936234,12.408,20.127,7.146325999936234,0.0
S00001,vRAN-DU,edge-A,79,DONE,2.00514,2.03259,27.444080999885045,27.444080999885045,16.011,8.381,3.052080999885046,0.0
S00004,UPF,core-1,58,DONE,2.00642,2.01966,13.23277100004816,25.23277100004816,6.896,5.501,0.83577100004816,6.0
S00009,IoT-GW,edge-A,70,DONE,2.00739,2.0408,33.40253900000789,33.40253900000789,28.443,3.381,1.5785390000078903,0.0
S00007,Transcoder,core-1,43,DONE,2.00915,2.03695,27.792464999947697,37.7924649999477,0.078,27.286,0.42846499994769616,5.0
S00009,IoT-GW,edge-A,71,DONE,2.01054,2.04113,30.588962999900104,30.588962999900104,28.846,1.286,0.45696299990010436,0.0
S00001,vRAN-DU,edge-A,80,DONE,2.01866,2.03648,17.824259999997594,17.824259999997594,12.284,4.33,1.210259999997593,0.0
S00010,IoT-GW,edge-B,78,DONE,2.02089,2.02552,4.636220999827856,4.636220999827856,0.089,3.771,0.7762209998278555,0.0
S00007,Transcoder,core-1,44,DONE,2.02436,2.04712,22.76297000003069,32.76297000003069,0.145,21.936,0.6819700000306916,5.0
S00008,Transcoder,core-1,33,DONE,2.02449,2.05638,31.89336600007664,43.89336600007664,0.259,30.858,0.7763660000766386,6.0
S00005,IMS-CSCF,core-1,61,DONE,2.02553,2.0326,7.067240999958813,17.067240999958813,0.129,2.564,4.374240999958813,5.0
S00005,IMS-CSCF,core-1,62,DONE,2.0326,2.03869,6.087840999953187,16.087840999953187,0.071,4.499,1.5178409999531874,5.0
S00002,vRAN-DU,edge-B,70,DONE,2.03876,2.04585,7.082784999965952,7.082784999965952,0.103,6.236,0.7437849999659525,0.0
S00010,IoT-GW,edge-B,79,DONE,2.04244,2.05285,10.410997000008138,10.410997000008138,0.08,9.832,0.49899700000813674,0.0
S00002,vRAN-DU,edge-B,71,DONE,2.04282,2.05256,9.741264000012961,9.741264000012961,2.625,6.503,0.6132640000129612,0.0
S00010,IoT-GW,edge-B,80,DONE,2.04299,2.05521,12.220905999811293,12.220905999811293,9.587,1.146,1.4879059998112938,0.0
S00007,Transcoder,core-1,45,DONE,2.04713,2.06894,21.813613999938752,31.813613999938752,0.069,21.308,0.4366139999387535,5.0
S00003,UPF,core-1,82,DONE,2.05257,2.05907,6.504116000087379,16.50411600008738,0.095,5.497,0.9121160000873791,5.0
S00008,Transcoder,core-1,34,DONE,2.05266,2.06963,16.974407999896357,28.974407999896357,0.183,16.122,0.6694079998963574,6.0
S00010,IoT-GW,edge-B,81,DONE,2.05271,2.05548,2.7727870001399424,2.7727870001399424,1.149,1.112,0.5117870001399423,0.0
S00010,IoT-GW,edge-B,82,DONE,2.05522,2.06141,6.196119999913208,6.196119999913208,0.063,0.987,5.146119999913208,0.0
S00007,Transcoder,core-1,46,DONE,2.05535,2.07372,18.364618000077826,28.364618000077826,0.45,17.522,0.3926180000778281,5.0
S00006,IMS-CSCF,core-1,66,DONE,2.05908,2.06143,2.3508280000896775,14.350828000089678,0.108,1.665,0.5778280000896774,6.0
S00003,UPF,core-1,83,DONE,2.06262,2.06842,5.797262999976738,15.797262999976738,0.05,3.307,2.440262999976738,5.0
S00001,vRAN-DU,edge-A,81,DONE,2.06269,2.06854,5.84748899996157,5.84748899996157,0.095,5.323,0.42948899996156964,0.0
S00006,IMS-CSCF,core-1,67,DONE,2.07183,2.07333,1.4979299999140494,13.49792999991405,0.049,1.12,0.32892999991404936,6.0
S00001,vRAN-DU,edge-A,82,DONE,2.07903,2.08402,4.997843000182911,4.997843000182911,0.089,3.364,1.5448430001829108,0.0
S00003,UPF,core-1,84,DONE,2.08345,2.0869,3.457145000083983,13.457145000083983,0.078,2.87,0.5091450000839832,5.0
S00002,vRAN-DU,edge-B,72,DONE,2.08387,2.08967,5.797836999818173,5.797836999818173,0.324,2.465,3.0088369998181737,0.0
S00003,UPF,core-1,85,DONE,2.08407,2.09035,6.284004000008281,16.28400400000828,2.572,3.369,0.3430040000082806,5.0
S00002,vRAN-DU,edge-B,73,DONE,2.08603,2.09012,4.095826999900964,4.095826999900964,0.041,2.665,1.389826999900964,0.0
S00009,IoT-GW,edge-A,72,DONE,2.08609,2.08968,3.589991000126247,3.589991000126247,0.07,1.727,1.792991000126247,0.0
S00004,UPF,core-1,59,DONE,2.09258,2.097,4.423077000183184,16.423077000183184,0.063,3.628,0.7320770001831844,6.0
S00006,IMS-CSCF,core-1,68,DONE,2.09494,2.11445,19.51147099998707,31.51147099998707,0.047,17.332,2.132470999987067,6.0
S00001,vRAN-DU,edge-A,83,DONE,2.09502,2.10303,8.004750000054628,8.004750000054628,0.124,7.354,0.5267500000546281,0.0
S00006,IMS-CSCF,core-1,69,DONE,2.09818,2.11672,18.53412200011917,30.53412200011917,16.27,1.695,0.569122000119169,6.0
S00001,vRAN-DU,edge-A,84,DONE,2.10303,2.10642,3.390862000060224,3.390862000060224,0.084,2.683,0.6238620000602242,0.0
S00002,vRAN-DU,edge-B,74,DONE,2.10643,2.11163,5.200140999932046,5.200140999932046,1.492,3.068,0.6401409999320458,0.0
S00004,UPF,core-1,60,DONE,2.11446,2.11847,4.010670000070604,16.010670000070604,0.128,2.394,1.488670000070604,6.0
S00010,IoT-GW,edge-B,83,DONE,2.12276,2.12444,1.6803450000679732,1.6803450000679732,0.094,0.86,0.7263450000679731,0.0
S00006,IMS-CSCF,core-1,70,DONE,2.12445,2.13093,6.476345000010042,18.476345000010042,0.171,2.585,3.7203450000100418,6.0
S00002,vRAN-DU,edge-B,75,DONE,2.12453,2.12847,3.9356219999717723,3.9356219999717723,0.064,3.264,0.6076219999717725,0.0
S00004,UPF,core-1,61,DONE,2.12733,2.13094,3.609851000192066,15.609851000192066,0.081,2.681,0.8478510001920658,6.0
S00005,IMS-CSCF,core-1,63,DONE,2.13829,2.14061,2.321808000033343,12.321808000033343,0.093,1.751,0.4778080000333431,5.0
S00006,IMS-CSCF,core-1,71,DONE,2.13891,2.14141,2.505316999986462,14.505316999986462,0.088,1.805,0.6123169999864622,6.0
S00002,vRAN-DU,edge-B,76,DONE,2.14284,2.14639,3.544020000163073,3.544020000163073,0.091,3.008,0.44502000016307264,0.0
S00005,IMS-CSCF,core-1,64,DONE,2.14439,2.14621,1.8255190000218136,11.825519000021814,0.084,1.264,0.47751900002181347,5.0
S00003,UPF,core-1,86,DONE,2.15335,2.15658,3.231534999940777,13.231534999940777,0.097,2.239,0.8955349999407773,5.0
S00001,vRAN-DU,edge-A,85,DONE,2.15476,2.15866,3.901684999846111,3.901684999846111,0.096,3.268,0.5376849998461113,0.0
S00004,UPF,core-1,62,DONE,2.15641,2.15973,3.31978799999888,15.31978799999888,0.054,2.739,0.5267879999988803,6.0
S00004,UPF,core-1,63,DONE,2.15799,2.16345,5.464963000122225,17.464963000122225,1.537,3.367,0.560963000122225,6.0
S00005,IMS-CSCF,core-1,65,DONE,2.16101,2.16346,2.449787000159631,12.449787000159631,0.079,1.582,0.7887870001596309,5.0
S00006,IMS-CSCF,core-1,72,DONE,2.16122,2.16447,3.2492459999957646,15.249245999995765,0.215,2.46,0.5742459999957648,6.0
S00003,UPF,core-1,87,DONE,2.16447,2.16717,2.696384999808288,12.696384999808288,0.05,2.201,0.44538499980828794,5.0
S00010,IoT-GW,edge-B,84,DONE,2.16946,2.1714,1.946279999856415,1.946279999856415,0.081,1.276,0.5892799998564151,0.0
S00009,IoT-GW,edge-A,73,DONE,2.17566,2.17985,4.189520999943852,4.189520999943852,0.098,3.382,0.7095209999438521,0.0
S00002,vRAN-DU,edge-B,77,DONE,2.17579,2.17984,4.052013000091392,4.052013000091392,0.086,3.345,0.6210130000913923,0.0
S00002,vRAN-DU,edge-B,78,DONE,2.17588,2.18094,5.0615309999102465,5.0615309999102465,0.404,4.051,0.6065309999102464,0.0
S00001,vRAN-DU,edge-A,86,DONE,2.18213,2.18596,3.8241979998474562,3.8241979998474562,0.074,3.26,0.4901979998474566,0.0
S00002,vRAN-DU,edge-B,79,DONE,2.18446,2.18815,3.6875250000321103,3.6875250000321103,0.076,3.017,0.5945250000321103,0.0
S00005,IMS-CSCF,core-1,66,DONE,2.18815,2.19046,2.310390999809897,12.310390999809897,0.09,1.562,0.6583909998098971,5.0
S00001,vRAN-DU,edge-A,87,DONE,2.19169,2.19572,4.02811499998279,4.02811499998279,0.091,2.942,0.99511499998279,0.0
S00006,IMS-CSCF,core-1,73,DONE,2.19409,2.19672,2.63286699987475,14.63286699987475,0.085,2.003,0.54486699987475,6.0
S00006,IMS-CSCF,core-1,74,DONE,2.20001,2.20217,2.1594590000404423,14.159459000040442,0.109,1.43,0.6204590000404424,6.0
S00003,UPF,core-1,88,DONE,2.20014,2.2029,2.7618560000064463,12.761856000006446,0.146,2.117,0.49885600000644637,5.0
S00003,UPF,core-1,89,DONE,2.20838,2.21162,3.237815000147748,13.237815000147748,0.112,2.365,0.7608150001477476,5.0
S00009,IoT-GW,edge-A,74,DONE,2.21505,2.21743,2.3750800000925665,2.3750800000925665,0.107,1.449,0.8190800000925662,0.0
S00005,IMS-CSCF,core-1,67,DONE,2.23179,2.23419,2.4010970000745147,12.401097000074515,0.189,1.571,0.6410970000745146,5.0
S00010,IoT-GW,edge-B,85,DONE,2.23316,2.2349,1.7471269998168282,1.7471269998168282,0.084,1.154,0.5091269998168282,0.0
S00007,Transcoder,core-1,47,DONE,2.23609,2.24433,8.24178000016218,18.24178000016218,0.068,7.491,0.6827800001621807,5.0
S00009,IoT-GW,edge-A,75,DONE,2.24556,2.24741,1.8438399999922694,1.8438399999922694,0.087,1.139,0.6178399999922695,0.0
S00009,IoT-GW,edge-A,76,DONE,2.24962,2.25123,1.612787999874854,1.612787999874854,0.063,1.039,0.5107879998748541,0.0
S00007,Transcoder,core-1,48,DONE,2.25658,2.26476,8.18176100005985,18.18176100005985,0.099,7.436,0.6467610000598505,5.0
S00002,vRAN-DU,edge-B,80,DONE,2.26006,2.26518,5.119882000144571,5.119882000144571,0.083,4.439,0.5978820001445708,0.0
S00003,UPF,core-1,90,DONE,2.26961,2.27459,4.980297999964023,14.980297999964023,0.122,3.621,1.237297999964023,5.0
S00009,IoT-GW,edge-A,77,DONE,2.27437,2.27662,2.2528080000938644,2.2528080000938644,0.084,1.311,0.8578080000938644,0.0
S00005,IMS-CSCF,core-1,68,DONE,2.28412,2.28679,2.6716110000961635,12.671611000096163,0.089,1.966,0.6166110000961635,5.0
S00005,IMS-CSCF,core-1,69,DONE,2.28657,2.28829,1.7261240000152611,11.726124000015261,0.051,1.152,0.5231240000152613,5.0
S00010,IoT-GW,edge-B,86,DONE,2.28666,2.28834,1.683924000190018,1.683924000190018,0.153,0.966,0.564924000190018,0.0
S00005,IMS-CSCF,core-1,70,DONE,2.29564,2.29829,2.648912000040582,12.648912000040582,0.074,1.496,1.078912000040582,5.0
S00010,IoT-GW,edge-B,87,DONE,2.29698,2.29859,1.602972000000591,1.602972000000591,0.119,1.011,0.47297200000059103,0.0
S00006,IMS-CSCF,core-1,75,DONE,2.29979,2.30389,4.10254000007626,16.10254000007626,0.096,1.569,2.43754000007626,6.0
S00005,IMS-CSCF,core-1,71,DONE,2.30509,2.30702,1.9363699998393713,11.936369999839371,0.067,1.354,0.5153699998393713,5.0
S00004,UPF,core-1,64,DONE,2.30833,2.31072,2.3936679999678745,14.393667999967874,0.063,1.867,0.46366799996787433,6.0
S00002,vRAN-DU,edge-B,81,DONE,2.30849,2.31188,3.3979130000716395,3.3979130000716395,0.072,2.912,0.41391300007163956,0.0
S00003,UPF,core-1,91,DONE,2.3172,2.32015,2.944117999959417,12.944117999959417,0.077,2.189,0.6781179999594169,5.0
S00003,UPF,core-1,92,DONE,2.32015,2.32319,3.0358220001289737,13.035822000128974,0.343,2.143,0.549822000128974,5.0
S00002,vRAN-DU,edge-B,82,DONE,2.32541,2.33007,4.656933999967805,4.656933999967805,0.076,3.478,1.1029339999678052,0.0
S00009,IoT-GW,edge-A,78,DONE,2.32556,2.33008,4.516510000030394,4.516510000030394,0.077,3.626,0.8135100000303939,0.0
S00005,IMS-CSCF,core-1,72,DONE,2.32912,2.33143,2.31334699992658,12.31334699992658,0.072,1.384,0.8573469999265799,5.0
S00007,Transcoder,core-1,49,DONE,2.33144,2.33833,6.893401000070298,16.8934010000703,0.051,6.439,0.4034010000702981,5.0
S00008,Transcoder,core-1,35,DONE,2.33372,2.34277,9.055951000163986,21.055951000163986,0.051,8.633,0.3719510001639872,6.0
S00004,UPF,core-1,65,DONE,2.33598,2.33853,2.549670000007609,14.549670000007609,0.05,1.947,0.552670000007609,6.0
S00003,UPF,core-1,93,DONE,2.33858,2.34083,2.2472420000667626,12.247242000066763,0.043,1.904,0.3002420000667625,5.0
S00001,vRAN-DU,edge-A,88,DONE,2.3571,2.36075,3.64893400001165,3.64893400001165,0.085,2.845,0.7189340000116498,0.0
S00005,IMS-CSCF,core-1,73,DONE,2.37207,2.37445,2.3776780001298903,12.37767800012989,0.093,1.487,0.7976780001298902,5.0
S00005,IMS-CSCF,core-1,74,DONE,2.3723,2.37731,5.013187000031394,15.013187000031394,1.771,2.541,0.701187000031394,5.0
S00001,vRAN-DU,edge-A,89,DONE,2.38058,2.38403,3.4518919999300124,3.4518919999300124,0.082,2.847,0.5228919999300126,0.0
S00006,IMS-CSCF,core-1,76,DONE,2.38293,2.38503,2.1001479999540607,14.10014799995406,0.067,1.601,0.4321479999540605,6.0
S00003,UPF,core-1,94,DONE,2.38621,2.38878,2.57270699989931,12.57270699989931,0.058,2.09,0.4247069998993105,5.0
S00004,UPF,core-1,66,DONE,2.39402,2.39714,3.1200739999803773,15.120073999980377,0.1,2.483,0.5370739999803771,6.0
S00003,UPF,core-1,95,DONE,2.39414,2.39708,2.949175000139803,12.949175000139803,0.143,2.331,0.4751750001398034,5.0
S00009,IoT-GW,edge-A,79,DONE,2.39641,2.39842,2.013269999906697,2.013269999906697,0.072,1.45,0.4912699999066972,0.0
S00003,UPF,core-1,96,DONE,2.40572,2.40921,3.4892450000825193,13.48924500008252,0.09,2.659,0.7402450000825196,5.0
S00005,IMS-CSCF,core-1,75,DONE,2.42463,2.4272,2.571860999978526,12.571860999978526,0.085,1.708,0.7788609999785259,5.0
S00003,UPF,core-1,97,DONE,2.42842,2.43134,2.9195350000463804,12.91953500004638,0.094,2.227,0.5985350000463807,5.0
S00002,vRAN-DU,edge-B,83,DONE,2.43135,2.43492,3.57217100008711,3.57217100008711,0.069,2.929,0.5741710000871101,0.0
S00004,UPF,core-1,67,DONE,2.44123,2.4454,4.17522799989456,16.17522799989456,0.106,3.285,0.7842279998945596,6.0
S00001,vRAN-DU,edge-A,90,DONE,2.44142,2.44649,5.072923999932755,5.072923999932755,0.111,4.258,0.7039239999327549,0.0
S00004,UPF,core-1,68,DONE,2.4465,2.45001,3.515390999837109,15.51539099983711,0.072,2.904,0.5393909998371091,6.0
S00001,vRAN-DU,edge-A,91,DONE,2.44784,2.45264,4.799244999958319,4.799244999958319,0.071,4.031,0.6972449999583192,0.0
S00009,IoT-GW,edge-A,80,DONE,2.45002,2.45372,3.700273000049492,3.700273000049492,0.068,2.961,0.6712730000494922,0.0
S00009,IoT-GW,edge-A,81,DONE,2.45137,2.45498,3.6146509999070986,3.6146509999070986,2.001,1.225,0.3886509999070986,0.0
S00004,UPF,core-1,69,DONE,2.45373,2.45727,3.5433149998880253,15.543314999888025,0.09,2.962,0.4913149998880253,6.0
S00006,IMS-CSCF,core-1,77,DONE,2.45955,2.46257,3.0233909999424213,15.023390999942421,0.105,2.025,0.8933909999424214,6.0
S00006,IMS-CSCF,core-1,78,DONE,2.45965,2.46485,5.200313999921491,17.20031399992149,2.298,2.43,0.4723139999214907,6.0
S00005,IMS-CSCF,core-1,76,DONE,2.46492,2.46708,2.1597089998977026,12.159708999897703,0.042,1.631,0.4867089998977028,5.0
S00003,UPF,core-1,98,DONE,2.47037,2.47668,6.318620000001829,16.31862000000183,0.124,5.409,0.7856200000018294,5.0
S00004,UPF,core-1,70,DONE,2.47049,2.47686,6.371849000061047,18.371849000061047,0.375,5.077,0.9198490000610473,6.0
S00006,IMS-CSCF,core-1,79,DONE,2.47055,2.47515,4.598235999992539,16.59823599999254,0.438,3.533,0.6272359999925397,6.0
S00006,IMS-CSCF,core-1,80,DONE,2.47279,2.47785,5.067598000096041,17.06759800009604,0.059,2.698,2.3105980000960407,6.0
S00004,UPF,core-1,71,DONE,2.47642,2.47963,3.2078229999115138,15.207822999911514,0.056,2.399,0.7528229999115137,6.0
S00006,IMS-CSCF,core-1,81,DONE,2.48393,2.48785,3.9216959999066603,15.92169599990666,0.097,1.931,1.8936959999066603,6.0
S00007,Transcoder,core-1,50,DONE,2.48406,2.5124,28.33922599984362,38.33922599984362,0.164,27.453,0.7222259998436193,5.0
S00004,UPF,core-1,72,DONE,2.48538,2.49262,7.248424999943381,19.24842499994338,0.088,5.908,1.252424999943381,6.0
S00009,IoT-GW,edge-A,82,DONE,2.48547,2.4912,5.7301459999052895,5.7301459999052895,0.114,3.988,1.6281459999052896,0.0
S00004,UPF,core-1,73,DONE,2.48795,2.50181,13.853186000005735,25.853186000005735,3.554,9.474,0.8251860000057345,6.0
S00006,IMS-CSCF,core-1,82,DONE,2.48805,2.49645,8.404875999985961,20.40487599998596,0.069,7.502,0.8338759999859606,6.0
S00010,IoT-GW,edge-B,88,DONE,2.48933,2.49572,6.385770999941087,6.385770999941087,0.111,3.153,3.1217709999410874,0.0
S00001,vRAN-DU,edge-A,92,DONE,2.49121,2.49602,4.807423000102062,4.807423000102062,0.075,4.197,0.5354230001020621,0.0
S00003,UPF,core-1,99,DONE,2.49136,2.50111,9.745771000098102,19.745771000098102,0.106,8.617,1.0227710000981016,5.0
S00007,Transcoder,core-1,51,DONE,2.49263,2.51644,23.808279000149923,33.80827900014992,0.092,19.638,4.078279000149923,5.0
S00004,UPF,core-1,74,DONE,2.49572,2.51462,18.894058999876506,30.894058999876506,5.181,12.924,0.7890589998765059,6.0
S00009,IoT-GW,edge-A,83,DONE,2.49646,2.51137,14.913841999941724,14.913841999941724,3.032,9.735,2.1468419999417243,0.0
S00006,IMS-CSCF,core-1,83,DONE,2.49955,2.51404,14.497216999870943,26.497216999870943,0.897,12.413,1.1872169998709428,6.0
S00009,IoT-GW,edge-A,84,DONE,2.50409,2.51139,7.295497999848521,7.295497999848521,5.19,0.929,1.176497999848521,0.0
S00006,IMS-CSCF,core-1,84,DONE,2.51146,2.51643,4.970715000126802,16.970715000126802,1.668,1.944,1.3587150001268018,6.0
S00010,IoT-GW,edge-B,89,DONE,2.51241,2.5166,4.1877010000916925,4.1877010000916925,0.077,2.544,1.5667010000916926,0.0
S00002,vRAN-DU,edge-B,84,DONE,2.51985,2.5286,8.74410300002637,8.74410300002637,0.215,7.907,0.622103000026371,0.0
S00004,UPF,core-1,75,DONE,2.51999,2.52337,3.380926000090767,15.380926000090767,0.064,2.86,0.4569260000907671,6.0
S00006,IMS-CSCF,core-1,85,DONE,2.5225,2.52483,2.3307520000344084,14.330752000034408,0.063,1.802,0.4657520000344082,6.0
S00004,UPF,core-1,76,DONE,2.52257,2.52796,5.388364000054935,17.388364000054935,0.461,4.499,0.4283640000549349,6.0
S00009,IoT-GW,edge-A,85,DONE,2.52603,2.52816,2.1367099998315098,2.1367099998315098,0.107,1.511,0.5187099998315097,0.0
S00006,IMS-CSCF,core-1,86,DONE,2.52865,2.53133,2.6776239999435347,14.677623999943535,0.068,2.142,0.46762399994353476,6.0
S00006,IMS-CSCF,core-1,87,DONE,2.53354,2.53514,1.5978589999576798,13.59785899995768,0.056,1.189,0.35285899995767966,6.0
S00005,IMS-CSCF,core-1,77,DONE,2.54256,2.54656,4.007537000006778,14.007537000006778,0.497,2.628,0.8825370000067778,5.0
S00008,Transcoder,core-1,36,DONE,2.54274,2.55272,9.988281000005372,21.988281000005372,2.62,6.591,0.777281000005372,6.0
S00001,vRAN-DU,edge-A,93,DONE,2.54278,2.54653,3.748219000044628,3.748219000044628,0.087,3.099,0.5622190000446277,0.0
S00005,IMS-CSCF,core-1,78,DONE,2.54588,2.54877,2.8832230000261916,12.883223000026192,0.064,1.895,0.9242230000261915,5.0
S00002,vRAN-DU,edge-B,85,DONE,2.55217,2.56205,9.88290500004041,9.88290500004041,0.085,8.949,0.8489050000404088,0.0
S00002,vRAN-DU,edge-B,86,DONE,2.55241,2.56135,8.935730000075637,8.935730000075637,0.778,7.279,0.8787300000756364,0.0
S00009,IoT-GW,edge-A,86,DONE,2.55273,2.5567,3.9640170000438957,3.9640170000438957,0.121,3.228,0.6150170000438955,0.0
S00005,IMS-CSCF,core-1,79,DONE,2.56856,2.57339,4.83166899994103,14.83166899994103,0.113,3.995,0.7236689999410295,5.0
S00003,UPF,core-1,100,DONE,2.56875,2.57213,3.3766600001854385,13.376660000185439,0.457,2.181,0.7386600001854386,5.0
S00003,UPF,core-1,101,DONE,2.57214,2.57685,4.711635999910868,14.711635999910868,0.082,3.967,0.6626359999108682,5.0
S00001,vRAN-DU,edge-A,94,DONE,2.58014,2.58371,3.571478000139905,3.571478000139905,0.123,2.791,0.6574780001399048,0.0
S00008,Transcoder,core-1,37,DONE,2.5826,2.59576,13.157379999938712,25.157379999938712,0.422,11.819,0.9163799999387106,6.0
S00003,UPF,core-1,102,DONE,2.58271,2.58718,4.473335000056977,14.473335000056977,0.106,3.713,0.6543350000569772,5.0
S00009,IoT-GW,edge-A,87,DONE,2.58371,2.58864,4.925741000079142,4.925741000079142,0.04,4.472,0.41374100007914194,0.0
S00009,IoT-GW,edge-A,88,DONE,2.58707,2.59139,4.322358999843345,4.322358999843345,1.47,2.334,0.5183589998433455,0.0
S00002,vRAN-DU,edge-B,87,DONE,2.58987,2.59364,3.7714000000050873,3.7714000000050873,0.073,3.165,0.5334000000050874,0.0
S00003,UPF,core-1,103,DONE,2.59364,2.60264,8.996090999971784,18.996090999971784,0.367,6.015,2.6140909999717836,5.0
S00005,IMS-CSCF,core-1,80,DONE,2.5937,2.60205,8.353940000006332,18.353940000006332,0.786,2.147,5.420940000006333,5.0
S00004,UPF,core-1,77,DONE,2.5949,2.60367,8.765234999827953,20.765234999827953,2.944,4.667,1.1542349998279535,6.0
S00001,vRAN-DU,edge-A,95,DONE,2.59803,2.60135,3.3151599998291204,3.3151599998291204,0.118,2.621,0.5761599998291205,0.0
S00007,Transcoder,core-1,52,DONE,2.60136,2.61398,12.626930999886099,22.6269309998861,0.124,9.949,2.5539309998860986,5.0
S00006,IMS-CSCF,core-1,88,DONE,2.60265,2.60467,2.019877000066117,14.019877000066117,0.062,1.516,0.44187700006611697,6.0
S00008,Transcoder,core-1,38,DONE,2.60467,2.6248,20.131129999981567,32.13112999998157,0.097,19.436,0.5981299999815661,6.0
S00006,IMS-CSCF,core-1,89,DONE,2.60709,2.61181,4.722550999986197,16.722550999986197,0.083,3.811,0.8285509999861969,6.0
S00001,vRAN-DU,edge-A,96,DONE,2.60719,2.61654,9.352670999987822,9.352670999987822,0.074,7.462,1.8166709999878226,0.0
S00005,IMS-CSCF,core-1,81,DONE,2.61182,2.61692,5.098117999978058,15.098117999978058,0.073,4.562,0.46311799997805725,5.0
S00003,UPF,core-1,104,DONE,2.61655,2.62048,3.9304719998654036,13.930471999865404,0.094,2.057,1.7794719998654038,5.0
S00004,UPF,core-1,78,DONE,2.61662,2.62077,4.147638999938863,16.147638999938863,0.459,3.066,0.6226389999388631,6.0
S00009,IoT-GW,edge-A,89,DONE,2.62048,2.62202,1.5334289998918393,1.5334289998918393,0.073,1.038,0.42242899989183935,0.0
S00007,Transcoder,core-1,53,DONE,2.62904,2.64344,14.400862000002235,24.400862000002235,0.098,13.503,0.7998620000022338,5.0
S00004,UPF,core-1,79,DONE,2.63034,2.63515,4.809757999964859,16.80975799996486,0.104,2.148,2.5577579999648585,6.0
S00002,vRAN-DU,edge-B,88,DONE,2.63741,2.64087,3.4651470000426343,3.4651470000426343,0.079,2.693,0.6931470000426341,0.0
S00006,IMS-CSCF,core-1,90,DONE,2.64088,2.64346,2.5751359999048873,14.575135999904887,0.18,1.663,0.7321359999048871,6.0
S00004,UPF,core-1,80,DONE,2.6432,2.65281,9.602774000086356,21.602774000086356,0.113,5.43,4.059774000086357,6.0
S00006,IMS-CSCF,core-1,91,DONE,2.6433,2.65279,9.487938999882317,21.487938999882317,0.19,5.292,4.005938999882318,6.0
S00002,vRAN-DU,edge-B,89,DONE,2.64516,2.65281,7.656277000023692,7.656277000023692,0.073,3.97,3.613277000023692,0.0
S00008,Transcoder,core-1,39,DONE,2.648,2.6586,10.604127000078734,22.604127000078734,0.103,9.794,0.7071270000787333,6.0
S00010,IoT-GW,edge-B,90,DONE,2.6481,2.65282,4.7265979999338015,4.7265979999338015,0.072,1.337,3.3175979999338017,0.0
S00009,IoT-GW,edge-A,90,DONE,2.65283,2.65472,1.8896259998655296,1.8896259998655296,0.104,1.233,0.5526259998655294,0.0
S00007,Transcoder,core-1,54,DONE,2.65479,2.66282,8.025429000099393,18.025429000099393,0.075,6.196,1.7544290000993934,5.0
S00009,IoT-GW,edge-A,91,DONE,2.66283,2.6649,2.0777740000994527,2.0777740000994527,0.089,1.398,0.5907740000994528,0.0
S00007,Transcoder,core-1,55,DONE,2.66469,2.67181,7.12523000015608,17.12523000015608,0.074,6.335,0.71623000015608,5.0
S00006,IMS-CSCF,core-1,92,DONE,2.67125,2.67371,2.461221999965346,14.461221999965346,0.058,1.59,0.8132219999653463,6.0
S00006,IMS-CSCF,core-1,93,DONE,2.67495,2.67728,2.337398999998186,14.337398999998186,0.166,1.6,0.5713989999981859,6.0
S00006,IMS-CSCF,core-1,94,DONE,2.68303,2.68539,2.36117400004332,14.36117400004332,0.084,1.519,0.7581740000433201,6.0
S00002,vRAN-DU,edge-B,90,DONE,2.6854,2.68988,4.478311999946527,4.478311999946527,0.091,3.795,0.592311999946527,0.0
S00009,IoT-GW,edge-A,92,DONE,2.68775,2.69055,2.7997380000215344,2.7997380000215344,0.119,1.812,0.8687380000215346,0.0
S00002,vRAN-DU,edge-B,91,DONE,2.68994,2.69719,7.253322999986267,7.253322999986267,0.122,6.616,0.5153229999862674,0.0
S00002,vRAN-DU,edge-B,92,DONE,2.69278,2.70109,8.307114999979603,8.307114999979603,0.097,5.836,2.3741149999796036,0.0
S00005,IMS-CSCF,core-1,82,DONE,2.69403,2.69596,1.9277659998806485,11.927765999880648,0.079,1.344,0.5047659998806484,5.0
S00006,IMS-CSCF,core-1,95,DONE,2.70236,2.70413,1.7655110000305285,13.765511000030529,0.072,1.251,0.44251100003052857,6.0
S00006,IMS-CSCF,core-1,96,DONE,2.71655,2.72142,4.865690999849903,16.865690999849903,0.133,3.908,0.8246909998499032,6.0
S00010,IoT-GW,edge-B,91,DONE,2.71807,2.72054,2.468260000114242,2.468260000114242,0.119,1.53,0.819260000114242,0.0
S00004,UPF,core-1,81,DONE,2.72263,2.72531,2.680874999896332,14.680874999896332,0.059,2.111,0.5108749998963318,6.0
S00002,vRAN-DU,edge-B,93,DONE,2.72648,2.7314,4.914716000030239,4.914716000030239,0.074,4.266,0.5747160000302394,0.0
S00003,UPF,core-1,105,DONE,2.74273,2.7467,3.9688030001343577,13.968803000134358,0.147,2.892,0.929803000134358,5.0
S00006,IMS-CSCF,core-1,97,DONE,2.74671,2.74977,3.0658109999421868,15.065810999942187,0.078,2.363,0.6248109999421869,6.0
S00005,IMS-CSCF,core-1,83,DONE,2.75614,2.75915,3.0158189999838214,13.015818999983821,0.189,1.764,1.0628189999838213,5.0
S00003,UPF,core-1,106,DONE,2.75878,2.7624,3.6128880001342623,13.612888000134262,0.044,2.556,1.0128880001342622,5.0
S00009,IoT-GW,edge-A,93,DONE,2.7616,2.76402,2.421959000002971,2.421959000002971,0.112,1.634,0.6759590000029712,0.0
S00005,IMS-CSCF,core-1,84,DONE,2.76524,2.76945,4.207701000041197,14.207701000041197,0.089,3.553,0.565701000041197,5.0
S00006,IMS-CSCF,core-1,98,DONE,2.76946,2.77193,2.4760030000834377,14.476003000083438,0.051,1.899,0.5260030000834375,6.0
S00002,vRAN-DU,edge-B,94,DONE,2.7717,2.7756,3.896713999893109,3.896713999893109,0.246,2.918,0.7327139998931087,0.0
S00006,IMS-CSCF,core-1,99,DONE,2.77428,2.77668,2.4021560000164754,14.402156000016475,0.101,1.537,0.7641560000164755,6.0
S00002,vRAN-DU,edge-B,95,DONE,2.77788,2.7814,3.519729999879928,3.519729999879928,0.067,2.795,0.657729999879928,0.0
S00003,UPF,core-1,107,DONE,2.7812,2.78588,4.68107599999712,14.68107599999712,0.1,4.062,0.5190759999971197,5.0
S00010,IoT-GW,edge-B,92,DONE,2.78467,2.78643,1.7607780000616913,1.7607780000616913,0.072,1.18,0.5087780000616913,0.0
S00010,IoT-GW,edge-B,93,DONE,2.78589,2.78756,1.6687929999079643,1.6687929999079643,0.046,0.953,0.6697929999079643,0.0
S00010,IoT-GW,edge-B,94,DONE,2.78978,2.7916,1.816224000094735,1.816224000094735,0.05,1.299,0.46722400009473497,0.0
S00005,IMS-CSCF,core-1,85,DONE,2.79993,2.80192,1.9923160000416829,11.992316000041683,0.092,1.359,0.5413160000416828,5.0
S00010,IoT-GW,edge-B,95,DONE,2.80008,2.80187,1.7984960002195294,1.7984960002195294,0.079,1.153,0.5664960002195294,0.0
S00010,IoT-GW,edge-B,96,DONE,2.80312,2.80463,1.5104519998203614,1.5104519998203614,0.052,1.029,0.4294519998203614,0.0
S00004,UPF,core-1,82,DONE,2.81202,2.81718,5.160841999895638,17.160841999895638,0.131,3.888,1.1418419998956377,6.0
S00004,UPF,core-1,83,DONE,2.81359,2.82784,14.249915999926088,26.24991599992609,2.962,10.246,1.041915999926088,6.0
S00009,IoT-GW,edge-A,94,DONE,2.81495,2.821,6.052038000007087,6.052038000007087,0.168,4.973,0.9110380000070872,0.0
S00002,vRAN-DU,edge-B,96,DONE,2.8173,2.82337,6.070189999945796,6.070189999945796,0.137,5.117,0.816189999945796,0.0
S00009,IoT-GW,edge-A,95,DONE,2.82101,2.82782,6.813081000018428,6.813081000018428,0.108,5.046,1.6590810000184284,0.0
S00008,Transcoder,core-1,40,DONE,2.8211,2.86041,39.3055940000977,51.3055940000977,0.196,35.652,3.4575940000977,6.0
S00008,Transcoder,core-1,41,DONE,2.82117,2.84132,20.150427999851672,32.15042799985167,0.258,18.144,1.7484279998516747,6.0
S00002,vRAN-DU,edge-B,97,DONE,2.82127,2.83593,14.663747999975385,14.663747999975385,0.125,13.025,1.5137479999753847,0.0
S00003,UPF,core-1,108,DONE,2.82142,2.84131,19.889403999968636,29.889403999968636,0.284,18.068,1.5374039999686353,5.0
S00010,IoT-GW,edge-B,97,DONE,2.82276,2.82586,3.1001829997876484,3.1001829997876484,0.086,2.12,0.8941829997876485,0.0
S00009,IoT-GW,edge-A,96,DONE,2.83011,2.84045,10.337104999962321,10.337104999962321,0.111,5.707,4.5191049999623205,0.0
S00002,vRAN-DU,edge-B,98,DONE,2.83559,2.84341,7.812990000047648,7.812990000047648,0.043,7.219,0.5509900000476478,0.0
S00009,IoT-GW,edge-A,97,DONE,2.83573,2.84046,4.725539999981265,4.725539999981265,0.051,0.819,3.855539999981265,0.0
S00007,Transcoder,core-1,56,DONE,2.836,2.85396,17.95966800000315,27.95966800000315,0.093,9.82,8.046668000003148,5.0
S00007,Transcoder,core-1,57,DONE,2.8467,2.87111,24.407184999972742,34.40718499997274,0.216,23.466,0.7251849999727398,5.0
S00008,Transcoder,core-1,42,DONE,2.84684,2.85716,10.32572600001913,22.32572600001913,0.281,8.991,1.0537260000191306,6.0
S00005,IMS-CSCF,core-1,86,DONE,2.85016,2.86169,11.52493500012497,21.52493500012497,5.712,4.259,1.5539350001249694,5.0
S00004,UPF,core-1,84,DONE,2.85034,2.86042,10.086869999895498,22.086869999895498,0.073,6.818,3.195869999895498,6.0
S00005,IMS-CSCF,core-1,87,DONE,2.85397,2.86497,10.998743000072864,20.998743000072864,4.555,3.255,3.188743000072864,5.0
S00010,IoT-GW,edge-B,98,DONE,2.85407,2.85715,3.080994000129067,3.080994000129067,0.083,0.869,2.128994000129067,0.0
S00001,vRAN-DU,edge-A,97,DONE,2.85717,2.86441,7.238316999973904,7.238316999973904,0.082,6.517,0.6393169999739037,0.0
S00006,IMS-CSCF,core-1,100,DONE,2.85734,2.86167,4.329373000018677,16.329373000018677,0.15,2.631,1.5483730000186768,6.0
S00001,vRAN-DU,edge-A,98,DONE,2.86054,2.86496,4.418998999881296,4.418998999881296,0.068,3.656,0.6949989998812964,0.0
S00005,IMS-CSCF,core-1,88,DONE,2.86497,2.8688,3.8221790000534384,13.822179000053438,0.131,3.267,0.4241790000534382,5.0
S00001,vRAN-DU,edge-A,99,DONE,2.87851,2.88609,7.583255000099598,7.583255000099598,0.085,6.606,0.8922550000995981,0.0
S00010,IoT-GW,edge-B,99,DONE,2.87867,2.89026,11.586863000047742,11.586863000047742,0.435,9.049,2.1028630000477424,0.0
S00007,Transcoder,core-1,58,DONE,2.87875,2.88731,8.55869699989853,18.55869699989853,0.101,7.911,0.5466969998985292,5.0
S00002,vRAN-DU,edge-B,99,DONE,2.88006,2.89,9.940440000036688,9.940440000036688,0.125,8.772,1.0434400000366875,0.0
S00006,IMS-CSCF,core-1,101,DONE,2.8861,2.88835,2.252154999951017,14.252154999951017,0.1,1.451,0.7011549999510169,6.0
S00008,Transcoder,core-1,43,DONE,2.89253,2.91098,18.45198299997719,30.45198299997719,0.116,17.668,0.6679829999771911,6.0
S00004,UPF,core-1,85,DONE,2.89264,2.89812,5.487104999929215,17.487104999929215,0.492,4.431,0.5641049999292154,6.0
S00006,IMS-CSCF,core-1,102,DONE,2.89641,2.89966,3.2577240001501195,15.25772400015012,0.102,2.272,0.8837240001501199,6.0
S00002,vRAN-DU,edge-B,100,DONE,2.89655,2.90301,6.460436999986996,6.460436999986996,0.108,5.11,1.242436999986996,0.0
S00004,UPF,core-1,86,DONE,2.89938,2.90812,8.74195200003669,20.74195200003669,0.075,7.555,1.1119520000366911,6.0
S00007,Transcoder,core-1,59,DONE,2.90727,2.91732,10.042615999964255,20.042615999964255,0.079,9.172,0.7916159999642538,5.0
S00001,vRAN-DU,edge-A,100,DONE,2.91332,2.91795,4.628694000075484,4.628694000075484,0.123,3.712,0.7936940000754835,0.0
S00009,IoT-GW,edge-A,98,DONE,2.91568,2.91872,3.036279000070863,3.036279000070863,0.092,2.318,0.6262790000708627,0.0
S00001,vRAN-DU,edge-A,101,DONE,2.91872,2.93234,13.620237999930396,13.620237999930396,0.102,12.797,0.7212379999303948,0.0
S00004,UPF,core-1,87,DONE,2.9189,2.92441,5.510379000043031,17.51037900004303,0.095,4.938,0.47737900004303135,6.0
S00002,vRAN-DU,edge-B,101,DONE,2.9198,2.92437,4.5744740000372985,4.5744740000372985,0.087,2.374,2.1134740000372987,0.0
S00004,UPF,core-1,88,DONE,2.91988,2.9328,12.9155570000421,24.9155570000421,4.388,8.005,0.5225570000420987,6.0
S00003,UPF,core-1,109,DONE,2.92659,2.93272,6.125936999978876,16.125936999978876,0.049,5.644,0.43293699997887547,5.0
S00006,IMS-CSCF,core-1,103,DONE,2.92687,2.93279,5.917211999985739,17.91721199998574,0.08,5.171,0.6662119999857383,6.0
S00007,Transcoder,core-1,60,DONE,2.92811,2.94053,12.42095599991444,22.42095599991444,0.05,11.897,0.4739559999144394,5.0
S00007,Transcoder,core-1,61,DONE,2.92816,2.94548,17.31316800010063,27.31316800010063,4.281,12.662,0.370168000100632,5.0
S00004,UPF,core-1,89,DONE,2.93505,2.93773,2.6783270000123593,14.67832700001236,0.087,1.999,0.592327000012359,6.0
S00010,IoT-GW,edge-B,100,DONE,2.93643,2.93861,2.173706000121456,2.173706000121456,0.081,0.802,1.2907060001214559,0.0
S00006,IMS-CSCF,core-1,104,DONE,2.95075,2.95279,2.0426270000371005,14.0426270000371,0.073,1.426,0.5436270000371006,6.0
S00004,UPF,core-1,90,DONE,2.95702,2.96238,5.361406000019997,17.361406000019997,0.088,3.248,2.0254060000199967,6.0
S00005,IMS-CSCF,core-1,89,DONE,2.95714,2.96237,5.229531000168208,15.229531000168208,0.13,2.478,2.621531000168208,5.0
S00001,vRAN-DU,edge-A,102,DONE,2.95836,2.96278,4.420384000013655,4.420384000013655,0.078,3.902,0.44038400001365474,0.0
S00005,IMS-CSCF,core-1,90,DONE,2.96238,2.96397,1.5881130000252597,11.58811300002526,0.058,1.142,0.3881130000252597,5.0
S00008,Transcoder,core-1,44,DONE,2.97434,2.98116,6.815187999791306,18.815187999791306,0.083,6.032,0.7001879997913054,6.0
S00010,IoT-GW,edge-B,101,DONE,2.9764,2.97791,1.5139659999476862,1.5139659999476862,0.087,0.866,0.5609659999476863,0.0
S00005,IMS-CSCF,core-1,91,DONE,2.98237,2.9844,2.027410999971835,12.027410999971835,0.067,1.4,0.560410999971835,5.0
S00002,vRAN-DU,edge-B,102,DONE,2.98967,2.99317,3.50264500002595,3.50264500002595,0.102,2.889,0.5116450000259505,0.0
S00004,UPF,core-1,91,DONE,2.993,2.99742,4.419499000050564,16.419499000050564,0.081,3.347,0.9914990000505637,6.0
S00010,IoT-GW,edge-B,102,DONE,2.99441,2.99745,3.0401720000554633,3.0401720000554633,0.071,1.494,1.4751720000554631,0.0
S00001,vRAN-DU,edge-A,103,DONE,2.9945,2.99902,4.514139999855615,4.514139999855615,0.084,3.828,0.6021399998556158,0.0
S00010,IoT-GW,edge-B,103,DONE,2.99902,3.00077,1.751518999981272,1.751518999981272,0.111,1.101,0.539518999981272,0.0
S00010,IoT-GW,edge-B,104,DONE,3.003,3.00506,2.058916999885696,2.058916999885696,0.063,1.021,0.9749169998856961,0.0
S00004,UPF,core-1,92,DONE,3.00438,3.00831,3.9302029999817023,15.930202999981702,0.115,2.177,1.638202999981702,6.0
S00009,IoT-GW,edge-A,99,DONE,3.00631,3.01256,6.249205999893093,6.249205999893093,0.08,2.767,3.4022059998930927,0.0
S00001,vRAN-DU,edge-A,104,DONE,3.00758,3.01432,6.737466999993558,6.737466999993558,0.073,6.091,0.5734669999935571,0.0
S00010,IoT-GW,edge-B,105,DONE,3.00767,3.01257,4.903935000129422,4.903935000129422,0.121,2.015,2.767935000129422,0.0
S00010,IoT-GW,edge-B,106,DONE,3.01258,3.0154,2.8181710001717875,2.8181710001717875,0.118,2.214,0.4861710001717876,0.0
S00006,IMS-CSCF,core-1,105,DONE,3.01271,3.01553,2.819081999859918,14.819081999859918,0.083,1.489,1.2470819998599179,6.0
S00009,IoT-GW,edge-A,100,DONE,3.01772,3.0192,1.473599000064496,1.473599000064496,0.064,1.005,0.4045990000644961,0.0
S00007,Transcoder,core-1,62,DONE,3.01896,3.02589,6.925199000079374,16.925199000079374,0.068,6.138,0.7191990000793744,5.0
S00006,IMS-CSCF,core-1,106,DONE,3.02033,3.02184,1.5041880001263053,13.504188000126305,0.057,1.094,0.35318800012630525,6.0
S00006,IMS-CSCF,core-1,107,DONE,3.0259,3.02761,1.7110399999182846,13.711039999918285,0.051,1.284,0.37603999991828463,6.0
S00001,vRAN-DU,edge-A,105,DONE,3.03089,3.03457,3.6800249999942025,3.6800249999942025,0.189,2.909,0.5820249999942027,0.0
S00004,UPF,core-1,93,DONE,3.0419,3.04495,3.055534000168336,15.055534000168336,0.101,2.283,0.6715340001683363,6.0
S00006,IMS-CSCF,core-1,108,DONE,3.06449,3.06688,2.3882109999249224,14.388210999924922,0.092,1.701,0.5952109999249222,6.0
S00001,vRAN-DU,edge-A,106,DONE,3.06464,3.06903,4.384837000088737,4.384837000088737,0.086,3.73,0.5688370000887368,0.0
S00006,IMS-CSCF,core-1,109,DONE,3.06903,3.07136,2.3285709999072424,14.328570999907242,0.07,1.668,0.5905709999072426,6.0
S00004,UPF,core-1,94,DONE,3.07037,3.07305,2.6832339999600663,14.683233999960066,0.074,1.91,0.6992339999600665,6.0
S00004,UPF,core-1,95,DONE,3.07254,3.07496,2.4176629999601573,14.417662999960157,0.042,1.968,0.40766299996015753,6.0
S00005,IMS-CSCF,core-1,92,DONE,3.08736,3.09024,2.8869489999578946,12.886948999957895,0.093,2.121,0.6729489999578946,5.0
S00010,IoT-GW,edge-B,107,DONE,3.08973,3.09185,2.1200129999670025,2.1200129999670025,0.208,1.153,0.7590129999670026,0.0
S00008,Transcoder,core-1,45,DONE,3.09145,3.09758,6.134068000164916,18.134068000164916,0.061,5.755,0.3180680001649163,6.0
S00004,UPF,core-1,96,DONE,3.09305,3.09544,2.3932669998885103,14.39326699988851,0.055,1.827,0.5112669998885102,6.0
S00010,IoT-GW,edge-B,108,DONE,3.09545,3.09745,1.9985150001957663,1.9985150001957663,0.065,1.163,0.7705150001957664,0.0
S00002,vRAN-DU,edge-B,103,DONE,3.0967,3.09996,3.2592999998541927,3.2592999998541927,0.04,2.78,0.4392999998541929,0.0
S00002,vRAN-DU,edge-B,104,DONE,3.0998,3.10272,2.9223619999356742,2.9223619999356742,0.044,2.496,0.3823619999356742,0.0
S00006,IMS-CSCF,core-1,110,DONE,3.10214,3.10401,1.8688810000639933,13.868881000063993,0.066,1.472,0.33088100006399324,6.0
S00001,vRAN-DU,edge-A,107,DONE,3.10249,3.10637,3.8784770001711877,3.8784770001711877,0.105,3.091,0.6824770001711875,0.0
S00004,UPF,core-1,97,DONE,3.10259,3.10598,3.395020999960252,15.395020999960252,0.052,2.491,0.8520209999602519,6.0
S00002,vRAN-DU,edge-B,105,DONE,3.10759,3.11169,4.101751000007425,4.101751000007425,0.075,3.66,0.366751000007425,0.0
S00002,vRAN-DU,edge-B,106,DONE,3.10768,3.1113,3.614606999917669,3.614606999917669,0.137,3.065,0.4126069999176689,0.0
S00001,vRAN-DU,edge-A,108,DONE,3.11047,3.11529,4.821537999987413,4.821537999987413,0.085,4.293,0.44353799998741295,0.0
S00001,vRAN-DU,edge-A,109,DONE,3.11056,3.11456,4.002184999990277,4.002184999990277,0.157,3.376,0.4691849999902771,0.0
S00009,IoT-GW,edge-A,101,DONE,3.1113,3.11677,5.471477000128289,5.471477000128289,2.833,1.458,1.1804770001282885,0.0
S00009,IoT-GW,edge-A,102,DONE,3.11388,3.11746,3.5791370000879397,3.5791370000879397,1.595,0.871,1.1131370000879397,0.0
S00005,IMS-CSCF,core-1,93,DONE,3.11394,3.11588,1.9354749999820342,11.935474999982034,0.125,1.442,0.36847499998203426,5.0
S00002,vRAN-DU,edge-B,107,DONE,3.11689,3.12144,4.54540900000211,4.54540900000211,0.185,3.311,1.0494090000021101,0.0
S00010,IoT-GW,edge-B,109,DONE,3.12144,3.12359,2.1431489999486075,2.1431489999486075,0.052,1.559,0.5321489999486075,0.0
S00005,IMS-CSCF,core-1,94,DONE,3.12478,3.12738,2.5983650000398484,12.598365000039848,0.095,1.467,1.036365000039848,5.0
S00005,IMS-CSCF,core-1,95,DONE,3.12603,3.12893,2.8985569999804284,12.898556999980428,1.053,1.398,0.4475569999804285,5.0
S00009,IoT-GW,edge-A,103,DONE,3.13215,3.134,1.846311000008427,1.846311000008427,0.088,1.155,0.603311000008427,0.0
S00009,IoT-GW,edge-A,104,DONE,3.13353,3.13668,3.1457489999411337,3.1457489999411337,0.108,0.838,2.1997489999411335,0.0
S00005,IMS-CSCF,core-1,96,DONE,3.134,3.13667,2.6646750000054453,12.664675000005445,0.077,1.306,1.2816750000054453,5.0
S00001,vRAN-DU,edge-A,110,DONE,3.13668,3.13993,3.2516320000013366,3.2516320000013366,0.063,2.8,0.3886320000013366,0.0
S00009,IoT-GW,edge-A,105,DONE,3.13673,3.13815,1.4187330000368092,1.4187330000368092,0.121,0.995,0.30273300003680925,0.0
S00003,UPF,core-1,110,DONE,3.14628,3.14965,3.3686730000681564,13.368673000068156,0.093,2.45,0.8256730000681562,5.0
S00004,UPF,core-1,98,DONE,3.14966,3.15275,3.0933120001463976,15.093312000146398,0.061,2.543,0.48931200014639753,6.0
S00009,IoT-GW,edge-A,106,DONE,3.16313,3.16517,2.035708999983399,2.035708999983399,0.09,1.265,0.6807089999833988,0.0
S00009,IoT-GW,edge-A,107,DONE,3.16946,3.17161,2.1512089999760065,2.1512089999760065,0.078,1.424,0.6492089999760067,0.0
S00010,IoT-GW,edge-B,110,DONE,3.17489,3.17703,2.139318999979878,2.139318999979878,0.101,1.483,0.5553189999798778,0.0
S00003,UPF,core-1,111,DONE,3.17929,3.18367,4.3772160001935845,14.377216000193584,0.087,3.688,0.6022160001935846,5.0
S00010,IoT-GW,edge-B,111,DONE,3.19804,3.20231,4.272033000006559,4.272033000006559,0.378,1.203,2.6910330000065583,0.0
S00007,Transcoder,core-1,63,DONE,3.20149,3.20943,7.932458999903247,17.932458999903247,0.1,6.975,0.8574589999032476,5.0
S00006,IMS-CSCF,core-1,111,DONE,3.20161,3.20683,5.213720000028843,17.213720000028843,0.171,4.384,0.6587200000288425,6.0
S00001,vRAN-DU,edge-A,111,DONE,3.20166,3.20706,5.402623999998468,5.402623999998468,0.083,4.389,0.9306239999984678,0.0
S00009,IoT-GW,edge-A,108,DONE,3.20954,3.21164,2.1059929999864835,2.1059929999864835,0.075,1.538,0.49299299998648327,0.0
S00007,Transcoder,core-1,64,DONE,3.21087,3.22004,9.166123000113657,19.166123000113657,0.085,8.107,0.9741230001136572,5.0
S00007,Transcoder,core-1,65,DONE,3.21605,3.24505,29.00500999999167,39.00500999999167,0.118,27.808,1.0790099999916727,5.0
S00007,Transcoder,core-1,66,DONE,3.21629,3.23748,21.190842000123666,31.190842000123666,2.826,17.315,1.0498420001236646,5.0
S00009,IoT-GW,edge-A,109,DONE,3.21757,3.22857,11.001253999893379,11.001253999893379,0.077,7.139,3.7852539998933787,0.0
S00002,vRAN-DU,edge-B,108,DONE,3.21765,3.22461,6.959690000030605,6.959690000030605,0.124,3.542,3.2936900000306055,0.0
S00003,UPF,core-1,112,DONE,3.22462,3.23795,13.332208999827344,23.332208999827344,0.124,9.033,4.175208999827344,5.0
S00009,IoT-GW,edge-A,110,DONE,3.22474,3.23234,7.602610000049026,7.602610000049026,0.072,6.433,1.097610000049026,0.0
S00007,Transcoder,core-1,67,DONE,3.22858,3.2496,21.02482399982364,31.02482399982364,8.621,11.835,0.5688239998236373,5.0
S00006,IMS-CSCF,core-1,112,DONE,3.22868,3.23711,8.429818999957206,20.429818999957206,0.068,7.811,0.5508189999572064,6.0
S00003,UPF,core-1,113,DONE,3.23038,3.24779,17.40472200003751,27.40472200003751,7.092,9.215,1.0977220000375105,5.0
S00004,UPF,core-1,99,DONE,3.23659,3.24633,9.739129000081448,21.739129000081448,0.157,7.579,2.003129000081448,6.0
S00009,IoT-GW,edge-A,111,DONE,3.23674,3.24628,9.542697999904703,9.542697999904703,0.108,6.278,3.1566979999047033,0.0
S00002,vRAN-DU,edge-B,109,DONE,3.23749,3.24633,8.844614000054207,8.844614000054207,0.088,8.008,0.748614000054209,0.0
S00010,IoT-GW,edge-B,112,DONE,3.24506,3.24872,3.6581739998382545,3.6581739998382545,0.058,2.441,1.1591739998382549,0.0
S00009,IoT-GW,edge-A,112,DONE,3.24513,3.24779,2.6677270000163844,2.6677270000163844,0.08,1.918,0.6697270000163844,0.0
S00004,UPF,core-1,100,DONE,3.2478,3.25193,4.129136000074141,16.12913600007414,0.081,3.58,0.46813600007414014,6.0
S00002,vRAN-DU,edge-B,110,DONE,3.25632,3.25977,3.4459549999610317,3.4459549999610317,0.08,2.82,0.5459549999610318,0.0
S00003,UPF,core-1,114,DONE,3.25651,3.25908,2.5656780001099833,12.565678000109983,0.082,1.998,0.4856780001099834,5.0
S00001,vRAN-DU,edge-A,112,DONE,3.26607,3.27382,7.752563999929407,7.752563999929407,0.086,7.018,0.648563999929407,0.0
S00005,IMS-CSCF,core-1,97,DONE,3.26629,3.26838,2.0870470000318164,12.087047000031816,0.09,1.322,0.6750470000318163,5.0
S00003,UPF,core-1,115,DONE,3.26838,3.27264,4.259322999814685,14.259322999814685,0.055,2.06,2.1443229998146855,5.0
S00001,vRAN-DU,edge-A,113,DONE,3.27031,3.27361,3.2981300000756164,3.2981300000756164,0.071,2.708,0.519130000075616,0.0
S00004,UPF,core-1,101,DONE,3.2704,3.2729,2.5010570000176813,14.501057000017681,0.043,1.92,0.5380570000176812,6.0
S00006,IMS-CSCF,core-1,113,DONE,3.27706,3.27928,2.222234999862849,14.222234999862849,0.073,1.537,0.6122349998628489,6.0
S00005,IMS-CSCF,core-1,98,DONE,3.27935,3.28152,2.170085999978255,12.170085999978255,0.059,1.595,0.516085999978255,5.0
S00003,UPF,core-1,116,DONE,3.28293,3.28704,4.106402000161324,14.106402000161324,0.119,2.221,1.7664020001613245,5.0
S00007,Transcoder,core-1,68,DONE,3.28437,3.29697,12.604165000084322,22.604165000084322,0.074,11.909,0.6211650000843214,5.0
S00004,UPF,core-1,102,DONE,3.28447,3.28831,3.8443549999556126,15.844354999955613,0.202,3.149,0.4933549999556126,6.0
S00007,Transcoder,core-1,69,DONE,3.28705,3.29766,10.61153299997386,20.61153299997386,0.122,9.821,0.668532999973861,5.0
S00005,IMS-CSCF,core-1,99,DONE,3.29253,3.2948,2.2706739998739067,12.270673999873907,0.076,1.511,0.6836739998739068,5.0
S00003,UPF,core-1,117,DONE,3.29415,3.29745,3.3058100000289414,13.305810000028941,0.043,2.509,0.7538100000289414,5.0
S00002,vRAN-DU,edge-B,111,DONE,3.29746,3.30135,3.886029999875973,3.886029999875973,0.076,3.126,0.6840299998759729,0.0
S00008,Transcoder,core-1,46,DONE,3.30767,3.31674,9.063955999863538,21.063955999863538,0.168,8.244,0.6519559998635387,6.0
S00005,IMS-CSCF,core-1,100,DONE,3.31417,3.32102,6.847686999890357,16.847686999890357,0.163,3.933,2.7516869998903566,5.0
S00001,vRAN-DU,edge-A,114,DONE,3.31648,3.32101,4.528884000137623,4.528884000137623,0.119,3.477,0.9328840001376233,0.0
S00002,vRAN-DU,edge-B,112,DONE,3.3166,3.32099,4.396128999815119,4.396128999815119,0.08,2.837,1.4791289998151185,0.0
S00010,IoT-GW,edge-B,113,DONE,3.32229,3.3249,2.605909000067186,2.605909000067186,0.074,1.677,0.854909000067186,0.0
S00004,UPF,core-1,103,DONE,3.32241,3.32495,2.5367160001223965,14.536716000122397,0.07,2.035,0.4317160001223965,6.0
S00003,UPF,core-1,118,DONE,3.32275,3.32633,3.5768250002092827,13.576825000209283,0.057,2.442,1.0778250002092826,5.0
S00009,IoT-GW,edge-A,113,DONE,3.3327,3.33482,2.114975000040431,2.114975000040431,0.189,1.228,0.697975000040431,0.0
S00010,IoT-GW,edge-B,114,DONE,3.33604,3.33795,1.9083399999999529,1.9083399999999529,0.103,1.058,0.7473399999999528,0.0
S00006,IMS-CSCF,core-1,114,DONE,3.33736,3.33966,2.293135000172697,14.293135000172697,0.088,1.8,0.40513500017269677,6.0
S00003,UPF,core-1,119,DONE,3.33778,3.34415,6.364946999838139,16.36494699983814,0.089,5.291,0.9849469998381384,5.0
S00008,Transcoder,core-1,47,DONE,3.33796,3.35282,14.86022599988246,26.86022599988246,0.117,13.673,1.0702259998824584,6.0
S00008,Transcoder,core-1,48,DONE,3.33799,3.34733,9.331179000128031,21.33117900012803,0.128,8.375,0.8281790001280314,6.0
S00010,IoT-GW,edge-B,115,DONE,3.34185,3.34748,5.622197999855416,5.622197999855416,0.076,3.153,2.3931979998554165,0.0
S00005,IMS-CSCF,core-1,101,DONE,3.34415,3.35253,8.376537999993161,18.37653799999316,0.09,5.944,2.3425379999931613,5.0
S00004,UPF,core-1,104,DONE,3.34733,3.35371,6.381889000067531,18.38188900006753,0.135,5.309,0.9378890000675311,6.0
S00009,IoT-GW,edge-A,114,DONE,3.3474,3.35343,6.0241559999667516,6.0241559999667516,0.079,5.532,0.4131559999667518,0.0
S00009,IoT-GW,edge-A,115,DONE,3.35167,3.36098,9.310699000025124,9.310699000025124,6.933,1.582,0.7956990000251245,0.0
S00006,IMS-CSCF,core-1,115,DONE,3.35176,3.35465,2.8913409998949646,14.891340999894965,0.295,1.329,1.2673409998949647,6.0
S00002,vRAN-DU,edge-B,113,DONE,3.35254,3.36097,8.430987999872741,8.430987999872741,0.079,7.544,0.8079879998727408,0.0
S00002,vRAN-DU,edge-B,114,DONE,3.35585,3.36168,5.822544000011476,5.822544000011476,0.113,4.906,0.8035440000114757,0.0
S00001,vRAN-DU,edge-A,115,DONE,3.36098,3.36525,4.268323000133023,4.268323000133023,0.126,3.49,0.6523230001330225,0.0
S00009,IoT-GW,edge-A,116,DONE,3.36109,3.36608,4.987147000065306,4.987147000065306,2.99,1.344,0.6531470000653059,0.0
S00006,IMS-CSCF,core-1,116,DONE,3.36608,3.36876,2.679070999874966,14.679070999874966,0.097,1.761,0.8210709998749663,6.0
S00009,IoT-GW,edge-A,117,DONE,3.3674,3.36877,1.3734980000208452,1.3734980000208452,0.053,0.835,0.4854980000208453,0.0
S00003,UPF,core-1,120,DONE,3.37099,3.3739,2.909869999939474,12.909869999939474,0.077,2.31,0.5228699999394739,5.0
S00008,Transcoder,core-1,49,DONE,3.38031,3.38733,7.0214099998793245,19.021409999879324,0.085,6.256,0.6804099998793243,6.0
S00004,UPF,core-1,105,DONE,3.38166,3.38413,2.4758790000305453,14.475879000030545,0.057,1.919,0.4998790000305453,6.0
S00006,IMS-CSCF,core-1,117,DONE,3.38414,3.38582,1.6830440001740499,13.68304400017405,0.053,1.191,0.4390440001740499,6.0
S00006,IMS-CSCF,core-1,118,DONE,3.39163,3.39392,2.290359999960856,14.290359999960856,0.071,1.704,0.5153599999608558,6.0
S00009,IoT-GW,edge-A,118,DONE,3.40453,3.40961,5.078588000060336,5.078588000060336,0.089,3.883,1.1065880000603352,0.0
S00002,vRAN-DU,edge-B,115,DONE,3.40476,3.4086,3.843773999960831,3.843773999960831,0.083,3.235,0.5257739999608311,0.0
S00004,UPF,core-1,106,DONE,3.40533,3.40793,2.5968659999762167,14.596865999976217,0.092,2.004,0.5008659999762166,6.0
S00010,IoT-GW,edge-B,116,DONE,3.40861,3.40978,1.1747720000130357,1.1747720000130357,0.052,0.823,0.2997720000130357,0.0
S00004,UPF,core-1,107,DONE,3.41099,3.41382,2.831409000009444,14.831409000009444,0.073,2.19,0.5684090000094439,6.0
S00002,vRAN-DU,edge-B,116,DONE,3.41107,3.4146,3.528537000192955,3.528537000192955,0.05,3.013,0.4655370001929553,0.0
S00002,vRAN-DU,edge-B,117,DONE,3.41382,3.42,6.176611000000776,6.176611000000776,0.184,3.844,2.1486110000007757,0.0
S00002,vRAN-DU,edge-B,118,DONE,3.41391,3.42253,8.620579000080397,8.620579000080397,0.373,7.645,0.6025790000803983,0.0
S00001,vRAN-DU,edge-A,116,DONE,3.41725,3.42078,3.534680999791817,3.534680999791817,0.08,3.041,0.41368099979181716,0.0
S00006,IMS-CSCF,core-1,119,DONE,3.41767,3.42001,2.3402860001624504,14.34028600016245,0.137,1.57,0.6332860001624503,6.0
S00003,UPF,core-1,121,DONE,3.41779,3.42161,3.8218279999000515,13.821827999900052,0.04,3.27,0.5118279999000515,5.0
S00006,IMS-CSCF,core-1,120,DONE,3.42372,3.42575,2.020524000045043,14.020524000045043,0.06,1.514,0.446524000045043,6.0
S00008,Transcoder,core-1,50,DONE,3.42575,3.43259,6.84355799990044,18.84355799990044,0.05,6.149,0.6445579999004405,6.0
S00005,IMS-CSCF,core-1,102,DONE,3.42703,3.42863,1.5971239999998943,11.597123999999894,0.099,1.138,0.3601239999998944,5.0
S00004,UPF,core-1,108,DONE,3.4326,3.43599,3.3862450000015087,15.386245000001509,0.075,2.165,1.1462450000015085,6.0
S00001,vRAN-DU,edge-A,117,DONE,3.435,3.43925,4.2410010000821785,4.2410010000821785,0.092,3.207,0.942001000082179,0.0
S00008,Transcoder,core-1,51,DONE,3.43509,3.44506,9.978133999993588,21.978133999993588,0.045,9.131,0.8021339999935879,6.0
S00001,vRAN-DU,edge-A,118,DONE,3.44147,3.44506,3.582982000125412,3.582982000125412,0.055,2.631,0.8969820001254121,0.0
S00004,UPF,core-1,109,DONE,3.44416,3.44784,3.674825999951281,15.674825999951281,0.062,2.791,0.8218259999512814,6.0
S00006,IMS-CSCF,core-1,121,DONE,3.44431,3.44736,3.043372000092859,15.043372000092859,0.238,2.22,0.5853720000928586,6.0
S00001,vRAN-DU,edge-A,119,DONE,3.44784,3.45158,3.7319919999845297,3.7319919999845297,0.193,2.943,0.5959919999845296,0.0
S00003,UPF,core-1,122,DONE,3.45284,3.45559,2.7532130000054167,12.753213000005417,0.112,2.149,0.49221300000541657,5.0
S00009,IoT-GW,edge-A,119,DONE,3.45417,3.4561,1.9308050000290677,1.9308050000290677,0.079,1.276,0.5758050000290678,0.0
S00009,IoT-GW,edge-A,120,DONE,3.4543,3.45743,3.130489000113812,3.130489000113812,1.515,1.059,0.5564890001138121,0.0
S00009,IoT-GW,edge-A,121,DONE,3.45433,3.45867,4.338145000019722,4.338145000019722,2.774,1.131,0.4331450000197219,0.0
S00009,IoT-GW,edge-A,122,DONE,3.45743,3.45979,2.3578209998049715,2.3578209998049715,1.012,0.906,0.43982099980497147,0.0
S00006,IMS-CSCF,core-1,122,DONE,3.4598,3.46199,2.196894999997312,14.196894999997312,0.087,1.656,0.45389499999731187,6.0
S00009,IoT-GW,edge-A,123,DONE,3.46734,3.47111,3.7673700001050747,3.7673700001050747,0.283,1.438,2.0463700001050746,0.0
S00001,vRAN-DU,edge-A,120,DONE,3.47078,3.47448,3.6901480000324227,3.6901480000324227,0.061,3.242,0.3871480000324228,0.0
S00009,IoT-GW,edge-A,124,DONE,3.4709,3.4744,3.5062669999206264,3.5062669999206264,0.033,2.647,0.8262669999206267,0.0
S00002,vRAN-DU,edge-B,119,DONE,3.47983,3.48395,4.120896000131324,4.120896000131324,0.093,3.146,0.8818960001313245,0.0
S00006,IMS-CSCF,core-1,123,DONE,3.48628,3.49076,4.482972999994672,16.482972999994672,0.296,3.304,0.882972999994672,6.0
S00003,UPF,core-1,123,DONE,3.48647,3.49407,7.602900999927442,17.602900999927442,0.123,6.541,0.9389009999274416,5.0
S00006,IMS-CSCF,core-1,124,DONE,3.48876,3.49378,5.023062000191203,17.023062000191203,1.835,2.613,0.575062000191203,6.0
S00010,IoT-GW,edge-B,117,DONE,3.49077,3.49383,3.062772000021141,3.062772000021141,0.121,2.318,0.6237720000211411,0.0
S00003,UPF,core-1,124,DONE,3.49531,3.49856,3.2454770000640565,13.245477000064056,0.128,2.524,0.5934770000640563,5.0
S00009,IoT-GW,edge-A,125,DONE,3.49775,3.50076,3.0119659998035786,3.0119659998035786,0.161,1.664,1.1869659998035786,0.0
S00002,vRAN-DU,edge-B,120,DONE,3.49986,3.50386,4.0032169999904,4.0032169999904,0.127,3.007,0.8692169999904,0.0
S00009,IoT-GW,edge-A,126,DONE,3.50057,3.50472,4.157637999924191,4.157637999924191,0.103,3.021,1.0336379999241911,0.0
S00007,Transcoder,core-1,70,DONE,3.50396,3.51133,7.369505000042409,17.36950500004241,0.124,6.512,0.7335050000424097,5.0
S00005,IMS-CSCF,core-1,103,DONE,3.507,3.5099,2.8993880000598438,12.899388000059844,0.112,2.126,0.6613880000598438,5.0
S00007,Transcoder,core-1,71,DONE,3.51361,3.52538,11.762446000147975,21.762446000147975,0.076,11.003,0.6834460001479741,5.0
S00004,UPF,core-1,110,DONE,3.51699,3.51949,2.4947479998900235,14.494747999890023,0.083,1.859,0.5527479998900233,6.0
S00007,Transcoder,core-1,72,DONE,3.52169,3.531,9.310175000109666,19.310175000109666,0.061,8.772,0.47717500010966596,5.0
S00003,UPF,core-1,125,DONE,3.52538,3.52759,2.2069110000302317,12.206911000030232,0.052,1.809,0.3459110000302317,5.0
S00008,Transcoder,core-1,52,DONE,3.54351,3.55469,11.175523000019894,23.175523000019894,0.105,10.393,0.6775230000198924,6.0
S00002,vRAN-DU,edge-B,121,DONE,3.54381,3.55143,7.6140629998917575,7.6140629998917575,0.196,6.774,0.6440629998917577,0.0
S00010,IoT-GW,edge-B,118,DONE,3.54515,3.55468,9.527513000193721,9.527513000193721,0.079,8.854,0.5945130001937216,0.0
S00009,IoT-GW,edge-A,127,DONE,3.54654,3.54963,3.083301000060601,3.083301000060601,0.142,2.054,0.8873010000606012,0.0
S00005,IMS-CSCF,core-1,104,DONE,3.54964,3.55367,4.034317000105148,14.034317000105148,0.112,3.343,0.5793170001051475,5.0
S00007,Transcoder,core-1,73,DONE,3.55794,3.56582,7.878605999849242,17.878605999849242,0.124,6.155,1.599605999849242,5.0
S00002,vRAN-DU,edge-B,122,DONE,3.5645,3.5681,3.5953179999523854,3.5953179999523854,0.121,2.779,0.6953179999523855,0.0
S00002,vRAN-DU,edge-B,123,DONE,3.56524,3.5704,5.153173000053357,5.153173000053357,0.078,4.461,0.6141730000533565,0.0
S00001,vRAN-DU,edge-A,121,DONE,3.57269,3.57647,3.7844189998850197,3.7844189998850197,0.111,3.17,0.5034189998850196,0.0
S00001,vRAN-DU,edge-A,122,DONE,3.57284,3.57631,3.4678859999530687,3.4678859999530687,0.17,2.642,0.6558859999530688,0.0
S00010,IoT-GW,edge-B,119,DONE,3.57605,3.57787,1.8161340001370263,1.8161340001370263,0.104,1.074,0.6381340001370261,0.0
S00010,IoT-GW,edge-B,120,DONE,3.57613,3.5789,2.7702839997800766,2.7702839997800766,1.317,0.872,0.5812839997800766,0.0
S00005,IMS-CSCF,core-1,105,DONE,3.58008,3.58229,2.2093459999723564,12.209345999972356,0.077,1.57,0.5623459999723563,5.0
S00001,vRAN-DU,edge-A,123,DONE,3.5835,3.58701,3.5078250000424305,3.5078250000424305,0.073,2.948,0.48682500004243057,0.0
S00008,Transcoder,core-1,53,DONE,3.5836,3.59029,6.695290000152454,18.695290000152454,0.068,6.126,0.5012900001524541,6.0
S00010,IoT-GW,edge-B,121,DONE,3.5926,3.59485,2.2492620000775787,2.2492620000775787,0.121,1.533,0.5952620000775788,0.0
S00009,IoT-GW,edge-A,128,DONE,3.60013,3.6026,2.467997000167088,2.467997000167088,0.111,1.433,0.9239970001670879,0.0
S00002,vRAN-DU,edge-B,124,DONE,3.60261,3.61165,9.04635199981385,9.04635199981385,0.074,8.444,0.5283519998138502,0.0
S00010,IoT-GW,edge-B,122,DONE,3.60398,3.60962,5.645017000006192,5.645017000006192,0.057,4.883,0.7050170000061913,0.0
S00006,IMS-CSCF,core-1,125,DONE,3.60405,3.61164,7.596018999947773,19.596018999947773,0.286,3.861,3.4490189999477736,6.0
S00007,Transcoder,core-1,74,DONE,3.61107,3.62993,18.865141000105723,28.865141000105723,0.053,17.325,1.4871410001057228,5.0
S00003,UPF,core-1,126,DONE,3.61493,3.61737,2.4393529999997554,12.439352999999755,0.107,1.827,0.5053529999997552,5.0
S00001,vRAN-DU,edge-A,124,DONE,3.61743,3.62995,12.513774000126432,12.513774000126432,0.075,11.509,0.9297740001264323,0.0
S00001,vRAN-DU,edge-A,125,DONE,3.62169,3.62895,7.261350999897331,7.261350999897331,0.067,6.575,0.619350999897331,0.0
S00001,vRAN-DU,edge-A,126,DONE,3.62708,3.6346,7.5173410000388685,7.5173410000388685,0.13,5.45,1.9373410000388684,0.0
S00001,vRAN-DU,edge-A,127,DONE,3.62848,3.63264,4.151718000002802,4.151718000002802,0.473,2.967,0.711718000002802,0.0
S00006,IMS-CSCF,core-1,126,DONE,3.63471,3.63684,2.1321950000583456,14.132195000058346,0.087,1.443,0.6021950000583454,6.0
S00009,IoT-GW,edge-A,129,DONE,3.64742,3.65053,3.1116000000110944,3.1116000000110944,0.201,1.805,1.1056000000110944,0.0
S00004,UPF,core-1,111,DONE,3.65689,3.66207,5.177110999966317,17.177110999966317,0.123,3.996,1.0581109999663165,6.0
S00009,IoT-GW,edge-A,130,DONE,3.65723,3.65898,1.7482060000020283,1.7482060000020283,0.078,1.136,0.5342060000020283,0.0
S00005,IMS-CSCF,core-1,106,DONE,3.66141,3.66407,2.6631180001004395,12.66311800010044,0.119,1.676,0.8681180001004398,5.0
S00004,UPF,core-1,112,DONE,3.66543,3.67229,6.863576999876386,18.863576999876386,0.132,5.854,0.8775769998763865,6.0
S00005,IMS-CSCF,core-1,107,DONE,3.66559,3.67048,4.883410999809712,14.883410999809712,0.204,3.927,0.7524109998097122,5.0
S00002,vRAN-DU,edge-B,125,DONE,3.66686,3.67112,4.2566380000153,4.2566380000153,0.11,3.677,0.4696380000153,0.0
S00005,IMS-CSCF,core-1,108,DONE,3.66925,3.67554,6.295828000020265,16.295828000020265,1.75,4.061,0.48482800002026494,5.0
S00006,IMS-CSCF,core-1,127,DONE,3.66933,3.67465,5.322523999893747,17.322523999893747,0.06,4.199,1.0635239998937474,6.0
S00005,IMS-CSCF,core-1,109,DONE,3.67048,3.67846,7.979454000178521,17.97945400017852,3.898,2.616,1.465454000178521,5.0
S00002,vRAN-DU,edge-B,126,DONE,3.67975,3.68546,5.704508000007991,5.704508000007991,0.079,5.121,0.5045080000079905,0.0
S00001,vRAN-DU,edge-A,128,DONE,3.68216,3.6864,4.2427549999501935,4.2427549999501935,0.08,3.602,0.5607549999501935,0.0
S00003,UPF,core-1,127,DONE,3.69278,3.69639,3.6157570000341366,13.615757000034137,0.167,2.475,0.9737570000341367,5.0
S00002,vRAN-DU,edge-B,127,DONE,3.70069,3.72127,20.575614000108544,20.575614000108544,0.091,18.424,2.0606140001085436,0.0
S00004,UPF,core-1,113,DONE,3.70085,3.70454,3.6896389999583334,15.689638999958333,0.148,3.049,0.4926389999583334,6.0
S00010,IoT-GW,edge-B,123,DONE,3.70365,3.72125,17.59979000007661,17.59979000007661,0.099,6.023,11.47779000007661,0.0
S00007,Transcoder,core-1,75,DONE,3.70383,3.71555,11.725160999958462,21.72516099995846,0.067,10.526,1.1321609999584616,5.0
S00004,UPF,core-1,114,DONE,3.70389,3.71047,6.575375000011263,18.575375000011263,0.191,5.228,1.1563750000112636,6.0
S00007,Transcoder,core-1,76,DONE,3.70787,3.72198,14.11591999999473,24.11591999999473,0.093,11.876,2.146919999994731,5.0
S00007,Transcoder,core-1,77,DONE,3.71048,3.72371,13.234517000000778,23.23451700000078,5.124,7.612,0.4985170000007795,5.0
S00009,IoT-GW,edge-A,131,DONE,3.71247,3.72127,8.79840100014917,8.79840100014917,0.084,7.694,1.0204010001491701,0.0
S00009,IoT-GW,edge-A,132,DONE,3.71556,3.72458,9.026435000123456,9.026435000123456,0.158,3.495,5.3734350001234565,0.0
S00001,vRAN-DU,edge-A,129,DONE,3.71563,3.72556,9.929170999839698,9.929170999839698,0.058,4.507,5.364170999839699,0.0
S00009,IoT-GW,edge-A,133,DONE,3.72128,3.72711,5.832361999864588,5.832361999864588,3.151,2.166,0.5153619998645884,0.0
S00002,vRAN-DU,edge-B,128,DONE,3.73143,3.7354,3.9735379998546705,3.9735379998546705,0.11,3.002,0.8615379998546708,0.0
S00003,UPF,core-1,128,DONE,3.73661,3.74039,3.780028999926799,13.780028999926799,0.086,3.028,0.666028999926799,5.0
S00004,UPF,core-1,115,DONE,3.73995,3.74332,3.362112000104389,15.36211200010439,0.048,1.994,1.3201120001043891,6.0
S00009,IoT-GW,edge-A,134,DONE,3.74161,3.74351,1.8993239998508216,1.8993239998508216,0.081,1.286,0.5323239998508216,0.0
S00006,IMS-CSCF,core-1,128,DONE,3.74677,3.74975,2.971780000052604,14.971780000052604,0.142,2.017,0.8127800000526042,6.0
S00004,UPF,core-1,116,DONE,3.74951,3.75401,4.500502999917444,16.500502999917444,0.069,3.877,0.5545029999174442,6.0
S00003,UPF,core-1,129,DONE,3.74958,3.75267,3.090425000209507,13.090425000209507,0.244,2.254,0.5924250002095071,5.0
S00009,IoT-GW,edge-A,135,DONE,3.74961,3.75406,4.446991999884631,4.446991999884631,0.129,3.824,0.4939919998846314,0.0
S00004,UPF,core-1,117,DONE,3.75937,3.76249,3.1180700000277284,15.118070000027728,0.088,2.285,0.7450700000277282,6.0
S00005,IMS-CSCF,core-1,110,DONE,3.76474,3.76738,2.6391420001345978,12.639142000134598,0.075,1.792,0.7721420001345976,5.0
S00005,IMS-CSCF,core-1,111,DONE,3.76868,3.77087,2.1898459999647457,12.189845999964746,0.068,1.552,0.5698459999647456,5.0
S00001,vRAN-DU,edge-A,130,DONE,3.77926,3.78337,4.103740999880756,4.103740999880756,0.091,3.083,0.9297409998807558,0.0
S00002,vRAN-DU,edge-B,129,DONE,3.77944,3.78366,4.216959000132192,4.216959000132192,0.092,3.59,0.5349590001321927,0.0
S00002,vRAN-DU,edge-B,130,DONE,3.78486,3.78894,4.08026099989911,4.08026099989911,0.076,3.276,0.7282609998991108,0.0
S00007,Transcoder,core-1,78,DONE,3.78902,3.80061,11.584935999962909,21.58493599996291,0.09,6.95,4.544935999962909,5.0
S00009,IoT-GW,edge-A,136,DONE,3.79156,3.79328,1.721104000125706,1.721104000125706,0.084,0.994,0.643104000125706,0.0
S00008,Transcoder,core-1,54,DONE,3.79306,3.80187,8.804764999922554,20.804764999922554,0.103,8.02,0.6817649999225548,6.0
S00005,IMS-CSCF,core-1,112,DONE,3.79329,3.80062,7.329779999963648,17.329779999963648,0.245,3.735,3.349779999963648,5.0
S00009,IoT-GW,edge-A,137,DONE,3.80062,3.80242,1.7971950001083314,1.7971950001083314,0.087,1.2,0.5101950001083315,0.0
S00003,UPF,core-1,130,DONE,3.80073,3.80442,3.6908949998633034,13.690894999863303,0.068,2.511,1.1118949998633032,5.0
S00010,IoT-GW,edge-B,124,DONE,3.80362,3.80589,2.262256999983947,2.262256999983947,0.08,1.628,0.5542569999839471,0.0
S00010,IoT-GW,edge-B,125,DONE,3.80566,3.80793,2.276359000006778,2.276359000006778,0.059,1.484,0.7333590000067778,0.0
S00004,UPF,core-1,118,DONE,3.80712,3.81024,3.120872999943458,15.120872999943458,0.089,2.12,0.911872999943458,6.0
S00007,Transcoder,core-1,79,DONE,3.80794,3.82057,12.635862999786696,22.635862999786696,0.052,9.793,2.7908629997866967,5.0
S00004,UPF,core-1,119,DONE,3.80954,3.81445,4.910266000024421,16.91026600002442,0.044,4.14,0.7262660000244221,6.0
S00009,IoT-GW,edge-A,138,DONE,3.81025,3.81388,3.6341400000310387,3.6341400000310387,0.072,2.988,0.5741400000310386,0.0
S00010,IoT-GW,edge-B,126,DONE,3.81295,3.81565,2.7045070000895066,2.7045070000895066,0.069,1.922,0.7135070000895067,0.0
S00009,IoT-GW,edge-A,139,DONE,3.81566,3.82057,4.905246999896917,4.905246999896917,0.052,1.85,3.0032469998969176,0.0
S00002,vRAN-DU,edge-B,131,DONE,3.81595,3.82068,4.726321000134703,4.726321000134703,0.05,4.01,0.6663210001347037,0.0
S00006,IMS-CSCF,core-1,129,DONE,3.81601,3.82108,5.066701000032481,17.06670100003248,0.096,3.559,1.4117010000324806,6.0
S00003,UPF,core-1,131,DONE,3.82058,3.82373,3.155099999958111,13.15509999995811,0.047,2.231,0.8770999999581108,5.0
S00007,Transcoder,core-1,80,DONE,3.82108,3.83086,9.783216000187167,19.783216000187167,0.05,8.683,1.0502160001871665,5.0
S00004,UPF,core-1,120,DONE,3.82349,3.8264,2.9140179999558313,14.914017999955831,0.102,2.148,0.6640179999558313,6.0
S00003,UPF,core-1,132,DONE,3.82363,3.83005,6.421554000098695,16.421554000098695,1.981,3.629,0.8115540000986949,5.0
S00004,UPF,core-1,121,DONE,3.82378,3.83004,6.263090999937049,18.26309099993705,0.426,1.681,4.156090999937049,6.0
S00010,IoT-GW,edge-B,127,DONE,3.82759,3.83194,4.350306000105775,4.350306000105775,0.24,2.96,1.1503060001057746,0.0
S00006,IMS-CSCF,core-1,130,DONE,3.83006,3.83565,5.59538400011661,17.59538400011661,0.044,4.475,1.0763840001166107,6.0
S00009,IoT-GW,edge-A,140,DONE,3.83011,3.83618,6.062267000061183,6.062267000061183,0.096,5.226,0.7402670000611833,0.0
S00004,UPF,core-1,122,DONE,3.83087,3.83567,4.79694999989988,16.79694999989988,0.045,3.232,1.5199499998998798,6.0
S00007,Transcoder,core-1,81,DONE,3.83945,3.84695,7.502073999830827,17.502073999830827,0.161,6.599,0.7420739998308274,5.0
S00008,Transcoder,core-1,55,DONE,3.84185,3.85786,16.017361999956847,28.017361999956847,0.098,15.336,0.5833619999568462,6.0
S00010,IoT-GW,edge-B,128,DONE,3.8443,3.84571,1.4060440000775998,1.4060440000775998,0.071,0.876,0.4590440000775998,0.0
S00007,Transcoder,core-1,82,DONE,3.85046,3.86274,12.27687200002947,22.27687200002947,0.077,11.247,0.9528720000294708,5.0
S00003,UPF,core-1,133,DONE,3.85367,3.86276,9.089831999972375,19.089831999972375,0.186,5.126,3.777831999972375,5.0
S00004,UPF,core-1,123,DONE,3.85377,3.86276,8.992701999886776,20.992701999886776,0.239,5.056,3.6977019998867755,6.0
S00006,IMS-CSCF,core-1,131,DONE,3.8538,3.86275,8.944654000060837,20.944654000060837,0.886,4.38,3.6786540000608374,6.0
S00009,IoT-GW,edge-A,141,DONE,3.85383,3.85532,1.4869589999761956,1.4869589999761956,0.08,0.955,0.4519589999761956,0.0
S00007,Transcoder,core-1,83,DONE,3.85672,3.87244,15.71722700009559,25.71722700009559,5.263,9.832,0.6222270000955898,5.0
S00007,Transcoder,core-1,84,DONE,3.86277,3.87634,13.569010000082926,23.569010000082926,0.163,12.627,0.7790100000829252,5.0
S00006,IMS-CSCF,core-1,132,DONE,3.86284,3.87111,8.272175999991305,20.272175999991305,5.987,1.486,0.7991759999913046,6.0
S00006,IMS-CSCF,core-1,133,DONE,3.86287,3.8735,10.627636999970491,22.62763699997049,7.568,2.42,0.6396369999704916,6.0
S00004,UPF,core-1,124,DONE,3.86294,3.87059,7.654784999886033,19.654784999886033,0.066,6.853,0.7357849998860333,6.0
S00005,IMS-CSCF,core-1,113,DONE,3.86296,3.8696,6.639790000008361,16.63979000000836,0.102,5.576,0.961790000008361,5.0
S00001,vRAN-DU,edge-A,131,DONE,3.86869,3.8776,8.906131999992795,8.906131999992795,0.082,7.382,1.4421319999927942,0.0
S00008,Transcoder,core-1,56,DONE,3.86886,3.87957,10.711140000012165,22.711140000012165,1.099,8.549,1.0631400000121651,6.0
S00006,IMS-CSCF,core-1,134,DONE,3.8776,3.87996,2.362020000191478,14.362020000191478,0.05,1.97,0.3420200001914784,6.0
S00002,vRAN-DU,edge-B,132,DONE,3.87957,3.88283,3.254875000038737,3.254875000038737,0.079,2.61,0.5658750000387371,0.0
S00005,IMS-CSCF,core-1,114,DONE,3.88603,3.8879,1.8683060000057594,11.86830600000576,0.069,1.432,0.3673060000057595,5.0
S00008,Transcoder,core-1,57,DONE,3.8901,3.8976,7.500577999962843,19.500577999962843,0.051,6.981,0.468577999962843,6.0
S00009,IoT-GW,edge-A,142,DONE,3.89339,3.89541,2.0227699999395554,2.0227699999395554,0.081,1.369,0.5727699999395555,0.0
S00004,UPF,core-1,125,DONE,3.89479,3.89761,2.8127090001817123,14.812709000181712,0.06,2.347,0.4057090001817123,6.0
S00003,UPF,core-1,134,DONE,3.90286,3.9056,2.7459750001526118,12.745975000152612,0.07,2.21,0.46597500015261195,5.0
S00004,UPF,core-1,126,DONE,3.90778,3.91082,3.036844000007477,15.036844000007477,0.114,2.278,0.6448440000074771,6.0
S00010,IoT-GW,edge-B,129,DONE,3.91203,3.91393,1.9034199999623524,1.9034199999623524,0.081,1.208,0.6144199999623525,0.0
S00005,IMS-CSCF,core-1,115,DONE,3.91341,3.91547,2.05864700001257,12.05864700001257,0.072,1.529,0.4576470000125701,5.0
S00006,IMS-CSCF,core-1,135,DONE,3.91972,3.92214,2.424364000034984,14.424364000034984,0.076,1.745,0.603364000034984,6.0
S00005,IMS-CSCF,core-1,116,DONE,3.92549,3.92773,2.2361289998116263,12.236128999811626,0.07,1.563,0.6031289998116265,5.0
S00009,IoT-GW,edge-A,143,DONE,3.93403,3.93628,2.250267000135864,2.250267000135864,0.09,1.369,0.7912670001358639,0.0
S00004,UPF,core-1,127,DONE,3.93956,3.94309,3.528813999992053,15.528813999992053,0.111,2.687,0.7308139999920531,6.0
S00007,Transcoder,core-1,85,DONE,3.9397,3.94752,7.816305000005741,17.81630500000574,0.242,6.829,0.7453050000057413,5.0
S00004,UPF,core-1,128,DONE,3.95886,3.9623,3.4451639999133477,15.445163999913348,0.097,2.619,0.7291639999133475,6.0
S00002,vRAN-DU,edge-B,133,DONE,3.96132,3.96554,4.219959000010931,4.219959000010931,0.08,3.301,0.8389590000109308,0.0
S00010,IoT-GW,edge-B,130,DONE,3.9635,3.96541,1.9007810001312464,1.9007810001312464,0.067,1.235,0.5987810001312464,0.0
S00002,vRAN-DU,edge-B,134,DONE,3.96541,3.96872,3.3113929998762615,3.3113929998762615,0.04,2.738,0.5333929998762614,0.0
S00009,IoT-GW,edge-A,144,DONE,3.96873,3.97067,1.9448010000360227,1.9448010000360227,0.08,1.298,0.5668010000360226,0.0
S00010,IoT-GW,edge-B,131,DONE,3.97189,3.97382,1.9285189998754504,1.9285189998754504,0.146,1.219,0.5635189998754504,0.0
S00010,IoT-GW,edge-B,132,DONE,3.97202,3.97498,2.9649369998878683,2.9649369998878683,1.422,1.005,0.5379369998878685,0.0
S00010,IoT-GW,edge-B,133,DONE,3.97923,3.98099,1.7607869999665127,1.7607869999665127,0.059,1.192,0.5097869999665128,0.0
S00008,Transcoder,core-1,58,DONE,3.98523,3.99207,6.841304000090531,18.84130400009053,0.091,6.165,0.585304000090531,6.0
S00010,IoT-GW,edge-B,134,DONE,3.99062,3.99212,1.5008189998297894,1.5008189998297894,0.07,1.032,0.3988189998297893,0.0
S00008,Transcoder,core-1,59,DONE,3.99638,4.00578,9.40502799994647,21.40502799994647,0.094,8.463,0.8480279999464706,6.0
S00010,IoT-GW,edge-B,135,DONE,4.00493,4.00818,3.2535469999857014,3.2535469999857014,0.113,2.536,0.6045469999857014,0.0
S00006,IMS-CSCF,core-1,136,DONE,4.00507,4.00771,2.64556399997673,14.64556399997673,0.047,1.851,0.7475639999767298,6.0
S00002,vRAN-DU,edge-B,135,DONE,4.00511,4.00847,3.3616109999456967,3.3616109999456967,0.289,2.655,0.4176109999456967,0.0
S00004,UPF,core-1,129,DONE,4.01272,4.01552,2.807136999990689,14.80713699999069,0.076,2.121,0.6101369999906892,6.0
S00010,IoT-GW,edge-B,136,DONE,4.01981,4.02185,2.0396549998622504,2.0396549998622504,0.086,1.101,0.8526549998622504,0.0
S00008,Transcoder,core-1,60,DONE,4.03326,4.04069,7.428278999896065,19.428278999896065,0.086,6.767,0.5752789998960646,6.0
S00003,UPF,core-1,135,DONE,4.03563,4.03804,2.4144879998857505,12.41448799988575,0.056,1.904,0.4544879998857505,5.0
S00010,IoT-GW,edge-B,137,DONE,4.03809,4.03955,1.4602009998725407,1.4602009998725407,0.072,0.91,0.4782009998725406,0.0
S00009,IoT-GW,edge-A,145,DONE,4.04188,4.04358,1.6912779999529448,1.6912779999529448,0.083,1.11,0.49827799995294475,0.0
S00004,UPF,core-1,130,DONE,4.04475,4.04733,2.5797559999318764,14.579755999931876,0.054,2.061,0.46475599993187666,6.0
S00002,vRAN-DU,edge-B,136,DONE,4.046,4.0495,3.49430599999323,3.49430599999323,0.057,2.991,0.4463059999932302,0.0
S00001,vRAN-DU,edge-A,132,DONE,4.04607,4.05,3.9383799999086477,3.9383799999086477,0.05,3.3,0.5883799999086481,0.0
S00004,UPF,core-1,131,DONE,4.04733,4.05174,4.406564999953844,16.406564999953844,0.053,2.009,2.344564999953844,6.0
S00007,Transcoder,core-1,86,DONE,4.055,4.06183,6.833354000036707,16.833354000036707,0.072,6.242,0.5193540000367065,5.0
S00007,Transcoder,core-1,87,DONE,4.05634,4.0644,8.068849999972372,18.06884999997237,0.079,7.282,0.707849999972372,5.0
S00005,IMS-CSCF,core-1,117,DONE,4.0566,4.06157,4.97102300005281,14.97102300005281,0.172,4.369,0.43002300005281047,5.0
S00002,vRAN-DU,edge-B,137,DONE,4.06183,4.06525,3.41569400006847,3.41569400006847,0.075,2.931,0.4096940000684697,0.0
S00001,vRAN-DU,edge-A,133,DONE,4.06441,4.06769,3.280144999962431,3.280144999962431,0.077,2.692,0.5111449999624309,0.0
S00003,UPF,core-1,136,DONE,4.07296,4.07581,2.8435639999315754,12.843563999931575,0.082,2.095,0.6665639999315753,5.0
S00009,IoT-GW,edge-A,146,DONE,4.08622,4.08831,2.095856000096319,2.095856000096319,0.082,1.259,0.7548560000963191,0.0
S00009,IoT-GW,edge-A,147,DONE,4.0916,4.09341,1.813448000120843,1.813448000120843,0.067,1.213,0.533448000120843,0.0
S00006,IMS-CSCF,core-1,137,DONE,4.10077,4.10321,2.4400699999205244,14.440069999920524,0.199,1.509,0.7320699999205247,6.0
S00005,IMS-CSCF,core-1,118,DONE,4.10091,4.10313,2.2116479999567673,12.211647999956767,0.084,1.573,0.5546479999567673,5.0
S00003,UPF,core-1,137,DONE,4.10263,4.1055,2.8637890000027255,12.863789000002726,0.086,2.128,0.6497890000027255,5.0
S00004,UPF,core-1,132,DONE,4.11583,4.1186,2.770017000102598,14.770017000102598,0.143,2.085,0.5420170001025983,6.0
S00001,vRAN-DU,edge-A,134,DONE,4.11723,4.1214,4.168966999941404,4.168966999941404,0.078,3.501,0.5899669999414034,0.0
S00009,IoT-GW,edge-A,148,DONE,4.12083,4.12292,2.091151000058744,2.091151000058744,0.066,1.135,0.8901510000587443,0.0
S00002,vRAN-DU,edge-B,138,DONE,4.12722,4.13206,4.833420999830196,4.833420999830196,0.082,4.192,0.5594209998301958,0.0
S00006,IMS-CSCF,core-1,138,DONE,4.13059,4.13296,2.370080999980928,14.370080999980928,0.081,1.84,0.449080999980928,6.0
S00002,vRAN-DU,edge-B,139,DONE,4.14031,4.14356,3.2480600000326376,3.2480600000326376,0.077,2.709,0.4620600000326376,0.0
S00004,UPF,core-1,133,DONE,4.14161,4.14809,6.483490999926289,18.48349099992629,0.083,5.796,0.6044909999262886,6.0
S00002,vRAN-DU,edge-B,140,DONE,4.16045,4.16446,4.009014999837746,4.009014999837746,0.097,2.965,0.9470149998377457,0.0
S00010,IoT-GW,edge-B,138,DONE,4.16187,4.16578,3.9085620001060306,3.9085620001060306,0.065,3.121,0.7225620001060307,0.0
S00001,vRAN-DU,edge-A,135,DONE,4.16199,4.1669,4.908728000145857,4.908728000145857,0.086,4.01,0.8127280001458566,0.0
S00007,Transcoder,core-1,88,DONE,4.17732,4.18547,8.142431000123906,18.142431000123906,0.089,7.414,0.6394310001239063,5.0
S00010,IoT-GW,edge-B,139,DONE,4.18094,4.18479,3.8454489999821817,3.8454489999821817,0.081,3.208,0.5564489999821816,0.0
S00009,IoT-GW,edge-A,149,DONE,4.18265,4.18419,1.542386000210172,1.542386000210172,0.078,0.939,0.5253860002101719,0.0
S00008,Transcoder,core-1,61,DONE,4.18866,4.19575,7.085343999960969,19.08534399996097,0.079,6.371,0.6353439999609689,6.0
S00009,IoT-GW,edge-A,150,DONE,4.19307,4.19589,2.815870000176801,2.815870000176801,0.087,2.082,0.6468700001768011,0.0
S00005,IMS-CSCF,core-1,119,DONE,4.19326,4.19576,2.497433000144156,12.497433000144156,0.084,1.442,0.9714330001441558,5.0
S00005,IMS-CSCF,core-1,120,DONE,4.20632,4.20995,3.6260589999983495,13.62605899999835,0.214,2.658,0.7540589999983496,5.0
S00004,UPF,core-1,134,DONE,4.2065,4.21002,3.5212820000651845,15.521282000065185,0.093,2.924,0.5042820000651846,6.0
S00004,UPF,core-1,135,DONE,4.20881,4.21215,3.344364999975369,15.344364999975369,0.868,1.979,0.49736499997536887,6.0
S00009,IoT-GW,edge-A,151,DONE,4.21657,4.21817,1.6020800001115276,1.6020800001115276,0.081,0.85,0.6710800001115277,0.0
S00008,Transcoder,core-1,62,DONE,4.2167,4.22364,6.939928000065265,18.939928000065265,0.082,6.036,0.8219280000652658,6.0
S00009,IoT-GW,edge-A,152,DONE,4.22366,4.22583,2.174383999999918,2.174383999999918,0.081,1.472,0.6213839999999182,0.0
S00007,Transcoder,core-1,89,DONE,4.2259,4.23284,6.9394750000810745,16.939475000081075,0.113,6.35,0.47647500008107446,5.0
S00002,vRAN-DU,edge-B,141,DONE,4.22958,4.23532,5.741752000176348,5.741752000176348,0.083,5.025,0.6337520001763473,0.0
S00002,vRAN-DU,edge-B,142,DONE,4.23405,4.23824,4.188496000097075,4.188496000097075,0.11,3.359,0.7194960000970747,0.0
S00004,UPF,core-1,136,DONE,4.23825,4.24124,2.9899410001235083,14.989941000123508,0.084,2.259,0.6469410001235083,6.0
S00002,vRAN-DU,edge-B,143,DONE,4.23836,4.24183,3.466576999926474,3.466576999926474,0.066,2.927,0.47357699992647406,0.0
S00006,IMS-CSCF,core-1,139,DONE,4.24305,4.24505,2.003194000053554,14.003194000053554,0.095,1.382,0.5261940000535543,6.0
S00009,IoT-GW,edge-A,153,DONE,4.24441,4.24624,1.8293779999112303,1.8293779999112303,0.084,1.194,0.5513779999112303,0.0
S00009,IoT-GW,edge-A,154,DONE,4.24952,4.25142,1.9084059999840974,1.9084059999840974,0.069,1.232,0.6074059999840975,0.0
S00006,IMS-CSCF,core-1,140,DONE,4.25265,4.25507,2.4256619999505347,14.425661999950535,0.208,1.569,0.6486619999505345,6.0
S00009,IoT-GW,edge-A,155,DONE,4.25276,4.25406,1.2994010000966227,1.2994010000966227,0.061,0.849,0.3894010000966228,0.0
S00004,UPF,core-1,137,DONE,4.25281,4.25854,5.735124000011638,17.735124000011638,0.301,4.77,0.664124000011638,6.0
S00003,UPF,core-1,138,DONE,4.25285,4.25687,4.02486900020449,14.02486900020449,0.262,3.279,0.48386900020448964,5.0
S00001,vRAN-DU,edge-A,136,DONE,4.25855,4.26207,3.517372000032992,3.517372000032992,0.078,2.893,0.5463720000329926,0.0
S00006,IMS-CSCF,core-1,141,DONE,4.26638,4.26874,2.3549000000002707,14.35490000000027,0.087,1.712,0.5559000000002705,6.0
S00007,Transcoder,core-1,90,DONE,4.26779,4.275,7.2159440001087205,17.21594400010872,0.057,6.379,0.7799440001087206,5.0
S00007,Transcoder,core-1,91,DONE,4.27411,4.28605,11.936398999978337,21.936398999978337,0.046,11.093,0.7973989999783377,5.0
S00002,vRAN-DU,edge-B,144,DONE,4.27428,4.27918,4.90151999997579,4.90151999997579,0.085,4.247,0.5695199999757898,0.0
S00010,IoT-GW,edge-B,140,DONE,4.27501,4.27793,2.9235010001684714,2.9235010001684714,0.062,1.088,1.7735010001684715,0.0
S00007,Transcoder,core-1,92,DONE,4.27753,4.2872,9.674710000126652,19.67471000012665,0.068,6.392,3.2147100001266518,5.0
S00008,Transcoder,core-1,63,DONE,4.28136,4.2897,8.33906399998341,20.33906399998341,0.053,7.791,0.4950639999834081,6.0
S00008,Transcoder,core-1,64,DONE,4.28839,4.29558,7.191416000068784,19.191416000068784,0.065,6.622,0.5044160000687841,6.0
S00004,UPF,core-1,138,DONE,4.29296,4.29564,2.6796829999966576,14.679682999996658,0.062,2.01,0.607682999996658,6.0
S00008,Transcoder,core-1,65,DONE,4.29887,4.30873,9.858700999984649,21.85870099998465,0.116,9.131,0.6117009999846488,6.0
S00004,UPF,core-1,139,DONE,4.29898,4.30677,7.790117000013197,19.790117000013197,0.189,6.953,0.6481170000131966,6.0
S00003,UPF,core-1,139,DONE,4.30159,4.3069,5.306429000029311,15.306429000029311,0.118,4.322,0.8664290000293109,5.0
S00002,vRAN-DU,edge-B,145,DONE,4.30173,4.30872,6.991971999923408,6.991971999923408,0.086,5.245,1.6609719999234072,0.0
S00003,UPF,core-1,140,DONE,4.30496,4.30895,3.9880949998405413,13.988094999840541,0.048,1.885,2.0550949998405414,5.0
S00008,Transcoder,core-1,66,DONE,4.31117,4.31844,7.265144000029977,19.265144000029977,0.069,6.564,0.6321440000299772,6.0
S00008,Transcoder,core-1,67,DONE,4.31456,4.32454,9.97794500017335,21.97794500017335,0.059,9.098,0.8209450001733494,6.0
S00006,IMS-CSCF,core-1,142,DONE,4.31744,4.32455,7.104647000005571,19.10464700000557,0.694,5.292,1.1186470000055708,6.0
S00003,UPF,core-1,141,DONE,4.31758,4.32194,4.364177000070413,14.364177000070413,0.507,3.079,0.7781770000704125,5.0
S00003,UPF,core-1,142,DONE,4.31844,4.32575,7.309157999998206,17.309157999998206,3.147,2.646,1.5161579999982058,5.0
S00010,IoT-GW,edge-B,141,DONE,4.32436,4.32633,1.9743110001400055,1.9743110001400055,0.086,0.974,0.9143110001400054,0.0
S00003,UPF,core-1,143,DONE,4.32576,4.32889,3.1301009998969676,13.130100999896968,0.052,2.284,0.7941009998969677,5.0
S00010,IoT-GW,edge-B,142,DONE,4.32751,4.32919,1.677175999930114,1.677175999930114,0.1,1.127,0.4501759999301138,0.0
S00010,IoT-GW,edge-B,143,DONE,4.33235,4.3343,1.9470659999569762,1.9470659999569762,0.066,1.332,0.549065999956976,0.0
S00001,vRAN-DU,edge-A,137,DONE,4.3343,4.33817,3.8706079999428766,3.8706079999428766,0.085,3.127,0.6586079999428769,0.0
S00006,IMS-CSCF,core-1,143,DONE,4.3404,4.34279,2.3869770000146673,14.386977000014667,0.083,1.712,0.5919770000146671,6.0
S00005,IMS-CSCF,core-1,121,DONE,4.35309,4.35576,2.6670450001802237,12.667045000180224,0.099,1.599,0.9690450001802235,5.0
S00005,IMS-CSCF,core-1,122,DONE,4.35556,4.35767,2.1053129999017983,12.105312999901798,0.063,1.501,0.5413129999017983,5.0
S00010,IoT-GW,edge-B,144,DONE,4.36193,4.3641,2.1614719998979126,2.1614719998979126,0.094,1.324,0.7434719998979127,0.0
S00005,IMS-CSCF,core-1,123,DONE,4.36962,4.37312,3.499778000104925,13.499778000104925,0.106,1.732,1.6617780001049252,5.0
S00001,vRAN-DU,edge-A,138,DONE,4.37445,4.38126,6.818457999997918,6.818457999997918,0.097,5.609,1.1124579999979174,0.0
S00009,IoT-GW,edge-A,156,DONE,4.38096,4.3831,2.1367679999002576,2.1367679999002576,0.085,1.363,0.6887679999002576,0.0
S00010,IoT-GW,edge-B,145,DONE,4.38747,4.39065,3.17532700000811,3.17532700000811,0.086,1.992,1.0973270000081103,0.0
S00005,IMS-CSCF,core-1,124,DONE,4.39188,4.39464,2.7617880000434525,12.761788000043452,0.124,1.752,0.8857880000434524,5.0
S00004,UPF,core-1,140,DONE,4.39323,4.39661,3.381446000048527,15.381446000048527,0.09,2.887,0.40444600004852704,6.0
S00005,IMS-CSCF,core-1,125,DONE,4.39465,4.3974,2.750227999968047,12.750227999968047,0.084,2.313,0.35322799996804655,5.0
S00001,vRAN-DU,edge-A,139,DONE,4.39856,4.40803,9.467871999959243,9.467871999959243,0.11,8.026,1.3318719999592439,0.0
S00001,vRAN-DU,edge-A,140,DONE,4.40093,4.41206,11.128138999993098,11.128138999993098,0.082,10.426,0.6201389999930971,0.0
S00004,UPF,core-1,141,DONE,4.40102,4.41155,10.527138000043124,22.527138000043124,0.08,6.98,3.467138000043123,6.0
S00010,IoT-GW,edge-B,146,DONE,4.40231,4.40804,5.735752999953547,5.735752999953547,0.115,4.487,1.133752999953547,0.0
S00009,IoT-GW,edge-A,157,DONE,4.40239,4.41985,17.451058000006014,17.451058000006014,4.182,12.258,1.011058000006015,0.0
S00009,IoT-GW,edge-A,158,DONE,4.40245,4.43297,30.520761000161656,30.520761000161656,17.453,11.797,1.2707610001616558,0.0
S00002,vRAN-DU,edge-B,146,DONE,4.40372,4.42525,21.52487800003655,21.52487800003655,0.072,17.21,4.242878000036551,0.0
S00006,IMS-CSCF,core-1,144,DONE,4.4038,4.41856,14.75459200014484,26.75459200014484,0.073,5.657,9.024592000144839,6.0
S00004,UPF,core-1,142,DONE,4.40387,4.41857,14.698618000011265,26.698618000011265,0.864,5.774,8.060618000011264,6.0
S00010,IoT-GW,edge-B,147,DONE,4.41156,4.41877,7.210599000018192,7.210599000018192,0.103,6.608,0.49959900001819246,0.0
S00009,IoT-GW,edge-A,159,DONE,4.41165,4.43641,24.758940000083385,24.758940000083385,20.786,2.911,1.0619400000833834,0.0
S00008,Transcoder,core-1,68,DONE,4.41858,4.43642,17.843169999878228,29.843169999878228,0.089,16.882,0.8721699998782277,6.0
S00002,vRAN-DU,edge-B,147,DONE,4.41986,4.44459,24.728718000005756,24.728718000005756,0.133,24.067,0.5287180000057567,0.0
S00008,Transcoder,core-1,69,DONE,4.42332,4.44657,23.246212000003652,35.24621200000365,0.161,22.646,0.4392120000036499,6.0
S00001,vRAN-DU,edge-A,141,DONE,4.43047,4.43962,9.15161100010664,9.15161100010664,0.144,6.55,2.457611000106641,0.0
S00001,vRAN-DU,edge-A,142,DONE,4.43298,4.44367,10.688592999940738,10.688592999940738,3.306,6.919,0.46359299994073844,0.0
S00003,UPF,core-1,144,DONE,4.44292,4.44673,3.810163000025568,13.810163000025568,0.082,3.184,0.5441630000255682,5.0
S00003,UPF,core-1,145,DONE,4.44997,4.45259,2.6222009998946305,12.62220099989463,0.064,1.97,0.5882009998946305,5.0
S00003,UPF,core-1,146,DONE,4.45227,4.45499,2.715984999895227,12.715984999895227,0.044,2.264,0.40798499989522696,5.0
S00009,IoT-GW,edge-A,160,DONE,4.4526,4.45427,1.6722719999506808,1.6722719999506808,0.069,1.032,0.5712719999506808,0.0
S00004,UPF,core-1,143,DONE,4.45427,4.45794,3.67069599997194,15.67069599997194,0.094,3.074,0.5026959999719405,6.0
S00001,vRAN-DU,edge-A,143,DONE,4.45458,4.45795,3.3748900000318827,3.3748900000318827,0.044,2.961,0.36989000003188277,0.0
S00007,Transcoder,core-1,93,DONE,4.46223,4.47135,9.11605399983273,19.11605399983273,0.061,8.696,0.3590539998327298,5.0
S00001,vRAN-DU,edge-A,144,DONE,4.46259,4.46615,3.565847000118083,3.565847000118083,0.064,3.146,0.3558470001180831,0.0
S00001,vRAN-DU,edge-A,145,DONE,4.4648,4.46806,3.261124999880849,3.261124999880849,0.046,2.876,0.3391249998808492,0.0
S00005,IMS-CSCF,core-1,126,DONE,4.46732,4.46952,2.2057900000618247,12.205790000061825,0.058,1.697,0.4507900000618248,5.0
S00005,IMS-CSCF,core-1,127,DONE,4.47068,4.47234,1.652644999921904,11.652644999921904,0.047,1.239,0.3666449999219039,5.0
S00005,IMS-CSCF,core-1,128,DONE,4.48865,4.4937,5.041521000066496,15.041521000066496,0.316,3.889,0.836521000066496,5.0
S00002,vRAN-DU,edge-B,148,DONE,4.48882,4.49242,3.595619999941846,3.595619999941846,0.125,2.876,0.594619999941846,0.0
S00002,vRAN-DU,edge-B,149,DONE,4.4937,4.49754,3.841975999876013,3.841975999876013,0.052,3.065,0.7249759998760128,0.0
S00009,IoT-GW,edge-A,161,DONE,4.49756,4.50006,2.500579999832553,2.500579999832553,0.083,1.851,0.5665799998325527,0.0
S00003,UPF,core-1,147,DONE,4.49992,4.5025,2.575174999947194,12.575174999947194,0.08,1.97,0.525174999947194,5.0
S00002,vRAN-DU,edge-B,150,DONE,4.50124,4.50482,3.5825249999561493,3.5825249999561493,0.059,3.034,0.4895249999561493,0.0
S00005,IMS-CSCF,core-1,129,DONE,4.50917,4.51126,2.0911480000904703,12.09114800009047,0.075,1.478,0.5381480000904701,5.0
S00004,UPF,core-1,144,DONE,4.51348,4.51589,2.4080220000541885,14.408022000054189,0.072,1.909,0.42702200005418844,6.0
S00010,IoT-GW,edge-B,148,DONE,4.51358,4.51514,1.5585409998948307,1.5585409998948307,0.094,1.023,0.44154099989483075,0.0
S00006,IMS-CSCF,core-1,145,DONE,4.51815,4.52077,2.619159000005311,14.619159000005311,0.079,1.924,0.616159000005311,6.0
S00004,UPF,core-1,145,DONE,4.51825,4.52189,3.639683000074001,15.639683000074001,0.139,3.029,0.4716830000740009,6.0
S00005,IMS-CSCF,core-1,130,DONE,4.52414,4.5327,8.56223300002057,18.56223300002057,0.062,7.877,0.6232330000205701,5.0
S00002,vRAN-DU,edge-B,151,DONE,4.52548,4.53414,8.653901999878144,8.653901999878144,0.086,7.542,1.025901999878144,0.0
S00002,vRAN-DU,edge-B,152,DONE,4.52556,4.53203,6.471574999977747,6.471574999977747,0.415,5.612,0.4445749999777471,0.0
S00001,vRAN-DU,edge-A,146,DONE,4.52682,4.53046,3.6457609999160923,3.6457609999160923,0.135,2.951,0.5597609999160924,0.0
S00009,IoT-GW,edge-A,162,DONE,4.53271,4.53453,1.817513000105464,1.817513000105464,0.061,1.362,0.394513000105464,0.0
S00009,IoT-GW,edge-A,163,DONE,4.53321,4.54093,7.721576999983881,7.721576999983881,1.308,5.959,0.4545769999838818,0.0
S00001,vRAN-DU,edge-A,147,DONE,4.53414,4.54097,6.827257000168174,6.827257000168174,0.087,5.916,0.8242570001681742,0.0
S00007,Transcoder,core-1,94,DONE,4.53453,4.54465,10.116972999867357,20.116972999867357,0.065,9.419,0.6329729998673574,5.0
S00010,IoT-GW,edge-B,149,DONE,4.5358,4.53707,1.2767189998612594,1.2767189998612594,0.057,0.901,0.3187189998612594,0.0
S00003,UPF,core-1,148,DONE,4.54029,4.54281,2.524861999972927,12.524861999972927,0.067,2.027,0.43086199997292685,5.0
S00010,IoT-GW,edge-B,150,DONE,4.54417,4.54585,1.6734949999772653,1.6734949999772653,0.067,1.114,0.4924949999772652,0.0
S00005,IMS-CSCF,core-1,131,DONE,4.54585,4.54786,2.0061270001860976,12.006127000186098,0.056,1.573,0.37712700018609757,5.0
S00002,vRAN-DU,edge-B,153,DONE,4.54592,4.549,3.072295000038139,3.072295000038139,0.078,2.623,0.37129500003813876,0.0
S00002,vRAN-DU,edge-B,154,DONE,4.55022,4.55471,4.485015000000203,4.485015000000203,0.05,3.362,1.0730150000002032,0.0
S00005,IMS-CSCF,core-1,132,DONE,4.55267,4.55472,2.0466349999423983,12.046634999942398,0.074,1.281,0.6916349999423983,5.0
S00010,IoT-GW,edge-B,151,DONE,4.55472,4.55618,1.4629799998147064,1.4629799998147064,0.05,0.994,0.41897999981470635,0.0
S00006,IMS-CSCF,core-1,146,DONE,4.55945,4.56148,2.031788999829587,14.031788999829587,0.071,1.397,0.5637889998295869,6.0
S00002,vRAN-DU,edge-B,155,DONE,4.5596,4.56285,3.2563560000653524,3.2563560000653524,0.055,2.82,0.3813560000653524,0.0
S00010,IoT-GW,edge-B,152,DONE,4.56149,4.56291,1.4213270001164346,1.4213270001164346,0.049,0.992,0.3803270001164347,0.0
S00008,Transcoder,core-1,70,DONE,4.56509,4.57257,7.474388999980874,19.474388999980874,0.06,6.498,0.9163889999808745,6.0
S00004,UPF,core-1,146,DONE,4.5664,4.56919,2.790072000152577,14.790072000152577,0.052,2.295,0.443072000152577,6.0
S00004,UPF,core-1,147,DONE,4.56837,4.57258,4.2168790000687295,16.21687900006873,0.834,2.567,0.8158790000687293,6.0
S00007,Transcoder,core-1,95,DONE,4.56924,4.58026,11.026654000033886,21.026654000033886,0.036,10.482,0.5086540000338875,5.0
S00002,vRAN-DU,edge-B,156,DONE,4.57129,4.58062,9.33480799994868,9.33480799994868,0.072,8.64,0.6228079999486802,0.0
S00004,UPF,core-1,148,DONE,4.57135,4.57507,3.7205510000148934,15.720551000014893,0.487,2.308,0.9255510000148934,6.0
S00003,UPF,core-1,149,DONE,4.57139,4.57457,3.1877080000413116,13.187708000041312,0.049,2.223,0.9157080000413118,5.0
S00006,IMS-CSCF,core-1,147,DONE,4.5763,4.57788,1.5881100000569859,13.588110000056986,0.046,1.189,0.3531100000569858,6.0
S00009,IoT-GW,edge-A,164,DONE,4.58584,4.58769,1.847362999797042,1.847362999797042,0.082,1.041,0.724362999797042,0.0
S00006,IMS-CSCF,core-1,148,DONE,4.58715,4.58916,2.0045459998527804,14.00454599985278,0.09,1.485,0.4295459998527802,6.0
S00002,vRAN-DU,edge-B,157,DONE,4.59551,4.59917,3.6573919999227655,3.6573919999227655,0.078,2.91,0.6693919999227655,0.0
S00003,UPF,core-1,150,DONE,4.60648,4.61216,5.678624999973181,15.67862499997318,0.082,2.328,3.268624999973181,5.0
S00001,vRAN-DU,edge-A,148,DONE,4.61542,4.61929,3.874849999874641,3.874849999874641,0.084,3.091,0.6998499998746408,0.0
S00002,vRAN-DU,edge-B,158,DONE,4.62054,4.62392,3.374350000058257,3.374350000058257,0.078,2.81,0.48635000005825724,0.0
S00005,IMS-CSCF,core-1,133,DONE,4.62075,4.62439,3.6449909998736985,13.644990999873698,0.109,2.795,0.7409909998736985,5.0
S00005,IMS-CSCF,core-1,134,DONE,4.62209,4.6268,4.7099920000164275,14.709992000016427,0.723,2.129,1.8579920000164276,5.0
S00005,IMS-CSCF,core-1,135,DONE,4.62345,4.63049,7.036319000008007,17.036319000008007,2.953,2.813,1.2703190000080071,5.0
S00005,IMS-CSCF,core-1,136,DONE,4.62397,4.63323,9.267191000162711,19.26719100016271,5.162,2.325,1.780191000162711,5.0
S00001,vRAN-DU,edge-A,149,DONE,4.62662,4.63749,10.873924000179613,10.873924000179613,0.147,10.178,0.5489240001796123,0.0
S00001,vRAN-DU,edge-A,150,DONE,4.6305,4.6364,5.900451000115936,5.900451000115936,0.082,5.096,0.7224510001159361,0.0
S00008,Transcoder,core-1,71,DONE,4.63324,4.64588,12.634221999860529,24.63422199986053,0.053,12.276,0.3052219998605281,6.0
S00001,vRAN-DU,edge-A,151,DONE,4.63453,4.64591,11.383687000034115,11.383687000034115,1.365,9.665,0.3536870000341157,0.0
S00002,vRAN-DU,edge-B,159,DONE,4.63868,4.64224,3.5605600000963022,3.5605600000963022,0.068,3.073,0.41956000009630223,0.0
S00006,IMS-CSCF,core-1,149,DONE,4.64146,4.64374,2.2819299999810028,14.281929999981003,0.068,1.649,0.5649299999810027,6.0
S00006,IMS-CSCF,core-1,150,DONE,4.64375,4.64539,1.6459390001273277,13.645939000127328,0.042,1.22,0.38393900012732773,6.0
S00001,vRAN-DU,edge-A,152,DONE,4.6454,4.6489,3.5012900000310765,3.5012900000310765,0.047,2.74,0.7142900000310761,0.0
S00003,UPF,core-1,151,DONE,4.65119,4.65384,2.6577900000575028,12.657790000057503,0.067,2.128,0.4627900000575025,5.0
S00001,vRAN-DU,edge-A,153,DONE,4.66468,4.6684,3.720359999988432,3.720359999988432,0.119,2.928,0.6733599999884321,0.0
S00001,vRAN-DU,edge-A,154,DONE,4.66803,4.67134,3.313317999982246,3.313317999982246,0.106,2.647,0.5603179999822463,0.0
S00001,vRAN-DU,edge-A,155,DONE,4.66961,4.67257,2.964829000120517,2.964829000120517,0.055,2.548,0.36182900012051666,0.0
S00004,UPF,core-1,149,DONE,4.67586,4.67891,3.054000000020096,15.054000000020096,0.126,2.034,0.8940000000200965,6.0
S00009,IoT-GW,edge-A,165,DONE,4.67827,4.6804,2.1349859998736065,2.1349859998736065,0.115,0.901,1.1189859998736063,0.0
S00010,IoT-GW,edge-B,153,DONE,4.67835,4.69049,12.139327000113553,12.139327000113553,0.128,2.012,9.999327000113553,0.0
S00001,vRAN-DU,edge-A,156,DONE,4.68041,4.69861,18.203442999947583,18.203442999947583,0.047,16.589,1.567442999947584,0.0
S00003,UPF,core-1,152,DONE,4.6905,4.69688,6.3808219999828,16.3808219999828,0.209,5.43,0.7418219999828004,5.0
S00005,IMS-CSCF,core-1,137,DONE,4.69066,4.70132,10.656697999820608,20.656697999820608,0.277,8.999,1.3806979998206081,5.0
S00005,IMS-CSCF,core-1,138,DONE,4.6907,4.70226,11.55630299990662,21.55630299990662,9.48,1.403,0.6733029999066198,5.0
S00010,IoT-GW,edge-B,154,DONE,4.69075,4.6942,3.445629999987432,3.445629999987432,0.102,2.049,1.294629999987432,0.0
S00001,vRAN-DU,edge-A,157,DONE,4.69081,4.69895,8.137655999917115,8.137655999917115,0.144,6.57,1.4236559999171146,0.0
S00001,vRAN-DU,edge-A,158,DONE,4.69664,4.70168,5.040573999849585,5.040573999849585,0.048,4.085,0.9075739998495846,0.0
S00010,IoT-GW,edge-B,155,DONE,4.69675,4.70131,4.556294999929378,4.556294999929378,0.14,2.081,2.335294999929378,0.0
S00009,IoT-GW,edge-A,166,DONE,4.70558,4.70784,2.2631049998835806,2.2631049998835806,0.249,1.199,0.8151049998835804,0.0
S00001,vRAN-DU,edge-A,159,DONE,4.7058,4.71089,5.087634000119579,5.087634000119579,0.124,2.822,2.141634000119579,0.0
S00001,vRAN-DU,edge-A,160,DONE,4.70785,4.71103,3.1811139999717852,3.1811139999717852,0.049,2.847,0.2851139999717853,0.0
S00005,IMS-CSCF,core-1,139,DONE,4.7109,4.71497,4.072773999951096,14.072773999951096,0.082,2.929,1.0617739999510962,5.0
S00007,Transcoder,core-1,96,DONE,4.71629,4.72715,10.853666000002704,20.853666000002704,0.13,9.893,0.8306660000027026,5.0
S00002,vRAN-DU,edge-B,160,DONE,4.72375,4.73193,8.18124100010209,8.18124100010209,0.196,7.117,0.868241000102091,0.0
S00004,UPF,core-1,150,DONE,4.72847,4.73148,3.011103000062576,15.011103000062576,0.066,2.38,0.5651030000625763,6.0
S00005,IMS-CSCF,core-1,140,DONE,4.73194,4.73439,2.4440259999209957,12.444025999920996,0.098,1.637,0.7090259999209958,5.0
S00010,IoT-GW,edge-B,156,DONE,4.73772,4.74031,2.585995999879742,2.585995999879742,0.108,1.666,0.8119959998797421,0.0
S00004,UPF,core-1,151,DONE,4.73913,4.7433,4.172535999941829,16.17253599994183,0.086,3.569,0.5175359999418285,6.0
S00006,IMS-CSCF,core-1,151,DONE,4.73921,4.74551,6.2987179999254295,18.29871799992543,0.126,5.678,0.4947179999254292,6.0
S00002,vRAN-DU,edge-B,161,DONE,4.73928,4.7485,9.211850000156119,9.211850000156119,0.053,7.643,1.5158500001561181,0.0
S00008,Transcoder,core-1,72,DONE,4.74789,4.75571,7.82258100002764,19.82258100002764,0.128,7.166,0.5285810000276392,6.0
S00005,IMS-CSCF,core-1,141,DONE,4.75073,4.75292,2.1934669998699974,12.193466999869997,0.065,1.615,0.5134669998699974,5.0
S00010,IoT-GW,edge-B,157,DONE,4.75082,4.75338,2.5596199998290103,2.5596199998290103,0.106,2.056,0.3976199998290104,0.0
S00009,IoT-GW,edge-A,167,DONE,4.75572,4.75735,1.629044000083013,1.629044000083013,0.076,1.116,0.4370440000830129,0.0
S00006,IMS-CSCF,core-1,152,DONE,4.75698,4.75905,2.064100000097824,14.064100000097824,0.179,1.426,0.4591000000978238,6.0
S00007,Transcoder,core-1,97,DONE,4.76028,4.76762,7.339678999869648,17.339678999869648,0.049,6.801,0.48967899986964714,5.0
S00004,UPF,core-1,152,DONE,4.76154,4.76455,3.0115370000203256,15.011537000020326,0.063,2.502,0.4465370000203257,6.0
S00006,IMS-CSCF,core-1,153,DONE,4.7616,4.76535,3.746997000007468,15.746997000007468,0.164,3.257,0.3259970000074679,6.0
S00003,UPF,core-1,153,DONE,4.76279,4.76763,4.831515999967451,14.83151599996745,0.046,4.338,0.4475159999674503,5.0
S00005,IMS-CSCF,core-1,142,DONE,4.76653,4.76868,2.151501999833272,12.151501999833272,0.06,1.758,0.3335019998332718,5.0
S00003,UPF,core-1,154,DONE,4.76678,4.7703,3.520542999922327,13.520542999922327,0.045,2.629,0.8465429999223271,5.0
S00001,vRAN-DU,edge-A,161,DONE,4.76994,4.77348,3.5400090000621276,3.5400090000621276,0.088,2.918,0.5340090000621274,0.0
S00009,IoT-GW,edge-A,168,DONE,4.77878,4.78063,1.8512530000407423,1.8512530000407423,0.082,1.184,0.5852530000407423,0.0
S00005,IMS-CSCF,core-1,143,DONE,4.78014,4.78256,2.42015599997103,12.42015599997103,0.262,1.643,0.5151559999710298,5.0
S00008,Transcoder,core-1,73,DONE,4.78373,4.79685,13.114050000012867,25.114050000012867,0.07,12.623,0.4210500000128672,6.0
S00005,IMS-CSCF,core-1,144,DONE,4.78604,4.79006,4.020158999992418,14.020158999992418,0.204,3.095,0.7211589999924177,5.0
S00004,UPF,core-1,153,DONE,4.78615,4.79007,3.9225010000336624,15.922501000033662,0.059,3.251,0.6125010000336624,6.0
S00002,vRAN-DU,edge-B,162,DONE,4.78736,4.79231,4.941095000049245,4.941095000049245,0.095,4.238,0.6080950000492447,0.0
S00010,IoT-GW,edge-B,158,DONE,4.78743,4.79261,5.1751319999766565,5.1751319999766565,0.143,4.201,0.8311319999766571,0.0
S00001,vRAN-DU,edge-A,162,DONE,4.7894,4.79689,7.489465000162454,7.489465000162454,0.077,6.276,1.1364650001624543,0.0
S00003,UPF,core-1,155,DONE,4.78947,4.79568,6.206516000020201,16.2065160000202,0.047,5.397,0.7625160000202014,5.0
S00002,vRAN-DU,edge-B,163,DONE,4.79182,4.79569,3.868442000111827,3.868442000111827,0.055,2.99,0.8234420001118266,0.0
S00009,IoT-GW,edge-A,169,DONE,4.79808,4.79958,1.5050150000206486,1.5050150000206486,0.059,1.036,0.4100150000206486,0.0
S00003,UPF,core-1,156,DONE,4.80079,4.80318,2.397638000047664,12.397638000047664,0.064,1.979,0.35463800004766366,5.0
S00008,Transcoder,core-1,74,DONE,4.80118,4.81103,9.855693999952564,21.855693999952564,0.048,8.773,1.0346939999525642,6.0
S00006,IMS-CSCF,core-1,154,DONE,4.80238,4.80387,1.4864469999338326,13.486446999933833,0.047,1.169,0.2704469999338326,6.0
S00009,IoT-GW,edge-A,170,DONE,4.80322,4.80463,1.4067260001411341,1.4067260001411341,0.055,0.991,0.3607260001411342,0.0
S00006,IMS-CSCF,core-1,155,DONE,4.8039,4.80544,1.5353349999713828,13.535334999971383,0.036,1.253,0.24633499997138286,6.0
S00004,UPF,core-1,154,DONE,4.81228,4.8152,2.9172090000884054,14.917209000088405,0.06,2.363,0.4942090000884054,6.0
S00004,UPF,core-1,155,DONE,4.81356,4.82049,6.932217999974455,18.932217999974455,1.609,2.168,3.1552179999744547,6.0
S00007,Transcoder,core-1,98,DONE,4.81481,4.82318,8.368399999881149,18.36839999988115,0.082,7.367,0.919399999881148,5.0
S00010,IoT-GW,edge-B,159,DONE,4.8205,4.82979,9.293291999938447,9.293291999938447,4.336,2.088,2.8692919999384463,0.0
S00002,vRAN-DU,edge-B,164,DONE,4.82059,4.82775,7.161261999954149,7.161261999954149,0.109,4.178,2.8742619999541494,0.0
S00004,UPF,core-1,156,DONE,4.82063,4.82434,3.7127400000827038,15.712740000082704,0.09,2.079,1.5437400000827037,6.0
S00005,IMS-CSCF,core-1,145,DONE,4.82069,4.82615,5.460403000142833,15.460403000142833,0.086,4.976,0.3984030001428325,5.0
S00004,UPF,core-1,157,DONE,4.82441,4.82764,3.2249020000563178,15.224902000056318,0.047,2.768,0.40990200005631783,6.0
S00002,vRAN-DU,edge-B,165,DONE,4.82764,4.83522,7.579632999977548,7.579632999977548,0.184,6.949,0.446632999977548,0.0
S00003,UPF,core-1,157,DONE,4.82979,4.83672,6.922841000005064,16.922841000005064,0.157,6.272,0.49384100000506415,5.0
S00005,IMS-CSCF,core-1,146,DONE,4.83203,4.83474,2.713487000164605,12.713487000164605,0.11,2.132,0.471487000164605,5.0
S00004,UPF,core-1,158,DONE,4.83215,4.83783,5.6805849999364,17.6805849999364,0.108,5.078,0.49458499993640004,6.0
S00006,IMS-CSCF,core-1,156,DONE,4.83336,4.83705,3.6890159999529715,15.689015999952971,0.066,3.245,0.3780159999529715,6.0
S00004,UPF,core-1,159,DONE,4.84104,4.84631,5.26442299997143,17.26442299997143,0.076,4.386,0.8024229999714301,6.0
S00002,vRAN-DU,edge-B,166,DONE,4.84443,4.85076,6.332117999818365,6.332117999818365,0.086,5.596,0.6501179998183648,0.0
S00003,UPF,core-1,158,DONE,4.84846,4.85101,2.548864000118556,12.548864000118556,0.094,1.961,0.4938640001185559,5.0
S00003,UPF,core-1,159,DONE,4.85434,4.85794,3.603526000006241,13.60352600000624,0.072,3.022,0.5095260000062409,5.0
S00006,IMS-CSCF,core-1,157,DONE,4.85774,4.86006,2.3207120000279247,14.320712000027925,0.134,1.73,0.4567120000279248,6.0
S00005,IMS-CSCF,core-1,147,DONE,4.85926,4.86179,2.5297770000634046,12.529777000063405,0.058,1.922,0.5497770000634048,5.0
S00010,IoT-GW,edge-B,160,DONE,4.85938,4.86154,2.153451999902245,2.153451999902245,0.634,0.892,0.6274519999022451,0.0
S00003,UPF,core-1,160,DONE,4.87837,4.88285,4.477881000184425,14.477881000184425,0.103,3.674,0.7008810001844252,5.0
S00003,UPF,core-1,161,DONE,4.87858,4.88547,6.892404000154784,16.892404000154784,4.083,2.175,0.6344040001547837,5.0
S00006,IMS-CSCF,core-1,158,DONE,4.88001,4.88441,4.3965859999843815,16.39658599998438,0.13,3.293,0.9735859999843814,6.0
S00009,IoT-GW,edge-A,171,DONE,4.88548,4.88772,2.2409609998703672,2.2409609998703672,0.086,1.588,0.5669609998703673,0.0
S00004,UPF,core-1,160,DONE,4.88896,4.89299,4.028357999914078,16.02835799991408,0.094,3.27,0.6643579999140785,6.0
S00001,vRAN-DU,edge-A,163,DONE,4.90351,4.90984,6.330296999976781,6.330296999976781,0.123,4.567,1.6402969999767807,0.0
S00004,UPF,core-1,161,DONE,4.90496,4.90907,4.119184000046516,16.119184000046516,0.121,3.208,0.7901840000465161,6.0
S00006,IMS-CSCF,core-1,159,DONE,4.90912,4.91199,2.8700469999876077,14.870046999987608,0.068,2.092,0.7100469999876076,6.0
S00002,vRAN-DU,edge-B,167,DONE,4.91432,4.92029,5.969204000166428,5.969204000166428,0.116,5.028,0.8252040001664289,0.0
S00004,UPF,core-1,162,DONE,4.91447,4.91807,3.605295999932423,15.605295999932423,0.093,2.906,0.6062959999324229,6.0
S00009,IoT-GW,edge-A,172,DONE,4.9226,4.92506,2.461241999981212,2.461241999981212,0.194,1.429,0.8382419999812118,0.0
S00004,UPF,core-1,163,DONE,4.92507,4.93265,7.58424500008914,19.58424500008914,0.108,6.729,0.7472450000891406,6.0
S00007,Transcoder,core-1,99,DONE,4.92526,4.93327,8.011776999865106,18.011776999865106,0.177,7.25,0.584776999865106,5.0
S00003,UPF,core-1,162,DONE,4.92842,4.93555,7.128965999982029,17.12896599998203,0.107,2.337,4.684965999982028,5.0
S00001,vRAN-DU,edge-A,164,DONE,4.93266,4.94092,8.263092000106553,8.263092000106553,0.109,7.413,0.7410920001065531,0.0
S00004,UPF,core-1,164,DONE,4.93328,4.93933,6.050180000102046,18.050180000102046,0.045,5.541,0.4641800001020453,6.0
S00002,vRAN-DU,edge-B,168,DONE,4.93556,4.94718,11.627067999825158,11.627067999825158,0.08,10.227,1.3200679998251577,0.0
S00001,vRAN-DU,edge-A,165,DONE,4.93565,4.94941,13.768560000016805,13.768560000016805,0.05,8.433,5.285560000016805,0.0
S00005,IMS-CSCF,core-1,148,DONE,4.94093,4.94746,6.535593000080553,16.535593000080553,0.062,6.032,0.4415930000805526,5.0
S00008,Transcoder,core-1,75,DONE,4.9422,4.95493,12.732379999988552,24.732379999988552,0.102,12.256,0.37437999998855176,6.0
S00007,Transcoder,core-1,100,DONE,4.94226,4.95252,10.256663000063782,20.25666300006378,0.05,9.351,0.8556630000637799,5.0
S00010,IoT-GW,edge-B,161,DONE,4.95253,4.95525,2.723606000017753,2.723606000017753,0.103,1.971,0.6496060000177528,0.0
S00002,vRAN-DU,edge-B,169,DONE,4.95646,4.95981,3.346567999869876,3.346567999869876,0.084,2.669,0.593567999869876,0.0
S00007,Transcoder,core-1,101,DONE,4.95987,4.97985,19.97736199996325,29.97736199996325,0.119,19.221,0.6373619999632503,5.0
S00007,Transcoder,core-1,102,DONE,4.96429,4.97618,11.892873000078907,21.892873000078907,0.088,10.325,1.4798730000789089,5.0
S00004,UPF,core-1,165,DONE,4.96671,4.96941,2.7032110001528054,14.703211000152805,0.073,2.109,0.5212110001528054,6.0
S00001,vRAN-DU,edge-A,166,DONE,4.96878,4.98179,13.00935299991579,13.00935299991579,0.114,11.728,1.1673529999157903,0.0
S00010,IoT-GW,edge-B,162,DONE,4.96941,4.9814,11.987403000148333,11.987403000148333,0.131,10.814,1.042403000148333,0.0
S00009,IoT-GW,edge-A,173,DONE,4.97241,4.98117,8.768404999955237,8.768404999955237,0.093,3.911,4.764404999955238,0.0
S00008,Transcoder,core-1,76,DONE,4.98118,4.99484,13.651403000039863,25.651403000039863,0.083,12.953,0.6154030000398638,6.0
S00009,IoT-GW,edge-A,174,DONE,4.99257,5.00099,8.41556699992907,8.41556699992907,0.242,7.189,0.9845669999290685,0.0
S00007,Transcoder,core-1,103,DONE,4.99277,5.01342,20.650675000069896,30.650675000069896,0.158,19.667,0.8256750000698929,5.0
S00009,IoT-GW,edge-A,175,DONE,4.99285,5.00588,13.030184999934136,13.030184999934136,6.159,4.643,2.228184999934136,0.0
S00003,UPF,core-1,163,DONE,4.99291,5.00044,7.536150000078123,17.536150000078123,0.225,6.406,0.9051500000781241,5.0
S00009,IoT-GW,edge-A,176,DONE,4.99711,5.00845,11.33900700006052,11.33900700006052,4.903,2.552,3.8840070000605196,0.0
S00009,IoT-GW,edge-A,177,DONE,4.99729,5.01056,13.26786100003119,13.26786100003119,7.936,1.673,3.658861000031189,0.0
S00004,UPF,core-1,166,DONE,5.00045,5.00463,4.176773000153844,16.176773000153844,0.086,3.645,0.4457730001538436,6.0
S00002,vRAN-DU,edge-B,170,DONE,5.00589,5.01484,8.952573999977176,8.952573999977176,0.108,8.175,0.6695739999771746,0.0
S00006,IMS-CSCF,core-1,160,DONE,5.00995,5.01534,5.39634599999772,17.39634599999772,0.117,2.453,2.8263459999977205,6.0
S00003,UPF,core-1,164,DONE,5.01658,5.02255,5.972164000013436,15.972164000013436,0.084,5.451,0.43716400001343647,5.0
S00008,Transcoder,core-1,77,DONE,5.01783,5.03145,13.619491000099515,25.619491000099515,0.048,13.1,0.4714910000995154,6.0
S00009,IoT-GW,edge-A,178,DONE,5.03472,5.03655,1.8234560000109923,1.8234560000109923,0.124,1.016,0.6834560000109922,0.0
S00009,IoT-GW,edge-A,179,DONE,5.03993,5.04312,3.188765999993848,3.188765999993848,0.085,1.716,1.3877659999938479,0.0
S00003,UPF,core-1,165,DONE,5.04244,5.0454,2.963480000062191,12.96348000006219,0.091,2.349,0.5234800000621904,5.0
S00001,vRAN-DU,edge-A,167,DONE,5.04313,5.04759,4.46151899996039,4.46151899996039,0.083,2.869,1.5095189999603895,0.0
S00006,IMS-CSCF,core-1,161,DONE,5.04888,5.05087,1.9874689999141992,13.9874689999142,0.067,1.402,0.5184689999141994,6.0
S00001,vRAN-DU,edge-A,168,DONE,5.04901,5.05517,6.159420999892973,6.159420999892973,0.085,5.458,0.6164209998929726,0.0
S00010,IoT-GW,edge-B,163,DONE,5.05087,5.05476,3.8849960001243744,3.8849960001243744,0.08,3.229,0.5759960001243742,0.0
S00005,IMS-CSCF,core-1,149,DONE,5.05138,5.05563,4.244163000066692,14.244163000066692,0.076,3.521,0.6471630000666924,5.0
S00004,UPF,core-1,167,DONE,5.05359,5.05729,3.6905269998896983,15.690526999889698,0.104,2.497,1.0895269998896984,6.0
S00004,UPF,core-1,168,DONE,5.05366,5.06264,8.982613000171114,20.982613000171114,2.782,3.595,2.6056130001711133,6.0
S00006,IMS-CSCF,core-1,162,DONE,5.05848,5.06271,4.232642000033593,16.232642000033593,0.055,2.14,2.037642000033593,6.0
S00007,Transcoder,core-1,104,DONE,5.05975,5.0666,6.84413199996925,16.84413199996925,0.146,6.299,0.3991319999692493,5.0
S00003,UPF,core-1,166,DONE,5.05982,5.063,3.1812679999347893,13.18126799993479,0.185,2.639,0.3572679999347894,5.0
S00002,vRAN-DU,edge-B,171,DONE,5.0652,5.06986,4.653788000041459,4.653788000041459,0.084,4.048,0.5217880000414592,0.0
S00009,IoT-GW,edge-A,180,DONE,5.07413,5.07641,2.274608000107037,2.274608000107037,0.319,1.276,0.6796080001070368,0.0
S00007,Transcoder,core-1,105,DONE,5.07543,5.08254,7.113601999890307,17.113601999890307,0.086,6.671,0.35660199989030605,5.0
S00002,vRAN-DU,edge-B,172,DONE,5.0777,5.08132,3.622687999950358,3.622687999950358,0.118,2.872,0.6326879999503583,0.0
S00007,Transcoder,core-1,106,DONE,5.08033,5.08866,8.330002000093373,18.330002000093373,0.079,6.347,1.9040020000933717,5.0
S00010,IoT-GW,edge-B,164,DONE,5.08775,5.08969,1.9395829999666603,1.9395829999666603,0.072,1.06,0.8075829999666602,0.0
S00004,UPF,core-1,169,DONE,5.08871,5.09156,2.8459920001751016,14.845992000175102,0.056,2.414,0.37599200017510137,6.0
S00005,IMS-CSCF,core-1,150,DONE,5.08969,5.09165,1.9552869998733513,11.955286999873351,0.048,1.527,0.38028699987335135,5.0
S00002,vRAN-DU,edge-B,173,DONE,5.09165,5.09513,3.482525999970676,3.482525999970676,0.054,3.044,0.38452599997067605,0.0
S00006,IMS-CSCF,core-1,163,DONE,5.09396,5.09596,1.9986519998838048,13.998651999883805,0.073,1.454,0.4716519998838049,6.0
S00004,UPF,core-1,170,DONE,5.09405,5.09817,4.121904000157883,16.121904000157883,0.215,3.362,0.5449040001578833,6.0
S00009,IoT-GW,edge-A,181,DONE,5.09601,5.09868,2.6639000000159285,2.6639000000159285,0.08,1.886,0.6979000000159286,0.0
S00007,Transcoder,core-1,107,DONE,5.10601,5.11369,7.683520999989923,17.683520999989923,0.083,6.489,1.1115209999899234,5.0
S00004,UPF,core-1,171,DONE,5.11253,5.11568,3.1516520000423043,15.151652000042304,0.056,2.019,1.076652000042304,6.0
S00006,IMS-CSCF,core-1,164,DONE,5.1137,5.11524,1.5397150000353577,13.539715000035358,0.045,1.11,0.38471500003535763,6.0
S00007,Transcoder,core-1,108,DONE,5.11687,5.12322,6.35276499997417,16.35276499997417,0.096,5.777,0.47976499997416955,5.0
S00004,UPF,core-1,172,DONE,5.12225,5.12543,3.1791310000244266,15.179131000024427,0.098,2.535,0.5461310000244266,6.0
S00004,UPF,core-1,173,DONE,5.12434,5.12937,5.026713000006566,17.026713000006566,0.798,3.797,0.4317130000065661,6.0
S00006,IMS-CSCF,core-1,165,DONE,5.12544,5.13122,5.778608000127861,17.77860800012786,0.282,2.112,3.3846080001278604,6.0
S00003,UPF,core-1,167,DONE,5.13852,5.14293,4.413064999880589,14.41306499988059,0.142,3.558,0.7130649998805891,5.0
S00010,IoT-GW,edge-B,165,DONE,5.13985,5.14151,1.6545549999591458,1.6545549999591458,0.127,1.051,0.47655499995914585,0.0
S00009,IoT-GW,edge-A,182,DONE,5.1493,5.1517,2.3994959999527055,2.3994959999527055,0.092,1.487,0.8204959999527053,0.0
S00002,vRAN-DU,edge-B,174,DONE,5.1621,5.16926,7.161330000144517,7.161330000144517,0.105,6.247,0.8093300001445165,0.0
S00008,Transcoder,core-1,78,DONE,5.16227,5.17414,11.872732000028918,23.87273200002892,0.098,9.961,1.8137320000289172,6.0
S00003,UPF,core-1,168,DONE,5.1674,5.17647,9.073275999980979,19.07327599998098,0.105,6.181,2.787275999980978,5.0
S00007,Transcoder,core-1,109,DONE,5.16752,5.1771,9.581178000189539,19.58117800018954,0.153,7.068,2.3601780001895385,5.0
S00006,IMS-CSCF,core-1,166,DONE,5.17415,5.17759,3.4380160000182514,15.438016000018251,0.09,2.849,0.4990160000182513,6.0
S00004,UPF,core-1,174,DONE,5.17461,5.18054,5.93073999993976,17.93073999993976,0.046,5.071,0.8137399999397603,6.0
S00002,vRAN-DU,edge-B,175,DONE,5.17656,5.18041,3.851648000136265,3.851648000136265,0.092,3.247,0.5126480001362652,0.0
S00009,IoT-GW,edge-A,183,DONE,5.18041,5.18254,2.130479000015839,2.130479000015839,0.078,1.51,0.5424790000158393,0.0
S00004,UPF,core-1,175,DONE,5.18581,5.1905,4.6920009999666945,16.692000999966695,0.086,3.571,1.035000999966694,6.0
S00003,UPF,core-1,169,DONE,5.1872,5.19051,3.3107839999502175,13.310783999950218,0.058,2.399,0.8537839999502177,5.0
S00006,IMS-CSCF,core-1,167,DONE,5.18952,5.19249,2.975366999862672,14.975366999862672,0.075,1.88,1.0203669998626719,6.0
S00010,IoT-GW,edge-B,166,DONE,5.18962,5.19128,1.6583799999807525,1.6583799999807525,0.081,1.075,0.5023799999807526,0.0
S00001,vRAN-DU,edge-A,169,DONE,5.1978,5.20224,4.43363599993063,4.43363599993063,0.1,3.537,0.7966359999306301,0.0
S00004,UPF,core-1,176,DONE,5.20028,5.20396,3.6759980000624637,15.675998000062464,0.096,3.008,0.5719980000624636,6.0
S00009,IoT-GW,edge-A,184,DONE,5.20224,5.2045,2.257603000089148,2.257603000089148,0.046,1.757,0.4546030000891481,0.0
S00005,IMS-CSCF,core-1,151,DONE,5.20354,5.20618,2.6477449998765223,12.647744999876522,0.047,1.898,0.7027449998765223,5.0
S00002,vRAN-DU,edge-B,176,DONE,5.20844,5.21385,5.408497999951578,5.408497999951578,0.122,4.49,0.796497999951578,0.0
S00004,UPF,core-1,177,DONE,5.20858,5.21178,3.1999679999898945,15.199967999989894,0.083,2.601,0.5159679999898943,6.0
S00001,vRAN-DU,edge-A,170,DONE,5.20867,5.21539,6.717995999906634,6.717995999906634,0.084,5.72,0.9139959999066347,0.0
S00003,UPF,core-1,170,DONE,5.21868,5.22386,5.178853999950661,15.178853999950661,0.1,4.413,0.6658539999506612,5.0
S00001,vRAN-DU,edge-A,171,DONE,5.2201,5.22349,3.3936170000288257,3.3936170000288257,0.081,2.736,0.5766170000288255,0.0
S00001,vRAN-DU,edge-A,172,DONE,5.22516,5.22938,4.218585999979041,4.218585999979041,0.069,3.553,0.596585999979041,0.0
S00009,IoT-GW,edge-A,185,DONE,5.22554,5.22997,4.436106999946787,4.436106999946787,0.099,1.233,3.104106999946787,0.0
S00007,Transcoder,core-1,110,DONE,5.22998,5.23716,7.1835339999779535,17.183533999977953,0.091,6.416,0.6765339999779529,5.0
S00005,IMS-CSCF,core-1,152,DONE,5.23137,5.23344,2.067678999992495,12.067678999992495,0.063,1.506,0.49867899999249476,5.0
S00009,IoT-GW,edge-A,186,DONE,5.23466,5.2362,1.5399349999825063,1.5399349999825063,0.077,0.941,0.5219349999825064,0.0
S00007,Transcoder,core-1,111,DONE,5.23717,5.24404,6.868829000040932,16.868829000040932,0.058,6.301,0.5098290000409325,5.0
S00009,IoT-GW,edge-A,187,DONE,5.25544,5.25779,2.3466580000786053,2.3466580000786053,0.092,1.552,0.7026580000786051,0.0
S00007,Transcoder,core-1,112,DONE,5.25682,5.26402,7.205879999901299,17.2058799999013,0.09,6.592,0.5238799999012995,5.0
S00010,IoT-GW,edge-B,167,DONE,5.26104,5.26398,2.939162999837208,2.939162999837208,0.081,2.288,0.5701629998372084,0.0
S00005,IMS-CSCF,core-1,153,DONE,5.26636,5.26855,2.190367999901355,12.190367999901355,0.086,1.55,0.5543679999013549,5.0
S00007,Transcoder,core-1,113,DONE,5.2708,5.27815,7.358530999908908,17.358530999908908,0.123,6.64,0.5955309999089078,5.0
S00009,IoT-GW,edge-A,188,DONE,5.27091,5.27272,1.8166709999150044,1.8166709999150044,0.077,1.134,0.6056709999150045,0.0
S00001,vRAN-DU,edge-A,173,DONE,5.27273,5.277,4.26067599983071,4.26067599983071,0.051,3.879,0.3306759998307096,0.0
S00010,IoT-GW,edge-B,168,DONE,5.27318,5.27799,4.817948999971122,4.817948999971122,0.075,4.306,0.436948999971122,0.0
S00006,IMS-CSCF,core-1,168,DONE,5.278,5.27978,1.7810050001116906,13.78100500011169,0.054,1.323,0.4040050001116906,6.0
S00002,vRAN-DU,edge-B,177,DONE,5.28403,5.28743,3.4083470000041416,3.4083470000041416,0.074,2.664,0.6703470000041416,0.0
S00001,vRAN-DU,edge-A,174,DONE,5.28418,5.28744,3.2631120000132796,3.2631120000132796,0.068,2.694,0.5011120000132796,0.0
S00004,UPF,core-1,178,DONE,5.28865,5.2914,2.7503950000209443,14.750395000020944,0.079,2.143,0.5283950000209443,6.0
S00003,UPF,core-1,171,DONE,5.29263,5.29531,2.6827310000498983,12.682731000049898,0.064,2.183,0.4357310000498984,5.0
S00003,UPF,core-1,172,DONE,5.29274,5.29768,4.937520999874323,14.937520999874323,2.361,2.215,0.36152099987432296,5.0
S00009,IoT-GW,edge-A,189,DONE,5.29395,5.2953,1.3497299999016832,1.3497299999016832,0.068,0.753,0.5287299999016831,0.0
S00005,IMS-CSCF,core-1,154,DONE,5.2999,5.30152,1.6226650000135123,11.622665000013512,0.058,1.164,0.40066500001351235,5.0
S00009,IoT-GW,edge-A,190,DONE,5.29999,5.30135,1.3558289999764384,1.3558289999764384,0.105,0.809,0.4418289999764383,0.0
S00003,UPF,core-1,173,DONE,5.30586,5.30874,2.8781070000150066,12.878107000015007,0.065,2.248,0.5651070000150065,5.0
S00006,IMS-CSCF,core-1,169,DONE,5.30833,5.31034,2.002073000085147,14.002073000085147,0.06,1.44,0.5020730000851472,6.0
S00001,vRAN-DU,edge-A,175,DONE,5.30842,5.31279,4.37046799993368,4.37046799993368,0.081,3.72,0.5694679999336798,0.0
S00004,UPF,core-1,179,DONE,5.33526,5.33974,4.482361999862405,16.482361999862405,0.096,3.608,0.7783619998624052,6.0
S00009,IoT-GW,edge-A,191,DONE,5.33975,5.34191,2.1592789998976514,2.1592789998976514,0.172,1.295,0.6922789998976515,0.0
S00003,UPF,core-1,174,DONE,5.34323,5.35165,8.421000999987882,18.421000999987882,0.067,7.566,0.7880009999878821,5.0
S00003,UPF,core-1,175,DONE,5.34455,5.35613,11.582426999893869,21.58242699989387,6.541,3.625,1.4164269998938686,5.0
S00002,vRAN-DU,edge-B,178,DONE,5.34578,5.35166,5.879790000108187,5.879790000108187,0.116,5.095,0.6687900001081877,0.0
S00007,Transcoder,core-1,114,DONE,5.347,5.35423,7.234509999989314,17.234509999989314,0.052,6.729,0.45350999998931396,5.0
S00010,IoT-GW,edge-B,169,DONE,5.35166,5.35621,4.553182000108791,4.553182000108791,0.095,1.435,3.023182000108791,0.0
S00010,IoT-GW,edge-B,170,DONE,5.35758,5.35978,2.196440000034272,2.196440000034272,0.054,1.754,0.38844000003427226,0.0
S00006,IMS-CSCF,core-1,170,DONE,5.35773,5.35964,1.9120870001643198,13.91208700016432,0.066,1.431,0.41508700016431965,6.0
S00010,IoT-GW,edge-B,171,DONE,5.36097,5.36272,1.7452229999435076,1.7452229999435076,0.096,1.122,0.5272229999435074,0.0
S00009,IoT-GW,edge-A,192,DONE,5.36499,5.37297,7.978739999998652,7.978739999998652,0.078,7.122,0.7787399999986517,0.0
S00010,IoT-GW,edge-B,172,DONE,5.36515,5.36667,1.518043000032776,1.518043000032776,0.065,0.859,0.5940430000327761,0.0
S00004,UPF,core-1,180,DONE,5.36645,5.36889,2.438451999978497,14.438451999978497,0.104,1.959,0.3754519999784969,6.0
S00007,Transcoder,core-1,115,DONE,5.36656,5.37661,10.050601000102688,20.050601000102688,0.092,9.54,0.4186010001026883,5.0
S00001,vRAN-DU,edge-A,176,DONE,5.37013,5.38058,10.448749000033786,10.448749000033786,0.062,7.597,2.789749000033786,0.0
S00009,IoT-GW,edge-A,193,DONE,5.37019,5.37921,9.017173999836814,9.017173999836814,0.275,5.802,2.940173999836814,0.0
S00001,vRAN-DU,edge-A,177,DONE,5.37784,5.38221,4.366164999964894,4.366164999964894,0.924,3.018,0.42416499996489465,0.0
S00007,Transcoder,core-1,116,DONE,5.38034,5.38842,8.082083000090279,18.08208300009028,0.071,6.241,1.7700830000902794,5.0
S00004,UPF,core-1,181,DONE,5.38344,5.38608,2.637107000055039,14.637107000055039,0.077,2.122,0.4381070000550391,6.0
S00008,Transcoder,core-1,79,DONE,5.38829,5.3954,7.11084599993228,19.11084599993228,0.046,6.761,0.30384599993228,6.0
S00005,IMS-CSCF,core-1,155,DONE,5.39164,5.3935,1.8620909997935087,11.862090999793509,0.052,1.424,0.3860909997935087,5.0
S00009,IoT-GW,edge-A,194,DONE,5.39299,5.39652,3.5274589999971795,3.5274589999971795,0.074,2.923,0.5304589999971796,0.0
S00001,vRAN-DU,edge-A,178,DONE,5.39545,5.39938,3.928905000066152,3.928905000066152,0.097,3.338,0.4939050000661518,0.0
S00006,IMS-CSCF,core-1,171,DONE,5.39768,5.39939,1.701786000012362,13.701786000012362,0.054,1.278,0.36978600001236184,6.0
S00003,UPF,core-1,176,DONE,5.39943,5.40202,2.585142999805612,12.585142999805612,0.044,2.203,0.338142999805612,5.0
S00010,IoT-GW,edge-B,173,DONE,5.40067,5.4021,1.43639200018697,1.43639200018697,0.071,0.957,0.4083920001869702,0.0
S00007,Transcoder,core-1,117,DONE,5.40327,5.40956,6.289980000019568,16.28998000001957,0.049,5.909,0.33198000001956807,5.0
S00005,IMS-CSCF,core-1,156,DONE,5.40561,5.40713,1.5128359998470842,11.512835999847084,0.049,1.086,0.37783599984708416,5.0
S00003,UPF,core-1,177,DONE,5.40933,5.41316,3.8335940000706614,13.833594000070661,0.04,3.316,0.47759400007066155,5.0
S00006,IMS-CSCF,core-1,172,DONE,5.41073,5.41445,3.7114270000984106,15.71142700009841,0.044,3.275,0.3924270000984107,6.0
S00007,Transcoder,core-1,118,DONE,5.41666,5.42341,6.744386000036684,16.744386000036684,0.053,6.311,0.3803860000366841,5.0
S00001,vRAN-DU,edge-A,179,DONE,5.41793,5.42162,3.693827000006422,3.693827000006422,0.079,3.187,0.42782700000642215,0.0
S00010,IoT-GW,edge-B,174,DONE,5.42561,5.42728,1.6750350000620529,1.6750350000620529,0.074,1.186,0.41503500006205285,0.0
S00007,Transcoder,core-1,119,DONE,5.42946,5.43819,8.725228000002971,18.72522800000297,0.079,8.207,0.43922800000297,5.0
S00002,vRAN-DU,edge-B,179,DONE,5.43175,5.43917,7.418579999921349,7.418579999921349,0.055,6.81,0.5535799999213493,0.0
S00001,vRAN-DU,edge-A,180,DONE,5.43502,5.43814,3.119141000070158,3.119141000070158,0.071,2.535,0.5131410000701577,0.0
S00003,UPF,core-1,178,DONE,5.43824,5.44097,2.7302129999497993,12.7302129999498,0.056,2.161,0.5132129999497992,5.0
S00005,IMS-CSCF,core-1,157,DONE,5.44097,5.44264,1.6715550000299118,11.671555000029912,0.049,1.247,0.3755550000299117,5.0
S00007,Transcoder,core-1,120,DONE,5.44686,5.45402,7.163323999975546,17.163323999975546,0.071,6.569,0.5233239999755464,5.0
S00004,UPF,core-1,182,DONE,5.44828,5.45427,5.994629000042551,17.99462900004255,0.058,5.28,0.6566290000425505,6.0
S00004,UPF,core-1,183,DONE,5.44835,5.45656,8.209963999888714,20.209963999888714,5.785,2.046,0.3789639998887142,6.0
S00001,vRAN-DU,edge-A,181,DONE,5.45067,5.45459,3.9181690001441893,3.9181690001441893,0.093,3.344,0.4811690001441895,0.0
S00006,IMS-CSCF,core-1,173,DONE,5.45776,5.45953,1.763864000167814,13.763864000167814,0.052,1.328,0.38386400016781397,6.0
S00009,IoT-GW,edge-A,195,DONE,5.4658,5.47014,4.339092000009259,4.339092000009259,0.08,3.03,1.2290920000092593,0.0
S00002,vRAN-DU,edge-B,180,DONE,5.46593,5.47042,4.490396999926816,4.490396999926816,0.076,4.014,0.40039699992681577,0.0
S00009,IoT-GW,edge-A,196,DONE,5.46637,5.47122,4.856006000181878,4.856006000181878,0.732,1.478,2.6460060001818784,0.0
S00006,IMS-CSCF,core-1,174,DONE,5.46761,5.47136,3.7428860000545683,15.742886000054568,0.074,3.116,0.5528860000545683,6.0
S00010,IoT-GW,edge-B,175,DONE,5.47123,5.47286,1.6371859999253502,1.6371859999253502,0.055,1.206,0.3761859999253503,0.0
S00006,IMS-CSCF,core-1,175,DONE,5.47511,5.47728,2.173039000126664,14.173039000126664,0.081,1.484,0.6080390001266642,6.0
S00008,Transcoder,core-1,80,DONE,5.47519,5.48501,9.826305999922624,21.826305999922624,0.306,9.074,0.4463059999226253,6.0
S00002,vRAN-DU,edge-B,181,DONE,5.47637,5.47986,3.493040999956065,3.493040999956065,0.062,2.922,0.5090409999560652,0.0
S00004,UPF,core-1,184,DONE,5.4884,5.49139,2.9898039999807224,14.989803999980722,0.08,2.081,0.8288039999807224,6.0
S00009,IoT-GW,edge-A,197,DONE,5.49077,5.49244,1.6786319999937405,1.6786319999937405,0.137,1.065,0.4766319999937405,0.0
S00004,UPF,core-1,185,DONE,5.49873,5.50192,3.1907610000416753,15.190761000041675,0.095,2.458,0.6377610000416749,6.0
S00005,IMS-CSCF,core-1,158,DONE,5.50008,5.50224,2.1617460001834843,12.161746000183484,0.061,1.717,0.38374600018348426,5.0
S00010,IoT-GW,edge-B,176,DONE,5.50443,5.50626,1.8228500000532222,1.8228500000532222,0.075,1.034,0.7138500000532222,0.0
S00003,UPF,core-1,179,DONE,5.50572,5.50809,2.375921000066228,12.375921000066228,0.051,1.944,0.38092100006622776,5.0
S00009,IoT-GW,edge-A,198,DONE,5.5081,5.50993,1.830691000122897,1.830691000122897,0.106,1.181,0.543691000122897,0.0
S00005,IMS-CSCF,core-1,159,DONE,5.51317,5.51508,1.9116129999474651,11.911612999947465,0.065,1.371,0.4756129999474652,5.0
S00005,IMS-CSCF,core-1,160,DONE,5.5163,5.51876,2.4567259999912494,12.45672599999125,0.069,1.821,0.5667259999912495,5.0
S00007,Transcoder,core-1,121,DONE,5.51762,5.52538,7.75505499996143,17.75505499996143,0.051,7.179,0.52505499996143,5.0
S00009,IoT-GW,edge-A,199,DONE,5.51771,5.51947,1.763263000157167,1.763263000157167,0.127,1.145,0.49126300015716695,0.0
S00008,Transcoder,core-1,81,DONE,5.53776,5.54497,7.2163679999448505,19.21636799994485,0.086,6.337,0.7933679999448504,6.0
S00009,IoT-GW,edge-A,200,DONE,5.55728,5.55929,2.009621000070183,2.009621000070183,0.092,1.217,0.7006210000701829,0.0
S00010,IoT-GW,edge-B,177,DONE,5.55866,5.56098,2.3226250000334403,2.3226250000334403,0.443,1.386,0.49362500003344034,0.0
S00009,IoT-GW,edge-A,201,DONE,5.5593,5.56068,1.3840320000326756,1.3840320000326756,0.059,0.931,0.3940320000326756,0.0
S00007,Transcoder,core-1,122,DONE,5.56218,5.56893,6.750157999931616,16.750157999931616,0.079,6.105,0.5661579999316162,5.0
S00001,vRAN-DU,edge-A,182,DONE,5.56652,5.56972,3.1990030001907144,3.1990030001907144,0.089,2.699,0.41100300019071456,0.0
S00002,vRAN-DU,edge-B,182,DONE,5.56894,5.57348,4.541001000006872,4.541001000006872,0.106,3.508,0.9270010000068725,0.0
S00010,IoT-GW,edge-B,178,DONE,5.5709,5.5724,1.4999719999195804,1.4999719999195804,0.075,0.937,0.4879719999195804,0.0
S00010,IoT-GW,edge-B,179,DONE,5.57349,5.57487,1.3819419998526428,1.3819419998526428,0.045,0.997,0.33994199985264284,0.0
S00006,IMS-CSCF,core-1,176,DONE,5.57491,5.57694,2.0303989999774785,14.030398999977479,0.076,1.519,0.43539899997747855,6.0
S00009,IoT-GW,edge-A,202,DONE,5.58437,5.58632,1.9425259999934497,1.9425259999934497,0.091,1.227,0.6245259999934496,0.0
S00009,IoT-GW,edge-A,203,DONE,5.58451,5.58745,2.932582000084949,2.932582000084949,1.481,0.985,0.4665820000849489,0.0
S00003,UPF,core-1,180,DONE,5.59067,5.5936,2.9277299997829687,12.927729999782969,0.111,2.309,0.5077299997829683,5.0
S00009,IoT-GW,edge-A,204,DONE,5.59297,5.59433,1.3668849999248778,1.3668849999248778,0.058,0.913,0.3958849999248777,0.0
S00008,Transcoder,core-1,82,DONE,5.59652,5.6028,6.279631999859703,18.279631999859703,0.061,5.788,0.4306319998597026,6.0
S00003,UPF,core-1,181,DONE,5.59981,5.6021,2.2937020000881603,12.29370200008816,0.104,1.779,0.41070200008816027,5.0
S00002,vRAN-DU,edge-B,183,DONE,5.60807,5.61164,3.569019999986267,3.569019999986267,0.078,2.806,0.6850199999862672,0.0
S00001,vRAN-DU,edge-A,183,DONE,5.61142,5.61468,3.2574019999174197,3.2574019999174197,0.077,2.71,0.4704019999174198,0.0
S00006,IMS-CSCF,core-1,177,DONE,5.6179,5.62016,2.25507700019989,14.25507700019989,0.102,1.519,0.6340770001998901,6.0
S00003,UPF,core-1,182,DONE,5.62017,5.62281,2.6449179999872285,12.644917999987229,0.074,2.053,0.5179179999872288,5.0
S00005,IMS-CSCF,core-1,161,DONE,5.62282,5.62551,2.6983029999883,12.6983029999883,0.151,2.027,0.5203029999883002,5.0
S00004,UPF,core-1,186,DONE,5.62288,5.62578,2.898040999980367,14.898040999980367,0.066,2.45,0.3820409999803669,6.0
S00006,IMS-CSCF,core-1,178,DONE,5.62696,5.62868,1.7179439998926682,13.717943999892668,0.052,1.296,0.36994399989266813,6.0
S00004,UPF,core-1,187,DONE,5.62988,5.63681,6.931608999821037,18.931608999821037,0.092,6.321,0.5186089998210379,6.0
S00008,Transcoder,core-1,83,DONE,5.63117,5.63838,7.208825000134311,19.20882500013431,0.045,6.754,0.4098250001343118,6.0
S00010,IoT-GW,edge-B,180,DONE,5.64373,5.64845,4.72613400006594,4.72613400006594,0.219,1.611,2.89613400006594,0.0
S00002,vRAN-DU,edge-B,184,DONE,5.64391,5.64977,5.853653000031045,5.853653000031045,0.09,3.677,2.086653000031045,0.0
S00003,UPF,core-1,183,DONE,5.66051,5.66544,4.931335000037507,14.931335000037507,0.124,3.885,0.9223350000375072,5.0
S00007,Transcoder,core-1,123,DONE,5.66516,5.678,12.844732000075965,22.844732000075965,0.073,12.255,0.5167320000759634,5.0
S00010,IoT-GW,edge-B,181,DONE,5.66776,5.67737,9.604880000097182,9.604880000097182,0.197,8.486,0.9218800000971825,0.0
S00009,IoT-GW,edge-A,205,DONE,5.67125,5.67752,6.266550999953324,6.266550999953324,0.079,5.744,0.4435509999533247,0.0
S00004,UPF,core-1,188,DONE,5.67185,5.67496,3.10889499996847,15.10889499996847,0.161,2.235,0.7128949999684702,6.0
S00008,Transcoder,core-1,84,DONE,5.67196,5.68567,13.713577000089572,25.713577000089572,0.152,12.269,1.2925770000895724,6.0
S00010,IoT-GW,edge-B,182,DONE,5.67738,5.67921,1.8330230000174197,1.8330230000174197,0.075,1.123,0.6350230000174197,0.0
S00003,UPF,core-1,184,DONE,5.67921,5.68157,2.3542389999420266,12.354238999942027,0.059,1.888,0.4072389999420265,5.0
S00006,IMS-CSCF,core-1,179,DONE,5.68157,5.68327,1.6954110001279332,13.695411000127933,0.05,1.214,0.4314110001279332,6.0
S00004,UPF,core-1,189,DONE,5.68332,5.68595,2.631789999895773,14.631789999895773,0.047,2.161,0.4237899998957726,6.0
S00005,IMS-CSCF,core-1,162,DONE,5.68568,5.69352,7.843977999982599,17.8439779999826,0.084,6.993,0.7669779999825987,5.0
S00005,IMS-CSCF,core-1,163,DONE,5.68576,5.69674,10.97689000016544,20.97689000016544,7.071,3.186,0.7198900001654405,5.0
S00001,vRAN-DU,edge-A,184,DONE,5.68939,5.70018,10.788931999968554,10.788931999968554,0.086,8.355,2.3479319999685533,0.0
S00005,IMS-CSCF,core-1,164,DONE,5.69236,5.70077,8.400734999895576,18.400734999895576,3.392,3.813,1.1957349998955764,5.0
S00001,vRAN-DU,edge-A,185,DONE,5.69258,5.70027,7.697434999954567,7.697434999954567,0.185,6.849,0.6634349999545668,0.0
S00009,IoT-GW,edge-A,206,DONE,5.69353,5.70019,6.6578370001479925,6.6578370001479925,4.398,1.178,1.0818370001479929,0.0
S00006,IMS-CSCF,core-1,180,DONE,5.69361,5.70078,7.173188000024311,19.17318800002431,0.085,3.765,3.323188000024311,6.0
S00001,vRAN-DU,edge-A,186,DONE,5.70929,5.71844,9.14656300005845,9.14656300005845,0.094,8.346,0.7065630000584502,0.0
S00005,IMS-CSCF,core-1,165,DONE,5.70951,5.71621,6.707374000143318,16.707374000143318,0.124,4.648,1.9353740001433186,5.0
S00001,vRAN-DU,edge-A,187,DONE,5.7104,5.71749,7.089658000040799,7.089658000040799,0.083,3.41,3.596658000040799,0.0
S00005,IMS-CSCF,core-1,166,DONE,5.71048,5.71627,5.786033000049429,15.786033000049429,3.916,1.142,0.7280330000494288,5.0
S00003,UPF,core-1,185,DONE,5.71075,5.71626,5.509770999879038,15.509770999879038,0.11,3.51,1.8897709998790377,5.0
S00009,IoT-GW,edge-A,207,DONE,5.71435,5.71877,4.416705000039656,4.416705000039656,1.009,1.118,2.289705000039656,0.0
S00009,IoT-GW,edge-A,208,DONE,5.71445,5.72054,6.095512999991115,6.095512999991115,2.287,1.414,2.3945129999911154,0.0
S00006,IMS-CSCF,core-1,181,DONE,5.72055,5.72259,2.0413600000210863,14.041360000021086,0.084,1.441,0.5163600000210862,6.0
S00008,Transcoder,core-1,85,DONE,5.72582,5.73649,10.665249999874504,22.665249999874504,0.074,9.796,0.7952499998745051,6.0
S00003,UPF,core-1,186,DONE,5.73238,5.73507,2.6908479999292467,12.690847999929247,0.07,2.014,0.6068479999292471,5.0
S00007,Transcoder,core-1,124,DONE,5.73649,5.74564,9.147322999979224,19.147322999979224,0.085,7.827,1.235322999979223,5.0
S00009,IoT-GW,edge-A,209,DONE,5.73988,5.74445,4.577642999947784,4.577642999947784,0.124,3.668,0.7856429999477843,0.0
S00009,IoT-GW,edge-A,210,DONE,5.74123,5.74581,4.582420000133425,4.582420000133425,2.746,1.215,0.6214200001334247,0.0
S00002,vRAN-DU,edge-B,185,DONE,5.74133,5.74851,7.1789619998980925,7.1789619998980925,0.082,5.815,1.2819619998980922,0.0
S00001,vRAN-DU,edge-A,188,DONE,5.7457,5.75019,4.493409000133397,4.493409000133397,0.146,3.592,0.7554090001333971,0.0
S00010,IoT-GW,edge-B,183,DONE,5.74851,5.75139,2.8782520000731893,2.8782520000731893,0.084,1.64,1.1542520000731893,0.0
S00010,IoT-GW,edge-B,184,DONE,5.74859,5.75292,4.333148000114306,4.333148000114306,1.944,1.245,1.1441480001143063,0.0
S00005,IMS-CSCF,core-1,167,DONE,5.74863,5.75121,2.579944999979489,12.579944999979489,0.136,1.855,0.5889449999794887,5.0
S00001,vRAN-DU,edge-A,189,DONE,5.75421,5.75934,5.122273999859317,5.122273999859317,0.088,4.569,0.46527399985931694,0.0
S00004,UPF,core-1,190,DONE,5.75468,5.75896,4.278796000107832,16.278796000107832,1.549,2.004,0.7257960001078319,6.0
S00005,IMS-CSCF,core-1,168,DONE,5.75708,5.76032,3.242768000063734,13.242768000063734,0.096,2.477,0.6697680000637338,5.0
S00004,UPF,core-1,191,DONE,5.75718,5.7617,4.526385999952254,16.526385999952254,1.207,2.672,0.6473859999522538,6.0
S00005,IMS-CSCF,core-1,169,DONE,5.76398,5.76737,3.3949889998439176,13.394988999843918,0.097,1.825,1.4729889998439176,5.0
S00006,IMS-CSCF,core-1,182,DONE,5.76411,5.77246,8.345365999957721,20.34536599995772,0.151,5.809,2.3853659999577213,6.0
S00007,Transcoder,core-1,125,DONE,5.76429,5.77849,14.203625000163811,24.20362500016381,0.155,12.821,1.2276250001638118,5.0
S00002,vRAN-DU,edge-B,186,DONE,5.76657,5.77273,6.158008000056725,6.158008000056725,0.076,4.001,2.081008000056725,0.0
S00009,IoT-GW,edge-A,211,DONE,5.76666,5.76881,2.145143999996435,2.145143999996435,0.149,1.411,0.585143999996435,0.0
S00003,UPF,core-1,187,DONE,5.77246,5.77511,2.6440019998972275,12.644001999897228,0.069,1.982,0.5930019998972276,5.0
S00005,IMS-CSCF,core-1,170,DONE,5.78478,5.78743,2.651482999908694,12.651482999908694,0.098,1.4,1.1534829999086944,5.0
S00003,UPF,core-1,188,DONE,5.78743,5.79189,4.457830999854195,14.457830999854195,0.067,3.753,0.6378309998541951,5.0
S00010,IoT-GW,edge-B,185,DONE,5.79201,5.79533,3.323160000036296,3.323160000036296,0.127,1.714,1.4821600000362962,0.0
S00009,IoT-GW,edge-A,212,DONE,5.79278,5.79586,3.0742179999379005,3.0742179999379005,0.115,2.307,0.6522179999379003,0.0
S00004,UPF,core-1,192,DONE,5.79421,5.79879,4.586206999874776,16.586206999874776,0.092,3.73,0.764206999874776,6.0
S00006,IMS-CSCF,core-1,183,DONE,5.79713,5.80054,3.4074879999934637,15.407487999993464,0.118,2.633,0.6564879999934639,6.0
S00006,IMS-CSCF,core-1,184,DONE,5.80018,5.80323,3.0512649998399866,15.051264999839987,0.059,2.276,0.7162649998399866,6.0
S00003,UPF,core-1,189,DONE,5.80285,5.80851,5.658322000044791,15.658322000044791,0.074,3.99,1.5943220000447909,5.0
S00002,vRAN-DU,edge-B,187,DONE,5.80548,5.81102,5.539387999988321,5.539387999988321,0.116,4.794,0.6293879999883218,0.0
S00003,UPF,core-1,190,DONE,5.8061,5.81416,8.057189000055587,18.057189000055587,1.223,6.279,0.555189000055587,5.0
S00003,UPF,core-1,191,DONE,5.80977,5.82041,10.641565000014452,20.641565000014452,3.963,5.752,0.9265650000144525,5.0
S00010,IoT-GW,edge-B,186,DONE,5.81107,5.81312,2.0512070000222593,2.0512070000222593,0.066,1.258,0.7272070000222592,0.0
S00008,Transcoder,core-1,86,DONE,5.81236,5.82726,14.90043500007232,26.90043500007232,0.148,13.879,0.8734350000723214,6.0
S00005,IMS-CSCF,core-1,171,DONE,5.81423,5.8208,6.575842999836823,16.575842999836823,0.07,5.368,1.1378429998368222,5.0
S00010,IoT-GW,edge-B,187,DONE,5.82042,5.82193,1.5121930000532302,1.5121930000532302,0.053,1.143,0.31619300005323026,0.0
S00007,Transcoder,core-1,126,DONE,5.8207,5.83367,12.977762999980769,22.97776299998077,0.085,12.289,0.6037629999807681,5.0
S00005,IMS-CSCF,core-1,172,DONE,5.83248,5.83586,3.381227999852854,13.381227999852854,0.059,2.863,0.4592279998528537,5.0
S00008,Transcoder,core-1,87,DONE,5.83586,5.8457,9.83881700017264,21.83881700017264,0.09,9.297,0.4518170001726389,6.0
S00009,IoT-GW,edge-A,213,DONE,5.84037,5.84219,1.8173519999891141,1.8173519999891141,0.096,1.062,0.659351999989114,0.0
S00010,IoT-GW,edge-B,188,DONE,5.84046,5.84361,3.144691999978022,3.144691999978022,0.076,2.609,0.459691999978022,0.0
S00003,UPF,core-1,192,DONE,5.84166,5.84569,4.031169000199952,14.031169000199952,0.057,3.433,0.5411690001999525,5.0
S00009,IoT-GW,edge-A,214,DONE,5.8422,5.84471,2.509646999897086,2.509646999897086,0.048,2.101,0.36064699989708604,0.0
S00001,vRAN-DU,edge-A,190,DONE,5.84361,5.84834,4.731405000029554,4.731405000029554,0.052,3.749,0.9304050000295541,0.0
S00002,vRAN-DU,edge-B,188,DONE,5.84571,5.85127,5.561146999980338,5.561146999980338,0.069,2.705,2.7871469999803375,0.0
S00004,UPF,core-1,193,DONE,5.85062,5.85359,2.9619920001096034,14.961992000109603,0.104,2.232,0.6259920001096031,6.0
S00003,UPF,core-1,193,DONE,5.85359,5.85645,2.85664199986968,12.85664199986968,0.054,2.41,0.3926419998696802,5.0
S00004,UPF,core-1,194,DONE,5.86279,5.86783,5.039632000034544,17.039632000034544,0.105,2.864,2.0706320000345437,6.0
S00002,vRAN-DU,edge-B,189,DONE,5.86294,5.8676,4.660263000005216,4.660263000005216,0.089,2.89,1.6812630000052153,0.0
S00008,Transcoder,core-1,88,DONE,5.86761,5.87472,7.107886000085273,19.107886000085273,0.044,6.471,0.5928860000852731,6.0
S00002,vRAN-DU,edge-B,190,DONE,5.87117,5.879,7.837354999992385,7.837354999992385,0.069,7.295,0.4733549999923854,0.0
S00007,Transcoder,core-1,127,DONE,5.87136,5.88077,9.410450000132187,19.410450000132187,0.084,8.898,0.42845000013218737,5.0
S00001,vRAN-DU,edge-A,191,DONE,5.87473,5.87835,3.6230670000350074,3.6230670000350074,0.085,2.783,0.7550670000350075,0.0
S00005,IMS-CSCF,core-1,173,DONE,5.88197,5.88387,1.896000999977332,11.896000999977332,0.06,1.472,0.36400099997733193,5.0
S00006,IMS-CSCF,core-1,185,DONE,5.89438,5.89757,3.1879589998879965,15.187958999887996,0.119,2.474,0.5949589998879965,6.0
S00008,Transcoder,core-1,89,DONE,5.89514,5.90262,7.476530000076309,19.47653000007631,0.088,6.486,0.9025300000763092,6.0
S00003,UPF,core-1,194,DONE,5.89641,5.90294,6.5284720001272945,16.528472000127294,0.075,6.089,0.36447200012729386,5.0
S00006,IMS-CSCF,core-1,186,DONE,5.90419,5.90725,3.0622950000633864,15.062295000063386,0.114,2.264,0.6842950000633867,6.0
S00010,IoT-GW,edge-B,189,DONE,5.90435,5.9072,2.8465650000271125,2.8465650000271125,0.106,2.152,0.5885650000271125,0.0
S00004,UPF,core-1,195,DONE,5.91355,5.91677,3.224319000082687,15.224319000082687,0.132,2.45,0.6423190000826868,6.0
S00003,UPF,core-1,195,DONE,5.91368,5.92157,7.886268999982349,17.88626899998235,0.201,6.893,0.7922689999823493,5.0
S00001,vRAN-DU,edge-A,192,DONE,5.91621,5.92086,4.6564879999095865,4.6564879999095865,0.097,3.962,0.5974879999095859,0.0
S00001,vRAN-DU,edge-A,193,DONE,5.91636,5.92027,3.9098950001061894,3.9098950001061894,0.353,2.96,0.5968950001061897,0.0
S00005,IMS-CSCF,core-1,174,DONE,5.91907,5.92299,3.92211700000189,13.92211700000189,0.064,3.304,0.5541170000018902,5.0
S00010,IoT-GW,edge-B,190,DONE,5.91918,5.92158,2.3969779999788443,2.3969779999788443,0.083,1.666,0.6479779999788442,0.0
S00009,IoT-GW,edge-A,215,DONE,5.92158,5.92323,1.6466309998577344,1.6466309998577344,0.059,1.114,0.4736309998577344,0.0
S00003,UPF,core-1,196,DONE,5.92309,5.92628,3.18190300004062,13.18190300004062,0.044,2.58,0.55790300004062,5.0
S00006,IMS-CSCF,core-1,187,DONE,5.92435,5.92837,4.0265439999984665,16.026543999998466,0.052,2.329,1.6455439999984662,6.0
S00009,IoT-GW,edge-A,216,DONE,5.92578,5.92941,3.625276999855487,3.625276999855487,0.326,2.4,0.8992769998554868,0.0
S00001,vRAN-DU,edge-A,194,DONE,5.92628,5.92969,3.4068489999299345,3.4068489999299345,0.068,2.944,0.3948489999299345,0.0
S00009,IoT-GW,edge-A,217,DONE,5.93599,5.93826,2.2691060000852303,2.2691060000852303,0.077,1.22,0.9721060000852304,0.0
S00003,UPF,core-1,197,DONE,5.93747,5.94039,2.9224470001736336,12.922447000173634,0.086,2.248,0.5884470001736335,5.0
S00007,Transcoder,core-1,128,DONE,5.94564,5.95212,6.479691999857096,16.479691999857096,0.067,5.867,0.5456919998570955,5.0
S00004,UPF,core-1,196,DONE,5.94706,5.94964,2.5825799998528964,14.582579999852896,0.061,2.068,0.45357999985289643,6.0
S00006,IMS-CSCF,core-1,188,DONE,5.96645,5.96911,2.6568579999093345,14.656857999909334,0.121,1.758,0.7778579999093345,6.0
S00010,IoT-GW,edge-B,191,DONE,5.97238,5.97438,1.998853000031886,1.998853000031886,0.076,1.305,0.617853000031886,0.0
S00007,Transcoder,core-1,129,DONE,5.97561,5.98322,7.608984999933455,17.608984999933455,0.181,6.937,0.49098499993345435,5.0
S00003,UPF,core-1,198,DONE,5.97576,5.97911,3.3434560000387137,13.343456000038714,0.419,2.226,0.6984560000387137,5.0
S00008,Transcoder,core-1,90,DONE,5.98137,5.9882,6.825153000136197,18.825153000136197,0.061,6.168,0.596153000136197,6.0
S00009,IoT-GW,edge-A,218,DONE,5.98547,5.98886,3.3872730000439333,3.3872730000439333,0.081,2.337,0.9692730000439331,0.0
S00006,IMS-CSCF,core-1,189,DONE,5.98728,5.98972,2.4326759998984926,14.432675999898493,0.147,1.586,0.6996759998984927,6.0
S00009,IoT-GW,edge-A,219,DONE,5.99089,5.99359,2.7034060001369653,2.7034060001369653,0.078,2.117,0.5084060001369655,0.0
S00009,IoT-GW,edge-A,220,DONE,5.9932,5.99539,2.1944160000657575,2.1944160000657575,0.057,1.358,0.7794160000657575,0.0
S00006,IMS-CSCF,core-1,190,DONE,5.99544,5.99775,2.3118110000268643,14.311811000026864,0.081,1.708,0.5228110000268644,6.0
S00002,vRAN-DU,edge-B,191,DONE,6.00309,6.00678,3.697688000102062,3.697688000102062,0.08,3.028,0.5896880001020617,0.0
S00005,IMS-CSCF,core-1,175,DONE,6.00443,6.0089,4.470314999934999,14.470314999934999,0.071,3.88,0.5193149999349993,5.0
S00010,IoT-GW,edge-B,192,DONE,6.00452,6.01295,8.425858999999036,8.425858999999036,0.134,7.569,0.722858999999036,0.0
S00008,Transcoder,core-1,91,DONE,6.00575,6.01379,8.03939000002174,20.03939000002174,0.052,7.492,0.4953900000217404,6.0
S00003,UPF,core-1,199,DONE,6.00679,6.01937,12.580759000002217,22.580759000002217,0.129,7.514,4.937759000002218,5.0
S00005,IMS-CSCF,core-1,176,DONE,6.02071,6.02752,6.812316000150531,16.81231600015053,0.125,5.806,0.8813160001505311,5.0
S00007,Transcoder,core-1,130,DONE,6.02093,6.03557,14.639320000014777,24.639320000014777,0.05,13.974,0.6153200000147763,5.0
S00006,IMS-CSCF,core-1,191,DONE,6.02333,6.03576,12.429407000126957,24.429407000126957,0.055,11.605,0.7694070001269573,6.0
S00008,Transcoder,core-1,92,DONE,6.02679,6.05688,30.092476999925566,42.092476999925566,0.054,29.187,0.8514769999255662,6.0
S00003,UPF,core-1,200,DONE,6.02687,6.04705,20.178137000129936,30.178137000129936,0.091,16.529,3.5581370001299355,5.0
S00001,vRAN-DU,edge-A,195,DONE,6.03071,6.03415,3.4432249999554188,3.4432249999554188,0.123,2.861,0.4592249999554183,0.0
S00010,IoT-GW,edge-B,193,DONE,6.03298,6.0358,2.8239509999821166,2.8239509999821166,0.089,1.065,1.6699509999821167,0.0
S00010,IoT-GW,edge-B,194,DONE,6.03908,6.0409,1.8268600001647428,1.8268600001647428,0.065,0.822,0.9398600001647429,0.0
S00004,UPF,core-1,197,DONE,6.04041,6.04705,6.646842999998626,18.646842999998626,0.079,5.243,1.3248429999986255,6.0
S00003,UPF,core-1,201,DONE,6.04212,6.0471,4.983908999975029,14.983908999975029,1.731,2.639,0.6139089999750289,5.0
S00009,IoT-GW,edge-A,221,DONE,6.04218,6.04658,4.402007999942725,4.402007999942725,0.064,0.932,3.4060079999427253,0.0
S00008,Transcoder,core-1,93,DONE,6.04669,6.05879,12.099687000045378,24.09968700004538,0.104,11.566,0.4296870000453783,6.0
S00007,Transcoder,core-1,131,DONE,6.04674,6.0644,17.662814999994225,27.662814999994225,0.048,16.603,1.0118149999942254,5.0
S00003,UPF,core-1,202,DONE,6.04678,6.05704,10.26575299988508,20.26575299988508,0.041,9.322,0.902752999885081,5.0
S00009,IoT-GW,edge-A,222,DONE,6.05533,6.06071,5.387199000097098,5.387199000097098,0.087,4.688,0.6121990000970987,0.0
S00002,vRAN-DU,edge-B,192,DONE,6.06194,6.06549,3.5522900000160007,3.5522900000160007,0.082,3.016,0.45429000001600084,0.0
S00010,IoT-GW,edge-B,195,DONE,6.06669,6.06872,2.0356709999305167,2.0356709999305167,0.123,1.295,0.6176709999305168,0.0
S00009,IoT-GW,edge-A,223,DONE,6.06994,6.07268,2.7450689999568567,2.7450689999568567,0.066,2.074,0.605068999956857,0.0
S00002,vRAN-DU,edge-B,193,DONE,6.07269,6.09258,19.893484000022,19.893484000022,4.016,13.246,2.631484000021999,0.0
S00007,Transcoder,core-1,132,DONE,6.07695,6.08371,6.762599000012415,16.762599000012415,0.078,6.143,0.5415990000124147,5.0
S00002,vRAN-DU,edge-B,194,DONE,6.08304,6.09488,11.834570000019085,11.834570000019085,0.081,11.119,0.6345700000190853,0.0
S00001,vRAN-DU,edge-A,196,DONE,6.08312,6.08952,6.399337999937416,6.399337999937416,0.066,4.845,1.488337999937416,0.0
S00004,UPF,core-1,198,DONE,6.08372,6.08632,2.6048000001992477,14.604800000199248,0.051,2.272,0.2818000001992478,6.0
S00001,vRAN-DU,edge-A,197,DONE,6.08953,6.09568,6.155097999908321,6.155097999908321,0.066,3.055,3.034097999908321,0.0
S00009,IoT-GW,edge-A,224,DONE,6.09259,6.09407,1.4831910000339121,1.4831910000339121,0.051,1.04,0.39219100003391216,0.0
S00010,IoT-GW,edge-B,196,DONE,6.0979,6.09961,1.713020999886794,1.713020999886794,0.066,1.135,0.512020999886794,0.0
S00010,IoT-GW,edge-B,197,DONE,6.09799,6.10082,2.8382219998093206,2.8382219998093206,1.336,1.045,0.45722199980932055,0.0
S00005,IMS-CSCF,core-1,177,DONE,6.10612,6.10838,2.263904000074035,12.263904000074035,0.155,1.459,0.6499040000740353,5.0
S00004,UPF,core-1,199,DONE,6.11481,6.11826,3.4515950001150486,15.451595000115049,0.079,2.812,0.5605950001150486,6.0
S00004,UPF,core-1,200,DONE,6.11618,6.1207,4.517287999988184,16.517287999988184,1.719,2.095,0.7032879999881838,6.0
S00010,IoT-GW,edge-B,198,DONE,6.11646,6.1256,9.135772000036013,9.135772000036013,0.105,6.91,2.1207720000360126,0.0
S00009,IoT-GW,edge-A,225,DONE,6.11784,6.12048,2.6389189999918017,2.6389189999918017,0.076,1.578,0.9849189999918015,0.0
S00001,vRAN-DU,edge-A,198,DONE,6.12049,6.1282,7.708899000135716,7.708899000135716,0.065,5.458,2.1858990001357155,0.0
S00009,IoT-GW,edge-A,226,DONE,6.12057,6.1256,5.030828999906589,5.030828999906589,0.143,4.255,0.6328289999065895,0.0
S00003,UPF,core-1,203,DONE,6.1207,6.12418,3.4734250000383327,13.473425000038333,0.081,2.595,0.7974250000383325,5.0
S00005,IMS-CSCF,core-1,178,DONE,6.12418,6.12891,4.7300200001245685,14.730020000124568,1.812,2.419,0.49902000012456815,5.0
S00003,UPF,core-1,204,DONE,6.12431,6.1282,3.893672999993214,13.893672999993214,0.055,1.715,2.1236729999932136,5.0
S00002,vRAN-DU,edge-B,195,DONE,6.12435,6.13025,5.898687000126301,5.898687000126301,0.057,4.991,0.8506870001263014,0.0
S00005,IMS-CSCF,core-1,179,DONE,6.12561,6.13076,5.155955999953221,15.155955999953221,2.338,1.614,1.203955999953221,5.0
S00007,Transcoder,core-1,133,DONE,6.12821,6.1361,7.890148999877056,17.890148999877056,0.049,7.411,0.4301489998770558,5.0
S00004,UPF,core-1,201,DONE,6.13298,6.13559,2.615693000052488,14.615693000052488,0.133,2.003,0.47969300005248794,6.0
S00002,vRAN-DU,edge-B,196,DONE,6.1361,6.13973,3.626589000077729,3.626589000077729,0.075,2.932,0.6195890000777289,0.0
S00010,IoT-GW,edge-B,199,DONE,6.13973,6.1413,1.562915000022258,1.562915000022258,0.069,1.138,0.3559150000222582,0.0
S00003,UPF,core-1,205,DONE,6.14098,6.14373,2.7583080000113114,12.758308000011311,0.06,2.117,0.5813080000113113,5.0
S00004,UPF,core-1,202,DONE,6.14691,6.14958,2.670066000064253,14.670066000064253,0.056,2.137,0.4770660000642528,6.0
S00003,UPF,core-1,206,DONE,6.14923,6.15169,2.4648840001191274,12.464884000119127,0.075,1.866,0.5238840001191272,5.0
S00004,UPF,core-1,203,DONE,6.14929,6.1519,2.6083770001150697,14.60837700011507,0.113,2.122,0.3733770001150698,6.0
S00002,vRAN-DU,edge-B,197,DONE,6.1517,6.15516,3.461458000174389,3.461458000174389,0.07,2.68,0.7114580001743889,0.0
S00007,Transcoder,core-1,134,DONE,6.15516,6.16279,7.630224000195085,17.630224000195085,0.049,7.004,0.577224000195085,5.0
S00010,IoT-GW,edge-B,200,DONE,6.16065,6.16312,2.4637349999920843,2.4637349999920843,0.28,1.666,0.5177349999920842,0.0
S00002,vRAN-DU,edge-B,198,DONE,6.16074,6.16461,3.868000000011307,3.868000000011307,0.107,3.322,0.43900000001130657,0.0
S00004,UPF,core-1,204,DONE,6.16682,6.17023,3.413767999973061,15.41376799997306,0.098,2.702,0.613767999973061,6.0
S00010,IoT-GW,edge-B,201,DONE,6.16692,6.17008,3.1605509998371417,3.1605509998371417,0.214,2.448,0.4985509998371418,0.0
S00002,vRAN-DU,edge-B,199,DONE,6.16704,6.17128,4.238343999986682,4.238343999986682,0.051,3.833,0.354343999986682,0.0
S00009,IoT-GW,edge-A,227,DONE,6.17249,6.17451,2.025137999908111,2.025137999908111,0.095,1.313,0.617137999908111,0.0
S00009,IoT-GW,edge-A,228,DONE,6.17677,6.17852,1.7511819999072031,1.7511819999072031,0.082,0.971,0.6981819999072031,0.0
S00010,IoT-GW,edge-B,202,DONE,6.1769,6.17888,1.9812770001408353,1.9812770001408353,0.081,1.225,0.6752770001408352,0.0
S00010,IoT-GW,edge-B,203,DONE,6.17852,6.18005,1.5295970001716341,1.5295970001716341,0.038,1.178,0.31359700017163417,0.0
S00001,vRAN-DU,edge-A,199,DONE,6.18225,6.18666,4.412961000070936,4.412961000070936,0.06,3.454,0.8989610000709365,0.0
S00008,Transcoder,core-1,94,DONE,6.18451,6.19142,6.913621999956376,18.913621999956376,0.079,6.486,0.3486219999563769,6.0
S00009,IoT-GW,edge-A,229,DONE,6.18499,6.18924,4.251404000115144,4.251404000115144,0.058,3.776,0.41740400011514467,0.0
S00001,vRAN-DU,edge-A,200,DONE,6.18533,6.19045,5.126685000050202,5.126685000050202,0.058,3.811,1.257685000050202,0.0
S00007,Transcoder,core-1,135,DONE,6.18875,6.19769,8.937559999822042,18.937559999822042,0.082,6.77,2.085559999822042,5.0
S00001,vRAN-DU,edge-A,201,DONE,6.19673,6.20066,3.932149999855028,3.932149999855028,0.116,3.345,0.4711499998550277,0.0
S00009,IoT-GW,edge-A,230,DONE,6.21121,6.21376,2.556731999902695,2.556731999902695,0.083,1.096,1.3777319999026947,0.0
S00004,UPF,core-1,205,DONE,6.21143,6.21437,2.9402379998373362,14.940237999837336,0.085,1.994,0.8612379998373363,6.0
S00010,IoT-GW,edge-B,204,DONE,6.21377,6.21596,2.187413999990895,2.187413999990895,0.124,1.216,0.8474139999908947,0.0
S00002,vRAN-DU,edge-B,200,DONE,6.21422,6.21973,5.512524999858215,5.512524999858215,0.051,3.977,1.4845249998582148,0.0
S00008,Transcoder,core-1,95,DONE,6.21437,6.22478,10.407862999954887,22.407862999954887,0.054,9.995,0.35886299995488713,6.0
S00009,IoT-GW,edge-A,231,DONE,6.21719,6.22093,3.739543999927264,3.739543999927264,0.152,2.945,0.642543999927264,0.0
S00002,vRAN-DU,edge-B,201,DONE,6.21846,6.22487,6.411086000071009,6.411086000071009,0.065,5.941,0.4050860000710088,0.0
S00010,IoT-GW,edge-B,205,DONE,6.22312,6.22446,1.3386460000219813,1.3386460000219813,0.054,0.976,0.3086460000219813,0.0
S00009,IoT-GW,edge-A,232,DONE,6.22867,6.23078,2.108500000076674,2.108500000076674,0.129,1.28,0.699500000076674,0.0
S00001,vRAN-DU,edge-A,202,DONE,6.23078,6.23662,5.840056000124605,5.840056000124605,0.085,4.264,1.4910560001246047,0.0
S00008,Transcoder,core-1,96,DONE,6.2352,6.24662,11.418554999863773,23.418554999863773,0.093,10.503,0.8225549998637725,6.0
S00002,vRAN-DU,edge-B,202,DONE,6.2358,6.24462,8.824453999977777,8.824453999977777,0.303,7.865,0.6564539999777761,0.0
S00006,IMS-CSCF,core-1,192,DONE,6.23663,6.24951,12.880636000090817,24.880636000090817,0.081,11.979,0.8206360000908184,6.0
S00005,IMS-CSCF,core-1,180,DONE,6.23668,6.2459,9.21365500016691,19.21365500016691,0.118,7.64,1.4556550001669093,5.0
S00006,IMS-CSCF,core-1,193,DONE,6.23789,6.25112,13.228166999851965,25.228166999851965,11.293,1.47,0.4651669998519654,6.0
S00010,IoT-GW,edge-B,206,DONE,6.24463,6.24776,3.13288500001363,3.13288500001363,0.138,1.913,1.08188500001363,0.0
S00005,IMS-CSCF,core-1,181,DONE,6.24469,6.24872,4.034121999893614,14.034121999893614,0.105,3.101,0.828121999893614,5.0
S00003,UPF,core-1,207,DONE,6.2459,6.25029,4.3892839998989075,14.389283999898907,0.043,3.682,0.6642839998989074,5.0
S00007,Transcoder,core-1,136,DONE,6.24873,6.26096,12.236682999855475,22.236682999855475,0.046,11.797,0.39368299985547495,5.0
S00008,Transcoder,core-1,97,DONE,6.25234,6.26603,13.6914520001028,25.6914520001028,0.056,13.128,0.5074520001028002,6.0
S00005,IMS-CSCF,core-1,182,DONE,6.25268,6.26157,8.8812980000057,18.8812980000057,0.044,8.239,0.5982980000056983,5.0
S00002,vRAN-DU,edge-B,203,DONE,6.25634,6.27183,15.491584000073999,15.491584000073999,0.136,10.27,5.085584000074,0.0
S00002,vRAN-DU,edge-B,204,DONE,6.26047,6.28229,21.822192999934487,21.822192999934487,0.037,21.219,0.5661929999344864,0.0
S00003,UPF,core-1,208,DONE,6.26375,6.26729,3.539993999993385,13.539993999993385,0.082,2.858,0.599993999993385,5.0
S00005,IMS-CSCF,core-1,183,DONE,6.26506,6.26943,4.3775149999873975,14.377514999987397,0.067,3.811,0.49951499998739735,5.0
S00005,IMS-CSCF,core-1,184,DONE,6.26729,6.27078,3.4880519999660464,13.488051999966046,1.759,1.403,0.3260519999660465,5.0
S00002,vRAN-DU,edge-B,205,DONE,6.2687,6.28236,13.661212999977579,13.661212999977579,3.284,9.844,0.5332129999775805,0.0
S00009,IoT-GW,edge-A,233,DONE,6.27184,6.27948,7.641879999937373,7.641879999937373,0.079,6.644,0.9188799999373733,0.0
S00003,UPF,core-1,209,DONE,6.2719,6.27571,3.8109879999410623,13.810987999941062,0.051,3.302,0.4579879999410621,5.0
S00003,UPF,core-1,210,DONE,6.27492,6.2807,5.783376000181306,15.783376000181306,0.056,4.867,0.8603760001813061,5.0
S00006,IMS-CSCF,core-1,194,DONE,6.27507,6.28373,8.664566999868839,20.66456699986884,0.082,7.923,0.6595669998688383,6.0
S00004,UPF,core-1,206,DONE,6.27949,6.28214,2.6563110000097367,14.656311000009737,0.132,2.136,0.3883110000097365,6.0
S00009,IoT-GW,edge-A,234,DONE,6.27954,6.28297,3.4287149999272515,3.4287149999272515,0.088,1.691,1.6497149999272513,0.0
S00002,vRAN-DU,edge-B,206,DONE,6.28221,6.28627,4.064070999902469,4.064070999902469,0.043,3.692,0.329070999902469,0.0
S00010,IoT-GW,edge-B,207,DONE,6.28297,6.28553,2.554929999860178,2.554929999860178,0.048,1.857,0.6499299998601782,0.0
S00010,IoT-GW,edge-B,208,DONE,6.29253,6.29442,1.8897919999290025,1.8897919999290025,0.077,1.241,0.5717919999290024,0.0
S00010,IoT-GW,edge-B,209,DONE,6.29264,6.29577,3.1251670000074228,3.1251670000074228,1.474,1.175,0.47616700000742274,0.0
S00008,Transcoder,core-1,98,DONE,6.29802,6.30555,7.532986999876812,19.53298699987681,0.082,6.608,0.8429869998768122,6.0
S00006,IMS-CSCF,core-1,195,DONE,6.30465,6.30705,2.400160999968648,14.400160999968648,0.05,1.57,0.7801609999686481,6.0
S00003,UPF,core-1,211,DONE,6.30928,6.31369,4.416591000108383,14.416591000108383,0.09,2.637,1.6895910001083831,5.0
S00001,vRAN-DU,edge-A,203,DONE,6.31062,6.31411,3.4889410001142096,3.4889410001142096,0.083,2.836,0.5699410001142096,0.0
S00005,IMS-CSCF,core-1,185,DONE,6.31411,6.31712,3.0109409999568015,13.010940999956802,0.113,2.135,0.7629409999568018,5.0
S00003,UPF,core-1,212,DONE,6.3155,6.31915,3.651413999932629,13.651413999932629,0.156,2.184,1.3114139999326286,5.0
S00009,IoT-GW,edge-A,235,DONE,6.31713,6.3194,2.2644800001216936,2.2644800001216936,0.075,1.718,0.47148000012169344,0.0
S00002,vRAN-DU,edge-B,207,DONE,6.31916,6.32297,3.8086479999037692,3.8086479999037692,0.096,3.076,0.6366479999037691,0.0
S00006,IMS-CSCF,core-1,196,DONE,6.3206,6.32319,2.5865549998798087,14.586554999879809,0.12,1.952,0.5145549998798087,6.0
S00010,IoT-GW,edge-B,210,DONE,6.32435,6.32806,3.702565999901708,3.702565999901708,0.206,2.655,0.8415659999017082,0.0
S00002,vRAN-DU,edge-B,208,DONE,6.3245,6.32881,4.316864999964309,4.316864999964309,0.085,3.68,0.5518649999643093,0.0
S00005,IMS-CSCF,core-1,186,DONE,6.32806,6.33022,2.1587909998288524,12.158790999828852,0.177,1.508,0.4737909998288523,5.0
S00005,IMS-CSCF,core-1,187,DONE,6.34557,6.3487,3.132461999939551,13.13246199993955,0.097,1.941,1.0944619999395508,5.0
S00009,IoT-GW,edge-A,236,DONE,6.34796,6.35061,2.651302999993277,2.651302999993277,0.084,1.584,0.9833029999932767,0.0
S00002,vRAN-DU,edge-B,209,DONE,6.34871,6.35271,4.003395999916393,4.003395999916393,0.08,3.423,0.5003959999163925,0.0
S00004,UPF,core-1,207,DONE,6.35009,6.35585,5.766823999920234,17.766823999920234,0.109,3.733,1.9248239999202341,6.0
S00003,UPF,core-1,213,DONE,6.35062,6.35603,5.414098000073864,15.414098000073864,0.057,4.835,0.5220980000738633,5.0
S00006,IMS-CSCF,core-1,197,DONE,6.35389,6.35685,2.9572079999979906,14.95720799999799,0.058,2.023,0.8762079999979906,6.0
S00006,IMS-CSCF,core-1,198,DONE,6.35395,6.35924,5.288581999820963,17.288581999820963,2.258,2.37,0.6605819998209626,6.0
S00003,UPF,core-1,214,DONE,6.35401,6.35849,4.480464000153006,14.480464000153006,1.434,2.388,0.658464000153006,5.0
S00009,IoT-GW,edge-A,237,DONE,6.36035,6.36239,2.03610799985654,2.03610799985654,0.082,1.283,0.6711079998565401,0.0
S00005,IMS-CSCF,core-1,188,DONE,6.36239,6.36453,2.139092000106757,12.139092000106757,0.064,1.583,0.492092000106757,5.0
S00005,IMS-CSCF,core-1,189,DONE,6.36454,6.36666,2.123893000089083,12.123893000089083,0.05,1.668,0.40589300008908347,5.0
S00007,Transcoder,core-1,137,DONE,6.36672,6.37329,6.568696999920576,16.568696999920576,0.114,5.892,0.5626969999205755,5.0
S00002,vRAN-DU,edge-B,210,DONE,6.37305,6.3767,3.6493750001227454,3.6493750001227454,0.106,2.895,0.6483750001227455,0.0
S00005,IMS-CSCF,core-1,190,DONE,6.37788,6.38031,2.4256969998077693,12.42569699980777,0.074,1.789,0.5626969998077695,5.0
S00002,vRAN-DU,edge-B,211,DONE,6.3792,6.38257,3.3682309999676363,3.3682309999676363,0.065,2.723,0.5802309999676365,0.0
S00001,vRAN-DU,edge-A,204,DONE,6.38031,6.38484,4.532396000058725,4.532396000058725,0.111,3.628,0.793396000058725,0.0
S00001,vRAN-DU,edge-A,205,DONE,6.38038,6.38941,9.038499999860505,9.038499999860505,0.297,7.896,0.8454999998605048,0.0
S00005,IMS-CSCF,core-1,191,DONE,6.38485,6.38882,3.968834000033894,13.968834000033894,0.065,3.408,0.4958340000338941,5.0
S00007,Transcoder,core-1,138,DONE,6.38645,6.39407,7.613711999965744,17.613711999965744,0.053,7.125,0.4357119999657444,5.0
S00009,IoT-GW,edge-A,238,DONE,6.38942,6.39105,1.63174599992999,1.63174599992999,0.078,1.116,0.43774599992998975,0.0
S00006,IMS-CSCF,core-1,199,DONE,6.41747,6.42006,2.5931559998753073,14.593155999875307,0.13,1.636,0.8271559998753075,6.0
S00006,IMS-CSCF,core-1,200,DONE,6.42127,6.42353,2.2539169999618025,14.253916999961803,0.066,1.599,0.5889169999618027,6.0
S00008,Transcoder,core-1,99,DONE,6.42677,6.43382,7.053200999962428,19.053200999962428,0.093,6.206,0.7542009999624275,6.0
S00010,IoT-GW,edge-B,211,DONE,6.42693,6.4293,2.3721669999758888,2.3721669999758888,0.084,1.555,0.7331669999758887,0.0
S00008,Transcoder,core-1,100,DONE,6.43383,6.44442,10.589298000013514,22.589298000013514,0.058,10.043,0.48829800001351487,6.0
S00010,IoT-GW,edge-B,212,DONE,6.43394,6.43751,3.5779689999344555,3.5779689999344555,0.078,2.958,0.5419689999344555,0.0
S00001,vRAN-DU,edge-A,206,DONE,6.4364,6.44482,8.42534200000955,8.42534200000955,0.11,7.583,0.7323420000095506,0.0
S00001,vRAN-DU,edge-A,207,DONE,6.43752,6.44842,10.90004399998179,10.90004399998179,0.055,7.893,2.9520439999817905,0.0
S00006,IMS-CSCF,core-1,201,DONE,6.4398,6.44185,2.045185000042693,14.045185000042693,0.068,1.206,0.771185000042693,6.0
S00008,Transcoder,core-1,101,DONE,6.44442,6.45123,6.805902999985847,18.805902999985847,0.042,6.394,0.36990299998584675,6.0
S00006,IMS-CSCF,core-1,202,DONE,6.44842,6.45062,2.1973240000079386,14.197324000007939,0.122,1.499,0.5763240000079386,6.0
S00002,vRAN-DU,edge-B,212,DONE,6.45063,6.45447,3.843295000024227,3.843295000024227,0.117,3.11,0.6162950000242273,0.0
S00005,IMS-CSCF,core-1,192,DONE,6.45448,6.45742,2.9438069998377614,12.943806999837761,0.072,2.282,0.5898069998377613,5.0
S00006,IMS-CSCF,core-1,203,DONE,6.45595,6.45877,2.822725999976683,14.822725999976683,0.21,2.154,0.45872599997668306,6.0
S00004,UPF,core-1,208,DONE,6.46301,6.46584,2.824734000114404,14.824734000114404,0.071,2.205,0.5487340001144037,6.0
S00005,IMS-CSCF,core-1,193,DONE,6.46913,6.47228,3.1562669998947968,13.156266999894797,0.163,2.333,0.6602669998947968,5.0
S00003,UPF,core-1,215,DONE,6.46926,6.4727,3.439159999970798,13.439159999970798,0.07,2.44,0.929159999970798,5.0
S00008,Transcoder,core-1,102,DONE,6.47154,6.48008,8.53854299998602,20.53854299998602,0.083,7.229,1.2265429999860205,6.0
S00007,Transcoder,core-1,139,DONE,6.47162,6.48419,12.560549999989234,22.560549999989234,0.208,11.201,1.1515499999892338,5.0
S00001,vRAN-DU,edge-A,208,DONE,6.4764,6.49104,14.640036999935546,14.640036999935546,0.112,13.349,1.179036999935546,0.0
S00002,vRAN-DU,edge-B,213,DONE,6.4765,6.48328,6.786723000004713,6.786723000004713,0.086,5.382,1.318723000004713,0.0
S00004,UPF,core-1,209,DONE,6.4813,6.49103,9.730902999990576,21.730902999990576,0.073,7.799,1.8589029999905753,6.0
S00003,UPF,core-1,216,DONE,6.48146,6.49469,13.234357999863278,23.234357999863278,0.112,12.684,0.4383579998632783,5.0
S00001,vRAN-DU,edge-A,209,DONE,6.48749,6.49404,6.54881899981774,6.54881899981774,0.284,3.036,3.2288189998177406,0.0
S00009,IoT-GW,edge-A,239,DONE,6.48757,6.49445,6.8846070000745385,6.8846070000745385,1.896,1.899,3.0896070000745386,0.0
S00001,vRAN-DU,edge-A,210,DONE,6.49336,6.49742,4.06675199997153,4.06675199997153,0.535,3.109,0.42275199997152946,0.0
S00006,IMS-CSCF,core-1,204,DONE,6.50464,6.50728,2.6376280000022234,14.637628000002223,0.086,1.774,0.7776280000022235,6.0
S00001,vRAN-DU,edge-A,211,DONE,6.50735,6.51126,3.9089019999209995,3.9089019999209995,0.074,3.271,0.5639019999209998,0.0
S00003,UPF,core-1,217,DONE,6.5215,6.52553,4.023578000214911,14.023578000214911,0.089,3.138,0.7965780002149114,5.0
S00005,IMS-CSCF,core-1,194,DONE,6.52531,6.52754,2.2315480000543175,12.231548000054318,0.055,1.695,0.4815480000543173,5.0
S00010,IoT-GW,edge-B,213,DONE,6.54187,6.54464,2.7648180000596767,2.7648180000596767,0.13,1.763,0.8718180000596769,0.0
S00005,IMS-CSCF,core-1,195,DONE,6.54595,6.54994,3.992867000079059,13.992867000079059,0.089,3.113,0.790867000079059,5.0
S00006,IMS-CSCF,core-1,205,DONE,6.54842,6.55087,2.4481680000008055,14.448168000000805,0.094,1.764,0.5901680000008056,6.0
S00002,vRAN-DU,edge-B,214,DONE,6.54995,6.5536,3.6513270001705678,3.6513270001705678,0.106,2.978,0.5673270001705677,0.0
S00005,IMS-CSCF,core-1,196,DONE,6.55314,6.55531,2.1734090000791184,12.173409000079118,0.053,1.755,0.3654090000791186,5.0
S00003,UPF,core-1,218,DONE,6.55951,6.56273,3.2223430000613007,13.2223430000613,0.059,2.757,0.4063430000613004,5.0
S00010,IoT-GW,edge-B,214,DONE,6.56079,6.56226,1.4723350000167557,1.4723350000167557,0.125,0.982,0.3653350000167557,0.0
S00010,IoT-GW,edge-B,215,DONE,6.56802,6.56996,1.9389970000247558,1.9389970000247558,0.069,1.287,0.582997000024756,0.0
S00009,IoT-GW,edge-A,240,DONE,6.56934,6.57108,1.7436040000120556,1.7436040000120556,0.078,1.141,0.5246040000120555,0.0
S00009,IoT-GW,edge-A,241,DONE,6.57237,6.57414,1.768158000004405,1.768158000004405,0.06,1.018,0.690158000004405,0.0
S00010,IoT-GW,edge-B,216,DONE,6.5736,6.57523,1.6290790001676214,1.6290790001676214,0.065,1.027,0.5370790001676216,0.0
S00010,IoT-GW,edge-B,217,DONE,6.57367,6.57653,2.861784999822703,2.861784999822703,1.262,1.2,0.399784999822703,0.0
S00007,Transcoder,core-1,140,DONE,6.57524,6.58768,12.442629999895871,22.44262999989587,0.103,11.853,0.48662999989587163,5.0
S00005,IMS-CSCF,core-1,197,DONE,6.57535,6.57783,2.4797749999834195,12.47977499998342,0.15,1.825,0.5047749999834197,5.0
S00006,IMS-CSCF,core-1,206,DONE,6.57784,6.5802,2.365912999948705,14.365912999948705,0.061,1.754,0.550912999948705,6.0
S00005,IMS-CSCF,core-1,198,DONE,6.57794,6.58767,9.727615999963746,19.727615999963746,0.093,8.928,0.7066159999637449,5.0
S00010,IoT-GW,edge-B,218,DONE,6.57802,6.57982,1.8002389999765,1.8002389999765,0.043,1.186,0.5712389999765002,0.0
S00003,UPF,core-1,219,DONE,6.57936,6.58772,8.361328000091817,18.361328000091817,0.048,7.884,0.42932800009181626,5.0
S00004,UPF,core-1,210,DONE,6.5834,6.58812,4.724582999870108,16.72458299987011,0.05,4.283,0.39158299987010814,6.0
S00003,UPF,core-1,220,DONE,6.58345,6.58959,6.132368000180577,16.132368000180577,4.071,1.785,0.2763680001805773,5.0
S00003,UPF,core-1,221,DONE,6.58931,6.59176,2.4533770001653465,12.453377000165347,0.041,1.904,0.5083770001653467,5.0
S00010,IoT-GW,edge-B,219,DONE,6.59504,6.59674,1.6976160000012896,1.6976160000012896,0.078,1.098,0.5216160000012895,0.0
S00006,IMS-CSCF,core-1,207,DONE,6.59895,6.60096,2.0136179998644366,14.013617999864437,0.107,1.363,0.5436179998644366,6.0
S00001,vRAN-DU,edge-A,212,DONE,6.59912,6.60326,4.133608999836724,4.133608999836724,0.096,3.306,0.7316089998367241,0.0
S00009,IoT-GW,edge-A,242,DONE,6.59919,6.60351,4.324338000060379,4.324338000060379,0.262,3.613,0.44933800006037883,0.0
S00002,vRAN-DU,edge-B,215,DONE,6.60101,6.60744,6.435040000042136,6.435040000042136,0.081,3.819,2.5350400000421356,0.0
S00003,UPF,core-1,222,DONE,6.60107,6.6087,7.628824999983408,17.628824999983408,0.044,7.072,0.5128249999834082,5.0
S00004,UPF,core-1,211,DONE,6.60357,6.60948,5.911856000011539,17.91185600001154,0.053,5.364,0.4948560000115396,6.0
S00004,UPF,core-1,212,DONE,6.60712,6.61154,4.4228600002043095,16.42286000020431,0.808,2.016,1.5988600002043096,6.0
S00010,IoT-GW,edge-B,220,DONE,6.60949,6.61235,2.8621870001188654,2.8621870001188654,0.059,2.303,0.5001870001188653,0.0
S00006,IMS-CSCF,core-1,208,DONE,6.61131,6.61375,2.4328590000095573,14.432859000009557,0.039,1.86,0.5338590000095571,6.0
S00009,IoT-GW,edge-A,243,DONE,6.61375,6.61576,2.0035860000007233,2.0035860000007233,0.078,1.433,0.49258600000072317,0.0
S00007,Transcoder,core-1,141,DONE,6.61907,6.63526,16.193470999951387,26.193470999951387,0.241,14.858,1.0944709999513869,5.0
S00007,Transcoder,core-1,142,DONE,6.62035,6.63829,17.937620000111565,27.937620000111565,0.09,17.45,0.39762000011156573,5.0
S00001,vRAN-DU,edge-A,213,DONE,6.6284,6.63688,8.481289000201286,8.481289000201286,0.093,5.53,2.858289000201286,0.0
S00004,UPF,core-1,213,DONE,6.62851,6.63271,4.19727099983902,16.19727099983902,0.079,3.606,0.5122709998390205,6.0
S00010,IoT-GW,edge-B,221,DONE,6.62855,6.63508,6.532142999958523,6.532142999958523,0.078,5.834,0.6201429999585235,0.0
S00004,UPF,core-1,214,DONE,6.62861,6.63879,10.175921999916682,22.17592199991668,4.038,5.749,0.38892199991668175,6.0
S00006,IMS-CSCF,core-1,209,DONE,6.63509,6.63944,4.349966000063432,16.349966000063432,0.105,3.893,0.3519660000634319,6.0
S00002,vRAN-DU,edge-B,216,DONE,6.63516,6.64194,6.771488999902431,6.771488999902431,0.052,6.235,0.4844889999024309,0.0
S00003,UPF,core-1,223,DONE,6.64315,6.64614,2.990002999922581,12.99000299992258,0.059,2.395,0.5360029999225806,5.0
S00002,vRAN-DU,edge-B,217,DONE,6.64615,6.64994,3.790406999996776,3.790406999996776,0.062,3.225,0.5034069999967761,0.0
S00005,IMS-CSCF,core-1,199,DONE,6.65218,6.65432,2.1405630000117526,12.140563000011753,0.081,1.481,0.5785630000117525,5.0
S00006,IMS-CSCF,core-1,210,DONE,6.65554,6.65748,1.939533000040683,13.939533000040683,0.058,1.45,0.43153300004068296,6.0
S00006,IMS-CSCF,core-1,211,DONE,6.65682,6.6588,1.9807710000350198,13.98077100003502,0.399,1.242,0.3397710000350198,6.0
S00003,UPF,core-1,224,DONE,6.65864,6.66091,2.273592999927132,12.273592999927132,0.05,1.877,0.3465929999271322,5.0
S00003,UPF,core-1,225,DONE,6.65996,6.66293,2.970082000047114,12.970082000047114,0.52,1.82,0.6300820000471139,5.0
S00008,Transcoder,core-1,103,DONE,6.66293,6.66974,6.809652000129063,18.809652000129063,0.044,6.279,0.4866520001290633,6.0
S00007,Transcoder,core-1,143,DONE,6.67614,6.68364,7.5033710002117004,17.5033710002117,0.131,6.417,0.9553710002117004,5.0
S00005,IMS-CSCF,core-1,200,DONE,6.67903,6.68131,2.284265000071173,12.284265000071173,0.074,1.59,0.6202650000711729,5.0
S00002,vRAN-DU,edge-B,218,DONE,6.68349,6.68699,3.4958090000145603,3.4958090000145603,0.08,2.827,0.5888090000145603,0.0
S00004,UPF,core-1,215,DONE,6.68819,6.69089,2.698733999977776,14.698733999977776,0.07,2.159,0.4697339999777763,6.0
S00003,UPF,core-1,226,DONE,6.69054,6.69319,2.654136000046492,12.654136000046492,0.107,1.96,0.5871360000464918,5.0
S00004,UPF,core-1,216,DONE,6.69307,6.69547,2.3966119999840885,14.396611999984088,0.041,1.984,0.37161199998408856,6.0
S00009,IoT-GW,edge-A,244,DONE,6.70388,6.70627,2.393019999999524,2.393019999999524,0.094,1.542,0.757019999999524,0.0
S00010,IoT-GW,edge-B,222,DONE,6.70411,6.70693,2.816556000198034,2.816556000198034,0.109,2.019,0.6885560001980338,0.0
S00005,IMS-CSCF,core-1,201,DONE,6.70551,6.70888,3.3752419999473204,13.37524199994732,0.185,2.184,1.0062419999473202,5.0
S00004,UPF,core-1,217,DONE,6.70562,6.71087,5.254581999906804,17.254581999906804,0.074,4.337,0.8435819999068048,6.0
S00008,Transcoder,core-1,104,DONE,6.70694,6.7172,10.266418000128397,22.266418000128397,0.051,9.804,0.41141800012839624,6.0
S00001,vRAN-DU,edge-A,214,DONE,6.71008,6.71521,5.1235710000128165,5.1235710000128165,0.516,4.195,0.4125710000128162,0.0
S00010,IoT-GW,edge-B,223,DONE,6.71093,6.71504,4.1073209999922256,4.1073209999922256,0.101,3.257,0.7493209999922255,0.0
S00005,IMS-CSCF,core-1,202,DONE,6.71509,6.71816,3.0752860000120563,13.075286000012056,0.096,1.4,1.5792860000120563,5.0
S00004,UPF,core-1,218,DONE,6.72851,6.73147,2.957048000098439,14.957048000098439,0.082,2.243,0.6320480000984392,6.0
S00005,IMS-CSCF,core-1,203,DONE,6.7328,6.73551,2.7156730000115203,12.71567300001152,0.062,2.093,0.5606730000115205,5.0
S00003,UPF,core-1,227,DONE,6.74078,6.7436,2.823558000045523,12.823558000045523,0.071,2.209,0.5435580000455227,5.0
S00004,UPF,core-1,219,DONE,6.7448,6.7476,2.80021300000044,14.80021300000044,0.055,1.952,0.7932130000004398,6.0
S00001,vRAN-DU,edge-A,215,DONE,6.74709,6.75085,3.7537069999871164,3.7537069999871164,0.081,3.206,0.4667069999871165,0.0
S00004,UPF,core-1,220,DONE,6.75304,6.75561,2.5702909999836265,14.570290999983627,0.062,2.017,0.4912909999836268,6.0
S00004,UPF,core-1,221,DONE,6.75431,6.75794,3.6271059998398414,15.627105999839841,1.006,2.285,0.336105999839841,6.0
S00010,IoT-GW,edge-B,224,DONE,6.75562,6.75727,1.6487760001382412,1.6487760001382412,0.082,1.113,0.45377600013824115,0.0
S00007,Transcoder,core-1,144,DONE,6.7557,6.76338,7.679682000116372,17.679682000116372,0.046,7.201,0.4326820001163725,5.0
S00003,UPF,core-1,228,DONE,6.75911,6.76209,2.9797550000694173,12.979755000069417,0.045,2.565,0.3697550000694174,5.0
S00006,IMS-CSCF,core-1,212,DONE,6.77069,6.77289,2.200971999855028,14.200971999855028,0.077,1.489,0.6349719998550281,6.0
S00004,UPF,core-1,222,DONE,6.78013,6.78279,2.6537090000147145,14.653709000014715,0.084,2.009,0.5607090000147146,6.0
S00001,vRAN-DU,edge-A,216,DONE,6.78806,6.79242,4.361383000059504,4.361383000059504,0.095,3.314,0.9523830000595046,0.0
S00004,UPF,core-1,223,DONE,6.79142,6.79483,3.416314999867609,15.416314999867609,0.075,2.92,0.4213149998676089,6.0
S00005,IMS-CSCF,core-1,204,DONE,6.79242,6.79403,1.6011939999316382,11.601193999931638,0.055,1.076,0.47019399993163824,5.0
S00003,UPF,core-1,229,DONE,6.79608,6.79836,2.2788450000916782,12.278845000091678,0.052,1.791,0.43584500009167826,5.0
S00001,vRAN-DU,edge-A,217,DONE,6.79617,6.80088,4.7153460000117775,4.7153460000117775,0.069,4.174,0.4723460000117772,0.0
S00002,vRAN-DU,edge-B,219,DONE,6.80615,6.80991,3.7642240001787286,3.7642240001787286,0.088,3.007,0.6692240001787284,0.0
S00004,UPF,core-1,224,DONE,6.80992,6.81285,2.930783000010706,14.930783000010706,0.082,2.317,0.531783000010706,6.0
S00007,Transcoder,core-1,145,DONE,6.81285,6.81913,6.277732999933505,16.277732999933505,0.086,5.762,0.42973299993350533,5.0
S00004,UPF,core-1,225,DONE,6.81514,6.8174,2.259485999957178,14.259485999957178,0.052,1.821,0.38648599995717814,6.0
S00005,IMS-CSCF,core-1,205,DONE,6.82038,6.82226,1.8834449999758363,11.883444999975836,0.054,1.443,0.38644499997583615,5.0
S00006,IMS-CSCF,core-1,213,DONE,6.8275,6.8294,1.902172000200153,13.902172000200153,0.062,1.38,0.46017200020015303,6.0
S00001,vRAN-DU,edge-A,218,DONE,6.83668,6.84031,3.6360579999836773,3.6360579999836773,0.085,2.925,0.6260579999836775,0.0
S00005,IMS-CSCF,core-1,206,DONE,6.85566,6.85851,2.8477969999585184,12.847796999958518,0.286,1.747,0.8147969999585183,5.0
S00004,UPF,core-1,226,DONE,6.85583,6.85906,3.2351639999887993,15.2351639999888,0.149,2.169,0.9171639999887993,6.0
S00010,IoT-GW,edge-B,225,DONE,6.85837,6.86041,2.0391880000261153,2.0391880000261153,0.082,1.423,0.5341880000261152,0.0
S00007,Transcoder,core-1,146,DONE,6.85907,6.86752,8.450406000065414,18.450406000065414,0.05,8.052,0.3484060000654132,5.0
S00006,IMS-CSCF,core-1,214,DONE,6.85936,6.86549,6.129522000037468,18.12952200003747,0.044,5.751,0.33452200003746846,6.0
S00010,IoT-GW,edge-B,226,DONE,6.87275,6.87471,1.9641479998426803,1.9641479998426803,0.116,1.236,0.6121479998426802,0.0
S00001,vRAN-DU,edge-A,219,DONE,6.88002,6.88359,3.56722800006537,3.56722800006537,0.097,2.808,0.6622280000653702,0.0
S00008,Transcoder,core-1,105,DONE,6.88338,6.89174,8.359466000001703,20.359466000001703,0.099,7.564,0.6964660000017027,6.0
S00004,UPF,core-1,227,DONE,6.88347,6.88679,3.318979999903604,15.318979999903604,0.221,2.177,0.9209799999036039,6.0
S00001,vRAN-DU,edge-A,220,DONE,6.88603,6.88951,3.4822149998490204,3.4822149998490204,0.066,2.622,0.7942149998490207,0.0
S00010,IoT-GW,edge-B,227,DONE,6.89174,6.89367,1.9322729999657895,1.9322729999657895,0.108,1.225,0.5992729999657893,0.0
S00001,vRAN-DU,edge-A,221,DONE,6.89368,6.89717,3.4927700000935147,3.4927700000935147,0.143,2.886,0.46377000009351477,0.0
S00001,vRAN-DU,edge-A,222,DONE,6.90039,6.90373,3.3374210001966276,3.3374210001966276,0.063,2.829,0.4454210001966272,0.0
S00004,UPF,core-1,228,DONE,6.9005,6.90421,3.709303000050568,15.709303000050568,0.305,2.84,0.5643030000505678,6.0
S00001,vRAN-DU,edge-A,223,DONE,6.90287,6.90638,3.516525999884834,3.516525999884834,0.058,2.966,0.49252599988483414,0.0
S00003,UPF,core-1,230,DONE,6.90639,6.90905,2.6658340000267344,12.665834000026734,0.069,2.211,0.3858340000267346,5.0
S00002,vRAN-DU,edge-B,220,DONE,6.90767,6.91124,3.572759999997288,3.572759999997288,0.082,2.858,0.6327599999972882,0.0
S00010,IoT-GW,edge-B,228,DONE,6.91235,6.91383,1.4860349999707978,1.4860349999707978,0.058,1.012,0.41603499997079774,0.0
S00009,IoT-GW,edge-A,245,DONE,6.91603,6.91804,2.008026999874346,2.008026999874346,0.075,1.413,0.5200269998743461,0.0
S00009,IoT-GW,edge-A,246,DONE,6.91728,6.91924,1.9620020000274963,1.9620020000274963,0.567,0.877,0.5180020000274963,0.0
S00002,vRAN-DU,edge-B,221,DONE,6.92448,6.92829,3.810471999941001,3.810471999941001,0.082,3.072,0.6564719999410009,0.0
S00005,IMS-CSCF,core-1,207,DONE,6.92576,6.9293,3.5447909999675176,13.544790999967518,0.268,2.748,0.5287909999675175,5.0
S00005,IMS-CSCF,core-1,208,DONE,6.92931,6.93143,2.1233029999621067,12.123302999962107,0.054,1.528,0.5413029999621068,5.0
S00007,Transcoder,core-1,147,DONE,6.93058,6.93764,7.057990000021164,17.057990000021164,0.221,6.063,0.7739900000211639,5.0
S00007,Transcoder,core-1,148,DONE,6.94191,6.94852,6.616689999873415,16.616689999873415,0.069,5.929,0.618689999873415,5.0
S00007,Transcoder,core-1,149,DONE,6.94739,6.95459,7.197561999873869,17.19756199987387,0.077,6.61,0.5105619998738691,5.0
S00006,IMS-CSCF,core-1,215,DONE,6.94853,6.95034,1.8126489999303885,13.812648999930389,0.054,1.256,0.5026489999303885,6.0
S00004,UPF,core-1,229,DONE,6.95155,6.95405,2.5003680000281747,14.500368000028175,0.061,1.993,0.44636800002817467,6.0
S00009,IoT-GW,edge-A,247,DONE,6.9568,6.95859,1.786875000107102,1.786875000107102,0.086,1.192,0.5088750001071021,0.0
S00006,IMS-CSCF,core-1,216,DONE,6.96079,6.96267,1.8769880000490957,13.876988000049096,0.067,1.346,0.4639880000490957,6.0
S00001,vRAN-DU,edge-A,224,DONE,6.96487,6.96838,3.5145040001225425,3.5145040001225425,0.073,2.952,0.4895040001225426,0.0
S00008,Transcoder,core-1,106,DONE,6.965,6.97478,9.7797419998642,21.7797419998642,0.057,9.352,0.3707419998641992,6.0
S00004,UPF,core-1,230,DONE,6.96728,6.9697,2.4206299999605108,14.42062999996051,0.054,1.954,0.412629999960511,6.0
S00005,IMS-CSCF,core-1,209,DONE,6.96956,6.97114,1.575408000007883,11.575408000007883,0.045,1.166,0.3644080000078831,5.0
S00003,UPF,core-1,231,DONE,6.97236,6.97484,2.479153000194856,12.479153000194856,0.047,1.973,0.4591530001948556,5.0
S00009,IoT-GW,edge-A,248,DONE,6.97245,6.97406,1.6082259999166126,1.6082259999166126,0.07,0.822,0.7162259999166126,0.0
S00001,vRAN-DU,edge-A,225,DONE,6.9833,6.9866,3.2988850000492675,3.2988850000492675,0.081,2.542,0.6758850000492678,0.0
S00003,UPF,core-1,232,DONE,6.98351,6.98661,3.0967579998559813,13.096757999855981,0.138,2.302,0.6567579998559814,5.0
S00008,Transcoder,core-1,107,DONE,6.98609,7.00274,16.650705000074595,28.650705000074595,0.07,15.808,0.7727050000745948,6.0
S00005,IMS-CSCF,core-1,210,DONE,6.98616,6.98806,1.9061680000049819,11.906168000004982,0.112,1.232,0.5621680000049818,5.0
S00003,UPF,core-1,233,DONE,6.98623,6.99138,5.157653999958711,15.157653999958711,0.086,4.613,0.4586539999587105,5.0
S00005,IMS-CSCF,core-1,211,DONE,6.98779,6.99113,3.3465500000602333,13.346550000060233,0.039,2.802,0.5055500000602331,5.0
S00008,Transcoder,core-1,108,DONE,6.98921,7.00261,13.397461000067779,25.39746100006778,0.045,12.96,0.39246100006777773,6.0
S00007,Transcoder,core-1,150,DONE,6.99641,7.01639,19.97555299999476,29.97555299999476,0.088,19.262,0.6255529999947598,5.0
S00002,vRAN-DU,edge-B,222,DONE,6.99649,7.00505,8.553866999818638,8.553866999818638,0.077,7.433,1.043866999818638,0.0
S00008,Transcoder,core-1,109,DONE,6.99653,7.02117,24.638297999899805,36.638297999899805,5.825,18.328,0.4852979998998066,6.0
S00007,Transcoder,core-1,151,DONE,6.99656,7.01314,16.577607000044736,26.577607000044736,0.162,15.886,0.5296070000447379,5.0
S00003,UPF,core-1,234,DONE,6.99658,7.01271,16.123005000054036,26.123005000054036,5.864,9.58,0.6790050000540351,5.0
S00006,IMS-CSCF,core-1,217,DONE,6.99664,7.01389,17.243508999854384,29.243508999854384,15.609,1.228,0.4065089998543845,6.0
S00009,IoT-GW,edge-A,249,DONE,6.99884,7.00414,5.293288999837387,5.293288999837387,0.078,1.723,3.4922889998373865,0.0
S00009,IoT-GW,edge-A,250,DONE,7.00107,7.00802,6.95259500002976,6.95259500002976,0.078,3.754,3.1205950000297595,0.0
S00001,vRAN-DU,edge-A,226,DONE,7.00414,7.00803,3.886452999950052,3.886452999950052,0.047,3.238,0.6014529999500517,0.0
S00003,UPF,core-1,235,DONE,7.02339,7.02627,2.8784300000097574,12.878430000009757,0.052,2.493,0.3334300000097574,5.0
S00008,Transcoder,core-1,110,DONE,7.02367,7.03012,6.451018000007025,18.451018000007025,0.129,5.948,0.374018000007025,6.0
S00003,UPF,core-1,236,DONE,7.03013,7.0327,2.5702000000364933,12.570200000036493,0.042,1.922,0.6062000000364935,5.0
S00005,IMS-CSCF,core-1,212,DONE,7.0327,7.03493,2.2259009999743284,12.225900999974328,0.1,1.59,0.5359009999743283,5.0
S00004,UPF,core-1,231,DONE,7.03496,7.04167,6.707417999905374,18.707417999905374,0.059,6.282,0.3664179999053738,6.0
S00001,vRAN-DU,edge-A,227,DONE,7.03646,7.04014,3.6757630000465724,3.6757630000465724,0.079,3.101,0.49576300004657226,0.0
S00005,IMS-CSCF,core-1,213,DONE,7.037,7.04937,12.369619000082821,22.36961900008282,0.064,11.57,0.7356190000828207,5.0
S00002,vRAN-DU,edge-B,223,DONE,7.03742,7.04406,6.639669999913167,6.639669999913167,0.083,3.889,2.667669999913167,0.0
S00007,Transcoder,core-1,152,DONE,7.04132,7.05297,11.653578000050402,21.653578000050402,0.043,9.984,1.6265780000504027,5.0
S00003,UPF,core-1,237,DONE,7.04285,7.04938,6.5338860001702415,16.53388600017024,0.048,5.783,0.702886000170241,5.0
S00004,UPF,core-1,232,DONE,7.04311,7.0501,6.991954999875816,18.991954999875816,0.038,6.631,0.3229549998758152,6.0
S00003,UPF,core-1,238,DONE,7.04333,7.05127,7.9390049997982715,17.93900499979827,5.686,2.032,0.22100499979827148,5.0
S00002,vRAN-DU,edge-B,224,DONE,7.04406,7.05373,9.667093999951248,9.667093999951248,0.178,9.011,0.47809399995124835,0.0
S00009,IoT-GW,edge-A,251,DONE,7.05298,7.05584,2.8556839999964723,2.8556839999964723,0.093,1.379,1.3836839999964723,0.0
S00009,IoT-GW,edge-A,252,DONE,7.05381,7.05681,2.9941699999653792,2.9941699999653792,0.844,0.817,1.3331699999653794,0.0
S00005,IMS-CSCF,core-1,214,DONE,7.05584,7.06044,4.599780000035025,14.599780000035025,0.102,3.995,0.5027800000350249,5.0
S00007,Transcoder,core-1,153,DONE,7.05597,7.0639,7.925717000034638,17.925717000034638,0.167,7.253,0.5057170000346378,5.0
S00002,vRAN-DU,edge-B,225,DONE,7.05681,7.0599,3.0886480001299788,3.0886480001299788,0.082,2.565,0.44164800012997896,0.0
S00008,Transcoder,core-1,111,DONE,7.0639,7.0813,17.400501999873086,29.400501999873086,0.058,16.533,0.8095019998730848,6.0
S00002,vRAN-DU,edge-B,226,DONE,7.06724,7.08129,14.046377000113353,14.046377000113353,0.076,9.156,4.8143770001133515,0.0
S00005,IMS-CSCF,core-1,215,DONE,7.06732,7.06955,2.227304999905755,12.227304999905755,0.08,1.202,0.9453049999057548,5.0
S00008,Transcoder,core-1,112,DONE,7.06854,7.08131,12.76909200009868,24.76909200009868,0.063,11.57,1.1360920000986798,6.0
S00004,UPF,core-1,233,DONE,7.0686,7.07221,3.6106469999594992,15.6106469999595,0.572,2.087,0.951646999959499,6.0
S00010,IoT-GW,edge-B,229,DONE,7.06955,7.0813,11.745009999913236,11.745009999913236,0.072,1.072,10.601009999913238,0.0
S00008,Transcoder,core-1,113,DONE,7.07227,7.08745,15.178027000047223,27.178027000047223,8.502,6.359,0.3170270000472222,6.0
S00007,Transcoder,core-1,154,DONE,7.07466,7.0825,7.839493000119546,17.839493000119546,0.058,7.423,0.3584930001195463,5.0
S00005,IMS-CSCF,core-1,216,DONE,7.08131,7.08683,5.519530999890776,15.519530999890776,0.065,4.91,0.5445309998907755,5.0
S00006,IMS-CSCF,core-1,218,DONE,7.08137,7.08464,3.2679079999979876,15.267907999997988,0.083,2.645,0.5399079999979874,6.0
S00005,IMS-CSCF,core-1,217,DONE,7.08144,7.08827,6.828366000036112,16.828366000036112,5.27,1.128,0.4303660000361129,5.0
S00004,UPF,core-1,234,DONE,7.08251,7.08574,3.23439499993583,15.23439499993583,0.041,2.885,0.3083949999358304,6.0
S00005,IMS-CSCF,core-1,218,DONE,7.08745,7.08964,2.1928460000708583,12.192846000070858,0.74,1.178,0.27484600007085835,5.0
S00009,IoT-GW,edge-A,253,DONE,7.10003,7.10213,2.097253999863824,2.097253999863824,0.083,1.343,0.6712539998638238,0.0
S00009,IoT-GW,edge-A,254,DONE,7.10637,7.10853,2.16418199988766,2.16418199988766,0.069,1.596,0.4991819998876599,0.0
S00003,UPF,core-1,239,DONE,7.1065,7.10933,2.8309210001680185,12.830921000168019,0.082,2.18,0.5689210001680185,5.0
S00009,IoT-GW,edge-A,255,DONE,7.10785,7.11004,2.1948470000552334,2.1948470000552334,0.255,0.951,0.9888470000552335,0.0
S00005,IMS-CSCF,core-1,219,DONE,7.11528,7.11753,2.248657999871284,12.248657999871284,0.088,1.425,0.735657999871284,5.0
S00009,IoT-GW,edge-A,256,DONE,7.1154,7.11852,3.1144459999268292,3.1144459999268292,0.066,1.013,2.0354459999268295,0.0
S00010,IoT-GW,edge-B,230,DONE,7.11545,7.117,1.545174000057159,1.545174000057159,0.083,0.992,0.47017400005715904,0.0
S00005,IMS-CSCF,core-1,220,DONE,7.12084,7.12315,2.3046670000894665,12.304667000089466,0.085,1.76,0.4596670000894665,5.0
S00001,vRAN-DU,edge-A,228,DONE,7.12223,7.1269,4.6704599999429774,4.6704599999429774,0.063,4.114,0.49345999994297784,0.0
S00009,IoT-GW,edge-A,257,DONE,7.12434,7.12612,1.7744589999892924,1.7744589999892924,0.049,1.374,0.3514589999892923,0.0
S00009,IoT-GW,edge-A,258,DONE,7.13529,7.13719,1.9070599998940452,1.9070599998940452,0.068,1.215,0.624059999894045,0.0
S00005,IMS-CSCF,core-1,221,DONE,7.13543,7.13791,2.480782000020554,12.480782000020554,0.085,1.932,0.4637820000205539,5.0
S00009,IoT-GW,edge-A,259,DONE,7.1422,7.1441,1.900549000083629,1.900549000083629,0.056,1.205,0.6395490000836288,0.0
S00003,UPF,core-1,240,DONE,7.14411,7.14707,2.9604830001517257,12.960483000151726,0.098,2.25,0.6124830001517259,5.0
S00009,IoT-GW,edge-A,260,DONE,7.14544,7.14768,2.2409240000342834,2.2409240000342834,0.066,1.633,0.5419240000342835,0.0
S00003,UPF,core-1,241,DONE,7.14553,7.14959,4.061999999976251,14.061999999976251,1.121,2.191,0.7499999999762514,5.0
S00009,IoT-GW,edge-A,261,DONE,7.15079,7.15386,3.0691950000800716,3.0691950000800716,0.062,2.464,0.5431950000800718,0.0
S00003,UPF,core-1,242,DONE,7.15096,7.15391,2.946838000070784,12.946838000070784,0.076,2.484,0.38683800007078384,5.0
S00002,vRAN-DU,edge-B,227,DONE,7.15929,7.16274,3.4474940000563947,3.4474940000563947,0.084,2.814,0.5494940000563946,0.0
S00005,IMS-CSCF,core-1,222,DONE,7.16172,7.16366,1.9475640001473948,11.947564000147395,0.075,1.386,0.486564000147395,5.0
S00005,IMS-CSCF,core-1,223,DONE,7.16705,7.17273,5.681203999984064,15.681203999984064,0.055,5.147,0.4792039999840636,5.0
S00008,Transcoder,core-1,114,DONE,7.16839,7.17467,6.282045000034486,18.282045000034486,0.049,5.787,0.446045000034486,6.0
S00009,IoT-GW,edge-A,262,DONE,7.16967,7.17185,2.1740720001162117,2.1740720001162117,0.124,1.394,0.6560720001162117,0.0
S00009,IoT-GW,edge-A,263,DONE,7.17468,7.17712,2.447002000053544,2.447002000053544,0.056,1.866,0.525002000053544,0.0
S00002,vRAN-DU,edge-B,228,DONE,7.17699,7.18031,3.3189999999194697,3.3189999999194697,0.079,2.738,0.5019999999194695,0.0
S00002,vRAN-DU,edge-B,229,DONE,7.18032,7.18321,2.888737999910518,2.888737999910518,0.047,2.511,0.33073799991051755,0.0
S00008,Transcoder,core-1,115,DONE,7.1894,7.19577,6.374557000071945,18.374557000071945,0.082,5.777,0.5155570000719454,6.0
S00006,IMS-CSCF,core-1,219,DONE,7.19469,7.19656,1.8705059999319928,13.870505999931993,0.101,1.448,0.3215059999319929,6.0
S00004,UPF,core-1,235,DONE,7.19578,7.19819,2.4100180000914406,14.41001800009144,0.045,2.094,0.27101800009144084,6.0
S00004,UPF,core-1,236,DONE,7.20238,7.20477,2.3944030001530336,14.394403000153034,0.051,1.959,0.3844030001530334,6.0
S00001,vRAN-DU,edge-A,229,DONE,7.20799,7.21132,3.3334659999582072,3.3334659999582072,0.083,2.685,0.565465999958207,0.0
S00004,UPF,core-1,237,DONE,7.21133,7.21379,2.4626350000289676,14.462635000028968,0.059,2.029,0.37463500002896755,6.0
S00003,UPF,core-1,243,DONE,7.22105,7.22344,2.396822999799042,12.396822999799042,0.068,1.938,0.390822999799042,5.0
S00001,vRAN-DU,edge-A,230,DONE,7.2246,7.22919,4.5845309998640005,4.5845309998640005,0.079,3.995,0.5105309998640006,0.0
S00001,vRAN-DU,edge-A,231,DONE,7.22585,7.22996,4.1078790000028675,4.1078790000028675,0.048,3.655,0.4048790000028677,0.0
S00008,Transcoder,core-1,116,DONE,7.22837,7.23921,10.842399000011937,22.842399000011937,0.131,10.221,0.49039900001193715,6.0
S00007,Transcoder,core-1,155,DONE,7.22842,7.23872,10.292802999856576,20.292802999856576,0.052,9.782,0.4588029998565766,5.0
S00009,IoT-GW,edge-A,264,DONE,7.22919,7.23038,1.1855939999350085,1.1855939999350085,0.041,0.896,0.24859399993500852,0.0
S00010,IoT-GW,edge-B,231,DONE,7.23353,7.23599,2.4546090000967524,2.4546090000967524,0.057,1.97,0.4276090000967525,0.0
S00005,IMS-CSCF,core-1,224,DONE,7.23475,7.24,5.245034999916243,15.245034999916243,0.097,4.828,0.32003499991624196,5.0
S00009,IoT-GW,edge-A,265,DONE,7.2452,7.2469,1.7018959999859362,1.7018959999859362,0.076,1.152,0.47389599998593623,0.0
S00005,IMS-CSCF,core-1,225,DONE,7.25509,7.25705,1.9575110000005225,11.957511000000522,0.081,1.403,0.4735110000005225,5.0
S00006,IMS-CSCF,core-1,220,DONE,7.25637,7.25816,1.7945890001556108,13.79458900015561,0.053,1.377,0.3645890001556109,6.0
S00005,IMS-CSCF,core-1,226,DONE,7.26035,7.26198,1.6391120000207593,11.63911200002076,0.046,1.259,0.33411200002075936,5.0
S00005,IMS-CSCF,core-1,227,DONE,7.26614,7.26775,1.6133760000229813,11.613376000022981,0.049,1.219,0.3453760000229813,5.0
S00006,IMS-CSCF,core-1,221,DONE,7.26995,7.27153,1.579744000082428,13.579744000082428,0.047,1.217,0.3157440000824281,6.0
S00004,UPF,core-1,238,DONE,7.2757,7.27798,2.287647000002835,14.287647000002835,0.046,1.883,0.358647000002835,6.0
S00003,UPF,core-1,244,DONE,7.28315,7.2855,2.3566830000163463,12.356683000016346,0.055,1.963,0.3386830000163461,5.0
S00006,IMS-CSCF,core-1,222,DONE,7.2854,7.28711,1.7138519999662094,13.71385199996621,0.038,1.335,0.3408519999662094,6.0
S00005,IMS-CSCF,core-1,228,DONE,7.28668,7.28858,1.9054589999996097,11.90545899999961,0.044,1.265,0.5964589999996097,5.0
S00003,UPF,core-1,245,DONE,7.30586,7.30859,2.732585000103427,12.732585000103427,0.074,2.139,0.5195850001034272,5.0
S00010,IoT-GW,edge-B,232,DONE,7.30601,7.30757,1.5559870000743103,1.5559870000743103,0.082,1.0,0.47398700007431027,0.0
S00009,IoT-GW,edge-A,266,DONE,7.31077,7.31245,1.6796820000308799,1.6796820000308799,0.078,1.056,0.5456820000308797,0.0
S00009,IoT-GW,edge-A,267,DONE,7.31204,7.31384,1.7967799999496492,1.7967799999496492,0.071,0.856,0.8697799999496493,0.0
S00002,vRAN-DU,edge-B,230,DONE,7.3125,7.31552,3.024485999958415,3.024485999958415,0.058,2.545,0.4214859999584153,0.0
S00005,IMS-CSCF,core-1,229,DONE,7.31257,7.318,5.43333999985407,15.43333999985407,0.059,2.533,2.84133999985407,5.0
S00003,UPF,core-1,246,DONE,7.31553,7.31828,2.7593810000325902,12.75938100003259,0.066,2.338,0.3553810000325903,5.0
S00005,IMS-CSCF,core-1,230,DONE,7.31945,7.32095,1.4956929999243584,11.495692999924358,0.064,1.066,0.36569299992435833,5.0
S00004,UPF,core-1,239,DONE,7.32068,7.32299,2.306561000068541,14.306561000068541,0.048,1.797,0.46156100006854106,6.0
S00007,Transcoder,core-1,156,DONE,7.32619,7.33299,6.795368000211965,16.795368000211965,0.052,6.22,0.5233680002119661,5.0
S00003,UPF,core-1,247,DONE,7.32844,7.33241,3.969625999843629,13.969625999843629,0.078,3.409,0.4826259998436293,5.0
S00003,UPF,core-1,248,DONE,7.33938,7.3432,3.8154389999363048,13.815438999936305,0.117,3.041,0.6574389999363048,5.0
S00006,IMS-CSCF,core-1,223,DONE,7.33962,7.35009,10.47156200002064,22.47156200002064,0.086,9.769,0.6165620000206395,6.0
S00001,vRAN-DU,edge-A,232,DONE,7.34095,7.34727,6.316651999895839,6.316651999895839,0.129,4.535,1.6526519998958396,0.0
S00004,UPF,core-1,240,DONE,7.34115,7.34739,6.243177999976979,18.24317799997698,0.052,5.058,1.1331779999769793,6.0
S00009,IoT-GW,edge-A,268,DONE,7.34324,7.3494,6.1538070001461165,6.1538070001461165,0.103,2.771,3.279807000146117,0.0
S00005,IMS-CSCF,core-1,231,DONE,7.34728,7.35119,3.916445999948337,13.916445999948337,0.088,3.409,0.4194459999483371,5.0
S00010,IoT-GW,edge-B,233,DONE,7.34742,7.35068,3.260790000013003,3.260790000013003,0.079,2.661,0.5207900000130028,0.0
S00001,vRAN-DU,edge-A,233,DONE,7.3565,7.36253,6.026157999940551,6.026157999940551,0.078,5.416,0.5321579999405506,0.0
S00004,UPF,core-1,241,DONE,7.35885,7.36226,3.405844000099023,15.405844000099023,0.061,2.934,0.410844000099023,6.0
S00009,IoT-GW,edge-A,269,DONE,7.36574,7.36803,2.2924530001091625,2.2924530001091625,0.108,1.539,0.6454530001091625,0.0
S00005,IMS-CSCF,core-1,232,DONE,7.36588,7.36981,3.923921999785307,13.923921999785307,0.629,2.794,0.5009219997853069,5.0
S00005,IMS-CSCF,core-1,233,DONE,7.36914,7.37266,3.518099000075381,13.518099000075381,0.1,2.442,0.9760990000753806,5.0
S00005,IMS-CSCF,core-1,234,DONE,7.36927,7.37454,5.264776000103666,15.264776000103666,2.892,1.453,0.9197760001036659,5.0
S00002,vRAN-DU,edge-B,231,DONE,7.3721,7.38338,11.27819500015903,11.27819500015903,0.143,10.455,0.6801950001590296,0.0
S00002,vRAN-DU,edge-B,232,DONE,7.37221,7.3828,10.593332000098599,10.593332000098599,2.423,7.576,0.594332000098599,0.0
S00003,UPF,core-1,249,DONE,7.37454,7.37676,2.223997999863059,12.223997999863059,0.047,1.855,0.32199799986305866,5.0
S00005,IMS-CSCF,core-1,235,DONE,7.37797,7.38251,4.536233999942851,14.536233999942851,0.047,4.231,0.2582339999428518,5.0
S00002,vRAN-DU,edge-B,233,DONE,7.38183,7.39027,8.443488000011712,8.443488000011712,0.154,6.726,1.563488000011712,0.0
S00005,IMS-CSCF,core-1,236,DONE,7.38565,7.38848,2.835418999893591,12.83541899989359,0.128,2.219,0.48841899989359083,5.0
S00010,IoT-GW,edge-B,234,DONE,7.38978,7.39211,2.3287149999760004,2.3287149999760004,0.073,1.484,0.7717149999760005,0.0
S00001,vRAN-DU,edge-A,234,DONE,7.39212,7.39929,7.174376999955712,7.174376999955712,0.117,6.109,0.9483769999557117,0.0
S00009,IoT-GW,edge-A,270,DONE,7.39651,7.3993,2.7917209999941406,2.7917209999941406,0.097,1.615,1.0797209999941406,0.0
S00003,UPF,core-1,250,DONE,7.3966,7.40846,11.860133999789468,21.86013399978947,0.104,7.679,4.077133999789469,5.0
S00003,UPF,core-1,251,DONE,7.39666,7.40953,12.862226999914128,22.862226999914128,8.072,3.444,1.346226999914129,5.0
S00007,Transcoder,core-1,157,DONE,7.39671,7.42275,26.032471999997142,36.03247199999714,0.136,24.691,1.205471999997144,5.0
S00002,vRAN-DU,edge-B,234,DONE,7.39931,7.41757,18.258346000038728,18.258346000038728,0.114,17.253,0.8913460000387268,0.0
S00010,IoT-GW,edge-B,235,DONE,7.39939,7.40848,9.087596000199483,9.087596000199483,0.349,6.544,2.194596000199483,0.0
S00009,IoT-GW,edge-A,271,DONE,7.40447,7.41758,13.10788799992224,13.10788799992224,0.095,10.642,2.3708879999222408,0.0
S00002,vRAN-DU,edge-B,235,DONE,7.40458,7.41565,11.068640999837953,11.068640999837953,0.162,8.008,2.898640999837953,0.0
S00003,UPF,core-1,252,DONE,7.40464,7.42053,15.897133999942525,25.897133999942525,3.664,8.313,3.920133999942525,5.0
S00002,vRAN-DU,edge-B,236,DONE,7.40469,7.42867,23.97632599991084,23.97632599991084,8.379,13.139,2.4583259999108424,0.0
S00010,IoT-GW,edge-B,236,DONE,7.40474,7.42226,17.521605000183627,17.521605000183627,10.324,4.76,2.437605000183627,0.0
S00004,UPF,core-1,242,DONE,7.41276,7.42055,7.790053000007902,19.7900530000079,0.077,4.563,3.150053000007902,6.0
S00001,vRAN-DU,edge-A,235,DONE,7.42055,7.42954,8.985186999780126,8.985186999780126,0.16,8.206,0.6191869997801263,0.0
S00005,IMS-CSCF,core-1,237,DONE,7.43797,7.4415,3.529222999986814,13.529222999986814,0.097,2.735,0.6972229999868143,5.0
S00006,IMS-CSCF,core-1,224,DONE,7.43819,7.44061,2.4172250000447093,14.41722500004471,0.356,1.602,0.45922500004470934,6.0
S00001,vRAN-DU,edge-A,236,DONE,7.44159,7.44754,5.951311999979225,5.951311999979225,0.107,5.194,0.6503119999792251,0.0
S00004,UPF,core-1,243,DONE,7.458,7.46326,5.258382999954847,17.258382999954847,0.126,3.972,1.1603829999548467,6.0
S00005,IMS-CSCF,core-1,238,DONE,7.46248,7.46561,3.1304780000027677,13.130478000002768,0.083,1.95,1.0974780000027675,5.0
S00001,vRAN-DU,edge-A,237,DONE,7.46327,7.46698,3.7122910000562115,3.7122910000562115,0.125,2.958,0.6292910000562113,0.0
S00007,Transcoder,core-1,158,DONE,7.46562,7.47803,12.412849999918762,22.412849999918762,0.08,11.865,0.4678499999187622,5.0
S00006,IMS-CSCF,core-1,225,DONE,7.46819,7.47578,7.591717999957837,19.591717999957837,0.047,7.219,0.32571799995783657,6.0
S00002,vRAN-DU,edge-B,237,DONE,7.46848,7.47147,2.993131000039284,2.993131000039284,0.081,2.493,0.4191310000392843,0.0
S00001,vRAN-DU,edge-A,238,DONE,7.47263,7.47555,2.9185299999880954,2.9185299999880954,0.053,2.493,0.37252999998809555,0.0
S00008,Transcoder,core-1,117,DONE,7.47804,7.49244,14.402799999970739,26.40279999997074,0.074,11.273,3.0557999999707395,6.0
S00003,UPF,core-1,253,DONE,7.47934,7.48339,4.053463999980522,14.053463999980522,0.071,3.504,0.478463999980522,5.0
S00001,vRAN-DU,edge-A,239,DONE,7.48266,7.48777,5.110435999995389,5.110435999995389,0.086,4.488,0.5364359999953878,0.0
S00004,UPF,core-1,244,DONE,7.4834,7.48721,3.8083849999566155,15.808384999956616,0.074,3.033,0.7013849999566157,6.0
S00005,IMS-CSCF,core-1,239,DONE,7.4847,7.4884,3.6917630000061763,13.691763000006176,0.151,2.969,0.5717630000061766,5.0
S00007,Transcoder,core-1,159,DONE,7.4884,7.49527,6.861973000013677,16.861973000013677,0.077,6.473,0.3119730000136771,5.0
S00001,vRAN-DU,edge-A,240,DONE,7.48883,7.50147,12.639535999824147,12.639535999824147,0.082,11.742,0.8155359998241458,0.0
S00001,vRAN-DU,edge-A,241,DONE,7.48961,7.50153,11.920522999844252,11.920522999844252,0.097,8.296,3.527522999844253,0.0
S00009,IoT-GW,edge-A,272,DONE,7.49846,7.50319,4.730480000034731,4.730480000034731,0.299,1.206,3.225480000034731,0.0
S00004,UPF,core-1,245,DONE,7.50537,7.50771,2.3473960000046645,14.347396000004665,0.07,1.925,0.35239600000466464,6.0
S00003,UPF,core-1,254,DONE,7.50659,7.50917,2.5815349999902537,12.581534999990254,0.05,2.273,0.25853499999025376,5.0
S00005,IMS-CSCF,core-1,240,DONE,7.51244,7.51414,1.70695900010287,11.70695900010287,0.049,1.381,0.2769590001028701,5.0
S00003,UPF,core-1,255,DONE,7.51383,7.51657,2.7474959999835846,12.747495999983585,0.056,2.134,0.5574959999835847,5.0
S00010,IoT-GW,edge-B,237,DONE,7.51603,7.51754,1.5120000000479195,1.5120000000479195,0.082,0.913,0.5170000000479194,0.0
S00002,vRAN-DU,edge-B,238,DONE,7.51755,7.52033,2.7811639999981708,2.7811639999981708,0.045,2.379,0.35716399999817083,0.0
S00006,IMS-CSCF,core-1,226,DONE,7.52451,7.52635,1.840012000002389,13.840012000002389,0.064,1.381,0.3950120000023889,6.0
S00006,IMS-CSCF,core-1,227,DONE,7.52756,7.52942,1.8560369999249815,13.856036999924982,0.054,1.394,0.40803699992498155,6.0
S00009,IoT-GW,edge-A,273,DONE,7.53058,7.53228,1.7063049999705981,1.7063049999705981,0.12,1.04,0.546304999970598,0.0
S00005,IMS-CSCF,core-1,241,DONE,7.53183,7.53644,4.613233000100081,14.613233000100081,0.332,1.842,2.439233000100081,5.0
S00003,UPF,core-1,256,DONE,7.53189,7.53645,4.559866000136026,14.559866000136026,0.249,1.928,2.3828660001360262,5.0
S00002,vRAN-DU,edge-B,239,DONE,7.53359,7.53689,3.3048400000552647,3.3048400000552647,0.071,2.574,0.6598400000552647,0.0
S00001,vRAN-DU,edge-A,242,DONE,7.53646,7.53941,2.9506930000025022,2.9506930000025022,0.072,2.528,0.35069300000250214,0.0
S00003,UPF,core-1,257,DONE,7.53696,7.54099,4.029859999945984,14.029859999945984,0.049,3.612,0.36885999994598384,5.0
S00004,UPF,core-1,246,DONE,7.54319,7.54702,3.8370209999811777,15.837020999981178,0.058,3.411,0.3680209999811779,6.0
S00010,IoT-GW,edge-B,238,DONE,7.54547,7.54698,1.5078460000950145,1.5078460000950145,0.073,0.943,0.49184600009501456,0.0
S00009,IoT-GW,edge-A,274,DONE,7.54922,7.55119,1.9699790000231587,1.9699790000231587,0.141,1.115,0.7139790000231587,0.0
S00006,IMS-CSCF,core-1,228,DONE,7.55053,7.55308,2.5520300000607676,14.552030000060768,0.291,1.592,0.6690300000607676,6.0
S00008,Transcoder,core-1,118,DONE,7.55527,7.56164,6.364969999822279,18.36496999982228,0.054,5.92,0.3909699998222784,6.0
S00005,IMS-CSCF,core-1,242,DONE,7.5586,7.56021,1.603387999921324,11.603387999921324,0.054,1.195,0.35438799992132397,5.0
S00003,UPF,core-1,258,DONE,7.56137,7.56466,3.2909770000060234,13.290977000006023,0.042,2.885,0.36397700000602384,5.0
S00004,UPF,core-1,247,DONE,7.56164,7.56462,2.979383000138114,14.979383000138114,0.121,2.046,0.812383000138114,6.0
S00006,IMS-CSCF,core-1,229,DONE,7.56284,7.56571,2.871106999918993,14.871106999918993,0.047,2.485,0.33910699991899307,6.0
S00009,IoT-GW,edge-A,275,DONE,7.56412,7.56864,4.517610999982935,4.517610999982935,0.074,2.76,1.6836109999829354,0.0
S00003,UPF,core-1,259,DONE,7.56572,7.56788,2.1560000000135915,12.156000000013591,0.085,1.793,0.2780000000135916,5.0
S00005,IMS-CSCF,core-1,243,DONE,7.56864,7.5703,1.6601930001343135,11.660193000134313,0.046,1.263,0.35119300013431354,5.0
S00008,Transcoder,core-1,119,DONE,7.57031,7.57699,6.67987799988623,18.67987799988623,0.042,6.304,0.33387799988623,6.0
S00002,vRAN-DU,edge-B,240,DONE,7.57261,7.57647,3.861197000105676,3.861197000105676,0.113,3.222,0.5261970001056762,0.0
S00010,IoT-GW,edge-B,239,DONE,7.57483,7.57698,2.147441000033723,2.147441000033723,0.057,0.909,1.181441000033723,0.0
S00006,IMS-CSCF,core-1,230,DONE,7.58218,7.58876,6.577948000085598,18.5779480000856,0.059,6.019,0.49994800008559803,6.0
S00007,Transcoder,core-1,160,DONE,7.58348,7.58977,6.295421999993778,16.295421999993778,0.048,5.841,0.4064219999937775,5.0
S00004,UPF,core-1,248,DONE,7.58978,7.5924,2.6193160001639626,14.619316000163963,0.048,2.185,0.3863160001639625,6.0
S00010,IoT-GW,edge-B,240,DONE,7.59356,7.59526,1.6954399998212466,1.6954399998212466,0.075,1.163,0.4574399998212466,0.0
S00003,UPF,core-1,260,DONE,7.5953,7.59769,2.3830009999983304,12.38300099999833,0.057,1.98,0.34600099999833045,5.0
S00009,IoT-GW,edge-A,276,DONE,7.59985,7.60154,1.691316000005827,1.691316000005827,0.086,1.127,0.47831600000582686,0.0
S00008,Transcoder,core-1,120,DONE,7.60273,7.60923,6.50029700000232,18.50029700000232,0.055,6.018,0.4272970000023202,6.0
S00001,vRAN-DU,edge-A,243,DONE,7.61144,7.61501,3.570237000076304,3.570237000076304,0.075,2.968,0.5272370000763038,0.0
S00002,vRAN-DU,edge-B,241,DONE,7.61626,7.62488,8.61857399991095,8.61857399991095,0.076,8.056,0.4865739999109504,0.0
S00004,UPF,core-1,249,DONE,7.61635,7.62199,5.633632000126454,17.633632000126454,0.06,3.069,2.5046320001264544,6.0
S00008,Transcoder,core-1,121,DONE,7.61757,7.62799,10.42596100000992,22.42596100000992,0.05,10.049,0.3269610000099199,6.0
S00009,IoT-GW,edge-A,277,DONE,7.61884,7.62449,5.640413999799421,5.640413999799421,0.239,4.819,0.5824139997994209,0.0
S00001,vRAN-DU,edge-A,244,DONE,7.61894,7.62586,6.916930999977922,6.916930999977922,0.066,6.444,0.4069309999779218,0.0
S00005,IMS-CSCF,core-1,244,DONE,7.62449,7.62793,3.435258000081376,13.435258000081376,0.161,2.317,0.9572580000813757,5.0
S00007,Transcoder,core-1,161,DONE,7.62586,7.6362,10.333000999935393,20.333000999935393,0.455,9.005,0.8730009999353925,5.0
S00004,UPF,core-1,250,DONE,7.63123,7.63405,2.8268089999983204,14.82680899999832,0.054,2.301,0.4718089999983204,6.0
S00005,IMS-CSCF,core-1,245,DONE,7.63329,7.63701,3.7191320000147243,13.719132000014724,0.137,3.043,0.5391320000147242,5.0
S00004,UPF,core-1,251,DONE,7.63337,7.6362,2.8314050000517454,14.831405000051745,0.245,1.971,0.6154050000517453,6.0
S00009,IoT-GW,edge-A,278,DONE,7.64025,7.64205,1.8008159997862094,1.8008159997862094,0.08,1.139,0.5818159997862093,0.0
S00009,IoT-GW,edge-A,279,DONE,7.64206,7.64336,1.306226999986393,1.306226999986393,0.051,0.942,0.31322699998639303,0.0
S00003,UPF,core-1,261,DONE,7.64955,7.6523,2.7519980001216027,12.751998000121603,0.073,2.198,0.48099800012160276,5.0
S00006,IMS-CSCF,core-1,231,DONE,7.65553,7.65728,1.7560629999024968,13.756062999902497,0.059,1.291,0.40606299990249695,6.0
S00001,vRAN-DU,edge-A,245,DONE,7.6568,7.66014,3.3421890000226995,3.3421890000226995,0.073,2.89,0.3791890000226994,0.0
S00009,IoT-GW,edge-A,280,DONE,7.65845,7.65973,1.2798529999145103,1.2798529999145103,0.059,0.768,0.45285299991451033,0.0
S00004,UPF,core-1,252,DONE,7.65973,7.66325,3.517620999900828,15.517620999900828,0.056,3.074,0.387620999900828,6.0
S00005,IMS-CSCF,core-1,246,DONE,7.66134,7.6633,1.9682889999330655,11.968288999933065,0.054,1.45,0.4642889999330655,5.0
S00010,IoT-GW,edge-B,241,DONE,7.66748,7.66929,1.8160670001634571,1.8160670001634571,0.08,1.264,0.47206700016345704,0.0
S00001,vRAN-DU,edge-A,246,DONE,7.67555,7.68021,4.656762999957209,4.656762999957209,0.087,3.451,1.1187629999572093,0.0
S00003,UPF,core-1,262,DONE,7.67703,7.68279,5.7623920001788065,15.762392000178806,0.082,5.147,0.5333920001788064,5.0
S00002,vRAN-DU,edge-B,242,DONE,7.67717,7.6828,5.626984999935303,5.626984999935303,0.071,5.04,0.515984999935303,0.0
S00010,IoT-GW,edge-B,242,DONE,7.68021,7.68365,3.4323170000334358,3.4323170000334358,0.061,2.956,0.41531700003343586,0.0
S00010,IoT-GW,edge-B,243,DONE,7.68787,7.68986,1.988471999993635,1.988471999993635,0.054,1.397,0.537471999993635,0.0
S00002,vRAN-DU,edge-B,243,DONE,7.68918,7.69288,3.6992939999436203,3.6992939999436203,0.047,2.602,1.0502939999436203,0.0
S00004,UPF,core-1,253,DONE,7.69607,7.70055,4.4811899999785965,16.481189999978596,0.087,3.867,0.5271899999785967,6.0
S00001,vRAN-DU,edge-A,247,DONE,7.69617,7.70288,6.707338000069285,6.707338000069285,0.081,6.152,0.4743380000692845,0.0
S00004,UPF,core-1,254,DONE,7.69794,7.7064,8.460304999971413,20.460304999971413,0.093,4.014,4.353304999971413,6.0
S00005,IMS-CSCF,core-1,247,DONE,7.70506,7.70913,4.070073999855595,14.070073999855595,0.05,2.458,1.5620739998555946,5.0
S00005,IMS-CSCF,core-1,248,DONE,7.70914,7.71301,3.875458000038634,13.875458000038634,0.08,3.063,0.7324580000386338,5.0
S00003,UPF,core-1,263,DONE,7.70922,7.71312,3.902273999983663,13.902273999983663,0.148,3.247,0.5072739999836631,5.0
S00008,Transcoder,core-1,122,DONE,7.71147,7.72358,12.107298000046285,24.107298000046285,0.119,10.244,1.7442980000462853,6.0
S00006,IMS-CSCF,core-1,232,DONE,7.71302,7.71697,3.952389000005496,15.952389000005496,0.044,3.412,0.49638900000549624,6.0
S00009,IoT-GW,edge-A,281,DONE,7.71431,7.71585,1.542602999961673,1.542602999961673,0.081,1.021,0.4406029999616732,0.0
S00010,IoT-GW,edge-B,244,DONE,7.7182,7.72348,5.279868000116039,5.279868000116039,0.11,4.369,0.8008680001160391,0.0
S00004,UPF,core-1,255,DONE,7.71829,7.72217,3.8841069999762112,15.884106999976211,0.077,2.832,0.9751069999762114,6.0
S00009,IoT-GW,edge-A,282,DONE,7.72055,7.72432,3.771355000026233,3.771355000026233,0.064,1.736,1.971355000026233,0.0
S00007,Transcoder,core-1,162,DONE,7.72657,7.73851,11.948341999868717,21.948341999868717,0.053,11.304,0.5913419998687157,5.0
S00009,IoT-GW,edge-A,283,DONE,7.72988,7.73174,1.8559380000624515,1.8559380000624515,0.072,1.261,0.5229380000624515,0.0
S00003,UPF,core-1,264,DONE,7.73113,7.73443,3.2970900001600967,13.297090000160097,0.048,2.836,0.4130900001600968,5.0
S00003,UPF,core-1,265,DONE,7.73852,7.74342,4.899093999938486,14.899093999938486,0.073,4.308,0.5180939999384861,5.0
S00010,IoT-GW,edge-B,245,DONE,7.74198,7.74445,2.4693919999663194,2.4693919999663194,0.128,1.706,0.6353919999663193,0.0
S00002,vRAN-DU,edge-B,244,DONE,7.75076,7.758,7.232425999973202,7.232425999973202,0.089,6.471,0.6724259999732016,0.0
S00008,Transcoder,core-1,123,DONE,7.75095,7.76998,19.033037999861335,31.033037999861335,0.101,18.065,0.8670379998613349,6.0
S00009,IoT-GW,edge-A,284,DONE,7.75326,7.75567,2.4062180000328226,2.4062180000328226,0.121,1.596,0.6892180000328225,0.0
S00004,UPF,core-1,256,DONE,7.75924,7.76513,5.881328999976176,17.881328999976176,0.099,5.125,0.6573289999761762,6.0
S00009,IoT-GW,edge-A,285,DONE,7.76155,7.76377,2.2163739999996324,2.2163739999996324,0.142,1.471,0.6033739999996324,0.0
S00005,IMS-CSCF,core-1,249,DONE,7.76513,7.76997,4.8331510001844435,14.833151000184444,0.078,3.742,1.0131510001844433,5.0
S00004,UPF,core-1,257,DONE,7.7677,7.776,8.29516099997818,20.29516099997818,0.088,7.396,0.8111609999781804,6.0
S00003,UPF,core-1,266,DONE,7.76902,7.77601,6.990279000092414,16.990279000092414,0.07,5.758,1.162279000092414,5.0
S00001,vRAN-DU,edge-A,248,DONE,7.7691,7.77602,6.919294999988779,6.919294999988779,0.107,5.309,1.5032949999887784,0.0
S00008,Transcoder,core-1,124,DONE,7.77837,7.7966,18.23600800003078,30.23600800003078,0.097,17.528,0.6110080000307789,6.0
S00004,UPF,core-1,258,DONE,7.77887,7.78763,8.753693000016938,20.753693000016938,0.081,7.834,0.8386930000169386,6.0
S00006,IMS-CSCF,core-1,233,DONE,7.7843,7.78953,5.2363309998781915,17.23633099987819,0.127,2.944,2.1653309998781918,6.0
S00005,IMS-CSCF,core-1,250,DONE,7.7844,7.79404,9.640242999921611,19.64024299992161,0.164,7.342,2.1342429999216117,5.0
S00004,UPF,core-1,259,DONE,7.78657,7.79202,5.446130000109406,17.446130000109406,0.701,4.328,0.41713000010940604,6.0
S00001,vRAN-DU,edge-A,249,DONE,7.79888,7.80546,6.583062000117934,6.583062000117934,0.118,5.591,0.8740620001179336,0.0
S00003,UPF,core-1,267,DONE,7.7991,7.80468,5.581236999887551,15.581236999887551,0.094,4.669,0.8182369998875512,5.0
S00006,IMS-CSCF,core-1,234,DONE,7.80152,7.8047,3.180306000103883,15.180306000103883,0.137,2.158,0.885306000103883,6.0
S00006,IMS-CSCF,core-1,235,DONE,7.80161,7.80847,6.860770999992383,18.860770999992383,2.583,3.745,0.5327709999923824,6.0
S00004,UPF,core-1,260,DONE,7.8047,7.80898,4.270851999990555,16.270851999990555,0.078,3.706,0.4868519999905545,6.0
S00010,IoT-GW,edge-B,246,DONE,7.8067,7.81005,3.3566940001037437,3.3566940001037437,0.177,1.811,1.3686940001037438,0.0
S00010,IoT-GW,edge-B,247,DONE,7.8068,7.81185,5.047379999950863,5.047379999950863,2.374,1.468,1.2053799999508628,0.0
S00001,vRAN-DU,edge-A,250,DONE,7.82614,7.82957,3.4257879999586294,3.4257879999586294,0.084,2.761,0.5807879999586292,0.0
S00008,Transcoder,core-1,125,DONE,7.84484,7.85148,6.636103000118965,18.636103000118965,0.087,5.971,0.5781030001189649,6.0
S00004,UPF,core-1,261,DONE,7.84718,7.84942,2.2432499999922584,14.243249999992258,0.055,1.815,0.3732499999922583,6.0
S00007,Transcoder,core-1,163,DONE,7.85365,7.86106,7.401867999988099,17.4018679999881,0.098,6.845,0.45886799998809913,5.0
S00007,Transcoder,core-1,164,DONE,7.85374,7.86014,6.405382999901121,16.40538299990112,0.111,5.933,0.36138299990112177,5.0
S00009,IoT-GW,edge-A,286,DONE,7.85598,7.86111,5.128574000082153,5.128574000082153,0.087,4.54,0.5015740000821536,0.0
S00009,IoT-GW,edge-A,287,DONE,7.85608,7.86221,6.127120999963154,6.127120999963154,4.76,0.906,0.4611209999631539,0.0
S00008,Transcoder,core-1,126,DONE,7.87247,7.87897,6.507712000029642,18.507712000029642,0.084,5.881,0.5427120000296419,6.0
S00006,IMS-CSCF,core-1,236,DONE,7.87481,7.87648,1.6715990000193415,13.671599000019341,0.06,1.169,0.4425990000193414,6.0
S00005,IMS-CSCF,core-1,251,DONE,7.88619,7.88793,1.748077000002013,11.748077000002013,0.057,1.254,0.437077000002013,5.0
S00005,IMS-CSCF,core-1,252,DONE,7.89112,7.89284,1.7195010000250477,11.719501000025048,0.052,1.278,0.3895010000250476,5.0
S00009,IoT-GW,edge-A,288,DONE,7.89502,7.89671,1.6954979998899944,1.6954979998899944,0.085,1.116,0.4944979998899943,0.0
S00007,Transcoder,core-1,165,DONE,7.90699,7.91396,6.968924000148036,16.968924000148036,0.075,6.307,0.5869240001480351,5.0
S00005,IMS-CSCF,core-1,253,DONE,7.91617,7.91816,1.9996350001747487,11.999635000174749,0.057,1.547,0.39563500017474884,5.0
S00006,IMS-CSCF,core-1,237,DONE,7.92034,7.92198,1.6472840000005817,13.647284000000582,0.053,1.234,0.3602840000005818,6.0
S00010,IoT-GW,edge-B,248,DONE,7.92316,7.92492,1.759691999950519,1.759691999950519,0.074,1.083,0.6026919999505189,0.0
S00006,IMS-CSCF,core-1,238,DONE,7.92324,7.92493,1.6834430000471912,13.683443000047191,0.052,1.246,0.3854430000471911,6.0
S00009,IoT-GW,edge-A,289,DONE,7.9261,7.92771,1.6132799999013514,1.6132799999013514,0.081,1.086,0.44627999990135137,0.0
S00003,UPF,core-1,268,DONE,7.92993,7.93221,2.2746140000435844,12.274614000043584,0.055,1.858,0.3616140000435841,5.0
S00004,UPF,core-1,262,DONE,7.93338,7.93572,2.3394359998292202,14.33943599982922,0.048,1.931,0.36043599982922014,6.0
S00007,Transcoder,core-1,166,DONE,7.93691,7.944,7.088715999998385,17.088715999998385,0.046,6.661,0.38171599999838524,5.0
S00004,UPF,core-1,263,DONE,7.94016,7.94261,2.4464170001010643,14.446417000101064,0.046,1.829,0.5714170001010646,6.0
S00006,IMS-CSCF,core-1,239,DONE,7.94204,7.94369,1.6448919998310885,13.644891999831088,0.04,1.121,0.48389199983108844,6.0
S00007,Transcoder,core-1,167,DONE,7.94521,7.95275,7.541207000031136,17.541207000031136,0.049,6.884,0.6082070000311353,5.0
S00002,vRAN-DU,edge-B,245,DONE,7.9465,7.95276,6.255901000031372,6.255901000031372,0.13,5.596,0.529901000031372,0.0
S00005,IMS-CSCF,core-1,254,DONE,7.94658,7.94949,2.9129920001196297,12.91299200011963,0.047,2.125,0.7409920001196295,5.0
S00006,IMS-CSCF,core-1,240,DONE,7.9495,7.95275,3.2473920000484213,15.247392000048421,0.044,2.672,0.5313920000484211,6.0
S00008,Transcoder,core-1,127,DONE,7.952,7.96142,9.427090999906795,21.427090999906795,0.045,8.455,0.9270909999067953,6.0
S00010,IoT-GW,edge-B,249,DONE,7.95416,7.95884,4.680314999859547,4.680314999859547,0.043,2.073,2.564314999859547,0.0
S00004,UPF,core-1,264,DONE,7.95432,7.95807,3.7518450001243764,15.751845000124376,0.046,3.363,0.3428450001243766,6.0
S00009,IoT-GW,edge-A,290,DONE,7.95679,7.95931,2.5228599999991275,2.5228599999991275,0.082,1.926,0.5148599999991277,0.0
S00010,IoT-GW,edge-B,250,DONE,7.95808,7.96112,3.0440470000030473,3.0440470000030473,0.439,2.212,0.39304700000304704,0.0
S00001,vRAN-DU,edge-A,251,DONE,7.96116,7.96409,2.9279319999204745,2.9279319999204745,0.054,2.523,0.3509319999204745,0.0
S00001,vRAN-DU,edge-A,252,DONE,7.96834,7.9712,2.863903999923423,2.863903999923423,0.048,2.505,0.3109039999234229,0.0
S00006,IMS-CSCF,core-1,241,DONE,7.96842,7.97164,3.2228200000190554,15.222820000019055,0.05,2.83,0.34282000001905555,6.0
S00007,Transcoder,core-1,168,DONE,7.97082,7.978,7.176563999792052,17.17656399979205,0.049,6.785,0.3425639997920511,5.0
S00009,IoT-GW,edge-A,291,DONE,7.97381,7.97499,1.181917000167232,1.181917000167232,0.046,0.802,0.3339170001672318,0.0
S00005,IMS-CSCF,core-1,255,DONE,7.97617,7.97881,2.634105999959502,12.634105999959502,0.045,2.262,0.32710599995950185,5.0
S00007,Transcoder,core-1,169,DONE,7.98499,7.99158,6.58764899981179,16.58764899981179,0.049,6.137,0.4016489998117905,5.0
S00010,IoT-GW,edge-B,251,DONE,7.98627,7.98965,3.379791000043042,3.379791000043042,0.07,0.928,2.3817910000430422,0.0
S00009,IoT-GW,edge-A,292,DONE,7.98633,7.98759,1.260931999922832,1.260931999922832,0.048,0.942,0.2709319999228319,0.0
S00009,IoT-GW,edge-A,293,DONE,7.98965,7.99094,1.2865440000950912,1.2865440000950912,0.051,0.683,0.5525440000950912,0.0
S00003,UPF,core-1,269,DONE,7.99165,7.9941,2.450004999900557,12.450004999900557,0.096,2.023,0.33100499990055665,5.0
S00006,IMS-CSCF,core-1,242,DONE,7.9963,7.99793,1.6261990001567028,13.626199000156703,0.048,1.216,0.3621990001567028,6.0
S00005,IMS-CSCF,core-1,256,DONE,8.00313,8.00478,1.6542799999115232,11.654279999911523,0.047,1.272,0.33527999991152324,5.0
S00002,vRAN-DU,edge-B,246,DONE,8.00899,8.01256,3.5746010000821116,3.5746010000821116,0.079,3.038,0.4576010000821116,0.0
S00005,IMS-CSCF,core-1,257,DONE,8.01475,8.01662,1.8649450000793877,11.864945000079388,0.068,1.344,0.45294500007938754,5.0
S00009,IoT-GW,edge-A,294,DONE,8.01601,8.01762,1.6124869998748181,1.6124869998748181,0.084,1.083,0.4454869998748181,0.0
S00006,IMS-CSCF,core-1,243,DONE,8.02891,8.0313,2.3911959999622923,14.391195999962292,0.109,1.542,0.7401959999622922,6.0
S00010,IoT-GW,edge-B,252,DONE,8.03032,8.03283,2.510505999907764,2.510505999907764,0.191,1.677,0.642505999907764,0.0
S00007,Transcoder,core-1,170,DONE,8.03046,8.04997,19.511927000166907,29.511927000166907,0.049,18.468,0.994927000166907,5.0
S00002,vRAN-DU,edge-B,247,DONE,8.03514,8.03817,3.030933999980334,3.030933999980334,0.053,2.463,0.5149339999803342,0.0
S00003,UPF,core-1,270,DONE,8.03817,8.04321,5.041118000008282,15.041118000008282,0.071,4.519,0.4511180000082824,5.0
S00010,IoT-GW,edge-B,253,DONE,8.04036,8.04324,2.88011199995708,2.88011199995708,0.05,2.476,0.3541119999570803,0.0
S00002,vRAN-DU,edge-B,248,DONE,8.04078,8.04433,3.546524000057616,3.546524000057616,0.045,3.059,0.44252400005761583,0.0
S00009,IoT-GW,edge-A,295,DONE,8.04652,8.04811,1.5854099999614846,1.5854099999614846,0.081,0.965,0.5394099999614846,0.0
S00009,IoT-GW,edge-A,296,DONE,8.05216,8.05418,2.019783999912761,2.019783999912761,0.095,1.285,0.639783999912761,0.0
S00002,vRAN-DU,edge-B,249,DONE,8.05649,8.06233,5.8365550000871735,5.8365550000871735,0.072,5.194,0.5705550000871735,0.0
S00003,UPF,core-1,271,DONE,8.06452,8.06766,3.144793000046775,13.144793000046775,0.129,2.33,0.6857930000467749,5.0
S00004,UPF,core-1,265,DONE,8.07202,8.0764,4.3794919999982085,16.37949199999821,0.067,3.668,0.6444919999982082,6.0
S00010,IoT-GW,edge-B,254,DONE,8.07757,8.07965,2.07775900003071,2.07775900003071,0.123,1.288,0.66675900003071,0.0
S00002,vRAN-DU,edge-B,250,DONE,8.08094,8.08778,6.844461000127922,6.844461000127922,0.051,5.434,1.3594610001279213,0.0
S00005,IMS-CSCF,core-1,258,DONE,8.08431,8.09054,6.228327999906469,16.22832799990647,0.114,4.026,2.0883279999064692,5.0
S00002,vRAN-DU,edge-B,251,DONE,8.08554,8.09054,4.99276400000781,4.99276400000781,0.052,4.506,0.4347640000078101,0.0
S00001,vRAN-DU,edge-A,253,DONE,8.0856,8.09324,7.643735000101515,7.643735000101515,0.089,6.651,0.9037350001015145,0.0
S00005,IMS-CSCF,core-1,259,DONE,8.08779,8.09207,4.279057000076136,14.279057000076136,2.424,1.318,0.5370570000761363,5.0
S00009,IoT-GW,edge-A,297,DONE,8.09325,8.09521,1.954344000068886,1.954344000068886,0.137,1.3,0.517344000068886,0.0
S00001,vRAN-DU,edge-A,254,DONE,8.09334,8.10074,7.401152000056754,7.401152000056754,0.195,6.56,0.6461520000567544,0.0
S00002,vRAN-DU,edge-B,252,DONE,8.09521,8.10268,7.469156999832194,7.469156999832194,0.059,7.058,0.35215699983219384,0.0
S00005,IMS-CSCF,core-1,260,DONE,8.09684,8.09947,2.623024000058649,12.623024000058649,0.092,1.995,0.5360240000586489,5.0
S00001,vRAN-DU,edge-A,255,DONE,8.09947,8.1089,9.427669000160677,9.427669000160677,0.044,8.043,1.340669000160677,0.0
S00003,UPF,core-1,272,DONE,8.10607,8.11124,5.168192999917665,15.168192999917665,0.06,3.65,1.458192999917665,5.0
S00003,UPF,core-1,273,DONE,8.10891,8.11779,8.88163100012207,18.88163100012207,1.13,7.487,0.26463100012206997,5.0
S00004,UPF,core-1,266,DONE,8.10913,8.11282,3.6899990000165417,15.689999000016542,0.053,3.25,0.38699900001654175,6.0
S00002,vRAN-DU,edge-B,253,DONE,8.11125,8.11506,3.8080690001152107,3.8080690001152107,0.06,3.434,0.31406900011521044,0.0
S00002,vRAN-DU,edge-B,254,DONE,8.11246,8.11871,6.2578360000316025,6.2578360000316025,0.046,5.93,0.2818360000316025,0.0
S00006,IMS-CSCF,core-1,244,DONE,8.11283,8.12246,9.635427000148411,21.63542700014841,0.077,7.054,2.504427000148411,6.0
S00006,IMS-CSCF,core-1,245,DONE,8.11408,8.12348,9.396564000098806,21.396564000098806,3.943,2.832,2.6215640000988065,6.0
S00002,vRAN-DU,edge-B,255,DONE,8.11414,8.11766,3.5255159998541785,3.5255159998541785,0.889,2.372,0.2645159998541784,0.0
S00003,UPF,core-1,274,DONE,8.1177,8.12311,5.413508999936312,15.413508999936312,0.078,4.925,0.4105089999363116,5.0
S00004,UPF,core-1,267,DONE,8.12467,8.12864,3.9678440000443516,15.967844000044352,0.081,3.346,0.5408440000443515,6.0
S00001,vRAN-DU,edge-A,256,DONE,8.12694,8.13003,3.087887999981831,3.087887999981831,0.075,2.498,0.5148879999818305,0.0
S00009,IoT-GW,edge-A,298,DONE,8.13004,8.13242,2.3845100001835817,2.3845100001835817,0.057,0.762,1.5655100001835818,0.0
S00010,IoT-GW,edge-B,255,DONE,8.13014,8.13399,3.8529360001575697,3.8529360001575697,0.084,1.016,2.7529360001575696,0.0
S00005,IMS-CSCF,core-1,261,DONE,8.13021,8.13286,2.649001000008866,12.649001000008866,0.086,2.057,0.5060010000088662,5.0
S00010,IoT-GW,edge-B,256,DONE,8.13292,8.13571,2.7936339999996562,2.7936339999996562,0.092,1.545,1.1566339999996562,0.0
S00005,IMS-CSCF,core-1,262,DONE,8.13301,8.13536,2.354156000137664,12.354156000137664,0.078,1.808,0.4681560001376639,5.0
S00003,UPF,core-1,275,DONE,8.14207,8.14647,4.397479000090243,14.397479000090243,0.103,3.83,0.46447900009024323,5.0
S00006,IMS-CSCF,core-1,246,DONE,8.14866,8.15137,2.71350900015932,14.71350900015932,0.114,2.02,0.5795090001593199,6.0
S00007,Transcoder,core-1,171,DONE,8.14874,8.16435,15.60807299983935,25.60807299983935,0.176,14.898,0.534072999839351,5.0
S00003,UPF,core-1,276,DONE,8.15356,8.16056,6.990217999828019,16.99021799982802,0.062,6.484,0.4442179998280187,5.0
S00007,Transcoder,core-1,172,DONE,8.15363,8.16432,10.685863000162499,20.6858630001625,0.37,9.929,0.3868630001624993,5.0
S00008,Transcoder,core-1,128,DONE,8.15484,8.1669,12.065844000062498,24.065844000062498,0.063,11.04,0.962844000062498,6.0
S00006,IMS-CSCF,core-1,247,DONE,8.16056,8.16198,1.423195999905147,13.423195999905147,0.04,1.074,0.3091959999051468,6.0
S00005,IMS-CSCF,core-1,263,DONE,8.16555,8.1672,1.651547999927061,11.651547999927061,0.071,1.287,0.29354799992706115,5.0
S00010,IoT-GW,edge-B,257,DONE,8.18153,8.18377,2.2427129999869067,2.2427129999869067,0.118,1.282,0.8427129999869067,0.0
S00006,IMS-CSCF,core-1,248,DONE,8.18166,8.18841,6.754678000106651,18.75467800010665,0.068,2.46,4.226678000106651,6.0
S00007,Transcoder,core-1,173,DONE,8.1829,8.19049,7.585182999946483,17.585182999946483,0.362,6.898,0.3251829999464828,5.0
S00009,IoT-GW,edge-A,299,DONE,8.18378,8.18997,6.189812000002348,6.189812000002348,0.13,1.054,5.005812000002348,0.0
S00009,IoT-GW,edge-A,300,DONE,8.18842,8.19115,2.733532999855015,2.733532999855015,1.089,1.161,0.4835329998550151,0.0
S00007,Transcoder,core-1,174,DONE,8.19334,8.19967,6.330777999892234,16.330777999892234,0.054,5.779,0.49777799989223404,5.0
S00006,IMS-CSCF,core-1,249,DONE,8.20591,8.20776,1.8489120000140247,13.848912000014025,0.057,1.452,0.3399120000140248,6.0
S00010,IoT-GW,edge-B,258,DONE,8.20742,8.20972,2.3049129999890283,2.3049129999890283,0.084,0.894,1.3269129999890281,0.0
S00010,IoT-GW,edge-B,259,DONE,8.20973,8.21101,1.2893139999050618,1.2893139999050618,0.043,0.867,0.37931399990506187,0.0
S00004,UPF,core-1,268,DONE,8.21425,8.21709,2.842655999984345,14.842655999984345,0.071,1.951,0.8206559999843446,6.0
S00009,IoT-GW,edge-A,301,DONE,8.21433,8.21694,2.6127269998141855,2.6127269998141855,0.107,1.119,1.3867269998141853,0.0
S00009,IoT-GW,edge-A,302,DONE,8.21694,8.21826,1.3123690000611532,1.3123690000611532,0.061,0.852,0.3993690000611533,0.0
S00008,Transcoder,core-1,129,DONE,8.21701,8.22297,5.965098999922702,17.965098999922702,0.04,5.558,0.36709899992270234,6.0
S00004,UPF,core-1,269,DONE,8.23527,8.23814,2.8726130001359707,14.87261300013597,0.085,2.175,0.6126130001359709,6.0
S00005,IMS-CSCF,core-1,264,DONE,8.24349,8.24561,2.1139180000773194,12.11391800007732,0.121,1.442,0.5509180000773195,5.0
S00008,Transcoder,core-1,130,DONE,8.2478,8.25421,6.410669000160851,18.41066900016085,0.054,5.954,0.4026690001608513,6.0
S00005,IMS-CSCF,core-1,265,DONE,8.25112,8.25271,1.58999599989329,11.58999599989329,0.061,1.157,0.37199599989329,5.0
S00003,UPF,core-1,277,DONE,8.2554,8.2578,2.401341999984652,12.401341999984652,0.052,1.963,0.3863419999846518,5.0
S00002,vRAN-DU,edge-B,256,DONE,8.25765,8.26174,4.096092999816392,4.096092999816392,0.1,3.366,0.6300929998163918,0.0
S00010,IoT-GW,edge-B,260,DONE,8.2578,8.25954,1.7407710001862142,1.7407710001862142,0.176,0.965,0.5997710001862143,0.0
S00005,IMS-CSCF,core-1,266,DONE,8.25955,8.26215,2.59875100005047,12.59875100005047,0.254,2.039,0.30575100005046973,5.0
S00007,Transcoder,core-1,175,DONE,8.26333,8.27649,13.160717000118893,23.160717000118893,0.074,8.89,4.196717000118893,5.0
S00008,Transcoder,core-1,131,DONE,8.26341,8.2765,13.085608999972465,25.085608999972465,0.115,9.832,3.1386089999724636,6.0
S00004,UPF,core-1,270,DONE,8.2666,8.26879,2.189864000001762,14.189864000001762,0.046,1.8,0.3438640000017623,6.0
S00002,vRAN-DU,edge-B,257,DONE,8.26782,8.27651,8.685352000156854,8.685352000156854,0.057,6.471,2.1573520001568536,0.0
S00004,UPF,core-1,271,DONE,8.26999,8.27649,6.498756999917532,18.498756999917532,0.045,2.281,4.172756999917532,6.0
S00004,UPF,core-1,272,DONE,8.27651,8.27864,2.134025000032125,14.134025000032125,0.05,1.787,0.29702500003212506,6.0
S00008,Transcoder,core-1,132,DONE,8.28083,8.28842,7.583636999925147,19.583636999925147,0.049,5.718,1.816636999925147,6.0
S00002,vRAN-DU,edge-B,258,DONE,8.28615,8.28965,3.5050139999839303,3.5050139999839303,0.073,2.736,0.6960139999839301,0.0
S00009,IoT-GW,edge-A,303,DONE,8.28842,8.28995,1.5320479999445524,1.5320479999445524,0.083,0.966,0.4830479999445525,0.0
S00002,vRAN-DU,edge-B,259,DONE,8.29113,8.29417,3.0407350000132283,3.0407350000132283,0.052,2.604,0.38473500001322813,0.0
S00009,IoT-GW,edge-A,304,DONE,8.30846,8.31022,1.7615529998238344,1.7615529998238344,0.113,1.108,0.5405529998238343,0.0
S00008,Transcoder,core-1,133,DONE,8.3124,8.31943,7.0297350000601,19.0297350000601,0.086,6.49,0.4537350000600995,6.0
S00004,UPF,core-1,273,DONE,8.31671,8.31924,2.531789999920875,14.531789999920875,0.07,1.831,0.630789999920875,6.0
S00001,vRAN-DU,edge-A,257,DONE,8.32059,8.32374,3.150064999999813,3.150064999999813,0.102,2.601,0.4470649999998133,0.0
S00009,IoT-GW,edge-A,305,DONE,8.32694,8.32835,1.4120360001470544,1.4120360001470544,0.051,0.976,0.3850360001470545,0.0
S00009,IoT-GW,edge-A,306,DONE,8.32819,8.32951,1.3139749999027117,1.3139749999027117,0.04,0.943,0.33097499990271173,0.0
S00010,IoT-GW,edge-B,261,DONE,8.33369,8.33574,2.0448909999686293,2.0448909999686293,0.087,1.263,0.6948909999686295,0.0
S00010,IoT-GW,edge-B,262,DONE,8.33804,8.34028,2.2384480000710028,2.2384480000710028,0.054,1.695,0.48944800007100286,0.0
S00009,IoT-GW,edge-A,307,DONE,8.33813,8.34055,2.4211830000240298,2.4211830000240298,0.059,1.996,0.3661830000240296,0.0
S00008,Transcoder,core-1,134,DONE,8.3394,8.34882,9.427109999933236,21.427109999933236,0.08,8.68,0.6671099999332366,6.0
S00009,IoT-GW,edge-A,308,DONE,8.34064,8.34515,4.5070650000980095,4.5070650000980095,0.047,4.038,0.4220650000980095,0.0
S00005,IMS-CSCF,core-1,267,DONE,8.34189,8.34602,4.127551000010499,14.127551000010499,0.057,3.622,0.4485510000104984,5.0
S00006,IMS-CSCF,core-1,250,DONE,8.34515,8.34711,1.9556370000373136,13.955637000037314,0.056,1.605,0.2946370000373135,6.0
S00003,UPF,core-1,278,DONE,8.34831,8.35126,2.9555879998497403,12.95558799984974,0.037,2.42,0.49858799984974045,5.0
S00009,IoT-GW,edge-A,309,DONE,8.34836,8.34955,1.190152000162925,1.190152000162925,0.048,0.795,0.347152000162925,0.0
S00004,UPF,core-1,274,DONE,8.35243,8.3548,2.372105999938867,14.372105999938867,0.049,1.96,0.3631059999388673,6.0
S00005,IMS-CSCF,core-1,268,DONE,8.35374,8.3555,1.7671220000465837,11.767122000046584,0.047,1.381,0.33912200004658377,5.0
S00002,vRAN-DU,edge-B,260,DONE,8.3607,8.36466,3.95620900007998,3.95620900007998,0.078,3.351,0.5272090000799801,0.0
S00002,vRAN-DU,edge-B,261,DONE,8.36199,8.36621,4.224353999916275,4.224353999916275,0.053,3.824,0.34735399991627514,0.0
S00009,IoT-GW,edge-A,310,DONE,8.36432,8.36602,1.6995050000332412,1.6995050000332412,0.14,0.866,0.6935050000332411,0.0
S00003,UPF,core-1,279,DONE,8.36738,8.37124,3.8545749998775136,13.854574999877514,0.072,3.293,0.4895749998775134,5.0
S00006,IMS-CSCF,core-1,251,DONE,8.36963,8.37146,1.8217259998891677,13.821725999889168,0.057,1.505,0.2597259998891679,6.0
S00004,UPF,core-1,275,DONE,8.37263,8.37492,2.2911900000508467,14.291190000050847,0.079,1.806,0.4061900000508465,6.0
S00009,IoT-GW,edge-A,311,DONE,8.37492,8.3763,1.3741360000949498,1.3741360000949498,0.06,0.857,0.4571360000949498,0.0
S00007,Transcoder,core-1,176,DONE,8.375,8.38098,5.9821390000251995,15.9821390000252,0.047,5.558,0.37713900002519996,5.0
S00009,IoT-GW,edge-A,312,DONE,8.38048,8.38214,1.654450999922119,1.654450999922119,0.053,0.77,0.8314509999221191,0.0
S00008,Transcoder,core-1,135,DONE,8.38214,8.3948,12.660546000006434,24.660546000006434,0.052,12.103,0.5055460000064347,6.0
S00010,IoT-GW,edge-B,263,DONE,8.38846,8.39029,1.8252190000112023,1.8252190000112023,0.082,1.336,0.40721900001120215,0.0
S00002,vRAN-DU,edge-B,262,DONE,8.39481,8.39811,3.3023630001025595,3.3023630001025595,0.087,2.691,0.5243630001025594,0.0
S00010,IoT-GW,edge-B,264,DONE,8.40242,8.40592,3.50438700002087,3.50438700002087,0.053,1.507,1.94438700002087,0.0
S00004,UPF,core-1,276,DONE,8.40375,8.40641,2.661649999936344,14.661649999936344,0.073,2.068,0.5206499999363441,6.0
S00004,UPF,core-1,277,DONE,8.40381,8.4086,4.786732999946253,16.786732999946253,2.284,2.04,0.46273299994625283,6.0
S00002,vRAN-DU,edge-B,263,DONE,8.41704,8.42298,5.9433139999782725,5.9433139999782725,0.067,5.32,0.556313999978272,0.0
S00008,Transcoder,core-1,136,DONE,8.41838,8.42652,8.144460000039544,20.144460000039544,0.057,7.659,0.42846000003954376,6.0
S00007,Transcoder,core-1,177,DONE,8.43083,8.44361,12.782325999978639,22.78232599997864,0.055,12.203,0.5243259999786396,5.0
S00009,IoT-GW,edge-A,313,DONE,8.43519,8.43664,1.4557340000465047,1.4557340000465047,0.061,0.948,0.44673400004650476,0.0
S00002,vRAN-DU,edge-B,264,DONE,8.43781,8.4411,3.2976820000385487,3.2976820000385487,0.069,2.742,0.4866820000385488,0.0
S00006,IMS-CSCF,core-1,252,DONE,8.44249,8.44564,3.152593999857345,15.152593999857345,0.117,2.524,0.5115939998573449,6.0
S00001,vRAN-DU,edge-A,258,DONE,8.45595,8.47254,16.59010200000921,16.59010200000921,0.189,12.224,4.17710200000921,0.0
S00008,Transcoder,core-1,137,DONE,8.45604,8.47263,16.592289000072924,28.592289000072924,0.074,15.886,0.6322890000729231,6.0
S00006,IMS-CSCF,core-1,253,DONE,8.45609,8.4607,4.6097130000362085,16.60971300003621,0.187,1.212,3.2107130000362085,6.0
S00001,vRAN-DU,edge-A,259,DONE,8.45617,8.47252,16.353406999996878,16.353406999996878,0.064,12.027,4.2624069999968786,0.0
S00001,vRAN-DU,edge-A,260,DONE,8.46071,8.47477,14.063284000030762,14.063284000030762,8.076,5.421,0.5662840000307616,0.0
S00004,UPF,core-1,278,DONE,8.46402,8.47255,8.530067000037889,20.53006700003789,0.063,2.181,6.286067000037888,6.0
S00010,IoT-GW,edge-B,265,DONE,8.4739,8.47673,2.8370429999995395,2.8370429999995395,0.079,1.723,1.0350429999995392,0.0
S00003,UPF,core-1,280,DONE,8.47596,8.47929,3.331840999862834,13.331840999862834,0.422,2.112,0.7978409998628337,5.0
S00009,IoT-GW,edge-A,314,DONE,8.47815,8.47951,1.3621850000617997,1.3621850000617997,0.058,0.96,0.34418500006179964,0.0
S00002,vRAN-DU,edge-B,265,DONE,8.48069,8.48382,3.135506000035093,3.135506000035093,0.06,2.7,0.37550600003509294,0.0
S00006,IMS-CSCF,core-1,254,DONE,8.48194,8.48491,2.9725179999786633,14.972517999978663,0.058,2.534,0.38051799997866365,6.0
S00007,Transcoder,core-1,178,DONE,8.48491,8.49214,7.22652400008883,17.22652400008883,0.049,6.851,0.3265240000888294,5.0
S00010,IoT-GW,edge-B,266,DONE,8.48618,8.48917,2.9877649999434652,2.9877649999434652,0.048,2.386,0.5537649999434651,0.0
S00004,UPF,core-1,279,DONE,8.48624,8.48937,3.1260640000709827,15.126064000070983,0.044,2.629,0.4530640000709827,6.0
S00005,IMS-CSCF,core-1,269,DONE,8.48742,8.49067,3.2477479999215575,13.247747999921557,0.044,2.833,0.37074799992155727,5.0
S00002,vRAN-DU,edge-B,266,DONE,8.49634,8.49955,3.2104730000810378,3.2104730000810378,0.052,2.821,0.33747300008103753,0.0
S00008,Transcoder,core-1,138,DONE,8.49859,8.50737,8.783128999994005,20.783128999994005,0.048,8.212,0.5231289999940056,6.0
S00006,IMS-CSCF,core-1,255,DONE,8.50077,8.50736,6.594967999944856,18.594967999944856,0.048,6.007,0.5399679999448566,6.0
S00008,Transcoder,core-1,139,DONE,8.50737,8.5138,6.427332999919599,18.4273329999196,0.05,6.018,0.35933299991959977,6.0
S00001,vRAN-DU,edge-A,261,DONE,8.51803,8.52145,3.420860000005632,3.420860000005632,0.065,2.851,0.5048600000056322,0.0
S00005,IMS-CSCF,core-1,270,DONE,8.52264,8.5254,2.7570040001592133,12.757004000159213,0.121,2.24,0.3960040001592131,5.0
S00007,Transcoder,core-1,179,DONE,8.52272,8.53238,9.662145999982386,19.662145999982386,0.123,8.97,0.5691459999823856,5.0
S00002,vRAN-DU,edge-B,267,DONE,8.52438,8.52817,3.7900270001500758,3.7900270001500758,0.091,3.073,0.6260270001500756,0.0
S00002,vRAN-DU,edge-B,268,DONE,8.52444,8.53405,9.609653000097751,9.609653000097751,0.271,8.589,0.7496530000977497,0.0
S00003,UPF,core-1,281,DONE,8.52447,8.5274,2.9270649999944,12.9270649999944,0.044,1.843,1.0400649999943998,5.0
S00004,UPF,core-1,280,DONE,8.52939,8.53155,2.161658000204625,14.161658000204625,0.044,1.83,0.28765800020462473,6.0
S00006,IMS-CSCF,core-1,256,DONE,8.53155,8.5348,3.2519800001864496,15.25198000018645,0.045,2.88,0.3269800001864498,6.0
S00003,UPF,core-1,282,DONE,8.53406,8.53629,2.236975999949209,12.236975999949209,0.042,1.791,0.4039759999492092,5.0
S00005,IMS-CSCF,core-1,271,DONE,8.54152,8.54347,1.9474139999147155,11.947413999914716,0.051,1.262,0.6344139999147156,5.0
S00004,UPF,core-1,281,DONE,8.54279,8.5472,4.408306999948763,16.408306999948763,0.046,3.405,0.9573069999487633,6.0
S00001,vRAN-DU,edge-A,262,DONE,8.5435,8.54721,3.7042550000023766,3.7042550000023766,0.07,3.151,0.483255000002377,0.0
S00004,UPF,core-1,282,DONE,8.54471,8.5499,5.196391000026779,17.19639100002678,0.071,2.679,2.4463910000267792,6.0
S00004,UPF,core-1,283,DONE,8.54721,8.55361,6.403694999789877,18.403694999789877,2.441,2.447,1.5156949997898774,6.0
S00002,vRAN-DU,edge-B,269,DONE,8.55362,8.55737,3.7478719998489396,3.7478719998489396,0.079,3.162,0.5068719998489395,0.0
S00004,UPF,core-1,284,DONE,8.55497,8.55819,3.2219060001352773,15.221906000135277,0.049,2.811,0.3619060001352774,6.0
S00005,IMS-CSCF,core-1,272,DONE,8.5582,8.55966,1.4660330000424437,11.466033000042444,0.045,1.143,0.2780330000424438,5.0
S00006,IMS-CSCF,core-1,257,DONE,8.55946,8.56125,1.7899240001497674,13.789924000149767,0.04,1.333,0.4169240001497674,6.0
S00004,UPF,core-1,285,DONE,8.56242,8.56693,4.507001000092714,16.507001000092714,0.052,2.328,2.1270010000927146,6.0
S00002,vRAN-DU,edge-B,270,DONE,8.5625,8.57234,9.842876999982764,9.842876999982764,0.061,9.206,0.5758769999827642,0.0
S00001,vRAN-DU,edge-A,263,DONE,8.56254,8.56719,4.642489999923782,4.642489999923782,0.079,3.983,0.5804899999237825,0.0
S00010,IoT-GW,edge-B,267,DONE,8.56693,8.57375,6.820980999918902,6.820980999918902,0.066,5.966,0.7889809999189019,0.0
S00006,IMS-CSCF,core-1,258,DONE,8.56699,8.57235,5.35613000010926,17.35613000010926,0.127,4.628,0.6011300001092605,6.0
S00004,UPF,core-1,286,DONE,8.56703,8.57235,5.326510000031703,17.326510000031703,0.058,4.704,0.5645100000317038,6.0
S00005,IMS-CSCF,core-1,273,DONE,8.56832,8.57375,5.423178999990341,15.423178999990341,0.065,1.303,4.055178999990341,5.0
S00007,Transcoder,core-1,180,DONE,8.57055,8.57994,9.390974999860191,19.39097499986019,0.137,7.001,2.2529749998601902,5.0
S00006,IMS-CSCF,core-1,259,DONE,8.57499,8.57651,1.522978000139119,13.522978000139119,0.047,1.171,0.30497800013911913,6.0
S00009,IoT-GW,edge-A,315,DONE,8.57994,8.58353,3.5918990001846396,3.5918990001846396,0.228,1.047,2.3168990001846392,0.0
S00001,vRAN-DU,edge-A,264,DONE,8.58002,8.58372,3.6996180001551693,3.6996180001551693,0.078,3.067,0.5546180001551693,0.0
S00009,IoT-GW,edge-A,316,DONE,8.58354,8.58529,1.7499509999652219,1.7499509999652219,0.045,1.2,0.504950999965222,0.0
S00005,IMS-CSCF,core-1,274,DONE,8.5853,8.58737,2.0698010000614886,12.069801000061489,0.084,1.457,0.5288010000614884,5.0
S00008,Transcoder,core-1,140,DONE,8.58737,8.5945,7.124908999912805,19.124908999912805,0.057,6.623,0.44490899991280397,6.0
S00010,IoT-GW,edge-B,268,DONE,8.59271,8.59432,1.611067999874649,1.611067999874649,0.078,1.048,0.485067999874649,0.0
S00006,IMS-CSCF,core-1,260,DONE,8.59711,8.60075,3.6445880000428588,15.644588000042859,0.096,2.991,0.5575880000428586,6.0
S00003,UPF,core-1,283,DONE,8.59721,8.60081,3.5943440000210103,13.59434400002101,0.15,2.885,0.5593440000210106,5.0
S00004,UPF,core-1,287,DONE,8.602,8.60516,3.1595839998317388,15.159583999831739,0.055,2.279,0.8255839998317387,6.0
S00007,Transcoder,core-1,181,DONE,8.60639,8.61318,6.798743999979706,16.798743999979706,0.058,6.137,0.6037439999797067,5.0
S00001,vRAN-DU,edge-A,265,DONE,8.60766,8.61126,3.5941600001478946,3.5941600001478946,0.085,2.832,0.6771600001478948,0.0
S00003,UPF,core-1,284,DONE,8.60773,8.6176,9.868856999901254,19.868856999901254,0.064,8.707,1.0978569999012535,5.0
S00007,Transcoder,core-1,182,DONE,8.6078,8.63228,24.48196800014557,34.48196800014557,0.107,22.787,1.5879680001455725,5.0
S00007,Transcoder,core-1,183,DONE,8.61126,8.63221,20.950621000110914,30.950621000110914,1.541,18.284,1.1256210001109146,5.0
S00002,vRAN-DU,edge-B,271,DONE,8.61438,8.62292,8.542519000002358,8.542519000002358,0.088,8.076,0.37851900000235794,0.0
S00009,IoT-GW,edge-A,317,DONE,8.61478,8.62068,5.896262000078423,5.896262000078423,0.065,5.365,0.4662620000784221,0.0
S00002,vRAN-DU,edge-B,272,DONE,8.61487,8.62371,8.841106000090804,8.841106000090804,0.059,6.166,2.616106000090804,0.0
S00006,IMS-CSCF,core-1,261,DONE,8.61761,8.62267,5.061519000037151,17.06151900003715,0.264,4.404,0.3935190000371511,6.0
S00004,UPF,core-1,288,DONE,8.61767,8.62216,4.49727500017616,16.49727500017616,0.05,3.875,0.5722750001761598,6.0
S00005,IMS-CSCF,core-1,275,DONE,8.62033,8.62336,3.0260210000960797,13.02602100009608,1.193,1.235,0.5980210000960795,5.0
S00005,IMS-CSCF,core-1,276,DONE,8.6249,8.6322,7.303363999881185,17.303363999881185,0.228,2.129,4.946363999881186,5.0
S00003,UPF,core-1,285,DONE,8.62496,8.63222,7.2610689999237366,17.261068999923737,0.047,6.096,1.1180689999237368,5.0
S00001,vRAN-DU,edge-A,266,DONE,8.62614,8.63009,3.9496510000844864,3.9496510000844864,0.065,3.462,0.4226510000844863,0.0
S00003,UPF,core-1,286,DONE,8.63351,8.63718,3.672594000136087,13.672594000136087,0.054,3.271,0.3475940001360871,5.0
S00001,vRAN-DU,edge-A,267,DONE,8.63359,8.63689,3.2999729999119154,3.2999729999119154,0.06,2.796,0.4439729999119155,0.0
S00005,IMS-CSCF,core-1,277,DONE,8.63411,8.63563,1.5127620001749165,11.512762000174916,0.047,0.978,0.48776200017491655,5.0
S00009,IoT-GW,edge-A,318,DONE,8.6369,8.63806,1.1577459999898565,1.1577459999898565,0.047,0.844,0.2667459999898566,0.0
S00005,IMS-CSCF,core-1,278,DONE,8.64124,8.64357,2.325769999970362,12.325769999970362,0.05,1.592,0.6837699999703619,5.0
S00010,IoT-GW,edge-B,269,DONE,8.64132,8.64358,2.257235000115543,2.257235000115543,0.157,1.489,0.6112350001155427,0.0
S00010,IoT-GW,edge-B,270,DONE,8.64252,8.64432,1.7982630001824873,1.7982630001824873,0.68,0.801,0.3172630001824871,0.0
S00001,vRAN-DU,edge-A,268,DONE,8.64836,8.65336,5.006622999871979,5.006622999871979,0.063,4.497,0.4466229998719795,0.0
S00010,IoT-GW,edge-B,271,DONE,8.65162,8.65839,6.767809999928431,6.767809999928431,0.153,3.854,2.7608099999284317,0.0
S00002,vRAN-DU,edge-B,273,DONE,8.66165,8.66641,4.7626139999010775,4.7626139999010775,0.053,4.185,0.5246139999010779,0.0
S00007,Transcoder,core-1,184,DONE,8.6738,8.68504,11.242715999969732,21.242715999969732,0.119,9.957,1.1667159999697319,5.0
S00005,IMS-CSCF,core-1,279,DONE,8.67669,8.67862,1.9307439999920462,11.930743999992046,0.081,1.247,0.6027439999920461,5.0
S00002,vRAN-DU,edge-B,274,DONE,8.68097,8.68674,5.767817999867475,5.767817999867475,0.132,4.725,0.9108179998674757,0.0
S00002,vRAN-DU,edge-B,275,DONE,8.68674,8.69138,4.640228999960527,4.640228999960527,0.057,3.909,0.6742289999605271,0.0
S00002,vRAN-DU,edge-B,276,DONE,8.69139,8.70085,9.463770000138538,9.463770000138538,0.072,8.95,0.44177000013853984,0.0
S00004,UPF,core-1,289,DONE,8.69156,8.69894,7.379421999985425,19.379421999985425,0.129,6.689,0.5614219999854253,6.0
S00007,Transcoder,core-1,185,DONE,8.69292,8.7086,15.674061000026995,25.674061000026995,0.062,14.994,0.6180610000269962,5.0
S00009,IoT-GW,edge-A,319,DONE,8.69588,8.69749,1.6114490001655213,1.6114490001655213,0.135,1.035,0.44144900016552135,0.0
S00005,IMS-CSCF,core-1,280,DONE,8.71189,8.71739,5.507269000190718,15.507269000190718,0.131,4.566,0.8102690001907176,5.0
S00001,vRAN-DU,edge-A,269,DONE,8.7218,8.72743,5.637326999931247,5.637326999931247,0.237,4.438,0.9623269999312472,0.0
S00004,UPF,core-1,290,DONE,8.72744,8.73095,3.510378999862951,15.51037899986295,0.157,2.652,0.7013789998629507,6.0
S00007,Transcoder,core-1,186,DONE,8.73322,8.74339,10.17412700002751,20.17412700002751,0.069,9.599,0.5061270000275098,5.0
S00001,vRAN-DU,edge-A,270,DONE,8.73888,8.74803,9.150259000080041,9.150259000080041,0.1,7.981,1.0692590000800415,0.0
S00005,IMS-CSCF,core-1,281,DONE,8.73927,8.74758,8.313423999879888,18.313423999879888,0.118,3.093,5.102423999879887,5.0
S00003,UPF,core-1,287,DONE,8.7419,8.74924,7.346038999912707,17.346038999912707,0.147,4.458,2.741038999912707,5.0
S00010,IoT-GW,edge-B,272,DONE,8.74566,8.74921,3.5409639999670617,3.5409639999670617,0.083,2.037,1.4209639999670616,0.0
S00005,IMS-CSCF,core-1,282,DONE,8.75246,8.75597,3.515056999958688,13.515056999958688,0.135,2.539,0.8410569999586879,5.0
S00002,vRAN-DU,edge-B,277,DONE,8.75727,8.76494,7.664456999918912,7.664456999918912,0.11,6.684,0.8704569999189111,0.0
S00003,UPF,core-1,288,DONE,8.75975,8.76821,8.461356999987402,18.4613569999874,0.102,7.696,0.6633569999874016,5.0
S00009,IoT-GW,edge-A,320,DONE,8.76115,8.76397,2.8200169999763602,2.8200169999763602,0.109,1.744,0.9670169999763603,0.0
S00004,UPF,core-1,291,DONE,8.76297,8.76822,5.245563000016773,17.245563000016773,0.081,4.211,0.9535630000167723,6.0
S00010,IoT-GW,edge-B,273,DONE,8.76306,8.76863,5.569419000039488,5.569419000039488,0.123,3.432,2.014419000039488,0.0
S00005,IMS-CSCF,core-1,283,DONE,8.76863,8.77051,1.8801410001287877,11.880141000128788,0.109,1.461,0.31014100012878765,5.0
S00008,Transcoder,core-1,141,DONE,8.76915,8.77603,6.8815839999842865,18.881583999984286,0.047,6.346,0.4885839999842867,6.0
S00003,UPF,core-1,289,DONE,8.77727,8.78021,2.945618000012473,12.945618000012473,0.063,2.296,0.5866180000124732,5.0
S00009,IoT-GW,edge-A,321,DONE,8.78453,8.78741,2.8827080000155547,2.8827080000155547,0.128,1.528,1.2267080000155546,0.0
S00010,IoT-GW,edge-B,274,DONE,8.78706,8.79206,4.9938619999920775,4.9938619999920775,0.079,1.828,3.0868619999920774,0.0
S00004,UPF,core-1,292,DONE,8.78724,8.79207,4.833828000073481,16.83382800007348,0.725,2.265,1.8438280000734815,6.0
S00010,IoT-GW,edge-B,275,DONE,8.79208,8.79569,3.6134310000761616,3.6134310000761616,0.06,3.064,0.48943100007616147,0.0
S00004,UPF,core-1,293,DONE,8.79222,8.79544,3.2222690001617593,15.22226900016176,0.061,2.002,1.1592690001617596,6.0
S00009,IoT-GW,edge-A,322,DONE,8.79244,8.79677,4.3329170000561135,4.3329170000561135,0.165,3.623,0.5449170000561132,0.0
S00010,IoT-GW,edge-B,276,DONE,8.79545,8.79737,1.9255690001500625,1.9255690001500625,0.039,1.402,0.48456900015006266,0.0
S00008,Transcoder,core-1,142,DONE,8.79553,8.80819,12.655393000159165,24.655393000159165,0.111,8.633,3.9113930001591655,6.0
S00004,UPF,core-1,294,DONE,8.79862,8.80501,6.384873999877527,18.384873999877527,0.094,5.302,0.9888739998775273,6.0
S00009,IoT-GW,edge-A,323,DONE,8.79871,8.80095,2.242913999907614,2.242913999907614,0.079,1.633,0.530913999907614,0.0
S00003,UPF,core-1,290,DONE,8.80102,8.8082,7.18130299992481,17.18130299992481,0.089,6.59,0.5023029999248099,5.0
S00003,UPF,core-1,291,DONE,8.80237,8.8116,9.226496000110274,19.226496000110274,5.769,2.956,0.5014960001102735,5.0
S00004,UPF,core-1,295,DONE,8.82199,8.82509,3.0923990000246704,15.09239900002467,0.105,2.228,0.7593990000246702,6.0
S00009,IoT-GW,edge-A,324,DONE,8.82452,8.82704,2.521730000125899,2.521730000125899,0.341,1.477,0.7037300001258988,0.0
S00003,UPF,core-1,292,DONE,8.8353,8.83861,3.302395999980945,13.302395999980945,0.078,2.697,0.527395999980945,5.0
S00002,vRAN-DU,edge-B,278,DONE,8.83771,8.84125,3.5373369998978887,3.5373369998978887,0.084,2.903,0.5503369998978886,0.0
S00006,IMS-CSCF,core-1,262,DONE,8.83979,8.8417,1.9139119999636023,13.913911999963602,0.055,1.456,0.4029119999636024,6.0
S00008,Transcoder,core-1,143,DONE,8.84502,8.85914,14.126813000075344,26.126813000075344,0.107,13.526,0.49381300007534534,6.0
S00003,UPF,core-1,293,DONE,8.84517,8.84956,4.393569999820102,14.393569999820102,0.047,3.755,0.591569999820102,5.0
S00003,UPF,core-1,294,DONE,8.85387,8.85898,5.108291000169629,15.10829100016963,0.064,3.941,1.1032910001696292,5.0
S00002,vRAN-DU,edge-B,279,DONE,8.85899,8.86246,3.475247000096715,3.475247000096715,0.081,2.73,0.6642470000967151,0.0
S00009,IoT-GW,edge-A,325,DONE,8.86039,8.86247,2.0782240001153696,2.0782240001153696,0.085,1.408,0.5852240001153697,0.0
S00002,vRAN-DU,edge-B,280,DONE,8.87699,8.88356,6.573009000021557,6.573009000021557,0.099,5.686,0.7880090000215567,0.0
S00006,IMS-CSCF,core-1,263,DONE,8.87717,8.88399,6.824391999998625,18.824391999998625,0.102,6.115,0.6073919999986241,6.0
S00010,IoT-GW,edge-B,277,DONE,8.87724,8.88355,6.3088679999054875,6.3088679999054875,0.266,5.464,0.5788679999054871,0.0
S00007,Transcoder,core-1,187,DONE,8.88257,8.90062,18.0554469998242,28.0554469998242,0.103,17.197,0.7554469998241977,5.0
S00001,vRAN-DU,edge-A,271,DONE,8.88728,8.90063,13.35008499995638,13.35008499995638,0.125,11.718,1.5070849999563798,0.0
S00003,UPF,core-1,295,DONE,8.8874,8.89358,6.178932000011628,16.178932000011628,0.085,5.149,0.9449320000116277,5.0
S00004,UPF,core-1,296,DONE,8.88791,8.8947,6.786536999925374,18.786536999925374,0.138,5.418,1.2305369999253744,6.0
S00003,UPF,core-1,296,DONE,8.89243,8.8965,4.070705000003727,14.070705000003727,0.07,3.167,0.8337050000037269,5.0
S00009,IoT-GW,edge-A,326,DONE,8.89359,8.89738,3.7922980000075768,3.7922980000075768,0.097,3.074,0.621298000007577,0.0
S00003,UPF,core-1,297,DONE,8.89471,8.90061,5.9019390000685235,15.901939000068523,1.659,3.12,1.1229390000685235,5.0
S00007,Transcoder,core-1,188,DONE,8.90064,8.90866,8.022105000009105,18.022105000009105,0.06,6.708,1.2541050000091056,5.0
S00003,UPF,core-1,298,DONE,8.90305,8.90925,6.201142000008986,16.201142000008986,0.096,5.133,0.9721420000089855,5.0
S00002,vRAN-DU,edge-B,281,DONE,8.90315,8.90865,5.495409999866752,5.495409999866752,0.082,3.448,1.9654099998667518,0.0
S00005,IMS-CSCF,core-1,284,DONE,8.90867,8.91066,1.9994219999261986,11.999421999926199,0.056,1.209,0.7344219999261985,5.0
S00009,IoT-GW,edge-A,327,DONE,8.91186,8.91365,1.7854989998795645,1.7854989998795645,0.118,1.192,0.4754989998795647,0.0
S00003,UPF,core-1,299,DONE,8.91792,8.92219,4.263707999825783,14.263707999825783,0.064,3.708,0.49170799982578295,5.0
S00001,vRAN-DU,edge-A,272,DONE,8.92744,8.931,3.5580320000008214,3.5580320000008214,0.092,2.793,0.6730320000008212,0.0
S00008,Transcoder,core-1,144,DONE,8.93422,8.94107,6.849423999938153,18.849423999938153,0.083,6.286,0.48042399993815366,6.0
S00005,IMS-CSCF,core-1,285,DONE,8.93862,8.94037,1.753476000203591,11.753476000203591,0.075,1.206,0.47247600020359104,5.0
S00009,IoT-GW,edge-A,328,DONE,8.94225,8.94389,1.6376249998302228,1.6376249998302228,0.075,1.103,0.45962499983022287,0.0
S00001,vRAN-DU,edge-A,273,DONE,8.96127,8.9658,4.523672999994233,4.523672999994233,0.117,3.306,1.1006729999942326,0.0
S00006,IMS-CSCF,core-1,264,DONE,8.96813,8.97048,2.3437769998508884,14.343776999850888,0.098,1.614,0.6317769998508884,6.0
S00002,vRAN-DU,edge-B,282,DONE,8.96831,8.97233,4.017101999806982,4.017101999806982,0.096,3.367,0.5541019998069823,0.0
S00002,vRAN-DU,edge-B,283,DONE,8.97559,8.97944,3.85517500012611,3.85517500012611,0.071,2.999,0.7851750001261095,0.0
S00005,IMS-CSCF,core-1,286,DONE,8.97796,8.97973,1.7700480000257812,11.770048000025781,0.078,1.244,0.44804800002578116,5.0
S00006,IMS-CSCF,core-1,265,DONE,8.98302,8.98524,2.21823900005802,14.21823900005802,0.08,1.604,0.5342390000580197,6.0
S00009,IoT-GW,edge-A,329,DONE,8.99156,8.9935,1.9389450001199293,1.9389450001199293,0.084,1.19,0.6649450001199293,0.0
S00002,vRAN-DU,edge-B,284,DONE,8.9935,8.9971,3.599521000069217,3.599521000069217,0.128,2.864,0.6075210000692168,0.0
S00005,IMS-CSCF,core-1,287,DONE,9.00343,9.00603,2.5970859999233653,12.597085999923365,0.093,1.641,0.8630859999233653,5.0
S00001,vRAN-DU,edge-A,274,DONE,9.01036,9.01495,4.5949860000291665,4.5949860000291665,0.084,3.205,1.3059860000291668,0.0
S00001,vRAN-DU,edge-A,275,DONE,9.01374,9.02038,6.635968999944453,6.635968999944453,0.057,5.655,0.923968999944452,0.0
S00005,IMS-CSCF,core-1,288,DONE,9.01504,9.0201,5.058465999809414,15.058465999809414,0.079,1.56,3.419465999809414,5.0
S00009,IoT-GW,edge-A,330,DONE,9.01513,9.02137,6.240927999897394,6.240927999897394,0.05,5.778,0.4129279998973949,0.0
S00004,UPF,core-1,297,DONE,9.0201,9.02588,5.777965999868684,17.777965999868684,0.085,5.274,0.4189659998686839,6.0
S00010,IoT-GW,edge-B,278,DONE,9.02019,9.02465,4.463522999913039,4.463522999913039,0.123,3.563,0.7775229999130384,0.0
S00008,Transcoder,core-1,145,DONE,9.02028,9.02865,8.364613999901849,20.36461399990185,0.061,7.328,0.9756139999018485,6.0
S00008,Transcoder,core-1,146,DONE,9.02815,9.03952,11.367079999899943,23.367079999899943,0.117,10.449,0.801079999899942,6.0
S00003,UPF,core-1,300,DONE,9.02827,9.03199,3.720501999850967,13.720501999850967,0.203,2.688,0.829501999850967,5.0
S00009,IoT-GW,edge-A,331,DONE,9.02865,9.03018,1.5227270000650606,1.5227270000650606,0.066,0.974,0.48272700006506053,0.0
S00006,IMS-CSCF,core-1,266,DONE,9.03199,9.03968,7.691436999948564,19.691436999948564,0.04,7.182,0.4694369999485639,6.0
S00002,vRAN-DU,edge-B,285,DONE,9.03324,9.04254,9.306284999865966,9.306284999865966,0.088,8.628,0.5902849998659665,0.0
S00007,Transcoder,core-1,189,DONE,9.03807,9.05836,20.28230399992026,30.28230399992026,0.071,19.743,0.4683039999202592,5.0
S00004,UPF,core-1,298,DONE,9.03841,9.05671,18.292277999989892,30.292277999989892,0.052,17.85,0.3902779999898911,6.0
S00005,IMS-CSCF,core-1,289,DONE,9.03846,9.04547,7.00175599990871,17.00175599990871,1.115,5.512,0.37475599990871,5.0
S00008,Transcoder,core-1,147,DONE,9.04088,9.05346,12.577931000123499,24.5779310001235,0.044,11.218,1.3159310001234985,6.0
S00002,vRAN-DU,edge-B,286,DONE,9.04551,9.05775,12.239581000130784,12.239581000130784,0.062,11.804,0.373581000130784,0.0
S00001,vRAN-DU,edge-A,276,DONE,9.04707,9.05098,3.9102999999158783,3.9102999999158783,0.17,3.258,0.48229999991587835,0.0
S00005,IMS-CSCF,core-1,290,DONE,9.05346,9.05538,1.9148010001117655,11.914801000111765,0.046,1.469,0.39980100011176534,5.0
S00001,vRAN-DU,edge-A,277,DONE,9.06059,9.06484,4.253804999962085,4.253804999962085,0.102,3.408,0.743804999962085,0.0
S00009,IoT-GW,edge-A,332,DONE,9.06069,9.06475,4.054269000107524,4.054269000107524,0.177,3.287,0.5902690001075244,0.0
S00006,IMS-CSCF,core-1,267,DONE,9.06388,9.06666,2.7856090000568656,14.785609000056866,0.079,2.065,0.6416090000568655,6.0
S00003,UPF,core-1,301,DONE,9.06397,9.07187,7.899377000057939,17.89937700005794,0.169,7.373,0.35737700005793904,5.0
S00001,vRAN-DU,edge-A,278,DONE,9.06401,9.07129,7.273849000057453,7.273849000057453,0.121,5.384,1.7688490000574522,0.0
S00009,IoT-GW,edge-A,333,DONE,9.06405,9.06798,3.9262969999072084,3.9262969999072084,0.167,2.714,1.0452969999072086,0.0
S00010,IoT-GW,edge-B,279,DONE,9.06667,9.07449,7.826732000012271,7.826732000012271,0.149,6.034,1.643732000012271,0.0
S00002,vRAN-DU,edge-B,287,DONE,9.06673,9.07232,5.596699000079752,5.596699000079752,0.069,4.656,0.8716990000797527,0.0
S00004,UPF,core-1,299,DONE,9.06798,9.07174,3.7577019998025207,15.75770199980252,0.047,3.323,0.3877019998025206,6.0
S00010,IoT-GW,edge-B,280,DONE,9.07111,9.0745,3.3891779999066785,3.3891779999066785,1.307,0.627,1.4551779999066785,0.0
S00005,IMS-CSCF,core-1,291,DONE,9.07118,9.07451,3.3243599998513673,13.324359999851367,0.078,1.576,1.6703599998513674,5.0
S00005,IMS-CSCF,core-1,292,DONE,9.07243,9.07586,3.4269490001861413,13.426949000186141,0.461,1.902,1.0639490001861416,5.0
S00003,UPF,core-1,302,DONE,9.07451,9.07807,3.5570179998103413,13.557017999810341,0.1,2.632,0.8250179998103411,5.0
S00005,IMS-CSCF,core-1,293,DONE,9.07703,9.08435,7.320891000063057,17.320891000063057,0.141,3.16,4.0198910000630566,5.0
S00007,Transcoder,core-1,190,DONE,9.07807,9.08517,7.0933019999301905,17.09330199993019,0.085,6.539,0.46930199993019084,5.0
S00010,IoT-GW,edge-B,281,DONE,9.09749,9.09958,2.091081000116901,2.091081000116901,0.087,1.25,0.7540810001169009,0.0
S00008,Transcoder,core-1,148,DONE,9.10183,9.10913,7.300297000028877,19.300297000028877,0.089,6.609,0.6022970000288765,6.0
S00006,IMS-CSCF,core-1,268,DONE,9.11031,9.11215,1.8402369998966606,13.84023699989666,0.063,1.354,0.4232369998966605,6.0
S00010,IoT-GW,edge-B,282,DONE,9.11165,9.11357,1.9211080000332004,1.9211080000332004,0.073,1.354,0.4941080000332003,0.0
S00006,IMS-CSCF,core-1,269,DONE,9.12083,9.12291,2.0726510001622955,14.072651000162296,0.074,1.448,0.5506510001622955,6.0
S00005,IMS-CSCF,core-1,294,DONE,9.12298,9.12498,2.0008870001220203,12.00088700012202,0.06,1.476,0.4648870001220202,5.0
S00006,IMS-CSCF,core-1,270,DONE,9.12716,9.12922,2.054714999985663,14.054714999985663,0.059,1.528,0.4677149999856629,6.0
S00001,vRAN-DU,edge-A,279,DONE,9.13151,9.13637,4.864537999992535,4.864537999992535,0.088,4.238,0.5385379999925348,0.0
S00004,UPF,core-1,300,DONE,9.13485,9.1383,3.4542369999144285,15.454236999914428,0.059,2.996,0.3992369999144283,6.0
S00010,IoT-GW,edge-B,283,DONE,9.14148,9.14331,1.8286510000962153,1.8286510000962153,0.11,1.165,0.5536510000962152,0.0
S00003,UPF,core-1,303,DONE,9.14863,9.15132,2.69528400008312,12.69528400008312,0.067,2.099,0.5292840000831198,5.0
S00002,vRAN-DU,edge-B,288,DONE,9.15354,9.15718,3.6460849999002676,3.6460849999002676,0.081,2.907,0.6580849999002676,0.0
S00004,UPF,core-1,301,DONE,9.15949,9.16418,4.684041000018624,16.684041000018624,0.093,4.023,0.5680410000186242,6.0
S00010,IoT-GW,edge-B,284,DONE,9.16089,9.16225,1.3565200001721678,1.3565200001721678,0.055,0.827,0.4745200001721679,0.0
S00002,vRAN-DU,edge-B,289,DONE,9.16226,9.16565,3.3925689999705355,3.3925689999705355,0.043,2.807,0.5425689999705354,0.0
S00003,UPF,core-1,304,DONE,9.16566,9.17133,5.6722350000200095,15.67223500002001,0.064,5.015,0.5932350000200097,5.0
S00002,vRAN-DU,edge-B,290,DONE,9.16711,9.17146,4.354150999915873,4.354150999915873,0.042,3.77,0.5421509999158736,0.0
S00006,IMS-CSCF,core-1,271,DONE,9.16717,9.17134,4.1636250000465225,16.163625000046522,0.051,3.505,0.6076250000465224,6.0
S00010,IoT-GW,edge-B,285,DONE,9.17134,9.1732,1.8612520000260702,1.8612520000260702,0.09,1.244,0.5272520000260701,0.0
S00010,IoT-GW,edge-B,286,DONE,9.17752,9.1794,1.8836760000340291,1.8836760000340291,0.12,1.173,0.590676000034029,0.0
S00008,Transcoder,core-1,149,DONE,9.17941,9.18911,9.700686999849495,21.700686999849495,0.118,9.076,0.5066869998494941,6.0
S00002,vRAN-DU,edge-B,291,DONE,9.1795,9.18253,3.033877999996548,3.033877999996548,0.055,2.593,0.38587799999654804,0.0
S00005,IMS-CSCF,core-1,295,DONE,9.18375,9.18565,1.8938969999453548,11.893896999945355,0.075,1.364,0.4548969999453547,5.0
S00010,IoT-GW,edge-B,287,DONE,9.18686,9.18836,1.5030580000257032,1.5030580000257032,0.066,0.971,0.4660580000257032,0.0
S00001,vRAN-DU,edge-A,280,DONE,9.19132,9.19488,3.55968999997458,3.55968999997458,0.081,2.885,0.5936899999745804,0.0
S00001,vRAN-DU,edge-A,281,DONE,9.19915,9.20332,4.1645220001100824,4.1645220001100824,0.064,3.086,1.0145220001100825,0.0
S00002,vRAN-DU,edge-B,292,DONE,9.19927,9.20331,4.034992000015336,4.034992000015336,0.125,2.862,1.047992000015336,0.0
S00002,vRAN-DU,edge-B,293,DONE,9.20049,9.20574,5.256530999986353,5.256530999986353,0.042,2.785,2.429530999986353,0.0
S00008,Transcoder,core-1,150,DONE,9.20055,9.21045,9.900588000164134,21.900588000164134,0.079,7.163,2.6585880001641335,6.0
S00007,Transcoder,core-1,191,DONE,9.20796,9.21639,8.42942199983554,18.42942199983554,0.166,5.954,2.30942199983554,5.0
S00002,vRAN-DU,edge-B,294,DONE,9.21368,9.2174,3.716082999972059,3.716082999972059,0.074,3.182,0.46008299997205926,0.0
S00005,IMS-CSCF,core-1,296,DONE,9.2216,9.22386,2.2605840001688193,12.26058400016882,0.083,1.508,0.6695840001688191,5.0
S00004,UPF,core-1,302,DONE,9.22809,9.23138,3.2827020002059726,15.282702000205973,0.103,2.408,0.7717020002059725,6.0
S00006,IMS-CSCF,core-1,272,DONE,9.2283,9.23137,3.0703039999480097,15.07030399994801,0.142,2.328,0.60030399994801,6.0
S00008,Transcoder,core-1,151,DONE,9.22951,9.23748,7.968284999833486,19.968284999833486,0.05,7.584,0.3342849998334865,6.0
S00010,IoT-GW,edge-B,288,DONE,9.23465,9.23645,1.7999730000610725,1.7999730000610725,0.079,1.08,0.6409730000610725,0.0
S00006,IMS-CSCF,core-1,273,DONE,9.23646,9.2384,1.944589000004271,13.944589000004271,0.076,1.461,0.4075890000042708,6.0
S00005,IMS-CSCF,core-1,297,DONE,9.24057,9.24277,2.1943079998436588,12.194307999843659,0.093,1.54,0.5613079998436588,5.0
S00004,UPF,core-1,303,DONE,9.25118,9.25491,3.7350979998791445,15.735097999879144,0.077,2.875,0.7830979998791445,6.0
S00003,UPF,core-1,305,DONE,9.2536,9.25711,3.5126620000482944,13.512662000048294,0.071,2.46,0.9816620000482943,5.0
S00003,UPF,core-1,306,DONE,9.25374,9.25938,5.640321999862863,15.640321999862863,2.72,2.391,0.5293219998628627,5.0
S00010,IoT-GW,edge-B,289,DONE,9.25492,9.25937,4.453494000017599,4.453494000017599,0.078,3.702,0.6734940000175991,0.0
S00005,IMS-CSCF,core-1,298,DONE,9.2553,9.26009,4.791827999952147,14.791827999952147,0.258,2.984,1.5498279999521474,5.0
S00004,UPF,core-1,304,DONE,9.25597,9.26296,6.991624999955093,18.991624999955093,0.194,5.682,1.1156249999550925,6.0
S00001,vRAN-DU,edge-A,282,DONE,9.25939,9.26385,4.460034999965501,4.460034999965501,0.081,3.678,0.7010349999655006,0.0
S00003,UPF,core-1,307,DONE,9.26513,9.26789,2.7625769998849137,12.762576999884914,0.072,2.138,0.5525769998849137,5.0
S00004,UPF,core-1,305,DONE,9.26751,9.27031,2.8021739999530837,14.802173999953084,0.048,2.098,0.6561739999530838,6.0
S00003,UPF,core-1,308,DONE,9.27151,9.27652,5.011850999835588,15.011850999835588,0.068,2.505,2.438850999835588,5.0
S00002,vRAN-DU,edge-B,295,DONE,9.27384,9.27819,4.349656999920626,4.349656999920626,0.079,3.808,0.46265699992062626,0.0
S00010,IoT-GW,edge-B,290,DONE,9.27652,9.27826,1.7330069999843545,1.7330069999843545,0.145,1.158,0.43000699998435454,0.0
S00009,IoT-GW,edge-A,334,DONE,9.27942,9.28147,2.0502800000485877,2.0502800000485877,0.126,1.342,0.5822800000485877,0.0
S00005,IMS-CSCF,core-1,299,DONE,9.28067,9.28273,2.0589700000073208,12.05897000000732,0.119,1.451,0.4889700000073207,5.0
S00009,IoT-GW,edge-A,335,DONE,9.28273,9.28451,1.7788820000532723,1.7788820000532723,0.052,0.974,0.7528820000532723,0.0
S00010,IoT-GW,edge-B,291,DONE,9.28283,9.28409,1.2569339999117801,1.2569339999117801,0.053,0.781,0.42293399991178016,0.0
S00006,IMS-CSCF,core-1,274,DONE,9.28409,9.28724,3.1441090000043914,15.144109000004391,0.105,1.446,1.5931090000043915,6.0
S00001,vRAN-DU,edge-A,283,DONE,9.2844,9.28742,3.019920999804526,3.019920999804526,0.048,2.532,0.43992099980452615,0.0
S00010,IoT-GW,edge-B,292,DONE,9.28724,9.28873,1.4915140000084648,1.4915140000084648,0.095,1.044,0.3525140000084648,0.0
S00002,vRAN-DU,edge-B,296,DONE,9.28729,9.29062,3.3214940001471405,3.3214940001471405,0.045,2.949,0.3274940001471407,0.0
S00009,IoT-GW,edge-A,336,DONE,9.29181,9.29334,1.5307129999655444,1.5307129999655444,0.05,1.131,0.3497129999655444,0.0
S00002,vRAN-DU,edge-B,297,DONE,9.2945,9.29796,3.4548900000572758,3.4548900000572758,0.052,2.969,0.43389000005727585,0.0
S00002,vRAN-DU,edge-B,298,DONE,9.29914,9.30205,2.910530999997718,2.910530999997718,0.047,2.559,0.3045309999977177,0.0
S00001,vRAN-DU,edge-A,284,DONE,9.30037,9.30395,3.58611399997244,3.58611399997244,0.061,2.968,0.5571139999724402,0.0
S00001,vRAN-DU,edge-A,285,DONE,9.30396,9.30711,3.155464999963442,3.155464999963442,0.051,2.664,0.4404649999634418,0.0
S00006,IMS-CSCF,core-1,275,DONE,9.30404,9.30617,2.134681000143246,14.134681000143246,0.084,1.47,0.5806810001432459,6.0
S00003,UPF,core-1,309,DONE,9.30566,9.31,4.345524999962436,14.345524999962436,0.044,3.153,1.148524999962436,5.0
S00001,vRAN-DU,edge-A,286,DONE,9.30712,9.3105,3.378632000021753,3.378632000021753,0.042,3.02,0.31663200002175307,0.0
S00005,IMS-CSCF,core-1,300,DONE,9.30746,9.31,2.5326739998945413,12.532673999894541,0.048,1.156,1.3286739998945414,5.0
S00001,vRAN-DU,edge-A,287,DONE,9.3105,9.3134,2.897759000006772,2.897759000006772,0.038,2.592,0.2677590000067722,0.0
S00008,Transcoder,core-1,152,DONE,9.31461,9.32365,9.038226000029681,21.03822600002968,0.09,8.632,0.3162260000296815,6.0
S00009,IoT-GW,edge-A,337,DONE,9.31592,9.32127,5.350891000034608,5.350891000034608,0.055,4.971,0.3248910000346079,0.0
S00007,Transcoder,core-1,192,DONE,9.31716,9.32466,7.50745100003769,17.50745100003769,0.045,7.089,0.37345100003769005,5.0
S00010,IoT-GW,edge-B,293,DONE,9.32033,9.32259,2.2627539999575674,2.2627539999575674,0.076,1.73,0.4567539999575674,0.0
S00010,IoT-GW,edge-B,294,DONE,9.32039,9.32362,3.228162999903361,3.228162999903361,2.021,0.806,0.40116299990336124,0.0
S00008,Transcoder,core-1,153,DONE,9.32467,9.33261,7.943235000084314,19.943235000084314,0.076,7.446,0.421235000084315,6.0
S00003,UPF,core-1,310,DONE,9.32474,9.33036,5.619535000050746,15.619535000050746,3.381,1.662,0.5765350000507463,5.0
S00002,vRAN-DU,edge-B,299,DONE,9.32597,9.32886,2.8842450001320685,2.8842450001320685,0.047,2.377,0.4602450001320686,0.0
S00007,Transcoder,core-1,193,DONE,9.33025,9.33677,6.519875000094544,16.519875000094544,0.045,6.067,0.4078750000945437,5.0
S00007,Transcoder,core-1,194,DONE,9.33677,9.34386,7.082137999987026,17.082137999987026,0.045,6.642,0.3951379999870257,5.0
S00010,IoT-GW,edge-B,295,DONE,9.34034,9.34175,1.416023000047062,1.416023000047062,0.057,0.971,0.388023000047062,0.0
S00005,IMS-CSCF,core-1,301,DONE,9.34176,9.34321,1.4571650001471426,11.457165000147143,0.05,1.091,0.31616500014714255,5.0
S00002,vRAN-DU,edge-B,300,DONE,9.34804,9.35088,2.83996100006334,2.83996100006334,0.048,2.47,0.32196100006333994,0.0
S00001,vRAN-DU,edge-A,288,DONE,9.35206,9.35505,2.9943590000129916,2.9943590000129916,0.079,2.437,0.4783590000129916,0.0
S00002,vRAN-DU,edge-B,301,DONE,9.35217,9.35787,5.699840000033873,5.699840000033873,0.046,4.998,0.6558400000338729,0.0
S00004,UPF,core-1,306,DONE,9.35248,9.35464,2.163132000077894,14.163132000077894,0.052,1.733,0.37813200007789405,6.0
S00005,IMS-CSCF,core-1,302,DONE,9.35464,9.35615,1.5071559998887096,11.50715599988871,0.08,1.154,0.27315599988870964,5.0
S00010,IoT-GW,edge-B,296,DONE,9.35756,9.359,1.4396779999970022,1.4396779999970022,0.044,1.023,0.37267799999700224,0.0
S00009,IoT-GW,edge-A,338,DONE,9.36119,9.36318,1.985107999871616,1.985107999871616,0.057,0.77,1.158107999871616,0.0
S00004,UPF,core-1,307,DONE,9.36127,9.3634,2.129370999909952,14.129370999909952,0.048,1.794,0.28737099990995185,6.0
S00003,UPF,core-1,311,DONE,9.36458,9.36683,2.251756000077876,12.251756000077876,0.079,1.848,0.32475600007787553,5.0
S00009,IoT-GW,edge-A,339,DONE,9.36466,9.36672,2.05865999987509,2.05865999987509,0.051,1.621,0.3866599998750897,0.0
S00009,IoT-GW,edge-A,340,DONE,9.36803,9.36926,1.2299049999455747,1.2299049999455747,0.088,0.813,0.32890499994557465,0.0
S00002,vRAN-DU,edge-B,302,DONE,9.36812,9.37152,3.4001679998709733,3.4001679998709733,0.051,2.994,0.3551679998709729,0.0
S00009,IoT-GW,edge-A,341,DONE,9.36926,9.37033,1.0686250000162545,1.0686250000162545,0.035,0.733,0.3006250000162546,0.0
S00006,IMS-CSCF,core-1,276,DONE,9.38177,9.38385,2.079767999930482,14.079767999930482,0.074,1.455,0.550767999930482,6.0
S00004,UPF,core-1,308,DONE,9.38309,9.38546,2.36781500007055,14.36781500007055,0.048,1.963,0.3568150000705499,6.0
S00010,IoT-GW,edge-B,297,DONE,9.38663,9.38815,1.5203320001546672,1.5203320001546672,0.067,1.026,0.4273320001546672,0.0
S00008,Transcoder,core-1,154,DONE,9.39442,9.40128,6.858243000124276,18.858243000124276,0.064,6.161,0.6332430001242759,6.0
S00006,IMS-CSCF,core-1,277,DONE,9.40129,9.40305,1.7577239998445293,13.75772399984453,0.057,1.338,0.3627239998445293,6.0
S00001,vRAN-DU,edge-A,289,DONE,9.40658,9.41035,3.778137000153947,3.778137000153947,0.086,2.718,0.9741370001539473,0.0
S00004,UPF,core-1,309,DONE,9.40674,9.41185,5.118563999985781,17.11856399998578,0.41,3.826,0.8825639999857811,6.0
S00005,IMS-CSCF,core-1,303,DONE,9.40684,9.41245,5.609753000044293,15.609753000044293,0.482,3.755,1.372753000044293,5.0
S00008,Transcoder,core-1,155,DONE,9.41036,9.41998,9.617458000093393,21.617458000093393,0.1,9.0,0.5174580000933933,6.0
S00002,vRAN-DU,edge-B,303,DONE,9.41186,9.41934,7.480894000082117,7.480894000082117,0.079,6.92,0.481894000082117,0.0
S00007,Transcoder,core-1,195,DONE,9.41235,9.41835,5.992418000005273,15.992418000005273,0.047,5.586,0.3594180000052729,5.0
S00010,IoT-GW,edge-B,298,DONE,9.42726,9.42892,1.6625500002191984,1.6625500002191984,0.069,1.093,0.5005500002191985,0.0
S00002,vRAN-DU,edge-B,304,DONE,9.43211,9.43641,4.303573000015604,4.303573000015604,0.068,3.098,1.1375730000156041,0.0
S00008,Transcoder,core-1,156,DONE,9.43228,9.44149,9.200021999959063,21.200021999959063,0.076,8.726,0.3980219999590613,6.0
S00006,IMS-CSCF,core-1,278,DONE,9.43642,9.43976,3.3403590000489203,15.34035900004892,0.081,2.909,0.3503590000489205,6.0
S00005,IMS-CSCF,core-1,304,DONE,9.4365,9.43829,1.7842110000856337,11.784211000085634,0.163,1.24,0.3812110000856337,5.0
S00005,IMS-CSCF,core-1,305,DONE,9.43829,9.44107,2.7792869998393144,12.779286999839314,0.08,2.292,0.4072869998393145,5.0
S00006,IMS-CSCF,core-1,279,DONE,9.43838,9.44153,3.15748100001656,15.15748100001656,1.331,1.452,0.37448100001655993,6.0
S00009,IoT-GW,edge-A,342,DONE,9.44771,9.4495,1.7847980000169628,1.7847980000169628,0.078,1.161,0.5457980000169627,0.0
S00010,IoT-GW,edge-B,299,DONE,9.4495,9.45097,1.4685490000374557,1.4685490000374557,0.098,0.956,0.41454900003745565,0.0
S00007,Transcoder,core-1,196,DONE,9.45074,9.45932,8.585886999981085,18.585886999981085,0.09,7.766,0.7298869999810851,5.0
S00005,IMS-CSCF,core-1,306,DONE,9.45084,9.45436,3.5225169999648642,13.522516999964864,0.169,2.827,0.5265169999648642,5.0
S00003,UPF,core-1,312,DONE,9.45098,9.45519,4.213380999999572,14.213380999999572,0.137,3.657,0.41938099999957146,5.0
S00001,vRAN-DU,edge-A,290,DONE,9.45423,9.45824,4.005173999985345,4.005173999985345,0.068,3.438,0.49917399998534506,0.0
S00010,IoT-GW,edge-B,300,DONE,9.45933,9.46143,2.096639999990657,2.096639999990657,0.069,1.567,0.4606399999906572,0.0
S00009,IoT-GW,edge-A,343,DONE,9.4626,9.46427,1.6718050001145457,1.6718050001145457,0.065,1.136,0.47080500011454585,0.0
S00007,Transcoder,core-1,197,DONE,9.46387,9.47045,6.573120000211929,16.57312000021193,0.311,5.797,0.4651200002119298,5.0
S00002,vRAN-DU,edge-B,305,DONE,9.46428,9.46717,2.8902899998684006,2.8902899998684006,0.058,2.472,0.3602899998684008,0.0
S00009,IoT-GW,edge-A,344,DONE,9.46838,9.47104,2.6614900000367925,2.6614900000367925,0.05,2.292,0.31949000003679284,0.0
S00003,UPF,core-1,313,DONE,9.47045,9.47273,2.2790080001868773,12.279008000186877,0.049,1.807,0.42300800018687745,5.0
S00002,vRAN-DU,edge-B,306,DONE,9.47228,9.47514,2.859843999885925,2.859843999885925,0.051,2.492,0.3168439998859247,0.0
S00003,UPF,core-1,314,DONE,9.4749,9.47758,2.6822780000657076,12.682278000065708,0.052,2.214,0.4162780000657076,5.0
S00002,vRAN-DU,edge-B,307,DONE,9.47632,9.47984,3.520886000160317,3.520886000160317,0.046,3.094,0.3808860001603174,0.0
S00001,vRAN-DU,edge-A,291,DONE,9.47984,9.48305,3.20618699993247,3.20618699993247,0.055,2.704,0.4471869999324696,0.0
S00003,UPF,core-1,315,DONE,9.48112,9.48891,7.787905999975919,17.78790599997592,0.049,7.203,0.5359059999759186,5.0
S00007,Transcoder,core-1,198,DONE,9.48305,9.49029,7.237624000026699,17.2376240000267,0.055,6.745,0.4376240000266991,5.0
S00010,IoT-GW,edge-B,301,DONE,9.4831,9.48529,2.1886439999434515,2.1886439999434515,0.045,1.515,0.6286439999434517,0.0
S00003,UPF,core-1,316,DONE,9.48314,9.49196,8.819205000008878,18.81920500000888,5.331,3.043,0.44520500000887786,5.0
S00010,IoT-GW,edge-B,302,DONE,9.4853,9.48642,1.1266860001342138,1.1266860001342138,0.042,0.844,0.24068600013421382,0.0
S00010,IoT-GW,edge-B,303,DONE,9.48619,9.48733,1.140646000067136,1.140646000067136,0.035,0.643,0.46264600006713597,0.0
S00006,IMS-CSCF,core-1,280,DONE,9.48891,9.49166,2.7526839999154618,14.752683999915462,0.061,2.09,0.601683999915462,6.0
S00005,IMS-CSCF,core-1,307,DONE,9.48896,9.49191,2.942180999980337,12.942180999980337,0.161,2.415,0.36618099998033715,5.0
S00001,vRAN-DU,edge-A,292,DONE,9.49415,9.49744,3.287017000047854,3.287017000047854,0.069,2.776,0.44201700004785405,0.0
S00009,IoT-GW,edge-A,345,DONE,9.49859,9.50008,1.4812700001129997,1.4812700001129997,0.092,0.994,0.3952700001129996,0.0
S00001,vRAN-DU,edge-A,293,DONE,9.50008,9.5033,3.2211029999871243,3.2211029999871243,0.048,2.813,0.36010299998712414,0.0
S00007,Transcoder,core-1,199,DONE,9.50448,9.51237,7.887967999977263,17.887967999977263,0.112,7.306,0.46996799997726324,5.0
S00002,vRAN-DU,edge-B,308,DONE,9.50685,9.51218,5.3364699999747245,5.3364699999747245,0.077,4.815,0.44446999997472414,0.0
S00007,Transcoder,core-1,200,DONE,9.50971,9.52543,15.720585000053688,25.72058500005369,0.081,12.693,2.9465850000536893,5.0
S00001,vRAN-DU,edge-A,294,DONE,9.50982,9.51941,9.590047000074264,9.590047000074264,0.182,3.962,5.446047000074264,0.0
S00003,UPF,core-1,317,DONE,9.51197,9.51941,7.444504999966739,17.44450499996674,0.131,5.743,1.5705049999667384,5.0
S00003,UPF,core-1,318,DONE,9.51227,9.52535,13.087097000152426,23.087097000152426,5.631,6.742,0.7140970001524254,5.0
S00002,vRAN-DU,edge-B,309,DONE,9.5176,9.52449,6.8844029999581835,6.8844029999581835,0.113,5.041,1.7304029999581827,0.0
S00004,UPF,core-1,310,DONE,9.51784,9.52544,7.5930989999051235,19.593098999905123,0.06,7.076,0.45709899990512426,6.0
S00010,IoT-GW,edge-B,304,DONE,9.51942,9.52449,5.077518999996755,5.077518999996755,0.045,4.544,0.48851899999675563,0.0
S00005,IMS-CSCF,core-1,308,DONE,9.51946,9.52542,5.959827999959089,15.959827999959089,0.045,5.231,0.6838279999590888,5.0
S00010,IoT-GW,edge-B,305,DONE,9.52863,9.5321,3.4700349999639,3.4700349999639,0.096,0.72,2.6540349999639004,0.0
S00010,IoT-GW,edge-B,306,DONE,9.52972,9.53229,2.5753400000212423,2.5753400000212423,0.046,0.783,1.7463400000212426,0.0
S00010,IoT-GW,edge-B,307,DONE,9.53849,9.54003,1.5342040001087298,1.5342040001087298,0.097,1.033,0.4042040001087299,0.0
S00008,Transcoder,core-1,157,DONE,9.54432,9.55245,8.132589000069856,20.132589000069856,0.092,7.492,0.5485890000698559,6.0
S00007,Transcoder,core-1,201,DONE,9.54441,9.55144,7.029484999975466,17.029484999975466,0.211,6.374,0.4444849999754661,5.0
S00005,IMS-CSCF,core-1,309,DONE,9.54762,9.55291,5.291551000027539,15.291551000027539,0.065,4.826,0.40055100002753896,5.0
S00004,UPF,core-1,311,DONE,9.55089,9.55427,3.3796499999425578,15.379649999942558,0.046,2.588,0.7456499999425579,6.0
S00007,Transcoder,core-1,202,DONE,9.55545,9.56476,9.310644999914075,19.310644999914075,0.108,8.769,0.43364499991407435,5.0
S00006,IMS-CSCF,core-1,281,DONE,9.55552,9.55821,2.6949640000566433,14.694964000056643,0.277,1.849,0.5689640000566432,6.0
S00006,IMS-CSCF,core-1,282,DONE,9.55557,9.5603,4.72799599992868,16.72799599992868,2.264,2.111,0.35299599992868025,6.0
S00006,IMS-CSCF,core-1,283,DONE,9.55726,9.56255,5.294382000101905,17.294382000101905,2.877,1.215,1.202382000101905,6.0
S00004,UPF,core-1,312,DONE,9.55731,9.55947,2.159753000114506,14.159753000114506,0.044,1.751,0.36475300011450607,6.0
S00010,IoT-GW,edge-B,308,DONE,9.55735,9.56259,5.24628100015434,5.24628100015434,0.082,1.778,3.3862810001543404,0.0
S00001,vRAN-DU,edge-A,295,DONE,9.56599,9.56934,3.3451500000865053,3.3451500000865053,0.077,2.777,0.4911500000865052,0.0
S00001,vRAN-DU,edge-A,296,DONE,9.57354,9.57674,3.203155999926821,3.203155999926821,0.069,2.594,0.5401559999268213,0.0
S00002,vRAN-DU,edge-B,310,DONE,9.57484,9.57788,3.037452999933521,3.037452999933521,0.073,2.565,0.399452999933521,0.0
S00010,IoT-GW,edge-B,309,DONE,9.5882,9.59009,1.890526999886788,1.890526999886788,0.072,1.152,0.666526999886788,0.0
S00007,Transcoder,core-1,203,DONE,9.58853,9.59556,7.031512000139628,17.031512000139628,0.136,6.438,0.4575120001396282,5.0
S00005,IMS-CSCF,core-1,310,DONE,9.59894,9.60193,2.9899690000547707,12.98996900005477,0.061,2.386,0.5429690000547707,5.0
S00001,vRAN-DU,edge-A,297,DONE,9.60514,9.60864,3.503626000110671,3.503626000110671,0.111,2.837,0.5556260001106708,0.0
S00002,vRAN-DU,edge-B,311,DONE,9.60748,9.61782,10.332528999924762,10.332528999924762,0.123,5.796,4.413528999924762,0.0
S00007,Transcoder,core-1,204,DONE,9.60868,9.63021,21.526350999920396,31.526350999920396,0.111,17.427,3.988350999920396,5.0
S00004,UPF,core-1,313,DONE,9.61783,9.62293,5.1040169998941565,17.104016999894156,0.068,4.417,0.619016999894157,6.0
S00002,vRAN-DU,edge-B,312,DONE,9.61797,9.62325,5.277538999962417,5.277538999962417,0.079,4.038,1.1605389999624167,0.0
S00006,IMS-CSCF,core-1,284,DONE,9.61923,9.62638,7.150408000143216,19.150408000143216,0.072,5.998,1.0804080001432155,6.0
S00009,IoT-GW,edge-A,346,DONE,9.62451,9.62689,2.383983000072476,2.383983000072476,0.088,1.228,1.067983000072476,0.0
S00001,vRAN-DU,edge-A,298,DONE,9.62638,9.62998,3.596858000037173,3.596858000037173,0.046,2.897,0.6538580000371734,0.0
S00001,vRAN-DU,edge-A,299,DONE,9.62998,9.64465,14.669315999981336,14.669315999981336,0.087,10.343,4.239315999981336,0.0
S00001,vRAN-DU,edge-A,300,DONE,9.63005,9.63944,9.382669000160604,9.382669000160604,0.133,5.549,3.7006690001606044,0.0
S00007,Transcoder,core-1,205,DONE,9.63009,9.64144,11.349197000072309,21.34919700007231,0.043,10.686,0.6201970000723094,5.0
S00010,IoT-GW,edge-B,310,DONE,9.63012,9.6339,3.7830650001069444,3.7830650001069444,0.124,0.823,2.8360650001069443,0.0
S00010,IoT-GW,edge-B,311,DONE,9.63025,9.63391,3.659675000108109,3.659675000108109,1.109,0.801,1.749675000108109,0.0
S00002,vRAN-DU,edge-B,313,DONE,9.63392,9.64464,10.726174999945215,10.726174999945215,0.064,9.11,1.5521749999452155,0.0
S00004,UPF,core-1,314,DONE,9.634,9.64625,12.247920999925554,24.247920999925554,0.712,3.362,8.173920999925555,6.0
S00003,UPF,core-1,319,DONE,9.63622,9.64683,10.607804999835935,20.607804999835935,0.503,4.141,5.963804999835935,5.0
S00004,UPF,core-1,315,DONE,9.63849,9.6486,10.115691999999399,22.1156919999994,4.465,1.928,3.722691999999399,6.0
S00001,vRAN-DU,edge-A,301,DONE,9.64144,9.64925,7.808447999877899,7.808447999877899,0.074,7.206,0.5284479998778986,0.0
S00001,vRAN-DU,edge-A,302,DONE,9.64187,9.65258,10.709884000107195,10.709884000107195,1.63,8.314,0.7658840001071958,0.0
S00001,vRAN-DU,edge-A,303,DONE,9.64926,9.65542,6.1671200001001125,6.1671200001001125,0.082,5.758,0.32712000010011266,0.0
S00005,IMS-CSCF,core-1,311,DONE,9.65238,9.65444,2.06210800001827,12.06210800001827,0.084,1.297,0.6811080000182701,5.0
S00001,vRAN-DU,edge-A,304,DONE,9.65258,9.65573,3.14976099980413,3.14976099980413,0.089,2.679,0.38176099980413003,0.0
S00005,IMS-CSCF,core-1,312,DONE,9.65893,9.66068,1.7516359998808184,11.751635999880818,0.059,1.351,0.3416359998808185,5.0
S00002,vRAN-DU,edge-B,314,DONE,9.66689,9.67251,5.617110000002867,5.617110000002867,0.062,5.194,0.3611100000028671,0.0
S00005,IMS-CSCF,core-1,313,DONE,9.66699,9.66884,1.8438320000768726,11.843832000076873,0.057,1.434,0.35283200007687276,5.0
S00002,vRAN-DU,edge-B,315,DONE,9.66837,9.67158,3.212341000107699,3.212341000107699,0.047,2.444,0.721341000107699,0.0
S00006,IMS-CSCF,core-1,285,DONE,9.6747,9.67637,1.6668719999870518,13.666871999987052,0.06,1.179,0.4278719999870517,6.0
S00003,UPF,core-1,320,DONE,9.67959,9.68222,2.6383800000076008,12.6383800000076,0.059,2.091,0.4883800000076004,5.0
S00005,IMS-CSCF,core-1,314,DONE,9.68438,9.68621,1.8369809999967401,11.83698099999674,0.054,1.385,0.3979809999967401,5.0
S00008,Transcoder,core-1,158,DONE,9.68744,9.69475,7.3082979999981035,19.308297999998103,0.05,6.77,0.4882979999981041,6.0
S00004,UPF,core-1,316,DONE,9.69184,9.69686,5.0192879998576245,17.019287999857625,0.1,4.041,0.8782879998576245,6.0
S00005,IMS-CSCF,core-1,315,DONE,9.69245,9.69786,5.415840000068783,15.415840000068783,0.054,4.484,0.8778400000687832,5.0
S00009,IoT-GW,edge-A,347,DONE,9.69476,9.69809,3.334743999857892,3.334743999857892,0.088,1.426,1.820743999857892,0.0
S00005,IMS-CSCF,core-1,316,DONE,9.70229,9.70445,2.1631150000303023,12.163115000030302,0.291,1.392,0.4801150000303025,5.0
S00009,IoT-GW,edge-A,348,DONE,9.70666,9.70833,1.6777749999619118,1.6777749999619118,0.072,1.025,0.5807749999619118,0.0
S00009,IoT-GW,edge-A,349,DONE,9.708,9.70995,1.9508390000737563,1.9508390000737563,0.044,1.37,0.5368390000737562,0.0
S00002,vRAN-DU,edge-B,316,DONE,9.71416,9.71802,3.859249000015552,3.859249000015552,0.086,3.187,0.5862490000155525,0.0
S00008,Transcoder,core-1,159,DONE,9.72225,9.72932,7.069957000112481,19.06995700011248,0.091,6.495,0.4839570001124809,6.0
S00003,UPF,core-1,321,DONE,9.72455,9.72711,2.5532930001190834,12.553293000119083,0.105,2.056,0.3922930001190834,5.0
S00005,IMS-CSCF,core-1,317,DONE,9.7325,9.73418,1.683558999957313,11.683558999957313,0.052,1.232,0.39955899995731303,5.0
S00004,UPF,core-1,317,DONE,9.73636,9.7388,2.446776999931899,14.446776999931899,0.055,1.904,0.4877769999318988,6.0
S00004,UPF,core-1,318,DONE,9.73644,9.74082,4.382684999882258,16.382684999882258,2.107,1.924,0.351684999882258,6.0
S00009,IoT-GW,edge-A,350,DONE,9.73865,9.74027,1.6130950000388111,1.6130950000388111,0.079,1.025,0.5090950000388113,0.0
S00004,UPF,core-1,319,DONE,9.74401,9.74662,2.607207999972161,14.607207999972161,0.098,2.194,0.3152079999721611,6.0
S00001,vRAN-DU,edge-A,305,DONE,9.74526,9.75425,8.988484999918,8.988484999918,0.054,8.516,0.41848499991800026,0.0
S00006,IMS-CSCF,core-1,286,DONE,9.75002,9.75181,1.7915050000283372,13.791505000028337,0.049,1.315,0.42750500002833736,6.0
S00001,vRAN-DU,edge-A,306,DONE,9.75008,9.76088,10.80061199991178,10.80061199991178,0.06,10.049,0.69161199991178,0.0
S00006,IMS-CSCF,core-1,287,DONE,9.75298,9.75719,4.214295999872775,16.214295999872775,0.053,3.437,0.7242959998727749,6.0
S00006,IMS-CSCF,core-1,288,DONE,9.75307,9.76421,11.137879999978395,23.137879999978395,3.628,6.693,0.8168799999783953,6.0
S00009,IoT-GW,edge-A,351,DONE,9.75426,9.7553,1.0441280001032283,1.0441280001032283,0.045,0.757,0.2421280001032282,0.0
S00003,UPF,core-1,322,DONE,9.7572,9.76422,7.017917999974088,17.017917999974088,0.046,6.231,0.740917999974088,5.0
S00005,IMS-CSCF,core-1,318,DONE,9.76089,9.76446,3.570443000171508,13.570443000171508,0.061,1.755,1.7544430001715083,5.0
S00005,IMS-CSCF,core-1,319,DONE,9.76218,9.76743,5.247814999847833,15.247814999847833,2.008,1.714,1.525814999847833,5.0
S00002,vRAN-DU,edge-B,317,DONE,9.76343,9.77012,6.688979000045947,6.688979000045947,0.085,5.755,0.8489790000459472,0.0
S00009,IoT-GW,edge-A,352,DONE,9.76566,9.76789,2.224980999926629,2.224980999926629,0.061,1.622,0.541980999926629,0.0
S00010,IoT-GW,edge-B,312,DONE,9.76744,9.7705,3.0654720001166424,3.0654720001166424,0.067,2.52,0.47847200011664226,0.0
S00004,UPF,core-1,320,DONE,9.76793,9.77088,2.952198999992106,14.952198999992106,0.045,2.473,0.4341989999921063,6.0
S00009,IoT-GW,edge-A,353,DONE,9.77003,9.77165,1.6241609998814965,1.6241609998814965,0.049,1.137,0.4381609998814966,0.0
S00009,IoT-GW,edge-A,354,DONE,9.77591,9.77746,1.543045999824244,1.543045999824244,0.051,1.084,0.40804599982424405,0.0
S00005,IMS-CSCF,core-1,320,DONE,9.78265,9.7845,1.8467959998815786,11.846795999881579,0.054,1.34,0.4527959998815785,5.0
S00004,UPF,core-1,321,DONE,9.78566,9.78846,2.800008999884085,14.800008999884085,0.05,2.258,0.4920089998840851,6.0
S00001,vRAN-DU,edge-A,307,DONE,9.78847,9.79212,3.6508010000488866,3.6508010000488866,0.054,3.198,0.39880100004888686,0.0
S00002,vRAN-DU,edge-B,318,DONE,9.79174,9.79866,6.9210970000312955,6.9210970000312955,0.14,6.282,0.49909700003129576,0.0
S00005,IMS-CSCF,core-1,321,DONE,9.79212,9.79488,2.7567030001591775,12.756703000159177,0.053,2.292,0.4117030001591777,5.0
S00002,vRAN-DU,edge-B,319,DONE,9.79696,9.80548,8.514580000110072,8.514580000110072,0.075,7.974,0.46558000011007294,0.0
S00009,IoT-GW,edge-A,355,DONE,9.79702,9.80162,4.603725999913877,4.603725999913877,0.062,4.259,0.28272599991387626,0.0
S00010,IoT-GW,edge-B,313,DONE,9.79822,9.80397,5.75022800012448,5.75022800012448,0.089,4.91,0.7512280001244793,0.0
S00003,UPF,core-1,323,DONE,9.80085,9.80414,3.288845000042784,13.288845000042784,0.048,2.951,0.2898450000427837,5.0
S00004,UPF,core-1,322,DONE,9.81273,9.81557,2.8401170000051934,14.840117000005193,0.101,2.157,0.5821170000051934,6.0
S00006,IMS-CSCF,core-1,289,DONE,9.81784,9.82038,2.5413129999378725,14.541312999937873,0.05,1.974,0.5173129999378727,6.0
S00010,IoT-GW,edge-B,314,DONE,9.82861,9.83093,2.3177949999535485,2.3177949999535485,0.11,1.559,0.6487949999535487,0.0
S00004,UPF,core-1,323,DONE,9.82871,9.8309,2.189226000155031,14.189226000155031,0.056,1.717,0.4162260001550311,6.0
S00006,IMS-CSCF,core-1,290,DONE,9.84117,9.84852,7.357361999993373,19.357361999993373,0.214,3.193,3.950361999993372,6.0
S00008,Transcoder,core-1,160,DONE,9.84126,9.85887,17.608166999934838,29.608166999934838,0.309,16.479,0.8201669999348375,6.0
S00004,UPF,core-1,324,DONE,9.8413,9.84851,7.211589999997159,19.21158999999716,0.091,2.968,4.152589999997159,6.0
S00002,vRAN-DU,edge-B,320,DONE,9.84357,9.85233,8.765966999817465,8.765966999817465,0.176,6.882,1.7079669998174651,0.0
S00003,UPF,core-1,324,DONE,9.84853,9.85888,10.34889600009592,20.34889600009592,0.097,9.532,0.71989600009592,5.0
S00006,IMS-CSCF,core-1,291,DONE,9.84888,9.85617,7.286789000090721,19.28678900009072,0.042,6.434,0.810789000090721,6.0
S00001,vRAN-DU,edge-A,308,DONE,9.84893,9.85519,6.256726999936291,6.256726999936291,0.081,3.621,2.5547269999362903,0.0
S00008,Transcoder,core-1,161,DONE,9.85234,9.86251,10.177876999932778,22.177876999932778,0.081,9.576,0.5208769999327778,6.0
S00002,vRAN-DU,edge-B,321,DONE,9.85239,9.85826,5.873551000149746,5.873551000149746,0.084,5.415,0.3745510001497463,0.0
S00010,IoT-GW,edge-B,315,DONE,9.85245,9.85803,5.586439999888171,5.586439999888171,2.253,2.777,0.5564399998881706,0.0
S00001,vRAN-DU,edge-A,309,DONE,9.85248,9.86087,8.388328999899386,8.388328999899386,0.043,7.305,1.040328999899387,0.0
S00003,UPF,core-1,325,DONE,9.85617,9.86088,4.705069999999978,14.705069999999978,0.544,2.164,1.9970699999999773,5.0
S00004,UPF,core-1,325,DONE,9.86773,9.87058,2.8506280000328843,14.850628000032884,0.069,2.409,0.37262800003288454,6.0
S00005,IMS-CSCF,core-1,322,DONE,9.86785,9.87037,2.5165270001252793,12.51652700012528,0.118,2.05,0.3485270001252796,5.0
S00002,vRAN-DU,edge-B,322,DONE,9.87281,9.87635,3.545155999972849,3.545155999972849,0.074,3.015,0.45615599997284884,0.0
S00008,Transcoder,core-1,162,DONE,9.87409,9.88228,8.19082500015611,20.19082500015611,0.055,5.656,2.4798250001561106,6.0
S00001,vRAN-DU,edge-A,310,DONE,9.87415,9.8775,3.3483009999599744,3.3483009999599744,0.075,2.898,0.3753009999599741,0.0
S00006,IMS-CSCF,core-1,292,DONE,9.88446,9.88622,1.7596469999716646,13.759646999971665,0.092,1.262,0.40564699997166453,6.0
S00002,vRAN-DU,edge-B,323,DONE,9.88742,9.89085,3.427448999900662,3.427448999900662,0.11,2.847,0.470448999900662,0.0
S00002,vRAN-DU,edge-B,324,DONE,9.88751,9.89109,3.5786519999874145,3.5786519999874145,0.161,3.075,0.34265199998741425,0.0
S00006,IMS-CSCF,core-1,293,DONE,9.89429,9.89668,2.393830000073649,14.393830000073649,0.055,1.839,0.49983000007364886,6.0
S00004,UPF,core-1,326,DONE,9.89656,9.89889,2.3302229999444535,14.330222999944453,0.114,1.843,0.3732229999444536,6.0
S00009,IoT-GW,edge-A,356,DONE,9.89889,9.90057,1.6794020000361343,1.6794020000361343,0.083,1.149,0.4474020000361343,0.0
S00010,IoT-GW,edge-B,316,DONE,9.90057,9.90203,1.4538049999828218,1.4538049999828218,0.066,0.957,0.43080499998282173,0.0
S00005,IMS-CSCF,core-1,323,DONE,9.90203,9.9037,1.6709040000932873,11.670904000093287,0.052,1.245,0.37390400009328717,5.0
S00009,IoT-GW,edge-A,357,DONE,9.90487,9.9064,1.5276889998858678,1.5276889998858678,0.064,1.068,0.3956889998858677,0.0
S00001,vRAN-DU,edge-A,311,DONE,9.9126,9.9158,3.203055000085442,3.203055000085442,0.053,2.659,0.4910550000854421,0.0
S00010,IoT-GW,edge-B,317,DONE,9.91272,9.91636,3.647634999879301,3.647634999879301,0.059,3.135,0.4536349998793012,0.0
S00002,vRAN-DU,edge-B,325,DONE,9.92162,9.92696,5.342592000033619,5.342592000033619,0.081,4.689,0.5725920000336187,0.0
S00009,IoT-GW,edge-A,358,DONE,9.92401,9.92806,4.050323000001299,4.050323000001299,0.103,3.444,0.5033230000012989,0.0
S00010,IoT-GW,edge-B,318,DONE,9.92926,9.93118,1.9144230000165408,1.9144230000165408,0.085,1.253,0.5764230000165409,0.0
S00004,UPF,core-1,327,DONE,9.93235,9.93541,3.0610730000262265,15.061073000026227,0.138,2.082,0.8410730000262268,6.0
S00005,IMS-CSCF,core-1,324,DONE,9.9336,9.93655,2.9543749999447755,12.954374999944775,0.057,2.473,0.4243749999447757,5.0
S00003,UPF,core-1,326,DONE,9.9351,9.93763,2.531142000179898,12.531142000179898,0.047,1.991,0.4931420001798976,5.0
S00004,UPF,core-1,328,DONE,9.9399,9.9435,3.599554000174976,15.599554000174976,0.05,3.132,0.417554000174976,6.0
S00006,IMS-CSCF,core-1,294,DONE,9.94469,9.94687,2.1827240000220627,14.182724000022063,0.049,1.701,0.4327240000220627,6.0
S00009,IoT-GW,edge-A,359,DONE,9.94688,9.94882,1.9399650000195834,1.9399650000195834,0.084,1.164,0.6919650000195834,0.0
S00006,IMS-CSCF,core-1,295,DONE,9.94895,9.95094,1.9894279998879938,13.989427999887994,0.067,1.401,0.5214279998879938,6.0
S00010,IoT-GW,edge-B,319,DONE,9.95617,9.95897,2.7967369999259972,2.7967369999259972,0.082,1.494,1.2207369999259974,0.0
S00003,UPF,core-1,327,DONE,9.95751,9.96246,4.953342000135308,14.953342000135308,0.122,2.225,2.606342000135308,5.0
S00006,IMS-CSCF,core-1,296,DONE,9.95898,9.96293,3.952122000100644,15.952122000100644,0.084,3.374,0.4941220001006439,6.0
S00008,Transcoder,core-1,163,DONE,9.9595,9.97014,10.64361499993538,22.64361499993538,0.076,9.571,0.9966149999353799,6.0
S00010,IoT-GW,edge-B,320,DONE,9.96419,9.97268,8.486938000032751,8.486938000032751,0.085,3.11,5.291938000032751,0.0
S00007,Transcoder,core-1,206,DONE,9.96435,9.97232,7.973366999976861,17.97336699997686,0.074,7.458,0.4413669999768608,5.0
S00001,vRAN-DU,edge-A,312,DONE,9.96495,9.97088,5.931162000024415,5.931162000024415,0.106,5.171,0.6541620000244146,0.0
S00009,IoT-GW,edge-A,360,DONE,9.97805,9.98071,2.662521000047491,2.662521000047491,0.084,1.674,0.9045210000474908,0.0
S00005,IMS-CSCF,core-1,325,DONE,9.98101,9.98382,2.803171999858023,12.803171999858023,0.086,1.863,0.8541719998580231,5.0
S00004,UPF,core-1,329,DONE,9.9835,9.98712,3.6166280001452833,15.616628000145283,0.089,2.56,0.9676280001452833,6.0
S00001,vRAN-DU,edge-A,313,DONE,9.98363,9.98881,5.17907399989781,5.17907399989781,0.071,4.444,0.66407399989781,0.0
S00006,IMS-CSCF,core-1,297,DONE,9.98629,9.98894,2.651906999972198,14.651906999972198,0.042,1.561,1.048906999972198,6.0
S00002,vRAN-DU,edge-B,326,DONE,9.98637,9.99338,7.010320000063075,7.010320000063075,0.085,6.131,0.7943200000630748,0.0
S00001,vRAN-DU,edge-A,314,DONE,9.98882,9.99348,4.659102999994502,4.659102999994502,0.046,3.948,0.665102999994502,0.0
S00009,IoT-GW,edge-A,361,DONE,9.99467,9.99697,2.295365000009042,2.295365000009042,0.095,1.263,0.9373650000090419,0.0
S00008,Transcoder,core-1,164,DONE,9.99614,10.00927,13.131234999946173,25.131234999946173,0.121,12.195,0.8152349999461723,6.0
S00003,UPF,core-1,328,DONE,10.00718,10.01726,10.079862000111461,20.07986200011146,0.787,8.004,1.288862000111461,5.0
S00005,IMS-CSCF,core-1,326,DONE,10.00736,10.01593,8.573607000016636,18.573607000016636,0.853,6.197,1.5236070000166366,5.0
S00005,IMS-CSCF,core-1,327,DONE,10.00741,10.02359,16.183749999981956,26.183749999981956,7.375,7.745,1.0637499999819555,5.0
S00004,UPF,core-1,330,DONE,10.00744,10.01594,8.506827000019257,20.506827000019257,0.424,5.962,2.1208270000192577,6.0
S00005,IMS-CSCF,core-1,328,DONE,10.00746,10.02841,20.950011999957496,30.950011999957496,14.799,4.0,2.151011999957497,5.0
S00003,UPF,core-1,329,DONE,10.00749,10.02368,16.19287800008351,26.19287800008351,8.632,5.802,1.7588780000835111,5.0
S00005,IMS-CSCF,core-1,329,DONE,10.00752,10.03467,27.154066000093735,37.154066000093735,19.167,6.371,1.616066000093733,5.0
S00001,vRAN-DU,edge-A,315,DONE,10.0076,10.01327,5.675908000057461,5.675908000057461,0.135,4.894,0.6469080000574614,0.0
S00009,IoT-GW,edge-A,362,DONE,10.00764,10.01035,2.7101540001694957,2.7101540001694957,0.611,1.524,0.5751540001694959,0.0
S00004,UPF,core-1,331,DONE,10.01595,10.02369,7.745190999912666,19.745190999912666,0.073,7.085,0.5871909999126652,6.0
S00006,IMS-CSCF,core-1,298,DONE,10.01638,10.02373,7.351095000103669,19.35109500010367,0.324,5.527,1.500095000103669,6.0
S00008,Transcoder,core-1,165,DONE,10.01727,10.03287,15.60447299993939,27.60447299993939,5.815,8.603,1.1864729999393884,6.0
S00010,IoT-GW,edge-B,321,DONE,10.01853,10.023,4.469283999924301,4.469283999924301,0.083,2.451,1.9352839999243003,0.0
S00006,IMS-CSCF,core-1,299,DONE,10.02301,10.0284,5.391838999912579,17.39183899991258,0.455,3.526,1.4108389999125794,6.0
S00004,UPF,core-1,332,DONE,10.02842,10.03745,9.028938000028575,21.028938000028575,0.08,8.427,0.5219380000285749,6.0
S00004,UPF,core-1,333,DONE,10.03288,10.04013,7.247098999869195,19.247098999869195,4.186,2.528,0.5330989998691948,6.0
S00006,IMS-CSCF,core-1,300,DONE,10.03873,10.0412,2.4685060000138037,14.468506000013804,0.07,1.396,1.002506000013804,6.0
S00009,IoT-GW,edge-A,363,DONE,10.04239,10.04649,4.097322999996322,4.097322999996322,0.167,1.249,2.6813229999963224,0.0
S00010,IoT-GW,edge-B,322,DONE,10.04378,10.05103,7.244871000011699,7.244871000011699,1.918,2.475,2.8518710000116987,0.0
S00002,vRAN-DU,edge-B,327,DONE,10.04649,10.05956,13.061159000017142,13.061159000017142,0.05,10.282,2.729159000017141,0.0
S00003,UPF,core-1,330,DONE,10.05103,10.05445,3.4210680000796856,13.421068000079686,0.072,2.589,0.7600680000796856,5.0
S00001,vRAN-DU,edge-A,316,DONE,10.05156,10.05687,5.3065059998971265,5.3065059998971265,0.075,4.17,1.0615059998971264,0.0
S00006,IMS-CSCF,core-1,301,DONE,10.05167,10.05957,7.901990999926056,19.901990999926056,0.099,6.887,0.9159909999260565,6.0
S00003,UPF,core-1,331,DONE,10.0557,10.05963,3.9233499999227206,13.92334999992272,0.081,2.896,0.9463499999227207,5.0
S00007,Transcoder,core-1,207,DONE,10.05688,10.06468,7.805968999946344,17.805968999946344,0.053,7.185,0.5679689999463449,5.0
S00002,vRAN-DU,edge-B,328,DONE,10.05697,10.06271,5.740128000070399,5.740128000070399,0.052,3.232,2.4561280000703993,0.0
S00004,UPF,core-1,334,DONE,10.06282,10.06559,2.7690950000760495,14.76909500007605,0.065,2.29,0.4140950000760495,6.0
S00003,UPF,core-1,332,DONE,10.06986,10.07562,5.7619330000306945,15.761933000030695,0.1,5.047,0.6149330000306952,5.0
S00006,IMS-CSCF,core-1,302,DONE,10.0701,10.07278,2.6825190000181465,14.682519000018146,0.102,2.071,0.5095190000181464,6.0
S00006,IMS-CSCF,core-1,303,DONE,10.07912,10.08434,5.222458999924129,17.22245899992413,0.105,4.36,0.7574589999241281,6.0
S00010,IoT-GW,edge-B,323,DONE,10.08083,10.08368,2.854481999975178,2.854481999975178,0.113,2.005,0.7364819999751782,0.0
S00006,IMS-CSCF,core-1,304,DONE,10.08384,10.0864,2.563697000141474,14.563697000141474,0.049,1.901,0.6136970001414739,6.0
S00010,IoT-GW,edge-B,324,DONE,10.08608,10.08881,2.729088000023694,2.729088000023694,0.082,2.011,0.6360880000236939,0.0
S00003,UPF,core-1,333,DONE,10.09213,10.09667,4.544538000118337,14.544538000118337,0.076,3.911,0.557538000118337,5.0
S00010,IoT-GW,edge-B,325,DONE,10.09455,10.09597,1.423308000084944,1.423308000084944,0.07,0.962,0.39130800008494404,0.0
S00007,Transcoder,core-1,208,DONE,10.09785,10.10466,6.807694000144693,16.807694000144693,0.073,6.146,0.5886940001446925,5.0
S00005,IMS-CSCF,core-1,330,DONE,10.10697,10.1101,3.129300999944462,13.129300999944462,0.059,2.443,0.6273009999444619,5.0
S00008,Transcoder,core-1,166,DONE,10.10857,10.11971,11.148198000000775,23.148198000000775,0.057,10.182,0.9091980000007744,6.0
S00007,Transcoder,core-1,209,DONE,10.11014,10.11835,8.21385599988389,18.21385599988389,0.046,7.852,0.31585599988389035,5.0
S00001,vRAN-DU,edge-A,317,DONE,10.127,10.13162,4.6240530000432045,4.6240530000432045,0.139,3.604,0.8810530000432042,0.0
S00005,IMS-CSCF,core-1,331,DONE,10.13039,10.1328,2.407621999964249,12.407621999964249,0.16,1.585,0.6626219999642489,5.0
S00006,IMS-CSCF,core-1,305,DONE,10.13281,10.1351,2.297924000004059,14.297924000004059,0.053,1.821,0.42392400000405916,6.0
S00009,IoT-GW,edge-A,364,DONE,10.13293,10.13708,4.1444190001129755,4.1444190001129755,1.402,2.198,0.5444190001129754,0.0
S00005,IMS-CSCF,core-1,332,DONE,10.13511,10.13708,1.9725969998489745,11.972596999848975,0.05,1.489,0.4335969998489744,5.0
S00009,IoT-GW,edge-A,365,DONE,10.13635,10.13842,2.077039999903718,2.077039999903718,0.429,1.309,0.33903999990371814,0.0
S00004,UPF,core-1,335,DONE,10.14264,10.14498,2.3379750000458444,14.337975000045844,0.058,1.823,0.45697500004584457,6.0
S00002,vRAN-DU,edge-B,329,DONE,10.14277,10.14725,4.474427999866748,4.474427999866748,0.097,3.839,0.5384279998667476,0.0
S00001,vRAN-DU,edge-A,318,DONE,10.14498,10.14979,4.807821999975204,4.807821999975204,0.054,2.611,2.142821999975203,0.0
S00002,vRAN-DU,edge-B,330,DONE,10.15103,10.15495,3.922115999785092,3.922115999785092,0.056,3.297,0.5691159997850916,0.0
S00001,vRAN-DU,edge-A,319,DONE,10.15244,10.1571,4.660456999999951,4.660456999999951,0.103,3.995,0.5624569999999514,0.0
S00002,vRAN-DU,edge-B,331,DONE,10.16134,10.1648,3.4564499999305554,3.4564499999305554,0.072,2.813,0.5714499999305551,0.0
S00001,vRAN-DU,edge-A,320,DONE,10.17613,10.18001,3.87492699996983,3.87492699996983,0.085,2.971,0.8189269999698299,0.0
S00003,UPF,core-1,334,DONE,10.18001,10.18301,2.999490000092919,12.99949000009292,0.09,2.193,0.7164900000929193,5.0
S00004,UPF,core-1,336,DONE,10.18135,10.18412,2.7615300000434218,14.761530000043422,0.055,2.206,0.5005300000434216,6.0
S00003,UPF,core-1,335,DONE,10.18412,10.18672,2.601251999976739,12.60125199997674,0.051,2.054,0.4962519999767392,5.0
S00001,vRAN-DU,edge-A,321,DONE,10.18676,10.19048,3.728087999888885,3.728087999888885,0.081,3.119,0.5280879998888848,0.0
S00007,Transcoder,core-1,210,DONE,10.19882,10.20587,7.045290999940335,17.045290999940335,0.08,6.406,0.5592909999403348,5.0
S00006,IMS-CSCF,core-1,306,DONE,10.20218,10.20409,1.909686999852056,13.909686999852056,0.071,1.35,0.488686999852056,6.0
S00004,UPF,core-1,337,DONE,10.2101,10.2134,3.297511000027953,15.297511000027953,0.185,2.367,0.7455110000279528,6.0
S00003,UPF,core-1,336,DONE,10.21866,10.22167,3.0132909998883406,13.01329099988834,0.073,2.227,0.7132909998883408,5.0
S00007,Transcoder,core-1,211,DONE,10.22168,10.22845,6.769872000177202,16.7698720001772,0.094,6.077,0.5988720001772014,5.0
S00009,IoT-GW,edge-A,366,DONE,10.22186,10.22909,7.229795999819544,7.229795999819544,0.075,6.609,0.5457959998195436,0.0
S00010,IoT-GW,edge-B,326,DONE,10.23034,10.23255,2.2078179999880376,2.2078179999880376,0.165,1.488,0.5548179999880376,0.0
S00004,UPF,core-1,338,DONE,10.23159,10.23533,3.7335070001063286,15.733507000106329,0.062,3.241,0.4305070001063287,6.0
S00001,vRAN-DU,edge-A,322,DONE,10.23856,10.2421,3.537439999945491,3.537439999945491,0.109,2.731,0.697439999945491,0.0
S00006,IMS-CSCF,core-1,307,DONE,10.23985,10.24209,2.237714999864693,14.237714999864693,0.055,1.547,0.6357149998646927,6.0
S00006,IMS-CSCF,core-1,308,DONE,10.24135,10.24334,1.98952100004135,13.98952100004135,0.048,1.262,0.6795210000413499,6.0
S00003,UPF,core-1,337,DONE,10.24335,10.24563,2.283358999875418,12.283358999875418,0.045,1.897,0.34135899987541785,5.0
S00005,IMS-CSCF,core-1,333,DONE,10.24564,10.24722,1.584668000077727,11.584668000077727,0.045,1.199,0.3406680000777269,5.0
S00004,UPF,core-1,339,DONE,10.24723,10.24999,2.7592690000801667,14.759269000080167,0.05,1.919,0.7902690000801669,6.0
S00009,IoT-GW,edge-A,367,DONE,10.24953,10.25115,1.6150040000866284,1.6150040000866284,0.105,1.073,0.43700400008662843,0.0
S00003,UPF,core-1,338,DONE,10.25115,10.25345,2.2979320001468295,12.29793200014683,0.046,1.923,0.32893200014682966,5.0
S00009,IoT-GW,edge-A,368,DONE,10.25663,10.25819,1.56440399996427,1.56440399996427,0.059,0.986,0.5194039999642701,0.0
S00005,IMS-CSCF,core-1,334,DONE,10.26336,10.2653,1.9382769999083393,11.93827699990834,0.057,1.425,0.45627699990833936,5.0
S00006,IMS-CSCF,core-1,309,DONE,10.26748,10.27019,2.7152879999903234,14.715287999990323,0.051,2.261,0.40328799999032316,6.0
S00009,IoT-GW,edge-A,369,DONE,10.26976,10.27163,1.8680719999792927,1.8680719999792927,0.066,1.36,0.4420719999792926,0.0
S00006,IMS-CSCF,core-1,310,DONE,10.27382,10.27585,2.026039999918794,14.026039999918794,0.07,1.424,0.5320399999187939,6.0
S00009,IoT-GW,edge-A,370,DONE,10.27805,10.28005,1.9965999999840278,1.9965999999840278,0.087,1.13,0.779599999984028,0.0
S00008,Transcoder,core-1,167,DONE,10.27941,10.28839,8.976534999874275,20.976534999874275,0.139,8.277,0.5605349998742764,6.0
S00009,IoT-GW,edge-A,371,DONE,10.27951,10.28477,5.2613400000609545,5.2613400000609545,0.046,4.476,0.7393400000609542,0.0
S00001,vRAN-DU,edge-A,323,DONE,10.28478,10.28813,3.3490639998490224,3.3490639998490224,0.097,2.659,0.5930639998490226,0.0
S00004,UPF,core-1,340,DONE,10.28814,10.29218,4.043667999894751,16.04366799989475,0.099,3.062,0.8826679998947511,6.0
S00002,vRAN-DU,edge-B,332,DONE,10.29544,10.29997,4.535242999963884,4.535242999963884,0.107,3.205,1.223242999963884,0.0
S00005,IMS-CSCF,core-1,335,DONE,10.29889,10.30128,2.3961809999946126,12.396180999994613,0.125,1.554,0.7171809999946126,5.0
S00004,UPF,core-1,341,DONE,10.30115,10.30384,2.694811000083064,14.694811000083064,0.044,2.145,0.5058110000830638,6.0
S00010,IoT-GW,edge-B,327,DONE,10.30253,10.30466,2.123877000030916,2.123877000030916,0.073,1.575,0.47587700003091604,0.0
S00009,IoT-GW,edge-A,372,DONE,10.30385,10.30567,1.8201289999524306,1.8201289999524306,0.091,1.255,0.47412899995243074,0.0
S00003,UPF,core-1,339,DONE,10.31996,10.32336,3.406381000104375,13.406381000104375,0.089,2.339,0.9783810001043749,5.0
S00006,IMS-CSCF,core-1,311,DONE,10.32135,10.32502,3.6653070001193555,15.665307000119356,0.054,2.73,0.8813070001193557,6.0
S00009,IoT-GW,edge-A,373,DONE,10.32147,10.32381,2.3418839998612384,2.3418839998612384,0.077,1.61,0.6548839998612384,0.0
S00004,UPF,core-1,342,DONE,10.32505,10.32784,2.79206899995188,14.79206899995188,0.052,2.209,0.5310689999518798,6.0
S00006,IMS-CSCF,core-1,312,DONE,10.33006,10.33248,2.420181000161392,14.420181000161392,0.072,1.708,0.6401810001613921,6.0
S00010,IoT-GW,edge-B,328,DONE,10.33253,10.3345,1.9734150000658701,1.9734150000658701,0.077,1.244,0.6524150000658702,0.0
S00009,IoT-GW,edge-A,374,DONE,10.3357,10.33761,1.9053970002005371,1.9053970002005371,0.083,1.266,0.5563970002005372,0.0
S00004,UPF,core-1,343,DONE,10.34184,10.34476,2.9209449999143544,14.920944999914354,0.077,2.152,0.6919449999143543,6.0
S00003,UPF,core-1,340,DONE,10.34698,10.35252,5.541587000152504,15.541587000152504,0.061,4.876,0.6045870001525033,5.0
S00002,vRAN-DU,edge-B,333,DONE,10.34833,10.3526,4.26750700012235,4.26750700012235,0.079,3.74,0.44850700012235034,0.0
S00006,IMS-CSCF,core-1,313,DONE,10.34958,10.35727,7.686650999858102,19.686650999858102,0.127,4.161,3.398650999858103,6.0
S00010,IoT-GW,edge-B,329,DONE,10.35191,10.35366,1.7505719999917346,1.7505719999917346,0.049,0.781,0.9205719999917347,0.0
S00001,vRAN-DU,edge-A,324,DONE,10.35952,10.36318,3.658771999880628,3.658771999880628,0.083,2.949,0.6267719998806278,0.0
S00005,IMS-CSCF,core-1,336,DONE,10.37148,10.37395,2.4719000000459346,12.471900000045935,0.085,1.64,0.7469000000459347,5.0
S00006,IMS-CSCF,core-1,314,DONE,10.37283,10.37615,3.3218670000678685,15.321867000067869,0.356,2.602,0.36386700006786876,6.0
S00003,UPF,core-1,341,DONE,10.3729,10.37529,2.3907559998406214,12.390755999840621,0.059,1.949,0.38275599984062114,5.0
S00007,Transcoder,core-1,212,DONE,10.37395,10.39133,17.380121000087456,27.380121000087456,0.062,16.839,0.4791210000874564,5.0
S00004,UPF,core-1,344,DONE,10.3753,10.38132,6.018830999892089,18.01883099989209,0.036,5.356,0.6268309998920891,6.0
S00002,vRAN-DU,edge-B,334,DONE,10.37791,10.38232,4.410315999848535,4.410315999848535,0.072,3.692,0.646315999848535,0.0
S00009,IoT-GW,edge-A,375,DONE,10.37797,10.38744,9.473282000044492,9.473282000044492,0.176,6.228,3.069282000044492,0.0
S00001,vRAN-DU,edge-A,325,DONE,10.378,10.38819,10.183638999933464,10.183638999933464,0.072,7.422,2.6896389999334653,0.0
S00003,UPF,core-1,342,DONE,10.37806,10.38291,4.842260000032184,14.842260000032184,0.041,1.76,3.0412600000321834,5.0
S00007,Transcoder,core-1,213,DONE,10.38232,10.39177,9.44979299993065,19.44979299993065,0.044,9.084,0.3217929999306506,5.0
S00001,vRAN-DU,edge-A,326,DONE,10.38674,10.3905,3.757580999945276,3.757580999945276,0.05,3.174,0.5335809999452761,0.0
S00007,Transcoder,core-1,214,DONE,10.38683,10.40089,14.06126899996707,24.06126899996707,4.127,9.542,0.39226899996707054,5.0
S00005,IMS-CSCF,core-1,337,DONE,10.38687,10.39133,4.451516999779415,14.451516999779415,0.049,3.898,0.5045169997794141,5.0
S00005,IMS-CSCF,core-1,338,DONE,10.39298,10.39533,2.3461819998829014,12.346181999882901,0.047,1.729,0.5701819998829012,5.0
S00004,UPF,core-1,345,DONE,10.39454,10.39908,4.5400029998745595,16.54000299987456,0.047,2.096,2.3970029998745597,6.0
S00004,UPF,core-1,346,DONE,10.39465,10.39937,4.7279830000661605,16.72798300006616,2.235,1.974,0.5189830000661606,6.0
S00001,vRAN-DU,edge-A,327,DONE,10.39468,10.39909,4.407936999996309,4.407936999996309,0.054,3.059,1.2949369999963087,0.0
S00009,IoT-GW,edge-A,376,DONE,10.39533,10.40088,5.553744000053484,5.553744000053484,0.046,3.375,2.132744000053484,0.0
S00009,IoT-GW,edge-A,377,DONE,10.39909,10.4021,3.0078310001044883,3.0078310001044883,1.749,0.931,0.3278310001044882,0.0
S00006,IMS-CSCF,core-1,315,DONE,10.40327,10.40509,1.8172329998833447,13.817232999883345,0.05,1.339,0.42823299988334473,6.0
S00004,UPF,core-1,347,DONE,10.40452,10.40697,2.4450380001326266,14.445038000132627,0.045,1.729,0.6710380001326266,6.0
S00010,IoT-GW,edge-B,330,DONE,10.40509,10.40654,1.4490409998870746,1.4490409998870746,0.076,0.86,0.5130409998870745,0.0
S00006,IMS-CSCF,core-1,316,DONE,10.40658,10.40832,1.7421489999378537,13.742148999937854,0.044,1.156,0.5421489999378537,6.0
S00004,UPF,core-1,348,DONE,10.41252,10.41501,2.4887100000796636,14.488710000079664,0.071,1.984,0.4337100000796634,6.0
S00009,IoT-GW,edge-A,378,DONE,10.42125,10.42303,1.7803949999688484,1.7803949999688484,0.074,1.199,0.5073949999688483,0.0
S00004,UPF,core-1,349,DONE,10.43328,10.43599,2.715510999905746,14.715510999905746,0.076,2.006,0.633510999905746,6.0
S00002,vRAN-DU,edge-B,335,DONE,10.43457,10.43777,3.203949000180728,3.203949000180728,0.078,2.625,0.5009490001807282,0.0
S00006,IMS-CSCF,core-1,317,DONE,10.43782,10.43985,2.029423000067254,14.029423000067254,0.056,1.581,0.39242300006725417,6.0
S00005,IMS-CSCF,core-1,339,DONE,10.43927,10.44121,1.9405250000090746,11.940525000009075,0.167,1.188,0.5855250000090746,5.0
S00010,IoT-GW,edge-B,331,DONE,10.44339,10.44502,1.635290999956851,1.635290999956851,0.061,1.115,0.4592909999568511,0.0
S00009,IoT-GW,edge-A,379,DONE,10.4462,10.44836,2.154796000013448,2.154796000013448,0.107,0.956,1.091796000013448,0.0
S00007,Transcoder,core-1,215,DONE,10.44633,10.45645,10.110291999808396,20.110291999808396,0.056,6.788,3.266291999808397,5.0
S00005,IMS-CSCF,core-1,340,DONE,10.44957,10.45713,7.560016000070391,17.56001600007039,0.097,7.194,0.2690160000703905,5.0
S00008,Transcoder,core-1,168,DONE,10.44994,10.45908,9.139946999994208,21.13994699999421,0.045,8.793,0.30194699999420926,6.0
S00009,IoT-GW,edge-A,380,DONE,10.45118,10.45728,6.102988000066034,6.102988000066034,0.058,5.603,0.44198800006603456,0.0
S00006,IMS-CSCF,core-1,318,DONE,10.45645,10.45882,2.3719140001503547,14.371914000150355,0.047,1.988,0.33691400015035455,6.0
S00003,UPF,core-1,343,DONE,10.4654,10.46798,2.5753439999789407,12.57534399997894,0.077,1.961,0.5373439999789407,5.0
S00003,UPF,core-1,344,DONE,10.46553,10.47035,4.821017000040229,14.821017000040229,2.257,2.118,0.4460170000402286,5.0
S00001,vRAN-DU,edge-A,328,DONE,10.46561,10.46891,3.2983389999117207,3.2983389999117207,0.071,2.763,0.4643389999117207,0.0
S00007,Transcoder,core-1,216,DONE,10.47659,10.48617,9.58207600001515,19.58207600001515,0.058,9.016,0.5080760000151496,5.0
S00002,vRAN-DU,edge-B,336,DONE,10.47789,10.48149,3.5947549999946204,3.5947549999946204,0.073,3.094,0.42775499999462063,0.0
S00001,vRAN-DU,edge-A,329,DONE,10.48013,10.48313,2.9990499999712483,2.9990499999712483,0.073,2.48,0.4460499999712484,0.0
S00005,IMS-CSCF,core-1,341,DONE,10.48025,10.48456,4.302460999952018,14.302460999952018,0.056,3.926,0.3204609999520178,5.0
S00006,IMS-CSCF,core-1,319,DONE,10.48618,10.48794,1.7671539999355446,13.767153999935545,0.048,1.31,0.40915399993554447,6.0
S00006,IMS-CSCF,core-1,320,DONE,10.49322,10.49538,2.1658519999618875,14.165851999961887,0.068,1.507,0.5908519999618875,6.0
S00008,Transcoder,core-1,169,DONE,10.49452,10.50162,7.103008000058253,19.103008000058253,0.083,6.593,0.4270080000582528,6.0
S00009,IoT-GW,edge-A,381,DONE,10.49539,10.49743,2.044319999868094,2.044319999868094,0.073,1.403,0.5683199998680939,0.0
S00005,IMS-CSCF,core-1,342,DONE,10.49696,10.50163,4.671927999879699,14.6719279998797,0.053,4.083,0.5359279998796991,5.0
S00008,Transcoder,core-1,170,DONE,10.49959,10.50747,7.877186000087022,19.877186000087022,0.046,7.49,0.3411860000870215,6.0
S00008,Transcoder,core-1,171,DONE,10.5038,10.51163,7.83688000001348,19.83688000001348,0.045,7.402,0.38988000001347967,6.0
S00006,IMS-CSCF,core-1,321,DONE,10.50624,10.50966,3.42671699991115,15.42671699991115,0.777,2.276,0.37371699991115026,6.0
S00008,Transcoder,core-1,172,DONE,10.51092,10.51869,7.769341000084751,19.76934100008475,0.054,7.422,0.2933410000847507,6.0
S00010,IoT-GW,edge-B,332,DONE,10.51483,10.51649,1.6600320000179636,1.6600320000179636,0.07,1.131,0.4590320000179635,0.0
S00004,UPF,core-1,350,DONE,10.51489,10.51725,2.3580229999424773,14.358022999942477,0.044,1.792,0.5220229999424773,6.0
S00001,vRAN-DU,edge-A,330,DONE,10.51988,10.52726,7.371270000021468,7.371270000021468,0.191,4.874,2.3062700000214686,0.0
S00009,IoT-GW,edge-A,382,DONE,10.52414,10.52865,4.509095999992496,4.509095999992496,2.8,1.235,0.4740959999924963,0.0
S00001,vRAN-DU,edge-A,331,DONE,10.5242,10.52735,3.1453589999728138,3.1453589999728138,0.044,2.581,0.5203589999728138,0.0
S00001,vRAN-DU,edge-A,332,DONE,10.52726,10.53094,3.6751159998402727,3.6751159998402727,0.078,2.749,0.8481159998402727,0.0
S00006,IMS-CSCF,core-1,322,DONE,10.52866,10.53027,1.6081930000382272,13.608193000038227,0.055,1.212,0.3411930000382273,6.0
S00002,vRAN-DU,edge-B,337,DONE,10.53027,10.53342,3.1459829999676003,3.1459829999676003,0.062,2.638,0.4459829999676006,0.0
S00009,IoT-GW,edge-A,383,DONE,10.53094,10.53195,1.0057690001303854,1.0057690001303854,0.035,0.68,0.2907690001303853,0.0
S00010,IoT-GW,edge-B,333,DONE,10.54063,10.54214,1.5078920000632934,1.5078920000632934,0.064,0.997,0.4468920000632933,0.0
S00009,IoT-GW,edge-A,384,DONE,10.54635,10.54793,1.5746990000025107,1.5746990000025107,0.071,1.06,0.4436990000025107,0.0
S00003,UPF,core-1,345,DONE,10.5491,10.55147,2.3740359999919747,12.374035999991975,0.078,1.857,0.43903599999197485,5.0
S00002,vRAN-DU,edge-B,338,DONE,10.54919,10.55352,4.330442999844308,4.330442999844308,0.05,3.94,0.3404429998443086,0.0
S00004,UPF,core-1,351,DONE,10.55775,10.56047,2.721692000022813,14.721692000022813,0.066,1.976,0.679692000022813,6.0
S00002,vRAN-DU,edge-B,339,DONE,10.56002,10.56305,3.0274980001649965,3.0274980001649965,0.113,2.59,0.32449800016499664,0.0
S00002,vRAN-DU,edge-B,340,DONE,10.56163,10.56449,2.865589999828444,2.865589999828444,0.046,2.432,0.3875899998284442,0.0
S00002,vRAN-DU,edge-B,341,DONE,10.56972,10.57276,3.036558000076184,3.036558000076184,0.049,2.555,0.4325580000761837,0.0
S00005,IMS-CSCF,core-1,343,DONE,10.57276,10.57478,2.0181569998385385,12.018156999838538,0.071,1.488,0.4591569998385385,5.0
S00004,UPF,core-1,352,DONE,10.58103,10.58385,2.8147600000920647,14.814760000092065,0.095,2.168,0.5517600000920644,6.0
S00002,vRAN-DU,edge-B,342,DONE,10.58906,10.59257,3.5105580000163172,3.5105580000163172,0.071,2.939,0.500558000016317,0.0
S00009,IoT-GW,edge-A,385,DONE,10.59382,10.59642,2.596422999886272,2.596422999886272,0.085,1.033,1.4784229998862721,0.0
S00002,vRAN-DU,edge-B,343,DONE,10.59391,10.59679,2.8794859999834443,2.8794859999834443,0.051,2.402,0.42648599998344405,0.0
S00001,vRAN-DU,edge-A,333,DONE,10.59642,10.60219,5.764850999867122,5.764850999867122,0.25,5.122,0.3928509998671217,0.0
S00001,vRAN-DU,edge-A,334,DONE,10.59648,10.60006,3.5821159999613883,3.5821159999613883,0.303,2.986,0.29311599996138815,0.0
S00004,UPF,core-1,353,DONE,10.60337,10.60658,3.2063710000329593,15.20637100003296,0.123,2.333,0.7503710000329589,6.0
S00005,IMS-CSCF,core-1,344,DONE,10.60465,10.60658,1.9393089999084623,11.939308999908462,0.052,1.497,0.39030899990846213,5.0
S00006,IMS-CSCF,core-1,323,DONE,10.61488,10.61698,2.1003120000386843,14.100312000038684,0.059,1.572,0.4693120000386841,6.0
S00002,vRAN-DU,edge-B,344,DONE,10.62521,10.62882,3.609492999885333,3.609492999885333,0.082,2.951,0.5764929998853332,0.0
S00003,UPF,core-1,346,DONE,10.62753,10.63047,2.9325789998893015,12.932578999889301,0.066,2.235,0.6315789998893018,5.0
S00002,vRAN-DU,edge-B,345,DONE,10.63003,10.63316,3.1372250000458735,3.1372250000458735,0.052,2.538,0.5472250000458736,0.0
S00004,UPF,core-1,354,DONE,10.63035,10.63277,2.4203269999816257,14.420326999981626,0.047,1.861,0.5123269999816256,6.0
S00009,IoT-GW,edge-A,386,DONE,10.63277,10.6376,4.82858500004113,4.82858500004113,0.113,3.681,1.0345850000411296,0.0
S00003,UPF,core-1,347,DONE,10.63284,10.63678,3.9386429998558015,13.938642999855801,0.045,3.551,0.3426429998558014,5.0
S00005,IMS-CSCF,core-1,345,DONE,10.63317,10.63747,4.306417999941914,14.306417999941914,0.045,3.785,0.4764179999419138,5.0
S00002,vRAN-DU,edge-B,346,DONE,10.63345,10.63748,4.030874000136464,4.030874000136464,0.043,3.188,0.7998740001364637,0.0
S00001,vRAN-DU,edge-A,335,DONE,10.63984,10.64303,3.1970140000794345,3.1970140000794345,0.058,2.738,0.40101400007943466,0.0
S00001,vRAN-DU,edge-A,336,DONE,10.64421,10.64812,3.9020520000576653,3.9020520000576653,0.05,3.439,0.4130520000576654,0.0
S00004,UPF,core-1,355,DONE,10.6564,10.65905,2.658486999962406,14.658486999962406,0.121,2.03,0.5074869999624063,6.0
S00009,IoT-GW,edge-A,387,DONE,10.66034,10.66216,1.8200080000951857,1.8200080000951857,0.074,1.274,0.4720080000951856,0.0
S00002,vRAN-DU,edge-B,347,DONE,10.66335,10.67069,7.344976000013048,7.344976000013048,0.208,4.148,2.9889760000130483,0.0
S00003,UPF,core-1,348,DONE,10.66474,10.66873,3.9835969998875953,13.983596999887595,0.141,3.233,0.6095969998875952,5.0
S00007,Transcoder,core-1,217,DONE,10.67296,10.68319,10.222007000038502,20.222007000038502,0.073,9.223,0.926007000038501,5.0
S00001,vRAN-DU,edge-A,337,DONE,10.67307,10.67939,6.317150999848309,6.317150999848309,0.075,5.796,0.4461509998483084,0.0
S00006,IMS-CSCF,core-1,324,DONE,10.67541,10.67752,2.114236999886998,14.114236999886998,0.067,1.458,0.589236999886998,6.0
S00005,IMS-CSCF,core-1,346,DONE,10.67882,10.6819,3.074570000080712,13.074570000080712,0.056,2.622,0.39657000008071197,5.0
S00010,IoT-GW,edge-B,334,DONE,10.68539,10.6871,1.7142080000667193,1.7142080000667193,0.085,1.008,0.6212080000667193,0.0
S00001,vRAN-DU,edge-A,338,DONE,10.68666,10.69168,5.022583000027225,5.022583000027225,0.482,3.617,0.9235830000272252,0.0
S00007,Transcoder,core-1,218,DONE,10.68697,10.70036,13.394106999840005,23.394106999840005,0.081,11.972,1.3411069998400063,5.0
S00002,vRAN-DU,edge-B,348,DONE,10.68846,10.69764,9.181999000020369,9.181999000020369,0.093,6.405,2.6839990000203686,0.0
S00010,IoT-GW,edge-B,335,DONE,10.68853,10.69812,9.586041999909867,9.586041999909867,0.131,6.874,2.581041999909867,0.0
S00003,UPF,core-1,349,DONE,10.69704,10.70224,5.203610000080516,15.203610000080516,0.151,2.486,2.5666100000805163,5.0
S00003,UPF,core-1,350,DONE,10.69713,10.70459,7.455539999909888,17.455539999909888,2.778,2.091,2.5865399999098875,5.0
S00003,UPF,core-1,351,DONE,10.70037,10.7084,8.029052999972919,18.02905299997292,3.866,3.318,0.845052999972919,5.0
S00004,UPF,core-1,356,DONE,10.70447,10.71285,8.38542800011055,20.38542800011055,0.109,7.608,0.6684280001105511,6.0
S00007,Transcoder,core-1,219,DONE,10.70759,10.72103,13.440531000014744,23.440531000014744,0.058,9.091,4.291531000014745,5.0
S00010,IoT-GW,edge-B,336,DONE,10.70766,10.70992,2.259387999856699,2.259387999856699,0.084,1.717,0.45838799985669887,0.0
S00008,Transcoder,core-1,173,DONE,10.7084,10.72104,12.63818799998262,24.63818799998262,0.057,7.914,4.66718799998262,6.0
S00010,IoT-GW,edge-B,337,DONE,10.70846,10.71132,2.8588919999492646,2.8588919999492646,1.239,1.112,0.5078919999492644,0.0
S00009,IoT-GW,edge-A,388,DONE,10.71509,10.72531,10.221757999943293,10.221757999943293,0.104,4.33,5.7877579999432935,0.0
S00003,UPF,core-1,352,DONE,10.72105,10.73144,10.391251000100965,20.391251000100965,0.121,9.511,0.7592510001009654,5.0
S00002,vRAN-DU,edge-B,349,DONE,10.72114,10.72863,7.486553000035201,7.486553000035201,0.091,6.426,0.9695530000352006,0.0
S00004,UPF,core-1,357,DONE,10.72121,10.73112,9.912751000001663,21.912751000001663,0.062,9.354,0.49675100000166417,6.0
S00009,IoT-GW,edge-A,389,DONE,10.72132,10.72775,6.432152000115821,6.432152000115821,3.593,0.954,1.8851520001158206,0.0
S00010,IoT-GW,edge-B,338,DONE,10.72776,10.72951,1.7468099999859987,1.7468099999859987,0.509,0.775,0.4628099999859988,0.0
S00002,vRAN-DU,edge-B,350,DONE,10.72782,10.73146,3.6390800000845047,3.6390800000845047,0.054,3.201,0.3840800000845048,0.0
S00009,IoT-GW,edge-A,390,DONE,10.72951,10.73062,1.1049989998355159,1.1049989998355159,0.083,0.663,0.35899899983551586,0.0
S00007,Transcoder,core-1,220,DONE,10.73113,10.73901,7.885611999881803,17.885611999881803,0.054,7.464,0.3676119998818024,5.0
S00005,IMS-CSCF,core-1,347,DONE,10.73462,10.73616,1.5358269999978802,11.53582699999788,0.049,1.105,0.3818269999978803,5.0
S00002,vRAN-DU,edge-B,351,DONE,10.73616,10.73921,3.050101999860999,3.050101999860999,0.046,2.667,0.3371019998609994,0.0
S00006,IMS-CSCF,core-1,325,DONE,10.74138,10.74367,2.286213000161297,14.286213000161297,0.049,1.805,0.43221300016129693,6.0
S00007,Transcoder,core-1,221,DONE,10.74291,10.75408,11.162825000155863,21.162825000155863,0.046,10.855,0.26182500015586285,5.0
S00006,IMS-CSCF,core-1,326,DONE,10.74367,10.7455,1.8287590000909404,13.82875900009094,0.045,1.459,0.3247590000909404,6.0
S00001,vRAN-DU,edge-A,339,DONE,10.74875,10.75185,3.102980999983629,3.102980999983629,0.069,2.479,0.5549809999836288,0.0
S00010,IoT-GW,edge-B,339,DONE,10.75165,10.75501,3.359089000014137,3.359089000014137,0.106,2.41,0.8430890000141371,0.0
S00006,IMS-CSCF,core-1,327,DONE,10.75175,10.75365,1.9025969997983339,13.902596999798334,0.049,1.464,0.38959699979833395,6.0
S00001,vRAN-DU,edge-A,340,DONE,10.75502,10.75798,2.96085300010418,2.96085300010418,0.05,2.531,0.37985300010418,0.0
S00001,vRAN-DU,edge-A,341,DONE,10.77939,10.79242,13.027888999886272,13.027888999886272,0.08,10.355,2.592888999886272,0.0
S00006,IMS-CSCF,core-1,328,DONE,10.78083,10.78328,2.449378999926921,14.449378999926921,0.079,1.856,0.5143789999269208,6.0
S00002,vRAN-DU,edge-B,352,DONE,10.78328,10.78854,5.256444999986343,5.256444999986343,0.072,4.644,0.5404449999863425,0.0
S00007,Transcoder,core-1,222,DONE,10.78855,10.79748,8.928916000058962,18.928916000058962,0.06,8.318,0.5509160000589617,5.0
S00009,IoT-GW,edge-A,391,DONE,10.79242,10.79504,2.6218180000796565,2.6218180000796565,0.091,1.985,0.5458180000796562,0.0
S00010,IoT-GW,edge-B,340,DONE,10.7925,10.79383,1.323260000162918,1.323260000162918,0.065,0.74,0.5182600001629181,0.0
S00010,IoT-GW,edge-B,341,DONE,10.79255,10.79529,2.7393899999879068,2.7393899999879068,0.905,1.413,0.4213899999879067,0.0
S00010,IoT-GW,edge-B,342,DONE,10.79879,10.80222,3.430375999869284,3.430375999869284,0.058,1.336,2.036375999869284,0.0
S00001,vRAN-DU,edge-A,342,DONE,10.80209,10.80606,3.9626750001389155,3.9626750001389155,0.081,3.329,0.5526750001389154,0.0
S00002,vRAN-DU,edge-B,353,DONE,10.80736,10.81219,4.833616000041729,4.833616000041729,0.137,4.12,0.5766160000417289,0.0
S00003,UPF,core-1,353,DONE,10.81444,10.81756,3.118919999906211,13.118919999906211,0.114,2.283,0.7219199999062114,5.0
S00004,UPF,core-1,358,DONE,10.8158,10.81977,3.969728999891231,15.969728999891231,0.161,3.272,0.5367289998912312,6.0
S00003,UPF,core-1,354,DONE,10.81589,10.823,7.107875999963653,17.107875999963653,1.266,5.4,0.4418759999636528,5.0
S00010,IoT-GW,edge-B,343,DONE,10.82197,10.82854,6.565101999967737,6.565101999967737,0.914,1.624,4.027101999967737,0.0
S00005,IMS-CSCF,core-1,348,DONE,10.82207,10.82389,1.8228419999104517,11.822841999910452,0.05,1.351,0.4218419999104517,5.0
S00007,Transcoder,core-1,223,DONE,10.8239,10.83746,13.558031999991726,23.558031999991726,0.048,13.151,0.35903199999172664,5.0
S00003,UPF,core-1,355,DONE,10.82855,10.8361,7.554905000006329,17.55490500000633,0.057,6.729,0.7689050000063284,5.0
S00002,vRAN-DU,edge-B,354,DONE,10.82867,10.83248,3.816409999899406,3.816409999899406,0.067,2.977,0.7724099998994061,0.0
S00010,IoT-GW,edge-B,344,DONE,10.82879,10.83278,3.98991399993065,3.98991399993065,0.262,3.131,0.5969139999306501,0.0
S00008,Transcoder,core-1,174,DONE,10.8325,10.84776,15.259667999998783,27.259667999998783,0.128,14.046,1.0856679999987833,6.0
S00005,IMS-CSCF,core-1,349,DONE,10.83279,10.84095,8.160328000030859,18.16032800003086,0.167,7.008,0.9853280000308589,5.0
S00002,vRAN-DU,edge-B,355,DONE,10.83509,10.83842,3.3283370000845025,3.3283370000845025,0.05,2.73,0.5483370000845027,0.0
S00002,vRAN-DU,edge-B,356,DONE,10.83611,10.84655,10.445554999932938,10.445554999932938,0.048,8.309,2.0885549999329385,0.0
S00005,IMS-CSCF,core-1,350,DONE,10.83616,10.84224,6.077559999994264,16.077559999994264,4.425,1.341,0.3115599999942644,5.0
S00009,IoT-GW,edge-A,392,DONE,10.83842,10.83985,1.4335099999698286,1.4335099999698286,0.126,0.906,0.4015099999698287,0.0
S00006,IMS-CSCF,core-1,329,DONE,10.84341,10.84578,2.3649150000437658,14.364915000043766,0.066,1.965,0.33391500004376584,6.0
S00005,IMS-CSCF,core-1,351,DONE,10.84462,10.84711,2.4843979999786825,12.484397999978682,0.047,2.146,0.29139799997868243,5.0
S00004,UPF,core-1,359,DONE,10.84776,10.85139,3.6281489999510086,15.628148999951009,0.064,2.847,0.7171489999510086,6.0
S00005,IMS-CSCF,core-1,352,DONE,10.84781,10.85138,3.570224999975835,13.570224999975835,0.09,2.793,0.6872249999758351,5.0
S00006,IMS-CSCF,core-1,330,DONE,10.84788,10.85139,3.5161789999165194,15.51617899991652,0.099,2.801,0.616178999916519,6.0
S00003,UPF,core-1,356,DONE,10.85004,10.85479,4.75619300004837,14.75619300004837,0.051,2.865,1.8401930000483695,5.0
S00003,UPF,core-1,357,DONE,10.85009,10.85604,5.945705000158341,15.945705000158341,3.013,1.736,1.1967050001583412,5.0
S00001,vRAN-DU,edge-A,343,DONE,10.85012,10.8548,4.678980999869964,4.678980999869964,0.07,3.839,0.7699809998699636,0.0
S00005,IMS-CSCF,core-1,353,DONE,10.87036,10.87272,2.3624210000434687,12.362421000043469,0.079,1.485,0.7984210000434684,5.0
S00004,UPF,core-1,360,DONE,10.87273,10.87504,2.309974999889164,14.309974999889164,0.055,1.892,0.3629749998891638,6.0
S00004,UPF,core-1,361,DONE,10.88504,10.88863,3.5940199998094613,15.594019999809461,0.097,2.897,0.6000199998094615,6.0
S00005,IMS-CSCF,core-1,354,DONE,10.88521,10.88929,4.086094999820489,14.086094999820489,0.17,3.431,0.48509499982048876,5.0
S00004,UPF,core-1,362,DONE,10.88847,10.89085,2.3826060000828875,14.382606000082887,0.103,1.913,0.36660600008288724,6.0
S00005,IMS-CSCF,core-1,355,DONE,10.8893,10.89164,2.3450609999144945,12.345060999914494,0.052,2.017,0.2760609999144945,5.0
S00004,UPF,core-1,363,DONE,10.89483,10.89726,2.435452999861809,14.435452999861809,0.051,2.004,0.3804529998618089,6.0
S00002,vRAN-DU,edge-B,357,DONE,10.89943,10.90296,3.5356349999347003,3.5356349999347003,0.108,2.696,0.7316349999347,0.0
S00009,IoT-GW,edge-A,393,DONE,10.90175,10.90331,1.5572749998682411,1.5572749998682411,0.074,0.996,0.4872749998682411,0.0
S00006,IMS-CSCF,core-1,331,DONE,10.90552,10.90765,2.1338990000003832,14.133899000000383,0.068,1.523,0.5428990000003833,6.0
S00008,Transcoder,core-1,175,DONE,10.90682,10.91342,6.598977000066952,18.598977000066952,0.07,6.103,0.42597700006695227,6.0
S00010,IoT-GW,edge-B,345,DONE,10.91186,10.91387,2.007219000006444,2.007219000006444,0.069,1.484,0.4542190000064439,0.0
S00008,Transcoder,core-1,176,DONE,10.91342,10.92318,9.756120000020019,21.75612000002002,0.086,9.107,0.5631200000200192,6.0
S00001,vRAN-DU,edge-A,344,DONE,10.91347,10.92317,9.699810000029174,9.699810000029174,0.073,8.701,0.9258100000291734,0.0
S00005,IMS-CSCF,core-1,356,DONE,10.91606,10.91759,1.5309000000343076,11.530900000034308,0.1,1.175,0.25590000003430746,5.0
S00002,vRAN-DU,edge-B,358,DONE,10.91727,10.92317,5.894544000057067,5.894544000057067,0.086,2.595,3.2135440000570665,0.0
S00010,IoT-GW,edge-B,346,DONE,10.92318,10.92481,1.6258849998393998,1.6258849998393998,0.057,1.101,0.4678849998393999,0.0
S00005,IMS-CSCF,core-1,357,DONE,10.92905,10.93353,4.488437999953021,14.488437999953021,0.083,3.69,0.7154379999530209,5.0
S00006,IMS-CSCF,core-1,332,DONE,10.92915,10.93376,4.611347000036403,16.611347000036403,0.15,3.956,0.5053470000364029,6.0
S00003,UPF,core-1,358,DONE,10.93241,10.93696,4.5469199999388366,14.546919999938837,0.195,2.958,1.393919999938836,5.0
S00003,UPF,core-1,359,DONE,10.93697,10.93984,2.87026999990303,12.87026999990303,0.129,2.278,0.4632699999030301,5.0
S00008,Transcoder,core-1,177,DONE,10.93707,10.94589,8.818789999850196,20.818789999850196,0.177,8.157,0.48478999985019655,6.0
S00003,UPF,core-1,360,DONE,10.93842,10.94189,3.472984000154611,13.47298400015461,1.273,1.705,0.4949840001546111,5.0
S00010,IoT-GW,edge-B,347,DONE,10.9419,10.94521,3.3114620000560535,3.3114620000560535,0.076,2.756,0.47946200005605366,0.0
S00002,vRAN-DU,edge-B,359,DONE,10.94522,10.94927,4.049485999985336,4.049485999985336,0.051,2.972,1.026485999985336,0.0
S00004,UPF,core-1,364,DONE,10.94713,10.94978,2.648784000029991,14.648784000029991,0.058,2.127,0.46378400002999154,6.0
S00004,UPF,core-1,365,DONE,10.953,10.9556,2.6052170001094055,14.605217000109405,0.053,2.054,0.4982170001094057,6.0
S00005,IMS-CSCF,core-1,358,DONE,10.95561,10.95793,2.319304999900851,12.31930499990085,0.086,1.685,0.5483049999008509,5.0
S00008,Transcoder,core-1,178,DONE,10.95793,10.96867,10.737438000205657,22.737438000205657,0.055,10.199,0.4834380002056573,6.0
S00006,IMS-CSCF,core-1,333,DONE,10.95929,10.96172,2.4286640000354964,14.428664000035496,0.052,1.833,0.5436640000354964,6.0
S00009,IoT-GW,edge-A,394,DONE,10.9594,10.96139,1.9828360000246903,1.9828360000246903,0.119,1.175,0.6888360000246903,0.0
S00006,IMS-CSCF,core-1,334,DONE,10.96139,10.96354,2.1505469999283378,14.150546999928338,0.064,1.514,0.5725469999283377,6.0
S00005,IMS-CSCF,core-1,359,DONE,10.96147,10.96448,3.015220999941448,13.015220999941448,0.048,2.237,0.730220999941448,5.0
S00008,Transcoder,core-1,179,DONE,10.97395,10.98171,7.757692000041061,19.75769200004106,0.077,7.214,0.4666920000410606,6.0
S00003,UPF,core-1,361,DONE,10.97638,10.97876,2.373407999812116,12.373407999812116,0.068,1.825,0.480407999812116,5.0
S00005,IMS-CSCF,core-1,360,DONE,10.98095,10.98301,2.066067000214389,12.066067000214389,0.051,1.622,0.39306700021438856,5.0
S00006,IMS-CSCF,core-1,335,DONE,10.98291,10.98492,2.0125599999119004,14.0125599999119,0.104,1.485,0.4235599999119002,6.0
S00005,IMS-CSCF,core-1,361,DONE,10.98305,10.98613,3.0766349998430087,13.076634999843009,0.102,2.503,0.4716349998430087,5.0
S00005,IMS-CSCF,core-1,362,DONE,10.98729,10.98941,2.1155419999558944,12.115541999955894,0.069,1.327,0.7195419999558945,5.0
S00001,vRAN-DU,edge-A,345,DONE,10.98858,10.99205,3.4624859999894397,3.4624859999894397,0.108,2.756,0.5984859999894399,0.0
S00004,UPF,core-1,366,DONE,10.99205,10.99555,3.500966999808952,15.500966999808952,0.056,3.035,0.4099669998089519,6.0
S00010,IoT-GW,edge-B,348,DONE,10.99536,10.99741,2.0521139999800653,2.0521139999800653,0.089,1.369,0.5941139999800653,0.0
S00001,vRAN-DU,edge-A,346,DONE,11.00265,11.00933,6.6790769999443,6.6790769999443,0.123,5.946,0.6100769999443001,0.0
S00009,IoT-GW,edge-A,395,DONE,11.00279,11.00813,5.334887000117305,5.334887000117305,0.184,4.714,0.43688700011730486,0.0
S00003,UPF,core-1,362,DONE,11.00283,11.00527,2.4363469999570952,12.436346999957095,0.069,1.909,0.45834699995709527,5.0
S00006,IMS-CSCF,core-1,336,DONE,11.00527,11.00718,1.90672300004735,13.90672300004735,0.047,1.61,0.24972300004735004,6.0
S00010,IoT-GW,edge-B,349,DONE,11.02076,11.02327,2.5119699998867873,2.5119699998867873,0.083,1.631,0.7979699998867871,0.0
S00010,IoT-GW,edge-B,350,DONE,11.02328,11.02489,1.6136369999912858,1.6136369999912858,0.051,1.079,0.48363699999128595,0.0
S00003,UPF,core-1,363,DONE,11.02454,11.03058,6.036717999904795,16.036717999904795,0.111,5.2,0.7257179999047949,5.0
S00002,vRAN-DU,edge-B,360,DONE,11.02611,11.03038,4.267941999842151,4.267941999842151,0.067,3.601,0.5999419998421507,0.0
S00004,UPF,core-1,367,DONE,11.02619,11.03066,4.468081000140955,16.468081000140955,0.13,3.633,0.7050810001409555,6.0
S00010,IoT-GW,edge-B,351,DONE,11.02623,11.03034,4.10147900015545,4.10147900015545,0.108,3.514,0.4794790001554503,0.0
S00005,IMS-CSCF,core-1,363,DONE,11.03196,11.03657,4.611164999914763,14.611164999914763,0.661,2.618,1.3321649999147631,5.0
S00010,IoT-GW,edge-B,352,DONE,11.03349,11.03581,2.317971000138641,2.317971000138641,0.099,1.196,1.022971000138641,0.0
S00010,IoT-GW,edge-B,353,DONE,11.03582,11.0396,3.7837529998796526,3.7837529998796526,0.073,1.312,2.398752999879653,0.0
S00006,IMS-CSCF,core-1,337,DONE,11.03658,11.04077,4.191597000044567,16.191597000044567,0.076,2.94,1.1755970000445672,6.0
S00009,IoT-GW,edge-A,396,DONE,11.03666,11.04513,8.46966800008886,8.46966800008886,0.105,4.625,3.7396680000888587,0.0
S00005,IMS-CSCF,core-1,364,DONE,11.03961,11.04392,4.30602500000532,14.30602500000532,0.121,3.384,0.8010250000053198,5.0
S00006,IMS-CSCF,core-1,338,DONE,11.04084,11.04336,2.5213419999090547,14.521341999909055,0.071,1.961,0.48934199990905447,6.0
S00010,IoT-GW,edge-B,354,DONE,11.04212,11.04722,5.107683000005636,5.107683000005636,0.092,3.351,1.6646830000056365,0.0
S00005,IMS-CSCF,core-1,365,DONE,11.04337,11.04723,3.863415000068926,13.863415000068926,0.07,2.816,0.9774150000689263,5.0
S00010,IoT-GW,edge-B,355,DONE,11.04392,11.04898,5.053262000046743,5.053262000046743,1.366,1.855,1.8322620000467431,0.0
S00003,UPF,core-1,364,DONE,11.04514,11.04945,4.305157000089821,14.305157000089821,0.123,3.404,0.7781570000898208,5.0
S00005,IMS-CSCF,core-1,366,DONE,11.0518,11.05492,3.123321999964901,13.123321999964901,0.074,2.333,0.7163219999649009,5.0
S00005,IMS-CSCF,core-1,367,DONE,11.05194,11.0575,5.5604110000331275,15.560411000033127,2.746,2.309,0.5054110000331273,5.0
S00005,IMS-CSCF,core-1,368,DONE,11.05422,11.05892,4.6913080000194896,14.69130800001949,2.518,1.194,0.9793080000194898,5.0
S00007,Transcoder,core-1,224,DONE,11.05431,11.06336,9.048578000147245,19.048578000147245,0.142,7.976,0.9305780001472455,5.0
S00010,IoT-GW,edge-B,356,DONE,11.06018,11.06257,2.383819999977277,2.383819999977277,0.104,1.691,0.5888199999772767,0.0
S00004,UPF,core-1,368,DONE,11.06336,11.06735,3.9809770000829303,15.98097700008293,0.096,3.329,0.55597700008293,6.0
S00004,UPF,core-1,369,DONE,11.06578,11.07098,5.198019999852477,17.198019999852477,1.226,3.367,0.6050199998524768,6.0
S00001,vRAN-DU,edge-A,347,DONE,11.07728,11.08618,8.897210999975869,8.897210999975869,0.12,8.006,0.7712109999758692,0.0
S00005,IMS-CSCF,core-1,369,DONE,11.07742,11.07959,2.164857000025222,12.164857000025222,0.114,1.486,0.5648570000252222,5.0
S00001,vRAN-DU,edge-A,348,DONE,11.0808,11.08801,7.216122000045289,7.216122000045289,0.07,6.413,0.733122000045288,0.0
S00002,vRAN-DU,edge-B,361,DONE,11.08204,11.08915,7.106245999921157,7.106245999921157,0.075,6.617,0.41424599992115674,0.0
S00008,Transcoder,core-1,180,DONE,11.0856,11.09958,13.974072999872078,25.974072999872078,0.091,12.832,1.051072999872078,6.0
S00003,UPF,core-1,365,DONE,11.08742,11.09296,5.537741000125607,15.537741000125607,0.2,3.122,2.2157410001256066,5.0
S00005,IMS-CSCF,core-1,370,DONE,11.09297,11.09546,2.49126099993191,12.49126099993191,0.055,1.669,0.76726099993191,5.0
S00010,IoT-GW,edge-B,357,DONE,11.09909,11.10196,2.862952999976187,2.862952999976187,0.077,1.66,1.1259529999761873,0.0
S00001,vRAN-DU,edge-A,349,DONE,11.10196,11.10817,6.204686000046422,6.204686000046422,0.107,4.709,1.3886860000464223,0.0
S00010,IoT-GW,edge-B,358,DONE,11.10441,11.11045,6.047209999906045,6.047209999906045,0.114,2.873,3.0602099999060446,0.0
S00009,IoT-GW,edge-A,397,DONE,11.10565,11.10874,3.0845500000395987,3.0845500000395987,0.102,2.364,0.6185500000395989,0.0
S00001,vRAN-DU,edge-A,350,DONE,11.11046,11.11572,5.252896000001783,5.252896000001783,0.079,4.603,0.5708960000017838,0.0
S00008,Transcoder,core-1,181,DONE,11.11906,11.12763,8.568569000090065,20.568569000090065,0.083,7.734,0.7515690000900648,6.0
S00004,UPF,core-1,370,DONE,11.12998,11.13444,4.463858999997683,16.463858999997683,0.092,3.621,0.7508589999976834,6.0
S00005,IMS-CSCF,core-1,371,DONE,11.1388,11.14137,2.5639870000304654,12.563987000030465,0.08,1.378,1.1059870000304655,5.0
S00009,IoT-GW,edge-A,398,DONE,11.13895,11.14248,3.5306190000028437,3.5306190000028437,1.849,1.186,0.49561900000284376,0.0
S00001,vRAN-DU,edge-A,351,DONE,11.14595,11.1553,9.349014000008538,9.349014000008538,0.113,8.49,0.7460140000085378,0.0
S00009,IoT-GW,edge-A,399,DONE,11.15655,11.16223,5.676775999972961,5.676775999972961,0.098,2.428,3.1507759999729608,0.0
S00003,UPF,core-1,366,DONE,11.15894,11.16307,4.127715999857173,14.127715999857173,0.099,3.164,0.864715999857173,5.0
S00010,IoT-GW,edge-B,359,DONE,11.16168,11.16418,2.499097000054462,2.499097000054462,0.063,1.811,0.625097000054462,0.0
S00005,IMS-CSCF,core-1,372,DONE,11.16209,11.16916,7.067369999958828,17.067369999958828,0.083,6.172,0.8123699999588281,5.0
S00001,vRAN-DU,edge-A,352,DONE,11.16228,11.16999,7.7171699999780685,7.7171699999780685,0.06,6.562,1.0951699999780686,0.0
S00003,UPF,core-1,367,DONE,11.16419,11.16922,5.031312000028265,15.031312000028265,0.065,4.43,0.5363120000282651,5.0
S00008,Transcoder,core-1,182,DONE,11.16455,11.17407,9.523387000172079,21.52338700017208,0.049,8.986,0.4883870001720787,6.0
S00005,IMS-CSCF,core-1,373,DONE,11.16841,11.17235,3.949373999830641,13.949373999830641,0.064,2.822,1.0633739998306408,5.0
S00009,IoT-GW,edge-A,400,DONE,11.1685,11.17112,2.6282540000011068,2.6282540000011068,0.054,1.213,1.3612540000011069,0.0
S00006,IMS-CSCF,core-1,339,DONE,11.16853,11.17214,3.6052349998954014,15.605234999895401,0.212,2.64,0.7532349998954011,6.0
S00006,IMS-CSCF,core-1,340,DONE,11.17646,11.17865,2.1872199999961595,14.18721999999616,0.07,1.462,0.6552199999961597,6.0
S00010,IoT-GW,edge-B,360,DONE,11.17869,11.18058,1.8889660000240838,1.8889660000240838,0.079,1.351,0.45896600002408383,0.0
S00003,UPF,core-1,368,DONE,11.18179,11.1844,2.6175650000368478,12.617565000036848,0.068,2.088,0.46156500003684764,5.0
S00001,vRAN-DU,edge-A,353,DONE,11.18306,11.18673,3.6658050000824005,3.6658050000824005,0.089,3.011,0.5658050000824004,0.0
S00009,IoT-GW,edge-A,401,DONE,11.18559,11.18991,4.325975000028848,4.325975000028848,0.742,2.916,0.6679750000288478,0.0
S00001,vRAN-DU,edge-A,354,DONE,11.18565,11.18981,4.156345999945188,4.156345999945188,0.078,3.543,0.5353459999451875,0.0
S00010,IoT-GW,edge-B,361,DONE,11.18891,11.19296,4.044324000005872,4.044324000005872,0.076,3.472,0.4963240000058722,0.0
S00002,vRAN-DU,edge-B,362,DONE,11.18982,11.19325,3.4314419999645907,3.4314419999645907,0.05,3.031,0.3504419999645907,0.0
S00005,IMS-CSCF,core-1,374,DONE,11.19548,11.19796,2.487182000095345,12.487182000095345,0.101,1.511,0.875182000095345,5.0
S00008,Transcoder,core-1,183,DONE,11.19782,11.20409,6.278329999986454,18.278329999986454,0.048,5.865,0.36532999998645366,6.0
S00004,UPF,core-1,371,DONE,11.19915,11.20145,2.300471999888032,14.300471999888032,0.051,1.884,0.3654719998880318,6.0
S00001,vRAN-DU,edge-A,355,DONE,11.20735,11.21083,3.478911000001972,3.478911000001972,0.084,2.864,0.5309110000019719,0.0
S00003,UPF,core-1,369,DONE,11.21065,11.2141,3.4542539999620203,13.45425399996202,0.071,2.722,0.6612539999620202,5.0
S00005,IMS-CSCF,core-1,375,DONE,11.21411,11.21603,1.9189989998267265,11.918998999826727,0.049,1.402,0.46799899982672666,5.0
S00005,IMS-CSCF,core-1,376,DONE,11.21547,11.21746,1.9923560000734142,11.992356000073414,0.058,1.289,0.6453560000734142,5.0
S00003,UPF,core-1,370,DONE,11.23179,11.24128,9.486885999876904,19.486885999876904,0.15,8.167,1.1698859998769038,5.0
S00003,UPF,core-1,371,DONE,11.23193,11.24612,14.191009000114718,24.191009000114718,8.646,4.879,0.6660090001147179,5.0
S00008,Transcoder,core-1,184,DONE,11.23422,11.2489,14.681185999961599,26.6811859999616,0.072,14.044,0.5651859999615994,6.0
S00002,vRAN-DU,edge-B,363,DONE,11.24251,11.2542,11.692628999981025,11.692628999981025,0.083,8.672,2.9376289999810243,0.0
S00007,Transcoder,core-1,225,DONE,11.24261,11.25627,13.664966000078493,23.664966000078493,0.067,12.86,0.7379660000784938,5.0
S00009,IoT-GW,edge-A,402,DONE,11.24483,11.25421,9.379225999964547,9.379225999964547,0.088,3.868,5.423225999964547,0.0
S00003,UPF,core-1,372,DONE,11.24612,11.25422,8.092314999885275,18.092314999885275,0.049,6.456,1.5873149998852751,5.0
S00010,IoT-GW,edge-B,362,DONE,11.24891,11.2575,8.590600999923481,8.590600999923481,2.814,4.823,0.9536009999234807,0.0
S00003,UPF,core-1,373,DONE,11.25214,11.25751,5.368166000152996,15.368166000152996,0.543,4.331,0.4941660001529957,5.0
S00004,UPF,core-1,372,DONE,11.25422,11.26016,5.944651000163503,17.944651000163503,0.062,3.825,2.057651000163503,6.0
S00004,UPF,core-1,373,DONE,11.25428,11.2633,9.02508899980603,21.02508899980603,3.961,3.252,1.81208899980603,6.0
S00006,IMS-CSCF,core-1,341,DONE,11.25751,11.26015,2.644366000140508,14.644366000140508,0.053,1.836,0.7553660001405078,6.0
S00009,IoT-GW,edge-A,403,DONE,11.27779,11.27947,1.6779979998773342,1.6779979998773342,0.081,0.928,0.6689979998773342,0.0
S00010,IoT-GW,edge-B,363,DONE,11.28171,11.28375,2.04335200010064,2.04335200010064,0.076,1.301,0.66635200010064,0.0
S00001,vRAN-DU,edge-A,356,DONE,11.28298,11.2863,3.315456999871458,3.315456999871458,0.055,2.844,0.4164569998714578,0.0
S00009,IoT-GW,edge-A,404,DONE,11.28852,11.2905,1.976883999986967,1.976883999986967,0.062,1.399,0.5158839999869669,0.0
S00009,IoT-GW,edge-A,405,DONE,11.28862,11.29177,3.1581309999637597,3.1581309999637597,1.64,1.09,0.4281309999637597,0.0
S00002,vRAN-DU,edge-B,364,DONE,11.29299,11.29647,3.475103000027957,3.475103000027957,0.076,2.752,0.6471030000279572,0.0
S00003,UPF,core-1,374,DONE,11.29528,11.29832,3.0396740000924183,13.039674000092418,0.084,2.237,0.7186740000924181,5.0
S00010,IoT-GW,edge-B,364,DONE,11.29769,11.29989,2.205637999850296,2.205637999850296,0.062,1.342,0.8016379998502963,0.0
S00001,vRAN-DU,edge-A,357,DONE,11.29833,11.30305,4.718651000075624,4.718651000075624,0.07,2.674,1.974651000075624,0.0
S00001,vRAN-DU,edge-A,358,DONE,11.2999,11.30322,3.3264829999097856,3.3264829999097856,0.053,2.974,0.29948299990978544,0.0
S00005,IMS-CSCF,core-1,377,DONE,11.30306,11.30577,2.713836000111769,12.713836000111769,0.374,1.449,0.8908360001117688,5.0
S00010,IoT-GW,edge-B,365,DONE,11.30312,11.30608,2.9611909999402997,2.9611909999402997,0.083,1.505,1.3731909999402996,0.0
S00008,Transcoder,core-1,185,DONE,11.30549,11.31303,7.541919999994207,19.541919999994207,0.058,6.958,0.5259199999942066,6.0
S00001,vRAN-DU,edge-A,359,DONE,11.31153,11.31619,4.6647909998682735,4.6647909998682735,0.085,3.507,1.0727909998682734,0.0
S00006,IMS-CSCF,core-1,342,DONE,11.31287,11.31472,1.847677000114345,13.847677000114345,0.047,1.284,0.516677000114345,6.0
S00006,IMS-CSCF,core-1,343,DONE,11.31603,11.31861,2.584054999942964,14.584054999942964,0.144,1.679,0.7610549999429639,6.0
S00009,IoT-GW,edge-A,406,DONE,11.31843,11.32034,1.9122210001114581,1.9122210001114581,0.088,1.197,0.627221000111458,0.0
S00005,IMS-CSCF,core-1,378,DONE,11.33191,11.33442,2.511886000093,12.511886000093,0.09,1.67,0.7518860000930001,5.0
S00007,Transcoder,core-1,226,DONE,11.34081,11.34794,7.1378850000201055,17.137885000020106,0.079,6.488,0.5708850000201053,5.0
S00003,UPF,core-1,375,DONE,11.34523,11.34852,3.288146999921082,13.288146999921082,0.081,2.748,0.459146999921082,5.0
S00005,IMS-CSCF,core-1,379,DONE,11.34535,11.34921,3.86048500013203,13.86048500013203,0.551,2.885,0.42448500013203017,5.0
S00001,vRAN-DU,edge-A,360,DONE,11.36355,11.36736,3.817100999867762,3.817100999867762,0.092,3.051,0.6741009998677616,0.0
S00005,IMS-CSCF,core-1,380,DONE,11.36691,11.37032,3.406205999908707,13.406205999908707,0.09,2.014,1.3022059999087072,5.0
S00001,vRAN-DU,edge-A,361,DONE,11.36702,11.37033,3.3120089999556512,3.3120089999556512,0.047,2.546,0.7190089999556513,0.0
S00010,IoT-GW,edge-B,366,DONE,11.36877,11.37075,1.9792059999872436,1.9792059999872436,0.081,1.173,0.7252059999872436,0.0
S00005,IMS-CSCF,core-1,381,DONE,11.37401,11.3761,2.0914270000957913,12.091427000095791,0.064,1.454,0.5734270000957913,5.0
S00001,vRAN-DU,edge-A,362,DONE,11.37534,11.38032,4.980808000027537,4.980808000027537,0.086,4.405,0.4898080000275362,0.0
S00008,Transcoder,core-1,186,DONE,11.3759,11.385,9.091836999914449,21.09183699991445,0.12,8.13,0.8418369999144488,6.0
S00005,IMS-CSCF,core-1,382,DONE,11.37611,11.38015,4.046219999963796,14.046219999963796,0.198,3.072,0.776219999963796,5.0
S00002,vRAN-DU,edge-B,365,DONE,11.38016,11.38348,3.3186850000674895,3.3186850000674895,0.075,2.733,0.5106850000674892,0.0
S00003,UPF,core-1,376,DONE,11.38619,11.38915,2.9628839999986667,12.962883999998667,0.066,2.351,0.5458839999986669,5.0
S00007,Transcoder,core-1,227,DONE,11.38916,11.39612,6.960531000004266,16.960531000004266,0.063,6.445,0.4525310000042664,5.0
S00006,IMS-CSCF,core-1,344,DONE,11.39352,11.39539,1.8713999997999053,13.871399999799905,0.066,1.203,0.6023999997999052,6.0
S00001,vRAN-DU,edge-A,363,DONE,11.3954,11.39905,3.651899000033154,3.651899000033154,0.096,2.913,0.6428990000331543,0.0
S00005,IMS-CSCF,core-1,383,DONE,11.3973,11.39979,2.4881310000637313,12.488131000063731,0.079,1.992,0.41713100006373116,5.0
S00007,Transcoder,core-1,228,DONE,11.39737,11.4057,8.322431999886248,18.32243199988625,0.29,7.69,0.34243199988624884,5.0
S00006,IMS-CSCF,core-1,345,DONE,11.40309,11.40538,2.2919069999716157,14.291906999971616,0.068,1.755,0.4689069999716158,6.0
S00005,IMS-CSCF,core-1,384,DONE,11.40446,11.40672,2.26649000001089,12.26649000001089,0.101,1.771,0.3944900000108902,5.0
S00006,IMS-CSCF,core-1,346,DONE,11.41101,11.41333,2.3169899998265464,14.316989999826546,0.078,1.624,0.6149899998265465,6.0
S00006,IMS-CSCF,core-1,347,DONE,11.41113,11.41479,3.6580589999175572,15.658058999917557,1.858,1.339,0.46105899991755717,6.0
S00001,vRAN-DU,edge-A,364,DONE,11.41598,11.41953,3.552736000074219,3.552736000074219,0.083,2.885,0.5847360000742192,0.0
S00006,IMS-CSCF,core-1,348,DONE,11.43686,11.43927,2.41719199993895,14.41719199993895,0.234,1.599,0.5841919999389502,6.0
S00004,UPF,core-1,374,DONE,11.437,11.43985,2.841527000100541,14.841527000100541,0.114,2.325,0.402527000100541,6.0
S00006,IMS-CSCF,core-1,349,DONE,11.43709,11.44092,3.830131000086112,15.830131000086112,2.017,1.32,0.4931310000861122,6.0
S00001,vRAN-DU,edge-A,365,DONE,11.43989,11.44351,3.626851000035458,3.626851000035458,0.127,2.926,0.5738510000354582,0.0
S00005,IMS-CSCF,core-1,385,DONE,11.44359,11.44572,2.127085999973133,12.127085999973133,0.065,1.495,0.5670859999731328,5.0
S00008,Transcoder,core-1,187,DONE,11.44572,11.45217,6.447993000165297,18.447993000165297,0.056,5.979,0.4129930001652973,6.0
S00001,vRAN-DU,edge-A,366,DONE,11.45009,11.45472,4.623714999979711,4.623714999979711,0.091,3.65,0.882714999979711,0.0
S00009,IoT-GW,edge-A,407,DONE,11.4502,11.45527,5.0796709999758605,5.0796709999758605,0.341,4.181,0.5576709999758602,0.0
S00010,IoT-GW,edge-B,367,DONE,11.45472,11.45878,4.054097000107504,4.054097000107504,0.091,3.224,0.7390970001075035,0.0
S00001,vRAN-DU,edge-A,367,DONE,11.45482,11.45879,3.969572999949378,3.969572999949378,0.043,3.25,0.6765729999493777,0.0
S00003,UPF,core-1,377,DONE,11.45533,11.45774,2.4171410000235483,12.417141000023548,0.105,1.88,0.4321410000235484,5.0
S00010,IoT-GW,edge-B,368,DONE,11.46102,11.46272,1.7038779999438702,1.7038779999438702,0.085,1.072,0.5468779999438702,0.0
S00003,UPF,core-1,378,DONE,11.46401,11.46674,2.722583999911876,12.722583999911876,0.082,2.057,0.5835839999118764,5.0
S00001,vRAN-DU,edge-A,368,DONE,11.46413,11.46757,3.4361750001608016,3.4361750001608016,0.071,2.796,0.5691750001608016,0.0
S00004,UPF,core-1,375,DONE,11.46758,11.47046,2.885549999973591,14.885549999973591,0.08,2.327,0.47854999997359116,6.0
S00006,IMS-CSCF,core-1,350,DONE,11.46907,11.47154,2.4756339998930343,14.475633999893034,0.068,1.883,0.5246339998930343,6.0
S00007,Transcoder,core-1,229,DONE,11.47486,11.48384,8.974937000175487,18.974937000175487,0.055,8.28,0.6399370001754878,5.0
S00010,IoT-GW,edge-B,369,DONE,11.47633,11.47764,1.3067690001662413,1.3067690001662413,0.062,0.852,0.3927690001662413,0.0
S00004,UPF,core-1,376,DONE,11.48284,11.48601,3.1731170001876308,15.17311700018763,0.085,2.645,0.4431170001876308,6.0
S00001,vRAN-DU,edge-A,369,DONE,11.48606,11.49267,6.61452500003179,6.61452500003179,0.077,5.387,1.1505250000317906,0.0
S00001,vRAN-DU,edge-A,370,DONE,11.48739,11.49263,5.239458999994895,5.239458999994895,0.055,3.95,1.234458999994895,0.0
S00003,UPF,core-1,379,DONE,11.48749,11.49263,5.134536000014123,15.134536000014123,0.074,3.284,1.776536000014123,5.0
S00004,UPF,core-1,377,DONE,11.48753,11.49316,5.632666000110476,17.632666000110476,0.209,4.749,0.6746660001104763,6.0
S00006,IMS-CSCF,core-1,351,DONE,11.48877,11.49295,4.186203999779536,16.186203999779536,0.058,1.541,2.5872039997795366,6.0
S00001,vRAN-DU,edge-A,371,DONE,11.48883,11.49642,7.58834500015837,7.58834500015837,0.821,4.224,2.5433450001583697,0.0
S00006,IMS-CSCF,core-1,352,DONE,11.49435,11.49645,2.0923340000535973,14.092334000053597,0.281,1.423,0.3883340000535971,6.0
S00005,IMS-CSCF,core-1,386,DONE,11.49442,11.49777,3.3494629999495373,13.349462999949537,0.053,2.864,0.4324629999495375,5.0
S00001,vRAN-DU,edge-A,372,DONE,11.49785,11.50128,3.4296869998797774,3.4296869998797774,0.051,2.912,0.46668699987977735,0.0
S00009,IoT-GW,edge-A,408,DONE,11.49917,11.50857,9.402829999999085,9.402829999999085,3.922,2.262,3.2188299999990844,0.0
S00006,IMS-CSCF,core-1,353,DONE,11.49924,11.50194,2.7051019999362325,14.705101999936232,0.047,1.949,0.7091019999362322,6.0
S00001,vRAN-DU,edge-A,373,DONE,11.49927,11.50858,9.306221999850095,9.306221999850095,0.039,7.299,1.968221999850095,0.0
S00004,UPF,core-1,378,DONE,11.50128,11.50885,7.563234000144803,19.563234000144803,0.06,6.713,0.7902340001448032,6.0
S00008,Transcoder,core-1,188,DONE,11.50134,11.51245,11.115106999795898,23.1151069997959,0.082,7.747,3.286106999795898,6.0
S00005,IMS-CSCF,core-1,387,DONE,11.50198,11.50886,6.871631999956662,16.871631999956662,0.042,6.283,0.546631999956662,5.0
S00008,Transcoder,core-1,189,DONE,11.50319,11.51524,12.047493999943981,24.04749399994398,0.042,11.675,0.33049399994398065,6.0
S00004,UPF,core-1,379,DONE,11.50858,11.5205,11.91739899991262,23.91739899991262,0.063,6.673,5.18139899991262,6.0
S00008,Transcoder,core-1,190,DONE,11.50869,11.52051,11.813768000138225,23.813768000138225,0.859,9.1,1.8547680001382254,6.0
S00003,UPF,core-1,380,DONE,11.50874,11.51252,3.780341000037879,13.780341000037879,0.033,3.488,0.2593410000378791,5.0
S00008,Transcoder,core-1,191,DONE,11.51374,11.5226,8.86050899998736,20.86050899998736,1.27,7.1,0.49050899998736064,6.0
S00009,IoT-GW,edge-A,409,DONE,11.52051,11.52208,1.5655580000384361,1.5655580000384361,0.082,0.938,0.5455580000384361,0.0
S00008,Transcoder,core-1,192,DONE,11.52444,11.53062,6.182098000181213,18.182098000181213,0.047,5.803,0.3320980001812135,6.0
S00001,vRAN-DU,edge-A,374,DONE,11.5278,11.53106,3.2575139998698432,3.2575139998698432,0.059,2.74,0.45851399986984287,0.0
S00008,Transcoder,core-1,193,DONE,11.53427,11.54446,10.184367999954702,22.184367999954702,0.085,6.252,3.8473679999547015,6.0
S00002,vRAN-DU,edge-B,366,DONE,11.54058,11.54492,4.34365599994635,4.34365599994635,0.112,3.614,0.6176559999463498,0.0
S00001,vRAN-DU,edge-A,375,DONE,11.5413,11.54617,4.863552999950116,4.863552999950116,0.155,4.329,0.37955299995011593,0.0
S00009,IoT-GW,edge-A,410,DONE,11.54446,11.54598,1.51300400011678,1.51300400011678,0.21,0.835,0.46800400011678,0.0
S00002,vRAN-DU,edge-B,367,DONE,11.55041,11.55475,4.345438999962425,4.345438999962425,0.078,3.429,0.8384389999624253,0.0
S00003,UPF,core-1,381,DONE,11.55373,11.55641,2.6837600000817474,12.683760000081747,0.086,2.087,0.5107600000817474,5.0
S00010,IoT-GW,edge-B,370,DONE,11.55476,11.55629,1.5251760000865033,1.5251760000865033,0.056,0.814,0.6551760000865033,0.0
S00001,vRAN-DU,edge-A,376,DONE,11.55629,11.55987,3.5755520000293473,3.5755520000293473,0.112,2.566,0.8975520000293473,0.0
S00002,vRAN-DU,edge-B,368,DONE,11.55758,11.56106,3.479079000044294,3.479079000044294,0.046,2.968,0.46507900004429414,0.0
S00002,vRAN-DU,edge-B,369,DONE,11.55946,11.56231,2.851122000038231,2.851122000038231,0.043,2.48,0.3281220000382308,0.0
S00010,IoT-GW,edge-B,371,DONE,11.55987,11.56188,2.0073149999007,2.0073149999007,0.905,0.801,0.3013149999007,0.0
S00006,IMS-CSCF,core-1,354,DONE,11.56348,11.5655,2.0206450001296616,14.020645000129662,0.072,1.284,0.6646450001296615,6.0
S00001,vRAN-DU,edge-A,377,DONE,11.56495,11.56797,3.0179379998571676,3.0179379998571676,0.066,2.483,0.46893799985716766,0.0
S00004,UPF,core-1,380,DONE,11.57319,11.57582,2.6299329999801557,14.629932999980156,0.076,2.042,0.5119329999801558,6.0
S00006,IMS-CSCF,core-1,355,DONE,11.57448,11.57621,1.724880999972811,13.724880999972811,0.057,1.289,0.3788809999728111,6.0
S00002,vRAN-DU,edge-B,370,DONE,11.57738,11.58099,3.6094849999699363,3.6094849999699363,0.08,2.994,0.535484999969936,0.0
S00006,IMS-CSCF,core-1,356,DONE,11.57866,11.58152,2.862299000071289,14.862299000071289,0.061,2.465,0.3362990000712891,6.0
S00001,vRAN-DU,edge-A,378,DONE,11.58271,11.5886,5.887776000008671,5.887776000008671,0.089,5.257,0.5417760000086709,0.0
S00009,IoT-GW,edge-A,411,DONE,11.58279,11.58571,2.9133870000350726,2.9133870000350726,0.158,0.98,1.7753870000350727,0.0
S00004,UPF,core-1,381,DONE,11.58979,11.5926,2.8068950000488258,14.806895000048826,0.072,2.31,0.42489500004882563,6.0
S00004,UPF,core-1,382,DONE,11.59105,11.59486,3.8038059999507823,15.803805999950782,1.373,2.031,0.3998059999507819,6.0
S00005,IMS-CSCF,core-1,388,DONE,11.5923,11.59938,7.080479000023843,17.080479000023843,0.238,6.285,0.557479000023843,5.0
S00006,IMS-CSCF,core-1,357,DONE,11.59607,11.60355,7.484979000082603,19.484979000082603,0.059,4.317,3.108979000082603,6.0
S00009,IoT-GW,edge-A,412,DONE,11.59619,11.59979,3.6020780000853847,3.6020780000853847,0.087,2.379,1.1360780000853845,0.0
S00001,vRAN-DU,edge-A,379,DONE,11.59804,11.60457,6.524655000021085,6.524655000021085,0.066,4.895,1.5636550000210852,0.0
S00004,UPF,core-1,383,DONE,11.59938,11.60384,4.456499999832886,16.456499999832886,0.451,3.645,0.36049999983288616,6.0
S00008,Transcoder,core-1,194,DONE,11.59984,11.61269,12.851640999997471,24.85164099999747,0.107,11.952,0.792640999997472,6.0
S00001,vRAN-DU,edge-A,380,DONE,11.60581,11.61151,5.705217000013363,5.705217000013363,0.061,5.202,0.44221700001336295,0.0
S00004,UPF,core-1,384,DONE,11.60812,11.61554,7.421637000106784,19.421637000106784,0.097,6.56,0.7646370001067844,6.0
S00007,Transcoder,core-1,230,DONE,11.60935,11.63037,21.013460000176565,31.013460000176565,0.057,20.107,0.8494600001765669,5.0
S00005,IMS-CSCF,core-1,389,DONE,11.61269,11.61654,3.8413849999869853,13.841384999986985,0.058,3.431,0.35238499998698547,5.0
S00009,IoT-GW,edge-A,413,DONE,11.61301,11.61588,2.869570000029853,2.869570000029853,0.062,2.397,0.41057000002985333,0.0
S00003,UPF,core-1,382,DONE,11.61482,11.61829,3.4713570000803884,13.471357000080388,0.07,2.893,0.5083570000803888,5.0
S00008,Transcoder,core-1,195,DONE,11.61488,11.63038,15.495511999915834,27.495511999915834,0.095,14.399,1.0015119999158344,6.0
S00002,vRAN-DU,edge-B,371,DONE,11.62252,11.63403,11.507283999890205,11.507283999890205,0.092,10.848,0.5672839998902042,0.0
S00002,vRAN-DU,edge-B,372,DONE,11.62681,11.63788,11.073073000034128,11.073073000034128,0.13,8.781,2.162073000034127,0.0
S00008,Transcoder,core-1,196,DONE,11.6269,11.65631,29.412213999876258,41.41221399987626,0.078,26.25,3.0842139998762583,6.0
S00007,Transcoder,core-1,231,DONE,11.63039,11.64509,14.702042999942933,24.702042999942933,0.105,13.908,0.6890429999429326,5.0
S00009,IoT-GW,edge-A,414,DONE,11.63045,11.63269,2.243387999897095,2.243387999897095,0.085,1.394,0.7643879998970953,0.0
S00001,vRAN-DU,edge-A,381,DONE,11.64212,11.65213,10.009038999896802,10.009038999896802,0.096,5.336,4.577038999896802,0.0
S00004,UPF,core-1,385,DONE,11.64509,11.65662,11.526473999992959,23.52647399999296,0.069,9.936,1.521473999992958,6.0
S00002,vRAN-DU,edge-B,373,DONE,11.64836,11.65239,4.0344330000152695,4.0344330000152695,0.103,2.788,1.1434330000152695,0.0
S00002,vRAN-DU,edge-B,374,DONE,11.65214,11.65666,4.528102999984185,4.528102999984185,0.064,3.865,0.5991029999841846,0.0
S00008,Transcoder,core-1,197,DONE,11.65221,11.67485,22.63959599986265,34.63959599986265,0.442,17.337,4.86059599986265,6.0
S00004,UPF,core-1,386,DONE,11.65559,11.66019,4.602384000008897,16.602384000008897,0.082,2.715,1.805384000008897,6.0
S00010,IoT-GW,edge-B,372,DONE,11.65796,11.66806,10.09575600005519,10.09575600005519,0.059,9.538,0.49875600005518983,0.0
S00004,UPF,core-1,387,DONE,11.6614,11.66547,4.067601000087961,16.06760100008796,0.071,2.017,1.9796010000879614,6.0
S00001,vRAN-DU,edge-A,382,DONE,11.66148,11.66831,6.8322239999361045,6.8322239999361045,0.095,6.209,0.5282239999361051,0.0
S00004,UPF,core-1,388,DONE,11.66548,11.67112,5.639616000053138,17.639616000053138,0.107,5.233,0.29961600005313827,6.0
S00010,IoT-GW,edge-B,373,DONE,11.66807,11.67589,7.82192099995882,7.82192099995882,0.225,2.965,4.631920999958821,0.0
S00010,IoT-GW,edge-B,374,DONE,11.66814,11.67903,10.897840000097858,10.897840000097858,3.34,2.943,4.614840000097859,0.0
S00002,vRAN-DU,edge-B,375,DONE,11.67315,11.67889,5.738627999789969,5.738627999789969,0.461,3.642,1.635627999789969,0.0
S00002,vRAN-DU,edge-B,376,DONE,11.6789,11.6829,4.00150899986329,4.00150899986329,0.061,3.455,0.4855089998632902,0.0
S00005,IMS-CSCF,core-1,390,DONE,11.68122,11.68412,2.903577999859408,12.903577999859408,0.091,2.242,0.5705779998594078,5.0
S00009,IoT-GW,edge-A,415,DONE,11.68132,11.68413,2.810071000112657,2.810071000112657,0.132,2.171,0.5070710001126573,0.0
S00004,UPF,core-1,389,DONE,11.68735,11.69422,6.872291000036057,18.872291000036057,0.058,6.437,0.377291000036057,6.0
S00006,IMS-CSCF,core-1,358,DONE,11.68785,11.69421,6.357526000101643,18.357526000101643,0.064,5.907,0.38652600010164306,6.0
S00002,vRAN-DU,edge-B,377,DONE,11.68832,11.69169,3.363466000109838,3.363466000109838,0.116,2.773,0.47446600010983797,0.0
S00005,IMS-CSCF,core-1,391,DONE,11.68958,11.69456,4.97903999985283,14.97903999985283,0.061,4.604,0.31403999985283004,5.0
S00005,IMS-CSCF,core-1,392,DONE,11.70493,11.70977,4.84645400001682,14.84645400001682,0.078,4.128,0.6404540000168195,5.0
S00002,vRAN-DU,edge-B,378,DONE,11.70541,11.71105,5.639952000137782,5.639952000137782,0.263,4.856,0.5209520001377825,0.0
S00004,UPF,core-1,390,DONE,11.70765,11.71076,3.105655999888768,15.105655999888768,0.055,2.479,0.5716559998887676,6.0
S00010,IoT-GW,edge-B,375,DONE,11.70775,11.71016,2.4064449999059434,2.4064449999059434,0.049,1.679,0.6784449999059434,0.0
S00004,UPF,core-1,391,DONE,11.70978,11.714,4.222485999889614,16.222485999889614,0.465,3.234,0.5234859998896138,6.0
S00004,UPF,core-1,392,DONE,11.71519,11.71755,2.353568999978961,14.353568999978961,0.05,1.982,0.32156899997896127,6.0
S00003,UPF,core-1,383,DONE,11.71874,11.72156,2.820248000034553,12.820248000034553,0.05,2.34,0.43024800003455344,5.0
S00005,IMS-CSCF,core-1,393,DONE,11.72103,11.72302,1.988833000041268,11.988833000041268,0.046,1.294,0.6488330000412679,5.0
S00002,vRAN-DU,edge-B,379,DONE,11.72276,11.72642,3.6621019999074633,3.6621019999074633,0.111,2.986,0.5651019999074629,0.0
S00004,UPF,core-1,393,DONE,11.7297,11.7326,2.8965290000542154,14.896529000054215,0.074,2.321,0.5015290000542154,6.0
S00008,Transcoder,core-1,198,DONE,11.7348,11.74149,6.694317999972554,18.694317999972554,0.059,6.277,0.3583179999725541,6.0
S00002,vRAN-DU,edge-B,380,DONE,11.73813,11.74145,3.319595999982994,3.319595999982994,0.076,2.673,0.5705959999829937,0.0
S00004,UPF,core-1,394,DONE,11.74271,11.74514,2.436005000163277,14.436005000163277,0.053,1.966,0.41700500016327724,6.0
S00004,UPF,core-1,395,DONE,11.74498,11.74936,4.387464000046748,16.387464000046748,0.041,4.099,0.2474640000467474,6.0
S00002,vRAN-DU,edge-B,381,DONE,11.74504,11.74841,3.3700240001053317,3.3700240001053317,0.059,2.612,0.6990240001053314,0.0
S00003,UPF,core-1,384,DONE,11.74841,11.75111,2.696845999935249,12.696845999935249,0.05,2.095,0.551845999935249,5.0
S00005,IMS-CSCF,core-1,394,DONE,11.75331,11.75503,1.7237949998616386,11.723794999861639,0.052,1.295,0.37679499986163867,5.0
S00009,IoT-GW,edge-A,416,DONE,11.75722,11.75888,1.658147999933135,1.658147999933135,0.076,1.052,0.5301479999331349,0.0
S00007,Transcoder,core-1,232,DONE,11.75849,11.766,7.504830000016227,17.504830000016227,0.102,6.67,0.7328300000162269,5.0
S00008,Transcoder,core-1,199,DONE,11.75856,11.76638,7.827149000149802,19.827149000149802,0.164,7.042,0.6211490001498028,6.0
S00003,UPF,core-1,385,DONE,11.76104,11.76687,5.825915000059467,15.825915000059467,0.066,3.094,2.6659150000594676,5.0
S00003,UPF,core-1,386,DONE,11.76327,11.76915,5.88406999986546,15.88406999986546,3.311,2.139,0.43406999986546024,5.0
S00009,IoT-GW,edge-A,417,DONE,11.76687,11.7695,2.6241729999583185,2.6241729999583185,0.068,2.117,0.4391729999583185,0.0
S00009,IoT-GW,edge-A,418,DONE,11.76916,11.77095,1.7889519999698678,1.7889519999698678,0.047,1.258,0.4839519999698678,0.0
S00007,Transcoder,core-1,233,DONE,11.77417,11.78245,8.277685000166457,18.277685000166457,0.063,7.798,0.4166850001664564,5.0
S00009,IoT-GW,edge-A,419,DONE,11.77751,11.78203,4.515287999993234,4.515287999993234,0.066,3.501,0.9482879999932341,0.0
S00003,UPF,core-1,387,DONE,11.77761,11.78043,2.8211809999447723,12.821180999944772,0.066,1.888,0.8671809999447726,5.0
S00010,IoT-GW,edge-B,376,DONE,11.77772,11.7817,3.98108600006708,3.98108600006708,0.078,3.332,0.5710860000670803,0.0
S00005,IMS-CSCF,core-1,395,DONE,11.78171,11.7837,1.9868319998295192,11.98683199982952,0.054,1.513,0.41983199982951924,5.0
S00003,UPF,core-1,388,DONE,11.7837,11.78591,2.2137380001368,12.2137380001368,0.046,1.863,0.3047380001368003,5.0
S00006,IMS-CSCF,core-1,359,DONE,11.78495,11.78652,1.5697769999860611,13.569776999986061,0.044,1.213,0.312776999986061,6.0
S00004,UPF,core-1,396,DONE,11.78873,11.79116,2.4287109999932,14.4287109999932,0.048,2.077,0.30371099999319995,6.0
S00010,IoT-GW,edge-B,377,DONE,11.78997,11.79142,1.4499549999982264,1.4499549999982264,0.069,0.993,0.38795499999822647,0.0
S00002,vRAN-DU,edge-B,382,DONE,11.79659,11.79969,3.0959709999933693,3.0959709999933693,0.055,2.532,0.5089709999933691,0.0
S00008,Transcoder,core-1,200,DONE,11.7997,11.80656,6.862057000034838,18.862057000034838,0.063,6.324,0.4750570000348384,6.0
S00005,IMS-CSCF,core-1,396,DONE,11.81388,11.81619,2.310027000021364,12.310027000021364,0.072,1.596,0.6420270000213639,5.0
S00005,IMS-CSCF,core-1,397,DONE,11.8162,11.81818,1.982767000072272,11.982767000072272,0.05,1.544,0.38876700007227183,5.0
S00006,IMS-CSCF,core-1,360,DONE,11.82035,11.82216,1.8074099998557358,13.807409999855736,0.052,1.312,0.4434099998557357,6.0
S00004,UPF,core-1,397,DONE,11.82165,11.82468,3.027951999911238,15.027951999911238,0.113,1.986,0.9289519999112381,6.0
S00005,IMS-CSCF,core-1,398,DONE,11.82171,11.82689,5.1761039999291825,15.176103999929182,1.69,2.744,0.7421039999291823,5.0
S00002,vRAN-DU,edge-B,383,DONE,11.82175,11.82643,4.684165000071516,4.684165000071516,0.073,3.497,1.114165000071516,0.0
S00003,UPF,core-1,389,DONE,11.82217,11.82716,4.999067999960971,14.999067999960971,0.066,2.869,2.064067999960971,5.0
S00008,Transcoder,core-1,201,DONE,11.82836,11.83689,8.527178000122149,20.52717800012215,0.048,7.755,0.7241780001221487,6.0
S00010,IoT-GW,edge-B,378,DONE,11.82964,11.83094,1.2988240000595397,1.2988240000595397,0.062,0.857,0.37982400005953965,0.0
S00003,UPF,core-1,390,DONE,11.83413,11.83696,2.8262959999665327,12.826295999966533,0.058,2.305,0.4632959999665327,5.0
S00002,vRAN-DU,edge-B,384,DONE,11.83696,11.8423,5.335990000048696,5.335990000048696,0.107,2.914,2.3149900000486956,0.0
S00001,vRAN-DU,edge-A,383,DONE,11.83851,11.84242,3.903702000116027,3.903702000116027,0.082,3.346,0.47570200011602726,0.0
S00006,IMS-CSCF,core-1,361,DONE,11.83858,11.8423,3.7221620000309485,15.722162000030949,0.056,1.328,2.338162000030948,6.0
S00010,IoT-GW,edge-B,379,DONE,11.83981,11.84403,4.213173999914943,4.213173999914943,0.055,3.746,0.4121739999149434,0.0
S00002,vRAN-DU,edge-B,385,DONE,11.84231,11.84878,6.473589000052016,6.473589000052016,0.413,4.665,1.3955890000520155,0.0
S00001,vRAN-DU,edge-A,384,DONE,11.84497,11.85032,5.34650600002351,5.34650600002351,0.062,4.583,0.7015060000235094,0.0
S00004,UPF,core-1,398,DONE,11.84504,11.84903,3.9949059998889425,15.994905999888942,0.062,3.599,0.33390599988894243,6.0
S00008,Transcoder,core-1,202,DONE,11.84623,11.8575,11.265159000004132,23.265159000004132,0.048,10.857,0.36015900000413303,6.0
S00007,Transcoder,core-1,234,DONE,11.85252,11.86123,8.707728999979736,18.707728999979736,0.068,8.114,0.5257289999797354,5.0
S00002,vRAN-DU,edge-B,386,DONE,11.85642,11.85946,3.0361770000126853,3.0361770000126853,0.079,2.522,0.43517700001268533,0.0
S00010,IoT-GW,edge-B,380,DONE,11.86767,11.8699,2.2293769998213975,2.2293769998213975,0.079,1.403,0.7473769998213973,0.0
S00006,IMS-CSCF,core-1,362,DONE,11.8721,11.87643,4.331930000034845,16.331930000034845,0.082,2.082,2.167930000034845,6.0
S00010,IoT-GW,edge-B,381,DONE,11.8722,11.87679,4.59052100018198,4.59052100018198,0.058,1.686,2.84652100018198,0.0
S00007,Transcoder,core-1,235,DONE,11.87348,11.88229,8.804581000049438,18.80458100004944,0.066,8.129,0.6095810000494382,5.0
S00001,vRAN-DU,edge-A,385,DONE,11.87644,11.88434,7.902440000179922,7.902440000179922,0.075,6.844,0.9834400001799217,0.0
S00009,IoT-GW,edge-A,420,DONE,11.87907,11.89105,11.985025000058158,11.985025000058158,4.753,6.858,0.3740250000581584,0.0
S00001,vRAN-DU,edge-A,386,DONE,11.87913,11.88949,10.352884999974776,10.352884999974776,0.053,9.808,0.49188499997477564,0.0
S00002,vRAN-DU,edge-B,387,DONE,11.87917,11.88477,5.599456000027203,5.599456000027203,0.086,3.901,1.612456000027203,0.0
S00005,IMS-CSCF,core-1,399,DONE,11.8817,11.88948,7.780722999996215,17.780722999996215,0.061,6.24,1.4797229999962145,5.0
S00007,Transcoder,core-1,236,DONE,11.88176,11.89083,9.070764000171039,19.07076400017104,0.092,8.411,0.5677640001710387,5.0
S00007,Transcoder,core-1,237,DONE,11.88705,11.89606,9.004425000057381,19.00442500005738,0.083,7.191,1.730425000057381,5.0
S00010,IoT-GW,edge-B,382,DONE,11.8954,11.89726,1.866651999989699,1.866651999989699,0.081,1.089,0.6966519999896992,0.0
S00010,IoT-GW,edge-B,383,DONE,11.89727,11.89865,1.377618999867991,1.377618999867991,0.048,0.892,0.437618999867991,0.0
S00007,Transcoder,core-1,238,DONE,11.89873,11.90973,10.997884000062186,20.997884000062186,0.092,10.251,0.6548840000621858,5.0
S00007,Transcoder,core-1,239,DONE,11.90559,11.91497,9.381572999927812,19.381572999927812,0.076,8.713,0.5925729999278122,5.0
S00009,IoT-GW,edge-A,421,DONE,11.91203,11.91496,2.9266619999361865,2.9266619999361865,0.109,1.989,0.8286619999361864,0.0
S00006,IMS-CSCF,core-1,363,DONE,11.9163,11.9186,2.3034350001580606,14.30343500015806,0.113,1.502,0.6884350001580606,6.0
S00010,IoT-GW,edge-B,384,DONE,11.91865,11.92103,2.3803909998605377,2.3803909998605377,0.079,1.042,1.2593909998605375,0.0
S00001,vRAN-DU,edge-A,387,DONE,11.92001,11.92327,3.2569069999226485,3.2569069999226485,0.105,2.672,0.4799069999226484,0.0
S00002,vRAN-DU,edge-B,388,DONE,11.92104,11.92611,5.071655000165265,5.071655000165265,0.101,2.74,2.2306550001652647,0.0
S00009,IoT-GW,edge-A,422,DONE,11.92112,11.92242,1.3006199999381352,1.3006199999381352,0.066,0.9,0.33461999993813507,0.0
S00005,IMS-CSCF,core-1,400,DONE,11.92555,11.92842,2.873646999887569,12.873646999887569,0.092,2.31,0.471646999887569,5.0
S00006,IMS-CSCF,core-1,364,DONE,11.92567,11.92818,2.5148330000774877,14.514833000077488,0.252,1.849,0.4138330000774879,6.0
S00006,IMS-CSCF,core-1,365,DONE,11.93372,11.93674,3.0215669999051897,15.02156699990519,0.172,2.292,0.5575669999051898,6.0
S00004,UPF,core-1,399,DONE,11.93382,11.93728,3.456929000094533,15.456929000094533,0.065,2.97,0.4219290000945328,6.0
S00008,Transcoder,core-1,203,DONE,11.94357,11.9516,8.035177000010663,20.035177000010663,0.077,7.469,0.48917700001066233,6.0
S00010,IoT-GW,edge-B,385,DONE,11.94598,11.94938,3.400317000114228,3.400317000114228,0.087,2.855,0.4583170001142278,0.0
S00006,IMS-CSCF,core-1,366,DONE,11.94771,11.95001,2.2967400000197813,14.296740000019781,0.072,1.569,0.6557400000197813,6.0
S00007,Transcoder,core-1,240,DONE,11.94922,11.95606,6.835483000031672,16.835483000031672,0.045,5.848,0.9424830000316726,5.0
S00003,UPF,core-1,391,DONE,11.95591,11.9585,2.5953779997962556,12.595377999796256,0.05,2.066,0.47937799979625595,5.0
S00003,UPF,core-1,392,DONE,11.95851,11.96099,2.4810920001527847,12.481092000152785,0.051,1.976,0.4540920001527846,5.0
S00003,UPF,core-1,393,DONE,11.96218,11.96489,2.7135949999319564,12.713594999931956,0.053,2.213,0.4475949999319564,5.0
S00009,IoT-GW,edge-A,423,DONE,11.96349,11.96509,1.5970960000686318,1.5970960000686318,0.076,1.087,0.4340960000686318,0.0
S00009,IoT-GW,edge-A,424,DONE,11.9649,11.96775,2.847323000196411,2.847323000196411,0.04,2.328,0.4793230001964113,0.0
S00003,UPF,core-1,394,DONE,11.965,11.96805,3.0499679999138607,13.04996799991386,0.104,2.233,0.7129679999138605,5.0
S00001,vRAN-DU,edge-A,388,DONE,11.96727,11.97284,5.574396999918463,5.574396999918463,0.046,4.789,0.7393969999184629,0.0
S00008,Transcoder,core-1,204,DONE,11.96923,11.9758,6.566962000079002,18.566962000079002,0.05,6.051,0.4659620000790019,6.0
S00004,UPF,core-1,400,DONE,11.98221,11.98677,4.557419999855483,16.557419999855483,0.111,3.801,0.6454199998554833,6.0
S00004,UPF,core-1,401,DONE,11.98365,11.99008,6.435974999931204,18.435974999931204,3.006,2.943,0.4869749999312045,6.0
S00004,UPF,core-1,402,DONE,11.98496,11.99687,11.911010999938298,23.9110109999383,5.062,6.204,0.6450109999382985,6.0
S00009,IoT-GW,edge-A,425,DONE,11.98503,11.99123,6.20368599993526,6.20368599993526,0.106,5.251,0.8466859999352598,0.0
S00007,Transcoder,core-1,241,DONE,11.98677,12.00404,17.27221400005874,27.27221400005874,0.039,16.434,0.7992140000587362,5.0
S00009,IoT-GW,edge-A,426,DONE,11.99009,11.99833,8.238921000156552,8.238921000156552,0.065,6.765,1.4089210001565524,0.0
S00007,Transcoder,core-1,242,DONE,11.99124,12.00045,9.208501999864893,19.208501999864893,0.05,6.667,2.4915019998648926,5.0
S00003,UPF,core-1,395,DONE,11.99657,12.0037,7.130824000114444,17.130824000114444,0.072,6.111,0.9478240001144442,5.0
S00009,IoT-GW,edge-A,427,DONE,11.99672,12.00046,3.7410520001230907,3.7410520001230907,0.903,2.017,0.8210520001230908,0.0
S00002,vRAN-DU,edge-B,389,DONE,11.99834,12.00334,5.003632000125435,5.003632000125435,0.048,3.19,1.7656320001254353,0.0
S00006,IMS-CSCF,core-1,367,DONE,11.99841,12.00475,6.342242000073384,18.342242000073384,0.068,5.592,0.6822420000733844,6.0
S00002,vRAN-DU,edge-B,390,DONE,12.00046,12.00844,7.97285900011957,7.97285900011957,0.051,7.4,0.5218590001195693,0.0
S00003,UPF,core-1,396,DONE,12.00178,12.00657,4.793145000121513,14.793145000121513,2.107,2.29,0.3961450001215123,5.0
S00002,vRAN-DU,edge-B,391,DONE,12.00975,12.01456,4.817087999981595,4.817087999981595,0.057,4.272,0.4880879999815946,0.0
S00004,UPF,core-1,403,DONE,12.0111,12.01365,2.553914999907647,14.553914999907647,0.056,2.071,0.4269149999076469,6.0
S00001,vRAN-DU,edge-A,389,DONE,12.01683,12.02221,5.376880999847344,5.376880999847344,0.121,4.363,0.8928809998473435,0.0
S00009,IoT-GW,edge-A,428,DONE,12.02119,12.02355,2.3637970000436326,2.3637970000436326,0.052,1.383,0.9287970000436325,0.0
S00003,UPF,core-1,397,DONE,12.0248,12.0294,4.592276000039419,14.59227600003942,0.128,3.146,1.3182760000394191,5.0
S00002,vRAN-DU,edge-B,392,DONE,12.02491,12.03029,5.374997999979314,5.374997999979314,0.092,4.701,0.5819979999793148,0.0
S00002,vRAN-DU,edge-B,393,DONE,12.0294,12.0347,5.300185000123747,5.300185000123747,0.083,4.057,1.1601850001237466,0.0
S00005,IMS-CSCF,core-1,401,DONE,12.0359,12.03912,3.212668000060148,13.212668000060148,0.113,2.405,0.6946680000601484,5.0
S00001,vRAN-DU,edge-A,390,DONE,12.03921,12.0445,5.292331999953603,5.292331999953603,0.08,4.734,0.4783319999536033,0.0
S00004,UPF,core-1,404,DONE,12.04158,12.04704,5.452826000009736,17.452826000009736,0.07,4.778,0.6048260000097363,6.0
S00006,IMS-CSCF,core-1,368,DONE,12.04408,12.04773,3.6473019999903045,15.647301999990304,0.068,2.729,0.8503019999903043,6.0
S00006,IMS-CSCF,core-1,369,DONE,12.04704,12.04973,2.6856239999233367,14.685623999923337,0.534,1.703,0.4486239999233368,6.0
S00004,UPF,core-1,405,DONE,12.05647,12.06223,5.754410999998072,17.754410999998072,0.085,5.097,0.5724109999980715,6.0
S00005,IMS-CSCF,core-1,402,DONE,12.05703,12.06227,5.242199999884178,15.242199999884178,0.056,4.011,1.1751999998841782,5.0
S00002,vRAN-DU,edge-B,394,DONE,12.05714,12.06291,5.769912000005206,5.769912000005206,0.114,5.074,0.5819120000052065,0.0
S00009,IoT-GW,edge-A,429,DONE,12.05935,12.06219,2.8360179999253887,2.8360179999253887,0.131,2.179,0.5260179999253887,0.0
S00002,vRAN-DU,edge-B,395,DONE,12.06512,12.07051,5.385946000160402,5.385946000160402,0.098,4.816,0.47194600016040233,0.0
S00004,UPF,core-1,406,DONE,12.06639,12.07046,4.073664999850735,16.073664999850735,0.127,3.603,0.3436649998507346,6.0
S00002,vRAN-DU,edge-B,396,DONE,12.06683,12.07486,8.027109999829918,8.027109999829918,0.127,4.155,3.7451099998299178,0.0
S00003,UPF,core-1,398,DONE,12.06804,12.07472,6.6769689999546245,16.676968999954624,0.121,4.055,2.5009689999546243,5.0
S00005,IMS-CSCF,core-1,403,DONE,12.07472,12.07654,1.823346000037418,11.823346000037418,0.057,1.374,0.39234600003741793,5.0
S00007,Transcoder,core-1,243,DONE,12.08391,12.09175,7.836483000119188,17.836483000119188,0.088,5.877,1.8714830001191878,5.0
S00009,IoT-GW,edge-A,430,DONE,12.08406,12.08581,1.7498839999916527,1.7498839999916527,0.084,0.9,0.7658839999916526,0.0
S00001,vRAN-DU,edge-A,391,DONE,12.08582,12.08884,3.0156840000472585,3.0156840000472585,0.051,2.468,0.4966840000472583,0.0
S00003,UPF,core-1,399,DONE,12.08885,12.0922,3.350490999991962,13.350490999991962,0.085,2.633,0.6324909999919619,5.0
S00001,vRAN-DU,edge-A,392,DONE,12.09009,12.09338,3.2948420000593615,3.2948420000593615,0.051,2.88,0.3638420000593614,0.0
S00006,IMS-CSCF,core-1,370,DONE,12.09158,12.09364,2.0611859999917215,14.061185999991721,0.044,1.402,0.6151859999917215,6.0
S00005,IMS-CSCF,core-1,404,DONE,12.09338,12.09513,1.7485179998857348,11.748517999885735,0.052,1.259,0.4375179998857348,5.0
S00009,IoT-GW,edge-A,431,DONE,12.09634,12.09779,1.4527680000355758,1.4527680000355758,0.091,0.919,0.4427680000355758,0.0
S00001,vRAN-DU,edge-A,393,DONE,12.10001,12.10327,3.26266500019301,3.26266500019301,0.068,2.705,0.48966500019301007,0.0
S00009,IoT-GW,edge-A,432,DONE,12.1001,12.1017,1.6031069999371539,1.6031069999371539,0.122,0.982,0.499106999937154,0.0
S00002,vRAN-DU,edge-B,397,DONE,12.10752,12.11123,3.706657999828167,3.706657999828167,0.077,3.073,0.5566579998281669,0.0
S00006,IMS-CSCF,core-1,371,DONE,12.13058,12.13332,2.740310000035606,14.740310000035606,0.101,1.844,0.7953100000356061,6.0
S00001,vRAN-DU,edge-A,394,DONE,12.13555,12.14001,4.459702999838555,4.459702999838555,0.087,3.769,0.6037029998385552,0.0
S00005,IMS-CSCF,core-1,405,DONE,12.13569,12.14002,4.331691000061255,14.331691000061255,0.071,3.821,0.4396910000612553,5.0
S00002,vRAN-DU,edge-B,398,DONE,12.13574,12.13972,3.9832540001043526,3.9832540001043526,0.144,3.095,0.7442540001043523,0.0
S00006,IMS-CSCF,core-1,372,DONE,12.13888,12.14136,2.483309999888661,14.483309999888661,0.08,1.777,0.626309999888661,6.0
S00005,IMS-CSCF,core-1,406,DONE,12.14121,12.14347,2.2612620000472816,12.261262000047282,0.059,1.727,0.47526200004728136,5.0
S00005,IMS-CSCF,core-1,407,DONE,12.1414,12.1451,3.7012410000443197,13.70124100004432,1.7,1.453,0.5482410000443194,5.0
S00009,IoT-GW,edge-A,433,DONE,12.14834,12.15039,2.052631999958976,2.052631999958976,0.081,1.09,0.8816319999589759,0.0
S00002,vRAN-DU,edge-B,399,DONE,12.14972,12.15391,4.189009999890914,4.189009999890914,0.072,3.026,1.0910099998909137,0.0
S00004,UPF,core-1,407,DONE,12.15157,12.15417,2.5994259999606584,14.599425999960658,0.065,2.117,0.41742599996065843,6.0
S00010,IoT-GW,edge-B,386,DONE,12.15392,12.15527,1.3578550001511758,1.3578550001511758,0.076,0.841,0.44085500015117574,0.0
S00008,Transcoder,core-1,205,DONE,12.15398,12.16184,7.855853999899409,19.85585399989941,0.042,6.168,1.6458539998994093,6.0
S00004,UPF,core-1,408,DONE,12.15659,12.15912,2.535024000053454,14.535024000053454,0.068,1.983,0.4840240000534539,6.0
S00002,vRAN-DU,edge-B,400,DONE,12.15913,12.16202,2.8970719999961148,2.8970719999961148,0.053,2.53,0.314071999996115,0.0
S00006,IMS-CSCF,core-1,373,DONE,12.16184,12.16367,1.8268849999003578,13.826884999900358,0.063,1.199,0.5648849999003578,6.0
S00009,IoT-GW,edge-A,434,DONE,12.16193,12.16368,1.7465779999383813,1.7465779999383813,0.074,0.874,0.7985779999383812,0.0
S00003,UPF,core-1,400,DONE,12.16488,12.16714,2.259808999951929,12.259808999951929,0.064,1.718,0.4778089999519288,5.0
S00010,IoT-GW,edge-B,387,DONE,12.16496,12.16635,1.3933469999756198,1.3933469999756198,0.07,0.858,0.4653469999756198,0.0
S00006,IMS-CSCF,core-1,374,DONE,12.16636,12.16895,2.5927869999122777,14.592786999912278,0.045,1.358,1.1897869999122777,6.0
S00004,UPF,core-1,409,DONE,12.16714,12.17265,5.509521000021778,17.509521000021778,0.035,5.045,0.4295210000217775,6.0
S00001,vRAN-DU,edge-A,395,DONE,12.16838,12.17264,4.261770000084653,4.261770000084653,0.116,3.652,0.49377000008465277,0.0
S00001,vRAN-DU,edge-A,396,DONE,12.17012,12.17348,3.367534000062733,3.367534000062733,0.049,3.021,0.2975340000627331,0.0
S00003,UPF,core-1,401,DONE,12.17265,12.17489,2.237581000144928,12.237581000144928,0.048,1.863,0.3265810001449281,5.0
S00005,IMS-CSCF,core-1,408,DONE,12.18524,12.18778,2.532710999957999,12.532710999957999,0.105,1.835,0.5927109999579989,5.0
S00001,vRAN-DU,edge-A,397,DONE,12.18668,12.19022,3.5381259999667236,3.5381259999667236,0.089,2.923,0.5261259999667236,0.0
S00006,IMS-CSCF,core-1,375,DONE,12.18897,12.19111,2.148538000028566,14.148538000028566,0.057,1.69,0.401538000028566,6.0
S00003,UPF,core-1,402,DONE,12.19742,12.20055,3.126638999901843,13.126638999901843,0.069,2.512,0.545638999901843,5.0
S00003,UPF,core-1,403,DONE,12.19983,12.20284,3.004999000040698,13.004999000040698,0.053,1.759,1.192999000040698,5.0
S00001,vRAN-DU,edge-A,398,DONE,12.19994,12.20311,3.1773660000453674,3.1773660000453674,0.131,2.558,0.48836600004536734,0.0
S00001,vRAN-DU,edge-A,399,DONE,12.20284,12.20626,3.414296999835642,3.414296999835642,0.042,2.723,0.6492969998356424,0.0
S00001,vRAN-DU,edge-A,400,DONE,12.20626,12.20943,3.1655039999805012,3.1655039999805012,0.049,2.717,0.39950399998050123,0.0
S00005,IMS-CSCF,core-1,409,DONE,12.211,12.21646,5.462454000053185,15.462454000053185,0.15,2.523,2.7894540000531847,5.0
S00007,Transcoder,core-1,244,DONE,12.21113,12.22465,13.52285000007214,23.52285000007214,0.307,12.413,0.802850000072139,5.0
S00002,vRAN-DU,edge-B,401,DONE,12.21647,12.22227,5.802835999929812,5.802835999929812,0.092,5.051,0.659835999929812,0.0
S00008,Transcoder,core-1,206,DONE,12.23197,12.2491,17.13500000005297,29.13500000005297,0.127,15.876,1.1320000000529706,6.0
S00007,Transcoder,core-1,245,DONE,12.23211,12.25293,20.81088699992506,30.81088699992506,0.661,19.002,1.1478869999250598,5.0
S00002,vRAN-DU,edge-B,402,DONE,12.23555,12.24908,13.537252000105582,13.537252000105582,0.217,7.665,5.655252000105581,0.0
S00002,vRAN-DU,edge-B,403,DONE,12.24213,12.2491,6.966596999973262,6.966596999973262,0.078,4.168,2.720596999973262,0.0
S00009,IoT-GW,edge-A,435,DONE,12.24229,12.25335,11.062102999858325,11.062102999858325,0.118,9.852,1.0921029998583247,0.0
S00009,IoT-GW,edge-A,436,DONE,12.24911,12.2579,8.79468299990549,8.79468299990549,3.867,3.939,0.9886829999054898,0.0
S00002,vRAN-DU,edge-B,404,DONE,12.25293,12.26095,8.020540999950754,8.020540999950754,0.094,6.674,1.252540999950753,0.0
S00006,IMS-CSCF,core-1,376,DONE,12.25468,12.26094,6.256211000163603,18.256211000163603,0.116,3.839,2.3012110001636032,6.0
S00005,IMS-CSCF,core-1,410,DONE,12.25791,12.26113,3.220057999897108,13.220057999897108,0.128,2.627,0.46505799989710805,5.0
S00009,IoT-GW,edge-A,437,DONE,12.26096,12.26314,2.1846360000381537,2.1846360000381537,0.079,1.444,0.6616360000381536,0.0
S00005,IMS-CSCF,core-1,411,DONE,12.27356,12.27769,4.138373000159845,14.138373000159845,0.124,2.682,1.3323730001598455,5.0
S00005,IMS-CSCF,core-1,412,DONE,12.27515,12.2793,4.1458240000338265,14.145824000033826,1.732,1.985,0.42882400003382615,5.0
S00010,IoT-GW,edge-B,388,DONE,12.27682,12.27988,3.0581070000152977,3.0581070000152977,0.124,2.375,0.5591070000152976,0.0
S00009,IoT-GW,edge-A,438,DONE,12.27912,12.28205,2.9348639998261206,2.9348639998261206,0.079,2.035,0.8208639998261202,0.0
S00003,UPF,core-1,404,DONE,12.28837,12.29295,4.5820410000487755,14.582041000048775,0.108,3.707,0.767041000048776,5.0
S00001,vRAN-DU,edge-A,401,DONE,12.28848,12.2934,4.918771999882665,4.918771999882665,0.076,4.355,0.48777199988266506,0.0
S00002,vRAN-DU,edge-B,405,DONE,12.28983,12.29672,6.890311999995902,6.890311999995902,0.099,6.154,0.6373119999959016,0.0
S00002,vRAN-DU,edge-B,406,DONE,12.29465,12.29812,3.469270000096003,3.469270000096003,0.072,2.849,0.5482700000960028,0.0
S00002,vRAN-DU,edge-B,407,DONE,12.29794,12.30265,4.704953999862482,4.704953999862482,0.039,4.194,0.47195399986248265,0.0
S00010,IoT-GW,edge-B,389,DONE,12.3049,12.30676,1.8593050001527445,1.8593050001527445,0.077,1.167,0.6153050001527445,0.0
S00007,Transcoder,core-1,246,DONE,12.30803,12.31939,11.360938000052556,21.360938000052556,0.084,10.648,0.6289380000525568,5.0
S00004,UPF,core-1,410,DONE,12.31141,12.31402,2.606082000056631,14.606082000056631,0.072,2.0,0.5340820000566309,6.0
S00006,IMS-CSCF,core-1,377,DONE,12.31627,12.3211,4.825348000167651,16.82534800016765,0.064,4.293,0.46834800016765055,6.0
S00002,vRAN-DU,edge-B,408,DONE,12.33139,12.33598,4.590321000023323,4.590321000023323,0.095,3.677,0.8183210000233232,0.0
S00003,UPF,core-1,405,DONE,12.33153,12.33451,2.978450000000521,12.978450000000521,0.084,2.264,0.6304500000005211,5.0
S00010,IoT-GW,edge-B,390,DONE,12.33394,12.33863,4.689453999844773,4.689453999844773,0.117,2.13,2.4424539998447727,0.0
S00001,vRAN-DU,edge-A,402,DONE,12.33401,12.33885,4.833750999978292,4.833750999978292,0.088,3.261,1.4847509999782922,0.0
S00009,IoT-GW,edge-A,439,DONE,12.3357,12.34036,4.655355000068084,4.655355000068084,0.059,3.824,0.7723550000680843,0.0
S00009,IoT-GW,edge-A,440,DONE,12.33863,12.34191,3.2724370000778435,3.2724370000778435,1.9,1.009,0.36343700007784374,0.0
S00002,vRAN-DU,edge-B,409,DONE,12.3387,12.343,4.303011999809314,4.303011999809314,0.076,3.553,0.6740119998093146,0.0
S00004,UPF,core-1,411,DONE,12.34036,12.34769,7.329185000116922,19.329185000116922,1.907,2.52,2.9021850001169223,6.0
S00005,IMS-CSCF,core-1,413,DONE,12.34046,12.35044,9.97472199992444,19.97472199992444,2.005,7.285,0.6847219999244407,5.0
S00007,Transcoder,core-1,247,DONE,12.34191,12.35102,9.113744000160295,19.113744000160295,0.074,7.933,1.1067440001602957,5.0
S00004,UPF,core-1,412,DONE,12.34196,12.35044,8.482779999894774,20.482779999894774,2.346,4.84,1.296779999894774,6.0
S00002,vRAN-DU,edge-B,410,DONE,12.343,12.35043,7.421302000011565,7.421302000011565,0.049,6.477,0.8953020000115641,0.0
S00004,UPF,core-1,413,DONE,12.3477,12.3527,4.9980209998921055,16.998020999892105,2.15,2.239,0.6090209998921057,6.0
S00003,UPF,core-1,406,DONE,12.3527,12.35636,3.656914999965011,13.65691499996501,0.043,2.556,1.0579149999650106,5.0
S00006,IMS-CSCF,core-1,378,DONE,12.3551,12.35958,4.476969000052122,16.476969000052122,0.649,3.004,0.8239690000521223,6.0
S00010,IoT-GW,edge-B,391,DONE,12.3552,12.35887,3.6722950001149,3.6722950001149,0.084,1.164,2.4242950001149,0.0
S00004,UPF,core-1,414,DONE,12.35527,12.35919,3.920816999880117,15.920816999880117,0.137,3.059,0.7248169998801166,6.0
S00006,IMS-CSCF,core-1,379,DONE,12.35535,12.36139,6.041238000079829,18.04123800007983,3.876,1.242,0.9232380000798295,6.0
S00004,UPF,core-1,415,DONE,12.36099,12.36337,2.3864719998982764,14.386471999898276,0.042,1.916,0.42847199989827667,6.0
S00009,IoT-GW,edge-A,441,DONE,12.36156,12.36338,1.8190159998994204,1.8190159998994204,0.081,1.176,0.5620159998994205,0.0
S00003,UPF,core-1,407,DONE,12.36564,12.36802,2.3764029999711056,12.376402999971106,0.051,1.883,0.44240299997110544,5.0
S00001,vRAN-DU,edge-A,403,DONE,12.37328,12.37756,4.278363000139507,4.278363000139507,0.086,3.496,0.6963630001395065,0.0
S00010,IoT-GW,edge-B,392,DONE,12.37346,12.37793,4.466458000024431,4.466458000024431,0.084,3.541,0.8414580000244318,0.0
S00002,vRAN-DU,edge-B,411,DONE,12.37711,12.38225,5.132542999945144,5.132542999945144,0.055,3.461,1.6165429999451448,0.0
S00005,IMS-CSCF,core-1,414,DONE,12.38126,12.3835,2.235508000012487,12.235508000012487,0.086,1.438,0.7115080000124874,5.0
S00001,vRAN-DU,edge-A,404,DONE,12.38225,12.38605,3.7998100001459534,3.7998100001459534,0.075,3.215,0.5098100001459533,0.0
S00004,UPF,core-1,416,DONE,12.38575,12.38972,3.969423000171446,15.969423000171446,0.074,3.139,0.7564230001714463,6.0
S00010,IoT-GW,edge-B,393,DONE,12.38829,12.39026,1.9715450000603596,1.9715450000603596,0.115,1.382,0.4745450000603597,0.0
S00003,UPF,core-1,408,DONE,12.38972,12.39251,2.787258999887854,12.787258999887854,0.125,2.18,0.4822589998878537,5.0
S00003,UPF,core-1,409,DONE,12.38985,12.39703,7.184756000015113,17.184756000015113,2.492,4.015,0.6777560000151137,5.0
S00002,vRAN-DU,edge-B,412,DONE,12.39151,12.3955,3.9911840001423116,3.9911840001423116,0.134,3.307,0.5501840001423117,0.0
S00010,IoT-GW,edge-B,394,DONE,12.39726,12.39909,1.8349219999436173,1.8349219999436173,0.068,1.098,0.6689219999436171,0.0
S00009,IoT-GW,edge-A,442,DONE,12.40441,12.40688,2.4691339999662887,2.4691339999662887,0.084,1.526,0.8591339999662886,0.0
S00008,Transcoder,core-1,207,DONE,12.40456,12.4122,7.647715999837601,19.6477159998376,0.167,6.756,0.7247159998376009,6.0
S00007,Transcoder,core-1,248,DONE,12.41014,12.41799,7.849989000078494,17.849989000078494,0.079,7.179,0.5919890000784944,5.0
S00005,IMS-CSCF,core-1,415,DONE,12.42027,12.42262,2.351803999999902,12.351803999999902,0.121,1.557,0.6738039999999019,5.0
S00005,IMS-CSCF,core-1,416,DONE,12.42263,12.42587,3.244903999984672,13.244903999984672,0.152,2.53,0.5629039999846719,5.0
S00001,vRAN-DU,edge-A,405,DONE,12.42399,12.42792,3.929203000097914,3.929203000097914,0.09,3.23,0.6092030000979141,0.0
S00004,UPF,core-1,417,DONE,12.42408,12.42797,3.888268000082462,15.888268000082462,0.055,2.991,0.8422680000824618,6.0
S00008,Transcoder,core-1,208,DONE,12.43017,12.44117,11.000542000147107,23.000542000147107,0.063,10.423,0.5145420001471059,6.0
S00006,IMS-CSCF,core-1,380,DONE,12.43152,12.43578,4.259532999867588,16.259532999867588,0.211,3.489,0.5595329998675878,6.0
S00003,UPF,core-1,410,DONE,12.43165,12.43488,3.231231999961892,13.231231999961892,0.053,2.637,0.5412319999618922,5.0
S00010,IoT-GW,edge-B,395,DONE,12.43489,12.44066,5.775175000053423,5.775175000053423,0.077,5.186,0.5121750000534231,0.0
S00007,Transcoder,core-1,249,DONE,12.43578,12.44278,7.000632999961454,17.000632999961454,0.044,6.576,0.3806329999614544,5.0
S00007,Transcoder,core-1,250,DONE,12.44244,12.45227,9.838053000066793,19.838053000066793,0.045,8.785,1.008053000066793,5.0
S00004,UPF,core-1,418,DONE,12.44718,12.45232,5.142314000067927,17.142314000067927,0.156,4.337,0.6493140000679274,6.0
S00010,IoT-GW,edge-B,396,DONE,12.45967,12.46257,2.897638000149527,2.897638000149527,0.187,1.948,0.7626380001495274,0.0
S00003,UPF,core-1,411,DONE,12.45983,12.46436,4.529372000206422,14.529372000206422,0.088,3.814,0.6273720002064218,5.0
S00003,UPF,core-1,412,DONE,12.46106,12.46682,5.763291999983267,15.763291999983267,2.877,2.318,0.5682919999832667,5.0
S00010,IoT-GW,edge-B,397,DONE,12.46683,12.46923,2.3968719999629684,2.3968719999629684,0.069,1.851,0.4768719999629685,0.0
S00006,IMS-CSCF,core-1,381,DONE,12.46821,12.47123,3.01995200015881,15.01995200015881,0.052,2.489,0.4789520001588099,6.0
S00004,UPF,core-1,419,DONE,12.47444,12.47776,3.315271000019493,15.315271000019493,0.114,2.34,0.8612710000194932,6.0
S00010,IoT-GW,edge-B,398,DONE,12.47777,12.47991,2.1461359999648266,2.1461359999648266,0.125,1.1,0.9211359999648265,0.0
S00009,IoT-GW,edge-A,443,DONE,12.47921,12.48178,2.5687849999940227,2.5687849999940227,0.156,1.793,0.6197849999940226,0.0
S00002,vRAN-DU,edge-B,413,DONE,12.48298,12.48928,6.30516199998965,6.30516199998965,0.116,5.316,0.8731619999896507,0.0
S00009,IoT-GW,edge-A,444,DONE,12.48308,12.48447,1.3899580001179856,1.3899580001179856,0.072,0.863,0.4549580001179856,0.0
S00009,IoT-GW,edge-A,445,DONE,12.48869,12.4908,2.10183500007588,2.10183500007588,0.062,1.587,0.4528350000758803,0.0
S00005,IMS-CSCF,core-1,417,DONE,12.48879,12.49238,3.5912219998408546,13.591221999840855,0.132,2.419,1.0402219998408544,5.0
S00005,IMS-CSCF,core-1,418,DONE,12.48929,12.49473,5.443664000040371,15.443664000040371,2.914,1.816,0.7136640000403711,5.0
S00007,Transcoder,core-1,251,DONE,12.49914,12.51509,15.94557800012808,25.94557800012808,0.08,15.077,0.78857800012808,5.0
S00009,IoT-GW,edge-A,446,DONE,12.50366,12.50539,1.7304159998730029,1.7304159998730029,0.081,1.048,0.6014159998730029,0.0
S00005,IMS-CSCF,core-1,419,DONE,12.50764,12.51006,2.415996000081577,12.415996000081577,0.083,1.818,0.514996000081577,5.0
S00008,Transcoder,core-1,209,DONE,12.5089,12.51755,8.656486999825574,20.656486999825574,0.078,8.155,0.4234869998255757,6.0
S00006,IMS-CSCF,core-1,382,DONE,12.51006,12.51733,7.272262000014962,19.272262000014962,0.085,6.105,1.0822620000149614,6.0
S00003,UPF,core-1,413,DONE,12.51011,12.52089,10.78345599989916,20.78345599989916,0.04,10.364,0.3794559998991609,5.0
S00010,IoT-GW,edge-B,399,DONE,12.5163,12.51864,2.3420490001626604,2.3420490001626604,0.089,1.672,0.5810490001626605,0.0
S00004,UPF,core-1,420,DONE,12.51865,12.52256,3.9109109998207714,15.910910999820771,0.09,3.435,0.3859109998207715,6.0
S00004,UPF,core-1,421,DONE,12.5199,12.52689,6.984934000001886,18.984934000001886,2.207,3.882,0.8959340000018856,6.0
S00007,Transcoder,core-1,252,DONE,12.5258,12.54008,14.287812000020494,24.287812000020494,0.078,13.606,0.6038120000204952,5.0
S00010,IoT-GW,edge-B,400,DONE,12.52908,12.53382,4.7393889999511885,4.7393889999511885,0.084,2.39,2.2653889999511887,0.0
S00009,IoT-GW,edge-A,447,DONE,12.52916,12.53438,5.223974999807979,5.223974999807979,0.217,3.159,1.8479749998079793,0.0
S00009,IoT-GW,edge-A,448,DONE,12.53446,12.53595,1.4860379999390716,1.4860379999390716,0.051,0.738,0.6970379999390717,0.0
S00010,IoT-GW,edge-B,401,DONE,12.53814,12.54017,2.030445999935182,2.030445999935182,0.067,1.573,0.39044599993518214,0.0
S00001,vRAN-DU,edge-A,406,DONE,12.54453,12.54872,4.187605999959487,4.187605999959487,0.081,3.113,0.9936059999594868,0.0
S00009,IoT-GW,edge-A,449,DONE,12.55002,12.5528,2.7730009999231697,2.7730009999231697,0.073,1.944,0.7560009999231698,0.0
S00009,IoT-GW,edge-A,450,DONE,12.56521,12.56814,2.931730999989668,2.931730999989668,0.116,1.741,1.0747309999896677,0.0
S00009,IoT-GW,edge-A,451,DONE,12.57256,12.5761,3.542207000009512,3.542207000009512,0.122,2.274,1.146207000009512,0.0
S00001,vRAN-DU,edge-A,407,DONE,12.57289,12.57746,4.568987000084235,4.568987000084235,0.15,3.823,0.5959870000842344,0.0
S00003,UPF,core-1,414,DONE,12.58076,12.58491,4.149552000171752,14.149552000171752,0.083,3.455,0.611552000171752,5.0
S00010,IoT-GW,edge-B,402,DONE,12.58498,12.58693,1.9494440000471513,1.9494440000471513,0.103,1.256,0.5904440000471514,0.0
S00001,vRAN-DU,edge-A,408,DONE,12.59336,12.60081,7.459503000063705,7.459503000063705,0.087,6.277,1.0955030000637054,0.0
S00003,UPF,core-1,415,DONE,12.59782,12.601,3.182985000194094,13.182985000194094,0.085,2.094,1.0039850001940942,5.0
S00009,IoT-GW,edge-A,452,DONE,12.60082,12.6034,2.5840689997949084,2.5840689997949084,0.076,2.063,0.4450689997949082,0.0
S00005,IMS-CSCF,core-1,420,DONE,12.60092,12.60315,2.238488000102734,12.238488000102734,0.056,1.834,0.34848800010273395,5.0
S00002,vRAN-DU,edge-B,414,DONE,12.60219,12.60619,4.004444999964107,4.004444999964107,0.074,3.385,0.5454449999641078,0.0
S00009,IoT-GW,edge-A,453,DONE,12.60229,12.60575,3.4632780000265484,3.4632780000265484,0.609,2.041,0.8132780000265485,0.0
S00009,IoT-GW,edge-A,454,DONE,12.60846,12.61099,2.537424999900395,2.537424999900395,0.058,1.665,0.8144249999003952,0.0
S00004,UPF,core-1,422,DONE,12.61525,12.61833,3.0807309999545396,15.08073099995454,0.09,2.193,0.7977309999545397,6.0
S00001,vRAN-DU,edge-A,409,DONE,12.61834,12.62848,10.144217999823013,10.144217999823013,0.088,8.071,1.9852179998230142,0.0
S00001,vRAN-DU,edge-A,410,DONE,12.62373,12.6285,4.768890999912401,4.768890999912401,0.07,3.103,1.5958909999124002,0.0
S00007,Transcoder,core-1,253,DONE,12.62384,12.63295,9.11777000010261,19.11777000010261,0.072,8.196,0.8497700001026107,5.0
S00009,IoT-GW,edge-A,455,DONE,12.62971,12.63121,1.499145000025237,1.499145000025237,0.062,0.971,0.46614500002523707,0.0
S00001,vRAN-DU,edge-A,411,DONE,12.63826,12.64235,4.094755000096484,4.094755000096484,0.095,3.463,0.5367550000964836,0.0
S00001,vRAN-DU,edge-A,412,DONE,12.63842,12.6421,3.6816539998199005,3.6816539998199005,0.17,2.936,0.5756539998199006,0.0
S00002,vRAN-DU,edge-B,415,DONE,12.64565,12.65017,4.521506999935809,4.521506999935809,0.085,3.701,0.7355069999358093,0.0
S00005,IMS-CSCF,core-1,421,DONE,12.64583,12.64807,2.2351130000970443,12.235113000097044,0.086,1.67,0.4791130000970445,5.0
S00004,UPF,core-1,423,DONE,12.64706,12.65121,4.144481999901473,16.144481999901473,0.055,3.165,0.9244819999014728,6.0
S00009,IoT-GW,edge-A,456,DONE,12.64732,12.6512,3.876403000049322,3.876403000049322,0.057,3.249,0.5704030000493221,0.0
S00007,Transcoder,core-1,254,DONE,12.65017,12.65738,7.207931999801076,17.207931999801076,0.048,5.945,1.2149319998010757,5.0
S00006,IMS-CSCF,core-1,383,DONE,12.65866,12.6638,5.146867000121347,17.146867000121347,0.276,1.661,3.209867000121347,6.0
S00006,IMS-CSCF,core-1,384,DONE,12.66381,12.66721,3.4028830000352173,15.402883000035217,0.052,1.922,1.4288830000352173,6.0
S00004,UPF,core-1,424,DONE,12.66411,12.66895,4.8401840001588425,16.840184000158843,0.103,4.178,0.5591840001588428,6.0
S00005,IMS-CSCF,core-1,422,DONE,12.66417,12.66787,3.6917380000431876,13.691738000043188,0.418,2.523,0.7507380000431874,5.0
S00004,UPF,core-1,425,DONE,12.66722,12.67212,4.901872000118601,16.9018720001186,1.584,2.672,0.6458720001186009,6.0
S00003,UPF,core-1,416,DONE,12.66728,12.6719,4.61598300012156,14.61598300012156,0.095,2.215,2.30598300012156,5.0
S00003,UPF,core-1,417,DONE,12.6719,12.67452,2.6159920000736747,12.615992000073675,0.046,2.064,0.5059920000736748,5.0
S00007,Transcoder,core-1,255,DONE,12.68886,12.69709,8.229617999859329,18.22961799985933,0.089,7.333,0.8076179998593283,5.0
S00003,UPF,core-1,418,DONE,12.69023,12.69332,3.087870999934239,13.087870999934239,0.191,2.393,0.5038709999342394,5.0
S00009,IoT-GW,edge-A,457,DONE,12.69674,12.6991,2.3613900000327703,2.3613900000327703,0.085,1.359,0.9173900000327704,0.0
S00009,IoT-GW,edge-A,458,DONE,12.69828,12.70068,2.4005970001326205,2.4005970001326205,0.53,1.101,0.7695970001326204,0.0
S00002,vRAN-DU,edge-B,416,DONE,12.70501,12.70896,3.946448000078817,3.946448000078817,0.129,2.969,0.8484480000788173,0.0
S00003,UPF,core-1,419,DONE,12.70855,12.71347,4.920985999888217,14.920985999888217,0.102,4.208,0.6109859998882161,5.0
S00005,IMS-CSCF,core-1,423,DONE,12.70875,12.71325,4.498611999906643,14.498611999906643,0.22,3.631,0.6476119999066436,5.0
S00006,IMS-CSCF,core-1,385,DONE,12.70903,12.7131,4.069496000056461,16.06949600005646,0.08,3.383,0.6064960000564605,6.0
S00001,vRAN-DU,edge-A,413,DONE,12.71888,12.72265,3.765195999903881,3.765195999903881,0.087,2.953,0.7251959999038808,0.0
S00006,IMS-CSCF,core-1,386,DONE,12.72587,12.72853,2.6597609999043925,14.659760999904393,0.106,1.821,0.7327609999043927,6.0
S00005,IMS-CSCF,core-1,424,DONE,12.72979,12.73188,2.0871040001111396,12.08710400011114,0.096,1.477,0.5141040001111394,5.0
S00007,Transcoder,core-1,256,DONE,12.73188,12.73864,6.758760000138864,16.758760000138864,0.049,6.205,0.5047600001388632,5.0
S00002,vRAN-DU,edge-B,417,DONE,12.7399,12.74322,3.3205750000888656,3.3205750000888656,0.122,2.681,0.5175750000888657,0.0
S00008,Transcoder,core-1,210,DONE,12.7412,12.75096,9.765795000021171,21.76579500002117,0.067,9.301,0.39779500002117096,6.0
S00003,UPF,core-1,420,DONE,12.7444,12.7486,4.205998999850635,14.205998999850635,0.1,2.889,1.2169989998506359,5.0
S00006,IMS-CSCF,core-1,387,DONE,12.74473,12.74887,4.136508000101458,16.136508000101458,0.099,3.499,0.5385080001014573,6.0
S00004,UPF,core-1,426,DONE,12.74694,12.74941,2.4700009998923633,14.470000999892363,0.045,2.166,0.25900099989236347,6.0
S00007,Transcoder,core-1,257,DONE,12.75214,12.76434,12.193802000183496,22.193802000183496,0.09,11.273,0.8308020001834961,5.0
S00004,UPF,core-1,427,DONE,12.75226,12.76121,8.949509000103717,20.949509000103717,0.108,7.706,1.135509000103716,6.0
S00006,IMS-CSCF,core-1,388,DONE,12.75348,12.76122,7.743811999944228,19.743811999944228,0.044,6.642,1.057811999944228,6.0
S00005,IMS-CSCF,core-1,425,DONE,12.75469,12.76123,6.538908000038646,16.538908000038646,0.043,5.508,0.9879080000386455,5.0
S00010,IoT-GW,edge-B,403,DONE,12.75607,12.7612,5.125500000076499,5.125500000076499,0.072,0.839,4.2145000000765,0.0
S00006,IMS-CSCF,core-1,389,DONE,12.76124,12.76402,2.7838920000249345,14.783892000024935,0.149,1.475,1.1598920000249344,6.0
S00010,IoT-GW,edge-B,404,DONE,12.76403,12.7678,3.76943600008417,3.76943600008417,0.06,1.485,2.22443600008417,0.0
S00007,Transcoder,core-1,258,DONE,12.76781,12.7747,6.890358999953605,16.890358999953605,0.089,6.357,0.4443589999536046,5.0
S00004,UPF,core-1,428,DONE,12.76914,12.77233,3.196953000042413,15.196953000042413,0.074,2.565,0.5579530000424131,6.0
S00001,vRAN-DU,edge-A,414,DONE,12.78207,12.78713,5.063569999947504,5.063569999947504,0.125,4.103,0.8355699999475039,0.0
S00003,UPF,core-1,421,DONE,12.78714,12.79033,3.194824000047447,13.194824000047447,0.178,2.317,0.6998240000474469,5.0
S00005,IMS-CSCF,core-1,426,DONE,12.79874,12.80387,5.121474999896236,15.121474999896236,0.08,2.202,2.839474999896236,5.0
S00004,UPF,core-1,429,DONE,12.80388,12.80936,5.484960999865507,17.484960999865507,0.14,4.623,0.721960999865507,6.0
S00006,IMS-CSCF,core-1,390,DONE,12.80937,12.81178,2.4064149999958317,14.406414999995832,0.078,1.741,0.5874149999958318,6.0
S00008,Transcoder,core-1,211,DONE,12.81304,12.82633,13.292765999949552,25.29276599994955,0.097,12.637,0.5587659999495518,6.0
S00008,Transcoder,core-1,212,DONE,12.81316,12.82404,10.872363000089535,22.872363000089535,0.197,10.151,0.5243630000895365,6.0
S00005,IMS-CSCF,core-1,427,DONE,12.81844,12.82465,6.210016000068208,16.210016000068208,0.099,5.362,0.7490160000682078,5.0
S00006,IMS-CSCF,core-1,391,DONE,12.823,12.82595,2.950104000092324,14.950104000092324,0.076,2.432,0.442104000092324,6.0
S00001,vRAN-DU,edge-A,415,DONE,12.82962,12.83505,5.430236000165678,5.430236000165678,0.118,4.499,0.813236000165678,0.0
S00003,UPF,core-1,422,DONE,12.83736,12.8421,4.7421529998246115,14.742152999824611,0.114,3.913,0.7151529998246118,5.0
S00002,vRAN-DU,edge-B,418,DONE,12.83979,12.84511,5.323052999983702,5.323052999983702,0.207,4.281,0.8350529999837022,0.0
S00002,vRAN-DU,edge-B,419,DONE,12.84512,12.84991,4.7860479999144445,4.7860479999144445,0.074,4.188,0.524047999914445,0.0
S00005,IMS-CSCF,core-1,428,DONE,12.84851,12.85146,2.943715999890628,12.943715999890628,0.107,2.257,0.5797159998906278,5.0
S00009,IoT-GW,edge-A,459,DONE,12.85111,12.8538,2.68594099998154,2.68594099998154,0.121,1.663,0.9019409999815398,0.0
S00009,IoT-GW,edge-A,460,DONE,12.8538,12.85564,1.8340389999593754,1.8340389999593754,0.076,1.281,0.4770389999593754,0.0
S00010,IoT-GW,edge-B,405,DONE,12.85391,12.85672,2.809121999916897,2.809121999916897,0.081,1.999,0.729121999916897,0.0
S00009,IoT-GW,edge-A,461,DONE,12.85898,12.86101,2.0315730000675103,2.0315730000675103,0.068,1.459,0.5045730000675102,0.0
S00008,Transcoder,core-1,213,DONE,12.86224,12.87266,10.422750999850905,22.422750999850905,0.151,9.649,0.622750999850906,6.0
S00005,IMS-CSCF,core-1,429,DONE,12.86235,12.87242,10.073712000121304,20.073712000121304,0.239,5.822,4.0127120001213035,5.0
S00008,Transcoder,core-1,214,DONE,12.86668,12.87643,9.748578999960955,21.748578999960955,0.107,8.139,1.5025789999609565,6.0
S00004,UPF,core-1,430,DONE,12.87243,12.877,4.573351000090042,16.573351000090042,0.045,3.957,0.5713510000900426,6.0
S00009,IoT-GW,edge-A,462,DONE,12.8782,12.87988,1.6725890000088839,1.6725890000088839,0.111,1.1,0.4615890000088838,0.0
S00001,vRAN-DU,edge-A,416,DONE,12.88716,12.89062,3.4582369999043294,3.4582369999043294,0.074,2.822,0.5622369999043295,0.0
S00005,IMS-CSCF,core-1,430,DONE,12.88847,12.89354,5.062186000031943,15.062186000031943,0.076,4.287,0.6991860000319434,5.0
S00002,vRAN-DU,edge-B,420,DONE,12.88854,12.89297,4.429462999951284,4.429462999951284,0.078,3.574,0.7774629999512834,0.0
S00003,UPF,core-1,423,DONE,12.89302,12.89554,2.5175329999456153,12.517532999945615,0.046,1.963,0.5085329999456154,5.0
S00001,vRAN-DU,edge-A,417,DONE,12.89884,12.90249,3.65480799996476,3.65480799996476,0.076,3.095,0.48380799996475954,0.0
S00005,IMS-CSCF,core-1,431,DONE,12.89894,12.9006,1.658765999991374,11.658765999991374,0.06,1.196,0.40276599999137397,5.0
S00003,UPF,core-1,424,DONE,12.90875,12.91182,3.0696810001700214,13.069681000170021,0.075,2.366,0.6286810001700212,5.0
S00006,IMS-CSCF,core-1,392,DONE,12.91004,12.91215,2.1095699999023054,14.109569999902305,0.054,1.729,0.3265699999023055,6.0
S00006,IMS-CSCF,core-1,393,DONE,12.91434,12.91747,3.128435000007812,15.128435000007812,0.104,1.65,1.374435000007812,6.0
S00006,IMS-CSCF,core-1,394,DONE,12.91671,12.91914,2.4303819998294784,14.430381999829478,0.05,1.459,0.9213819998294785,6.0
S00010,IoT-GW,edge-B,406,DONE,12.92138,12.92458,3.1968629998573306,3.1968629998573306,0.087,1.197,1.9128629998573303,0.0
S00001,vRAN-DU,edge-A,418,DONE,12.9215,12.92519,3.69378600021264,3.69378600021264,0.084,2.825,0.7847860002126397,0.0
S00008,Transcoder,core-1,215,DONE,12.92459,12.93494,10.355264999816427,22.355264999816427,0.075,9.654,0.6262649998164278,6.0
S00006,IMS-CSCF,core-1,395,DONE,12.92471,12.92665,1.9404560000566562,13.940456000056656,0.135,1.366,0.4394560000566561,6.0
S00010,IoT-GW,edge-B,407,DONE,12.92784,12.92965,1.8071750000672182,1.8071750000672182,0.069,1.295,0.4431750000672183,0.0
S00003,UPF,core-1,425,DONE,12.93287,12.93744,4.570381000121415,14.570381000121415,0.091,3.237,1.2423810001214148,5.0
S00003,UPF,core-1,426,DONE,12.93401,12.94091,6.89555000008113,16.89555000008113,2.872,2.948,1.07555000008113,5.0
S00003,UPF,core-1,427,DONE,12.93412,12.94491,10.786168000095131,20.78616800009513,6.277,3.718,0.7911680000951309,5.0
S00002,vRAN-DU,edge-B,421,DONE,12.93617,12.94487,8.698663999894052,8.698663999894052,0.07,8.083,0.5456639998940513,0.0
S00006,IMS-CSCF,core-1,396,DONE,12.93971,12.94486,5.151477000026716,17.151477000026716,0.059,4.405,0.6874770000267159,6.0
S00001,vRAN-DU,edge-A,419,DONE,12.9398,12.94372,3.920243000038681,3.920243000038681,0.087,3.232,0.6012430000386808,0.0
S00009,IoT-GW,edge-A,463,DONE,12.94372,12.94599,2.263522000021112,2.263522000021112,0.05,1.802,0.41152200002111217,0.0
S00008,Transcoder,core-1,216,DONE,12.94725,12.95407,6.818239000040194,18.818239000040194,0.107,6.118,0.5932390000401933,6.0
S00006,IMS-CSCF,core-1,397,DONE,12.95063,12.95233,1.7025730001023476,13.702573000102348,0.06,1.19,0.4525730001023476,6.0
S00007,Transcoder,core-1,259,DONE,12.9535,12.9616,8.10120599999209,18.10120599999209,0.044,7.354,0.7032059999920888,5.0
S00005,IMS-CSCF,core-1,432,DONE,12.95524,12.95707,1.8282969999745546,11.828296999974555,0.047,1.484,0.2972969999745547,5.0
S00005,IMS-CSCF,core-1,433,DONE,12.95644,12.95949,3.04797800004053,13.04797800004053,0.537,2.027,0.4839780000405298,5.0
S00005,IMS-CSCF,core-1,434,DONE,12.95953,12.96191,2.3713810001027014,12.371381000102701,0.086,1.833,0.45238100010270155,5.0
S00008,Transcoder,core-1,217,DONE,12.97425,12.9819,7.645752999906108,19.645752999906108,0.082,7.025,0.5387529999061078,6.0
S00004,UPF,core-1,431,DONE,12.97868,12.98115,2.4749409999458294,14.47494099994583,0.063,1.859,0.5529409999458292,6.0
S00008,Transcoder,core-1,218,DONE,12.98116,12.98907,7.908563000000868,19.908563000000868,0.048,7.487,0.3735630000008676,6.0
S00006,IMS-CSCF,core-1,398,DONE,12.98409,12.98564,1.551622999841129,13.551622999841129,0.054,1.096,0.4016229998411289,6.0
S00004,UPF,core-1,432,DONE,12.99125,12.99367,2.4204370001825737,14.420437000182574,0.051,2.019,0.3504370001825734,6.0
S00006,IMS-CSCF,core-1,399,DONE,12.9935,12.99509,1.5862279999510065,13.586227999951006,0.039,1.225,0.3222279999510065,6.0
S00009,IoT-GW,edge-A,464,DONE,12.9973,12.99926,1.9603920000008657,1.9603920000008657,0.096,1.487,0.3773920000008655,0.0
S00010,IoT-GW,edge-B,408,DONE,12.99739,12.99903,1.648118000048271,1.648118000048271,0.067,0.976,0.605118000048271,0.0
S00008,Transcoder,core-1,219,DONE,12.99904,13.006,6.965221000200472,18.965221000200472,0.048,6.613,0.3042210002004717,6.0
S00006,IMS-CSCF,core-1,400,DONE,13.00243,13.00453,2.0981940001547628,14.098194000154763,0.05,1.657,0.3911940001547629,6.0
S00010,IoT-GW,edge-B,409,DONE,13.00385,13.00626,2.4179649999496178,2.4179649999496178,0.059,1.928,0.4309649999496177,0.0
S00008,Transcoder,core-1,220,DONE,13.00463,13.01219,7.564645000002201,19.5646450000022,0.045,7.186,0.33364500000220154,6.0
S00010,IoT-GW,edge-B,410,DONE,13.00752,13.0088,1.2837950000630372,1.2837950000630372,0.047,0.861,0.37579500006303723,0.0
S00002,vRAN-DU,edge-B,422,DONE,13.01338,13.01707,3.6845009999524336,3.6845009999524336,0.062,3.127,0.495500999952434,0.0
S00001,vRAN-DU,edge-A,420,DONE,13.01351,13.01706,3.551118000132192,3.551118000132192,0.081,2.889,0.5811180001321921,0.0
S00007,Transcoder,core-1,260,DONE,13.01824,13.02927,11.02917699995487,21.02917699995487,0.279,10.338,0.41217699995487145,5.0
S00006,IMS-CSCF,core-1,401,DONE,13.02052,13.02547,4.958221999913803,16.958221999913803,0.183,3.973,0.8022219999138036,6.0
S00003,UPF,core-1,428,DONE,13.02061,13.02548,4.871622999871761,14.87162299987176,0.056,4.109,0.7066229998717608,5.0
S00004,UPF,core-1,433,DONE,13.02182,13.02717,5.352721000008387,17.352721000008387,0.046,4.904,0.40272100000838673,6.0
S00010,IoT-GW,edge-B,411,DONE,13.02187,13.0259,4.0241679998871405,4.0241679998871405,0.057,3.409,0.5581679998871407,0.0
S00009,IoT-GW,edge-A,465,DONE,13.02191,13.02551,3.599036999958116,3.599036999958116,0.073,2.361,1.165036999958116,0.0
S00005,IMS-CSCF,core-1,435,DONE,13.02429,13.02785,3.5653890001867694,13.56538900018677,0.043,2.506,1.0163890001867695,5.0
S00010,IoT-GW,edge-B,412,DONE,13.0279,13.03168,3.7800150000748545,3.7800150000748545,0.059,3.372,0.3490150000748544,0.0
S00002,vRAN-DU,edge-B,423,DONE,13.02814,13.03129,3.148453999983758,3.148453999983758,0.041,2.677,0.430453999983758,0.0
S00009,IoT-GW,edge-A,466,DONE,13.03995,13.04268,2.7291870001135976,2.7291870001135976,0.079,1.016,1.6341870001135974,0.0
S00002,vRAN-DU,edge-B,424,DONE,13.04269,13.04621,3.5243519998857664,3.5243519998857664,0.114,2.821,0.5893519998857664,0.0
S00001,vRAN-DU,edge-A,421,DONE,13.04583,13.04972,3.8856239998494857,3.8856239998494857,0.157,2.758,0.9706239998494857,0.0
S00001,vRAN-DU,edge-A,422,DONE,13.04603,13.05131,5.282777000047645,5.282777000047645,0.22,4.332,0.7307770000476452,0.0
S00001,vRAN-DU,edge-A,423,DONE,13.04946,13.05475,5.289334000053714,5.289334000053714,0.042,4.688,0.5593340000537141,0.0
S00009,IoT-GW,edge-A,467,DONE,13.05353,13.05686,3.32901399997354,3.32901399997354,0.078,2.604,0.6470139999735403,0.0
S00003,UPF,core-1,429,DONE,13.05396,13.05763,3.666253999881519,13.66625399988152,0.082,2.981,0.6032539998815194,5.0
S00003,UPF,core-1,430,DONE,13.05764,13.06105,3.4154049999415292,13.41540499994153,0.057,2.506,0.8524049999415295,5.0
S00005,IMS-CSCF,core-1,436,DONE,13.06224,13.06405,1.815103000126328,11.815103000126328,0.065,1.294,0.456103000126328,5.0
S00010,IoT-GW,edge-B,413,DONE,13.06238,13.06403,1.6576169998643309,1.6576169998643309,0.221,0.921,0.5156169998643307,0.0
S00003,UPF,core-1,431,DONE,13.06728,13.07035,3.069492000122409,13.069492000122409,0.076,2.508,0.485492000122409,5.0
S00004,UPF,core-1,434,DONE,13.06738,13.07031,2.9302020000159246,14.930202000015925,0.151,2.392,0.38720200001592486,6.0
S00004,UPF,core-1,435,DONE,13.07011,13.07302,2.907978999928673,14.907978999928673,0.056,2.438,0.41397899992867293,6.0
S00005,IMS-CSCF,core-1,437,DONE,13.07021,13.07287,2.665573999820481,12.66557399982048,0.116,1.953,0.5965739998204806,5.0
S00004,UPF,core-1,436,DONE,13.07288,13.07618,3.3039580000604474,15.303958000060447,0.045,2.904,0.35495800006044753,6.0
S00005,IMS-CSCF,core-1,438,DONE,13.07421,13.07698,2.77140999992298,12.77140999992298,0.048,2.346,0.3774099999229801,5.0
S00002,vRAN-DU,edge-B,425,DONE,13.07619,13.07995,3.763718000072913,3.763718000072913,0.078,2.85,0.8357180000729132,0.0
S00009,IoT-GW,edge-A,468,DONE,13.07996,13.08187,1.9178530001227045,1.9178530001227045,0.087,1.32,0.5108530001227045,0.0
S00003,UPF,core-1,432,DONE,13.08123,13.08388,2.6509389999773703,12.65093899997737,0.052,2.271,0.3279389999773703,5.0
S00001,vRAN-DU,edge-A,424,DONE,13.08128,13.08503,3.745229000060135,3.745229000060135,0.044,2.929,0.7722290000601353,0.0
S00003,UPF,core-1,433,DONE,13.08307,13.08613,3.056410999988657,13.056410999988657,0.7,1.946,0.4104109999886567,5.0
S00003,UPF,core-1,434,DONE,13.08613,13.08847,2.3345399999925576,12.334539999992558,0.042,1.93,0.3625399999925578,5.0
S00007,Transcoder,core-1,261,DONE,13.08835,13.10112,12.769466999998258,22.769466999998258,0.043,11.937,0.7894669999982593,5.0
S00010,IoT-GW,edge-B,414,DONE,13.09382,13.09864,4.8266409999087045,4.8266409999087045,0.16,3.545,1.1216409999087045,0.0
S00002,vRAN-DU,edge-B,426,DONE,13.0939,13.10193,8.027225999967413,8.027225999967413,0.074,7.478,0.47522599996741377,0.0
S00009,IoT-GW,edge-A,469,DONE,13.09394,13.09866,4.7207049999542505,4.7207049999542505,0.14,3.545,1.035704999954251,0.0
S00003,UPF,core-1,435,DONE,13.09866,13.105,6.337053000152082,16.337053000152082,0.072,3.869,2.3960530001520817,5.0
S00004,UPF,core-1,437,DONE,13.10113,13.10603,4.899892999901567,16.899892999901567,0.052,4.429,0.41889299990156736,6.0
S00007,Transcoder,core-1,262,DONE,13.105,13.11198,6.974573999968925,16.974573999968925,0.102,6.408,0.46457399996892423,5.0
S00004,UPF,core-1,438,DONE,13.10832,13.11065,2.335120999987339,14.335120999987339,0.092,1.843,0.40012099998733897,6.0
S00005,IMS-CSCF,core-1,439,DONE,13.11424,13.11641,2.176082999994833,12.176082999994833,0.076,1.557,0.5430829999948328,5.0
S00006,IMS-CSCF,core-1,402,DONE,13.11556,13.11858,3.015990999983842,15.015990999983842,0.048,1.934,1.033990999983842,6.0
S00002,vRAN-DU,edge-B,427,DONE,13.11979,13.12344,3.6528769999222277,3.6528769999222277,0.099,2.984,0.5698769999222275,0.0
S00009,IoT-GW,edge-A,470,DONE,13.12467,13.12657,1.9056969999837747,1.9056969999837747,0.09,1.224,0.5916969999837747,0.0
S00004,UPF,core-1,439,DONE,13.13079,13.1338,3.0084679999617947,15.008467999961795,0.078,2.365,0.5654679999617946,6.0
S00003,UPF,core-1,436,DONE,13.13214,13.13644,4.2977670000254875,14.297767000025488,0.057,2.613,1.6277670000254871,5.0
S00002,vRAN-DU,edge-B,428,DONE,13.13344,13.13791,4.4705299999350245,4.4705299999350245,0.073,3.849,0.5485299999350239,0.0
S00002,vRAN-DU,edge-B,429,DONE,13.13791,13.14139,3.476440999975239,3.476440999975239,0.05,2.959,0.4674409999752389,0.0
S00003,UPF,core-1,437,DONE,13.13923,13.14202,2.7930460000789026,12.793046000078903,0.072,2.286,0.4350460000789025,5.0
S00006,IMS-CSCF,core-1,403,DONE,13.14322,13.14532,2.0980920000965853,14.098092000096585,0.061,1.527,0.5100920000965854,6.0
S00009,IoT-GW,edge-A,471,DONE,13.15571,13.15819,2.4776049999672978,2.4776049999672978,0.092,1.422,0.9636049999672978,0.0
S00001,vRAN-DU,edge-A,425,DONE,13.15939,13.16556,6.165354000131629,6.165354000131629,0.12,5.422,0.6233540001316289,0.0
S00009,IoT-GW,edge-A,472,DONE,13.15959,13.16492,5.337513000085892,5.337513000085892,0.068,4.394,0.875513000085892,0.0
S00003,UPF,core-1,438,DONE,13.16674,13.17018,3.436509000039223,13.436509000039223,0.124,2.544,0.7685090000392227,5.0
S00003,UPF,core-1,439,DONE,13.17145,13.1751,3.643410999984553,13.643410999984553,0.065,3.121,0.45741099998455326,5.0
S00002,vRAN-DU,edge-B,430,DONE,13.17387,13.1779,4.027559999940422,4.027559999940422,0.083,3.472,0.47255999994042197,0.0
S00005,IMS-CSCF,core-1,440,DONE,13.17728,13.17907,1.7843919999904756,11.784391999990476,0.056,1.372,0.35639199999047544,5.0
S00010,IoT-GW,edge-B,415,DONE,13.19149,13.19381,2.3224190001656098,2.3224190001656098,0.157,1.409,0.7564190001656097,0.0
S00004,UPF,core-1,440,DONE,13.19167,13.19492,3.2503590000487748,15.250359000048775,0.085,2.654,0.5113590000487749,6.0
S00010,IoT-GW,edge-B,416,DONE,13.19178,13.19487,3.0861620000450785,3.0861620000450785,1.561,0.927,0.5981620000450785,0.0
S00003,UPF,core-1,440,DONE,13.19613,13.19921,3.079546999970262,13.079546999970262,0.064,2.341,0.6745469999702616,5.0
S00009,IoT-GW,edge-A,473,DONE,13.20346,13.20548,2.0183249998808606,2.0183249998808606,0.085,1.28,0.6533249998808606,0.0
S00001,vRAN-DU,edge-A,426,DONE,13.20769,13.2112,3.5053110000262677,3.5053110000262677,0.087,2.948,0.4703110000262676,0.0
S00001,vRAN-DU,edge-A,427,DONE,13.2078,13.21181,4.009547000123348,4.009547000123348,0.142,3.516,0.35154700012334805,0.0
S00001,vRAN-DU,edge-A,428,DONE,13.21078,13.21685,6.067008999934842,6.067008999934842,0.042,5.2,0.825008999934842,0.0
S00005,IMS-CSCF,core-1,441,DONE,13.21085,13.21305,2.1987869999975374,12.198786999997537,0.084,1.668,0.44678699999753735,5.0
S00002,vRAN-DU,edge-B,431,DONE,13.21305,13.21875,5.69406199997502,5.69406199997502,0.081,4.863,0.7500619999750189,0.0
S00007,Transcoder,core-1,263,DONE,13.21539,13.22526,9.872525999981008,19.872525999981008,0.172,9.218,0.4825259999810072,5.0
S00003,UPF,core-1,441,DONE,13.21808,13.22209,4.010330000028262,14.010330000028262,0.108,3.312,0.5903300000282616,5.0
S00009,IoT-GW,edge-A,474,DONE,13.22644,13.22844,1.9983160000265343,1.9983160000265343,0.079,1.259,0.6603160000265345,0.0
S00010,IoT-GW,edge-B,417,DONE,13.22966,13.23219,2.529061999894111,2.529061999894111,0.08,1.875,0.574061999894111,0.0
S00005,IMS-CSCF,core-1,442,DONE,13.23106,13.23449,3.427912999995897,13.427912999995897,0.075,2.71,0.6429129999958967,5.0
S00009,IoT-GW,edge-A,475,DONE,13.23219,13.24157,9.376276000011785,9.376276000011785,0.139,4.709,4.528276000011786,0.0
S00005,IMS-CSCF,core-1,443,DONE,13.2323,13.24188,9.577800999977626,19.577800999977626,1.859,7.433,0.2858009999776261,5.0
S00006,IMS-CSCF,core-1,404,DONE,13.23387,13.24119,7.327653999936956,19.327653999936956,0.052,5.742,1.5336539999369565,6.0
S00001,vRAN-DU,edge-A,429,DONE,13.23672,13.24158,4.858295000076396,4.858295000076396,0.045,4.438,0.37529500007639616,0.0
S00002,vRAN-DU,edge-B,432,DONE,13.23704,13.24442,7.387174000086816,7.387174000086816,0.071,5.335,1.981174000086816,0.0
S00010,IoT-GW,edge-B,418,DONE,13.23948,13.2474,7.915126999932909,7.915126999932909,0.807,2.929,4.179126999932908,0.0
S00006,IMS-CSCF,core-1,405,DONE,13.23958,13.24218,2.6066770001307304,14.60667700013073,0.042,2.119,0.4456770001307304,6.0
S00002,vRAN-DU,edge-B,433,DONE,13.23966,13.24735,7.697250000092026,7.697250000092026,0.093,3.575,4.029250000092026,0.0
S00001,vRAN-DU,edge-A,430,DONE,13.25065,13.25414,3.4850360000291403,3.4850360000291403,0.077,2.899,0.5090360000291403,0.0
S00009,IoT-GW,edge-A,476,DONE,13.25076,13.25269,1.929602000018349,1.929602000018349,0.149,1.376,0.404602000018349,0.0
S00005,IMS-CSCF,core-1,444,DONE,13.25933,13.26171,2.3779880000347475,12.377988000034748,0.088,1.668,0.6219880000347475,5.0
S00002,vRAN-DU,edge-B,434,DONE,13.26592,13.26963,3.7044839998543466,3.7044839998543466,0.079,2.965,0.6604839998543466,0.0
S00010,IoT-GW,edge-B,419,DONE,13.27288,13.27475,1.8676180000056775,1.8676180000056775,0.056,1.201,0.6106180000056773,0.0
S00010,IoT-GW,edge-B,420,DONE,13.27476,13.27639,1.6346719999091874,1.6346719999091874,0.05,1.087,0.4976719999091874,0.0
S00002,vRAN-DU,edge-B,435,DONE,13.27861,13.28235,3.7436699999489065,3.7436699999489065,0.064,3.268,0.41166999994890663,0.0
S00010,IoT-GW,edge-B,421,DONE,13.27993,13.2814,1.4656560001640173,1.4656560001640173,0.047,0.999,0.4196560001640174,0.0
S00007,Transcoder,core-1,264,DONE,13.28145,13.29011,8.666268999832027,18.666268999832027,0.083,8.101,0.4822689998320264,5.0
S00004,UPF,core-1,441,DONE,13.28359,13.28759,3.9969529998415965,15.996952999841596,0.058,3.382,0.5569529998415965,6.0
S00009,IoT-GW,edge-A,477,DONE,13.28483,13.28631,1.4729970000644244,1.4729970000644244,0.075,0.901,0.4969970000644244,0.0
S00005,IMS-CSCF,core-1,445,DONE,13.28759,13.28943,1.8394710000393388,11.839471000039339,0.052,1.481,0.3064710000393387,5.0
S00002,vRAN-DU,edge-B,436,DONE,13.30037,13.30399,3.6202960000082385,3.6202960000082385,0.106,2.796,0.7182960000082388,0.0
S00005,IMS-CSCF,core-1,446,DONE,13.30399,13.30614,2.1412099999906786,12.141209999990679,0.075,1.462,0.6042099999906785,5.0
S00009,IoT-GW,edge-A,478,DONE,13.31746,13.31974,2.287103999833562,2.287103999833562,0.089,1.411,0.7871039998335618,0.0
S00001,vRAN-DU,edge-A,431,DONE,13.32198,13.32603,4.049948999863773,4.049948999863773,0.061,3.415,0.5739489998637728,0.0
S00004,UPF,core-1,442,DONE,13.33735,13.3414,4.0501319999748375,16.050131999974838,0.097,3.26,0.6931319999748378,6.0
S00010,IoT-GW,edge-B,422,DONE,13.35378,13.35583,2.0431610000741784,2.0431610000741784,0.052,1.158,0.8331610000741785,0.0
S00001,vRAN-DU,edge-A,432,DONE,13.36314,13.36684,3.7003350000759383,3.7003350000759383,0.094,2.863,0.7433350000759384,0.0
S00001,vRAN-DU,edge-A,433,DONE,13.3701,13.37335,3.2455340001433797,3.2455340001433797,0.072,2.601,0.5725340001433796,0.0
S00006,IMS-CSCF,core-1,406,DONE,13.37022,13.37477,4.549542999939149,16.54954299993915,0.595,3.48,0.4745429999391493,6.0
S00004,UPF,core-1,443,DONE,13.37028,13.3739,3.626235999945493,15.626235999945493,0.274,2.885,0.46723599994549314,6.0
S00002,vRAN-DU,edge-B,437,DONE,13.37899,13.38247,3.4787050001341413,3.4787050001341413,0.085,2.772,0.6217050001341415,0.0
S00005,IMS-CSCF,core-1,447,DONE,13.38231,13.3842,1.8853300000500894,11.88533000005009,0.08,1.338,0.4673300000500893,5.0
S00010,IoT-GW,edge-B,423,DONE,13.38741,13.39122,3.811026999983369,3.811026999983369,0.161,3.142,0.5080269999833691,0.0
S00002,vRAN-DU,edge-B,438,DONE,13.38751,13.39076,3.2502639999165694,3.2502639999165694,0.065,2.776,0.4092639999165697,0.0
S00003,UPF,core-1,442,DONE,13.39342,13.39679,3.3680770000046323,13.368077000004632,0.082,2.553,0.7330770000046325,5.0
S00005,IMS-CSCF,core-1,448,DONE,13.39472,13.39679,2.0716639999136532,12.071663999913653,0.063,1.394,0.6146639999136532,5.0
S00001,vRAN-DU,edge-A,434,DONE,13.39598,13.39965,3.6705790000723937,3.6705790000723937,0.091,3.04,0.5395790000723935,0.0
S00001,vRAN-DU,edge-A,435,DONE,13.3968,13.40002,3.223141000034957,3.223141000034957,0.052,2.694,0.47714100003495696,0.0
S00004,UPF,core-1,444,DONE,13.40122,13.4037,2.482520000057775,14.482520000057775,0.108,1.931,0.44352000005777503,6.0
S00004,UPF,core-1,445,DONE,13.4013,13.40575,4.4513049999750365,16.451304999975036,2.209,1.946,0.29630499997503645,6.0
S00010,IoT-GW,edge-B,424,DONE,13.40491,13.4065,1.5839930001675384,1.5839930001675384,0.079,1.035,0.46999300016753853,0.0
S00006,IMS-CSCF,core-1,407,DONE,13.42083,13.42318,2.3448680001365574,14.344868000136557,0.09,1.575,0.6798680001365576,6.0
S00009,IoT-GW,edge-A,479,DONE,13.42318,13.42516,1.9776470001033886,1.9776470001033886,0.135,1.174,0.6686470001033886,0.0
S00008,Transcoder,core-1,221,DONE,13.42445,13.43342,8.966283000063413,20.966283000063413,0.059,8.347,0.5602830000634142,6.0
S00008,Transcoder,core-1,222,DONE,13.42516,13.44086,15.697298000077353,27.697298000077353,0.048,15.358,0.2912980000773526,6.0
S00002,vRAN-DU,edge-B,439,DONE,13.42862,13.43637,7.74773499983894,7.74773499983894,0.494,6.187,1.06673499983894,0.0
S00010,IoT-GW,edge-B,425,DONE,13.4287,13.43638,7.680173999915496,7.680173999915496,0.755,5.924,1.0011739999154958,0.0
S00001,vRAN-DU,edge-A,436,DONE,13.42999,13.44138,11.38185800004976,11.38185800004976,0.096,10.833,0.4528580000497602,0.0
S00005,IMS-CSCF,core-1,449,DONE,13.43464,13.43804,3.405765000024985,13.405765000024985,0.064,2.594,0.7477650000249851,5.0
S00001,vRAN-DU,edge-A,437,DONE,13.4347,13.44089,6.187471999965055,6.187471999965055,0.079,5.362,0.7464719999650553,0.0
S00001,vRAN-DU,edge-A,438,DONE,13.43638,13.44388,7.50247600012699,7.50247600012699,3.474,2.812,1.2164760001269896,0.0
S00006,IMS-CSCF,core-1,408,DONE,13.43805,13.43988,1.8283930000961846,13.828393000096185,0.083,1.388,0.3573930000961847,6.0
S00009,IoT-GW,edge-A,480,DONE,13.44509,13.44661,1.522220999959245,1.522220999959245,0.07,1.019,0.4332209999592451,0.0
S00009,IoT-GW,edge-A,481,DONE,13.44633,13.44777,1.4333780000015395,1.4333780000015395,0.047,0.887,0.49937800000153953,0.0
S00010,IoT-GW,edge-B,426,DONE,13.44896,13.45068,1.7199280000568251,1.7199280000568251,0.082,1.184,0.4539280000568251,0.0
S00009,IoT-GW,edge-A,482,DONE,13.44905,13.45065,1.5967479998835188,1.5967479998835188,0.046,1.211,0.33974799988351867,0.0
S00010,IoT-GW,edge-B,427,DONE,13.45185,13.45334,1.488762000008137,1.488762000008137,0.048,1.089,0.35176200000813695,0.0
S00004,UPF,core-1,446,DONE,13.46872,13.47166,2.9469420001078106,14.94694200010781,0.091,2.166,0.6899420001078105,6.0
S00003,UPF,core-1,443,DONE,13.47592,13.48059,4.665742000042883,14.665742000042883,0.12,3.973,0.5727420000428829,5.0
S00008,Transcoder,core-1,223,DONE,13.47722,13.48578,8.559424999930343,20.559424999930343,0.054,8.15,0.35542499993034227,6.0
S00002,vRAN-DU,edge-B,440,DONE,13.47948,13.48276,3.284936000000016,3.284936000000016,0.083,2.764,0.4379360000000161,0.0
S00009,IoT-GW,edge-A,483,DONE,13.48494,13.48918,4.235590000007505,4.235590000007505,0.081,3.586,0.568590000007505,0.0
S00005,IMS-CSCF,core-1,450,DONE,13.48862,13.4908,2.178961000026902,12.178961000026902,0.062,1.61,0.5069610000269023,5.0
S00002,vRAN-DU,edge-B,441,DONE,13.49046,13.49423,3.773476000105802,3.773476000105802,0.095,2.946,0.7324760001058017,0.0
S00009,IoT-GW,edge-A,484,DONE,13.49059,13.49364,3.048086000035255,3.048086000035255,0.095,1.868,1.0850860000352547,0.0
S00009,IoT-GW,edge-A,485,DONE,13.49066,13.49485,4.195355000092604,4.195355000092604,2.16,1.034,1.0013550000926041,0.0
S00010,IoT-GW,edge-B,428,DONE,13.49917,13.50068,1.5165270001489262,1.5165270001489262,0.109,0.884,0.5235270001489262,0.0
S00007,Transcoder,core-1,265,DONE,13.49934,13.50958,10.236994000024424,20.236994000024424,0.115,9.528,0.5939940000244235,5.0
S00002,vRAN-DU,edge-B,442,DONE,13.50073,13.50409,3.357110000024477,3.357110000024477,0.04,2.885,0.4321100000244771,0.0
S00009,IoT-GW,edge-A,486,DONE,13.50295,13.50544,2.4929080000219983,2.4929080000219983,0.068,2.061,0.3639080000219983,0.0
S00006,IMS-CSCF,core-1,409,DONE,13.50413,13.51259,8.45403899984376,20.45403899984376,0.109,7.74,0.6050389998437602,6.0
S00003,UPF,core-1,444,DONE,13.50958,13.51409,4.506081000045015,14.506081000045015,0.046,3.163,1.2970810000450146,5.0
S00010,IoT-GW,edge-B,429,DONE,13.50964,13.51121,1.574477000076513,1.574477000076513,0.057,1.046,0.47147700007651294,0.0
S00010,IoT-GW,edge-B,430,DONE,13.51078,13.51421,3.435513000113133,3.435513000113133,0.034,2.852,0.5495130001131332,0.0
S00010,IoT-GW,edge-B,431,DONE,13.51409,13.51565,1.554388999920775,1.554388999920775,0.088,1.067,0.3993889999207749,0.0
S00010,IoT-GW,edge-B,432,DONE,13.5261,13.52834,2.2463180000613647,2.2463180000613647,0.116,1.506,0.6243180000613646,0.0
S00009,IoT-GW,edge-A,487,DONE,13.52955,13.53153,1.9820159998289455,1.9820159998289455,0.101,1.266,0.6150159998289455,0.0
S00006,IMS-CSCF,core-1,410,DONE,13.53382,13.53865,4.8344770000312565,16.834477000031256,0.088,4.129,0.6174770000312568,6.0
S00003,UPF,core-1,445,DONE,13.53777,13.54161,3.8393590000396216,13.839359000039622,0.083,2.05,1.7063590000396216,5.0
S00010,IoT-GW,edge-B,433,DONE,13.53992,13.54527,5.350777000103335,5.350777000103335,0.166,4.037,1.1477770001033347,0.0
S00003,UPF,core-1,446,DONE,13.54003,13.55374,13.710481999851254,23.710481999851254,0.085,11.512,2.1134819998512526,5.0
S00008,Transcoder,core-1,224,DONE,13.54162,13.55534,13.713114000211135,25.713114000211135,0.076,12.983,0.6541140002111341,6.0
S00009,IoT-GW,edge-A,488,DONE,13.5421,13.54667,4.569545000094877,4.569545000094877,0.068,4.104,0.39754500009487703,0.0
S00004,UPF,core-1,447,DONE,13.54437,13.55375,9.381891000202813,21.381891000202813,0.065,8.225,1.0918910002028142,6.0
S00002,vRAN-DU,edge-B,443,DONE,13.55376,13.55786,4.104840000081822,4.104840000081822,0.187,3.11,0.8078400000818222,0.0
S00008,Transcoder,core-1,225,DONE,13.5576,13.56596,8.360308999954214,20.360308999954214,0.079,7.66,0.6213089999542127,6.0
S00006,IMS-CSCF,core-1,411,DONE,13.55773,13.55971,1.97698799979662,13.97698799979662,0.143,1.393,0.44098799979661996,6.0
S00003,UPF,core-1,447,DONE,13.56293,13.56544,2.5135270000191667,12.513527000019167,0.057,1.972,0.4845270000191668,5.0
S00010,IoT-GW,edge-B,434,DONE,13.56714,13.57006,2.923339000062697,2.923339000062697,0.175,1.413,1.335339000062697,0.0
S00005,IMS-CSCF,core-1,451,DONE,13.57438,13.57898,4.595350000045073,14.595350000045073,0.078,3.55,0.967350000045073,5.0
S00003,UPF,core-1,448,DONE,13.57582,13.57899,3.1691879999016237,13.169187999901624,0.069,2.244,0.8561879999016235,5.0
S00004,UPF,core-1,448,DONE,13.57591,13.58043,4.520864000141955,16.520864000141955,0.242,3.685,0.5938640001419553,6.0
S00004,UPF,core-1,449,DONE,13.579,13.58503,6.028645000014876,18.028645000014876,1.162,3.657,1.2096450000148762,6.0
S00005,IMS-CSCF,core-1,452,DONE,13.58044,13.5854,4.962376999856133,14.962376999856133,0.086,3.657,1.2193769998561326,5.0
S00002,vRAN-DU,edge-B,444,DONE,13.583,13.59018,7.183758999872225,7.183758999872225,0.127,5.851,1.2057589998722253,0.0
S00004,UPF,core-1,450,DONE,13.58504,13.59425,9.20654099991225,21.20654099991225,0.169,8.177,0.8605409999122493,6.0
S00001,vRAN-DU,edge-A,439,DONE,13.58514,13.5974,12.258167000027242,12.258167000027242,0.129,10.525,1.6041670000272426,0.0
S00003,UPF,core-1,449,DONE,13.58529,13.5904,5.111147999969035,15.111147999969035,0.088,4.393,0.6301479999690347,5.0
S00008,Transcoder,core-1,226,DONE,13.59168,13.60142,9.743662000119002,21.743662000119002,0.056,9.326,0.3616620001190025,6.0
S00004,UPF,core-1,451,DONE,13.59425,13.60567,11.414741999942635,23.414741999942635,0.046,10.538,0.8307419999426351,6.0
S00008,Transcoder,core-1,227,DONE,13.59583,13.61938,23.552397999992536,35.552397999992536,0.058,21.796,1.6983979999925367,6.0
S00004,UPF,core-1,452,DONE,13.59858,13.61332,14.736709000089832,26.73670900008983,6.501,7.714,0.5217090000898299,6.0
S00003,UPF,core-1,450,DONE,13.60034,13.60914,8.798256000090987,18.798256000090987,0.065,8.13,0.6032560000909868,5.0
S00006,IMS-CSCF,core-1,412,DONE,13.60283,13.60568,2.8577900000072987,14.857790000007299,0.075,1.895,0.8877900000072985,6.0
S00004,UPF,core-1,453,DONE,13.60915,13.61701,7.863901999826339,19.86390199982634,4.342,2.846,0.6759019998263396,6.0
S00001,vRAN-DU,edge-A,440,DONE,13.61333,13.62274,9.40782899988335,9.40782899988335,0.124,8.499,0.7848289998833486,0.0
S00010,IoT-GW,edge-B,435,DONE,13.61702,13.61977,2.7553460001854546,2.7553460001854546,0.163,1.847,0.7453460001854548,0.0
S00009,IoT-GW,edge-A,489,DONE,13.61714,13.62072,3.57876800012491,3.57876800012491,0.104,1.401,2.07376800012491,0.0
S00002,vRAN-DU,edge-B,445,DONE,13.62611,13.63108,4.977802999974301,4.977802999974301,0.182,3.948,0.8478029999743009,0.0
S00003,UPF,core-1,451,DONE,13.63442,13.63856,4.130626999995002,14.130626999995002,0.148,2.803,1.1796269999950018,5.0
S00003,UPF,core-1,452,DONE,13.63598,13.64603,10.047032000102263,20.047032000102263,1.82,7.448,0.7790320001022621,5.0
S00002,vRAN-DU,edge-B,446,DONE,13.64078,13.64785,7.067824000159817,7.067824000159817,0.112,6.191,0.764824000159817,0.0
S00010,IoT-GW,edge-B,436,DONE,13.6421,13.64635,4.2420909999236756,4.2420909999236756,0.183,3.581,0.47809099992367576,0.0
S00009,IoT-GW,edge-A,490,DONE,13.6444,13.64746,3.0563569998776074,3.0563569998776074,0.12,2.057,0.8793569998776074,0.0
S00006,IMS-CSCF,core-1,413,DONE,13.65217,13.65569,3.517841999837401,15.517841999837401,0.136,2.262,1.119841999837401,6.0
S00006,IMS-CSCF,core-1,414,DONE,13.65361,13.65865,5.037372000060714,17.037372000060714,0.71,2.873,1.4543720000607134,6.0
S00006,IMS-CSCF,core-1,415,DONE,13.6557,13.66158,5.87742600009733,17.87742600009733,2.536,2.603,0.7384260000973297,6.0
S00004,UPF,core-1,454,DONE,13.66591,13.67447,8.563310999988971,20.56331099998897,0.165,5.213,3.185310999988972,6.0
S00008,Transcoder,core-1,228,DONE,13.66833,13.67543,7.104564999963259,19.10456499996326,0.068,6.596,0.44056499996325904,6.0
S00003,UPF,core-1,453,DONE,13.67009,13.6748,4.705023000042274,14.705023000042274,0.048,4.233,0.42402300004227467,5.0
S00004,UPF,core-1,455,DONE,13.67136,13.67699,5.625897999834706,17.625897999834706,1.243,3.674,0.7088979998347056,6.0
S00009,IoT-GW,edge-A,491,DONE,13.6768,13.67887,2.0695270000032906,2.0695270000032906,0.084,1.361,0.6245270000032905,0.0
S00002,vRAN-DU,edge-B,447,DONE,13.67689,13.68341,6.519563000210837,6.519563000210837,0.073,5.81,0.6365630002108373,0.0
S00001,vRAN-DU,edge-A,441,DONE,13.67831,13.68166,3.3528300000398303,3.3528300000398303,0.05,2.409,0.8938300000398307,0.0
S00003,UPF,core-1,454,DONE,13.68341,13.68662,3.2014089999847783,13.201408999984778,0.082,2.568,0.5514089999847784,5.0
S00008,Transcoder,core-1,229,DONE,13.68662,13.69721,10.594122999918909,22.59412299991891,0.054,10.19,0.3501229999189093,6.0
S00003,UPF,core-1,455,DONE,13.68806,13.69247,4.40378499979488,14.40378499979488,0.181,1.812,2.4107849997948794,5.0
S00006,IMS-CSCF,core-1,416,DONE,13.69247,13.699,6.53064500011169,18.53064500011169,0.168,5.256,1.1066450001116896,6.0
S00002,vRAN-DU,edge-B,448,DONE,13.69259,13.70381,11.218457999802922,11.218457999802922,0.215,10.037,0.9664579998029215,0.0
S00004,UPF,core-1,456,DONE,13.69266,13.69972,7.064435000074809,19.06443500007481,0.133,5.883,1.048435000074809,6.0
S00004,UPF,core-1,457,DONE,13.69493,13.7038,8.872555999914766,20.872555999914766,4.622,3.584,0.6665559999147663,6.0
S00004,UPF,core-1,458,DONE,13.695,13.70628,11.2805329999901,23.2805329999901,8.296,2.645,0.3395329999901011,6.0
S00006,IMS-CSCF,core-1,417,DONE,13.69626,13.70175,5.4872729999715375,17.487272999971538,2.643,2.464,0.38027299997153774,6.0
S00006,IMS-CSCF,core-1,418,DONE,13.70176,13.70772,5.961474000059752,17.961474000059752,0.039,5.431,0.4914740000597524,6.0
S00009,IoT-GW,edge-A,492,DONE,13.70381,13.70554,1.7241150001154892,1.7241150001154892,0.079,1.02,0.6251150001154893,0.0
S00007,Transcoder,core-1,266,DONE,13.70772,13.71839,10.668561999864323,20.668561999864323,0.063,9.946,0.659561999864323,5.0
S00003,UPF,core-1,456,DONE,13.70778,13.7103,2.5159939998502523,12.515993999850252,0.186,1.891,0.43899399985025234,5.0
S00005,IMS-CSCF,core-1,453,DONE,13.7103,13.71271,2.4103219998323766,12.410321999832377,0.046,1.866,0.4983219998323767,5.0
S00004,UPF,core-1,459,DONE,13.71184,13.71813,6.2894770001094,18.2894770001094,0.049,5.32,0.9204770001093996,6.0
S00002,vRAN-DU,edge-B,449,DONE,13.71388,13.72067,6.793278000031933,6.793278000031933,0.109,5.652,1.0322780000319325,0.0
S00001,vRAN-DU,edge-A,442,DONE,13.71993,13.7236,3.668201000209592,3.668201000209592,0.185,2.832,0.6512010002095923,0.0
S00006,IMS-CSCF,core-1,419,DONE,13.72583,13.73129,5.467780000117273,17.467780000117273,0.081,4.6,0.7867800001172727,6.0
S00004,UPF,core-1,460,DONE,13.72741,13.73095,3.542889999835097,15.542889999835097,0.059,3.014,0.46988999983509716,6.0
S00004,UPF,core-1,461,DONE,13.72964,13.73456,4.914656999972067,16.914656999972067,1.366,3.163,0.3856569999720669,6.0
S00004,UPF,core-1,462,DONE,13.73096,13.73668,5.721761000131664,17.721761000131664,3.505,1.747,0.46976100013166433,6.0
S00010,IoT-GW,edge-B,437,DONE,13.73456,13.73613,1.5727680001873523,1.5727680001873523,0.093,0.979,0.5007680001873523,0.0
S00004,UPF,core-1,463,DONE,13.74091,13.74493,4.017487000055553,16.017487000055553,0.067,3.457,0.4934870000555529,6.0
S00004,UPF,core-1,464,DONE,13.74221,13.74698,4.77077300001838,16.77077300001838,0.637,1.804,2.3297730000183794,6.0
S00001,vRAN-DU,edge-A,443,DONE,13.74228,13.74689,4.606598000009399,4.606598000009399,0.089,2.853,1.664598000009398,0.0
S00003,UPF,core-1,457,DONE,13.74817,13.75054,2.3717419999229605,12.37174199992296,0.051,1.926,0.39474199992296044,5.0
S00002,vRAN-DU,edge-B,450,DONE,13.75037,13.75397,3.5943790001056186,3.5943790001056186,0.109,2.709,0.7763790001056186,0.0
S00008,Transcoder,core-1,230,DONE,13.75378,13.76119,7.4123670001426945,19.412367000142694,0.079,6.665,0.6683670001426947,6.0
S00005,IMS-CSCF,core-1,454,DONE,13.75388,13.75681,2.9325119999157323,12.932511999915732,0.139,2.344,0.4495119999157322,5.0
S00010,IoT-GW,edge-B,438,DONE,13.75682,13.76144,4.623029999947903,4.623029999947903,0.099,4.096,0.4280299999479027,0.0
S00006,IMS-CSCF,core-1,420,DONE,13.76669,13.76879,2.0949380000274687,14.094938000027469,0.079,1.487,0.5289380000274684,6.0
S00001,vRAN-DU,edge-A,444,DONE,13.7731,13.7768,3.7000889999490028,3.7000889999490028,0.117,2.985,0.5980889999490029,0.0
S00002,vRAN-DU,edge-B,451,DONE,13.77798,13.78138,3.399446999992506,3.399446999992506,0.086,2.798,0.515446999992506,0.0
S00001,vRAN-DU,edge-A,445,DONE,13.79172,13.79561,3.8903969998500543,3.8903969998500543,0.09,3.019,0.7813969998500543,0.0
S00010,IoT-GW,edge-B,439,DONE,13.79562,13.79722,1.6027350000058505,1.6027350000058505,0.117,1.027,0.45873500000585055,0.0
S00008,Transcoder,core-1,231,DONE,13.79691,13.81167,14.762534000055894,26.762534000055894,0.086,13.425,1.2515340000558925,6.0
S00003,UPF,core-1,458,DONE,13.80037,13.80324,2.8661199999078235,12.866119999907824,0.076,2.219,0.5711199999078236,5.0
S00006,IMS-CSCF,core-1,421,DONE,13.80161,13.80514,3.533162999929118,15.533162999929118,0.056,3.084,0.39316299992911796,6.0
S00008,Transcoder,core-1,232,DONE,13.80324,13.81286,9.622936999903686,21.622936999903686,0.055,9.261,0.3069369999036873,6.0
S00010,IoT-GW,edge-B,440,DONE,13.80515,13.8119,6.752845999926649,6.752845999926649,0.117,3.155,3.480845999926649,0.0
S00006,IMS-CSCF,core-1,422,DONE,13.80525,13.80678,1.5337840000029246,13.533784000002925,0.052,1.131,0.35078400000292453,6.0
S00008,Transcoder,core-1,233,DONE,13.81607,13.82267,6.59382399999231,18.59382399999231,0.141,5.877,0.57582399999231,6.0
S00009,IoT-GW,edge-A,493,DONE,13.81938,13.82102,1.6354829999727372,1.6354829999727372,0.081,1.004,0.5504829999727372,0.0
S00009,IoT-GW,edge-A,494,DONE,13.8222,13.8237,1.4963669998451223,1.4963669998451223,0.053,1.054,0.38936699984512235,0.0
S00001,vRAN-DU,edge-A,446,DONE,13.82497,13.82981,4.842879000079847,4.842879000079847,0.048,3.92,0.8748790000798472,0.0
S00002,vRAN-DU,edge-B,452,DONE,13.82629,13.83045,4.164105999961976,4.164105999961976,0.248,3.01,0.9061059999619756,0.0
S00010,IoT-GW,edge-B,441,DONE,13.82637,13.83046,4.0878910001538316,4.0878910001538316,0.32,3.102,0.6658910001538318,0.0
S00008,Transcoder,core-1,234,DONE,13.82981,13.83668,6.870689999914248,18.870689999914248,0.068,6.092,0.7106899999142486,6.0
S00007,Transcoder,core-1,267,DONE,13.83264,13.8388,6.164500000068074,16.164500000068074,0.053,5.809,0.30250000006807376,5.0
S00002,vRAN-DU,edge-B,453,DONE,13.83786,13.84102,3.1546269999580545,3.1546269999580545,0.061,2.754,0.33962699995805457,0.0
S00008,Transcoder,core-1,235,DONE,13.84419,13.85082,6.631449999986216,18.631449999986216,0.059,6.138,0.43444999998621636,6.0
S00002,vRAN-DU,edge-B,454,DONE,13.84956,13.85323,3.6656580000453687,3.6656580000453687,0.07,3.133,0.46265800004536883,0.0
S00004,UPF,core-1,465,DONE,13.84965,13.85455,4.89604699987467,16.89604699987467,0.066,4.107,0.7230469998746702,6.0
S00006,IMS-CSCF,core-1,423,DONE,13.85674,13.85871,1.9714800000656396,13.97148000006564,0.106,1.366,0.4994800000656394,6.0
S00008,Transcoder,core-1,236,DONE,13.858,13.86599,7.992530999899827,19.992530999899827,0.069,7.558,0.3655309998998275,6.0
S00005,IMS-CSCF,core-1,455,DONE,13.85988,13.86143,1.5459430001101282,11.545943000110128,0.046,1.192,0.3079430001101282,5.0
S00001,vRAN-DU,edge-A,447,DONE,13.86,13.86371,3.709425000124611,3.709425000124611,0.132,3.119,0.4584250001246106,0.0
S00007,Transcoder,core-1,268,DONE,13.86717,13.87394,6.760817999975188,16.76081799997519,0.047,6.323,0.3908179999751882,5.0
S00004,UPF,core-1,466,DONE,13.87152,13.87397,2.448511000011422,14.448511000011422,0.053,1.97,0.42551100001142195,6.0
S00008,Transcoder,core-1,237,DONE,13.87715,13.88327,6.126037000058204,18.126037000058204,0.051,5.654,0.4210370000582042,6.0
S00009,IoT-GW,edge-A,495,DONE,13.87723,13.87868,1.4480599998023536,1.4480599998023536,0.116,0.89,0.44205999980235344,0.0
S00001,vRAN-DU,edge-A,448,DONE,13.88328,13.88653,3.2529220000014902,3.2529220000014902,0.091,2.736,0.42592200000148983,0.0
S00004,UPF,core-1,467,DONE,13.88771,13.89035,2.6358119998803886,14.635811999880389,0.057,2.015,0.5638119998803885,6.0
S00003,UPF,core-1,459,DONE,13.88994,13.89242,2.4864160000106494,12.48641600001065,0.04,1.945,0.5014160000106493,5.0
S00010,IoT-GW,edge-B,442,DONE,13.89243,13.89405,1.6250860001036926,1.6250860001036926,0.119,1.067,0.4390860001036927,0.0
S00010,IoT-GW,edge-B,443,DONE,13.89257,13.8953,2.734143999987282,2.734143999987282,1.122,1.106,0.5061439999872817,0.0
S00005,IMS-CSCF,core-1,456,DONE,13.89378,13.89571,1.9278809998013458,11.927880999801346,0.072,1.352,0.5038809998013456,5.0
S00007,Transcoder,core-1,269,DONE,13.89409,13.90126,7.166815000118731,17.16681500011873,0.073,6.623,0.4708150001187308,5.0
S00010,IoT-GW,edge-B,444,DONE,13.90245,13.90408,1.630105000003823,1.630105000003823,0.063,0.951,0.6161050000038232,0.0
S00006,IMS-CSCF,core-1,424,DONE,13.90372,13.9055,1.7829339999479998,13.782933999948,0.052,1.361,0.3699339999479998,6.0
S00010,IoT-GW,edge-B,445,DONE,13.90666,13.90833,1.6636790001030022,1.6636790001030022,0.098,1.061,0.5046790001030022,0.0
S00010,IoT-GW,edge-B,446,DONE,13.90685,13.90964,2.7962569999999687,2.7962569999999687,1.253,1.149,0.39425699999996877,0.0
S00009,IoT-GW,edge-A,496,DONE,13.90833,13.91089,2.5534370001878415,2.5534370001878415,0.081,1.84,0.6324370001878414,0.0
S00003,UPF,core-1,460,DONE,13.91206,13.91554,3.4807470001396723,13.480747000139672,0.144,2.484,0.8527470001396722,5.0
S00001,vRAN-DU,edge-A,449,DONE,13.91673,13.91977,3.0480630000511155,3.0480630000511155,0.069,2.53,0.44906300005111577,0.0
S00006,IMS-CSCF,core-1,425,DONE,13.91681,13.91898,2.1697940001104143,14.169794000110414,0.054,1.586,0.5297940001104144,6.0
S00003,UPF,core-1,461,DONE,13.91822,13.92254,4.319790000181456,14.319790000181456,0.057,3.549,0.7137900001814557,5.0
S00004,UPF,core-1,468,DONE,13.91834,13.92222,3.877194999859057,15.877194999859057,0.269,2.999,0.6091949998590569,6.0
S00003,UPF,core-1,462,DONE,13.92476,13.92939,4.631034999874828,14.631034999874828,0.048,4.187,0.3960349998748276,5.0
S00004,UPF,core-1,469,DONE,13.9346,13.93778,3.1777240001247264,15.177724000124726,0.067,2.46,0.6507240001247263,6.0
S00006,IMS-CSCF,core-1,426,DONE,13.9359,13.93806,2.153165999970952,14.153165999970952,0.057,1.757,0.339165999970952,6.0
S00004,UPF,core-1,470,DONE,13.93597,13.93975,3.784287999906155,15.784287999906155,1.499,1.95,0.3352879999061551,6.0
S00001,vRAN-DU,edge-A,450,DONE,13.94195,13.94555,3.5959819999789033,3.5959819999789033,0.088,2.95,0.5579819999789031,0.0
S00004,UPF,core-1,471,DONE,13.94561,13.94955,3.941939000014827,15.941939000014827,0.067,3.323,0.5519390000148268,6.0
S00003,UPF,core-1,463,DONE,13.94692,13.94955,2.635327000007237,12.635327000007237,0.054,2.03,0.5513270000072374,5.0
S00002,vRAN-DU,edge-B,455,DONE,13.94699,13.95099,4.004909000059342,4.004909000059342,0.085,3.451,0.46890900005934233,0.0
S00004,UPF,core-1,472,DONE,13.9522,13.95481,2.613973000052283,14.613973000052283,0.058,2.086,0.4699730000522835,6.0
S00003,UPF,core-1,464,DONE,13.95482,13.95877,3.9503059999788093,13.95030599997881,0.047,3.422,0.48130599997880896,5.0
S00002,vRAN-DU,edge-B,456,DONE,13.95487,13.95812,3.2481279999956314,3.2481279999956314,0.06,2.793,0.3951279999956312,0.0
S00009,IoT-GW,edge-A,497,DONE,13.95498,13.95889,3.916138000022329,3.916138000022329,0.074,3.284,0.5581380000223293,0.0
S00005,IMS-CSCF,core-1,457,DONE,13.96215,13.96847,6.318678999832628,16.318678999832628,0.1,5.846,0.37267899983262787,5.0
S00008,Transcoder,core-1,238,DONE,13.96225,13.969,6.752655999889612,18.752655999889612,0.15,6.211,0.3916559998896112,6.0
S00001,vRAN-DU,edge-A,451,DONE,13.96388,13.96842,4.53884100011237,4.53884100011237,0.113,3.978,0.4478410001123696,0.0
S00009,IoT-GW,edge-A,498,DONE,13.96623,13.96738,1.152963000095042,1.152963000095042,0.051,0.784,0.31796300009504197,0.0
S00002,vRAN-DU,edge-B,457,DONE,13.97119,13.97434,3.146541999967667,3.146541999967667,0.113,2.588,0.44554199996766686,0.0
S00006,IMS-CSCF,core-1,427,DONE,13.97245,13.97406,1.60618799986878,13.60618799986878,0.052,1.1,0.4541879998687799,6.0
S00003,UPF,core-1,465,DONE,13.97552,13.97794,2.420338999854721,12.420338999854721,0.059,1.991,0.37033899985472063,5.0
S00006,IMS-CSCF,core-1,428,DONE,13.98112,13.98291,1.7952059999970515,13.795205999997052,0.052,1.272,0.4712059999970515,6.0
S00001,vRAN-DU,edge-A,452,DONE,13.98238,13.98574,3.3611669998663274,3.3611669998663274,0.076,2.841,0.44416699986632713,0.0
S00009,IoT-GW,edge-A,499,DONE,13.99399,13.99682,2.8297549999933835,2.8297549999933835,0.095,2.02,0.7147549999933833,0.0
S00003,UPF,core-1,466,DONE,13.99526,14.0002,4.940717999943445,14.940717999943445,0.087,4.311,0.542717999943445,5.0
S00002,vRAN-DU,edge-B,458,DONE,13.99533,13.99914,3.8146409999626485,3.8146409999626485,0.087,3.289,0.43864099996264816,0.0
S00002,vRAN-DU,edge-B,459,DONE,14.00141,14.00723,5.81414299995231,5.81414299995231,0.101,4.868,0.8451429999523095,0.0
S00005,IMS-CSCF,core-1,458,DONE,14.00154,14.00472,3.180292000024565,13.180292000024565,0.064,2.479,0.6372920000245648,5.0
S00010,IoT-GW,edge-B,447,DONE,14.00159,14.00722,5.632461999994121,5.632461999994121,0.038,4.752,0.8424619999941205,0.0
S00002,vRAN-DU,edge-B,460,DONE,14.00381,14.00941,5.594496999947296,5.594496999947296,2.592,2.38,0.622496999947296,0.0
S00010,IoT-GW,edge-B,448,DONE,14.00387,14.01002,6.1481629998070275,6.1481629998070275,2.806,2.428,0.9141629998070275,0.0
S00004,UPF,core-1,473,DONE,14.00393,14.00656,2.6294110000435467,14.629411000043547,0.044,1.938,0.6474110000435467,6.0
S00003,UPF,core-1,467,DONE,14.00589,14.00874,2.84609499999533,12.84609499999533,0.048,2.502,0.2960949999953302,5.0
S00009,IoT-GW,edge-A,500,DONE,14.00945,14.01132,1.8687869999212126,1.8687869999212126,0.076,1.299,0.49378699992121255,0.0
S00010,IoT-GW,edge-B,449,DONE,14.01003,14.01132,1.290412999878754,1.290412999878754,0.046,0.774,0.47041299987875385,0.0
S00001,vRAN-DU,edge-A,453,DONE,14.01557,14.02005,4.480607000004966,4.480607000004966,0.094,3.873,0.5136070000049653,0.0
S00010,IoT-GW,edge-B,450,DONE,14.01568,14.01975,4.076066999914474,4.076066999914474,0.149,1.257,2.670066999914474,0.0
S00005,IMS-CSCF,core-1,459,DONE,14.01581,14.02412,8.304698000074495,18.304698000074495,0.091,7.73,0.4836980000744955,5.0
S00006,IMS-CSCF,core-1,429,DONE,14.01645,14.02796,11.512678999906711,23.51267899990671,0.263,3.67,7.579678999906712,6.0
S00003,UPF,core-1,468,DONE,14.01976,14.02754,7.779697999922064,17.779697999922064,0.18,3.211,4.388697999922064,5.0
S00009,IoT-GW,edge-A,501,DONE,14.01983,14.02731,7.485038000140776,7.485038000140776,0.143,5.144,2.1980380001407758,0.0
S00001,vRAN-DU,edge-A,454,DONE,14.01989,14.02408,4.184212999916781,4.184212999916781,0.066,3.433,0.6852129999167813,0.0
S00009,IoT-GW,edge-A,502,DONE,14.02732,14.02933,2.0150029999967956,2.0150029999967956,0.074,1.195,0.7460029999967954,0.0
S00004,UPF,core-1,474,DONE,14.02919,14.03176,2.5681810000151017,14.568181000015102,0.075,2.125,0.36818100001510157,6.0
S00008,Transcoder,core-1,239,DONE,14.03156,14.04207,10.509911000099237,22.509911000099237,0.07,9.944,0.4959110000992357,6.0
S00007,Transcoder,core-1,270,DONE,14.035,14.0622,27.20412399980887,37.20412399980887,0.066,26.408,0.7301239998088711,5.0
S00001,vRAN-DU,edge-A,455,DONE,14.03508,14.04934,14.25471400011702,14.25471400011702,0.081,12.475,1.69871400011702,0.0
S00004,UPF,core-1,475,DONE,14.04044,14.04798,7.543567000084295,19.543567000084295,0.079,6.474,0.9905670000842948,6.0
S00002,vRAN-DU,edge-B,461,DONE,14.04089,14.05378,12.889678999954413,12.889678999954413,0.1,10.871,1.9186789999544125,0.0
S00009,IoT-GW,edge-A,503,DONE,14.04328,14.04846,5.172753999886481,5.172753999886481,0.086,4.49,0.5967539998864808,0.0
S00008,Transcoder,core-1,240,DONE,14.04663,14.06328,16.649134999852322,28.649134999852322,1.16,14.351,1.138134999852321,6.0
S00010,IoT-GW,edge-B,451,DONE,14.04671,14.05397,7.261789999802204,7.261789999802204,0.097,6.41,0.7547899998022034,0.0
S00005,IMS-CSCF,core-1,460,DONE,14.04799,14.05486,6.866412000135824,16.866412000135824,0.07,5.81,0.9864120001358243,5.0
S00005,IMS-CSCF,core-1,461,DONE,14.04846,14.06221,13.748934999966878,23.748934999966878,6.117,6.782,0.8499349999668775,5.0
S00003,UPF,core-1,469,DONE,14.05379,14.05891,5.127939999965747,15.127939999965747,2.472,2.137,0.5189399999657471,5.0
S00004,UPF,core-1,476,DONE,14.05386,14.05677,2.9069849999814323,14.906984999981432,0.058,2.218,0.6309849999814325,6.0
S00005,IMS-CSCF,core-1,462,DONE,14.05677,14.06458,7.802161999961754,17.802161999961754,4.99,2.414,0.39816199996175383,5.0
S00009,IoT-GW,edge-A,504,DONE,14.06578,14.0673,1.5231249999487773,1.5231249999487773,0.073,1.016,0.4341249999487773,0.0
S00007,Transcoder,core-1,271,DONE,14.06958,14.08063,11.047652999877755,21.047652999877755,0.062,10.531,0.4546529998777551,5.0
S00009,IoT-GW,edge-A,505,DONE,14.0699,14.07595,6.052068000144573,6.052068000144573,0.052,2.841,3.159068000144573,0.0
S00002,vRAN-DU,edge-B,462,DONE,14.07145,14.07658,5.127950000087367,5.127950000087367,0.102,4.346,0.6799500000873664,0.0
S00002,vRAN-DU,edge-B,463,DONE,14.07664,14.08107,4.433391000020492,4.433391000020492,0.074,3.97,0.3893910000204923,0.0
S00005,IMS-CSCF,core-1,463,DONE,14.08064,14.08356,2.91900699994585,12.91900699994585,0.093,1.85,0.97600699994585,5.0
S00005,IMS-CSCF,core-1,464,DONE,14.08071,14.08529,4.582319000064672,14.582319000064672,2.085,1.618,0.8793190000646718,5.0
S00010,IoT-GW,edge-B,452,DONE,14.08113,14.08302,1.8934629999876051,1.8934629999876051,0.06,1.212,0.6214629999876051,0.0
S00006,IMS-CSCF,core-1,430,DONE,14.08356,14.08616,2.594897000108176,14.594897000108176,0.069,2.177,0.34889700010817615,6.0
S00007,Transcoder,core-1,272,DONE,14.0853,14.09222,6.921965000174168,16.92196500017417,0.228,6.305,0.3889650001741689,5.0
S00006,IMS-CSCF,core-1,431,DONE,14.08734,14.09219,4.842019000079745,16.842019000079745,0.052,4.328,0.46201900007974483,6.0
S00006,IMS-CSCF,core-1,432,DONE,14.0874,14.09352,6.11790000016299,18.11790000016299,4.56,1.186,0.37190000016299063,6.0
S00010,IoT-GW,edge-B,453,DONE,14.09676,14.09913,2.3774829999183567,2.3774829999183567,0.092,0.993,1.2924829999183567,0.0
S00010,IoT-GW,edge-B,454,DONE,14.09687,14.09931,2.4334289998932945,2.4334289998932945,1.218,0.819,0.3964289998932946,0.0
S00001,vRAN-DU,edge-A,456,DONE,14.09693,14.10013,3.204685999889989,3.204685999889989,0.087,2.698,0.4196859998899889,0.0
S00001,vRAN-DU,edge-A,457,DONE,14.11458,14.11884,4.263289999926201,4.263289999926201,0.104,2.622,1.5372899999262009,0.0
S00009,IoT-GW,edge-A,506,DONE,14.11476,14.11903,4.272346999869114,4.272346999869114,2.731,1.108,0.4333469998691144,0.0
S00002,vRAN-DU,edge-B,464,DONE,14.1148,14.12013,5.330944999968779,5.330944999968779,0.089,4.831,0.41094499996877776,0.0
S00005,IMS-CSCF,core-1,465,DONE,14.11529,14.11759,2.3052970000208006,12.3052970000208,0.096,1.402,0.8072970000208006,5.0
S00009,IoT-GW,edge-A,507,DONE,14.1176,14.11995,2.348970000184636,2.348970000184636,0.471,0.706,1.1719700001846358,0.0
S00004,UPF,core-1,477,DONE,14.12442,14.12745,3.0275179999534885,15.027517999953488,0.093,2.211,0.7235179999534886,6.0
S00002,vRAN-DU,edge-B,465,DONE,14.13177,14.13543,3.6612300000342657,3.6612300000342657,0.083,2.913,0.6652300000342657,0.0
S00005,IMS-CSCF,core-1,466,DONE,14.14681,14.14938,2.5689110000257642,12.568911000025764,0.095,1.717,0.756911000025764,5.0
S00010,IoT-GW,edge-B,455,DONE,14.15266,14.15444,1.782661999868651,1.782661999868651,0.089,1.074,0.619661999868651,0.0
S00003,UPF,core-1,470,DONE,14.15279,14.15546,2.66652499999509,12.66652499999509,0.074,2.217,0.37552499999509026,5.0
S00001,vRAN-DU,edge-A,458,DONE,14.15974,14.1635,3.7665410000045085,3.7665410000045085,0.094,3.036,0.6365410000045086,0.0
S00007,Transcoder,core-1,273,DONE,14.16883,14.17542,6.597383000098489,16.59738300009849,0.093,5.964,0.5403830000984886,5.0
S00002,vRAN-DU,edge-B,466,DONE,14.17519,14.18027,5.077324000012595,5.077324000012595,0.104,4.036,0.9373240000125955,0.0
S00003,UPF,core-1,471,DONE,14.17553,14.17793,2.403340999990178,12.403340999990178,0.06,1.945,0.3983409999901777,5.0
S00008,Transcoder,core-1,241,DONE,14.18148,14.18907,7.59108399984143,19.59108399984143,0.063,6.748,0.7800839998414304,6.0
S00009,IoT-GW,edge-A,508,DONE,14.18377,14.18975,5.971393999971042,5.971393999971042,0.079,5.388,0.5043939999710423,0.0
S00006,IMS-CSCF,core-1,433,DONE,14.18501,14.18924,4.227998999795091,16.22799899979509,0.052,3.8,0.3759989997950912,6.0
S00002,vRAN-DU,edge-B,467,DONE,14.18508,14.19105,5.969085000060659,5.969085000060659,0.072,4.331,1.5660850000606583,0.0
S00001,vRAN-DU,edge-A,459,DONE,14.18908,14.19243,3.3525550002195814,3.3525550002195814,0.049,2.556,0.7475550002195814,0.0
S00010,IoT-GW,edge-B,456,DONE,14.18914,14.19105,1.9107870000425464,1.9107870000425464,0.042,0.741,1.1277870000425465,0.0
S00004,UPF,core-1,478,DONE,14.19231,14.19484,2.534800999910658,14.534800999910658,0.052,1.952,0.530800999910658,6.0
S00010,IoT-GW,edge-B,457,DONE,14.19485,14.19621,1.362648999929661,1.362648999929661,0.059,1.019,0.2846489999296611,0.0
S00004,UPF,core-1,479,DONE,14.19609,14.19848,2.3826259998713795,14.38262599987138,0.049,1.907,0.4266259998713795,6.0
S00005,IMS-CSCF,core-1,467,DONE,14.20064,14.20228,1.639156000010189,11.639156000010189,0.052,1.247,0.34015600001018886,5.0
S00009,IoT-GW,edge-A,509,DONE,14.20444,14.20615,1.7117380000399862,1.7117380000399862,0.077,1.137,0.49773800003998625,0.0
S00009,IoT-GW,edge-A,510,DONE,14.20615,14.20752,1.3699419998829399,1.3699419998829399,0.069,0.961,0.33994199988293994,0.0
S00001,vRAN-DU,edge-A,460,DONE,14.21173,14.21644,4.702597999994396,4.702597999994396,0.053,3.004,1.6455979999943957,0.0
S00004,UPF,core-1,480,DONE,14.21184,14.21643,4.592782999907286,16.592782999907286,0.067,2.299,2.2267829999072855,6.0
S00010,IoT-GW,edge-B,458,DONE,14.21404,14.22203,7.9868020000049,7.9868020000049,0.082,7.42,0.48480200000490026,0.0
S00007,Transcoder,core-1,274,DONE,14.21414,14.22352,9.385646000055203,19.385646000055203,0.046,7.61,1.7296460000552036,5.0
S00001,vRAN-DU,edge-A,461,DONE,14.21644,14.22373,7.293890000028114,7.293890000028114,0.094,6.78,0.41989000002811316,0.0
S00009,IoT-GW,edge-A,511,DONE,14.21658,14.22368,7.101061999946978,7.101061999946978,0.045,6.56,0.49606199994697864,0.0
S00003,UPF,core-1,472,DONE,14.2208,14.22392,3.120916999932888,13.120916999932888,0.084,2.634,0.4029169999328879,5.0
S00008,Transcoder,core-1,242,DONE,14.22088,14.22935,8.469145999924876,20.469145999924876,0.266,7.655,0.5481459999248761,6.0
S00010,IoT-GW,edge-B,459,DONE,14.22511,14.22657,1.4585409999199328,1.4585409999199328,0.066,0.951,0.4415409999199328,0.0
S00010,IoT-GW,edge-B,460,DONE,14.22774,14.22934,1.6051560000960308,1.6051560000960308,0.054,0.88,0.6711560000960307,0.0
S00010,IoT-GW,edge-B,461,DONE,14.22895,14.23017,1.2165740001819358,1.2165740001819358,0.036,0.821,0.35957400018193586,0.0
S00006,IMS-CSCF,core-1,434,DONE,14.23021,14.23196,1.7415149998214474,13.741514999821447,0.106,1.354,0.28151499982144723,6.0
S00009,IoT-GW,edge-A,512,DONE,14.23165,14.23449,2.838304000079006,2.838304000079006,0.126,1.417,1.2953040000790061,0.0
S00010,IoT-GW,edge-B,462,DONE,14.24278,14.24464,1.866041999846857,1.866041999846857,0.08,1.153,0.6330419998468568,0.0
S00010,IoT-GW,edge-B,463,DONE,14.25189,14.25544,3.5404520001520723,3.5404520001520723,0.113,2.984,0.4434520001520723,0.0
S00001,vRAN-DU,edge-A,462,DONE,14.25202,14.25664,4.62275499990028,4.62275499990028,0.095,4.105,0.4227549999002802,0.0
S00001,vRAN-DU,edge-A,463,DONE,14.25424,14.25755,3.3041020001292054,3.3041020001292054,0.055,2.895,0.35410200012920523,0.0
S00003,UPF,core-1,473,DONE,14.25759,14.26015,2.5568559999555873,12.556855999955587,0.095,2.033,0.4288559999555872,5.0
S00008,Transcoder,core-1,243,DONE,14.25883,14.26515,6.318586000134019,18.31858600013402,0.056,5.955,0.3075860001340187,6.0
S00003,UPF,core-1,474,DONE,14.2613,14.26634,5.0409899999976915,15.040989999997691,0.081,4.649,0.31098999999769106,5.0
S00006,IMS-CSCF,core-1,435,DONE,14.26961,14.27174,2.1360799999001756,14.136079999900176,0.067,1.497,0.5720799999001753,6.0
S00006,IMS-CSCF,core-1,436,DONE,14.27395,14.27588,1.9319240000186255,13.931924000018626,0.097,1.424,0.4109240000186256,6.0
S00005,IMS-CSCF,core-1,468,DONE,14.27409,14.27611,2.0265430000563356,12.026543000056336,0.08,1.562,0.38454300005633546,5.0
S00006,IMS-CSCF,core-1,437,DONE,14.27932,14.28137,2.0482179997998173,14.048217999799817,0.078,1.512,0.45821799979981725,6.0
S00005,IMS-CSCF,core-1,469,DONE,14.27941,14.28152,2.106691000108185,12.106691000108185,0.119,1.548,0.43969100010818507,5.0
S00006,IMS-CSCF,core-1,438,DONE,14.28137,14.2829,1.529535000145188,13.529535000145188,0.041,1.176,0.3125350001451881,6.0
S00006,IMS-CSCF,core-1,439,DONE,14.28707,14.28874,1.6715609999664593,13.67156099996646,0.048,1.286,0.3375609999664593,6.0
S00002,vRAN-DU,edge-B,468,DONE,14.29293,14.29693,4.003071000170166,4.003071000170166,0.091,3.262,0.6500710001701662,0.0
S00003,UPF,core-1,475,DONE,14.29417,14.29794,3.7691459999678045,13.769145999967805,0.047,3.463,0.2591459999678043,5.0
S00010,IoT-GW,edge-B,464,DONE,14.29639,14.29789,1.501916000052006,1.501916000052006,0.042,0.968,0.491916000052006,0.0
S00004,UPF,core-1,481,DONE,14.29911,14.30141,2.305599000010261,14.305599000010261,0.049,1.924,0.3325990000102612,6.0
S00006,IMS-CSCF,core-1,440,DONE,14.30034,14.30196,1.6239199999290577,13.623919999929058,0.048,1.217,0.35891999992905754,6.0
S00010,IoT-GW,edge-B,465,DONE,14.31418,14.3159,1.7249439999886818,1.7249439999886818,0.08,1.071,0.5739439999886817,0.0
S00010,IoT-GW,edge-B,466,DONE,14.32214,14.32371,1.5640999999959604,1.5640999999959604,0.09,1.02,0.4540999999959603,0.0
S00007,Transcoder,core-1,275,DONE,14.32587,14.33674,10.87710199999492,20.87710199999492,0.084,10.096,0.6971019999949206,5.0
S00009,IoT-GW,edge-A,513,DONE,14.32711,14.3287,1.5888469999936206,1.5888469999936206,0.078,0.986,0.5248469999936205,0.0
S00007,Transcoder,core-1,276,DONE,14.33089,14.34596,15.075088000003234,25.075088000003234,0.102,14.603,0.37008800000323383,5.0
S00010,IoT-GW,edge-B,467,DONE,14.33517,14.33722,2.0461990000057995,2.0461990000057995,0.104,1.554,0.3881990000057993,0.0
S00004,UPF,core-1,482,DONE,14.33524,14.33968,4.4410489999791025,16.441048999979103,0.07,3.677,0.6940489999791022,6.0
S00006,IMS-CSCF,core-1,441,DONE,14.33644,14.34069,4.250565000120332,16.250565000120332,0.052,3.891,0.3075650001203325,6.0
S00010,IoT-GW,edge-B,468,DONE,14.33839,14.33999,1.5968549998888193,1.5968549998888193,0.048,1.245,0.30385499988881914,0.0
S00001,vRAN-DU,edge-A,464,DONE,14.3387,14.3432,4.500776999975642,4.500776999975642,0.063,4.016,0.4217769999756422,0.0
S00001,vRAN-DU,edge-A,465,DONE,14.34183,14.34574,3.91054599981544,3.91054599981544,0.052,3.554,0.3045459998154403,0.0
S00002,vRAN-DU,edge-B,469,DONE,14.34302,14.34594,2.9150349998872116,2.9150349998872116,0.043,2.492,0.38003499988721146,0.0
S00003,UPF,core-1,476,DONE,14.35012,14.3525,2.379112999960853,12.379112999960853,0.051,1.92,0.4081129999608528,5.0
S00005,IMS-CSCF,core-1,470,DONE,14.35136,14.35299,1.6289190000406961,11.628919000040696,0.047,1.226,0.3559190000406962,5.0
S00001,vRAN-DU,edge-A,466,DONE,14.35715,14.36012,2.9632860000674555,2.9632860000674555,0.062,2.527,0.3742860000674555,0.0
S00010,IoT-GW,edge-B,469,DONE,14.36532,14.36702,1.6987270000754506,1.6987270000754506,0.09,1.155,0.4537270000754505,0.0
S00001,vRAN-DU,edge-A,467,DONE,14.36541,14.36964,4.230587000165542,4.230587000165542,0.882,2.72,0.6285870001655418,0.0
S00009,IoT-GW,edge-A,514,DONE,14.3655,14.36914,3.6379790001319634,3.6379790001319634,0.913,2.186,0.5389790001319632,0.0
S00005,IMS-CSCF,core-1,471,DONE,14.37186,14.37413,2.27252500008035,12.27252500008035,0.073,1.769,0.43052500008035,5.0
S00004,UPF,core-1,483,DONE,14.37733,14.37968,2.3569859999952314,14.356985999995231,0.056,1.807,0.4939859999952314,6.0
S00009,IoT-GW,edge-A,515,DONE,14.37742,14.37968,2.2605789999943227,2.2605789999943227,0.052,1.739,0.4695789999943225,0.0
S00001,vRAN-DU,edge-A,468,DONE,14.37969,14.38481,5.123244999822418,5.123244999822418,0.065,4.662,0.396244999822418,0.0
S00001,vRAN-DU,edge-A,469,DONE,14.37976,14.38261,2.849040999990393,2.849040999990393,0.11,2.405,0.3340409999903935,0.0
S00004,UPF,core-1,484,DONE,14.38261,14.3848,2.1932399999968766,14.193239999996877,0.047,1.736,0.41023999999687644,6.0
S00004,UPF,core-1,485,DONE,14.38602,14.3901,4.079999999930806,16.079999999930806,0.048,3.484,0.5479999999308056,6.0
S00009,IoT-GW,edge-A,516,DONE,14.38728,14.39011,2.8258679999453307,2.8258679999453307,0.077,2.439,0.30986799994533065,0.0
S00002,vRAN-DU,edge-B,470,DONE,14.38761,14.39104,3.4223210000163817,3.4223210000163817,0.072,2.924,0.42632100001638173,0.0
S00007,Transcoder,core-1,277,DONE,14.39636,14.40549,9.133969999993496,19.133969999993496,0.055,8.498,0.5809699999934974,5.0
S00006,IMS-CSCF,core-1,442,DONE,14.4055,14.40734,1.8436149998706242,13.843614999870624,0.071,1.353,0.41961499987062423,6.0
S00006,IMS-CSCF,core-1,443,DONE,14.41163,14.41405,2.418601000044873,14.418601000044873,0.052,1.926,0.44060100004487324,6.0
S00003,UPF,core-1,477,DONE,14.41725,14.42054,3.289915000095789,13.289915000095789,0.089,2.652,0.5489150000957888,5.0
S00005,IMS-CSCF,core-1,472,DONE,14.41735,14.42036,3.005518000009033,13.005518000009033,0.151,2.28,0.5745180000090335,5.0
S00005,IMS-CSCF,core-1,473,DONE,14.41955,14.42264,3.084034000039537,13.084034000039537,0.185,1.842,1.057034000039537,5.0
S00008,Transcoder,core-1,244,DONE,14.4217,14.43169,9.99720800018622,21.99720800018622,0.081,9.142,0.7742080001862206,6.0
S00009,IoT-GW,edge-A,517,DONE,14.42264,14.42534,2.690911000172491,2.690911000172491,0.081,2.198,0.41191100017249127,0.0
S00006,IMS-CSCF,core-1,444,DONE,14.42956,14.4317,2.148347999991529,14.148347999991529,0.065,1.281,0.8023479999915291,6.0
S00001,vRAN-DU,edge-A,470,DONE,14.43087,14.43606,5.190317999904437,5.190317999904437,0.096,2.92,2.174317999904437,0.0
S00010,IoT-GW,edge-B,470,DONE,14.43395,14.43627,2.3119210000004387,2.3119210000004387,0.119,1.37,0.8229210000004388,0.0
S00006,IMS-CSCF,core-1,445,DONE,14.43401,14.43607,2.0526139999219595,14.05261399992196,0.059,1.235,0.7586139999219594,6.0
S00004,UPF,core-1,486,DONE,14.44457,14.44879,4.216043000042191,16.21604300004219,0.067,3.585,0.564043000042191,6.0
S00007,Transcoder,core-1,278,DONE,14.44596,14.45723,11.271200999999564,21.271200999999564,0.077,10.745,0.4492009999995652,5.0
S00005,IMS-CSCF,core-1,474,DONE,14.44832,14.45388,5.560814999853392,15.560814999853392,0.046,5.047,0.4678149998533918,5.0
S00006,IMS-CSCF,core-1,446,DONE,14.44999,14.45371,3.720832999988488,15.720832999988488,0.054,3.131,0.5358329999884885,6.0
S00010,IoT-GW,edge-B,471,DONE,14.46038,14.46229,1.9071389999680832,1.9071389999680832,0.116,1.229,0.562138999968083,0.0
S00007,Transcoder,core-1,279,DONE,14.46653,14.4729,6.378096000162259,16.37809600016226,0.074,5.825,0.47909600016225884,5.0
S00002,vRAN-DU,edge-B,471,DONE,14.47711,14.48036,3.2530949999909353,3.2530949999909353,0.105,2.631,0.5170949999909356,0.0
S00003,UPF,core-1,478,DONE,14.48358,14.48666,3.074514999980238,13.074514999980238,0.078,2.574,0.4225149999802382,5.0
S00009,IoT-GW,edge-A,518,DONE,14.48368,14.48536,1.6764859999511827,1.6764859999511827,0.09,1.109,0.4774859999511827,0.0
S00009,IoT-GW,edge-A,519,DONE,14.48654,14.48817,1.6264000000774104,1.6264000000774104,0.053,1.171,0.4024000000774104,0.0
S00010,IoT-GW,edge-B,472,DONE,14.48785,14.48937,1.519099000006463,1.519099000006463,0.068,1.046,0.40509900000646293,0.0
S00003,UPF,core-1,479,DONE,14.48938,14.49263,3.2476609999321226,13.247660999932123,0.085,2.731,0.4316609999321228,5.0
S00005,IMS-CSCF,core-1,475,DONE,14.48953,14.49304,3.505399000005127,13.505399000005127,0.105,2.981,0.4193990000051273,5.0
S00007,Transcoder,core-1,280,DONE,14.48961,14.49676,7.151998000153981,17.15199800015398,0.109,6.609,0.4339980001539807,5.0
S00003,UPF,core-1,480,DONE,14.49895,14.5013,2.345877999914592,12.345877999914592,0.051,1.936,0.3588779999145917,5.0
S00010,IoT-GW,edge-B,473,DONE,14.50451,14.50611,1.6001890001007268,1.6001890001007268,0.073,1.076,0.4511890001007268,0.0
S00002,vRAN-DU,edge-B,472,DONE,14.50835,14.51122,2.8730870001254516,2.8730870001254516,0.053,2.473,0.3470870001254518,0.0
S00003,UPF,core-1,481,DONE,14.51063,14.51302,2.3886160001893586,12.388616000189359,0.062,1.926,0.40061600018935883,5.0
S00003,UPF,core-1,482,DONE,14.51233,14.51497,2.644519999876138,12.644519999876138,0.45,1.817,0.37751999987613805,5.0
S00003,UPF,core-1,483,DONE,14.51614,14.51851,2.3690509999596543,12.369050999959654,0.074,1.93,0.3650509999596545,5.0
S00004,UPF,core-1,487,DONE,14.51621,14.5199,3.6826340001425706,15.68263400014257,0.137,3.185,0.3606340001425705,6.0
S00004,UPF,core-1,488,DONE,14.52108,14.52333,2.252975000146762,14.252975000146762,0.048,1.835,0.3699750001467619,6.0
S00004,UPF,core-1,489,DONE,14.52334,14.52559,2.257121999946321,14.257121999946321,0.043,1.888,0.32612199994632096,6.0
S00002,vRAN-DU,edge-B,473,DONE,14.52457,14.52754,2.978692999931809,2.978692999931809,0.071,2.533,0.37469299993180893,0.0
S00008,Transcoder,core-1,245,DONE,14.53073,14.54197,11.236310999947818,23.23631099994782,0.106,10.768,0.3623109999478178,6.0
S00007,Transcoder,core-1,281,DONE,14.53081,14.53705,6.2407370000983065,16.240737000098306,0.052,5.819,0.3697370000983069,5.0
S00009,IoT-GW,edge-A,520,DONE,14.53085,14.54925,18.402709999918443,18.402709999918443,0.081,17.796,0.525709999918444,0.0
S00001,vRAN-DU,edge-A,471,DONE,14.53674,14.54954,12.797201000012137,12.797201000012137,0.132,11.443,1.222201000012138,0.0
S00003,UPF,core-1,484,DONE,14.53683,14.54208,5.246073000080287,15.246073000080287,0.038,4.799,0.40907300008028624,5.0
S00002,vRAN-DU,edge-B,474,DONE,14.53689,14.54622,9.331750999990618,9.331750999990618,0.088,8.108,1.1357509999906181,0.0
S00010,IoT-GW,edge-B,474,DONE,14.53693,14.54187,4.934052999942651,4.934052999942651,0.128,3.551,1.2550529999426505,0.0
S00010,IoT-GW,edge-B,475,DONE,14.53696,14.54522,8.259664999968663,8.259664999968663,3.81,3.24,1.2096649999686626,0.0
S00006,IMS-CSCF,core-1,447,DONE,14.54037,14.54605,5.682058000047618,17.68205800004762,0.069,4.46,1.1530580000476185,6.0
S00009,IoT-GW,edge-A,521,DONE,14.54187,14.55097,9.099195000089821,9.099195000089821,0.187,1.259,7.653195000089822,0.0
S00010,IoT-GW,edge-B,476,DONE,14.54202,14.5512,9.186653999904593,9.186653999904593,4.104,4.719,0.36365399990459224,0.0
S00002,vRAN-DU,edge-B,475,DONE,14.54464,14.54849,3.8514959999247367,3.8514959999247367,0.255,3.263,0.3334959999247369,0.0
S00004,UPF,core-1,490,DONE,14.55948,14.5644,4.912533000151598,16.912533000151598,0.092,2.27,2.550533000151598,6.0
S00005,IMS-CSCF,core-1,476,DONE,14.5596,14.56161,2.006184000038047,12.006184000038047,0.162,1.386,0.45818400003804727,5.0
S00002,vRAN-DU,edge-B,476,DONE,14.56161,14.56515,3.541054999914195,3.541054999914195,0.062,3.061,0.41805499991419515,0.0
S00004,UPF,core-1,491,DONE,14.5644,14.56698,2.578176000042731,14.578176000042731,0.054,2.092,0.43217600004273127,6.0
S00008,Transcoder,core-1,246,DONE,14.57122,14.57988,8.659742999952869,20.65974299995287,0.06,8.06,0.5397429999528676,6.0
S00008,Transcoder,core-1,247,DONE,14.57355,14.58063,7.081862999939403,19.081862999939403,0.054,6.258,0.7698629999394031,6.0
S00004,UPF,core-1,492,DONE,14.57887,14.58177,2.9030350001448824,14.903035000144882,0.063,2.411,0.42903500014488216,6.0
S00009,IoT-GW,edge-A,522,DONE,14.57988,14.58178,1.89152699999795,1.89152699999795,0.085,1.157,0.64952699999795,0.0
S00002,vRAN-DU,edge-B,477,DONE,14.585,14.59324,8.234404999939215,8.234404999939215,0.083,7.069,1.0824049999392154,0.0
S00007,Transcoder,core-1,282,DONE,14.58511,14.59702,11.912752999933218,21.91275299993322,0.066,11.519,0.3277529999332174,5.0
S00004,UPF,core-1,493,DONE,14.58635,14.59041,4.058175999944069,16.05817599994407,0.05,3.461,0.5471759999440695,6.0
S00009,IoT-GW,edge-A,523,DONE,14.58641,14.59558,9.167075999812369,9.167075999812369,0.071,5.824,3.272075999812369,0.0
S00006,IMS-CSCF,core-1,448,DONE,14.58767,14.59323,5.566553999869939,17.56655399986994,0.045,4.083,1.4385539998699386,6.0
S00003,UPF,core-1,485,DONE,14.58886,14.59173,2.867455999876256,12.867455999876256,0.045,2.487,0.3354559998762561,5.0
S00002,vRAN-DU,edge-B,478,DONE,14.59041,14.5993,8.886537999842403,8.886537999842403,0.08,8.452,0.3545379998424032,0.0
S00010,IoT-GW,edge-B,477,DONE,14.59324,14.59673,3.4828079999442707,3.4828079999442707,0.049,2.999,0.43480799994427066,0.0
S00004,UPF,core-1,494,DONE,14.59559,14.60057,4.982177999863779,16.98217799986378,0.063,4.548,0.37117799986377964,6.0
S00006,IMS-CSCF,core-1,449,DONE,14.59566,14.59794,2.276953000091453,14.276953000091453,0.088,1.918,0.27095300009145284,6.0
S00002,vRAN-DU,edge-B,479,DONE,14.59673,14.60133,4.601628000045821,4.601628000045821,0.042,4.301,0.258628000045821,0.0
S00002,vRAN-DU,edge-B,480,DONE,14.60969,14.61329,3.594941000073959,3.594941000073959,0.078,2.749,0.767941000073959,0.0
S00005,IMS-CSCF,core-1,477,DONE,14.61309,14.61607,2.981658999942738,12.981658999942738,0.083,1.323,1.5756589999427377,5.0
S00002,vRAN-DU,edge-B,481,DONE,14.61319,14.61626,3.076577999991059,3.076577999991059,0.087,2.554,0.4355779999910592,0.0
S00005,IMS-CSCF,core-1,478,DONE,14.61607,14.61782,1.7431109999961336,11.743110999996134,0.082,1.177,0.4841109999961335,5.0
S00010,IoT-GW,edge-B,478,DONE,14.61614,14.61735,1.2157599999227386,1.2157599999227386,0.124,0.867,0.22475999992273854,0.0
S00008,Transcoder,core-1,248,DONE,14.62305,14.63014,7.093224000072951,19.09322400007295,0.062,6.414,0.6172240000729508,6.0
S00007,Transcoder,core-1,283,DONE,14.62634,14.63694,10.597289999850545,20.597289999850545,0.05,10.165,0.38228999985054557,5.0
S00006,IMS-CSCF,core-1,450,DONE,14.6291,14.63137,2.268022999942332,14.268022999942332,0.193,1.395,0.6800229999423317,6.0
S00008,Transcoder,core-1,249,DONE,14.6292,14.63715,7.953111000006174,19.953111000006174,0.297,7.119,0.537111000006175,6.0
S00002,vRAN-DU,edge-B,482,DONE,14.63137,14.63516,3.786183000102028,3.786183000102028,0.079,3.163,0.544183000102028,0.0
S00002,vRAN-DU,edge-B,483,DONE,14.63457,14.63913,4.5575249998819345,4.5575249998819345,0.04,3.859,0.6585249998819345,0.0
S00005,IMS-CSCF,core-1,479,DONE,14.63833,14.63985,1.516345000027286,11.516345000027286,0.048,1.118,0.35034500002728586,5.0
S00005,IMS-CSCF,core-1,480,DONE,14.63913,14.64116,2.028801000051317,12.028801000051317,0.499,1.187,0.34280100005131664,5.0
S00005,IMS-CSCF,core-1,481,DONE,14.64537,14.64717,1.8006729999342497,11.80067299993425,0.05,1.37,0.3806729999342495,5.0
S00009,IoT-GW,edge-A,524,DONE,14.65139,14.65323,1.84086300009767,1.84086300009767,0.082,1.165,0.5938630000976699,0.0
S00003,UPF,core-1,486,DONE,14.65328,14.65739,4.108291999955327,14.108291999955327,0.058,3.622,0.4282919999553272,5.0
S00008,Transcoder,core-1,250,DONE,14.65453,14.66183,7.298204999869995,19.298204999869995,0.048,6.898,0.3522049998699952,6.0
S00009,IoT-GW,edge-A,525,DONE,14.65579,14.65806,2.2686170000270067,2.2686170000270067,0.063,1.34,0.8656170000270065,0.0
S00010,IoT-GW,edge-B,479,DONE,14.65586,14.65784,1.9832800001040596,1.9832800001040596,0.078,1.39,0.5152800001040596,0.0
S00006,IMS-CSCF,core-1,451,DONE,14.65924,14.66095,1.7073950000394689,13.707395000039469,0.045,1.337,0.325395000039469,6.0
S00003,UPF,core-1,487,DONE,14.66095,14.66352,2.570783000010124,12.570783000010124,0.043,2.017,0.5107830000101239,5.0
S00001,vRAN-DU,edge-A,472,DONE,14.66301,14.67135,8.340499000041746,8.340499000041746,0.057,6.272,2.011499000041745,0.0
S00002,vRAN-DU,edge-B,484,DONE,14.66335,14.66728,3.9305209998019563,3.9305209998019563,0.062,3.307,0.5615209998019566,0.0
S00004,UPF,core-1,495,DONE,14.6634,14.66551,2.1132429999397573,14.113242999939757,0.044,1.635,0.43424299993975723,6.0
S00008,Transcoder,core-1,251,DONE,14.66552,14.67971,14.193368999940503,26.193368999940503,0.101,13.592,0.5003689999405019,6.0
S00004,UPF,core-1,496,DONE,14.66557,14.6741,8.529530000032537,20.529530000032537,0.05,7.812,0.6675300000325359,6.0
S00009,IoT-GW,edge-A,526,DONE,14.66728,14.67136,4.082638999989285,4.082638999989285,0.068,3.422,0.5926389999892856,0.0
S00001,vRAN-DU,edge-A,473,DONE,14.67137,14.68035,8.977268999842636,8.977268999842636,0.051,8.388,0.5382689998426358,0.0
S00006,IMS-CSCF,core-1,452,DONE,14.67272,14.68155,8.828809999840814,20.828809999840814,0.451,6.721,1.6568099998408137,6.0
S00004,UPF,core-1,497,DONE,14.67279,14.67715,4.364248999991105,16.364248999991105,0.206,2.516,1.6422489999911045,6.0
S00002,vRAN-DU,edge-B,485,DONE,14.67716,14.68118,4.0205210000294755,4.0205210000294755,0.115,3.536,0.3695210000294753,0.0
S00009,IoT-GW,edge-A,527,DONE,14.69177,14.6933,1.5297170000394544,1.5297170000394544,0.075,1.076,0.3787170000394544,0.0
S00001,vRAN-DU,edge-A,474,DONE,14.69549,14.69841,2.9136929999822314,2.9136929999822314,0.051,2.508,0.35469299998223125,0.0
S00008,Transcoder,core-1,252,DONE,14.69958,14.70748,7.901803000095242,19.901803000095242,0.086,7.325,0.4908030000952417,6.0
S00003,UPF,core-1,488,DONE,14.70182,14.7061,4.274323999879925,14.274323999879925,0.063,3.88,0.3313239998799258,5.0
S00010,IoT-GW,edge-B,480,DONE,14.70305,14.70441,1.3604600001144718,1.3604600001144718,0.074,0.813,0.47346000011447176,0.0
S00010,IoT-GW,edge-B,481,DONE,14.7157,14.71753,1.8329229999380914,1.8329229999380914,0.073,1.231,0.5289229999380913,0.0
S00010,IoT-GW,edge-B,482,DONE,14.71697,14.71865,1.6792890000942862,1.6792890000942862,0.046,0.917,0.7162890000942861,0.0
S00002,vRAN-DU,edge-B,486,DONE,14.72999,14.73337,3.3777400001326896,3.3777400001326896,0.081,2.72,0.5767400001326894,0.0
S00010,IoT-GW,edge-B,483,DONE,14.73338,14.73476,1.377748999857431,1.377748999857431,0.047,0.945,0.38574899985743116,0.0
S00007,Transcoder,core-1,284,DONE,14.73796,14.74863,10.675246999880983,20.675246999880983,0.102,10.107,0.4662469998809833,5.0
S00002,vRAN-DU,edge-B,487,DONE,14.74027,14.74833,8.060531000182891,8.060531000182891,0.057,7.074,0.9295310001828909,0.0
S00004,UPF,core-1,498,DONE,14.74155,14.74734,5.794768999976441,17.79476899997644,0.096,4.999,0.6997689999764409,6.0
S00006,IMS-CSCF,core-1,453,DONE,14.74161,14.74733,5.726457000037044,17.726457000037044,0.174,4.891,0.6614570000370437,6.0
S00002,vRAN-DU,edge-B,488,DONE,14.74164,14.74735,5.704805000050328,5.704805000050328,0.045,4.767,0.8928050000503278,0.0
S00005,IMS-CSCF,core-1,482,DONE,14.74171,14.74732,5.616723000002821,15.616723000002821,0.144,4.885,0.5877230000028213,5.0
S00001,vRAN-DU,edge-A,475,DONE,14.74735,14.75098,3.625932000204557,3.625932000204557,0.124,2.756,0.7459320002045571,0.0
S00003,UPF,core-1,489,DONE,14.74981,14.7521,2.290657999992618,12.290657999992618,0.05,1.922,0.31865799999261823,5.0
S00002,vRAN-DU,edge-B,489,DONE,14.75829,14.76139,3.09292900010405,3.09292900010405,0.061,2.588,0.4439290001040499,0.0
S00002,vRAN-DU,edge-B,490,DONE,14.76661,14.77108,4.468211000130395,4.468211000130395,0.054,3.966,0.44821100013039494,0.0
S00005,IMS-CSCF,core-1,483,DONE,14.76786,14.77002,2.15757199998734,12.15757199998734,0.081,1.542,0.53457199998734,5.0
S00007,Transcoder,core-1,285,DONE,14.77236,14.79059,18.22728500019366,28.22728500019366,0.091,17.652,0.4842850001936583,5.0
S00004,UPF,core-1,499,DONE,14.77252,14.77513,2.6144419998672674,14.614441999867267,0.066,2.123,0.4254419998672674,6.0
S00005,IMS-CSCF,core-1,484,DONE,14.7773,14.77907,1.766566000014791,11.766566000014791,0.048,1.316,0.4025660000147908,5.0
S00007,Transcoder,core-1,286,DONE,14.77907,14.78534,6.265782000127729,16.26578200012773,0.042,5.904,0.31978200012772895,5.0
S00001,vRAN-DU,edge-A,476,DONE,14.78148,14.79331,11.826650000102745,11.826650000102745,0.129,8.411,3.286650000102746,0.0
S00002,vRAN-DU,edge-B,491,DONE,14.78535,14.79257,7.221007999987705,7.221007999987705,0.078,6.742,0.401007999987705,0.0
S00006,IMS-CSCF,core-1,454,DONE,14.78889,14.79328,4.3865150000783615,16.38651500007836,0.051,3.993,0.34251500007836144,6.0
S00006,IMS-CSCF,core-1,455,DONE,14.79553,14.79726,1.7277760000524722,13.727776000052472,0.055,1.255,0.4177760000524724,6.0
S00008,Transcoder,core-1,253,DONE,14.79726,14.8035,6.238884000140388,18.238884000140388,0.078,5.784,0.3768840001403877,6.0
S00001,vRAN-DU,edge-A,477,DONE,14.79734,14.80066,3.321868000057293,3.321868000057293,0.063,2.901,0.35786800005729313,0.0
S00006,IMS-CSCF,core-1,456,DONE,14.80469,14.80638,1.6929860000800545,13.692986000080055,0.05,1.271,0.37198600008005456,6.0
S00010,IoT-GW,edge-B,484,DONE,14.81358,14.81533,1.7476040000019566,1.7476040000019566,0.086,1.116,0.5456040000019564,0.0
S00010,IoT-GW,edge-B,485,DONE,14.81368,14.81778,4.105616000060763,4.105616000060763,1.348,1.284,1.4736160000607634,0.0
S00010,IoT-GW,edge-B,486,DONE,14.81533,14.81793,2.600384999823291,2.600384999823291,1.031,1.048,0.5213849998232909,0.0
S00001,vRAN-DU,edge-A,478,DONE,14.8166,14.82079,4.186483000012231,4.186483000012231,0.085,3.413,0.6884830000122313,0.0
S00007,Transcoder,core-1,287,DONE,14.81766,14.83145,13.783664999891698,23.7836649998917,0.097,10.684,3.0026649998916994,5.0
S00002,vRAN-DU,edge-B,492,DONE,14.81783,14.82294,5.104455000036978,5.104455000036978,0.043,4.688,0.3734550000369783,0.0
S00005,IMS-CSCF,core-1,485,DONE,14.82013,14.82889,8.761554000102478,18.76155400010248,0.145,7.091,1.5255540001024785,5.0
S00007,Transcoder,core-1,288,DONE,14.82294,14.83312,10.181324000086533,20.181324000086533,0.066,9.784,0.33132400008653207,5.0
S00006,IMS-CSCF,core-1,457,DONE,14.8262,14.82901,2.811490999874877,14.811490999874877,0.087,2.409,0.31549099987487716,6.0
S00002,vRAN-DU,edge-B,493,DONE,14.82741,14.83128,3.8679669999055477,3.8679669999055477,0.055,3.069,0.7439669999055476,0.0
S00006,IMS-CSCF,core-1,458,DONE,14.83018,14.83264,2.4598449999757577,14.459844999975758,0.039,1.359,1.0618449999757575,6.0
S00005,IMS-CSCF,core-1,486,DONE,14.83731,14.83947,2.157039999929111,12.157039999929111,0.049,1.563,0.5450399999291113,5.0
S00002,vRAN-DU,edge-B,494,DONE,14.83856,14.8444,5.834288999949422,5.834288999949422,0.053,2.469,3.312288999949422,0.0
S00005,IMS-CSCF,core-1,487,DONE,14.83864,14.84546,6.812869999976101,16.8128699999761,0.374,6.021,0.4178699999761015,5.0
S00008,Transcoder,core-1,254,DONE,14.83872,14.84722,8.498615000007703,20.498615000007703,0.041,8.134,0.3236150000077025,6.0
S00010,IoT-GW,edge-B,487,DONE,14.8444,14.84568,1.2761779998982092,1.2761779998982092,0.049,0.906,0.3211779998982093,0.0
S00003,UPF,core-1,490,DONE,14.8494,14.85194,2.5326779998522397,12.53267799985224,0.051,2.088,0.3936779998522395,5.0
S00010,IoT-GW,edge-B,488,DONE,14.85513,14.85653,1.400461000002906,1.400461000002906,0.099,0.74,0.5614610000029061,0.0
S00008,Transcoder,core-1,255,DONE,14.85521,14.86176,6.545956999843838,18.54595699984384,0.048,6.144,0.3539569998438381,6.0
S00010,IoT-GW,edge-B,489,DONE,14.85653,14.85755,1.0137829999621317,1.0137829999621317,0.044,0.596,0.3737829999621317,0.0
S00004,UPF,core-1,500,DONE,14.85871,14.86097,2.2564900000361376,14.256490000036138,0.047,1.887,0.3224900000361375,6.0
S00007,Transcoder,core-1,289,DONE,14.86097,14.86695,5.976914000029865,15.976914000029865,0.039,5.582,0.3559140000298653,5.0
S00002,vRAN-DU,edge-B,495,DONE,14.86176,14.86454,2.7738160001717915,2.7738160001717915,0.045,2.413,0.3158160001717918,0.0
S00010,IoT-GW,edge-B,490,DONE,14.87316,14.87487,1.7099539998071123,1.7099539998071123,0.076,1.094,0.5399539998071121,0.0
S00004,UPF,core-1,501,DONE,14.87604,14.8788,2.7621009999165835,14.762100999916584,0.133,2.107,0.5221009999165833,6.0
S00007,Transcoder,core-1,290,DONE,14.87731,14.88341,6.098264000002018,16.09826400000202,0.055,5.706,0.33726400000201817,5.0
S00002,vRAN-DU,edge-B,496,DONE,14.88001,14.8833,3.2985479999751988,3.2985479999751988,0.063,2.626,0.6095479999751987,0.0
S00002,vRAN-DU,edge-B,497,DONE,14.88268,14.88639,3.701303000070766,3.701303000070766,0.041,3.099,0.5613030000707657,0.0
S00010,IoT-GW,edge-B,491,DONE,14.88331,14.88523,1.920276999953785,1.920276999953785,0.042,1.268,0.6102769999537849,0.0
S00007,Transcoder,core-1,291,DONE,14.88523,14.89198,6.74806000006356,16.74806000006356,0.084,6.284,0.380060000063561,5.0
S00010,IoT-GW,edge-B,492,DONE,14.89929,14.90124,1.9538100000318082,1.9538100000318082,0.075,1.34,0.5388100000318081,0.0
S00003,UPF,core-1,491,DONE,14.90246,14.90536,2.906944999949701,12.906944999949701,0.076,2.408,0.42294499994970103,5.0
S00009,IoT-GW,edge-A,528,DONE,14.91258,14.91419,1.6079449999324424,1.6079449999324424,0.099,0.943,0.5659449999324425,0.0
S00006,IMS-CSCF,core-1,459,DONE,14.9127,14.91631,3.619335000166757,15.619335000166757,0.223,2.722,0.674335000166757,6.0
S00003,UPF,core-1,492,DONE,14.91278,14.91649,3.710438000098293,13.710438000098293,0.063,2.971,0.6764380000982926,5.0
S00004,UPF,core-1,502,DONE,14.91632,14.91878,2.4630269999761367,14.463026999976137,0.053,2.051,0.35902699997613663,6.0
S00007,Transcoder,core-1,292,DONE,14.91867,14.92552,6.84713800001191,16.84713800001191,0.049,6.417,0.38113800001190956,5.0
S00004,UPF,core-1,503,DONE,14.92001,14.92213,2.120218000072782,14.120218000072782,0.046,1.736,0.33821800007278235,6.0
S00003,UPF,core-1,493,DONE,14.92959,14.93228,2.6865739998811478,12.686573999881148,0.085,2.085,0.5165739998811478,5.0
S00001,vRAN-DU,edge-A,479,DONE,14.93193,14.93559,3.6544110000704677,3.6544110000704677,0.123,2.848,0.6834110000704676,0.0
S00003,UPF,core-1,494,DONE,14.93451,14.93703,2.51525099997707,12.51525099997707,0.086,2.043,0.38625099997707,5.0
S00010,IoT-GW,edge-B,493,DONE,14.93676,14.93853,1.7727009999362053,1.7727009999362053,0.084,1.102,0.5867009999362052,0.0
S00002,vRAN-DU,edge-B,498,DONE,14.94075,14.94389,3.137334000030023,3.137334000030023,0.055,2.597,0.485334000030023,0.0
S00001,vRAN-DU,edge-A,480,DONE,14.94085,14.94607,5.220096999892121,5.220096999892121,0.22,4.461,0.5390969998921209,0.0
S00010,IoT-GW,edge-B,494,DONE,14.94389,14.94924,5.3478269999232,5.3478269999232,0.04,2.621,2.6868269999231997,0.0
S00001,vRAN-DU,edge-A,481,DONE,14.94608,14.94945,3.374285000063537,3.374285000063537,0.049,3.005,0.32028500006353733,0.0
S00006,IMS-CSCF,core-1,460,DONE,14.94654,14.94925,2.703597999925478,14.703597999925478,0.08,1.483,1.1405979999254776,6.0
S00010,IoT-GW,edge-B,495,DONE,14.94662,14.95031,3.6857160000636213,3.6857160000636213,0.04,3.173,0.47271600006362124,0.0
S00001,vRAN-DU,edge-A,482,DONE,14.94925,14.95332,4.069969000056517,4.069969000056517,0.04,3.474,0.5559690000565167,0.0
S00001,vRAN-DU,edge-A,483,DONE,14.95031,14.95337,3.056095000147252,3.056095000147252,0.044,2.568,0.4440950001472519,0.0
S00001,vRAN-DU,edge-A,484,DONE,14.96369,14.97419,10.500650000039968,10.500650000039968,0.077,9.799,0.6246500000399688,0.0
S00002,vRAN-DU,edge-B,499,DONE,14.96383,14.96753,3.7085100000240345,3.7085100000240345,0.079,2.785,0.8445100000240342,0.0
S00002,vRAN-DU,edge-B,500,DONE,14.96719,14.97354,6.35025599990513,6.35025599990513,0.055,4.955,1.3402559999051302,0.0
S00003,UPF,core-1,495,DONE,14.96726,14.97355,6.290943999829324,16.290943999829324,0.101,5.283,0.9069439998293234,5.0
S00001,vRAN-DU,edge-A,485,DONE,14.96754,14.97191,4.364441000006991,4.364441000006991,0.088,2.765,1.5114410000069909,0.0
S00006,IMS-CSCF,core-1,461,DONE,14.96768,14.97423,6.5499340000769735,18.549934000076973,0.18,5.852,0.5179340000769734,6.0
S00010,IoT-GW,edge-B,496,DONE,14.97087,14.97232,1.444578000018737,1.444578000018737,0.051,0.945,0.44857800001873704,0.0
S00010,IoT-GW,edge-B,497,DONE,14.98158,14.98369,2.103519000002052,2.103519000002052,0.07,1.41,0.6235190000020523,0.0
S00004,UPF,core-1,504,DONE,14.99204,14.99517,3.137478000098781,15.137478000098781,0.087,2.245,0.8054780000987809,6.0
S00005,IMS-CSCF,core-1,488,DONE,14.99946,15.0017,2.238863999991736,12.238863999991736,0.075,1.564,0.5998639999917357,5.0
S00005,IMS-CSCF,core-1,489,DONE,15.00171,15.00447,2.7642850000120234,12.764285000012023,0.049,1.425,1.2902850000120234,5.0
S00001,vRAN-DU,edge-A,486,DONE,15.00179,15.00837,6.571842000084871,6.571842000084871,0.094,5.665,0.8128420000848706,0.0
S00001,vRAN-DU,edge-A,487,DONE,15.00448,15.00872,4.2395460000079765,4.2395460000079765,0.069,3.768,0.4025460000079768,0.0
S00008,Transcoder,core-1,256,DONE,15.0046,15.01777,13.166267000087828,25.166267000087828,0.048,12.163,0.9552670000878276,6.0
S00008,Transcoder,core-1,257,DONE,15.00794,15.01751,9.568562000140446,21.568562000140446,0.056,8.745,0.7675620001404475,6.0
S00009,IoT-GW,edge-A,529,DONE,15.01089,15.01708,6.190102999880764,6.190102999880764,0.126,5.542,0.5221029998807643,0.0
S00001,vRAN-DU,edge-A,488,DONE,15.01096,15.01611,5.152863999910551,5.152863999910551,0.055,4.501,0.5968639999105507,0.0
S00003,UPF,core-1,496,DONE,15.01612,15.02005,3.930549999950017,13.930549999950017,0.656,2.071,1.2035499999500168,5.0
S00009,IoT-GW,edge-A,530,DONE,15.01709,15.01823,1.1451950001628575,1.1451950001628575,0.044,0.743,0.35819500016285744,0.0
S00007,Transcoder,core-1,293,DONE,15.02128,15.02886,7.580363999977635,17.580363999977635,0.059,6.99,0.5313639999776347,5.0
S00001,vRAN-DU,edge-A,489,DONE,15.0392,15.04284,3.6440999999740598,3.6440999999740598,0.084,2.865,0.6950999999740595,0.0
S00010,IoT-GW,edge-B,498,DONE,15.04403,15.04588,1.8590710001262778,1.8590710001262778,0.129,1.127,0.6030710001262778,0.0
S00008,Transcoder,core-1,258,DONE,15.05014,15.05749,7.3493040001721965,19.349304000172197,0.096,6.647,0.6063040001721962,6.0
S00008,Transcoder,core-1,259,DONE,15.05349,15.05993,6.43429699994158,18.43429699994158,0.06,5.754,0.6202969999415808,6.0
S00004,UPF,core-1,505,DONE,15.05677,15.06216,5.390422999880684,17.390422999880684,0.058,4.827,0.5054229998806843,6.0
S00003,UPF,core-1,497,DONE,15.05993,15.06292,2.9913359999227396,12.99133599992274,0.061,2.54,0.3903359999227396,5.0
S00005,IMS-CSCF,core-1,490,DONE,15.06028,15.06285,2.571328999920297,12.571328999920297,0.072,1.899,0.600328999920297,5.0
S00006,IMS-CSCF,core-1,462,DONE,15.06216,15.06415,1.9920019999517535,13.992001999951754,0.055,1.525,0.4120019999517537,6.0
S00010,IoT-GW,edge-B,499,DONE,15.06225,15.06454,2.2995829999672424,2.2995829999672424,0.083,1.731,0.4855829999672421,0.0
S00006,IMS-CSCF,core-1,463,DONE,15.06269,15.06569,2.9990109999289416,14.999010999928942,1.183,1.502,0.31401099992894155,6.0
S00010,IoT-GW,edge-B,500,DONE,15.06286,15.06568,2.8212209999765037,2.8212209999765037,0.551,0.937,1.3332209999765035,0.0
S00001,vRAN-DU,edge-A,490,DONE,15.0679,15.07166,3.7679150000258232,3.7679150000258232,0.125,3.135,0.5079150000258235,0.0
S00010,IoT-GW,edge-B,501,DONE,15.07123,15.07306,1.8287020000116172,1.8287020000116172,0.207,1.124,0.497702000011617,0.0
S00009,IoT-GW,edge-A,531,DONE,15.07427,15.07628,2.0073059999958787,2.0073059999958787,0.194,1.138,0.6753059999958788,0.0
S00002,vRAN-DU,edge-B,501,DONE,15.07629,15.07965,3.366035999988526,3.366035999988526,0.141,2.635,0.5900359999885261,0.0
S00001,vRAN-DU,edge-A,491,DONE,15.08298,15.08691,3.9318290000665,3.9318290000665,0.289,2.935,0.7078290000665,0.0
S00004,UPF,core-1,506,DONE,15.08316,15.08634,3.1793000000561733,15.179300000056173,0.099,2.5,0.5803000000561731,6.0
S00007,Transcoder,core-1,294,DONE,15.08568,15.09697,11.291779999965001,21.291779999965,0.073,10.141,1.077779999965001,5.0
S00003,UPF,core-1,498,DONE,15.08576,15.08884,3.080407999959789,13.080407999959789,0.107,2.035,0.9384079999597885,5.0
S00002,vRAN-DU,edge-B,502,DONE,15.09003,15.09384,3.8098640000043815,3.8098640000043815,0.083,3.229,0.49786400000438125,0.0
S00008,Transcoder,core-1,260,DONE,15.09126,15.09985,8.591329999944719,20.59132999994472,0.061,7.929,0.6013299999447188,6.0
S00004,UPF,core-1,507,DONE,15.09697,15.09988,2.9094599999552884,14.909459999955288,0.043,2.474,0.392459999955288,6.0
S00003,UPF,core-1,499,DONE,15.10421,15.10865,4.4384150000951195,14.43841500009512,0.122,2.134,2.1824150000951197,5.0
S00009,IoT-GW,edge-A,532,DONE,15.1083,15.11102,2.7158779998899263,2.7158779998899263,0.128,2.011,0.576877999889926,0.0
S00009,IoT-GW,edge-A,533,DONE,15.1085,15.11639,7.888971000056699,7.888971000056699,2.274,4.844,0.7709710000566989,0.0
S00001,vRAN-DU,edge-A,492,DONE,15.10871,15.11631,7.597743999895101,7.597743999895101,0.067,6.915,0.6157439998951011,0.0
S00002,vRAN-DU,edge-B,503,DONE,15.11035,15.11621,5.859528999963004,5.859528999963004,0.083,5.125,0.6515289999630038,0.0
S00009,IoT-GW,edge-A,534,DONE,15.11643,15.11824,1.8088979998083232,1.8088979998083232,0.08,1.203,0.5258979998083231,0.0
S00010,IoT-GW,edge-B,502,DONE,15.1267,15.12913,2.4266000000352506,2.4266000000352506,0.089,1.6,0.7376000000352505,0.0
S00003,UPF,core-1,500,DONE,15.12818,15.13175,3.5748770001191588,13.574877000119159,0.09,2.927,0.5578770001191589,5.0
S00004,UPF,core-1,508,DONE,15.12913,15.13424,5.112743999916347,17.112743999916347,0.063,4.683,0.36674399991634754,6.0
S00006,IMS-CSCF,core-1,464,DONE,15.13647,15.13857,2.0967850000488397,14.09678500004884,0.083,1.454,0.5597850000488396,6.0
S00001,vRAN-DU,edge-A,493,DONE,15.13979,15.14491,5.1159560000542115,5.1159560000542115,0.086,4.383,0.6469560000542112,0.0
S00001,vRAN-DU,edge-A,494,DONE,15.14492,15.1497,4.779205999966507,4.779205999966507,0.09,4.04,0.6492059999665072,0.0
S00006,IMS-CSCF,core-1,465,DONE,15.14501,15.14687,1.8612110000049142,13.861211000004914,0.082,1.362,0.41721100000491407,6.0
S00001,vRAN-DU,edge-A,495,DONE,15.1497,15.15293,3.226159000178086,3.226159000178086,0.077,2.702,0.4471590001780861,0.0
S00006,IMS-CSCF,core-1,466,DONE,15.1573,15.15956,2.2630260000369162,14.263026000036916,0.134,1.39,0.7390260000369164,6.0
S00001,vRAN-DU,edge-A,496,DONE,15.15752,15.16255,5.038810999849375,5.038810999849375,0.105,4.387,0.5468109998493746,0.0
S00003,UPF,core-1,501,DONE,15.15759,15.16216,4.564390000041385,14.564390000041385,0.073,2.949,1.5423900000413848,5.0
S00010,IoT-GW,edge-B,503,DONE,15.16175,15.16728,5.523913999923025,5.523913999923025,0.148,4.545,0.8309139999230251,0.0
S00002,vRAN-DU,edge-B,504,DONE,15.16256,15.16792,5.361747000051764,5.361747000051764,0.06,4.581,0.7207470000517642,0.0
S00003,UPF,core-1,502,DONE,15.16261,15.1675,4.888016999984757,14.888016999984757,0.081,4.394,0.41301699998475616,5.0
S00005,IMS-CSCF,core-1,491,DONE,15.17318,15.17538,2.1918570000707405,12.19185700007074,0.079,1.49,0.6228570000707403,5.0
S00004,UPF,core-1,509,DONE,15.17538,15.17998,4.602931999897919,16.60293199989792,0.058,3.106,1.4389319998979193,6.0
S00003,UPF,core-1,503,DONE,15.17753,15.17999,2.464702999986912,12.464702999986912,0.051,1.87,0.5437029999869116,5.0
S00005,IMS-CSCF,core-1,492,DONE,15.17982,15.18166,1.837606999970376,11.837606999970376,0.08,1.403,0.3546069999703758,5.0
S00003,UPF,core-1,504,DONE,15.17989,15.18255,2.660714000057851,12.660714000057851,0.102,2.178,0.3807140000578513,5.0
S00009,IoT-GW,edge-A,535,DONE,15.18882,15.19117,2.3482169999624602,2.3482169999624602,0.197,1.415,0.7362169999624602,0.0
S00009,IoT-GW,edge-A,536,DONE,15.19018,15.19237,2.183937000154401,2.183937000154401,0.626,0.963,0.5949370001544013,0.0
S00005,IMS-CSCF,core-1,493,DONE,15.19237,15.1948,2.423252999960823,12.423252999960823,0.088,1.811,0.5242529999608232,5.0
S00004,UPF,core-1,510,DONE,15.20013,15.20396,3.82660099990062,15.82660099990062,0.11,2.584,1.1326009999006201,6.0
S00003,UPF,core-1,505,DONE,15.20033,15.20703,6.699187000094753,16.699187000094753,0.184,5.766,0.7491870000947527,5.0
S00001,vRAN-DU,edge-A,497,DONE,15.20282,15.20704,4.215945000169086,4.215945000169086,0.133,3.234,0.8489450001690857,0.0
S00002,vRAN-DU,edge-B,505,DONE,15.20396,15.20985,5.892456999845308,5.892456999845308,0.086,4.846,0.9604569998453076,0.0
S00005,IMS-CSCF,core-1,494,DONE,15.20925,15.21184,2.5867409999591473,12.586740999959147,0.087,2.06,0.43974099995914706,5.0
S00009,IoT-GW,edge-A,537,DONE,15.21812,15.22008,1.9652510000014445,1.9652510000014445,0.085,1.164,0.7162510000014446,0.0
S00010,IoT-GW,edge-B,504,DONE,15.22233,15.22431,1.9795149999026762,1.9795149999026762,0.103,1.118,0.7585149999026761,0.0
S00004,UPF,core-1,511,DONE,15.22249,15.2273,4.810668999880363,16.810668999880363,0.085,2.092,2.633668999880363,6.0
S00010,IoT-GW,edge-B,505,DONE,15.22432,15.22879,4.4680949999929,4.4680949999929,2.371,1.416,0.6810949999928999,0.0
S00002,vRAN-DU,edge-B,506,DONE,15.22442,15.22754,3.125595000028625,3.125595000028625,0.054,2.479,0.5925950000286249,0.0
S00009,IoT-GW,edge-A,538,DONE,15.22737,15.22934,1.9669909997901414,1.9669909997901414,0.079,1.228,0.6599909997901414,0.0
S00006,IMS-CSCF,core-1,467,DONE,15.23255,15.2432,10.650473000168859,22.65047300016886,0.407,9.717,0.526473000168858,6.0
S00005,IMS-CSCF,core-1,495,DONE,15.23262,15.24053,7.910120999895298,17.910120999895298,0.072,4.978,2.8601209998952983,5.0
S00007,Transcoder,core-1,295,DONE,15.23487,15.2485,13.633565999953134,23.633565999953134,0.085,12.781,0.767565999953133,5.0
S00002,vRAN-DU,edge-B,507,DONE,15.23636,15.24227,5.908990000079939,5.908990000079939,0.074,5.248,0.5869900000799388,0.0
S00006,IMS-CSCF,core-1,468,DONE,15.24054,15.25069,10.149542999897676,22.149542999897676,6.228,3.329,0.5925429998976761,6.0
S00004,UPF,core-1,512,DONE,15.24065,15.25063,9.983673000078852,21.983673000078852,0.083,9.381,0.5196730000788516,6.0
S00003,UPF,core-1,506,DONE,15.242,15.24851,6.514067999887629,16.51406799988763,0.113,5.333,1.0680679998876288,5.0
S00008,Transcoder,core-1,261,DONE,15.2421,15.25721,15.113526000050115,27.113526000050115,5.645,8.846,0.6225260000501152,6.0
S00009,IoT-GW,edge-A,539,DONE,15.24645,15.24852,2.0672590001140634,2.0672590001140634,0.081,1.264,0.7222590001140634,0.0
S00009,IoT-GW,edge-A,540,DONE,15.24971,15.25161,1.8960859999879176,1.8960859999879176,0.051,1.418,0.42708599998791774,0.0
S00009,IoT-GW,edge-A,541,DONE,15.2538,15.255,1.2055189999955473,1.2055189999955473,0.047,0.889,0.2695189999955474,0.0
S00001,vRAN-DU,edge-A,498,DONE,15.25722,15.26282,5.603168999869013,5.603168999869013,0.092,2.606,2.905168999869013,0.0
S00002,vRAN-DU,edge-B,508,DONE,15.25952,15.26283,3.311423000013747,3.311423000013747,0.086,2.741,0.48442300001374683,0.0
S00007,Transcoder,core-1,296,DONE,15.25995,15.27144,11.495430999957534,21.495430999957534,0.122,10.77,0.6034309999575349,5.0
S00006,IMS-CSCF,core-1,469,DONE,15.26,15.26567,5.672651999930167,17.672651999930167,0.156,4.611,0.9056519999301678,6.0
S00009,IoT-GW,edge-A,542,DONE,15.26176,15.26568,3.91619099991658,3.91619099991658,0.041,2.561,1.3141909999165802,0.0
S00010,IoT-GW,edge-B,506,DONE,15.26499,15.26675,1.7597230000774289,1.7597230000774289,0.115,1.08,0.5647230000774288,0.0
S00003,UPF,core-1,507,DONE,15.26793,15.27122,3.29342899999574,13.29342899999574,0.062,2.814,0.4174289999957401,5.0
S00009,IoT-GW,edge-A,543,DONE,15.26848,15.27009,1.6089169998849684,1.6089169998849684,0.054,1.233,0.32191699988496825,0.0
S00008,Transcoder,core-1,262,DONE,15.26935,15.27798,8.628415999965,20.628415999965,0.099,8.127,0.4024159999649992,6.0
S00001,vRAN-DU,edge-A,499,DONE,15.27928,15.28364,4.359355999895342,4.359355999895342,0.07,3.849,0.4403559998953419,0.0
S00003,UPF,core-1,508,DONE,15.2801,15.28409,3.9897059998565965,13.989705999856596,0.06,3.34,0.5897059998565966,5.0
S00004,UPF,core-1,513,DONE,15.28152,15.28422,2.7024829998936184,14.702482999893618,0.058,2.162,0.48248299989361865,6.0
S00005,IMS-CSCF,core-1,496,DONE,15.2841,15.28563,1.5342970000347123,11.534297000034712,0.05,1.07,0.41429700003471215,5.0
S00009,IoT-GW,edge-A,544,DONE,15.28781,15.28921,1.405836999992971,1.405836999992971,0.062,0.979,0.3648369999929709,0.0
S00001,vRAN-DU,edge-A,500,DONE,15.29345,15.29652,3.0674510001063027,3.0674510001063027,0.061,2.594,0.41245100010630287,0.0
S00007,Transcoder,core-1,297,DONE,15.29472,15.30116,6.44846599993798,16.44846599993798,0.071,5.985,0.39246599993798004,5.0
S00005,IMS-CSCF,core-1,497,DONE,15.2987,15.30064,1.935985000045548,11.935985000045548,0.065,1.39,0.4809850000455482,5.0
S00005,IMS-CSCF,core-1,498,DONE,15.30234,15.30404,1.702545999933136,11.702545999933136,0.049,1.305,0.3485459999331362,5.0
S00002,vRAN-DU,edge-B,509,DONE,15.3063,15.30979,3.4905170000456565,3.4905170000456565,0.082,2.877,0.5315170000456568,0.0
S00008,Transcoder,core-1,263,DONE,15.31096,15.31829,7.323263999978735,19.323263999978735,0.066,6.678,0.5792639999787355,6.0
S00001,vRAN-DU,edge-A,501,DONE,15.32053,15.3239,3.368910999824948,3.368910999824948,0.088,2.751,0.5299109998249478,0.0
S00002,vRAN-DU,edge-B,510,DONE,15.32066,15.32447,3.807996999967145,3.807996999967145,0.083,3.007,0.7179969999671445,0.0
S00004,UPF,core-1,514,DONE,15.32356,15.32682,3.2543549998536037,15.254354999853604,0.071,2.57,0.6133549998536036,6.0
S00010,IoT-GW,edge-B,507,DONE,15.32365,15.32601,2.3618730001544463,2.3618730001544463,0.043,1.576,0.7428730001544461,0.0
S00004,UPF,core-1,515,DONE,15.32447,15.3293,4.822037000167256,16.822037000167256,2.302,2.205,0.3150370001672562,6.0
S00009,IoT-GW,edge-A,545,DONE,15.32455,15.32778,3.2334949999039964,3.2334949999039964,0.063,1.683,1.4874949999039961,0.0
S00006,IMS-CSCF,core-1,470,DONE,15.32682,15.33007,3.2424829998944915,15.242482999894492,0.04,2.733,0.4694829998944914,6.0
S00007,Transcoder,core-1,298,DONE,15.33325,15.34123,7.980506000194509,17.98050600019451,0.055,7.379,0.5465060001945101,5.0
S00010,IoT-GW,edge-B,508,DONE,15.33653,15.33806,1.5359629999238678,1.5359629999238678,0.111,1.012,0.41296299992386776,0.0
S00006,IMS-CSCF,core-1,471,DONE,15.33807,15.34123,3.163941000138948,15.163941000138948,0.206,2.234,0.7239410001389479,6.0
S00005,IMS-CSCF,core-1,499,DONE,15.33816,15.34122,3.062726000052862,13.062726000052862,0.057,2.339,0.6667260000528623,5.0
S00008,Transcoder,core-1,264,DONE,15.34124,15.34783,6.59455999993952,18.59455999993952,0.052,6.119,0.42355999993952054,6.0
S00009,IoT-GW,edge-A,546,DONE,15.34131,15.34307,1.757259999976668,1.757259999976668,0.081,1.167,0.509259999976668,0.0
S00003,UPF,core-1,509,DONE,15.34307,15.34524,2.1688050001102965,12.168805000110297,0.047,1.788,0.33380500011029635,5.0
S00010,IoT-GW,edge-B,509,DONE,15.35003,15.35177,1.7379869998421782,1.7379869998421782,0.076,1.182,0.4799869998421782,0.0
S00003,UPF,core-1,510,DONE,15.35396,15.35903,5.066433000138204,15.066433000138204,0.067,4.476,0.5234330001382039,5.0
S00001,vRAN-DU,edge-A,502,DONE,15.35532,15.35866,3.3384650000698457,3.3384650000698457,0.1,2.763,0.4754650000698457,0.0
S00009,IoT-GW,edge-A,547,DONE,15.35595,15.35929,3.3342130000164616,3.3342130000164616,0.054,2.919,0.3612130000164617,0.0
S00003,UPF,core-1,511,DONE,15.36564,15.37027,4.628537999906257,14.628537999906257,0.084,3.776,0.7685379999062576,5.0
S00010,IoT-GW,edge-B,510,DONE,15.36582,15.3677,1.8864169999233127,1.8864169999233127,0.084,1.255,0.5474169999233127,0.0
S00005,IMS-CSCF,core-1,500,DONE,15.36771,15.37673,9.021402999906059,19.02140299990606,0.049,6.445,2.5274029999060588,5.0
S00003,UPF,core-1,512,DONE,15.37267,15.37598,3.304433000039353,13.304433000039353,0.074,2.55,0.6804330000393533,5.0
S00009,IoT-GW,edge-A,548,DONE,15.37275,15.37779,5.0421759999608184,5.0421759999608184,0.136,2.595,2.311175999960818,0.0
S00003,UPF,core-1,513,DONE,15.37283,15.3785,5.671110999855955,15.671110999855955,2.744,2.34,0.5871109998559549,5.0
S00005,IMS-CSCF,core-1,501,DONE,15.37402,15.37878,4.756751000059012,14.756751000059012,1.196,2.046,1.5147510000590123,5.0
S00008,Transcoder,core-1,265,DONE,15.38202,15.38932,7.298145000049772,19.29814500004977,0.067,6.66,0.5711450000497713,6.0
S00009,IoT-GW,edge-A,549,DONE,15.38334,15.38513,1.7955609998807631,1.7955609998807631,0.077,1.158,0.5605609998807632,0.0
S00010,IoT-GW,edge-B,511,DONE,15.38514,15.39036,5.221063000135473,5.221063000135473,0.085,4.166,0.9700630001354726,0.0
S00010,IoT-GW,edge-B,512,DONE,15.38932,15.39137,2.0455590001802193,2.0455590001802193,0.191,0.987,0.8675590001802193,0.0
S00002,vRAN-DU,edge-B,511,DONE,15.38944,15.3943,4.852742000139187,4.852742000139187,0.065,4.081,0.7067420001391866,0.0
S00003,UPF,core-1,514,DONE,15.39268,15.39609,3.405573000009099,13.405573000009099,0.104,2.827,0.47457300000909886,5.0
S00006,IMS-CSCF,core-1,472,DONE,15.40341,15.40602,2.612780999925235,14.612780999925235,0.104,1.794,0.7147809999252348,6.0
S00002,vRAN-DU,edge-B,512,DONE,15.40831,15.41454,6.227107000086107,6.227107000086107,0.08,4.826,1.3211070000861076,0.0
S00004,UPF,core-1,516,DONE,15.41075,15.41455,3.797622999854866,15.797622999854866,0.08,2.714,1.003622999854866,6.0
S00009,IoT-GW,edge-A,550,DONE,15.41085,15.41455,3.705437000007805,3.705437000007805,0.086,2.708,0.9114370000078051,0.0
S00009,IoT-GW,edge-A,551,DONE,15.41219,15.41571,3.518681000059587,3.518681000059587,0.046,1.2,2.2726810000595874,0.0
S00004,UPF,core-1,517,DONE,15.41351,15.4189,5.39741700004015,17.39741700004015,0.061,4.621,0.7154170000401496,6.0
S00005,IMS-CSCF,core-1,502,DONE,15.41357,15.41677,3.2014660000641015,13.201466000064102,0.102,2.476,0.6234660000641017,5.0
S00007,Transcoder,core-1,299,DONE,15.41571,15.42517,9.462160999873959,19.46216099987396,0.067,8.879,0.5161609998739589,5.0
S00010,IoT-GW,edge-B,513,DONE,15.41796,15.41982,1.8613820000155101,1.8613820000155101,0.076,1.348,0.43738200001551,0.0
S00005,IMS-CSCF,core-1,503,DONE,15.41983,15.42142,1.5942869999889808,11.59428699998898,0.045,1.233,0.3162869999889808,5.0
S00008,Transcoder,core-1,266,DONE,15.4226,15.42901,6.407501000012417,18.407501000012417,0.047,5.955,0.40550100001241685,6.0
S00010,IoT-GW,edge-B,514,DONE,15.42845,15.43029,1.841310999907364,1.841310999907364,0.084,1.272,0.4853109999073639,0.0
S00003,UPF,core-1,515,DONE,15.43459,15.43934,4.754771000079927,14.754771000079927,0.075,3.899,0.7807710000799268,5.0
S00002,vRAN-DU,edge-B,513,DONE,15.43804,15.44544,7.396673000130249,7.396673000130249,0.077,6.245,1.0746730001302494,0.0
S00008,Transcoder,core-1,267,DONE,15.43815,15.44771,9.554834000027768,21.554834000027768,0.046,8.389,1.119834000027769,6.0
S00005,IMS-CSCF,core-1,504,DONE,15.44461,15.44862,4.00872199998048,14.00872199998048,0.134,3.052,0.8227219999804802,5.0
S00003,UPF,core-1,516,DONE,15.44471,15.44772,3.0136029999994207,13.01360299999942,0.066,2.216,0.7316029999994207,5.0
S00002,vRAN-DU,edge-B,514,DONE,15.44867,15.45252,3.8472190001357376,3.8472190001357376,0.071,3.132,0.6442190001357373,0.0
S00003,UPF,core-1,517,DONE,15.4519,15.4557,3.80493799980286,13.80493799980286,0.095,2.69,1.0199379998028597,5.0
S00003,UPF,core-1,518,DONE,15.45197,15.46588,13.907958000118015,23.907958000118015,3.147,9.283,1.477958000118015,5.0
S00009,IoT-GW,edge-A,552,DONE,15.45201,15.45431,2.3056899999573943,2.3056899999573943,0.115,1.63,0.5606899999573942,0.0
S00006,IMS-CSCF,core-1,473,DONE,15.45204,15.45685,4.806532999964475,16.806532999964475,0.43,3.441,0.935532999964475,6.0
S00001,vRAN-DU,edge-A,503,DONE,15.45432,15.45855,4.237897000166413,4.237897000166413,0.039,3.684,0.514897000166413,0.0
S00004,UPF,core-1,518,DONE,15.45686,15.46409,7.237217000010787,19.237217000010787,0.059,6.562,0.6162170000107867,6.0
S00007,Transcoder,core-1,300,DONE,15.45694,15.47217,15.225726999915423,25.225726999915423,0.259,12.782,2.184726999915423,5.0
S00004,UPF,core-1,519,DONE,15.45982,15.46754,7.713216999945871,19.71321699994587,4.122,3.188,0.403216999945871,6.0
S00008,Transcoder,core-1,268,DONE,15.46009,15.47248,12.398397999959343,24.398397999959343,0.054,11.528,0.8163979999593423,6.0
S00001,vRAN-DU,edge-A,504,DONE,15.46014,15.46321,3.070885999932216,3.070885999932216,0.053,2.636,0.3818859999322157,0.0
S00005,IMS-CSCF,core-1,505,DONE,15.47217,15.47561,3.4315259999857517,13.431525999985752,0.122,2.865,0.4445259999857516,5.0
S00002,vRAN-DU,edge-B,515,DONE,15.4723,15.47882,6.52679400013767,6.52679400013767,0.09,5.666,0.7707940001376699,0.0
S00004,UPF,core-1,520,DONE,15.47235,15.47658,4.229871999996249,16.22987199999625,0.076,3.308,0.8458719999962492,6.0
S00006,IMS-CSCF,core-1,474,DONE,15.47253,15.47879,6.265195999958451,18.26519599995845,0.036,5.815,0.4141959999584506,6.0
S00003,UPF,core-1,519,DONE,15.47561,15.47946,3.8497130001360347,13.849713000136035,0.05,2.602,1.197713000136035,5.0
S00002,vRAN-DU,edge-B,516,DONE,15.48265,15.48617,3.524838999965141,3.524838999965141,0.075,2.909,0.5408389999651408,0.0
S00002,vRAN-DU,edge-B,517,DONE,15.48488,15.4888,3.9165140001387044,3.9165140001387044,0.057,3.393,0.4665140001387047,0.0
S00001,vRAN-DU,edge-A,505,DONE,15.48618,15.48962,3.4405989999868325,3.4405989999868325,0.082,2.921,0.4375989999868328,0.0
S00004,UPF,core-1,521,DONE,15.49808,15.50348,5.40259700005663,17.40259700005663,0.127,4.357,0.9185970000566304,6.0
S00005,IMS-CSCF,core-1,506,DONE,15.4983,15.50248,4.180813999937527,14.180813999937527,0.323,3.161,0.6968139999375271,5.0
S00004,UPF,core-1,522,DONE,15.49837,15.50683,8.469614999967234,20.469614999967234,4.165,3.339,0.9656149999672343,6.0
S00008,Transcoder,core-1,269,DONE,15.50078,15.5123,11.51917299989691,23.51917299989691,0.085,9.334,2.100172999896909,6.0
S00001,vRAN-DU,edge-A,506,DONE,15.5009,15.51276,11.851627999931225,11.851627999931225,0.11,11.187,0.5546279999312258,0.0
S00003,UPF,core-1,520,DONE,15.50812,15.51229,4.174378000016077,14.174378000016077,0.089,2.781,1.3043780000160763,5.0
S00003,UPF,core-1,521,DONE,15.512,15.51598,3.985350999982984,13.985350999982984,0.135,3.227,0.6233509999829843,5.0
S00005,IMS-CSCF,core-1,507,DONE,15.51211,15.5145,2.389515000004394,12.389515000004394,0.17,1.471,0.7485150000043941,5.0
S00002,vRAN-DU,edge-B,518,DONE,15.51394,15.5171,3.158954999889829,3.158954999889829,0.076,2.632,0.450954999889829,0.0
S00001,vRAN-DU,edge-A,507,DONE,15.52132,15.52488,3.556551999963631,3.556551999963631,0.071,2.872,0.6135519999636307,0.0
S00004,UPF,core-1,523,DONE,15.5281,15.53109,2.9809449999902426,14.980944999990243,0.096,2.219,0.6659449999902427,6.0
S00007,Transcoder,core-1,301,DONE,15.53432,15.541,6.681508999918151,16.68150899991815,0.063,6.029,0.5895089999181513,5.0
S00004,UPF,core-1,524,DONE,15.54076,15.5433,2.5374619999638526,14.537461999963853,0.055,2.023,0.4594619999638523,6.0
S00001,vRAN-DU,edge-A,508,DONE,15.54451,15.54819,3.6818510000102833,3.6818510000102833,0.105,2.887,0.6898510000102833,0.0
S00009,IoT-GW,edge-A,553,DONE,15.54584,15.54722,1.3847400000486232,1.3847400000486232,0.05,0.93,0.4047400000486231,0.0
S00003,UPF,core-1,522,DONE,15.5515,15.55755,6.047689000070022,16.047689000070022,0.111,5.033,0.9036890000700222,5.0
S00003,UPF,core-1,523,DONE,15.55162,15.56079,9.16229800009205,19.16229800009205,5.598,2.441,1.123298000092051,5.0
S00005,IMS-CSCF,core-1,508,DONE,15.55392,15.55728,3.3562380001512793,13.35623800015128,0.104,2.735,0.5172380001512793,5.0
S00010,IoT-GW,edge-B,515,DONE,15.55649,15.56078,4.289293000056205,4.289293000056205,0.079,3.054,1.156293000056205,0.0
S00003,UPF,core-1,524,DONE,15.56079,15.57715,16.358471999865287,26.358471999865287,0.062,15.941,0.3554719998652853,5.0
S00003,UPF,core-1,525,DONE,15.56451,15.57928,14.770970999961719,24.77097099996172,10.762,1.696,2.3129709999617187,5.0
S00001,vRAN-DU,edge-A,509,DONE,15.56578,15.58188,16.094054000177493,16.094054000177493,0.101,15.468,0.5250540001774926,0.0
S00010,IoT-GW,edge-B,516,DONE,15.56957,15.57488,5.315069000062067,5.315069000062067,0.086,4.679,0.5500690000620665,0.0
S00009,IoT-GW,edge-A,554,DONE,15.57129,15.57955,8.254071999999724,8.254071999999724,0.103,4.31,3.8410719999997243,0.0
S00004,UPF,core-1,525,DONE,15.57136,15.57392,2.5600449998819386,14.560044999881939,0.071,1.933,0.5560449998819383,6.0
S00009,IoT-GW,edge-A,555,DONE,15.57608,15.58083,4.748919999883583,4.748919999883583,3.213,1.063,0.4729199998835829,0.0
S00001,vRAN-DU,edge-A,510,DONE,15.58308,15.58658,3.501314999994065,3.501314999994065,0.09,2.833,0.5783149999940651,0.0
S00005,IMS-CSCF,core-1,509,DONE,15.58659,15.58887,2.2853200000554352,12.285320000055435,0.082,1.667,0.5363200000554353,5.0
S00003,UPF,core-1,526,DONE,15.59107,15.59386,2.7813209999294486,12.781320999929449,0.102,2.185,0.49432099992944867,5.0
S00006,IMS-CSCF,core-1,475,DONE,15.59505,15.59792,2.870472000040536,14.870472000040536,0.12,2.176,0.5744720000405357,6.0
S00002,vRAN-DU,edge-B,519,DONE,15.59516,15.60378,8.628344000044308,8.628344000044308,0.11,7.984,0.5343440000443085,0.0
S00001,vRAN-DU,edge-A,511,DONE,15.59793,15.60745,9.51969899983851,9.51969899983851,0.082,8.338,1.0996989998385107,0.0
S00003,UPF,core-1,527,DONE,15.598,15.60258,4.57089199994698,14.57089199994698,0.058,3.735,0.7778919999469802,5.0
S00004,UPF,core-1,526,DONE,15.60163,15.60913,7.497101000126349,19.49710100012635,0.061,6.518,0.9181010001263497,6.0
S00001,vRAN-DU,edge-A,512,DONE,15.60173,15.60917,7.444995000014387,7.444995000014387,0.109,6.25,1.0859950000143872,0.0
S00006,IMS-CSCF,core-1,476,DONE,15.60258,15.60758,4.998628000066674,16.998628000066674,0.258,4.187,0.5536280000666736,6.0
S00004,UPF,core-1,527,DONE,15.6071,15.61216,5.0639910000427335,17.063991000042734,1.389,2.986,0.6889910000427331,6.0
S00010,IoT-GW,edge-B,517,DONE,15.61045,15.61228,1.836113000081241,1.836113000081241,0.101,1.238,0.49711300008124093,0.0
S00008,Transcoder,core-1,270,DONE,15.61234,15.63206,19.71978200003832,31.71978200003832,0.049,17.872,1.7987820000383223,6.0
S00004,UPF,core-1,528,DONE,15.61364,15.6167,3.050924000035593,15.050924000035593,0.06,2.605,0.385924000035593,6.0
S00006,IMS-CSCF,core-1,477,DONE,15.61404,15.62459,10.548284000151398,22.548284000151398,0.057,9.993,0.49828400015139707,6.0
S00008,Transcoder,core-1,271,DONE,15.6167,15.63205,15.351075999888053,27.351075999888053,0.071,11.069,4.2110759998880525,6.0
S00003,UPF,core-1,528,DONE,15.61681,15.62574,8.933260000048904,18.933260000048904,0.1,8.341,0.4922600000489048,5.0
S00010,IoT-GW,edge-B,518,DONE,15.61804,15.61977,1.7274249998990854,1.7274249998990854,0.077,1.255,0.3954249998990855,0.0
S00001,vRAN-DU,edge-A,513,DONE,15.62412,15.63389,9.770183999989968,9.770183999989968,0.097,8.71,0.9631839999899672,0.0
S00003,UPF,core-1,529,DONE,15.62847,15.63245,3.9818760001253395,13.98187600012534,0.064,3.45,0.46787600012533925,5.0
S00002,vRAN-DU,edge-B,520,DONE,15.63389,15.637,3.10287000002063,3.10287000002063,0.082,2.652,0.36887000002063,0.0
S00006,IMS-CSCF,core-1,478,DONE,15.63819,15.63981,1.6198829998756992,13.6198829998757,0.092,1.219,0.308882999875699,6.0
S00006,IMS-CSCF,core-1,479,DONE,15.64103,15.64475,3.721192000057272,15.721192000057272,0.059,3.35,0.31219200005727155,6.0
S00002,vRAN-DU,edge-B,521,DONE,15.64129,15.64517,3.8824530001875246,3.8824530001875246,0.06,3.308,0.5144530001875247,0.0
S00005,IMS-CSCF,core-1,510,DONE,15.65155,15.65391,2.3581510001804418,12.358151000180442,0.066,1.63,0.662151000180442,5.0
S00008,Transcoder,core-1,272,DONE,15.65391,15.66545,11.539779000031558,23.539779000031558,0.057,11.057,0.42577900003155733,6.0
S00003,UPF,core-1,530,DONE,15.65628,15.66051,4.229356999985612,14.229356999985612,0.063,3.542,0.6243569999856122,5.0
S00004,UPF,core-1,529,DONE,15.6586,15.66184,3.23821200004204,15.23821200004204,0.061,2.806,0.37121200004204,6.0
S00003,UPF,core-1,531,DONE,15.66051,15.66441,3.900244000078601,13.900244000078601,0.065,3.314,0.5212440000786009,5.0
S00007,Transcoder,core-1,302,DONE,15.66442,15.6723,7.877895999854445,17.877895999854445,0.058,7.358,0.4618959998544456,5.0
S00002,vRAN-DU,edge-B,522,DONE,15.66964,15.67822,8.582652999848506,8.582652999848506,0.145,7.791,0.6466529998485058,0.0
S00002,vRAN-DU,edge-B,523,DONE,15.66975,15.68692,17.169141999829662,17.169141999829662,7.546,8.932,0.6911419998296626,0.0
S00010,IoT-GW,edge-B,519,DONE,15.66981,15.68134,11.530283999945823,11.530283999945823,8.003,2.92,0.6072839999458228,0.0
S00007,Transcoder,core-1,303,DONE,15.67231,15.68693,14.620519999880344,24.620519999880344,0.062,13.999,0.5595199998803437,5.0
S00005,IMS-CSCF,core-1,511,DONE,15.67809,15.68373,5.640983000148481,15.64098300014848,0.215,2.721,2.7049830001484807,5.0
S00010,IoT-GW,edge-B,520,DONE,15.68379,15.68747,3.677650000099675,3.677650000099675,0.065,3.037,0.5756500000996749,0.0
S00002,vRAN-DU,edge-B,524,DONE,15.68509,15.69382,8.734732999982953,8.734732999982953,1.436,5.841,1.4577329999829525,0.0
S00010,IoT-GW,edge-B,521,DONE,15.68693,15.69381,6.876311000041824,6.876311000041824,0.063,4.867,1.946311000041824,0.0
S00009,IoT-GW,edge-A,556,DONE,15.69174,15.69484,3.101944000036383,3.101944000036383,0.937,1.623,0.5419440000363827,0.0
S00009,IoT-GW,edge-A,557,DONE,15.69904,15.70484,5.796508999992511,5.796508999992511,0.106,5.107,0.5835089999925112,0.0
S00006,IMS-CSCF,core-1,480,DONE,15.70245,15.70448,2.031699000099252,14.031699000099252,0.086,1.345,0.6006990000992518,6.0
S00010,IoT-GW,edge-B,522,DONE,15.70288,15.70625,3.371426000057909,3.371426000057909,0.106,1.12,2.145426000057909,0.0
S00010,IoT-GW,edge-B,523,DONE,15.7075,15.70943,1.9304520001242054,1.9304520001242054,0.054,1.17,0.7064520001242054,0.0
S00006,IMS-CSCF,core-1,481,DONE,15.71067,15.71294,2.2653870000794996,14.2653870000795,0.088,1.625,0.5523870000794995,6.0
S00004,UPF,core-1,530,DONE,15.71411,15.71701,2.900717000102304,14.900717000102304,0.123,2.326,0.45171700010230387,6.0
S00008,Transcoder,core-1,273,DONE,15.71921,15.73101,11.796022999988054,23.796022999988054,0.078,11.292,0.4260229999880547,6.0
S00007,Transcoder,core-1,304,DONE,15.72059,15.72877,8.186462999901778,18.186462999901778,0.054,7.552,0.5804629999017781,5.0
S00001,vRAN-DU,edge-A,514,DONE,15.72293,15.73216,9.236560999852372,9.236560999852372,0.081,8.468,0.6875609998523728,0.0
S00003,UPF,core-1,532,DONE,15.74308,15.74768,4.599244000019098,14.599244000019098,0.106,3.405,1.0882440000190985,5.0
S00007,Transcoder,core-1,305,DONE,15.744,15.75643,12.425613999994312,22.42561399999431,0.242,8.589,3.5946139999943103,5.0
S00005,IMS-CSCF,core-1,512,DONE,15.74666,15.75416,7.4949120000837866,17.494912000083787,0.292,6.206,0.9969120000837863,5.0
S00006,IMS-CSCF,core-1,482,DONE,15.74769,15.75416,6.477776999872731,18.47777699987273,0.144,5.547,0.786776999872731,6.0
S00002,vRAN-DU,edge-B,525,DONE,15.75,15.75415,4.145399999970323,4.145399999970323,0.085,2.896,1.164399999970323,0.0
S00004,UPF,core-1,531,DONE,15.75964,15.76378,4.146288000129061,16.14628800012906,0.088,3.491,0.5672880001290612,6.0
S00003,UPF,core-1,533,DONE,15.76104,15.76418,3.144073999919783,13.144073999919783,0.064,2.689,0.391073999919783,5.0
S00004,UPF,core-1,532,DONE,15.76379,15.76688,3.0942920000143204,15.09429200001432,0.056,2.287,0.7512920000143204,6.0
S00002,vRAN-DU,edge-B,526,DONE,15.76809,15.77188,3.789103000144678,3.789103000144678,0.083,3.027,0.6791030001446776,0.0
S00004,UPF,core-1,533,DONE,15.77311,15.77618,3.0676420001327642,15.067642000132764,0.114,2.21,0.7436420001327644,6.0
S00005,IMS-CSCF,core-1,513,DONE,15.7755,15.77785,2.3456760000044596,12.34567600000446,0.05,1.458,0.8376760000044599,5.0
S00001,vRAN-DU,edge-A,515,DONE,15.7763,15.78004,3.7416959999063693,3.7416959999063693,0.085,3.115,0.5416959999063691,0.0
S00002,vRAN-DU,edge-B,527,DONE,15.77785,15.78241,4.55778399987139,4.55778399987139,0.086,3.976,0.49578399987138955,0.0
S00008,Transcoder,core-1,274,DONE,15.78361,15.79161,7.99526099990544,19.99526099990544,0.189,6.899,0.9072609999054402,6.0
S00007,Transcoder,core-1,306,DONE,15.78371,15.79126,7.544958000153201,17.5449580001532,0.078,6.96,0.506958000153201,5.0
S00007,Transcoder,core-1,307,DONE,15.7884,15.79976,11.358670000163329,21.35867000016333,0.089,9.266,2.0036700001633285,5.0
S00003,UPF,core-1,534,DONE,15.78964,15.79877,9.128045000124985,19.128045000124985,0.122,8.249,0.7570450001249842,5.0
S00005,IMS-CSCF,core-1,514,DONE,15.79161,15.79962,8.011816999896837,18.011816999896837,0.044,7.677,0.29081699989683774,5.0
S00003,UPF,core-1,535,DONE,15.79587,15.80138,5.504320999989432,15.504320999989432,2.577,2.409,0.5183209999894318,5.0
S00002,vRAN-DU,edge-B,528,DONE,15.79595,15.80211,6.161579000035999,6.161579000035999,0.115,5.352,0.6945790000359988,0.0
S00001,vRAN-DU,edge-A,516,DONE,15.79839,15.80468,6.288056000130382,6.288056000130382,0.076,4.3,1.9120560001303826,0.0
S00005,IMS-CSCF,core-1,515,DONE,15.80092,15.80472,3.798611999854984,13.798611999854984,0.051,3.308,0.4396119998549839,5.0
S00010,IoT-GW,edge-B,524,DONE,15.80211,15.8051,2.9830720000063593,2.9830720000063593,0.279,2.281,0.42307200000635925,0.0
S00009,IoT-GW,edge-A,558,DONE,15.80838,15.81028,1.9001810001100239,1.9001810001100239,0.102,1.2,0.5981810001100238,0.0
S00008,Transcoder,core-1,275,DONE,15.81251,15.81978,7.267662999993263,19.267662999993263,0.09,6.559,0.6186629999932629,6.0
S00009,IoT-GW,edge-A,559,DONE,15.81641,15.82042,4.00317300000097,4.00317300000097,0.081,3.257,0.6651730000009701,0.0
S00009,IoT-GW,edge-A,560,DONE,15.82265,15.82458,1.9284129998595745,1.9284129998595745,0.067,1.081,0.7804129998595746,0.0
S00005,IMS-CSCF,core-1,516,DONE,15.82396,15.82859,4.630221999832429,14.630221999832429,0.141,4.099,0.3902219998324288,5.0
S00002,vRAN-DU,edge-B,529,DONE,15.82459,15.82799,3.4074449999934586,3.4074449999934586,0.082,2.924,0.40144499999345884,0.0
S00006,IMS-CSCF,core-1,483,DONE,15.82804,15.83041,2.3702020000655466,14.370202000065547,0.052,1.443,0.8752020000655465,6.0
S00004,UPF,core-1,534,DONE,15.84073,15.84402,3.2961770000383694,15.29617700003837,0.087,2.34,0.8691770000383694,6.0
S00002,vRAN-DU,edge-B,530,DONE,15.84403,15.84863,4.599843000050896,4.599843000050896,0.099,3.762,0.7388430000508959,0.0
S00002,vRAN-DU,edge-B,531,DONE,15.84415,15.85125,7.091656999818952,7.091656999818952,0.174,6.312,0.6056569998189509,0.0
S00002,vRAN-DU,edge-B,532,DONE,15.84741,15.85183,4.426289000093675,4.426289000093675,0.258,3.05,1.1182890000936752,0.0
S00003,UPF,core-1,536,DONE,15.84752,15.85184,4.322306999938519,14.322306999938519,0.082,3.773,0.4673069999385189,5.0
S00008,Transcoder,core-1,276,DONE,15.85082,15.8587,7.877772000028926,19.877772000028926,0.05,6.559,1.2687720000289264,6.0
S00002,vRAN-DU,edge-B,533,DONE,15.85614,15.86476,8.614310999973895,8.614310999973895,0.073,7.57,0.9713109999738947,0.0
S00004,UPF,core-1,535,DONE,15.85632,15.86215,5.826716000001397,17.826716000001397,0.079,5.249,0.49871600000139793,6.0
S00007,Transcoder,core-1,308,DONE,15.85679,15.86476,7.971555000040098,17.971555000040098,0.051,7.564,0.3565550000400979,5.0
S00004,UPF,core-1,536,DONE,15.85818,15.86761,9.426476000044204,21.426476000044204,3.444,5.317,0.6654760000442037,6.0
S00010,IoT-GW,edge-B,525,DONE,15.86151,15.86594,4.4281789998876775,4.4281789998876775,0.178,1.026,3.2241789998876778,0.0
S00004,UPF,core-1,537,DONE,15.86881,15.87149,2.676588999975138,14.676588999975138,0.063,2.092,0.5215889999751377,6.0
S00009,IoT-GW,edge-A,561,DONE,15.87017,15.87162,1.4546039999459026,1.4546039999459026,0.079,0.905,0.47060399994590263,0.0
S00006,IMS-CSCF,core-1,484,DONE,15.8715,15.87363,2.133166000021447,14.133166000021447,0.045,1.575,0.5131660000214471,6.0
S00005,IMS-CSCF,core-1,517,DONE,15.87281,15.8751,2.283344000034049,12.283344000034049,0.059,1.667,0.5573440000340486,5.0
S00009,IoT-GW,edge-A,562,DONE,15.87363,15.87525,1.6141500000230735,1.6141500000230735,0.073,1.092,0.4491500000230735,0.0
S00006,IMS-CSCF,core-1,485,DONE,15.87746,15.88087,3.4088549998614326,15.408854999861433,0.091,2.751,0.5668549998614325,6.0
S00001,vRAN-DU,edge-A,517,DONE,15.87754,15.88087,3.3296940000582254,3.3296940000582254,0.069,2.79,0.47069400005822537,0.0
S00005,IMS-CSCF,core-1,518,DONE,15.87759,15.88086,3.2712000001993147,13.271200000199315,0.37,2.161,0.7402000001993145,5.0
S00001,vRAN-DU,edge-A,518,DONE,15.88206,15.88546,3.4014729999398696,3.4014729999398696,0.057,2.772,0.5724729999398699,0.0
S00005,IMS-CSCF,core-1,519,DONE,15.88665,15.88953,2.883181000015611,12.883181000015611,0.185,1.693,1.005181000015611,5.0
S00002,vRAN-DU,edge-B,534,DONE,15.88899,15.89757,8.57872699998552,8.57872699998552,0.088,2.937,5.553726999985521,0.0
S00008,Transcoder,core-1,277,DONE,15.88924,15.89856,9.324234999894543,21.324234999894543,0.17,7.653,1.5012349998945433,6.0
S00010,IoT-GW,edge-B,526,DONE,15.88966,15.89799,8.33774100010487,8.33774100010487,0.058,5.055,3.2247410001048706,0.0
S00010,IoT-GW,edge-B,527,DONE,15.89758,15.89914,1.5592049999213486,1.5592049999213486,0.049,1.049,0.4612049999213488,0.0
S00007,Transcoder,core-1,309,DONE,15.90033,15.90872,8.39456199992128,18.39456199992128,0.226,7.508,0.6605619999212786,5.0
S00003,UPF,core-1,537,DONE,15.90049,15.90716,6.672010000102091,16.67201000010209,0.27,5.624,0.7780100001020918,5.0
S00006,IMS-CSCF,core-1,486,DONE,15.90402,15.90914,5.120602000033614,17.120602000033614,0.053,1.683,3.384602000033614,6.0
S00006,IMS-CSCF,core-1,487,DONE,15.90873,15.91063,1.901821999808817,13.901821999808817,0.043,1.27,0.5888219998088171,6.0
S00008,Transcoder,core-1,278,DONE,15.91497,15.92503,10.067025000125795,22.067025000125795,0.085,9.377,0.605025000125794,6.0
S00002,vRAN-DU,edge-B,535,DONE,15.91741,15.92498,7.56527599992296,7.56527599992296,0.09,6.898,0.5772759999229606,0.0
S00002,vRAN-DU,edge-B,536,DONE,15.91752,15.92245,4.925766999804182,4.925766999804182,0.354,4.037,0.534766999804182,0.0
S00007,Transcoder,core-1,310,DONE,15.92043,15.93696,16.526861999864195,26.526861999864195,0.093,15.938,0.49586199986419466,5.0
S00005,IMS-CSCF,core-1,520,DONE,15.92056,15.92882,8.268947000033222,18.268947000033222,0.137,6.857,1.2749470000332215,5.0
S00002,vRAN-DU,edge-B,537,DONE,15.92177,15.92883,7.059539000010773,7.059539000010773,0.051,5.926,1.0825390000107724,0.0
S00004,UPF,core-1,538,DONE,15.92184,15.93016,8.321715999954904,20.321715999954904,0.054,7.942,0.3257159999549035,6.0
S00008,Transcoder,core-1,279,DONE,15.92362,15.93669,13.070695000124033,25.070695000124033,1.175,11.377,0.5186950001240316,6.0
S00006,IMS-CSCF,core-1,488,DONE,15.93002,15.93165,1.62231200010865,13.62231200010865,0.045,1.188,0.3893120001086501,6.0
S00003,UPF,core-1,538,DONE,15.93165,15.93593,4.280751999885979,14.280751999885979,0.046,3.866,0.3687519998859785,5.0
S00001,vRAN-DU,edge-A,519,DONE,15.9339,15.93916,5.257493000044633,5.257493000044633,0.053,3.095,2.109493000044633,0.0
S00002,vRAN-DU,edge-B,538,DONE,15.9408,15.94413,3.335664000132965,3.335664000132965,0.106,2.72,0.5096640001329651,0.0
S00005,IMS-CSCF,core-1,521,DONE,15.94375,15.9468,3.049113999850306,13.049113999850306,0.147,2.269,0.6331139998503059,5.0
S00005,IMS-CSCF,core-1,522,DONE,15.94384,15.9493,5.46409600019615,15.46409600019615,2.71,2.187,0.5670960001961505,5.0
S00009,IoT-GW,edge-A,563,DONE,15.94643,15.94944,3.010059999951409,3.010059999951409,0.097,2.366,0.5470599999514087,0.0
S00009,IoT-GW,edge-A,564,DONE,15.95063,15.95268,2.0513580000169895,2.0513580000169895,0.074,1.467,0.5103580000169894,0.0
S00006,IMS-CSCF,core-1,489,DONE,15.95589,15.95784,1.9512209998993058,13.951220999899306,0.07,1.347,0.5342209998993057,6.0
S00004,UPF,core-1,539,DONE,15.95784,15.96004,2.196252999965509,14.196252999965509,0.052,1.861,0.2832529999655089,6.0
S00009,IoT-GW,edge-A,565,DONE,15.96733,15.9694,2.061321999917709,2.061321999917709,0.079,1.37,0.612321999917709,0.0
S00005,IMS-CSCF,core-1,523,DONE,15.97158,15.97392,2.342464000093969,12.342464000093969,0.091,1.599,0.6524640000939688,5.0
S00007,Transcoder,core-1,311,DONE,15.97732,15.98468,7.361145999993823,17.361145999993823,0.061,6.446,0.8541459999938237,5.0
S00003,UPF,core-1,539,DONE,15.98372,15.98773,4.013303999954587,14.013303999954587,0.09,2.749,1.1743039999545872,5.0
S00010,IoT-GW,edge-B,528,DONE,15.98381,15.98719,3.377657000100953,3.377657000100953,0.081,2.832,0.46465700010095334,0.0
S00004,UPF,core-1,540,DONE,15.98388,15.98774,3.86097399996288,15.86097399996288,0.126,3.058,0.6769739999628803,6.0
S00006,IMS-CSCF,core-1,490,DONE,15.98391,15.98822,4.305332000058115,16.305332000058115,0.138,3.453,0.7143320000581155,6.0
S00008,Transcoder,core-1,280,DONE,15.98826,15.9944,6.142073000091841,18.14207300009184,0.049,5.663,0.43007300009184046,6.0
S00001,vRAN-DU,edge-A,520,DONE,15.9956,15.99885,3.2548669998959667,3.2548669998959667,0.078,2.735,0.441866999895967,0.0
S00006,IMS-CSCF,core-1,491,DONE,15.9979,15.99973,1.8346950000704965,13.834695000070496,0.059,1.409,0.3666950000704965,6.0
S00002,vRAN-DU,edge-B,539,DONE,16.00497,16.00845,3.4758839999540214,3.4758839999540214,0.112,2.718,0.6458839999540213,0.0
S00002,vRAN-DU,edge-B,540,DONE,16.00627,16.01032,4.0547889998379105,4.0547889998379105,0.051,3.613,0.3907889998379104,0.0
S00006,IMS-CSCF,core-1,492,DONE,16.00845,16.01079,2.3394290001306217,14.339429000130622,0.069,1.713,0.5574290001306217,6.0
S00009,IoT-GW,edge-A,566,DONE,16.00853,16.01064,2.1103799999764306,2.1103799999764306,0.07,1.596,0.44437999997643063,0.0
S00005,IMS-CSCF,core-1,524,DONE,16.01065,16.01326,2.612241000178983,12.612241000178983,0.045,2.298,0.2692410001789831,5.0
S00001,vRAN-DU,edge-A,521,DONE,16.01072,16.01519,4.476320000094347,4.476320000094347,0.041,3.962,0.4733200000943465,0.0
S00009,IoT-GW,edge-A,567,DONE,16.01295,16.01502,2.066870000135168,2.066870000135168,0.045,1.603,0.4188700001351682,0.0
S00007,Transcoder,core-1,312,DONE,16.01639,16.02485,8.463132999850131,18.46313299985013,0.074,7.702,0.6871329998501317,5.0
S00007,Transcoder,core-1,313,DONE,16.01768,16.02818,10.502532000145948,20.502532000145948,0.071,10.013,0.41853200014594805,5.0
S00004,UPF,core-1,541,DONE,16.02299,16.02689,3.9016910000100324,15.901691000010032,0.048,2.016,1.8376910000100324,6.0
S00002,vRAN-DU,edge-B,541,DONE,16.03054,16.03383,3.294223000011698,3.294223000011698,0.08,2.642,0.5722230000116979,0.0
S00003,UPF,core-1,540,DONE,16.03068,16.03388,3.1959159998677933,13.195915999867793,0.081,2.733,0.38191599986779323,5.0
S00002,vRAN-DU,edge-B,542,DONE,16.03815,16.04339,5.244608000111839,5.244608000111839,0.104,4.335,0.8056080001118389,0.0
S00003,UPF,core-1,541,DONE,16.04053,16.04341,2.8717360000882763,12.871736000088276,0.1,2.1,0.6717360000882762,5.0
S00001,vRAN-DU,edge-A,522,DONE,16.04978,16.05473,4.94263299992781,4.94263299992781,0.098,4.206,0.6386329999278093,0.0
S00010,IoT-GW,edge-B,529,DONE,16.05219,16.05594,3.752976999976454,3.752976999976454,0.075,3.092,0.5859769999764537,0.0
S00004,UPF,core-1,542,DONE,16.0612,16.06442,3.217527999822778,15.217527999822778,0.11,2.291,0.8165279998227781,6.0
S00007,Transcoder,core-1,314,DONE,16.06568,16.07538,9.700444999907631,19.70044499990763,0.061,8.925,0.7144449999076308,5.0
S00004,UPF,core-1,543,DONE,16.06907,16.07307,4.000602999894909,16.00060299989491,0.158,3.099,0.7436029998949087,6.0
S00005,IMS-CSCF,core-1,525,DONE,16.07244,16.07544,2.9961589998492855,12.996158999849285,0.066,2.118,0.8121589998492857,5.0
S00009,IoT-GW,edge-A,568,DONE,16.07765,16.08004,2.3900329999833048,2.3900329999833048,0.11,1.672,0.608032999983305,0.0
S00007,Transcoder,core-1,315,DONE,16.07776,16.08749,9.733003000064855,19.733003000064855,0.052,9.046,0.6350030000648559,5.0
S00001,vRAN-DU,edge-A,523,DONE,16.08238,16.08697,4.589374000033786,4.589374000033786,0.088,4.072,0.42937400003378556,0.0
S00003,UPF,core-1,542,DONE,16.08508,16.08944,4.354251999984626,14.354251999984626,0.108,3.497,0.7492519999846268,5.0
S00010,IoT-GW,edge-B,530,DONE,16.08519,16.08943,4.242823999902612,4.242823999902612,0.074,2.55,1.6188239999026122,0.0
S00005,IMS-CSCF,core-1,526,DONE,16.0853,16.08982,4.518755999924906,14.518755999924906,0.105,3.964,0.44975599992490567,5.0
S00003,UPF,core-1,543,DONE,16.09099,16.09338,2.388571999972555,12.388571999972555,0.05,1.954,0.3845719999725554,5.0
S00003,UPF,core-1,544,DONE,16.09461,16.0972,2.593964999960008,12.593964999960008,0.051,2.127,0.4159649999600079,5.0
S00009,IoT-GW,edge-A,569,DONE,16.09469,16.09618,1.4898449999236618,1.4898449999236618,0.062,1.107,0.3208449999236618,0.0
S00008,Transcoder,core-1,281,DONE,16.09741,16.1037,6.281309000087276,18.281309000087276,0.047,5.863,0.3713090000872761,6.0
S00009,IoT-GW,edge-A,570,DONE,16.10487,16.10665,1.7762689999472059,1.7762689999472059,0.067,1.029,0.680268999947206,0.0
S00006,IMS-CSCF,core-1,493,DONE,16.10665,16.10963,2.981480000016745,14.981480000016745,0.055,2.204,0.7224800000167448,6.0
S00001,vRAN-DU,edge-A,524,DONE,16.10674,16.10974,3.004477000104089,3.004477000104089,0.049,2.566,0.38947700010408903,0.0
S00005,IMS-CSCF,core-1,527,DONE,16.10682,16.10963,2.802445000043008,12.802445000043008,0.071,2.022,0.7094450000430079,5.0
S00007,Transcoder,core-1,316,DONE,16.10964,16.11594,6.299967000131801,16.2999670001318,0.05,5.892,0.3579670001318007,5.0
S00006,IMS-CSCF,core-1,494,DONE,16.11095,16.1136,2.653508000094007,14.653508000094007,0.056,2.268,0.32950800009400716,6.0
S00005,IMS-CSCF,core-1,528,DONE,16.1112,16.11468,3.476880000107485,13.476880000107485,0.097,3.11,0.26988000010748525,5.0
S00006,IMS-CSCF,core-1,495,DONE,16.11583,16.11765,1.8200520000846154,13.820052000084615,0.038,1.245,0.5370520000846153,6.0
S00010,IoT-GW,edge-B,531,DONE,16.11713,16.11876,1.6240909999396536,1.6240909999396536,0.094,1.043,0.48709099993965355,0.0
S00006,IMS-CSCF,core-1,496,DONE,16.11876,16.12045,1.6870590000053198,13.68705900000532,0.047,1.219,0.4210590000053198,6.0
S00002,vRAN-DU,edge-B,543,DONE,16.11883,16.12208,3.250212000011743,3.250212000011743,0.048,2.887,0.3152120000117429,0.0
S00009,IoT-GW,edge-A,571,DONE,16.12327,16.12489,1.6139700001076562,1.6139700001076562,0.079,1.109,0.4259700001076563,0.0
S00002,vRAN-DU,edge-B,544,DONE,16.12708,16.13079,3.7054269998861855,3.7054269998861855,0.096,2.836,0.7734269998861856,0.0
S00004,UPF,core-1,544,DONE,16.12717,16.13078,3.6134129998117714,15.613412999811771,0.07,2.701,0.8424129998117715,6.0
S00007,Transcoder,core-1,317,DONE,16.12943,16.13672,7.282211999836363,17.282211999836363,0.101,6.109,1.0722119998363633,5.0
S00006,IMS-CSCF,core-1,497,DONE,16.13079,16.13361,2.8154530000392697,14.81545300003927,0.047,2.456,0.31245300003926957,6.0
S00003,UPF,core-1,545,DONE,16.13895,16.14169,2.7375930001198867,12.737593000119887,0.055,2.115,0.5675930001198863,5.0
S00004,UPF,core-1,545,DONE,16.14028,16.14353,3.251518000070064,15.251518000070064,0.069,2.46,0.722518000070064,6.0
S00006,IMS-CSCF,core-1,498,DONE,16.14039,16.14343,3.0368959999123035,15.036895999912304,0.224,1.67,1.1428959999123034,6.0
S00003,UPF,core-1,546,DONE,16.14343,16.14602,2.5846650000858062,12.584665000085806,0.04,2.253,0.2916650000858061,5.0
S00003,UPF,core-1,547,DONE,16.14578,16.14839,2.6150619999043556,12.615061999904356,0.044,1.882,0.6890619999043557,5.0
S00005,IMS-CSCF,core-1,529,DONE,16.1472,16.14918,1.9762889999128674,11.976288999912867,0.052,1.515,0.4092889999128675,5.0
S00006,IMS-CSCF,core-1,499,DONE,16.1484,16.15026,1.8576910001684155,13.857691000168415,0.076,1.376,0.4056910001684155,6.0
S00009,IoT-GW,edge-A,572,DONE,16.15026,16.15206,1.7999469998812856,1.7999469998812856,0.082,1.256,0.4619469998812855,0.0
S00003,UPF,core-1,548,DONE,16.15326,16.1566,3.34723900004974,13.34723900004974,0.054,2.612,0.6812390000497399,5.0
S00001,vRAN-DU,edge-A,525,DONE,16.15338,16.15968,6.304974000158836,6.304974000158836,0.052,5.479,0.7739740001588364,0.0
S00005,IMS-CSCF,core-1,530,DONE,16.15347,16.15661,3.1417469999723835,13.141746999972383,0.036,2.507,0.5987469999723833,5.0
S00001,vRAN-DU,edge-A,526,DONE,16.15662,16.16097,4.346735999888551,4.346735999888551,0.057,3.833,0.45673599988855074,0.0
S00004,UPF,core-1,546,DONE,16.15673,16.15968,2.9425119998904847,14.942511999890485,0.078,1.819,1.045511999890485,6.0
S00005,IMS-CSCF,core-1,531,DONE,16.15969,16.16198,2.2901060001458973,12.290106000145897,0.074,1.577,0.6391060001458975,5.0
S00006,IMS-CSCF,core-1,500,DONE,16.15979,16.16328,3.4923649998290784,15.492364999829078,1.188,1.896,0.4083649998290788,6.0
S00004,UPF,core-1,547,DONE,16.16198,16.16478,2.799894999952812,14.799894999952812,0.044,2.473,0.2828949999528123,6.0
S00005,IMS-CSCF,core-1,532,DONE,16.16328,16.16595,2.667008999878817,12.667008999878817,0.044,2.246,0.3770089998788171,5.0
S00001,vRAN-DU,edge-A,527,DONE,16.16923,16.17844,9.215022000034878,9.215022000034878,0.079,7.152,1.9840220000348774,0.0
S00009,IoT-GW,edge-A,573,DONE,16.17167,16.17976,8.09348399980081,8.09348399980081,0.057,7.483,0.5534839998008101,0.0
S00002,vRAN-DU,edge-B,545,DONE,16.1718,16.17912,7.316873000036139,7.316873000036139,0.082,5.783,1.451873000036139,0.0
S00010,IoT-GW,edge-B,532,DONE,16.17408,16.17579,1.7045070001131535,1.7045070001131535,0.056,0.99,0.6585070001131534,0.0
S00002,vRAN-DU,edge-B,546,DONE,16.17454,16.17972,5.178501000045799,5.178501000045799,0.054,2.769,2.3555010000457983,0.0
S00004,UPF,core-1,548,DONE,16.17845,16.1825,4.0485039999111905,16.04850399991119,0.923,2.334,0.7915039999111904,6.0
S00005,IMS-CSCF,core-1,533,DONE,16.18372,16.18578,2.067022000119323,12.067022000119323,0.059,1.471,0.5370220001193227,5.0
S00009,IoT-GW,edge-A,574,DONE,16.18579,16.18772,1.9354250000560569,1.9354250000560569,0.077,1.295,0.563425000056057,0.0
S00006,IMS-CSCF,core-1,501,DONE,16.18894,16.19094,2.002940000011222,14.002940000011222,0.08,1.432,0.49094000001122184,6.0
S00009,IoT-GW,edge-A,575,DONE,16.19028,16.19203,1.7566310000347585,1.7566310000347585,0.086,1.152,0.5186310000347585,0.0
S00005,IMS-CSCF,core-1,534,DONE,16.19344,16.19647,3.035624999938591,13.035624999938591,0.179,1.523,1.3336249999385912,5.0
S00003,UPF,core-1,549,DONE,16.1936,16.19752,3.9235029998963,13.9235029998963,0.077,3.312,0.5345029998963002,5.0
S00008,Transcoder,core-1,282,DONE,16.20179,16.21383,12.039044999937687,24.039044999937687,0.105,9.969,1.965044999937687,6.0
S00002,vRAN-DU,edge-B,547,DONE,16.20192,16.21384,11.91880500005027,11.91880500005027,0.085,10.23,1.6038050000502686,0.0
S00008,Transcoder,core-1,283,DONE,16.20418,16.22009,15.909634000081496,27.909634000081496,0.082,14.943,0.8846340000814958,6.0
S00005,IMS-CSCF,core-1,535,DONE,16.20552,16.21405,8.522130999836008,18.52213099983601,0.065,8.128,0.3291309998360088,5.0
S00001,vRAN-DU,edge-A,528,DONE,16.21384,16.22387,10.020709999935207,10.020709999935207,0.119,8.814,1.087709999935207,0.0
S00006,IMS-CSCF,core-1,502,DONE,16.21393,16.21618,2.2513160001835786,14.251316000183579,0.076,1.651,0.5243160001835785,6.0
S00006,IMS-CSCF,core-1,503,DONE,16.21396,16.21841,4.44644000003791,16.44644000003791,1.933,1.989,0.5244400000379101,6.0
S00004,UPF,core-1,549,DONE,16.21527,16.2208,5.530710999892108,17.530710999892108,0.219,4.17,1.1417109998921076,6.0
S00009,IoT-GW,edge-A,576,DONE,16.22009,16.22498,4.884579999952621,4.884579999952621,0.114,3.99,0.7805799999526206,0.0
S00005,IMS-CSCF,core-1,536,DONE,16.22019,16.22752,7.32448700000532,17.32448700000532,0.103,4.085,3.13648700000532,5.0
S00004,UPF,core-1,550,DONE,16.22206,16.22758,5.5170880000332545,17.517088000033255,0.044,3.973,1.500088000033255,6.0
S00001,vRAN-DU,edge-A,529,DONE,16.22336,16.23199,8.631246000049941,8.631246000049941,0.043,8.032,0.5562460000499421,0.0
S00007,Transcoder,core-1,318,DONE,16.22876,16.23872,9.960899000134305,19.960899000134305,0.073,9.19,0.6978990001343046,5.0
S00004,UPF,core-1,551,DONE,16.23139,16.23865,7.263994999902934,19.263994999902934,0.077,6.473,0.7139949999029342,6.0
S00002,vRAN-DU,edge-B,548,DONE,16.24309,16.24673,3.640339999947173,3.640339999947173,0.089,3.024,0.5273399999471731,0.0
S00002,vRAN-DU,edge-B,549,DONE,16.2441,16.25205,7.9504960001486324,7.9504960001486324,0.076,6.012,1.8624960001486333,0.0
S00010,IoT-GW,edge-B,533,DONE,16.24472,16.2479,3.182684999956109,3.182684999956109,1.982,0.946,0.25468499995610916,0.0
S00001,vRAN-DU,edge-A,530,DONE,16.24797,16.25298,5.0095510000573995,5.0095510000573995,0.096,4.146,0.7675510000573995,0.0
S00009,IoT-GW,edge-A,577,DONE,16.24922,16.25299,3.7680469999941124,3.7680469999941124,0.06,2.772,0.9360469999941126,0.0
S00001,vRAN-DU,edge-A,531,DONE,16.25206,16.25597,3.9076579998891248,3.9076579998891248,0.501,2.947,0.4596579998891248,0.0
S00006,IMS-CSCF,core-1,504,DONE,16.25423,16.25617,1.9400179999138345,13.940017999913835,0.079,1.222,0.6390179999138346,6.0
S00006,IMS-CSCF,core-1,505,DONE,16.25597,16.25815,2.176192999968407,14.176192999968407,0.047,1.716,0.41319299996840697,6.0
S00009,IoT-GW,edge-A,578,DONE,16.25622,16.25826,2.0382520001476223,2.0382520001476223,0.052,1.48,0.5062520001476223,0.0
S00010,IoT-GW,edge-B,534,DONE,16.26653,16.26896,2.4280019999878277,2.4280019999878277,0.087,1.223,1.1180019999878275,0.0
S00001,vRAN-DU,edge-A,532,DONE,16.26669,16.27261,5.9140420000858285,5.9140420000858285,0.083,5.305,0.5260420000858286,0.0
S00001,vRAN-DU,edge-A,533,DONE,16.26712,16.27176,4.647446000035416,4.647446000035416,0.104,4.187,0.35644600003541527,0.0
S00005,IMS-CSCF,core-1,537,DONE,16.26896,16.27123,2.2651809999842953,12.265180999984295,0.087,1.688,0.4901809999842952,5.0
S00001,vRAN-DU,edge-A,534,DONE,16.27261,16.27635,3.7389910000911186,3.7389910000911186,0.046,2.575,1.1179910000911186,0.0
S00001,vRAN-DU,edge-A,535,DONE,16.27525,16.27916,3.91028300009566,3.91028300009566,0.084,2.597,1.22928300009566,0.0
S00006,IMS-CSCF,core-1,506,DONE,16.27891,16.28242,3.5100719999263674,15.510071999926367,0.089,2.631,0.7900719999263677,6.0
S00001,vRAN-DU,edge-A,536,DONE,16.27899,16.28177,2.783616999977312,2.783616999977312,0.039,2.404,0.3406169999773119,0.0
S00010,IoT-GW,edge-B,535,DONE,16.27916,16.28218,3.0178039999100292,3.0178039999100292,0.078,2.059,0.8808039999100292,0.0
S00003,UPF,core-1,550,DONE,16.28218,16.28452,2.3381210000934516,12.338121000093452,0.044,1.724,0.5701210000934516,5.0
S00005,IMS-CSCF,core-1,538,DONE,16.29075,16.29296,2.2130229999675066,12.213022999967507,0.092,1.489,0.6320229999675064,5.0
S00004,UPF,core-1,552,DONE,16.29297,16.29666,3.68740799990519,15.68740799990519,0.119,2.811,0.7574079999051904,6.0
S00006,IMS-CSCF,core-1,507,DONE,16.29305,16.29629,3.2425449999209377,15.242544999920938,0.186,2.126,0.9305449999209379,6.0
S00002,vRAN-DU,edge-B,550,DONE,16.29788,16.30161,3.7358530000801693,3.7358530000801693,0.083,2.999,0.653853000080169,0.0
S00001,vRAN-DU,edge-A,537,DONE,16.29921,16.30312,3.9021259999572067,3.9021259999572067,0.079,3.316,0.5071259999572066,0.0
S00003,UPF,core-1,551,DONE,16.30534,16.30863,3.28683199995794,13.28683199995794,0.085,2.331,0.8708319999579399,5.0
S00010,IoT-GW,edge-B,536,DONE,16.30864,16.31106,2.422532000082356,2.422532000082356,0.073,1.66,0.6895320000823559,0.0
S00004,UPF,core-1,553,DONE,16.31107,16.31407,2.997470000082103,14.997470000082103,0.107,2.205,0.6854700000821028,6.0
S00005,IMS-CSCF,core-1,539,DONE,16.3125,16.31654,4.045047999852613,14.045047999852613,0.084,3.274,0.6870479998526133,5.0
S00009,IoT-GW,edge-A,579,DONE,16.31261,16.31491,2.2985390000940242,2.2985390000940242,0.1,1.347,0.8515390000940242,0.0
S00010,IoT-GW,edge-B,537,DONE,16.31875,16.32225,3.497765000020081,3.497765000020081,0.11,2.436,0.9517650000200812,0.0
S00006,IMS-CSCF,core-1,508,DONE,16.31888,16.32187,2.9925040000762237,14.992504000076224,0.079,2.339,0.5745040000762236,6.0
S00004,UPF,core-1,554,DONE,16.32187,16.32548,3.6061360001440335,15.606136000144033,0.055,3.041,0.5101360001440334,6.0
S00005,IMS-CSCF,core-1,540,DONE,16.32549,16.32769,2.201732000003176,12.201732000003176,0.101,1.435,0.6657320000031759,5.0
S00010,IoT-GW,edge-B,538,DONE,16.3269,16.32998,3.0759740000121383,3.0759740000121383,0.677,1.798,0.6009740000121382,0.0
S00010,IoT-GW,edge-B,539,DONE,16.3277,16.33183,4.1354190000220115,4.1354190000220115,1.84,1.246,1.0494190000220116,0.0
S00006,IMS-CSCF,core-1,509,DONE,16.32778,16.32975,1.963553999985379,13.963553999985379,0.065,1.413,0.48555399998537907,6.0
S00007,Transcoder,core-1,319,DONE,16.33184,16.34186,10.016961000019364,20.016961000019364,0.055,9.377,0.5849610000193639,5.0
S00010,IoT-GW,edge-B,540,DONE,16.33422,16.34051,6.293191999930059,6.293191999930059,0.073,5.4,0.8201919999300582,0.0
S00002,vRAN-DU,edge-B,551,DONE,16.33653,16.34052,3.995012000132192,3.995012000132192,0.056,3.229,0.7100120001321919,0.0
S00003,UPF,core-1,552,DONE,16.33978,16.34355,3.7729900000158523,13.772990000015852,0.073,2.358,1.3419900000158522,5.0
S00002,vRAN-DU,edge-B,552,DONE,16.34992,16.35536,5.4426560000138124,5.4426560000138124,0.09,4.386,0.9666560000138125,0.0
S00003,UPF,core-1,553,DONE,16.35537,16.35892,3.54844100002083,13.54844100002083,0.12,2.575,0.8534410000208297,5.0
S00005,IMS-CSCF,core-1,541,DONE,16.36125,16.36453,3.2824400000208698,13.28244000002087,0.075,2.198,1.0094400000208696,5.0
S00001,vRAN-DU,edge-A,538,DONE,16.36272,16.36685,4.131146999952762,4.131146999952762,0.08,3.095,0.9561469999527614,0.0
S00007,Transcoder,core-1,320,DONE,16.36454,16.37655,12.008855999965817,22.008855999965817,0.086,10.825,1.0978559999658177,5.0
S00002,vRAN-DU,edge-B,553,DONE,16.36686,16.37062,3.767588000073374,3.767588000073374,0.078,3.27,0.41958800007337427,0.0
S00006,IMS-CSCF,core-1,510,DONE,16.36912,16.37159,2.4632459999338607,14.46324599993386,0.097,1.843,0.5232459999338608,6.0
S00009,IoT-GW,edge-A,580,DONE,16.37492,16.37708,2.1556190001774667,2.1556190001774667,0.133,1.438,0.5846190001774667,0.0
S00010,IoT-GW,edge-B,541,DONE,16.38235,16.38504,2.6916010001514223,2.6916010001514223,0.142,1.641,0.9086010001514224,0.0
S00006,IMS-CSCF,core-1,511,DONE,16.38514,16.38916,4.014263999806644,16.014263999806644,0.137,2.941,0.9362639998066444,6.0
S00004,UPF,core-1,555,DONE,16.38545,16.38971,4.258486999788147,16.258486999788147,0.065,3.208,0.9854869997881464,6.0
S00009,IoT-GW,edge-A,581,DONE,16.38804,16.3903,2.2612570001001586,2.2612570001001586,0.088,1.533,0.6402570001001586,0.0
S00009,IoT-GW,edge-A,582,DONE,16.38923,16.39187,2.645785000140677,2.645785000140677,0.734,1.335,0.5767850001406769,0.0
S00005,IMS-CSCF,core-1,542,DONE,16.39188,16.39418,2.2996309999143705,12.29963099991437,0.154,1.637,0.5086309999143706,5.0
S00007,Transcoder,core-1,321,DONE,16.39547,16.40669,11.219939000056911,21.21993900005691,0.058,10.604,0.557939000056912,5.0
S00004,UPF,core-1,556,DONE,16.40291,16.40692,4.001376999895001,16.001376999895,0.067,3.15,0.784376999895001,6.0
S00005,IMS-CSCF,core-1,543,DONE,16.40507,16.40762,2.551959999891551,12.551959999891551,0.127,1.715,0.7099599998915511,5.0
S00006,IMS-CSCF,core-1,512,DONE,16.4067,16.40885,2.148790000092049,14.148790000092049,0.048,1.585,0.515790000092049,6.0
S00006,IMS-CSCF,core-1,513,DONE,16.40885,16.41079,1.944976000004317,13.944976000004317,0.049,1.498,0.3979760000043171,6.0
S00006,IMS-CSCF,core-1,514,DONE,16.41301,16.41541,2.4016820000269945,14.401682000026995,0.083,1.702,0.6166820000269944,6.0
S00002,vRAN-DU,edge-B,554,DONE,16.41662,16.41998,3.358793999950649,3.358793999950649,0.082,2.816,0.4607939999506492,0.0
S00006,IMS-CSCF,core-1,515,DONE,16.41791,16.42092,3.0122789999040833,15.012278999904083,0.064,2.513,0.43527899990408336,6.0
S00005,IMS-CSCF,core-1,544,DONE,16.42313,16.42539,2.2594469999148714,12.259446999914871,0.07,1.61,0.5794469999148715,5.0
S00007,Transcoder,core-1,322,DONE,16.42539,16.43238,6.987503000118522,16.987503000118522,0.051,6.537,0.39950300011852224,5.0
S00001,vRAN-DU,edge-A,539,DONE,16.42548,16.43142,5.940321000025506,5.940321000025506,2.592,2.845,0.5033210000255055,0.0
S00010,IoT-GW,edge-B,542,DONE,16.43094,16.43262,1.6777939999883529,1.6777939999883529,0.077,1.182,0.418793999988353,0.0
S00004,UPF,core-1,557,DONE,16.43489,16.4399,5.007110999940778,17.007110999940778,0.063,2.009,2.9351109999407785,6.0
S00002,vRAN-DU,edge-B,555,DONE,16.43502,16.44016,5.141969000078461,5.141969000078461,0.07,4.655,0.4169690000784607,0.0
S00009,IoT-GW,edge-A,583,DONE,16.43991,16.44262,2.7146620000166877,2.7146620000166877,0.158,1.599,0.9576620000166878,0.0
S00010,IoT-GW,edge-B,543,DONE,16.44002,16.44261,2.5905509999120113,2.5905509999120113,0.178,1.828,0.5845509999120113,0.0
S00002,vRAN-DU,edge-B,556,DONE,16.44394,16.44766,3.7248940000154107,3.7248940000154107,0.071,2.985,0.6688940000154107,0.0
S00001,vRAN-DU,edge-A,540,DONE,16.44409,16.4526,8.50779200004581,8.50779200004581,0.089,5.737,2.68179200004581,0.0
S00009,IoT-GW,edge-A,584,DONE,16.44725,16.44968,2.4267740000141202,2.4267740000141202,0.073,1.173,1.1807740000141203,0.0
S00009,IoT-GW,edge-A,585,DONE,16.44738,16.45303,5.651811999996426,5.651811999996426,1.392,3.649,0.6108119999964261,0.0
S00002,vRAN-DU,edge-B,557,DONE,16.44968,16.45762,7.938271000057284,7.938271000057284,0.052,7.199,0.6872710000572848,0.0
S00010,IoT-GW,edge-B,544,DONE,16.4526,16.45412,1.5207859999009088,1.5207859999009088,0.061,1.08,0.3797859999009088,0.0
S00001,vRAN-DU,edge-A,541,DONE,16.45643,16.46086,4.433704999883048,4.433704999883048,0.219,3.299,0.9157049998830478,0.0
S00009,IoT-GW,edge-A,586,DONE,16.45763,16.46157,3.9475270000366436,3.9475270000366436,0.057,2.641,1.2495270000366436,0.0
S00009,IoT-GW,edge-A,587,DONE,16.45769,16.46371,6.0232060000089405,6.0232060000089405,2.773,2.285,0.9652060000089402,0.0
S00006,IMS-CSCF,core-1,516,DONE,16.45772,16.46085,3.1344419999186357,15.134441999918636,0.081,1.852,1.2014419999186357,6.0
S00004,UPF,core-1,558,DONE,16.45971,16.4638,4.088726999952996,16.088726999952996,0.041,3.397,0.6507269999529961,6.0
S00004,UPF,core-1,559,DONE,16.46086,16.46782,6.958935000056954,18.958935000056954,2.015,3.493,1.4509350000569534,6.0
S00008,Transcoder,core-1,284,DONE,16.46371,16.47662,12.906874999998763,24.906874999998763,0.082,12.037,0.7878749999987615,6.0
S00005,IMS-CSCF,core-1,545,DONE,16.46578,16.47066,4.887288999952943,14.887288999952943,0.18,2.755,1.9522889999529438,5.0
S00004,UPF,core-1,560,DONE,16.46583,16.47058,4.749528000047576,16.749528000047576,0.126,2.766,1.8575280000475756,6.0
S00003,UPF,core-1,554,DONE,16.46703,16.47064,3.6132630000338395,13.61326300003384,0.059,2.844,0.7102630000338395,5.0
S00004,UPF,core-1,561,DONE,16.46783,16.47649,8.667023999805679,20.66702399980568,2.653,5.093,0.9210239998056782,6.0
S00008,Transcoder,core-1,285,DONE,16.47026,16.48287,12.605147999920518,24.60514799992052,0.044,11.905,0.6561479999205186,6.0
S00001,vRAN-DU,edge-A,542,DONE,16.4765,16.48306,6.555528999797389,6.555528999797389,0.079,6.058,0.4185289997973891,0.0
S00006,IMS-CSCF,core-1,517,DONE,16.47883,16.48282,3.9849529998718936,15.984952999871894,0.098,3.464,0.4229529998718937,6.0
S00007,Transcoder,core-1,323,DONE,16.47901,16.48857,9.558761999869603,19.558761999869603,0.054,8.945,0.5597619998696022,5.0
S00003,UPF,core-1,555,DONE,16.4802,16.48448,4.2801199999757955,14.280119999975796,0.05,2.177,2.0531199999757956,5.0
S00005,IMS-CSCF,core-1,546,DONE,16.48567,16.4883,2.6319300000068324,12.631930000006832,0.057,1.228,1.3469300000068325,5.0
S00003,UPF,core-1,556,DONE,16.48834,16.49063,2.288279000140392,12.288279000140392,0.042,1.781,0.46527900014039214,5.0
S00009,IoT-GW,edge-A,588,DONE,16.48843,16.49139,2.9543140001351276,2.9543140001351276,0.073,2.361,0.5203140001351274,0.0
S00009,IoT-GW,edge-A,589,DONE,16.4898,16.49327,3.4737910000330885,3.4737910000330885,1.603,1.524,0.3467910000330885,0.0
S00010,IoT-GW,edge-B,545,DONE,16.49004,16.49291,2.875486999982968,2.875486999982968,0.118,1.516,1.241486999982968,0.0
S00010,IoT-GW,edge-B,546,DONE,16.49143,16.49388,2.44865799982108,2.44865799982108,0.043,1.577,0.8286579998210799,0.0
S00002,vRAN-DU,edge-B,558,DONE,16.49609,16.4992,3.1061730001056276,3.1061730001056276,0.082,2.587,0.43717300010562754,0.0
S00001,vRAN-DU,edge-A,543,DONE,16.49921,16.50279,3.5829159999138938,3.5829159999138938,0.065,3.004,0.5139159999138938,0.0
S00002,vRAN-DU,edge-B,559,DONE,16.50144,16.50443,2.989874000149939,2.989874000149939,0.049,2.474,0.46687400014993896,0.0
S00008,Transcoder,core-1,286,DONE,16.50279,16.51441,11.6134540000985,23.6134540000985,0.079,11.037,0.4974540000984984,6.0
S00001,vRAN-DU,edge-A,544,DONE,16.5056,16.51077,5.167149000044446,5.167149000044446,0.167,4.537,0.4631490000444467,0.0
S00002,vRAN-DU,edge-B,560,DONE,16.50684,16.51141,4.575209999984509,4.575209999984509,0.072,2.647,1.8562099999845088,0.0
S00003,UPF,core-1,557,DONE,16.50967,16.51424,4.5689859998674365,14.568985999867436,0.076,4.117,0.37598599986743686,5.0
S00005,IMS-CSCF,core-1,547,DONE,16.51013,16.51394,3.8192009999420407,13.81920099994204,0.046,3.472,0.30120099994204086,5.0
S00007,Transcoder,core-1,324,DONE,16.51781,16.52602,8.214101000021401,18.2141010000214,0.079,7.377,0.7581010000214006,5.0
S00008,Transcoder,core-1,287,DONE,16.51792,16.52601,8.095996000065497,20.095996000065497,0.148,7.263,0.6849960000654978,6.0
S00005,IMS-CSCF,core-1,548,DONE,16.5242,16.5277,3.4905100001196843,13.490510000119684,0.053,1.641,1.7965100001196843,5.0
S00001,vRAN-DU,edge-A,545,DONE,16.52438,16.52903,4.650081000136197,4.650081000136197,0.207,3.993,0.45008100013619723,0.0
S00005,IMS-CSCF,core-1,549,DONE,16.5277,16.52943,1.7344760001378745,11.734476000137875,0.041,1.291,0.40247600013787466,5.0
S00004,UPF,core-1,562,DONE,16.53061,16.53282,2.2119160000784177,14.211916000078418,0.083,1.786,0.3429160000784175,6.0
S00002,vRAN-DU,edge-B,561,DONE,16.53838,16.54281,4.4361180000578315,4.4361180000578315,0.085,3.635,0.7161180000578318,0.0
S00002,vRAN-DU,edge-B,562,DONE,16.53967,16.54282,3.14762899984089,3.14762899984089,0.068,2.624,0.45562899984089,0.0
S00009,IoT-GW,edge-A,590,DONE,16.54195,16.54419,2.247436000061498,2.247436000061498,0.075,1.713,0.45943600006149765,0.0
S00009,IoT-GW,edge-A,591,DONE,16.54547,16.54726,1.794326999970508,1.794326999970508,0.059,1.003,0.7323269999705082,0.0
S00005,IMS-CSCF,core-1,550,DONE,16.54556,16.54757,2.0096460000331717,12.009646000033172,0.092,1.509,0.40864600003317175,5.0
S00010,IoT-GW,edge-B,547,DONE,16.54978,16.55158,1.802206000093065,1.802206000093065,0.068,1.088,0.646206000093065,0.0
S00005,IMS-CSCF,core-1,551,DONE,16.55478,16.55684,2.06480199994985,12.06480199994985,0.077,1.578,0.4098019999498501,5.0
S00004,UPF,core-1,563,DONE,16.55607,16.55838,2.3100320001958607,14.31003200019586,0.105,1.791,0.41403200019586084,6.0
S00003,UPF,core-1,558,DONE,16.56863,16.57211,3.477424000038809,13.477424000038809,0.078,2.431,0.9684240000388091,5.0
S00007,Transcoder,core-1,325,DONE,16.57008,16.57661,6.532149000122445,16.532149000122445,0.051,5.999,0.4821490001224449,5.0
S00005,IMS-CSCF,core-1,552,DONE,16.57781,16.57997,2.1544129999711004,12.1544129999711,0.066,1.551,0.5374129999711006,5.0
S00009,IoT-GW,edge-A,592,DONE,16.57997,16.58288,2.9062229998544353,2.9062229998544353,0.145,2.28,0.4812229998544355,0.0
S00003,UPF,core-1,559,DONE,16.58029,16.58287,2.57950900004289,12.57950900004289,0.102,1.786,0.6915090000428901,5.0
S00006,IMS-CSCF,core-1,518,DONE,16.58294,16.58457,1.630675000114934,13.630675000114934,0.048,1.237,0.3456750001149338,6.0
S00006,IMS-CSCF,core-1,519,DONE,16.58325,16.58597,2.7136819999213913,14.713681999921391,1.029,1.249,0.4356819999213912,6.0
S00005,IMS-CSCF,core-1,553,DONE,16.58727,16.58954,2.276016999985586,12.276016999985586,0.051,1.697,0.5280169999855859,5.0
S00003,UPF,core-1,560,DONE,16.58955,16.59184,2.2909969998181623,12.290996999818162,0.048,1.915,0.3279969998181622,5.0
S00002,vRAN-DU,edge-B,563,DONE,16.59309,16.59821,5.128837000029307,5.128837000029307,0.078,4.303,0.7478370000293069,0.0
S00004,UPF,core-1,564,DONE,16.59541,16.59823,2.820005000103265,14.820005000103265,0.057,2.243,0.5200050001032652,6.0
S00003,UPF,core-1,561,DONE,16.60159,16.60543,3.842484999950102,13.842484999950102,0.125,2.934,0.7834849999501019,5.0
S00005,IMS-CSCF,core-1,554,DONE,16.60182,16.60472,2.8977360000226327,12.897736000022633,0.066,2.194,0.6377360000226329,5.0
S00007,Transcoder,core-1,326,DONE,16.60472,16.61456,9.834494999950039,19.83449499995004,0.073,8.937,0.8244949999500388,5.0
S00010,IoT-GW,edge-B,548,DONE,16.60544,16.60686,1.4212190001217095,1.4212190001217095,0.075,0.907,0.43921900012170956,0.0
S00006,IMS-CSCF,core-1,520,DONE,16.60908,16.61354,4.4528440000703995,16.4528440000704,0.082,3.734,0.6368440000703997,6.0
S00005,IMS-CSCF,core-1,555,DONE,16.60917,16.61484,5.671554999935324,15.671554999935324,0.195,5.035,0.4415549999353239,5.0
S00010,IoT-GW,edge-B,549,DONE,16.61041,16.61198,1.57494800009772,1.57494800009772,0.082,1.046,0.44694800009771996,0.0
S00002,vRAN-DU,edge-B,564,DONE,16.61705,16.62111,4.060081000034188,4.060081000034188,0.095,3.154,0.8110810000341879,0.0
S00003,UPF,core-1,562,DONE,16.62112,16.62499,3.865276000169615,13.865276000169615,0.076,3.182,0.6072760001696151,5.0
S00007,Transcoder,core-1,327,DONE,16.63642,16.64363,7.2043440000015835,17.204344000001583,0.115,6.515,0.5743440000015836,5.0
S00005,IMS-CSCF,core-1,556,DONE,16.63658,16.64335,6.77132700002403,16.77132700002403,0.194,3.802,2.77532700002403,5.0
S00004,UPF,core-1,565,DONE,16.64336,16.64591,2.5538919999235077,14.553891999923508,0.047,1.911,0.5958919999235075,6.0
S00005,IMS-CSCF,core-1,557,DONE,16.64496,16.64699,2.03233199999886,12.03233199999886,0.058,1.525,0.44933199999885987,5.0
S00002,vRAN-DU,edge-B,565,DONE,16.64592,16.65092,4.99906199979705,4.99906199979705,0.079,4.34,0.5800619997970502,0.0
S00001,vRAN-DU,edge-A,546,DONE,16.647,16.65091,3.908913000032044,3.908913000032044,0.127,2.991,0.7909130000320439,0.0
S00004,UPF,core-1,566,DONE,16.64925,16.65205,2.806382000017038,14.806382000017038,0.057,1.857,0.8923820000170382,6.0
S00007,Transcoder,core-1,328,DONE,16.65092,16.66142,10.503016000029675,20.503016000029675,0.063,8.664,1.7760160000296743,5.0
S00002,vRAN-DU,edge-B,566,DONE,16.65533,16.67999,24.66237299995555,24.66237299995555,0.08,20.055,4.527372999955553,0.0
S00010,IoT-GW,edge-B,550,DONE,16.65543,16.67999,24.560393999990993,24.560393999990993,0.253,19.836,4.471393999990994,0.0
S00006,IMS-CSCF,core-1,521,DONE,16.65665,16.6584,1.748124999949141,13.748124999949141,0.056,1.168,0.5241249999491411,6.0
S00003,UPF,core-1,563,DONE,16.6584,16.66143,3.0295110000224668,13.029511000022467,0.048,2.199,0.7825110000224669,5.0
S00004,UPF,core-1,567,DONE,16.66017,16.66859,8.416106000140644,20.416106000140644,0.057,2.471,5.888106000140644,6.0
S00007,Transcoder,core-1,329,DONE,16.66041,16.68241,22.002400000019406,32.002400000019406,0.147,20.932,0.9234000000194094,5.0
S00009,IoT-GW,edge-A,593,DONE,16.66047,16.67565,15.178788999946846,15.178788999946846,0.078,9.344,5.756788999946847,0.0
S00008,Transcoder,core-1,288,DONE,16.66144,16.68221,20.769527000084054,32.769527000084054,0.153,18.077,2.5395270000840533,6.0
S00004,UPF,core-1,568,DONE,16.6615,16.68569,24.189305999925637,36.18930599992564,0.179,18.451,5.559305999925638,6.0
S00006,IMS-CSCF,core-1,522,DONE,16.66859,16.68001,11.415092000106597,23.415092000106597,0.074,8.937,2.4040920001065977,6.0
S00002,vRAN-DU,edge-B,567,DONE,16.66868,16.68081,12.134535999848595,12.134535999848595,3.209,4.201,4.724535999848595,0.0
S00009,IoT-GW,edge-A,594,DONE,16.66872,16.68,11.284655000054045,11.284655000054045,5.916,1.481,3.8876550000540444,0.0
S00004,UPF,core-1,569,DONE,16.66875,16.68815,19.402244000048086,31.402244000048086,15.605,2.243,1.5542440000480853,6.0
S00005,IMS-CSCF,core-1,558,DONE,16.66996,16.68547,15.507798000044204,25.507798000044204,9.249,3.011,3.2477980000442033,5.0
S00010,IoT-GW,edge-B,551,DONE,16.68001,16.68188,1.8733429999429063,1.8733429999429063,0.047,1.103,0.7233429999429064,0.0
S00005,IMS-CSCF,core-1,559,DONE,16.68189,16.6917,9.811627000090084,19.811627000090084,0.614,5.147,4.050627000090083,5.0
S00003,UPF,core-1,564,DONE,16.68687,16.69019,3.315994000104183,13.315994000104183,0.047,2.985,0.2839940001041832,5.0
S00003,UPF,core-1,565,DONE,16.6929,16.69548,2.575747000037154,12.575747000037154,0.047,2.248,0.2807470000371537,5.0
S00008,Transcoder,core-1,289,DONE,16.69767,16.70625,8.587774000034187,20.587774000034187,0.063,6.587,1.937774000034187,6.0
S00010,IoT-GW,edge-B,552,DONE,16.69955,16.70146,1.9169209999745362,1.9169209999745362,0.082,1.06,0.7749209999745361,0.0
S00007,Transcoder,core-1,330,DONE,16.69961,16.71268,13.069335999944087,23.069335999944087,0.045,12.592,0.4323359999440868,5.0
S00009,IoT-GW,edge-A,595,DONE,16.70744,16.70919,1.752124999939042,1.752124999939042,0.09,1.139,0.5231249999390419,0.0
S00002,vRAN-DU,edge-B,568,DONE,16.70919,16.71231,3.118746000154715,3.118746000154715,0.068,2.417,0.6337460001547153,0.0
S00004,UPF,core-1,570,DONE,16.72498,16.72854,3.56334599996444,15.56334599996444,0.093,2.251,1.2193459999644403,6.0
S00001,vRAN-DU,edge-A,547,DONE,16.72743,16.73146,4.033945999935895,4.033945999935895,0.093,3.416,0.5249459999358952,0.0
S00010,IoT-GW,edge-B,553,DONE,16.73972,16.74164,1.9174920000750717,1.9174920000750717,0.082,1.216,0.6194920000750717,0.0
S00007,Transcoder,core-1,331,DONE,16.7411,16.75091,9.80933300002107,19.80933300002107,0.083,8.694,1.0323330000210689,5.0
S00007,Transcoder,core-1,332,DONE,16.74281,16.75121,8.400940000001356,18.400940000001356,0.054,7.935,0.4119400000013558,5.0
S00006,IMS-CSCF,core-1,523,DONE,16.74511,16.74686,1.75140300007115,13.75140300007115,0.08,1.376,0.29540300007115006,6.0
S00004,UPF,core-1,571,DONE,16.74637,16.75092,4.547498999954769,16.54749899995477,0.042,3.651,0.8544989999547692,6.0
S00006,IMS-CSCF,core-1,524,DONE,16.75002,16.75257,2.5562440000612696,14.55624400006127,0.056,1.828,0.6722440000612695,6.0
S00002,vRAN-DU,edge-B,569,DONE,16.75676,16.76245,5.6854500001009,5.6854500001009,0.083,2.984,2.6184500001009,0.0
S00001,vRAN-DU,edge-A,548,DONE,16.7591,16.7631,3.9994199999000557,3.9994199999000557,0.092,3.269,0.6384199999000555,0.0
S00001,vRAN-DU,edge-A,549,DONE,16.7592,16.76389,4.694538999956421,4.694538999956421,0.295,3.869,0.5305389999564212,0.0
S00007,Transcoder,core-1,333,DONE,16.76245,16.76956,7.109417000037865,17.109417000037865,0.076,6.33,0.7034170000378657,5.0
S00001,vRAN-DU,edge-A,550,DONE,16.76255,16.76648,3.9307609999923443,3.9307609999923443,0.048,3.125,0.7577609999923443,0.0
S00002,vRAN-DU,edge-B,570,DONE,16.76872,16.77195,3.224966000061613,3.224966000061613,0.075,2.701,0.4489660000616129,0.0
S00001,vRAN-DU,edge-A,551,DONE,16.77175,16.77548,3.737373999911142,3.737373999911142,0.073,3.174,0.4903739999111423,0.0
S00003,UPF,core-1,566,DONE,16.77521,16.77847,3.2591100000445294,13.25911000004453,0.094,2.391,0.7741100000445296,5.0
S00005,IMS-CSCF,core-1,560,DONE,16.77853,16.78134,2.8112200000123266,12.811220000012327,0.099,2.059,0.6532200000123263,5.0
S00006,IMS-CSCF,core-1,525,DONE,16.77867,16.78123,2.566740000020218,14.566740000020218,0.068,1.894,0.6047400000202179,6.0
S00004,UPF,core-1,572,DONE,16.78041,16.78355,3.140062000056787,15.140062000056787,0.052,2.01,1.078062000056787,6.0
S00009,IoT-GW,edge-A,596,DONE,16.78884,16.79121,2.3721019999811688,2.3721019999811688,0.083,1.634,0.6551019999811687,0.0
S00007,Transcoder,core-1,334,DONE,16.7975,16.80862,11.124612000003253,21.124612000003253,0.117,7.06,3.947612000003253,5.0
S00006,IMS-CSCF,core-1,526,DONE,16.80196,16.80969,7.73492600001191,19.73492600001191,0.098,6.988,0.6489260000119099,6.0
S00009,IoT-GW,edge-A,597,DONE,16.80208,16.80863,6.555624999919019,6.555624999919019,0.095,2.649,3.811624999919019,0.0
S00007,Transcoder,core-1,335,DONE,16.80214,16.81242,10.275903000092512,20.275903000092512,0.163,9.319,0.7939030000925111,5.0
S00004,UPF,core-1,573,DONE,16.80864,16.81325,4.611568999962401,16.6115689999624,0.071,4.125,0.41556899996240126,6.0
S00007,Transcoder,core-1,336,DONE,16.81086,16.82393,13.070354000092266,23.070354000092266,0.104,11.015,1.951354000092266,5.0
S00005,IMS-CSCF,core-1,561,DONE,16.81544,16.81782,2.381676000140942,12.381676000140942,0.065,1.729,0.587676000140942,5.0
S00003,UPF,core-1,567,DONE,16.82216,16.82537,3.2126920000337122,13.212692000033712,0.071,2.305,0.8366920000337119,5.0
S00003,UPF,core-1,568,DONE,16.82394,16.82746,3.525227999944036,13.525227999944036,1.159,2.094,0.27222799994403646,5.0
S00010,IoT-GW,edge-B,554,DONE,16.82658,16.82888,2.3083959999894432,2.3083959999894432,0.084,1.223,1.001395999989443,0.0
S00002,vRAN-DU,edge-B,571,DONE,16.82865,16.83197,3.311961000008523,3.311961000008523,0.036,2.869,0.40696100000852287,0.0
S00007,Transcoder,core-1,337,DONE,16.83415,16.84152,7.366276000084326,17.366276000084326,0.069,6.739,0.5582760000843265,5.0
S00008,Transcoder,core-1,290,DONE,16.8364,16.84937,12.970666999990499,24.9706669999905,0.073,12.352,0.5456669999904982,6.0
S00005,IMS-CSCF,core-1,562,DONE,16.83762,16.84208,4.453389999980573,14.453389999980573,0.046,4.126,0.281389999980572,5.0
S00002,vRAN-DU,edge-B,572,DONE,16.83994,16.84584,5.908062000116843,5.908062000116843,0.07,4.796,1.0420620001168421,0.0
S00009,IoT-GW,edge-A,598,DONE,16.84152,16.8434,1.8794669999806501,1.8794669999806501,0.078,1.353,0.4484669999806501,0.0
S00010,IoT-GW,edge-B,555,DONE,16.84457,16.84604,1.4719069999955536,1.4719069999955536,0.063,1.01,0.3989069999955537,0.0
S00010,IoT-GW,edge-B,556,DONE,16.84585,16.85186,6.008137999970131,6.008137999970131,0.116,5.432,0.46013799997013116,0.0
S00002,vRAN-DU,edge-B,573,DONE,16.8459,16.85236,6.457210999997187,6.457210999997187,0.057,6.023,0.3772109999971871,0.0
S00001,vRAN-DU,edge-A,552,DONE,16.84593,16.85115,5.214621999812152,5.214621999812152,0.063,4.478,0.6736219998121529,0.0
S00009,IoT-GW,edge-A,599,DONE,16.84597,16.85019,4.218022000031851,4.218022000031851,0.094,3.775,0.34902200003185113,0.0
S00005,IMS-CSCF,core-1,563,DONE,16.84938,16.85143,2.0532949999960692,12.05329499999607,0.053,1.643,0.3572949999960693,5.0
S00003,UPF,core-1,569,DONE,16.85186,16.85582,3.9576940000642935,13.957694000064294,0.054,3.045,0.8586940000642937,5.0
S00001,vRAN-DU,edge-A,553,DONE,16.85192,16.85581,3.889596999897549,3.889596999897549,0.046,3.367,0.476596999897549,0.0
S00005,IMS-CSCF,core-1,564,DONE,16.85352,16.85582,2.3083640001004824,12.308364000100482,0.06,1.834,0.41436400010048224,5.0
S00002,vRAN-DU,edge-B,574,DONE,16.85808,16.86446,6.381515000157378,6.381515000157378,0.068,3.532,2.7815150001573787,0.0
S00005,IMS-CSCF,core-1,565,DONE,16.85817,16.86003,1.8532110000251123,11.853211000025112,0.057,1.337,0.4592110000251124,5.0
S00010,IoT-GW,edge-B,557,DONE,16.85971,16.86156,1.8480339999769058,1.8480339999769058,0.057,0.722,1.0690339999769058,0.0
S00007,Transcoder,core-1,338,DONE,16.86157,16.86904,7.473705999927915,17.473705999927915,0.053,7.118,0.30270599992791514,5.0
S00002,vRAN-DU,edge-B,575,DONE,16.86566,16.86857,2.9076220000661124,2.9076220000661124,0.052,2.444,0.4116220000661124,0.0
S00007,Transcoder,core-1,339,DONE,16.87761,16.89,12.396063000096547,22.396063000096547,0.08,11.631,0.6850630000965463,5.0
S00010,IoT-GW,edge-B,558,DONE,16.87774,16.8818,4.060851000076582,4.060851000076582,0.099,1.019,2.9428510000765815,0.0
S00001,vRAN-DU,edge-A,554,DONE,16.87781,16.88202,4.208845999983168,4.208845999983168,0.08,3.357,0.7718459999831682,0.0
S00002,vRAN-DU,edge-B,576,DONE,16.88181,16.89061,8.79747099997985,8.79747099997985,0.048,8.311,0.4384709999798506,0.0
S00001,vRAN-DU,edge-A,555,DONE,16.88433,16.88791,3.5834669999985636,3.5834669999985636,0.114,2.955,0.5144669999985636,0.0
S00004,UPF,core-1,574,DONE,16.8875,16.89222,4.716009000048871,16.71600900004887,0.075,3.873,0.7680090000488704,6.0
S00010,IoT-GW,edge-B,559,DONE,16.88757,16.89185,4.273507999869253,4.273507999869253,0.078,2.978,1.2175079998692522,0.0
S00004,UPF,core-1,575,DONE,16.89001,16.89542,5.410347999941223,17.410347999941223,2.069,2.948,0.39334799994122305,6.0
S00007,Transcoder,core-1,340,DONE,16.89763,16.90567,8.03813600009562,18.03813600009562,0.098,7.319,0.6211360000956194,5.0
S00005,IMS-CSCF,core-1,566,DONE,16.90404,16.90715,3.105460999904608,13.105460999904608,0.098,2.248,0.7594609999046078,5.0
S00010,IoT-GW,edge-B,560,DONE,16.90568,16.90815,2.4708949999876495,2.4708949999876495,0.073,1.899,0.4988949999876495,0.0
S00006,IMS-CSCF,core-1,527,DONE,16.91149,16.91398,2.490027000021655,14.490027000021655,0.091,1.716,0.683027000021655,6.0
S00010,IoT-GW,edge-B,561,DONE,16.91725,16.91968,2.4257649999981368,2.4257649999981368,0.098,1.629,0.6987649999981369,0.0
S00009,IoT-GW,edge-A,600,DONE,16.92809,16.93074,2.6494669998555764,2.6494669998555764,0.112,1.622,0.9154669998555762,0.0
S00004,UPF,core-1,576,DONE,16.93307,16.93726,4.194550000192976,16.194550000192976,0.092,3.287,0.8155500001929763,6.0
S00009,IoT-GW,edge-A,601,DONE,16.93731,16.93943,2.124223000009806,2.124223000009806,0.114,1.361,0.6492230000098063,0.0
S00003,UPF,core-1,570,DONE,16.94073,16.94488,4.145655999991504,14.145655999991504,0.082,3.456,0.6076559999915045,5.0
S00004,UPF,core-1,577,DONE,16.94211,16.94516,3.0550819999461964,15.055081999946196,0.061,2.486,0.5080819999461963,6.0
S00004,UPF,core-1,578,DONE,16.94436,16.94771,3.3514539998122927,15.351453999812293,0.072,2.176,1.1034539998122925,6.0
S00010,IoT-GW,edge-B,562,DONE,16.95106,16.95361,2.5580960000297637,2.5580960000297637,0.081,1.875,0.6020960000297637,0.0
S00001,vRAN-DU,edge-A,556,DONE,16.95347,16.95851,5.035979000012958,5.035979000012958,0.078,4.437,0.5209790000129573,0.0
S00003,UPF,core-1,571,DONE,16.95585,16.96249,6.641912000077355,16.641912000077355,0.065,6.022,0.554912000077354,5.0
S00008,Transcoder,core-1,291,DONE,16.9597,16.96722,7.523151999976108,19.523151999976108,0.056,7.045,0.42215199997610764,6.0
S00009,IoT-GW,edge-A,602,DONE,16.96108,16.963,1.9202549999590701,1.9202549999590701,0.106,1.28,0.53425499995907,0.0
S00001,vRAN-DU,edge-A,557,DONE,16.96942,16.97273,3.309375000071668,3.309375000071668,0.076,2.658,0.5753750000716682,0.0
S00005,IMS-CSCF,core-1,567,DONE,16.96953,16.97274,3.2082489999538666,13.208248999953867,0.075,2.639,0.4942489999538666,5.0
S00001,vRAN-DU,edge-A,558,DONE,16.97274,16.97756,4.821989999982179,4.821989999982179,0.109,4.296,0.4169899999821789,0.0
S00009,IoT-GW,edge-A,603,DONE,16.97283,16.97463,1.7988580000292131,1.7988580000292131,0.133,1.216,0.44985800002921317,0.0
S00006,IMS-CSCF,core-1,528,DONE,16.97405,16.97655,2.497560999927373,14.497560999927373,0.172,1.733,0.5925609999273727,6.0
S00009,IoT-GW,edge-A,604,DONE,16.97655,16.97892,2.365416999964509,2.365416999964509,0.059,1.457,0.8494169999645089,0.0
S00005,IMS-CSCF,core-1,568,DONE,16.97761,16.97993,2.311948999931701,12.311948999931701,0.053,1.851,0.4079489999317012,5.0
S00010,IoT-GW,edge-B,563,DONE,16.97893,16.9814,2.47782799988272,2.47782799988272,0.07,1.858,0.5498279998827202,0.0
S00010,IoT-GW,edge-B,564,DONE,16.98571,16.98921,3.5010060000786325,3.5010060000786325,0.584,2.22,0.6970060000786322,0.0
S00009,IoT-GW,edge-A,605,DONE,16.98586,16.98777,1.9082180001532834,1.9082180001532834,0.082,1.262,0.5642180001532833,0.0
S00010,IoT-GW,edge-B,565,DONE,16.98932,16.99139,2.0627179999337386,2.0627179999337386,0.075,1.364,0.6237179999337386,0.0
S00006,IMS-CSCF,core-1,529,DONE,16.99564,16.99803,2.3946759999944334,14.394675999994433,0.095,1.658,0.6416759999944333,6.0
S00002,vRAN-DU,edge-B,577,DONE,16.99927,17.00286,3.5918490000312886,3.5918490000312886,0.07,3.003,0.5188490000312886,0.0
S00005,IMS-CSCF,core-1,569,DONE,17.0017,17.00393,2.2312639998745,12.2312639998745,0.073,1.712,0.44626399987449994,5.0
S00009,IoT-GW,edge-A,606,DONE,17.00714,17.00916,2.016363999928217,2.016363999928217,0.105,1.219,0.6923639999282167,0.0
S00005,IMS-CSCF,core-1,570,DONE,17.00849,17.01161,3.1224790000123903,13.12247900001239,0.096,2.501,0.5254790000123903,5.0
S00010,IoT-GW,edge-B,566,DONE,17.0114,17.01343,2.0357719999992696,2.0357719999992696,0.066,1.361,0.6087719999992696,0.0
S00007,Transcoder,core-1,341,DONE,17.01166,17.0344,22.745198999928107,32.74519899992811,0.058,21.082,1.6051989999281062,5.0
S00005,IMS-CSCF,core-1,571,DONE,17.01569,17.02021,4.526009000073827,14.526009000073827,0.097,3.918,0.5110090000738268,5.0
S00006,IMS-CSCF,core-1,530,DONE,17.01582,17.0204,4.580290999911085,16.580290999911085,0.127,3.891,0.5622909999110854,6.0
S00004,UPF,core-1,579,DONE,17.01587,17.02041,4.544107000128861,16.54410700012886,0.037,3.84,0.667107000128861,6.0
S00006,IMS-CSCF,core-1,531,DONE,17.01711,17.02165,4.539445000091291,16.53944500009129,0.539,1.255,2.7454450000912916,6.0
S00006,IMS-CSCF,core-1,532,DONE,17.0172,17.02288,5.681769999910102,17.681769999910102,1.913,1.049,2.719769999910102,6.0
S00009,IoT-GW,edge-A,607,DONE,17.01948,17.02358,4.096404999927472,4.096404999927472,0.099,3.466,0.5314049999274717,0.0
S00001,vRAN-DU,edge-A,559,DONE,17.02289,17.03323,10.336605000020427,10.336605000020427,0.303,9.349,0.6846050000204258,0.0
S00009,IoT-GW,edge-A,608,DONE,17.0268,17.02972,2.921207000099457,2.921207000099457,0.076,2.328,0.5172070000994573,0.0
S00010,IoT-GW,edge-B,567,DONE,17.02806,17.03149,3.4298470000067027,3.4298470000067027,0.071,2.816,0.5428470000067027,0.0
S00009,IoT-GW,edge-A,609,DONE,17.02973,17.03191,2.185217000032935,2.185217000032935,0.044,1.907,0.2342170000329351,0.0
S00009,IoT-GW,edge-A,610,DONE,17.03323,17.03466,1.4250730000640033,1.4250730000640033,0.044,1.081,0.3000730000640033,0.0
S00009,IoT-GW,edge-A,611,DONE,17.03586,17.0376,1.7336690000320232,1.7336690000320232,0.045,1.236,0.45266900003202326,0.0
S00005,IMS-CSCF,core-1,572,DONE,17.0398,17.04212,2.3259390000021085,12.325939000002109,0.08,1.704,0.5419390000021085,5.0
S00005,IMS-CSCF,core-1,573,DONE,17.04342,17.04533,1.9092199997885473,11.909219999788547,0.061,1.253,0.5952199997885474,5.0
S00001,vRAN-DU,edge-A,560,DONE,17.04353,17.04853,4.997711999976673,4.997711999976673,0.072,4.509,0.4167119999766724,0.0
S00009,IoT-GW,edge-A,612,DONE,17.04474,17.04918,4.438910000089891,4.438910000089891,0.052,3.501,0.8859100000898912,0.0
S00001,vRAN-DU,edge-A,561,DONE,17.04764,17.05248,4.831787999819426,4.831787999819426,0.881,2.968,0.9827879998194256,0.0
S00007,Transcoder,core-1,342,DONE,17.05037,17.05826,7.8830249999555235,17.883024999955524,0.057,7.395,0.43102499995552357,5.0
S00002,vRAN-DU,edge-B,578,DONE,17.05469,17.05825,3.5566560000006575,3.5566560000006575,0.085,2.881,0.5906560000006578,0.0
S00005,IMS-CSCF,core-1,574,DONE,17.05597,17.05842,2.4573339999278687,12.457333999927869,0.123,1.952,0.38233399992786854,5.0
S00007,Transcoder,core-1,343,DONE,17.0616,17.07009,8.488884999906077,18.488884999906077,0.074,7.6,0.8148849999060772,5.0
S00005,IMS-CSCF,core-1,575,DONE,17.06393,17.06564,1.706964000049993,11.706964000049993,0.047,1.26,0.3999640000499931,5.0
S00006,IMS-CSCF,core-1,533,DONE,17.06784,17.07052,2.6770059998852958,14.677005999885296,0.053,2.324,0.30000599988529597,6.0
S00001,vRAN-DU,edge-A,562,DONE,17.06813,17.07217,4.048825000154466,4.048825000154466,0.084,3.183,0.7818250001544658,0.0
S00006,IMS-CSCF,core-1,534,DONE,17.0701,17.07217,2.0726780001041334,14.072678000104133,0.045,1.053,0.9746780001041335,6.0
S00009,IoT-GW,edge-A,613,DONE,17.07218,17.0738,1.6256260000773182,1.6256260000773182,0.055,1.126,0.44462600007731834,0.0
S00004,UPF,core-1,580,DONE,17.07798,17.08113,3.152838999994856,15.152838999994856,0.116,2.29,0.7468389999948557,6.0
S00005,IMS-CSCF,core-1,576,DONE,17.07806,17.08103,2.966281999988496,12.966281999988496,0.184,2.178,0.6042819999884959,5.0
S00003,UPF,core-1,572,DONE,17.08049,17.08558,5.097750000004453,15.097750000004453,0.052,4.093,0.9527500000044533,5.0
S00009,IoT-GW,edge-A,614,DONE,17.08059,17.08602,5.429193000054511,5.429193000054511,0.402,4.556,0.4711930000545106,0.0
S00008,Transcoder,core-1,292,DONE,17.08103,17.09781,16.77614100003666,28.77614100003666,0.191,16.172,0.41314100003666,6.0
S00001,vRAN-DU,edge-A,563,DONE,17.08334,17.09507,11.725794000085443,11.725794000085443,0.059,10.024,1.6427940000854448,0.0
S00006,IMS-CSCF,core-1,535,DONE,17.08487,17.08997,5.097209000041403,17.097209000041403,0.055,4.401,0.6412090000414032,6.0
S00001,vRAN-DU,edge-A,564,DONE,17.08603,17.09125,5.223849000003611,5.223849000003611,0.054,3.383,1.7868490000036106,0.0
S00003,UPF,core-1,573,DONE,17.08725,17.0944,7.154491999926904,17.154491999926904,0.064,5.542,1.5484919999269042,5.0
S00001,vRAN-DU,edge-A,565,DONE,17.08735,17.09884,11.492319000126372,11.492319000126372,3.558,7.635,0.29931900012637236,0.0
S00001,vRAN-DU,edge-A,566,DONE,17.09441,17.09813,3.7276750001637993,3.7276750001637993,0.041,3.136,0.5506750001637992,0.0
S00006,IMS-CSCF,core-1,536,DONE,17.10003,17.10221,2.1805869998843264,14.180586999884326,0.129,1.655,0.39658699988432633,6.0
S00002,vRAN-DU,edge-B,579,DONE,17.10222,17.10574,3.5248730000603246,3.5248730000603246,0.086,2.976,0.4628730000603247,0.0
S00002,vRAN-DU,edge-B,580,DONE,17.10557,17.10922,3.6454200001116988,3.6454200001116988,0.064,3.175,0.4064200001116989,0.0
S00010,IoT-GW,edge-B,568,DONE,17.10565,17.10909,3.444217999913235,3.444217999913235,0.117,2.612,0.7152179999132349,0.0
S00009,IoT-GW,edge-A,615,DONE,17.1091,17.11084,1.7431040000701614,1.7431040000701614,0.073,1.137,0.5331040000701615,0.0
S00009,IoT-GW,edge-A,616,DONE,17.11509,17.11695,1.8650639999577834,1.8650639999577834,0.065,1.149,0.6510639999577834,0.0
S00008,Transcoder,core-1,293,DONE,17.1152,17.1236,8.400169999958962,20.400169999958962,0.083,7.454,0.8631699999589619,6.0
S00006,IMS-CSCF,core-1,537,DONE,17.11696,17.11867,1.7159120000087569,13.715912000008757,0.064,1.35,0.30191200000875673,6.0
S00001,vRAN-DU,edge-A,567,DONE,17.12088,17.12814,7.255742000097598,7.255742000097598,0.062,6.818,0.37574200009759817,0.0
S00007,Transcoder,core-1,344,DONE,17.12312,17.13147,8.351913999831595,18.351913999831595,0.045,7.69,0.6169139998315947,5.0
S00006,IMS-CSCF,core-1,538,DONE,17.12477,17.12626,1.488999999992302,13.488999999992302,0.049,1.125,0.3149999999923021,6.0
S00010,IoT-GW,edge-B,569,DONE,17.13148,17.13373,2.2564549999515293,2.2564549999515293,0.088,0.865,1.3034549999515292,0.0
S00004,UPF,core-1,581,DONE,17.13156,17.13438,2.8212459999394923,14.821245999939492,0.052,2.232,0.5372459999394921,6.0
S00006,IMS-CSCF,core-1,539,DONE,17.13374,17.13629,2.548853999996936,14.548853999996936,0.31,1.701,0.5378539999969361,6.0
S00009,IoT-GW,edge-A,617,DONE,17.13379,17.13604,2.250889000151801,2.250889000151801,0.069,0.967,1.2148890001518011,0.0
S00008,Transcoder,core-1,294,DONE,17.13383,17.14412,10.292391000120915,22.292391000120915,0.381,9.457,0.45439100012091416,6.0
S00005,IMS-CSCF,core-1,577,DONE,17.13385,17.14185,7.993274000000383,17.993274000000383,0.051,7.485,0.45727400000038276,5.0
S00010,IoT-GW,edge-B,570,DONE,17.13848,17.14097,2.4904510000851587,2.4904510000851587,0.058,1.99,0.4424510000851589,0.0
S00006,IMS-CSCF,core-1,540,DONE,17.1397,17.14379,4.081722999899284,16.081722999899284,0.047,3.671,0.3637229998992848,6.0
S00004,UPF,core-1,582,DONE,17.14098,17.1438,2.8198669999710546,14.819866999971055,0.052,1.715,1.0528669999710545,6.0
S00010,IoT-GW,edge-B,571,DONE,17.14836,17.15186,3.494068000009065,3.494068000009065,0.059,3.08,0.3550680000090649,0.0
S00003,UPF,core-1,574,DONE,17.14877,17.15108,2.314224999963699,12.314224999963699,0.05,1.922,0.34222499996369904,5.0
S00006,IMS-CSCF,core-1,541,DONE,17.14998,17.15217,2.196606000097745,14.196606000097745,0.044,1.897,0.2556060000977449,6.0
S00010,IoT-GW,edge-B,572,DONE,17.15438,17.15639,2.011269000149696,2.011269000149696,0.058,0.984,0.9692690001496957,0.0
S00010,IoT-GW,edge-B,573,DONE,17.1556,17.15742,1.8187849998412275,1.8187849998412275,0.604,0.825,0.3897849998412275,0.0
S00003,UPF,core-1,575,DONE,17.15742,17.15958,2.153952999833564,12.153952999833564,0.052,1.849,0.2529529998335638,5.0
S00003,UPF,core-1,576,DONE,17.16174,17.16399,2.249901999903159,12.249901999903159,0.054,1.82,0.375901999903159,5.0
S00010,IoT-GW,edge-B,574,DONE,17.16298,17.16422,1.2348699999620294,1.2348699999620294,0.05,0.872,0.31286999996202935,0.0
S00003,UPF,core-1,577,DONE,17.17461,17.17805,3.437509999912436,13.437509999912436,0.089,2.685,0.6635099999124359,5.0
S00010,IoT-GW,edge-B,575,DONE,17.17596,17.17756,1.6014410000479984,1.6014410000479984,0.163,0.976,0.4624410000479984,0.0
S00001,vRAN-DU,edge-A,568,DONE,17.17922,17.18272,3.502671000205737,3.502671000205737,0.081,2.778,0.6436710002057371,0.0
S00006,IMS-CSCF,core-1,542,DONE,17.18051,17.18392,3.4167570001955028,15.416757000195503,0.06,2.678,0.6787570001955028,6.0
S00010,IoT-GW,edge-B,576,DONE,17.18058,17.18223,1.6530359998796484,1.6530359998796484,0.052,1.138,0.4630359998796485,0.0
S00005,IMS-CSCF,core-1,578,DONE,17.18223,17.18422,1.9832880000194564,11.983288000019456,0.054,1.587,0.34228800001945636,5.0
S00006,IMS-CSCF,core-1,543,DONE,17.18849,17.19053,2.0467030001327657,14.046703000132766,0.063,1.354,0.6297030001327657,6.0
S00001,vRAN-DU,edge-A,569,DONE,17.1899,17.1966,6.698177999851396,6.698177999851396,0.432,3.699,2.5671779998513955,0.0
S00009,IoT-GW,edge-A,618,DONE,17.19054,17.19659,6.0500070001126005,6.0500070001126005,0.079,3.406,2.5650070001126006,0.0
S00008,Transcoder,core-1,295,DONE,17.19203,17.20037,8.334753999861277,20.334753999861277,0.138,7.722,0.4747539998612771,6.0
S00006,IMS-CSCF,core-1,544,DONE,17.1966,17.19883,2.229665999948338,14.229665999948338,0.082,1.71,0.4376659999483383,6.0
S00003,UPF,core-1,578,DONE,17.19713,17.19953,2.3988370001006842,12.398837000100684,0.097,1.989,0.31283700010068416,5.0
S00008,Transcoder,core-1,296,DONE,17.20037,17.20791,7.53966299998865,19.53966299998865,0.052,7.082,0.4056629999886505,6.0
S00004,UPF,core-1,583,DONE,17.20577,17.20878,3.0124009999781265,15.012400999978126,0.119,2.335,0.5584009999781268,6.0
S00010,IoT-GW,edge-B,577,DONE,17.21007,17.21178,1.7136970000137808,1.7136970000137808,0.085,1.13,0.4986970000137809,0.0
S00005,IMS-CSCF,core-1,579,DONE,17.21296,17.21483,1.8701520000377059,11.870152000037706,0.066,1.422,0.3821520000377059,5.0
S00004,UPF,core-1,584,DONE,17.21904,17.22246,3.42445699993732,15.42445699993732,0.078,2.686,0.66045699993732,6.0
S00006,IMS-CSCF,core-1,545,DONE,17.21913,17.22245,3.325983000195265,15.325983000195265,0.127,2.599,0.5999830001952651,6.0
S00002,vRAN-DU,edge-B,581,DONE,17.22137,17.22567,4.3020749999413965,4.3020749999413965,0.073,3.763,0.46607499994139623,0.0
S00009,IoT-GW,edge-A,619,DONE,17.22146,17.22351,2.0580039999913424,2.0580039999913424,0.083,1.374,0.6010039999913424,0.0
S00002,vRAN-DU,edge-B,582,DONE,17.22246,17.23076,8.29549699983545,8.29549699983545,0.05,7.562,0.683496999835449,0.0
S00005,IMS-CSCF,core-1,580,DONE,17.22352,17.22658,3.0632010000317678,13.063201000031768,0.051,2.654,0.3582010000317677,5.0
S00006,IMS-CSCF,core-1,546,DONE,17.22568,17.22736,1.6779080001469993,13.677908000147,0.048,1.243,0.3869080001469991,6.0
S00007,Transcoder,core-1,345,DONE,17.22659,17.23512,8.53454299999612,18.53454299999612,0.037,8.097,0.4005429999961194,5.0
S00001,vRAN-DU,edge-A,570,DONE,17.23498,17.23833,3.3485190001556475,3.3485190001556475,0.123,2.784,0.4415190001556475,0.0
S00004,UPF,core-1,585,DONE,17.23516,17.24034,5.180289999998422,17.180289999998422,0.051,4.39,0.7392899999984222,6.0
S00003,UPF,core-1,579,DONE,17.24256,17.24545,2.8972140000860236,12.897214000086024,0.053,2.373,0.47121400008602343,5.0
S00010,IoT-GW,edge-B,578,DONE,17.24264,17.24577,3.129132000140089,3.129132000140089,0.078,2.334,0.7171320001400892,0.0
S00008,Transcoder,core-1,297,DONE,17.24546,17.25672,11.260322999987693,23.260322999987693,0.047,10.945,0.26832299998769216,6.0
S00001,vRAN-DU,edge-A,571,DONE,17.24795,17.25149,3.5318120001193165,3.5318120001193165,0.073,2.9,0.5588120001193166,0.0
S00009,IoT-GW,edge-A,620,DONE,17.24842,17.25238,3.9578119999532646,3.9578119999532646,0.049,3.356,0.5528119999532648,0.0
S00002,vRAN-DU,edge-B,583,DONE,17.25149,17.25464,3.14710600014223,3.14710600014223,0.064,2.555,0.52810600014223,0.0
S00001,vRAN-DU,edge-A,572,DONE,17.25156,17.25533,3.770664999819928,3.770664999819928,0.046,2.657,1.0676649998199284,0.0
S00002,vRAN-DU,edge-B,584,DONE,17.25464,17.25762,2.98141600001145,2.98141600001145,0.048,2.606,0.3274160000114499,0.0
S00002,vRAN-DU,edge-B,585,DONE,17.26082,17.26375,2.9333940001379233,2.9333940001379233,0.051,2.483,0.39939400013792303,0.0
S00004,UPF,core-1,586,DONE,17.26308,17.26574,2.6527009999881557,14.652700999988156,0.077,2.135,0.44070099998815593,6.0
S00004,UPF,core-1,587,DONE,17.26993,17.27263,2.7000770000995544,14.700077000099554,0.127,2.119,0.45407700009955443,6.0
S00008,Transcoder,core-1,298,DONE,17.27129,17.27798,6.6840110000612185,18.68401100006122,0.05,6.205,0.4290110000612186,6.0
S00010,IoT-GW,edge-B,579,DONE,17.27264,17.27735,4.707274999873334,4.707274999873334,0.076,4.116,0.515274999873335,0.0
S00010,IoT-GW,edge-B,580,DONE,17.27389,17.2793,5.412778999925649,5.412778999925649,3.196,1.833,0.3837789999256491,0.0
S00010,IoT-GW,edge-B,581,DONE,17.28353,17.28698,3.449566999961462,3.449566999961462,0.149,2.685,0.6155669999614619,0.0
S00002,vRAN-DU,edge-B,586,DONE,17.28364,17.28699,3.3497609999812994,3.3497609999812994,0.056,2.784,0.5097609999812995,0.0
S00002,vRAN-DU,edge-B,587,DONE,17.29023,17.29367,3.4376789999441826,3.4376789999441826,0.071,2.857,0.5096789999441822,0.0
S00010,IoT-GW,edge-B,582,DONE,17.29791,17.29953,1.6175729999758914,1.6175729999758914,0.106,1.004,0.5075729999758913,0.0
S00009,IoT-GW,edge-A,621,DONE,17.31485,17.3167,1.8482380000932608,1.8482380000932608,0.121,1.123,0.6042380000932608,0.0
S00003,UPF,core-1,580,DONE,17.3163,17.31917,2.8747759999987466,12.874775999998747,0.252,2.017,0.6057759999987469,5.0
S00004,UPF,core-1,588,DONE,17.31802,17.32064,2.6251159999901574,14.625115999990157,0.098,2.04,0.48711599999015753,6.0
S00002,vRAN-DU,edge-B,588,DONE,17.32186,17.32597,4.11428799998248,4.11428799998248,0.083,3.455,0.5762879999824797,0.0
S00003,UPF,core-1,581,DONE,17.32195,17.32439,2.4394800000209216,12.439480000020922,0.061,1.901,0.4774800000209216,5.0
S00003,UPF,core-1,582,DONE,17.3256,17.32786,2.2657729998627474,12.265772999862747,0.052,1.875,0.33877299986274734,5.0
S00004,UPF,core-1,589,DONE,17.33105,17.33405,2.9988399999183457,14.998839999918346,0.063,2.139,0.7968399999183458,6.0
S00009,IoT-GW,edge-A,622,DONE,17.33237,17.33422,1.8567240001630125,1.8567240001630125,0.093,1.303,0.4607240001630126,0.0
S00004,UPF,core-1,590,DONE,17.3336,17.33644,2.8411729999788804,14.84117299997888,0.042,2.166,0.6331729999788807,6.0
S00001,vRAN-DU,edge-A,573,DONE,17.3354,17.33856,3.162461999863808,3.162461999863808,0.064,2.569,0.5294619998638082,0.0
S00010,IoT-GW,edge-B,583,DONE,17.33856,17.34017,1.6005750001113483,1.6005750001113483,0.082,1.074,0.4445750001113482,0.0
S00001,vRAN-DU,edge-A,574,DONE,17.34554,17.34933,3.7867109999751847,3.7867109999751847,0.08,3.043,0.6637109999751845,0.0
S00010,IoT-GW,edge-B,584,DONE,17.35461,17.35664,2.0364890001474123,2.0364890001474123,0.081,1.385,0.5704890001474123,0.0
S00006,IMS-CSCF,core-1,547,DONE,17.36295,17.36571,2.753900000016074,14.753900000016074,0.142,1.607,1.0049000000160742,6.0
S00006,IMS-CSCF,core-1,548,DONE,17.36549,17.36762,2.1333909999157186,14.133390999915719,0.056,1.624,0.4533909999157184,6.0
S00005,IMS-CSCF,core-1,581,DONE,17.37087,17.37285,1.9765619999816408,11.97656199998164,0.068,1.423,0.48556199998164074,5.0
S00009,IoT-GW,edge-A,623,DONE,17.37608,17.37792,1.8350880000070902,1.8350880000070902,0.116,1.178,0.5410880000070901,0.0
S00008,Transcoder,core-1,299,DONE,17.37741,17.38437,6.958627000130946,18.958627000130946,0.072,6.306,0.5806270001309457,6.0
S00006,IMS-CSCF,core-1,549,DONE,17.3832,17.3857,2.50178400006007,14.50178400006007,0.115,1.814,0.5727840000600697,6.0
S00004,UPF,core-1,591,DONE,17.38558,17.38784,2.2536720000516652,14.253672000051665,0.046,1.902,0.3056720000516655,6.0
S00010,IoT-GW,edge-B,585,DONE,17.39617,17.39812,1.9558639999104344,1.9558639999104344,0.205,1.02,0.7308639999104343,0.0
S00002,vRAN-DU,edge-B,589,DONE,17.39639,17.40022,3.826021000122637,3.826021000122637,0.091,3.228,0.5070210001226365,0.0
S00010,IoT-GW,edge-B,586,DONE,17.39937,17.40112,1.751468999827921,1.751468999827921,0.073,1.282,0.39646899982792094,0.0
S00004,UPF,core-1,592,DONE,17.40113,17.40375,2.617920999909984,14.617920999909984,0.087,2.065,0.4659209999099838,6.0
S00009,IoT-GW,edge-A,624,DONE,17.40899,17.41085,1.8544330000622722,1.8544330000622722,0.086,1.114,0.654433000062272,0.0
S00003,UPF,core-1,583,DONE,17.41032,17.41323,2.911165999876175,12.911165999876175,0.079,2.415,0.417165999876175,5.0
S00001,vRAN-DU,edge-A,575,DONE,17.42149,17.42729,5.805675999908999,5.805675999908999,0.085,5.125,0.5956759999089991,0.0
S00004,UPF,core-1,593,DONE,17.42163,17.42854,6.913896000014574,18.913896000014574,0.454,6.048,0.4118960000145746,6.0
S00003,UPF,core-1,584,DONE,17.42172,17.42578,4.062855000029231,14.06285500002923,0.076,3.446,0.5408550000292305,5.0
S00003,UPF,core-1,585,DONE,17.42295,17.42899,6.03879200002666,16.03879200002666,0.927,3.174,1.9377920000266609,5.0
S00005,IMS-CSCF,core-1,582,DONE,17.42449,17.42712,2.6288540000223293,12.62885400002233,0.062,2.122,0.44485400002232955,5.0
S00009,IoT-GW,edge-A,625,DONE,17.42735,17.42851,1.1588160000428616,1.1588160000428616,0.05,0.766,0.3428160000428615,0.0
S00006,IMS-CSCF,core-1,550,DONE,17.43017,17.4318,1.623428000129934,13.623428000129934,0.048,1.228,0.3474280001299339,6.0
S00001,vRAN-DU,edge-A,576,DONE,17.43398,17.43744,3.457883999999467,3.457883999999467,0.052,2.983,0.4228839999994669,0.0
S00006,IMS-CSCF,core-1,551,DONE,17.43406,17.43547,1.4083099999879778,13.408309999987978,0.046,1.067,0.2953099999879778,6.0
S00009,IoT-GW,edge-A,626,DONE,17.43863,17.43982,1.1987679999947431,1.1987679999947431,0.055,0.825,0.31876799999474326,0.0
S00009,IoT-GW,edge-A,627,DONE,17.4387,17.4409,2.204276999918875,2.204276999918875,1.057,0.841,0.306276999918875,0.0
S00005,IMS-CSCF,core-1,583,DONE,17.43874,17.44007,1.33715500010112,11.33715500010112,0.045,1.026,0.26615500010112014,5.0
S00009,IoT-GW,edge-A,628,DONE,17.44207,17.4432,1.1265190000813163,1.1265190000813163,0.087,0.707,0.3325190000813164,0.0
S00003,UPF,core-1,586,DONE,17.44215,17.4485,6.3547019999532495,16.35470199995325,0.048,6.007,0.29970199995324975,5.0
S00007,Transcoder,core-1,346,DONE,17.4433,17.45031,7.012098999894079,17.01209899989408,0.045,6.616,0.351098999894079,5.0
S00010,IoT-GW,edge-B,587,DONE,17.44457,17.44918,4.610962999777257,4.610962999777257,0.082,4.146,0.38296299977725745,0.0
S00005,IMS-CSCF,core-1,584,DONE,17.45151,17.45363,2.1177500000248983,12.117750000024898,0.045,1.743,0.3297500000248983,5.0
S00009,IoT-GW,edge-A,629,DONE,17.45479,17.45611,1.3270590000047378,1.3270590000047378,0.059,0.837,0.43105900000473785,0.0
S00003,UPF,core-1,587,DONE,17.45486,17.45739,2.5314639999578503,12.53146399995785,0.044,2.173,0.31446399995785024,5.0
S00001,vRAN-DU,edge-A,577,DONE,17.45956,17.46294,3.379255000027115,3.379255000027115,0.064,2.853,0.4622550000271146,0.0
S00001,vRAN-DU,edge-A,578,DONE,17.45963,17.46271,3.0743209999855026,3.0743209999855026,0.11,2.515,0.44932099998550257,0.0
S00010,IoT-GW,edge-B,588,DONE,17.4641,17.46567,1.5745549999337527,1.5745549999337527,0.073,1.026,0.4755549999337527,0.0
S00005,IMS-CSCF,core-1,585,DONE,17.46571,17.4673,1.5941649999149377,11.594164999914938,0.05,1.215,0.32916499991493753,5.0
S00006,IMS-CSCF,core-1,552,DONE,17.46696,17.46896,1.9974320000528678,13.997432000052868,0.043,1.176,0.778432000052868,6.0
S00002,vRAN-DU,edge-B,590,DONE,17.46701,17.47092,3.9050249999945663,3.9050249999945663,0.05,3.135,0.7200249999945667,0.0
S00003,UPF,core-1,588,DONE,17.47092,17.47345,2.53029600003174,12.53029600003174,0.05,2.05,0.4302960000317402,5.0
S00001,vRAN-DU,edge-A,579,DONE,17.47217,17.4758,3.6220139998022205,3.6220139998022205,0.053,3.124,0.44501399980222045,0.0
S00009,IoT-GW,edge-A,630,DONE,17.49128,17.49408,2.8058259999852453,2.8058259999852453,0.081,2.075,0.6498259999852452,0.0
S00010,IoT-GW,edge-B,589,DONE,17.49144,17.49319,1.7543579999710346,1.7543579999710346,0.085,1.23,0.43935799997103464,0.0
S00009,IoT-GW,edge-A,631,DONE,17.49268,17.49659,3.910129000132656,3.910129000132656,0.968,2.361,0.5811290001326559,0.0
S00004,UPF,core-1,594,DONE,17.49409,17.49745,3.367128000036246,15.367128000036246,0.087,2.583,0.6971280000362454,6.0
S00004,UPF,core-1,595,DONE,17.50577,17.50947,3.6962579999908485,15.696257999990848,0.096,2.598,1.0022579999908485,6.0
S00004,UPF,core-1,596,DONE,17.51278,17.51688,4.0940730000329495,16.09407300003295,0.076,3.312,0.70607300003295,6.0
S00008,Transcoder,core-1,300,DONE,17.52316,17.53022,7.0645880000483885,19.06458800004839,0.119,6.283,0.6625880000483884,6.0
S00001,vRAN-DU,edge-A,580,DONE,17.52503,17.52998,4.9518880000505305,4.9518880000505305,0.118,4.118,0.7158880000505299,0.0
S00006,IMS-CSCF,core-1,553,DONE,17.54159,17.54439,2.806427999985317,14.806427999985317,0.131,1.904,0.7714279999853169,6.0
S00001,vRAN-DU,edge-A,581,DONE,17.543,17.54775,4.750108000052933,4.750108000052933,0.105,3.949,0.6961080000529325,0.0
S00001,vRAN-DU,edge-A,582,DONE,17.54904,17.55288,3.8428469999871595,3.8428469999871595,0.084,3.055,0.7038469999871593,0.0
S00002,vRAN-DU,edge-B,591,DONE,17.54917,17.55455,5.3795429998899635,5.3795429998899635,0.081,4.756,0.5425429998899629,0.0
S00003,UPF,core-1,589,DONE,17.55237,17.55993,7.560282000213192,17.560282000213192,0.086,6.966,0.5082820002131916,5.0
S00002,vRAN-DU,edge-B,592,DONE,17.55247,17.55988,7.407072999967568,7.407072999967568,0.064,6.653,0.6900729999675681,0.0
S00005,IMS-CSCF,core-1,586,DONE,17.55572,17.55806,2.337312000008751,12.337312000008751,0.071,1.606,0.6603120000087508,5.0
S00006,IMS-CSCF,core-1,554,DONE,17.55742,17.56011,2.6910420001513558,14.691042000151356,0.077,1.897,0.7170420001513558,6.0
S00003,UPF,core-1,590,DONE,17.55748,17.56256,5.072026000107144,15.072026000107144,2.252,2.108,0.7120260001071439,5.0
S00002,vRAN-DU,edge-B,593,DONE,17.56983,17.57404,4.2126050000206305,4.2126050000206305,0.077,3.475,0.6606050000206305,0.0
S00008,Transcoder,core-1,301,DONE,17.57405,17.58318,9.133750000046348,21.133750000046348,0.123,8.358,0.652750000046348,6.0
S00003,UPF,core-1,591,DONE,17.57416,17.58084,6.679060000124082,16.679060000124082,0.191,5.862,0.6260600001240819,5.0
S00003,UPF,core-1,592,DONE,17.57687,17.58495,8.076684000116074,18.076684000116074,0.296,3.805,3.975684000116074,5.0
S00003,UPF,core-1,593,DONE,17.58038,17.58752,7.146673000079318,17.146673000079318,3.704,2.207,1.2356730000793177,5.0
S00010,IoT-GW,edge-B,590,DONE,17.58332,17.58566,2.3382979998132214,2.3382979998132214,0.1,1.542,0.6962979998132213,0.0
S00009,IoT-GW,edge-A,632,DONE,17.58691,17.58908,2.1713890000683023,2.1713890000683023,0.127,1.495,0.5493890000683024,0.0
S00002,vRAN-DU,edge-B,594,DONE,17.58872,17.59354,4.8162359998968896,4.8162359998968896,0.268,4.005,0.5432359998968899,0.0
S00009,IoT-GW,edge-A,633,DONE,17.60086,17.60352,2.6593959998990613,2.6593959998990613,0.102,1.654,0.9033959998990615,0.0
S00009,IoT-GW,edge-A,634,DONE,17.60237,17.60532,2.9497329999230715,2.9497329999230715,0.83,1.489,0.6307329999230713,0.0
S00001,vRAN-DU,edge-A,583,DONE,17.60475,17.60918,4.425149999860878,4.425149999860878,0.051,3.618,0.7561499998608778,0.0
S00010,IoT-GW,edge-B,591,DONE,17.60759,17.6102,2.6087870000992552,2.6087870000992552,0.105,1.949,0.5547870000992552,0.0
S00002,vRAN-DU,edge-B,595,DONE,17.60892,17.61287,3.952076000132365,3.952076000132365,0.141,3.252,0.5590760001323654,0.0
S00004,UPF,core-1,597,DONE,17.61021,17.61309,2.8814629999942554,14.881462999994255,0.082,2.37,0.4294629999942554,6.0
S00001,vRAN-DU,edge-A,584,DONE,17.61429,17.61793,3.6366829999678885,3.6366829999678885,0.077,2.879,0.6806829999678885,0.0
S00006,IMS-CSCF,core-1,555,DONE,17.6156,17.61757,1.9688729998961207,13.96887299989612,0.077,1.3,0.5918729998961207,6.0
S00006,IMS-CSCF,core-1,556,DONE,17.61758,17.61933,1.7539509999551228,13.753950999955123,0.057,1.348,0.3489509999551228,6.0
S00001,vRAN-DU,edge-A,585,DONE,17.61911,17.62237,3.260111999907167,3.260111999907167,0.064,2.74,0.4561119999071668,0.0
S00006,IMS-CSCF,core-1,557,DONE,17.62051,17.62221,1.7011810000440164,13.701181000044016,0.06,1.182,0.4591810000440164,6.0
S00003,UPF,core-1,594,DONE,17.6266,17.62961,3.014254000163419,13.014254000163419,0.088,2.352,0.5742540001634189,5.0
S00009,IoT-GW,edge-A,635,DONE,17.63289,17.63444,1.5466639999885956,1.5466639999885956,0.115,0.849,0.5826639999885956,0.0
S00005,IMS-CSCF,core-1,587,DONE,17.63302,17.63495,1.9301810000342812,11.930181000034281,0.124,1.297,0.5091810000342811,5.0
S00010,IoT-GW,edge-B,592,DONE,17.63496,17.63744,2.475372000162679,2.475372000162679,0.12,1.769,0.5863720001626789,0.0
S00001,vRAN-DU,edge-A,586,DONE,17.63631,17.63937,3.0583600000682054,3.0583600000682054,0.048,2.479,0.5313600000682053,0.0
S00010,IoT-GW,edge-B,593,DONE,17.63639,17.63987,3.4859229999710806,3.4859229999710806,0.354,2.355,0.7769229999710805,0.0
S00005,IMS-CSCF,core-1,588,DONE,17.66127,17.66393,2.65977699996256,12.65977699996256,0.096,1.648,0.9157769999625598,5.0
S00005,IMS-CSCF,core-1,589,DONE,17.66269,17.66699,4.299637000030998,14.299637000030998,0.711,2.902,0.686637000030998,5.0
S00010,IoT-GW,edge-B,594,DONE,17.66283,17.66489,2.058892000150081,2.058892000150081,0.086,1.241,0.7318920001500808,0.0
S00004,UPF,core-1,598,DONE,17.66394,17.66889,4.942181999922468,16.942181999922468,0.089,3.913,0.9401819999224679,6.0
S00009,IoT-GW,edge-A,636,DONE,17.66894,17.67189,2.957019999939803,2.957019999939803,0.113,1.253,1.591019999939803,0.0
S00006,IMS-CSCF,core-1,558,DONE,17.6703,17.67195,1.649240999995527,13.649240999995527,0.059,1.263,0.32724099999552725,6.0
S00009,IoT-GW,edge-A,637,DONE,17.67421,17.67661,2.401625999937096,2.401625999937096,0.088,1.455,0.8586259999370958,0.0
S00005,IMS-CSCF,core-1,590,DONE,17.68089,17.68403,3.1452849998458987,13.145284999845899,0.095,2.114,0.9362849998458986,5.0
S00005,IMS-CSCF,core-1,591,DONE,17.68237,17.68639,4.021154999918508,14.021154999918508,1.044,2.298,0.679154999918508,5.0
S00004,UPF,core-1,599,DONE,17.68249,17.68547,2.9845650001334434,14.984565000133443,0.106,2.339,0.5395650001334436,6.0
S00008,Transcoder,core-1,302,DONE,17.68404,17.69508,11.035481999897456,23.035481999897456,0.058,10.159,0.8184819998974557,6.0
S00005,IMS-CSCF,core-1,592,DONE,17.68412,17.68751,3.3868660000280215,13.386866000028022,1.771,1.167,0.4488660000280216,5.0
S00009,IoT-GW,edge-A,638,DONE,17.68548,17.68838,2.904457999875376,2.904457999875376,0.083,2.276,0.5454579998753761,0.0
S00008,Transcoder,core-1,303,DONE,17.68839,17.70641,18.025540000053297,30.025540000053297,0.365,10.576,7.084540000053298,6.0
S00005,IMS-CSCF,core-1,593,DONE,17.69371,17.7052,11.492183999962435,21.492183999962435,5.064,4.635,1.7931839999624355,5.0
S00002,vRAN-DU,edge-B,596,DONE,17.69508,17.70045,5.3668930002004345,5.3668930002004345,0.081,3.09,2.195893000200434,0.0
S00009,IoT-GW,edge-A,639,DONE,17.70046,17.70482,4.3635010001708,4.3635010001708,0.174,3.206,0.9835010001707993,0.0
S00001,vRAN-DU,edge-A,587,DONE,17.70052,17.70898,8.454559000028894,8.454559000028894,0.082,7.759,0.6135590000288929,0.0
S00009,IoT-GW,edge-A,640,DONE,17.70056,17.70689,6.332367000140948,6.332367000140948,3.63,2.006,0.6963670001409485,0.0
S00010,IoT-GW,edge-B,595,DONE,17.70175,17.70878,7.0301910000125645,7.0301910000125645,0.444,1.192,5.394191000012564,0.0
S00004,UPF,core-1,600,DONE,17.70689,17.70902,2.1235070000784617,14.123507000078462,0.051,1.86,0.21250700007846146,6.0
S00006,IMS-CSCF,core-1,559,DONE,17.71326,17.71497,1.7129689999819675,13.712968999981967,0.052,1.293,0.3679689999819675,6.0
S00007,Transcoder,core-1,347,DONE,17.71916,17.72639,7.229604000031031,17.22960400003103,0.054,6.686,0.4896040000310311,5.0
S00003,UPF,core-1,595,DONE,17.72351,17.72708,3.5624429999643326,13.562442999964333,0.069,3.092,0.4014429999643325,5.0
S00010,IoT-GW,edge-B,596,DONE,17.72474,17.72638,1.641917000142712,1.641917000142712,0.077,0.963,0.601917000142712,0.0
S00006,IMS-CSCF,core-1,560,DONE,17.7283,17.73018,1.885665000145309,13.885665000145309,0.051,1.332,0.502665000145309,6.0
S00004,UPF,core-1,601,DONE,17.72954,17.73215,2.604829000119935,14.604829000119935,0.184,1.872,0.5488290001199345,6.0
S00003,UPF,core-1,596,DONE,17.73215,17.73463,2.477010000120572,12.477010000120572,0.053,2.092,0.3320100001205719,5.0
S00006,IMS-CSCF,core-1,561,DONE,17.73442,17.73608,1.6617009998753929,13.661700999875393,0.04,1.205,0.4167009998753928,6.0
S00001,vRAN-DU,edge-A,588,DONE,17.73827,17.74151,3.238503999909881,3.238503999909881,0.089,2.68,0.4695039999098807,0.0
S00010,IoT-GW,edge-B,597,DONE,17.74377,17.74538,1.609730999916792,1.609730999916792,0.109,0.961,0.539730999916792,0.0
S00005,IMS-CSCF,core-1,594,DONE,17.74386,17.74588,2.0176079999600915,12.017607999960092,0.063,1.402,0.5526079999600917,5.0
S00005,IMS-CSCF,core-1,595,DONE,17.7439,17.74695,3.042321000066295,13.042321000066295,1.561,1.145,0.33632100006629484,5.0
S00001,vRAN-DU,edge-A,589,DONE,17.74538,17.74862,3.242794000016147,3.242794000016147,0.071,2.779,0.39279400001614695,0.0
S00006,IMS-CSCF,core-1,562,DONE,17.75181,17.75353,1.728281999930914,13.728281999930914,0.051,1.32,0.35728199993091403,6.0
S00001,vRAN-DU,edge-A,590,DONE,17.75773,17.76115,3.413140000020576,3.413140000020576,0.068,2.83,0.5151400000205757,0.0
S00009,IoT-GW,edge-A,641,DONE,17.76101,17.76237,1.3593130001936515,1.3593130001936515,0.045,0.925,0.38931300019365156,0.0
S00010,IoT-GW,edge-B,598,DONE,17.76237,17.76381,1.4331419999962236,1.4331419999962236,0.081,0.936,0.4161419999962236,0.0
S00003,UPF,core-1,597,DONE,17.76245,17.76493,2.473128000019642,12.473128000019642,0.075,2.029,0.36912800001964197,5.0
S00005,IMS-CSCF,core-1,596,DONE,17.76493,17.76654,1.6122080000968708,11.61220800009687,0.044,1.29,0.27820800009687074,5.0
S00005,IMS-CSCF,core-1,597,DONE,17.77074,17.77301,2.268912999852546,12.268912999852546,0.07,1.731,0.467912999852546,5.0
S00007,Transcoder,core-1,348,DONE,17.772,17.78489,12.891962999901807,22.891962999901807,0.162,12.276,0.45396299990180644,5.0
S00007,Transcoder,core-1,349,DONE,17.77206,17.78489,12.822885000105089,22.82288500010509,0.134,12.204,0.4848850001050877,5.0
S00001,vRAN-DU,edge-A,591,DONE,17.77302,17.78386,10.838660999979766,10.838660999979766,0.101,10.42,0.3176609999797648,0.0
S00001,vRAN-DU,edge-A,592,DONE,17.78154,17.78617,4.628993000096671,4.628993000096671,0.061,4.198,0.36999300009667024,0.0
S00002,vRAN-DU,edge-B,597,DONE,17.79087,17.79757,6.701032999899326,6.701032999899326,0.123,5.37,1.2080329998993253,0.0
S00003,UPF,core-1,598,DONE,17.7932,17.79806,4.8653679998551524,14.865367999855152,0.07,4.316,0.4793679998551523,5.0
S00009,IoT-GW,edge-A,642,DONE,17.79936,17.80486,5.49835200013149,5.49835200013149,0.086,4.775,0.6373520001314894,0.0
S00004,UPF,core-1,602,DONE,17.80068,17.8046,3.9204390000122658,15.920439000012266,0.059,3.406,0.45543900001226545,6.0
S00004,UPF,core-1,603,DONE,17.80391,17.80793,4.022652999992715,16.022652999992715,0.391,3.267,0.3646529999927153,6.0
S00009,IoT-GW,edge-A,643,DONE,17.80604,17.80732,1.2808989999939513,1.2808989999939513,0.105,0.815,0.36089899999395136,0.0
S00002,vRAN-DU,edge-B,598,DONE,17.81215,17.8159,3.750126000113596,3.750126000113596,0.13,2.998,0.622126000113596,0.0
S00010,IoT-GW,edge-B,599,DONE,17.81553,17.81827,2.747545000147511,2.747545000147511,0.046,1.821,0.8805450001475112,0.0
S00002,vRAN-DU,edge-B,599,DONE,17.81708,17.82897,11.895216000084474,11.895216000084474,0.075,11.089,0.7312160000844745,0.0
S00002,vRAN-DU,edge-B,600,DONE,17.81714,17.82898,11.841778999951202,11.841778999951202,0.772,10.408,0.6617789999512027,0.0
S00001,vRAN-DU,edge-A,593,DONE,17.81828,17.83043,12.152419000130976,12.152419000130976,0.1,11.213,0.8394190001309774,0.0
S00009,IoT-GW,edge-A,644,DONE,17.81834,17.82706,8.727907000093182,8.727907000093182,2.562,3.263,2.902907000093183,0.0
S00006,IMS-CSCF,core-1,563,DONE,17.81837,17.83001,11.63826899983178,23.63826899983178,0.13,8.822,2.68626899983178,6.0
S00009,IoT-GW,edge-A,645,DONE,17.8184,17.83044,12.038630000006378,12.038630000006378,9.232,2.068,0.738630000006379,0.0
S00001,vRAN-DU,edge-A,594,DONE,17.82118,17.82897,7.784413000081258,7.784413000081258,3.321,3.111,1.3524130000812584,0.0
S00001,vRAN-DU,edge-A,595,DONE,17.82414,17.83614,11.996815000202332,11.996815000202332,5.502,5.684,0.8108150002023322,0.0
S00005,IMS-CSCF,core-1,598,DONE,17.82439,17.83759,13.201124000033815,23.201124000033815,0.168,10.988,2.045124000033816,5.0
S00002,vRAN-DU,edge-B,601,DONE,17.82449,17.84193,17.444209999894156,17.444209999894156,1.324,12.789,3.3312099998941544,0.0
S00004,UPF,core-1,604,DONE,17.83164,17.84078,9.139656000115792,21.139656000115792,0.171,8.394,0.5746560001157928,6.0
S00002,vRAN-DU,edge-B,602,DONE,17.83173,17.83591,4.177105000053416,4.177105000053416,0.057,3.745,0.3751050000534155,0.0
S00003,UPF,core-1,599,DONE,17.83177,17.84145,9.67181500004699,19.67181500004699,0.073,8.915,0.6838150000469909,5.0
S00006,IMS-CSCF,core-1,564,DONE,17.83433,17.84234,8.008463000123811,20.00846300012381,0.043,5.493,2.4724630001238106,6.0
S00001,vRAN-DU,edge-A,596,DONE,17.83759,17.84151,3.9150739999058715,3.9150739999058715,0.053,3.536,0.3260739999058715,0.0
S00001,vRAN-DU,edge-A,597,DONE,17.84364,17.84663,2.988744999811388,2.988744999811388,0.056,2.463,0.46974499981138784,0.0
S00006,IMS-CSCF,core-1,565,DONE,17.84377,17.84664,2.8675959999873157,14.867595999987316,0.083,2.356,0.4285959999873157,6.0
S00004,UPF,core-1,605,DONE,17.84596,17.84995,3.995089999989432,15.995089999989432,0.102,2.986,0.9070899999894317,6.0
S00007,Transcoder,core-1,350,DONE,17.84605,17.86593,19.88410700005261,29.88410700005261,1.63,17.175,1.079107000052609,5.0
S00006,IMS-CSCF,core-1,566,DONE,17.84782,17.8535,5.684912999868175,17.684912999868175,0.047,4.779,0.858912999868175,6.0
S00002,vRAN-DU,edge-B,603,DONE,17.84913,17.85284,3.714124999987689,3.714124999987689,0.075,3.071,0.5681249999876887,0.0
S00005,IMS-CSCF,core-1,599,DONE,17.85236,17.86571,13.346551000040563,23.346551000040563,0.1,12.352,0.894551000040563,5.0
S00003,UPF,core-1,600,DONE,17.85285,17.86516,12.31202500002837,22.31202500002837,0.048,11.761,0.5030250000283711,5.0
S00004,UPF,core-1,606,DONE,17.86366,17.86705,3.3942449999813107,15.39424499998131,0.2,2.577,0.6172449999813105,6.0
S00003,UPF,core-1,601,DONE,17.8638,17.8687,4.9000029998751415,14.900002999875142,1.235,3.15,0.5150029998751413,5.0
S00003,UPF,core-1,602,DONE,17.86386,17.87099,7.132130999934816,17.132130999934816,4.642,2.011,0.47913099993481545,5.0
S00006,IMS-CSCF,core-1,567,DONE,17.87003,17.87204,2.002196999910666,14.002196999910666,0.057,1.43,0.515196999910666,6.0
S00008,Transcoder,core-1,304,DONE,17.87432,17.88515,10.837589000175285,22.837589000175285,0.068,10.22,0.5495890001752848,6.0
S00008,Transcoder,core-1,305,DONE,17.87441,17.88596,11.552809000022535,23.552809000022535,0.124,11.07,0.3588090000225339,6.0
S00005,IMS-CSCF,core-1,600,DONE,17.87662,17.87836,1.7399609998847154,11.739960999884715,0.053,1.261,0.4259609998847156,5.0
S00003,UPF,core-1,603,DONE,17.88259,17.88516,2.5715759998092835,12.571575999809284,0.158,1.931,0.48257599980928356,5.0
S00008,Transcoder,core-1,306,DONE,17.88919,17.90038,11.192805999826305,23.192805999826305,0.075,10.511,0.6068059998263067,6.0
S00002,vRAN-DU,edge-B,604,DONE,17.89056,17.89395,3.3946669998385914,3.3946669998385914,0.097,2.584,0.7136669998385914,0.0
S00002,vRAN-DU,edge-B,605,DONE,17.89066,17.90059,9.928834999982428,9.928834999982428,2.688,6.809,0.4318349999824269,0.0
S00004,UPF,core-1,607,DONE,17.8907,17.89294,2.245429999902626,14.245429999902626,0.058,1.809,0.3784299999026264,6.0
S00010,IoT-GW,edge-B,600,DONE,17.89396,17.89556,1.6067449998899974,1.6067449998899974,0.049,1.221,0.3367449998899974,0.0
S00006,IMS-CSCF,core-1,568,DONE,17.89992,17.90246,2.5405789999695116,14.540578999969512,0.048,1.487,1.0055789999695115,6.0
S00007,Transcoder,core-1,351,DONE,17.90467,17.9108,6.136032000085834,16.136032000085834,0.061,5.647,0.42803200008583353,5.0
S00003,UPF,core-1,604,DONE,17.90592,17.9081,2.1830079999745067,12.183007999974507,0.052,1.785,0.3460079999745067,5.0
S00007,Transcoder,core-1,352,DONE,17.91201,17.92082,8.808824999960052,18.808824999960052,0.053,8.374,0.3818249999600507,5.0
S00006,IMS-CSCF,core-1,569,DONE,17.91248,17.91695,4.47196699997221,16.47196699997221,0.048,4.064,0.35996699997220993,6.0
S00010,IoT-GW,edge-B,601,DONE,17.91284,17.91454,1.6966759999377246,1.6966759999377246,0.083,1.073,0.5406759999377246,0.0
S00009,IoT-GW,edge-A,646,DONE,17.91455,17.91597,1.4192829999046808,1.4192829999046808,0.086,0.866,0.4672829999046807,0.0
S00004,UPF,core-1,608,DONE,17.92082,17.92325,2.4324610001258407,14.43246100012584,0.045,1.908,0.4794610001258408,6.0
S00009,IoT-GW,edge-A,647,DONE,17.92444,17.92647,2.032956999983071,2.032956999983071,0.079,0.924,1.0299569999830709,0.0
S00010,IoT-GW,edge-B,602,DONE,17.92647,17.92817,1.6978029998426791,1.6978029998426791,0.084,1.085,0.5288029998426791,0.0
S00005,IMS-CSCF,core-1,601,DONE,17.92773,17.92985,2.117118000114715,12.117118000114715,0.065,1.581,0.47111800011471505,5.0
S00004,UPF,core-1,609,DONE,17.92986,17.93379,3.9343729999927746,15.934372999992775,0.057,3.453,0.4243729999927748,6.0
S00003,UPF,core-1,605,DONE,17.93028,17.9326,2.3187409999536612,12.318740999953661,0.049,1.93,0.33974099995366136,5.0
S00010,IoT-GW,edge-B,603,DONE,17.93501,17.93696,1.9436879999830126,1.9436879999830126,0.082,1.345,0.5166879999830125,0.0
S00007,Transcoder,core-1,353,DONE,17.93515,17.94531,10.159262999877683,20.159262999877683,0.051,9.613,0.4952629998776832,5.0
S00004,UPF,core-1,610,DONE,17.93635,17.9389,2.5504710001769126,14.550471000176913,0.048,2.183,0.31947100017691277,6.0
S00002,vRAN-DU,edge-B,606,DONE,17.93847,17.9416,3.133573000013712,3.133573000013712,0.059,2.503,0.5715730000137116,0.0
S00008,Transcoder,core-1,307,DONE,17.94118,17.95263,11.450500999899305,23.450500999899305,0.051,10.847,0.5525009998993049,6.0
S00002,vRAN-DU,edge-B,607,DONE,17.9439,17.95241,8.510864000072615,8.510864000072615,0.057,4.908,3.5458640000726147,0.0
S00003,UPF,core-1,606,DONE,17.94399,17.95242,8.432298000116134,18.432298000116134,0.306,5.093,3.033298000116135,5.0
S00003,UPF,core-1,607,DONE,17.94662,17.95482,8.203566000020146,18.203566000020146,2.882,4.94,0.38156600002014596,5.0
S00010,IoT-GW,edge-B,604,DONE,17.95242,17.95507,2.6415239999550977,2.6415239999550977,0.072,2.153,0.4165239999550976,0.0
S00005,IMS-CSCF,core-1,602,DONE,17.95253,17.95634,3.8101220000044123,13.810122000004412,0.059,1.634,2.117122000004412,5.0
S00002,vRAN-DU,edge-B,608,DONE,17.97075,17.97492,4.178278000154023,4.178278000154023,0.104,3.259,0.8152780001540232,0.0
S00008,Transcoder,core-1,308,DONE,17.97091,17.97905,8.139002999996592,20.139002999996592,0.149,7.36,0.6300029999965915,6.0
S00006,IMS-CSCF,core-1,570,DONE,17.97412,17.97716,3.0384030001187057,15.038403000118706,0.081,2.067,0.8904030001187055,6.0
S00010,IoT-GW,edge-B,605,DONE,17.97905,17.9814,2.3437019999619224,2.3437019999619224,0.079,1.531,0.7337019999619223,0.0
S00002,vRAN-DU,edge-B,609,DONE,17.98267,17.99556,12.885965000123178,12.885965000123178,0.084,11.789,1.0129650001231791,0.0
S00004,UPF,core-1,611,DONE,17.98286,17.98881,5.943247000004703,17.943247000004703,0.174,2.934,2.8352470000047028,6.0
S00001,vRAN-DU,edge-A,598,DONE,17.98417,17.99555,11.377991000017573,11.377991000017573,0.111,10.129,1.137991000017573,0.0
S00008,Transcoder,core-1,309,DONE,17.98557,18.00892,23.3476209998571,35.3476209998571,0.249,22.346,0.7526209998571005,6.0
S00006,IMS-CSCF,core-1,571,DONE,17.98882,17.99132,2.503015999991476,14.503015999991476,0.155,1.692,0.6560159999914761,6.0
S00009,IoT-GW,edge-A,648,DONE,17.98893,17.99554,6.602246000056766,6.602246000056766,0.111,4.819,1.6722460000567665,0.0
S00008,Transcoder,core-1,310,DONE,17.99556,18.0101,14.535507000118741,26.53550700011874,0.131,13.754,0.6505070001187416,6.0
S00005,IMS-CSCF,core-1,603,DONE,17.99802,18.00398,5.9590079999907175,15.959007999990718,0.081,2.879,2.999007999990717,5.0
S00002,vRAN-DU,edge-B,610,DONE,17.99813,18.00238,4.250140000067404,4.250140000067404,0.08,3.629,0.5411400000674038,0.0
S00009,IoT-GW,edge-A,649,DONE,18.00045,18.00517,4.716797999890332,4.716797999890332,0.104,3.287,1.325797999890332,0.0
