sid,service,site,tier,seq,status,t_req,t_resp,measured_ms,e2e_ms,queue_ms,exec_ms,comm_ms,comm_user_gw_ms,comm_gw_site_ms,link_total_ms
S00001,vRAN-DU,edge-A,edge,1,DONE,0.07328,0.08167,8.391456000026665,8.391456000026665,0.137,3.1,5.154456000026665,3.2234560000266645,1.931,0.0
S00006,IMS-CSCF,cloud-1,cloud,1,DONE,0.10511,0.16565,60.540893000052165,60.540893000052165,0.168,1.827,6.545893000052168,4.536893000052167,2.0089999999999995,52.0
S00009,IoT-GW,core-1,core,1,DONE,0.11061,0.12754,16.927747999943676,16.927747999943676,0.161,1.453,5.313747999943676,3.4527479999436768,1.861,10.0
S00004,UPF,core-1,core,1,DONE,0.117,0.13704,20.046068000283412,20.046068000283412,0.098,2.504,5.444068000283412,3.5230680002834127,1.9209999999999998,12.0
S00001,vRAN-DU,edge-A,edge,2,DONE,0.22043,0.2258,5.365788999824872,5.365788999824872,0.097,3.477,1.7917889998248722,0.857788999824872,0.9340000000000002,0.0
S00009,IoT-GW,core-1,core,2,DONE,0.28922,0.30284,13.623728999846207,13.623728999846207,0.109,1.43,2.0847289998462077,1.3217289998462078,0.7630000000000001,10.0
S00001,vRAN-DU,edge-A,edge,3,DONE,0.31729,0.32211,4.824218000067049,4.824218000067049,0.087,3.33,1.4072180000670484,0.7312180000670487,0.6759999999999997,0.0
S00005,IMS-CSCF,cloud-1,cloud,1,DONE,0.33855,0.39683,58.280040999761695,58.280040999761695,0.093,2.336,5.851040999761693,3.764040999761697,2.087,50.0
S00007,Transcoder,cloud-1,cloud,1,DONE,0.34921,0.41148,62.26757600006749,62.26757600006749,0.079,6.7,5.488576000067496,4.783576000067491,0.7050000000000001,50.0
S00010,IoT-GW,core-1,core,1,DONE,0.36865,0.38782,19.172224000158167,19.172224000158167,0.094,1.332,5.746224000158165,4.692224000158166,1.0539999999999998,12.0
S00010,IoT-GW,core-1,core,2,DONE,0.37137,0.3895,18.129099999896425,18.129099999896425,0.099,1.3,4.730099999896424,3.9250999998964247,0.8050000000000002,12.0
S00009,IoT-GW,core-1,core,3,DONE,0.37767,0.39133,13.662174999808485,13.662174999808485,0.124,0.824,2.7141749998084848,1.8541749998084853,0.8600000000000001,10.0
S00001,vRAN-DU,edge-A,edge,4,DONE,0.38951,0.39349,3.980682000019442,3.980682000019442,0.082,2.85,1.0486820000194421,0.5266820000194419,0.5220000000000002,0.0
S00003,UPF,core-1,core,1,DONE,0.43678,0.45335,16.56918000026053,16.56918000026053,0.089,2.257,4.22318000026053,3.57618000026053,0.6469999999999998,10.0
S00004,UPF,core-1,core,2,DONE,0.49665,0.51433,17.680122999991,17.680122999991,0.098,3.565,2.017122999990999,1.2491229999909983,0.7680000000000002,12.0
S00009,IoT-GW,core-1,core,4,DONE,0.51212,0.52595,13.825218999954814,13.825218999954814,0.094,1.439,2.292218999954814,1.3062189999548135,0.986,10.0
S00006,IMS-CSCF,cloud-1,cloud,2,DONE,0.53628,0.59755,61.273828000139474,61.273828000139474,0.098,3.059,6.116828000139478,5.328828000139474,0.7879999999999998,52.0
S00003,UPF,core-1,core,2,DONE,0.53656,0.55251,15.9519700000601,15.9519700000601,0.21,3.481,2.2609700000601016,1.319970000060101,0.9409999999999998,10.0
S00009,IoT-GW,core-1,core,5,DONE,0.55791,0.57225,14.344382000217593,14.344382000217593,0.135,1.66,2.5493820002175926,1.4923820002175923,1.057,10.0
S00009,IoT-GW,core-1,core,6,DONE,0.57857,0.59232,13.740373000018735,13.740373000018735,0.121,1.411,2.208373000018735,1.343373000018735,0.8649999999999998,10.0
S00003,UPF,core-1,core,3,DONE,0.61887,0.63349,14.613379999900644,14.613379999900644,0.106,2.291,2.216379999900644,1.3883799999006445,0.8280000000000003,10.0
S00001,vRAN-DU,edge-A,edge,5,DONE,0.63041,0.63687,6.4635520002411795,6.4635520002411795,0.087,4.366,2.01055200024118,0.8135520002411791,1.197000000000001,0.0
S00007,Transcoder,cloud-1,cloud,2,DONE,0.6381,0.69739,59.28550399994492,59.28550399994492,0.09,6.457,2.7385039999449248,1.8945039999449236,0.8440000000000003,50.0
S00009,IoT-GW,core-1,core,7,DONE,0.6756,0.69127,15.671334999751707,15.671334999751707,0.136,2.668,2.867334999751707,1.769334999751706,1.0979999999999999,10.0
S00009,IoT-GW,core-1,core,8,DONE,0.68826,0.70399,15.726267999980337,15.726267999980337,0.11,2.964,2.652267999980337,1.7602679999803357,0.8920000000000003,10.0
S00001,vRAN-DU,edge-A,edge,6,DONE,0.71837,0.72548,7.1062970000639325,7.1062970000639325,0.154,5.36,1.5922970000639323,0.9222970000639323,0.6699999999999999,0.0
S00005,IMS-CSCF,cloud-1,cloud,2,DONE,0.72382,0.77989,56.06791300033365,56.06791300033365,0.212,1.785,4.070913000333647,3.1969130003336446,0.8740000000000001,50.0
S00006,IMS-CSCF,cloud-1,cloud,3,DONE,0.74486,0.80408,59.21647300010591,59.21647300010591,0.109,2.117,4.990473000105908,4.16947300010591,0.8210000000000002,52.0
S00003,UPF,core-1,core,4,DONE,0.75738,0.77323,15.849315999730607,15.849315999730607,0.122,3.473,2.2543159997306077,1.4133159997306066,0.8410000000000002,10.0
S00004,UPF,core-1,core,3,DONE,0.78724,0.80845,21.20621399990341,21.20621399990341,0.117,5.817,3.2722139999034106,2.457213999903413,0.8149999999999995,12.0
S00008,Transcoder,cloud-1,cloud,1,DONE,0.80187,0.8692,67.32837600020503,67.32837600020503,0.088,7.865,7.375376000205023,6.7043760002050234,0.6710000000000003,52.0
S00004,UPF,core-1,core,4,DONE,0.80846,0.82589,17.424607000066317,17.424607000066317,0.139,2.681,2.6046070000663164,1.603607000066317,1.001,12.0
S00009,IoT-GW,core-1,core,9,DONE,0.8322,0.84652,14.3187339999713,14.3187339999713,0.088,2.122,2.1087339999712995,1.4417339999713015,0.6669999999999998,10.0
S00001,vRAN-DU,edge-A,edge,7,DONE,0.84365,0.84781,4.16454399965005,4.16454399965005,0.098,2.852,1.2145439996500502,0.6595439996500501,0.5550000000000002,0.0
S00003,UPF,core-1,core,5,DONE,0.86221,0.87953,17.316079000011086,17.316079000011086,0.091,4.081,3.144079000011086,2.4890790000110865,0.6549999999999994,10.0
S00001,vRAN-DU,edge-A,edge,8,DONE,0.86241,0.87209,9.684388000096078,9.684388000096078,0.133,7.114,2.437388000096078,1.1093880000960787,1.3279999999999994,0.0
S00006,IMS-CSCF,cloud-1,cloud,4,DONE,0.9049,0.96348,58.574180000050546,58.574180000050546,0.105,1.922,4.547180000050545,3.6821800000505434,0.8649999999999998,52.0
S00004,UPF,core-1,core,5,DONE,0.94548,0.9635,18.02154500001052,18.02154500001052,0.131,2.655,3.2355450000105197,2.2775450000105195,0.9580000000000006,12.0
S00009,IoT-GW,core-1,core,10,DONE,0.96311,0.97711,13.997403999837843,13.997403999837843,0.202,1.391,2.404403999837843,1.484403999837843,0.9199999999999999,10.0
S00006,IMS-CSCF,cloud-1,cloud,5,DONE,1.01535,1.07447,59.123321999777545,59.123321999777545,0.141,2.41,4.572321999777543,3.5743219997775455,0.9979999999999998,52.0
S00009,IoT-GW,core-1,core,11,DONE,1.03982,1.05387,14.052004999939527,14.052004999939527,0.091,1.771,2.190004999939527,1.3550049999395277,0.8350000000000002,10.0
S00002,vRAN-DU,edge-B,edge,1,DONE,1.05508,1.06276,7.681396999942081,7.681396999942081,0.13,3.087,4.46439699994208,2.6063969999420804,1.858,0.0
S00009,IoT-GW,core-1,core,12,DONE,1.09088,1.10543,14.5552859999043,14.5552859999043,0.093,1.877,2.5852859999042987,1.5902859999042995,0.9949999999999999,10.0
S00003,UPF,core-1,core,6,DONE,1.13277,1.14903,16.25680699999066,16.25680699999066,0.154,3.728,2.3748069999906587,1.3898069999906575,0.9849999999999999,10.0
S00009,IoT-GW,core-1,core,13,DONE,1.14423,1.15777,13.543469000069308,13.543469000069308,0.081,1.347,2.1154690000693073,1.5654690000693083,0.55,10.0
S00002,vRAN-DU,edge-B,edge,2,DONE,1.1456,1.15051,4.905253000288212,4.905253000288212,0.101,3.334,1.4702530002882122,0.6132530002882124,0.8569999999999998,0.0
S00005,IMS-CSCF,cloud-1,cloud,3,DONE,1.14707,1.20212,55.048764000275696,55.048764000275696,0.104,1.915,3.029764000275698,2.2947640002756984,0.7349999999999999,50.0
S00008,Transcoder,cloud-1,cloud,2,DONE,1.15779,1.21937,61.583355000038864,61.583355000038864,0.126,6.386,3.0713550000388636,2.3423550000388644,0.7289999999999992,52.0
S00006,IMS-CSCF,cloud-1,cloud,6,DONE,1.17724,1.2335,56.25945500014495,56.25945500014495,0.097,1.579,2.5834550001449514,1.8734550001449506,0.7100000000000002,52.0
S00007,Transcoder,cloud-1,cloud,3,DONE,1.2104,1.26902,58.62300199987658,58.62300199987658,0.091,6.362,2.1700019998765754,1.5380019998765775,0.6319999999999997,50.0
S00010,IoT-GW,core-1,core,3,DONE,1.22163,1.23683,15.204267000171967,15.204267000171967,0.08,1.057,2.0672670001719666,1.289267000171968,0.778,12.0
S00003,UPF,core-1,core,7,DONE,1.22187,1.23614,14.271321999785869,14.271321999785869,0.095,2.447,1.7293219997858689,1.0253219997858682,0.7039999999999997,10.0
S00006,IMS-CSCF,cloud-1,cloud,7,DONE,1.24214,1.30045,58.30553500027236,58.30553500027236,0.122,1.876,4.30753500027236,3.3785350002723575,0.9290000000000003,52.0
S00009,IoT-GW,core-1,core,14,DONE,1.27539,1.2898,14.407734999622335,14.407734999622335,0.075,1.891,2.4417349996223354,1.5457349996223346,0.8960000000000001,10.0
S00005,IMS-CSCF,cloud-1,cloud,4,DONE,1.30379,1.35754,53.748776000247744,53.748776000247744,0.084,1.687,1.9777760002477436,1.2757760002477454,0.7019999999999997,50.0
S00010,IoT-GW,core-1,core,4,DONE,1.35333,1.36858,15.247451999584882,15.247451999584882,0.095,1.344,1.8084519995848822,1.1634519995848827,0.645,12.0
S00005,IMS-CSCF,cloud-1,cloud,5,DONE,1.35679,1.41136,54.5626859998265,54.5626859998265,0.132,1.684,2.7466859998264965,2.2156859998264977,0.5310000000000001,50.0
S00010,IoT-GW,core-1,core,5,DONE,1.36478,1.38065,15.863579999859212,15.863579999859212,0.093,1.414,2.3565799998592123,1.7625799998592129,0.5940000000000001,12.0
S00009,IoT-GW,core-1,core,15,DONE,1.37079,1.38447,13.67145599988362,13.67145599988362,0.114,1.703,1.8544559998836192,1.2154559998836199,0.6389999999999998,10.0
S00008,Transcoder,cloud-1,cloud,3,DONE,1.37094,1.43295,62.00553300004685,62.00553300004685,0.106,6.511,3.3885330000468556,2.812533000046855,0.5759999999999996,52.0
S00002,vRAN-DU,edge-B,edge,3,DONE,1.37418,1.37829,4.112012999939907,4.112012999939907,0.086,2.887,1.139012999939907,0.5370129999399067,0.6020000000000003,0.0
S00008,Transcoder,cloud-1,cloud,4,DONE,1.39072,1.4523,61.57973300014419,61.57973300014419,0.076,5.908,3.595733000144186,2.9767330001441863,0.6189999999999998,52.0
S00001,vRAN-DU,edge-A,edge,9,DONE,1.39808,1.40374,5.661975000293751,5.661975000293751,0.087,2.713,2.8619750002937505,0.7539750002937504,2.108,0.0
S00003,UPF,core-1,core,8,DONE,1.39937,1.41697,17.594907999864517,17.594907999864517,0.089,2.05,5.455907999864518,4.836907999864518,0.6190000000000002,10.0
S00003,UPF,core-1,core,9,DONE,1.44925,1.4643,15.052153999931761,15.052153999931761,0.093,2.182,2.7771539999317607,2.103153999931761,0.6739999999999999,10.0
S00005,IMS-CSCF,cloud-1,cloud,6,DONE,1.46257,1.51785,55.27742300000682,55.27742300000682,0.109,3.149,2.0194230000068174,1.3084230000068189,0.7109999999999999,50.0
S00003,UPF,core-1,core,10,DONE,1.46551,1.48005,14.54141400017761,14.54141400017761,0.146,2.158,2.23741400017761,1.6954140001776103,0.5420000000000003,10.0
S00005,IMS-CSCF,cloud-1,cloud,7,DONE,1.47591,1.53209,56.17858300001899,56.17858300001899,0.11,1.608,4.4605830000189854,3.4235830000189864,1.0369999999999997,50.0
S00009,IoT-GW,core-1,core,16,DONE,1.47825,1.49256,14.306647000012163,14.306647000012163,0.096,1.229,2.9816470000121633,2.2556470000121625,0.726,10.0
S00009,IoT-GW,core-1,core,17,DONE,1.50683,1.52027,13.441125999634096,13.441125999634096,0.159,1.009,2.2731259996340967,1.5811259996340965,0.6920000000000002,10.0
S00009,IoT-GW,core-1,core,18,DONE,1.507,1.5216,14.604556999984197,14.604556999984197,1.186,1.053,2.3655569999841966,1.6985569999841967,0.6670000000000003,10.0
S00009,IoT-GW,core-1,core,19,DONE,1.53216,1.54822,16.051962999881653,16.051962999881653,0.101,3.88,2.0709629998816528,1.4579629998816515,0.6130000000000004,10.0
S00009,IoT-GW,core-1,core,20,DONE,1.53648,1.55055,14.070279999941704,14.070279999941704,0.061,1.648,2.3612799999417042,1.6952799999417039,0.6660000000000001,10.0
S00006,IMS-CSCF,cloud-1,cloud,8,DONE,1.54484,1.60501,60.17079100001865,60.17079100001865,0.087,1.615,6.468791000018655,5.90679100001865,0.5619999999999998,52.0
S00010,IoT-GW,core-1,core,6,DONE,1.55483,1.57086,16.02704300012192,16.02704300012192,0.099,1.533,2.3950430001219214,1.5470430001219206,0.8480000000000001,12.0
S00003,UPF,core-1,core,11,DONE,1.56524,1.58107,15.825038999992103,15.825038999992103,0.106,3.751,1.9680389999921033,1.2190389999921027,0.7490000000000001,10.0
S00002,vRAN-DU,edge-B,edge,4,DONE,1.56771,1.57449,6.780083999728959,6.780083999728959,0.085,3.923,2.7720839997289586,1.9370839997289586,0.835,0.0
S00006,IMS-CSCF,cloud-1,cloud,9,DONE,1.57456,1.63644,61.88197500023307,61.88197500023307,0.091,4.009,5.781975000233068,5.064975000233069,0.7169999999999996,52.0
S00005,IMS-CSCF,cloud-1,cloud,8,DONE,1.58841,1.64256,54.152937999788264,54.152937999788264,0.151,1.733,2.268937999788264,1.474937999788267,0.7939999999999998,50.0
S00006,IMS-CSCF,cloud-1,cloud,10,DONE,1.62031,1.67778,57.4647680000453,57.4647680000453,0.091,1.681,3.692768000045298,2.895768000045294,0.7969999999999999,52.0
S00007,Transcoder,cloud-1,cloud,4,DONE,1.62884,1.69119,62.35441399985575,62.35441399985575,0.084,8.543,3.727413999855756,2.0194139998557503,1.708000000000002,50.0
S00005,IMS-CSCF,cloud-1,cloud,9,DONE,1.63645,1.69514,58.689818999937415,58.689818999937415,0.085,3.215,5.389818999937418,3.159818999937414,2.2300000000000004,50.0
S00005,IMS-CSCF,cloud-1,cloud,10,DONE,1.64479,1.6999,55.104700999891065,55.104700999891065,0.086,1.943,3.075700999891069,2.5087009998910617,0.5670000000000002,50.0
S00009,IoT-GW,core-1,core,21,DONE,1.67779,1.69117,13.384705000135,13.384705000135,0.133,1.291,1.9607050001350004,1.1637050001349998,0.7970000000000002,10.0
S00009,IoT-GW,core-1,core,22,DONE,1.7021,1.71497,12.863327000104618,12.863327000104618,0.086,1.271,1.5063270001046192,0.9193270001046194,0.587,10.0
S00010,IoT-GW,core-1,core,7,DONE,1.71444,1.72961,15.16914000012548,15.16914000012548,0.088,1.322,1.7591400001254804,1.120140000125481,0.6389999999999998,12.0
S00003,UPF,core-1,core,12,DONE,1.77696,1.79169,14.725350999924558,14.725350999924558,0.092,2.523,2.1103509999245578,1.1893509999245584,0.9209999999999998,10.0
S00009,IoT-GW,core-1,core,23,DONE,1.79145,1.8044,12.95144400000936,12.95144400000936,0.087,1.334,1.5304440000093606,0.88744400000936,0.643,10.0
S00004,UPF,core-1,core,6,DONE,1.79288,1.80938,16.50693300007333,16.50693300007333,0.065,2.202,2.239933000073332,1.7319330000733313,0.508,12.0
S00010,IoT-GW,core-1,core,8,DONE,1.79519,1.81375,18.563662999895314,18.563662999895314,0.063,4.005,2.4956629998953144,1.6776629998953148,0.8180000000000005,12.0
S00002,vRAN-DU,edge-B,edge,5,DONE,1.8319,1.83743,5.531095999685931,5.531095999685931,0.107,3.61,1.814095999685931,0.967095999685931,0.847,0.0
S00001,vRAN-DU,edge-A,edge,10,DONE,1.83744,1.84322,5.7823249999273685,5.7823249999273685,0.092,3.818,1.8723249999273683,0.8373249999273682,1.0350000000000001,0.0
S00001,vRAN-DU,edge-A,edge,11,DONE,1.84225,1.84855,6.293962999734504,6.293962999734504,0.065,4.688,1.5409629997345036,0.8359629997345035,0.7050000000000001,0.0
S00005,IMS-CSCF,cloud-1,cloud,11,DONE,1.86486,1.91957,54.71416800037332,54.71416800037332,0.104,1.964,2.646168000373322,1.7191680003733225,0.927,50.0
S00006,IMS-CSCF,cloud-1,cloud,11,DONE,1.94103,1.99876,57.73525400036306,57.73525400036306,0.114,1.863,3.75825400036306,2.916254000363054,0.8419999999999999,52.0
S00002,vRAN-DU,edge-B,edge,6,DONE,1.94753,1.95409,6.562380000104895,6.562380000104895,0.085,4.882,1.5953800001048952,0.8143800001048946,0.7810000000000006,0.0
S00004,UPF,core-1,core,7,DONE,2.00716,2.02382,16.657931999816356,16.657931999816356,0.093,2.485,2.079931999816356,1.3199319998163546,0.7600000000000002,12.0
S00003,UPF,core-1,core,13,DONE,2.01489,2.02959,14.701750999847718,14.701750999847718,0.075,2.394,2.232750999847717,1.451750999847718,0.7809999999999997,10.0
S00003,UPF,core-1,core,14,DONE,2.08999,2.10469,14.697455999794329,14.697455999794329,0.123,2.308,2.266455999794328,1.3634559997943292,0.903,10.0
S00009,IoT-GW,core-1,core,24,DONE,2.10478,2.11854,13.75847799999974,13.75847799999974,0.108,1.319,2.3314779999997413,1.64447799999974,0.6869999999999998,10.0
S00005,IMS-CSCF,cloud-1,cloud,12,DONE,2.1082,2.16358,55.37284800038833,55.37284800038833,0.076,2.05,3.246848000388333,2.576848000388331,0.6699999999999999,50.0
S00009,IoT-GW,core-1,core,25,DONE,2.11466,2.13054,15.880792000189103,15.880792000189103,0.15,2.832,2.898792000189104,1.9477920001891036,0.9510000000000001,10.0
S00009,IoT-GW,core-1,core,26,DONE,2.11856,2.13187,13.313104999724601,13.313104999724601,0.058,0.956,2.2991049997246016,1.2991049997246016,0.9999999999999998,10.0
S00007,Transcoder,cloud-1,cloud,5,DONE,2.12897,2.18972,60.74992799995016,60.74992799995016,0.092,6.981,3.676927999950159,2.795927999950159,0.8810000000000002,50.0
S00002,vRAN-DU,edge-B,edge,7,DONE,2.12909,2.1333,4.208700999697612,4.208700999697612,0.091,3.048,1.069700999697612,0.4107009996976121,0.6589999999999998,0.0
S00004,UPF,core-1,core,8,DONE,2.12915,2.14616,17.012195000006614,17.012195000006614,0.12,2.439,2.4531950000066125,1.9091950000066138,0.544,12.0
S00004,UPF,core-1,core,9,DONE,2.16359,2.18194,18.347597000229143,18.347597000229143,0.158,3.037,3.152597000229143,2.437597000229143,0.7150000000000003,12.0
S00004,UPF,core-1,core,10,DONE,2.16719,2.18416,16.96850199959954,16.96850199959954,0.065,2.267,2.6365019995995382,1.7855019995995391,0.851,12.0
S00009,IoT-GW,core-1,core,27,DONE,2.28208,2.29564,13.555867999912152,13.555867999912152,0.146,1.215,2.1948679999121516,1.3358679999121517,0.8590000000000002,10.0
S00006,IMS-CSCF,cloud-1,cloud,12,DONE,2.28865,2.34536,56.715171999712766,56.715171999712766,0.078,1.52,3.1171719997127667,2.362171999712764,0.7550000000000001,52.0
S00003,UPF,core-1,core,15,DONE,2.29565,2.30948,13.830877000145847,13.830877000145847,0.081,2.266,1.4838770001458474,0.9308770001458466,0.5529999999999999,10.0
S00006,IMS-CSCF,cloud-1,cloud,13,DONE,2.31687,2.37281,55.93281599976763,55.93281599976763,0.122,1.627,2.1838159997676243,1.4438159997676294,0.7399999999999998,52.0
S00002,vRAN-DU,edge-B,edge,8,DONE,2.32529,2.32958,4.294919000130903,4.294919000130903,0.082,3.025,1.1879190001309037,0.6389190001309033,0.5490000000000004,0.0
S00005,IMS-CSCF,cloud-1,cloud,13,DONE,2.32871,2.38318,54.46556900005817,54.46556900005817,0.084,2.249,2.1325690000581687,1.364569000058168,0.7679999999999998,50.0
S00010,IoT-GW,core-1,core,9,DONE,2.36579,2.38092,15.127039999697445,15.127039999697445,0.11,1.125,1.8920399996974453,1.3180399996974455,0.5739999999999998,12.0
S00002,vRAN-DU,edge-B,edge,9,DONE,2.36602,2.37045,4.421329999786394,4.421329999786394,0.111,3.036,1.274329999786394,0.560329999786394,0.714,0.0
S00001,vRAN-DU,edge-A,edge,12,DONE,2.37409,2.38196,7.862791999741603,7.862791999741603,0.102,4.523,3.237791999741603,0.8117919997416028,2.426,0.0
S00001,vRAN-DU,edge-A,edge,13,DONE,2.37646,2.38197,5.512035000265314,5.512035000265314,0.077,4.448,0.9870350002653137,0.48703500026531366,0.5,0.0
S00001,vRAN-DU,edge-A,edge,14,DONE,2.39546,2.4018,6.342713999856642,6.342713999856642,0.078,4.791,1.473713999856641,0.8137139998566418,0.6599999999999993,0.0
S00003,UPF,core-1,core,16,DONE,2.42915,2.44373,14.572962999864103,14.572962999864103,0.095,2.292,2.1859629998641026,1.3539629998641036,0.8319999999999999,10.0
S00003,UPF,core-1,core,17,DONE,2.45404,2.46869,14.649817999725201,14.649817999725201,0.094,2.354,2.2018179997252005,1.3848179997252004,0.8170000000000002,10.0
S00005,IMS-CSCF,cloud-1,cloud,14,DONE,2.47702,2.53457,57.54675700018197,57.54675700018197,0.105,3.612,3.8297570001819707,2.791757000181967,1.0379999999999998,50.0
S00007,Transcoder,cloud-1,cloud,6,DONE,2.49169,2.55899,67.30201500022304,67.30201500022304,0.575,9.536,7.1910150002230395,6.036015000223038,1.1550000000000011,50.0
S00009,IoT-GW,core-1,core,28,DONE,2.50805,2.52402,15.968014000009134,15.968014000009134,0.096,1.909,3.963014000009135,3.2540140000091338,0.7090000000000001,10.0
S00010,IoT-GW,core-1,core,10,DONE,2.5083,2.52374,15.444407000359206,15.444407000359206,0.179,1.323,1.9424070003592053,1.2664070003592052,0.6759999999999999,12.0
S00007,Transcoder,cloud-1,cloud,7,DONE,2.51873,2.58528,66.54618699985804,66.54618699985804,0.09,13.96,2.4961869998580397,1.569186999858033,0.9269999999999996,50.0
S00008,Transcoder,cloud-1,cloud,5,DONE,2.52375,2.58707,63.31534500031921,63.31534500031921,0.089,7.709,3.51734500031921,2.4683450003192107,1.0489999999999995,52.0
S00004,UPF,core-1,core,11,DONE,2.53687,2.55371,16.831321999688953,16.831321999688953,0.106,2.311,2.414321999688953,1.5193219996889535,0.895,12.0
S00008,Transcoder,cloud-1,cloud,6,DONE,2.56125,2.62295,61.70103200020094,61.70103200020094,0.089,6.421,3.1910320002009414,2.4970320002009387,0.6939999999999991,52.0
S00009,IoT-GW,core-1,core,29,DONE,2.67322,2.68621,12.989855999876454,12.989855999876454,0.091,1.301,1.5978559998764545,0.9438559998764546,0.6539999999999999,10.0
S00001,vRAN-DU,edge-A,edge,15,DONE,2.71152,2.71592,4.3931689997407375,4.3931689997407375,0.085,2.84,1.4681689997407377,0.7071689997407375,0.7610000000000001,0.0
S00003,UPF,core-1,core,18,DONE,2.71814,2.73226,14.12268399963068,14.12268399963068,0.09,2.274,1.75868399963068,1.0936839996306809,0.665,10.0
S00001,vRAN-DU,edge-A,edge,16,DONE,2.73454,2.74137,6.82659899985083,6.82659899985083,0.084,5.12,1.6225989998508306,0.7915989998508302,0.8310000000000004,0.0
S00006,IMS-CSCF,cloud-1,cloud,14,DONE,2.79273,2.85043,57.69914299980883,57.69914299980883,0.096,1.518,4.085142999808831,3.2241429998088265,0.861,52.0
S00002,vRAN-DU,edge-B,edge,10,DONE,2.79625,2.80134,5.098509999697853,5.098509999697853,0.085,3.319,1.6945099996978534,0.9815099996978534,0.7130000000000001,0.0
S00010,IoT-GW,core-1,core,11,DONE,2.80666,2.82284,16.17404400030864,16.17404400030864,0.09,1.131,2.9530440003086404,2.20104400030864,0.752,12.0
S00002,vRAN-DU,edge-B,edge,11,DONE,2.81104,2.8162,5.161091999980272,5.161091999980272,0.086,3.411,1.664091999980272,0.784091999980272,0.8799999999999999,0.0
S00005,IMS-CSCF,cloud-1,cloud,15,DONE,2.84717,2.9011,53.924334999919665,53.924334999919665,0.066,1.433,2.425334999919663,1.8763349999196635,0.5489999999999999,50.0
S00009,IoT-GW,core-1,core,30,DONE,2.8497,2.86323,13.538500999857206,13.538500999857206,0.123,1.327,2.0885009998572066,1.3295009998572063,0.7590000000000001,10.0
S00009,IoT-GW,core-1,core,31,DONE,2.85568,2.86918,13.50368100020205,13.50368100020205,0.076,1.119,2.30868100020205,1.7356810002020495,0.573,10.0
S00009,IoT-GW,core-1,core,32,DONE,2.8655,2.87952,14.019813999766484,14.019813999766484,0.101,1.102,2.8168139997664845,2.203813999766483,0.613,10.0
S00006,IMS-CSCF,cloud-1,cloud,15,DONE,2.90942,2.96751,58.08370700015075,58.08370700015075,0.088,1.631,4.3647070001507515,3.3987070001507504,0.966,52.0
S00003,UPF,core-1,core,19,DONE,2.93303,2.9482,15.172544000051857,15.172544000051857,0.134,2.386,2.652544000051858,1.939544000051857,0.7130000000000001,10.0
S00003,UPF,core-1,core,20,DONE,2.93323,2.95067,17.43470699966565,17.43470699966565,2.749,2.184,2.5017069996656502,1.9017069996656488,0.6000000000000005,10.0
S00005,IMS-CSCF,cloud-1,cloud,16,DONE,2.93752,2.99181,54.28551300019535,54.28551300019535,0.09,1.695,2.5005130001953546,1.7435130001953496,0.7569999999999997,50.0
S00005,IMS-CSCF,cloud-1,cloud,17,DONE,2.95802,3.01188,53.858592999858956,53.858592999858956,0.088,1.621,2.149592999858953,1.5045929998589571,0.645,50.0
S00001,vRAN-DU,edge-A,edge,17,DONE,2.97185,2.97742,5.567855999743188,5.567855999743188,0.095,3.954,1.5188559997431872,0.7438559997431877,0.7749999999999995,0.0
S00009,IoT-GW,core-1,core,33,DONE,2.97432,2.9895,15.179677000105585,15.179677000105585,0.118,1.39,3.6716770001055856,2.848677000105585,0.823,10.0
S00005,IMS-CSCF,cloud-1,cloud,18,DONE,2.97976,3.0338,54.044122000050265,54.044122000050265,0.098,1.736,2.210122000050262,1.4751220000502627,0.7349999999999999,50.0
S00009,IoT-GW,core-1,core,34,DONE,2.99406,3.0077,13.639770999816392,13.639770999816392,0.1,1.403,2.1367709998163917,1.4707709998163914,0.6659999999999999,10.0
S00003,UPF,core-1,core,21,DONE,2.99539,3.0106,15.215514999908919,15.215514999908919,0.08,2.642,2.4935149999089194,1.6085149999089197,0.8850000000000002,10.0
S00004,UPF,core-1,core,12,DONE,3.00126,3.0173,16.036439999879804,16.036439999879804,0.063,2.113,1.8604399998798034,1.2784399998798044,0.5819999999999999,12.0
S00007,Transcoder,cloud-1,cloud,8,DONE,3.00895,3.06975,60.80122200000915,60.80122200000915,0.135,6.635,4.031222000009151,3.5582220000091453,0.47300000000000075,50.0
S00001,vRAN-DU,edge-A,edge,18,DONE,3.02772,3.0355,7.782436000070447,7.782436000070447,0.123,6.043,1.616436000070447,0.7964360000704476,0.8199999999999994,0.0
S00009,IoT-GW,core-1,core,35,DONE,3.04179,3.05589,14.108074999967357,14.108074999967357,0.087,1.208,2.813074999967357,2.073074999967357,0.7400000000000002,10.0
S00003,UPF,core-1,core,22,DONE,3.04512,3.05923,14.115382999989379,14.115382999989379,0.069,2.089,1.9573829999893793,1.4753829999893782,0.4820000000000002,10.0
S00002,vRAN-DU,edge-B,edge,12,DONE,3.06246,3.06682,4.353672999968694,4.353672999968694,0.089,3.016,1.248672999968694,0.6296729999686939,0.6190000000000002,0.0
S00003,UPF,core-1,core,23,DONE,3.07301,3.08777,14.765031000024464,14.765031000024464,0.094,2.575,2.096031000024464,1.2670310000244633,0.8290000000000002,10.0
S00005,IMS-CSCF,cloud-1,cloud,19,DONE,3.10318,3.16092,57.74037499986662,57.74037499986662,0.161,4.259,3.3203749998666154,2.5093749998666155,0.8109999999999999,50.0
S00003,UPF,core-1,core,24,DONE,3.13772,3.15217,14.449878000050376,14.449878000050376,0.091,2.282,2.0768780000503746,1.0698780000503767,1.0069999999999997,10.0
S00004,UPF,core-1,core,13,DONE,3.13913,3.15536,16.223164000166435,16.223164000166435,0.055,2.113,2.0551640001664353,1.086164000166434,0.9689999999999999,12.0
S00003,UPF,core-1,core,25,DONE,3.15149,3.16924,17.75537000003169,17.75537000003169,0.072,3.146,4.537370000031689,3.7803700000316898,0.7570000000000001,10.0
S00009,IoT-GW,core-1,core,36,DONE,3.18858,3.20181,13.225916999999754,13.225916999999754,0.103,1.214,1.9089169999997537,1.1959169999997545,0.7129999999999999,10.0
S00002,vRAN-DU,edge-B,edge,13,DONE,3.20809,3.21286,4.767398999774741,4.767398999774741,0.087,3.095,1.5853989997747409,0.8593989997747413,0.7259999999999995,0.0
S00005,IMS-CSCF,cloud-1,cloud,20,DONE,3.22922,3.28315,53.93180900000516,53.93180900000516,0.118,1.545,2.268809000005163,1.5918090000051563,0.677,50.0
S00005,IMS-CSCF,cloud-1,cloud,21,DONE,3.2438,3.29743,53.633215999980166,53.633215999980166,0.125,1.562,1.9462159999801685,1.4022159999801644,0.5439999999999998,50.0
S00004,UPF,core-1,core,14,DONE,3.26824,3.28426,16.018992000226717,16.018992000226717,0.083,2.392,1.5439920002267176,1.0039920002267166,0.54,12.0
S00003,UPF,core-1,core,26,DONE,3.26857,3.28313,14.567677999821171,14.567677999821171,0.101,2.296,2.170677999821171,1.5656779998211725,0.605,10.0
S00006,IMS-CSCF,cloud-1,cloud,16,DONE,3.28848,3.3451,56.621920999987196,56.621920999987196,0.098,1.536,2.987920999987196,2.420920999987196,0.567,52.0
S00008,Transcoder,cloud-1,cloud,7,DONE,3.29484,3.35638,61.547043999780726,61.547043999780726,0.07,6.925,2.5520439997807287,1.882043999780727,0.6699999999999999,52.0
S00004,UPF,core-1,core,15,DONE,3.29744,3.31345,16.009894000035274,16.009894000035274,0.088,2.35,1.5718940000352735,0.918894000035273,0.653,12.0
S00009,IoT-GW,core-1,core,37,DONE,3.30376,3.31794,14.175477999742725,14.175477999742725,0.113,1.154,2.9084779997427255,2.3144779997427243,0.5940000000000001,10.0
S00003,UPF,core-1,core,27,DONE,3.30509,3.31914,14.055378999728418,14.055378999728418,0.178,2.126,1.7513789997284182,1.2663789997284187,0.4850000000000003,10.0
S00005,IMS-CSCF,cloud-1,cloud,22,DONE,3.35581,3.41058,54.77369199979876,54.77369199979876,0.078,1.701,2.9946919997987536,2.5246919997987547,0.47,50.0
S00009,IoT-GW,core-1,core,38,DONE,3.36776,3.38208,14.314004999960162,14.314004999960162,0.122,1.653,2.539004999960161,1.7130049999601624,0.8260000000000001,10.0
S00001,vRAN-DU,edge-A,edge,19,DONE,3.3733,3.37982,6.512423999993189,6.512423999993189,0.142,4.329,2.0414239999931887,0.9104239999931885,1.1310000000000002,0.0
S00001,vRAN-DU,edge-A,edge,20,DONE,3.38838,3.39319,4.8070570001073065,4.8070570001073065,0.086,3.378,1.3430570001073066,0.6000570001073067,0.7429999999999999,0.0
S00010,IoT-GW,core-1,core,12,DONE,3.40359,3.41978,16.193120000025374,16.193120000025374,0.136,1.579,2.478120000025374,1.7181200000253742,0.7600000000000002,12.0
S00008,Transcoder,cloud-1,cloud,8,DONE,3.41005,3.47241,62.3596630002794,62.3596630002794,0.092,6.179,4.088663000279396,3.350663000279397,0.7380000000000004,52.0
S00009,IoT-GW,core-1,core,39,DONE,3.42819,3.44193,13.743416000124853,13.743416000124853,0.095,1.464,2.1844160001248536,1.4384160001248532,0.7460000000000002,10.0
S00002,vRAN-DU,edge-B,edge,14,DONE,3.44621,3.45383,7.624266000220814,7.624266000220814,0.113,4.74,2.7712660002208134,0.983266000220814,1.7879999999999994,0.0
S00005,IMS-CSCF,cloud-1,cloud,23,DONE,3.45064,3.50783,57.190063999769336,57.190063999769336,0.097,1.667,5.426063999769333,2.088063999769332,3.338,50.0
S00006,IMS-CSCF,cloud-1,cloud,17,DONE,3.45714,3.51415,57.00633999958882,57.00633999958882,0.082,1.648,3.2763399995888207,2.6523399995888184,0.6240000000000001,52.0
S00004,UPF,core-1,core,16,DONE,3.4573,3.47334,16.036845999678917,16.036845999678917,0.095,2.367,1.5748459996789173,0.8718459996789178,0.7029999999999998,12.0
S00002,vRAN-DU,edge-B,edge,15,DONE,3.46863,3.47339,4.758816000048682,4.758816000048682,0.084,3.642,1.0328160000486823,0.40281600004868245,0.6299999999999999,0.0
S00005,IMS-CSCF,cloud-1,cloud,24,DONE,3.471,3.52744,56.43659699990167,56.43659699990167,0.187,1.832,4.417596999901669,3.558596999901667,0.859,50.0
S00002,vRAN-DU,edge-B,edge,16,DONE,3.48767,3.49211,4.435025000020687,4.435025000020687,0.083,2.807,1.5450250000206869,0.713025000020687,0.8319999999999999,0.0
S00006,IMS-CSCF,cloud-1,cloud,18,DONE,3.51013,3.56766,57.53093600014836,57.53093600014836,0.093,2.271,3.166936000148361,2.402936000148358,0.7640000000000002,52.0
S00002,vRAN-DU,edge-B,edge,17,DONE,3.51841,3.52267,4.266676000042935,4.266676000042935,0.138,2.814,1.314676000042935,0.7286760000429351,0.5859999999999999,0.0
S00006,IMS-CSCF,cloud-1,cloud,19,DONE,3.53775,3.59493,57.181415000286506,57.181415000286506,0.11,1.708,3.3634150002865084,2.3324150002865025,1.0310000000000001,52.0
S00003,UPF,core-1,core,28,DONE,3.53911,3.55463,15.522307000082947,15.522307000082947,0.119,3.658,1.7453070000829456,1.0543070000829466,0.6909999999999998,10.0
S00004,UPF,core-1,core,17,DONE,3.55343,3.56923,15.802523999809637,15.802523999809637,0.077,2.207,1.5185239998096378,0.9565239998096366,0.5620000000000003,12.0
S00005,IMS-CSCF,cloud-1,cloud,25,DONE,3.56691,3.62409,57.17647100027534,57.17647100027534,0.094,3.033,4.049471000275339,3.307471000275342,0.7420000000000004,50.0
S00005,IMS-CSCF,cloud-1,cloud,26,DONE,3.58357,3.63879,55.22465400008514,55.22465400008514,0.113,2.064,3.0476540000851386,2.3716540000851367,0.6760000000000002,50.0
S00002,vRAN-DU,edge-B,edge,18,DONE,3.59009,3.59578,5.6834910001271055,5.6834910001271055,0.206,3.502,1.9754910001271058,1.1434910001271055,0.8320000000000003,0.0
S00010,IoT-GW,core-1,core,13,DONE,3.59263,3.60927,16.64938300018548,16.64938300018548,0.094,1.856,2.699383000185481,1.8143830001854795,0.8849999999999998,12.0
S00007,Transcoder,cloud-1,cloud,9,DONE,3.59579,3.6577,61.90846900017277,61.90846900017277,0.094,6.124,5.690469000172769,4.766469000172769,0.9240000000000004,50.0
S00004,UPF,core-1,core,18,DONE,3.6388,3.65512,16.319887999998173,16.319887999998173,0.098,2.391,1.830887999998172,1.1608879999981738,0.6699999999999999,12.0
S00006,IMS-CSCF,cloud-1,cloud,20,DONE,3.63899,3.69604,57.044040999699064,57.044040999699064,0.097,1.567,3.3800409996990624,2.7130409996990608,0.667,52.0
S00001,vRAN-DU,edge-A,edge,21,DONE,3.67797,3.68293,4.959656000210089,4.959656000210089,0.15,3.83,0.9796560002100887,0.5186560002100888,0.46099999999999985,0.0
S00010,IoT-GW,core-1,core,14,DONE,3.71633,3.73201,15.675038000154018,15.675038000154018,0.14,1.264,2.271038000154018,1.3600380001540184,0.911,12.0
S00010,IoT-GW,core-1,core,15,DONE,3.8138,3.83055,16.74142399997436,16.74142399997436,0.094,1.844,2.803423999974358,1.9674239999743577,0.8359999999999999,12.0
S00010,IoT-GW,core-1,core,16,DONE,3.82428,3.83957,15.287088000150106,15.287088000150106,0.111,1.076,2.100088000150107,1.5350880001501057,0.565,12.0
S00002,vRAN-DU,edge-B,edge,19,DONE,3.82564,3.83163,5.994260000079521,5.994260000079521,0.108,4.519,1.3672600000795212,0.5222600000795206,0.8450000000000006,0.0
S00009,IoT-GW,core-1,core,40,DONE,3.90296,3.92381,20.845599000040238,20.845599000040238,0.085,8.155,2.605599000040238,1.563599000040238,1.0419999999999998,10.0
S00010,IoT-GW,core-1,core,17,DONE,3.90315,3.92587,22.721901999830152,22.721901999830152,0.064,1.242,9.415901999830151,8.895901999830151,0.52,12.0
S00002,vRAN-DU,edge-B,edge,20,DONE,3.90441,3.90919,4.772519999733049,4.772519999733049,0.085,3.131,1.5565199997330494,0.5375199997330489,1.0190000000000006,0.0
S00003,UPF,core-1,core,29,DONE,3.91666,3.93217,15.516204000050493,15.516204000050493,0.154,2.06,3.3022040000504926,2.5762040000504935,0.726,10.0
S00003,UPF,core-1,core,30,DONE,3.91682,3.93561,18.788685999879817,18.788685999879817,2.013,3.311,3.4646859998798174,2.5796859998798176,0.8849999999999998,10.0
S00003,UPF,core-1,core,31,DONE,3.93562,3.94969,14.07014699998399,14.07014699998399,0.122,2.325,1.623146999983991,1.0091469999839902,0.6139999999999999,10.0
S00008,Transcoder,cloud-1,cloud,9,DONE,3.97002,4.03321,63.19125099980738,63.19125099980738,0.309,7.097,3.7852509998073813,2.9132509998073814,0.8719999999999999,52.0
S00009,IoT-GW,core-1,core,41,DONE,3.97459,3.98991,15.32234599972071,15.32234599972071,0.135,2.059,3.128345999720711,2.1613459997207105,0.9670000000000001,10.0
S00005,IMS-CSCF,cloud-1,cloud,27,DONE,3.97477,4.02904,54.27230999976018,54.27230999976018,0.068,1.52,2.684309999760181,2.0743099997601817,0.6099999999999999,50.0
S00005,IMS-CSCF,cloud-1,cloud,28,DONE,3.98022,4.03537,55.1475610000125,55.1475610000125,0.107,1.83,3.210561000012504,2.5535610000125004,0.6569999999999998,50.0
S00005,IMS-CSCF,cloud-1,cloud,29,DONE,3.99623,4.05295,56.71974200004115,56.71974200004115,0.184,1.789,4.746742000041152,3.62874200004115,1.1180000000000003,50.0
S00002,vRAN-DU,edge-B,edge,21,DONE,4.02906,4.03478,5.724944000121468,5.724944000121468,0.084,4.292,1.3489440001214685,0.6179440001214678,0.7310000000000008,0.0
S00008,Transcoder,cloud-1,cloud,10,DONE,4.07226,4.13551,63.2432880001943,63.2432880001943,0.092,6.198,4.9532880001942985,4.005288000194298,0.9480000000000004,52.0
S00002,vRAN-DU,edge-B,edge,22,DONE,4.07667,4.08155,4.875434000041423,4.875434000041423,0.096,3.148,1.631434000041423,0.582434000041423,1.049,0.0
S00002,vRAN-DU,edge-B,edge,23,DONE,4.0801,4.08455,4.452162999768916,4.452162999768916,0.074,3.297,1.081162999768916,0.5581629997689159,0.5230000000000001,0.0
S00001,vRAN-DU,edge-A,edge,22,DONE,4.10884,4.1133,4.4558029999279825,4.4558029999279825,0.084,3.053,1.3188029999279824,0.6498029999279824,0.669,0.0
S00009,IoT-GW,core-1,core,42,DONE,4.12363,4.13779,14.160795000407234,14.160795000407234,0.109,1.331,2.720795000407234,1.7737950004072331,0.9470000000000001,10.0
S00009,IoT-GW,core-1,core,43,DONE,4.13108,4.14597,14.882707000197115,14.882707000197115,0.096,2.593,2.193707000197115,1.403707000197116,0.79,10.0
S00006,IMS-CSCF,cloud-1,cloud,21,DONE,4.2394,4.29773,58.32926200037036,58.32926200037036,0.133,1.775,4.421262000370362,3.390262000370363,1.0310000000000001,52.0
S00005,IMS-CSCF,cloud-1,cloud,30,DONE,4.25901,4.31443,55.41806499968516,55.41806499968516,0.104,2.4,2.9140649996851593,1.9380649996851602,0.976,50.0
S00003,UPF,core-1,core,32,DONE,4.26373,4.27816,14.43110299987893,14.43110299987893,0.087,2.19,2.15410299987893,1.4081029998789312,0.746,10.0
S00006,IMS-CSCF,cloud-1,cloud,22,DONE,4.29044,4.34823,57.79111700030626,57.79111700030626,0.097,1.981,3.713117000306255,2.9041170003062575,0.8089999999999997,52.0
S00005,IMS-CSCF,cloud-1,cloud,31,DONE,4.31972,4.37384,54.123891000017466,54.123891000017466,0.094,1.853,2.176891000017463,1.297891000017465,0.879,50.0
S00007,Transcoder,cloud-1,cloud,10,DONE,4.37169,4.43579,64.09619400028532,64.09619400028532,0.07,10.297,3.729194000285318,2.7761940002853223,0.9529999999999994,50.0
S00004,UPF,core-1,core,19,DONE,4.39427,4.41099,16.712007000023732,16.712007000023732,0.095,2.157,2.4600070000237313,1.5570070000237326,0.9029999999999996,12.0
S00001,vRAN-DU,edge-A,edge,23,DONE,4.40977,4.41429,4.521841000041604,4.521841000041604,0.085,2.924,1.5128410000416044,0.6838410000416042,0.8290000000000002,0.0
S00002,vRAN-DU,edge-B,edge,24,DONE,4.42869,4.43585,7.161050999911822,7.161050999911822,0.091,5.344,1.7260509999118216,0.6850509999118222,1.0409999999999995,0.0
S00005,IMS-CSCF,cloud-1,cloud,32,DONE,4.4462,4.50062,54.42223000000013,54.42223000000013,0.097,1.964,2.361230000000127,1.3042300000001248,1.057,50.0
S00003,UPF,core-1,core,33,DONE,4.48471,4.49944,14.729995999914536,14.729995999914536,0.093,2.441,2.195995999914537,1.3689959999145351,0.8270000000000004,10.0
S00001,vRAN-DU,edge-A,edge,24,DONE,4.517,4.52642,9.42128499991668,9.42128499991668,0.113,6.506,2.8022849999166786,2.1002849999166795,0.7019999999999991,0.0
S00002,vRAN-DU,edge-B,edge,25,DONE,4.5204,4.52816,7.758945000205131,7.758945000205131,0.137,3.818,3.8039450002051307,0.5969450002051309,3.207,0.0
S00003,UPF,core-1,core,34,DONE,4.52397,4.54124,17.266000999825337,17.266000999825337,0.178,3.8,3.2880009998253374,1.9380009998253378,1.3500000000000005,10.0
S00010,IoT-GW,core-1,core,18,DONE,4.53164,4.54749,15.851081000164413,15.851081000164413,0.107,1.649,2.095081000164413,1.319081000164413,0.776,12.0
S00004,UPF,core-1,core,20,DONE,4.56783,4.58577,17.940377999821067,17.940377999821067,0.094,3.674,2.172377999821066,1.3433779998210653,0.8290000000000006,12.0
S00001,vRAN-DU,edge-A,edge,25,DONE,4.58027,4.58641,6.13839299967367,6.13839299967367,0.082,4.747,1.30939299967367,0.6613929996736694,0.6480000000000006,0.0
S00010,IoT-GW,core-1,core,19,DONE,4.60184,4.61983,17.98516100006964,17.98516100006964,0.119,1.474,4.392161000069638,3.6061610000696387,0.786,12.0
S00001,vRAN-DU,edge-A,edge,26,DONE,4.61339,4.6223,8.90873600019404,8.90873600019404,0.09,5.254,3.5647360001940402,0.7377360001940403,2.827,0.0
S00006,IMS-CSCF,cloud-1,cloud,23,DONE,4.62992,4.68961,59.68894399984492,59.68894399984492,0.15,2.7,4.838943999844922,3.8299439998449216,1.009,52.0
S00002,vRAN-DU,edge-B,edge,26,DONE,4.7271,4.73189,4.782514999988052,4.782514999988052,0.091,3.11,1.5815149999880522,0.8205149999880521,0.7610000000000001,0.0
S00009,IoT-GW,core-1,core,44,DONE,4.73619,4.75054,14.351140999679046,14.351140999679046,0.098,1.35,2.903140999679046,1.5921409996790459,1.3109999999999997,10.0
S00005,IMS-CSCF,cloud-1,cloud,33,DONE,4.75891,4.81314,54.22445099975448,54.22445099975448,0.09,1.505,2.629450999754482,1.8044509997544793,0.825,50.0
S00006,IMS-CSCF,cloud-1,cloud,24,DONE,4.78637,4.84352,57.14721799995459,57.14721799995459,0.154,2.415,2.578217999954589,1.9072179999545895,0.6710000000000003,52.0
S00010,IoT-GW,core-1,core,20,DONE,4.79482,4.81008,15.259115999924688,15.259115999924688,0.099,1.204,1.9561159999246875,1.2651159999246886,0.6910000000000001,12.0
S00010,IoT-GW,core-1,core,21,DONE,4.8235,4.83913,15.631969999958528,15.631969999958528,0.093,1.387,2.151969999958528,1.4789699999585277,0.673,12.0
S00005,IMS-CSCF,cloud-1,cloud,34,DONE,4.82698,4.88177,54.78656700006468,54.78656700006468,0.085,1.623,3.0785670000646803,2.5335670000646786,0.5450000000000002,50.0
S00004,UPF,core-1,core,21,DONE,4.82712,4.84354,16.413429000294855,16.413429000294855,0.061,2.265,2.087429000294854,1.5514290002948545,0.536,12.0
S00009,IoT-GW,core-1,core,45,DONE,4.8344,4.8474,13.000135000311275,13.000135000311275,0.069,1.202,1.729135000311274,1.2301350003112752,0.4990000000000001,10.0
S00007,Transcoder,cloud-1,cloud,11,DONE,4.83572,4.89505,59.33571200012011,59.33571200012011,0.122,6.538,2.6757120001201145,2.062712000120115,0.6129999999999995,50.0
S00010,IoT-GW,core-1,core,22,DONE,4.84964,4.86497,15.320196000175201,15.320196000175201,0.089,1.139,2.0921960001752016,0.8511960001752019,1.2409999999999999,12.0
S00002,vRAN-DU,edge-B,edge,27,DONE,4.87522,4.87923,4.011915000319277,4.011915000319277,0.08,2.779,1.1529150003192772,0.6519150003192773,0.5009999999999999,0.0
S00008,Transcoder,cloud-1,cloud,11,DONE,4.87545,4.93797,62.516385999970225,62.516385999970225,0.085,7.932,2.4993859999702224,1.9243859999702266,0.5749999999999993,52.0
S00008,Transcoder,cloud-1,cloud,12,DONE,4.87668,4.93795,61.27088299990646,61.27088299990646,0.062,5.688,3.520882999906462,3.0288829999064646,0.492,52.0
S00007,Transcoder,cloud-1,cloud,12,DONE,4.8931,4.95196,58.8608119996934,58.8608119996934,0.07,6.191,2.5998119996933937,1.990811999693399,0.609,50.0
S00009,IoT-GW,core-1,core,46,DONE,4.90129,4.91647,15.176305000295542,15.176305000295542,0.095,3.117,1.9643050002955427,1.0593050002955415,0.9049999999999998,10.0
S00008,Transcoder,cloud-1,cloud,13,DONE,4.92673,4.98829,61.560098999962065,61.560098999962065,0.08,6.321,3.159098999962069,2.5930989999620664,0.5659999999999998,52.0
S00002,vRAN-DU,edge-B,edge,28,DONE,4.94128,4.94577,4.498670999964816,4.498670999964816,0.101,3.16,1.2376709999648154,0.5736709999648157,0.6639999999999997,0.0
S00004,UPF,core-1,core,22,DONE,4.94584,4.9613,15.461338000022806,15.461338000022806,0.093,2.064,1.3043380000228062,0.7313380000228058,0.573,12.0
S00006,IMS-CSCF,cloud-1,cloud,25,DONE,4.96765,5.02582,58.16789400023481,58.16789400023481,0.102,2.193,3.8728940002348082,3.0098940002348087,0.863,52.0
S00004,UPF,core-1,core,23,DONE,4.98511,5.00348,18.373099000200455,18.373099000200455,0.092,3.017,3.2640990002004546,2.5640990002004536,0.7000000000000002,12.0
S00002,vRAN-DU,edge-B,edge,29,DONE,4.9883,4.9935,5.197246000079758,5.197246000079758,0.08,3.927,1.1902460000797586,0.5692460000797581,0.6210000000000004,0.0
S00001,vRAN-DU,edge-A,edge,27,DONE,5.01098,5.01594,4.957868000019516,4.957868000019516,0.14,3.077,1.7408680000195162,0.8828680000195162,0.8580000000000001,0.0
S00005,IMS-CSCF,cloud-1,cloud,35,DONE,5.03722,5.09284,55.61844599969845,55.61844599969845,0.143,2.338,3.13744599969845,2.0574459996984515,1.08,50.0
S00007,Transcoder,cloud-1,cloud,13,DONE,5.03762,5.09717,59.5458860002509,59.5458860002509,0.225,6.625,2.6958860002509013,1.949886000250899,0.7460000000000004,50.0
S00004,UPF,core-1,core,24,DONE,5.04206,5.06022,18.161553000027197,18.161553000027197,0.123,2.985,3.053553000027197,2.210553000027197,0.8430000000000004,12.0
S00006,IMS-CSCF,cloud-1,cloud,26,DONE,5.04656,5.10483,58.26891300011994,58.26891300011994,0.073,2.152,4.043913000119936,3.2779130001199377,0.766,52.0
S00005,IMS-CSCF,cloud-1,cloud,36,DONE,5.08057,5.135,54.437549999875046,54.437549999875046,0.134,1.351,2.952549999875046,2.2765499998750443,0.6760000000000002,50.0
S00009,IoT-GW,core-1,core,47,DONE,5.09512,5.10926,14.142009999886795,14.142009999886795,0.099,1.495,2.548009999886796,1.7010099998867965,0.8469999999999998,10.0
S00002,vRAN-DU,edge-B,edge,30,DONE,5.10457,5.11103,6.456960999912553,6.456960999912553,0.129,4.945,1.3829609999125534,0.6259609999125528,0.7570000000000006,0.0
S00008,Transcoder,cloud-1,cloud,14,DONE,5.13736,5.20317,65.80616100018233,65.80616100018233,0.08,9.762,3.9641610001823295,3.3491610001823275,0.6150000000000002,52.0
S00010,IoT-GW,core-1,core,23,DONE,5.15493,5.17165,16.72487599989836,16.72487599989836,0.113,1.563,3.0488759998983586,2.012875999898359,1.0360000000000003,12.0
S00006,IMS-CSCF,cloud-1,cloud,27,DONE,5.15962,5.21611,56.4911509995909,56.4911509995909,0.103,1.516,2.8721509995909003,2.079150999590901,0.7929999999999999,52.0
S00009,IoT-GW,core-1,core,48,DONE,5.18797,5.20227,14.302705000318383,14.302705000318383,0.105,1.881,2.3167050003183824,1.1577050003183835,1.159,10.0
S00008,Transcoder,cloud-1,cloud,15,DONE,5.19238,5.25857,66.18792600011147,66.18792600011147,0.108,10.869,3.2109260001114706,2.1949260001114723,1.016,52.0
S00001,vRAN-DU,edge-A,edge,28,DONE,5.19379,5.1979,4.1042640000341635,4.1042640000341635,0.083,2.955,1.0662640000341632,0.5032640000341635,0.5629999999999997,0.0
S00007,Transcoder,cloud-1,cloud,14,DONE,5.19708,5.26054,63.45600099984949,63.45600099984949,0.106,9.906,3.444000999849493,2.5980009998494893,0.8460000000000001,50.0
S00001,vRAN-DU,edge-A,edge,29,DONE,5.24849,5.25302,4.526268000063283,4.526268000063283,0.091,2.978,1.4572680000632823,0.7712680000632828,0.6859999999999995,0.0
S00003,UPF,core-1,core,35,DONE,5.25534,5.27092,15.578422000089631,15.578422000089631,0.119,2.756,2.703422000089631,2.0774220000896317,0.6259999999999999,10.0
S00007,Transcoder,cloud-1,cloud,15,DONE,5.25774,5.32298,65.24103300034767,65.24103300034767,0.169,10.317,4.755033000347666,3.8650330003476725,0.8899999999999988,50.0
S00008,Transcoder,cloud-1,cloud,16,DONE,5.27093,5.336,65.07301500005269,65.07301500005269,0.083,9.996,2.9940150000526913,2.249015000052694,0.7449999999999992,52.0
S00009,IoT-GW,core-1,core,49,DONE,5.29437,5.3081,13.728473999890412,13.728473999890412,0.15,1.0,2.578473999890411,1.8884739998904116,0.6900000000000002,10.0
S00005,IMS-CSCF,cloud-1,cloud,37,DONE,5.29587,5.3512,55.328638999981195,55.328638999981195,0.106,2.107,3.1156389999811935,2.228638999981193,0.887,50.0
S00004,UPF,core-1,core,25,DONE,5.32426,5.34144,17.182197000238375,17.182197000238375,0.126,2.521,2.535197000238375,1.6851970002383752,0.8500000000000001,12.0
S00001,vRAN-DU,edge-A,edge,30,DONE,5.37057,5.37597,5.393157000071369,5.393157000071369,0.094,2.91,2.389157000071369,0.7341570000713693,1.6549999999999998,0.0
S00004,UPF,core-1,core,26,DONE,5.39145,5.40873,17.281963000186806,17.281963000186806,0.095,2.652,2.5349630001868064,1.4679630001868063,1.0669999999999997,12.0
S00005,IMS-CSCF,cloud-1,cloud,38,DONE,5.39805,5.45255,54.496483000093576,54.496483000093576,0.139,1.603,2.754483000093579,1.7714830000935748,0.9830000000000001,50.0
S00008,Transcoder,cloud-1,cloud,17,DONE,5.44634,5.50967,63.33020900001429,63.33020900001429,0.117,6.718,4.495209000014292,3.669209000014291,0.8259999999999996,52.0
S00005,IMS-CSCF,cloud-1,cloud,39,DONE,5.47188,5.52797,56.087901999944734,56.087901999944734,0.101,1.96,4.026901999944734,2.823901999944731,1.2029999999999998,50.0
S00003,UPF,core-1,core,36,DONE,5.47207,5.48793,15.859347000059643,15.859347000059643,0.121,3.186,2.552347000059642,1.5103470000596424,1.0420000000000003,10.0
S00005,IMS-CSCF,cloud-1,cloud,40,DONE,5.50024,5.55697,56.72954800002117,56.72954800002117,0.08,2.748,3.9015480000211653,3.1075480000211684,0.7939999999999996,50.0
S00004,UPF,core-1,core,27,DONE,5.57234,5.58978,17.434275000141497,17.434275000141497,0.105,2.632,2.697275000141497,1.748275000141497,0.9489999999999998,12.0
S00002,vRAN-DU,edge-B,edge,31,DONE,5.57994,5.58643,6.49034899970502,6.49034899970502,0.118,4.736,1.63634899970502,0.9653489997050198,0.6710000000000003,0.0
S00010,IoT-GW,core-1,core,24,DONE,5.62016,5.63649,16.327591999925062,16.327591999925062,0.121,1.505,2.7015919999250624,1.700591999925063,1.001,12.0
S00005,IMS-CSCF,cloud-1,cloud,41,DONE,5.69298,5.74724,54.25227499972607,54.25227499972607,0.095,1.574,2.583274999726072,1.228274999726068,1.355,50.0
S00003,UPF,core-1,core,37,DONE,5.76764,5.78433,16.683785000168427,16.683785000168427,0.091,2.451,4.1417850001684275,3.525785000168428,0.6159999999999997,10.0
S00001,vRAN-DU,edge-A,edge,31,DONE,5.77606,5.78048,4.410759000165854,4.410759000165854,0.085,2.921,1.4047590001658539,0.5947590001658538,0.81,0.0
S00005,IMS-CSCF,cloud-1,cloud,42,DONE,5.77626,5.83085,54.589896999914345,54.589896999914345,0.091,1.761,2.737896999914348,1.8498969999143426,0.8880000000000003,50.0
S00003,UPF,core-1,core,38,DONE,5.78754,5.80271,15.166728999702173,15.166728999702173,0.097,2.602,2.4677289997021727,1.3157289997021735,1.1520000000000001,10.0
S00006,IMS-CSCF,cloud-1,cloud,28,DONE,5.78991,5.84806,58.148481999978685,58.148481999978685,0.15,1.995,4.003481999978682,3.105481999978686,0.8980000000000001,52.0
S00010,IoT-GW,core-1,core,25,DONE,5.82197,5.83769,15.712894999978744,15.712894999978744,0.15,1.286,2.276894999978744,1.4488949999787444,0.8279999999999998,12.0
S00007,Transcoder,cloud-1,cloud,16,DONE,5.83086,5.89146,60.59991100028128,60.59991100028128,0.137,6.494,3.968911000281281,2.979911000281284,0.9889999999999999,50.0
S00007,Transcoder,cloud-1,cloud,17,DONE,5.83242,5.89261,60.18247900010465,60.18247900010465,0.099,6.953,3.13047900010465,2.454479000104648,0.6759999999999993,50.0
S00003,UPF,core-1,core,39,DONE,5.83619,5.8508,14.605357999698754,14.605357999698754,0.098,2.555,1.9523579996987532,1.1643579996987548,0.7879999999999998,10.0
S00007,Transcoder,cloud-1,cloud,18,DONE,5.88011,5.94543,65.31532500002868,65.31532500002868,0.123,11.531,3.6613250000286826,2.4113250000286826,1.25,50.0
S00002,vRAN-DU,edge-B,edge,32,DONE,5.89908,5.90499,5.912569999964035,5.912569999964035,0.092,3.819,2.0015699999640346,0.9465699999640345,1.0550000000000002,0.0
S00004,UPF,core-1,core,28,DONE,5.89941,5.91713,17.726965000292694,17.726965000292694,0.142,2.101,3.4839650002926934,2.756965000292693,0.7270000000000003,12.0
S00001,vRAN-DU,edge-A,edge,32,DONE,6.04776,6.05217,4.4073349999962375,4.4073349999962375,0.091,2.869,1.447334999996237,0.6303349999962373,0.8169999999999997,0.0
S00002,vRAN-DU,edge-B,edge,33,DONE,6.04799,6.05439,6.399425999916275,6.399425999916275,0.083,4.647,1.6694259999162746,1.048425999916275,0.6209999999999996,0.0
S00002,vRAN-DU,edge-B,edge,34,DONE,6.07079,6.07562,4.830962999676558,4.830962999676558,0.101,3.226,1.503962999676558,0.7239629996765578,0.7800000000000002,0.0
S00003,UPF,core-1,core,40,DONE,6.117,6.13244,15.441678000115644,15.441678000115644,0.09,2.64,2.7116780001156435,2.0436780001156443,0.6680000000000001,10.0
S00004,UPF,core-1,core,29,DONE,6.12243,6.14282,20.392921999700775,20.392921999700775,0.134,6.362,1.8969219997007745,1.2789219997007741,0.6179999999999994,12.0
S00005,IMS-CSCF,cloud-1,cloud,43,DONE,6.12884,6.18548,56.644885999958206,56.644885999958206,0.121,2.125,4.398885999958203,3.7428859999582045,0.6560000000000001,50.0
S00010,IoT-GW,core-1,core,26,DONE,6.1357,6.15265,16.949896999904013,16.949896999904013,0.093,2.654,2.202896999904013,1.5638969999040135,0.6390000000000002,12.0
S00009,IoT-GW,core-1,core,50,DONE,6.1401,6.15416,14.063903000078426,14.063903000078426,0.061,1.248,2.7549030000784267,2.2149030000784258,0.54,10.0
S00010,IoT-GW,core-1,core,27,DONE,6.1429,6.16188,18.984411000019463,18.984411000019463,0.122,1.98,4.882411000019463,3.0124110000194637,1.87,12.0
S00001,vRAN-DU,edge-A,edge,33,DONE,6.14541,6.15169,6.278004000250803,6.278004000250803,0.131,3.37,2.7770040002508027,1.1880040002508032,1.5889999999999995,0.0
S00005,IMS-CSCF,cloud-1,cloud,44,DONE,6.14672,6.20378,57.05833000001803,57.05833000001803,0.094,1.627,5.337330000018028,4.676330000018034,0.661,50.0
S00009,IoT-GW,core-1,core,51,DONE,6.15271,6.16853,15.817393000361335,15.817393000361335,0.105,2.656,3.0563930003613358,1.793393000361334,1.263,10.0
S00009,IoT-GW,core-1,core,52,DONE,6.17892,6.20363,24.708282000119652,24.708282000119652,0.114,1.423,13.171282000119653,12.519282000119652,0.6519999999999999,10.0
S00003,UPF,core-1,core,41,DONE,6.1878,6.20558,17.77741999967475,17.77741999967475,0.08,2.975,4.722419999674749,4.074419999674749,0.6479999999999997,10.0
S00002,vRAN-DU,edge-B,edge,35,DONE,6.19421,6.20365,9.438135999971564,9.438135999971564,0.089,3.244,6.105135999971564,5.143135999971564,0.9619999999999997,0.0
S00005,IMS-CSCF,cloud-1,cloud,45,DONE,6.21995,6.27506,55.111341000156244,55.111341000156244,0.126,2.414,2.571341000156245,1.811341000156247,0.7599999999999998,50.0
S00002,vRAN-DU,edge-B,edge,36,DONE,6.23058,6.23595,5.36630199985666,5.36630199985666,0.103,3.512,1.7513019998566595,0.8253019998566593,0.9260000000000002,0.0
S00003,UPF,core-1,core,42,DONE,6.23506,6.25167,16.612440000244533,16.612440000244533,0.121,3.685,2.8064400002445318,1.5484400002445327,1.258,10.0
S00003,UPF,core-1,core,43,DONE,6.26611,6.28144,15.33346199994412,15.33346199994412,0.124,2.73,2.479461999944121,1.6724619999441206,0.8069999999999999,10.0
S00004,UPF,core-1,core,30,DONE,6.31879,6.33671,17.92141799978708,17.92141799978708,0.085,2.402,3.4344179997870814,2.3284179997870815,1.1059999999999999,12.0
S00002,vRAN-DU,edge-B,edge,37,DONE,6.31898,6.32318,4.20800199981386,4.20800199981386,0.092,2.9,1.2160019998138596,0.6830019998138597,0.5329999999999999,0.0
S00010,IoT-GW,core-1,core,28,DONE,6.32227,6.33782,15.54867100003321,15.54867100003321,0.052,0.963,2.533671000033209,2.017671000033209,0.516,12.0
S00009,IoT-GW,core-1,core,53,DONE,6.36612,6.38018,14.058867999665381,14.058867999665381,0.095,1.58,2.38386799966538,1.452867999665381,0.9309999999999998,10.0
S00001,vRAN-DU,edge-A,edge,34,DONE,6.38656,6.39114,4.584173000239389,4.584173000239389,0.097,3.15,1.337173000239389,0.6611730002393887,0.6760000000000002,0.0
S00003,UPF,core-1,core,44,DONE,6.38793,6.40294,15.008653000222694,15.008653000222694,0.121,2.237,2.650653000222693,1.9636530002226937,0.6869999999999998,10.0
S00005,IMS-CSCF,cloud-1,cloud,46,DONE,6.41731,6.47221,54.90119900014179,54.90119900014179,0.09,1.657,3.1541990001417872,2.5751990001417866,0.579,50.0
S00001,vRAN-DU,edge-A,edge,35,DONE,6.4278,6.43256,4.755918000228121,4.755918000228121,0.089,3.068,1.598918000228121,0.7549180002281206,0.8440000000000003,0.0
S00005,IMS-CSCF,cloud-1,cloud,47,DONE,6.44293,6.49874,55.8144810001977,55.8144810001977,0.086,2.035,3.6934810001977,2.101481000197701,1.592,50.0
S00007,Transcoder,cloud-1,cloud,19,DONE,6.44637,6.51148,65.11050000017349,65.11050000017349,0.073,11.21,3.8275000001734867,2.4995000001734837,1.3279999999999994,50.0
S00002,vRAN-DU,edge-B,edge,38,DONE,6.45276,6.45773,4.968631999872741,4.968631999872741,0.083,3.435,1.450631999872741,0.6436319998727411,0.8069999999999999,0.0
S00004,UPF,core-1,core,31,DONE,6.45716,6.47679,19.629465999969398,19.629465999969398,0.093,2.741,4.795465999969398,4.1504659999693985,0.645,12.0
S00006,IMS-CSCF,cloud-1,cloud,29,DONE,6.46097,6.51778,56.80522000011479,56.80522000011479,0.087,2.015,2.703220000114783,2.0392200001147884,0.6639999999999997,52.0
S00004,UPF,core-1,core,32,DONE,6.4634,6.49076,27.361997999832965,27.361997999832965,0.078,12.864,2.4199979998329653,1.913997999832965,0.5060000000000002,12.0
S00003,UPF,core-1,core,45,DONE,6.46674,6.48752,20.774706000338483,20.774706000338483,0.34,6.74,3.694706000338483,2.263706000338484,1.4309999999999992,10.0
S00004,UPF,core-1,core,33,DONE,6.49703,6.51442,17.392187000041304,17.392187000041304,0.129,2.814,2.449187000041304,1.3021870000413038,1.1469999999999998,12.0
S00009,IoT-GW,core-1,core,54,DONE,6.4984,6.51264,14.236720000099012,14.236720000099012,0.622,1.202,2.4127200000990126,1.3667200000990114,1.0460000000000003,10.0
S00010,IoT-GW,core-1,core,29,DONE,6.54207,6.55741,15.347195000231295,15.347195000231295,0.091,1.414,1.8421950002312961,1.1731950002312956,0.669,12.0
S00001,vRAN-DU,edge-A,edge,36,DONE,6.57775,6.58268,4.926260000047478,4.926260000047478,0.11,3.059,1.7572600000474776,0.9132600000474778,0.8439999999999999,0.0
S00005,IMS-CSCF,cloud-1,cloud,48,DONE,6.58899,6.64421,55.222432000391564,55.222432000391564,0.095,2.203,2.924432000391562,2.0704320003915626,0.8540000000000001,50.0
S00003,UPF,core-1,core,46,DONE,6.63445,6.64976,15.308860000004643,15.308860000004643,0.096,2.337,2.875860000004643,1.5108600000046426,1.3649999999999998,10.0
S00008,Transcoder,cloud-1,cloud,18,DONE,6.652,6.71421,62.204138999732095,62.204138999732095,0.127,6.123,3.954138999732095,2.7381389997320937,1.2160000000000002,52.0
S00001,vRAN-DU,edge-A,edge,37,DONE,6.65845,6.66385,5.40260199977638,5.40260199977638,0.095,3.184,2.1236019997763793,1.0186019997763793,1.105,0.0
S00002,vRAN-DU,edge-B,edge,39,DONE,6.66284,6.667,4.157183000188525,4.157183000188525,0.083,2.89,1.1841830001885243,0.5691830001885245,0.6149999999999998,0.0
S00006,IMS-CSCF,cloud-1,cloud,30,DONE,6.72057,6.77744,56.869354999889765,56.869354999889765,0.123,1.485,3.261354999889768,2.478354999889767,0.7829999999999999,52.0
S00005,IMS-CSCF,cloud-1,cloud,49,DONE,6.73098,6.78749,56.514843000059045,56.514843000059045,0.078,3.913,2.5238430000590455,1.7428430000590467,0.7810000000000006,50.0
S00006,IMS-CSCF,cloud-1,cloud,31,DONE,6.7524,6.80961,57.204812000236416,57.204812000236416,0.09,2.099,3.0158120002364157,2.2698120002364135,0.746,52.0
S00005,IMS-CSCF,cloud-1,cloud,50,DONE,6.80239,6.85742,55.03627600000982,55.03627600000982,0.095,1.715,3.2262760000098183,2.2152760000098226,1.0110000000000001,50.0
S00002,vRAN-DU,edge-B,edge,40,DONE,6.80279,6.80799,5.199473000175203,5.199473000175203,0.083,3.101,2.015473000175203,1.2424730001752033,0.7729999999999997,0.0
S00007,Transcoder,cloud-1,cloud,20,DONE,6.82398,6.88322,59.24018900032024,59.24018900032024,0.082,6.102,3.056189000320245,2.461189000320246,0.5949999999999998,50.0
S00004,UPF,core-1,core,34,DONE,6.84351,6.86045,16.932136999912473,16.932136999912473,0.085,2.038,2.8091369999124733,2.226136999912473,0.5830000000000002,12.0
S00006,IMS-CSCF,cloud-1,cloud,32,DONE,6.84897,6.90593,56.96214699992197,56.96214699992197,0.091,1.604,3.2671469999219696,2.6051469999219705,0.6620000000000001,52.0
S00010,IoT-GW,core-1,core,30,DONE,6.85866,6.87412,15.459575000022596,15.459575000022596,0.093,1.168,2.198575000022597,1.5345750000225955,0.6640000000000001,12.0
S00003,UPF,core-1,core,47,DONE,6.88323,6.89732,14.089324999986275,14.089324999986275,0.094,2.288,1.707324999986275,1.0473249999862748,0.6600000000000001,10.0
S00002,vRAN-DU,edge-B,edge,41,DONE,6.90717,6.91126,4.08497799980978,4.08497799980978,0.069,2.952,1.0639779998097803,0.5599779998097802,0.504,0.0
S00004,UPF,core-1,core,35,DONE,6.90857,6.92773,19.16334799989272,19.16334799989272,0.093,4.162,2.9083479998927224,2.1033479998927227,0.8049999999999997,12.0
S00010,IoT-GW,core-1,core,31,DONE,6.91254,6.92899,16.449314000055892,16.449314000055892,0.066,1.368,3.0153140000558913,2.168314000055892,0.847,12.0
S00003,UPF,core-1,core,48,DONE,6.93134,6.94561,14.264738999827387,14.264738999827387,0.152,2.255,1.8577389998273866,1.1297389998273868,0.7279999999999998,10.0
S00010,IoT-GW,core-1,core,32,DONE,6.95605,6.97225,16.201095999804238,16.201095999804238,0.095,1.43,2.6760959998042377,1.9910959998042372,0.685,12.0
S00004,UPF,core-1,core,36,DONE,6.9615,6.98324,21.73917700019956,21.73917700019956,0.121,7.122,2.4961770001995607,1.6541770001995602,0.8420000000000005,12.0
S00003,UPF,core-1,core,49,DONE,6.96388,6.98338,19.50056500027131,19.50056500027131,0.091,5.415,3.994565000271308,1.2825650002713083,2.7119999999999997,10.0
S00003,UPF,core-1,core,50,DONE,6.99073,7.00944,18.71345100016697,18.71345100016697,0.099,3.597,5.01745100016697,3.95345100016697,1.0639999999999996,10.0
S00007,Transcoder,cloud-1,cloud,21,DONE,6.99215,7.05253,60.38374399986424,60.38374399986424,0.086,6.481,3.8167439998642365,3.0597439998642386,0.7569999999999997,50.0
S00010,IoT-GW,core-1,core,33,DONE,7.00433,7.02014,15.811433999715518,15.811433999715518,0.102,1.395,2.3144339997155186,1.3804339997155175,0.9339999999999999,12.0
S00001,vRAN-DU,edge-A,edge,38,DONE,7.01571,7.02375,8.042742999805341,8.042742999805341,0.114,3.706,4.222742999805341,0.7047429998053412,3.5180000000000002,0.0
S00004,UPF,core-1,core,37,DONE,7.02145,7.03948,18.025614000180212,18.025614000180212,0.096,3.545,2.3846140001802123,1.4596140001802134,0.9249999999999998,12.0
S00005,IMS-CSCF,cloud-1,cloud,51,DONE,7.03006,7.08571,55.65199499960727,55.65199499960727,0.109,2.01,3.5329949996072685,2.7049949996072655,0.8280000000000003,50.0
S00003,UPF,core-1,core,51,DONE,7.04389,7.05885,14.959380000163947,14.959380000163947,0.193,2.379,2.3873800001639474,1.551380000163947,0.8359999999999999,10.0
S00003,UPF,core-1,core,52,DONE,7.05482,7.06936,14.543639999828883,14.543639999828883,0.086,2.716,1.7416399998288838,1.1286399998288843,0.613,10.0
S00004,UPF,core-1,core,38,DONE,7.05886,7.07515,16.280730000289623,16.280730000289623,0.092,2.341,1.8477300002896229,1.0627300002896227,0.7849999999999997,12.0
S00010,IoT-GW,core-1,core,34,DONE,7.07948,7.09493,15.450345999852289,15.450345999852289,0.094,1.433,1.9233459998522875,1.1793459998522877,0.7439999999999998,12.0
S00004,UPF,core-1,core,39,DONE,7.09919,7.11562,16.43135300037102,16.43135300037102,0.09,2.381,1.9603530003710183,1.2823530003710175,0.6780000000000004,12.0
S00005,IMS-CSCF,cloud-1,cloud,52,DONE,7.10466,7.16063,55.9769450001113,55.9769450001113,0.09,3.396,2.490945000111303,1.6149450001112982,0.8760000000000003,50.0
S00004,UPF,core-1,core,40,DONE,7.12296,7.14018,17.2211399999469,17.2211399999469,0.156,2.772,2.2931399999468987,1.3751399999468994,0.9180000000000001,12.0
S00002,vRAN-DU,edge-B,edge,42,DONE,7.14245,7.14751,5.0616869998521,5.0616869998521,0.089,3.437,1.5356869998520999,0.7036869998521,0.8319999999999999,0.0
S00003,UPF,core-1,core,53,DONE,7.17614,7.19148,15.345686000273417,15.345686000273417,0.121,2.842,2.3826860002734165,1.3796860002734164,1.0030000000000001,10.0
S00002,vRAN-DU,edge-B,edge,43,DONE,7.19678,7.2015,4.715705000307935,4.715705000307935,0.072,2.989,1.6547050003079349,0.7937050003079347,0.8610000000000002,0.0
S00002,vRAN-DU,edge-B,edge,44,DONE,7.21889,7.23448,15.584461000344163,15.584461000344163,0.092,13.322,2.1704610003441633,1.2124610003441632,0.9580000000000002,0.0
S00010,IoT-GW,core-1,core,35,DONE,7.24302,7.25822,15.200600000298436,15.200600000298436,0.114,0.994,2.092600000298436,1.3626000002984355,0.73,12.0
S00003,UPF,core-1,core,54,DONE,7.24351,7.25797,14.463718000115477,14.463718000115477,0.092,2.269,2.102718000115477,1.3407180001154764,0.762,10.0
S00005,IMS-CSCF,cloud-1,cloud,53,DONE,7.33255,7.38719,54.63300599967624,54.63300599967624,0.092,1.597,2.944005999676243,2.153005999676246,0.7909999999999999,50.0
S00003,UPF,core-1,core,55,DONE,7.34531,7.36088,15.569723000226077,15.569723000226077,0.114,2.525,2.9307230002260773,1.8717230002260763,1.0590000000000002,10.0
S00003,UPF,core-1,core,56,DONE,7.3518,7.36675,14.951207999729377,14.951207999729377,0.127,2.534,2.290207999729377,1.646207999729377,0.6440000000000006,10.0
S00002,vRAN-DU,edge-B,edge,45,DONE,7.36313,7.36757,4.441341000074317,4.441341000074317,0.089,2.911,1.441341000074317,0.7223410000743171,0.7189999999999999,0.0
S00005,IMS-CSCF,cloud-1,cloud,54,DONE,7.3688,7.42588,57.08229299989398,57.08229299989398,0.097,4.222,2.7632929998939773,2.115292999893981,0.6479999999999988,50.0
S00001,vRAN-DU,edge-A,edge,39,DONE,7.37214,7.37649,4.350269000042317,4.350269000042317,0.089,3.08,1.1812690000423172,0.610269000042317,0.5710000000000002,0.0
S00009,IoT-GW,core-1,core,55,DONE,7.38848,7.40169,13.207349999902362,13.207349999902362,0.086,1.232,1.8893499999023629,1.1393499999023629,0.75,10.0
S00002,vRAN-DU,edge-B,edge,46,DONE,7.39294,7.39948,6.533009000122547,6.533009000122547,0.098,4.969,1.466009000122547,0.7300090001225472,0.7359999999999998,0.0
S00010,IoT-GW,core-1,core,36,DONE,7.407,7.42316,16.167605000191543,16.167605000191543,0.18,1.731,2.256605000191543,1.5586050001915428,0.698,12.0
S00003,UPF,core-1,core,57,DONE,7.41349,7.42916,15.670693000174651,15.670693000174651,0.11,2.813,2.7476930001746513,1.9366930001746514,0.8109999999999999,10.0
S00004,UPF,core-1,core,41,DONE,7.42562,7.44341,17.790926000088803,17.790926000088803,0.122,3.284,2.3849260000888037,1.5189260000888023,0.8660000000000005,12.0
S00002,vRAN-DU,edge-B,edge,47,DONE,7.44472,7.45105,6.330024999897432,6.330024999897432,0.123,4.508,1.699024999897432,0.7860249998974327,0.9129999999999994,0.0
S00004,UPF,core-1,core,42,DONE,7.49657,7.51511,18.53475100006108,18.53475100006108,0.098,2.84,3.5967510000610794,2.788751000061078,0.8080000000000003,12.0
S00001,vRAN-DU,edge-A,edge,40,DONE,7.52945,7.53481,5.35436199970718,5.35436199970718,0.102,3.69,1.5623619997071803,0.75036199970718,0.8120000000000003,0.0
S00003,UPF,core-1,core,58,DONE,7.54514,7.56356,18.420411000079184,18.420411000079184,0.184,6.092,2.1444110000791845,1.4044110000791843,0.7400000000000002,10.0
S00006,IMS-CSCF,cloud-1,cloud,33,DONE,7.55958,7.61768,58.09571899999355,58.09571899999355,0.093,1.671,4.331718999993548,3.439718999993552,0.8920000000000001,52.0
S00007,Transcoder,cloud-1,cloud,22,DONE,7.62095,7.68067,59.72496599997612,59.72496599997612,0.082,6.302,3.3409659999761203,2.406965999976123,0.9340000000000002,50.0
S00009,IoT-GW,core-1,core,56,DONE,7.64352,7.66136,17.84210699997857,17.84210699997857,0.092,3.533,4.217106999978569,3.543106999978569,0.6740000000000004,10.0
S00002,vRAN-DU,edge-B,edge,48,DONE,7.64489,7.65003,5.138341000019864,5.138341000019864,0.089,3.325,1.7243410000198636,1.0343410000198636,0.69,0.0
S00005,IMS-CSCF,cloud-1,cloud,55,DONE,7.66561,7.72044,54.82487800009039,54.82487800009039,0.112,1.528,3.184878000090393,2.5008780000903954,0.6839999999999997,50.0
S00010,IoT-GW,core-1,core,37,DONE,7.66897,7.68546,16.49108499987051,16.49108499987051,0.105,1.856,2.5300849998705086,1.5410849998705096,0.9890000000000001,12.0
S00005,IMS-CSCF,cloud-1,cloud,56,DONE,7.70476,7.75814,53.37594899992837,53.37594899992837,0.098,1.368,1.9099489999283676,1.2619489999283715,0.6479999999999997,50.0
S00010,IoT-GW,core-1,core,38,DONE,7.70617,7.72155,15.378086000055191,15.378086000055191,0.091,1.561,1.7260860000551919,0.9940860000551908,0.732,12.0
S00002,vRAN-DU,edge-B,edge,49,DONE,7.73181,7.73831,6.499055999938719,6.499055999938719,0.088,3.242,3.1690559999387187,1.742055999938719,1.4269999999999996,0.0
S00004,UPF,core-1,core,43,DONE,7.7395,7.7558,16.300189000048704,16.300189000048704,0.096,2.198,2.0061890000487033,1.293189000048704,0.7130000000000001,12.0
S00001,vRAN-DU,edge-A,edge,41,DONE,7.75709,7.76395,6.860700999823166,6.860700999823166,0.122,4.888,1.8507009998231663,0.8517009998231657,0.9990000000000006,0.0
S00004,UPF,core-1,core,44,DONE,7.76736,7.7842,16.845166999701178,16.845166999701178,0.119,2.456,2.2701669997011784,1.4971669997011787,0.7729999999999997,12.0
S00008,Transcoder,cloud-1,cloud,19,DONE,7.76761,7.8338,66.18140999989919,66.18140999989919,0.126,10.605,3.450409999899186,2.3914099998991887,1.0589999999999993,52.0
S00007,Transcoder,cloud-1,cloud,23,DONE,7.78853,7.85192,63.385090000338096,63.385090000338096,0.088,10.82,2.4770900003380945,1.4980900003380953,0.979000000000001,50.0
S00004,UPF,core-1,core,45,DONE,7.79399,7.81338,19.39005400026872,19.39005400026872,0.118,4.409,2.8630540002687184,1.8600540002687183,1.0030000000000001,12.0
S00010,IoT-GW,core-1,core,39,DONE,7.79427,7.81337,19.09651300002224,19.09651300002224,0.184,4.283,2.629513000022241,1.860513000022241,0.7689999999999992,12.0
S00006,IMS-CSCF,cloud-1,cloud,34,DONE,7.83716,7.89572,58.554269000069326,58.554269000069326,0.296,2.482,3.776269000069327,2.7782690000693293,0.9979999999999998,52.0
S00010,IoT-GW,core-1,core,40,DONE,7.87539,7.89251,17.119492999881913,17.119492999881913,1.389,1.622,2.108492999881914,1.3014929998819138,0.8069999999999999,12.0
S00001,vRAN-DU,edge-A,edge,42,DONE,7.87793,7.88318,5.250756999885198,5.250756999885198,0.138,3.315,1.7977569998851979,0.8517569998851977,0.9460000000000002,0.0
S00003,UPF,core-1,core,59,DONE,7.906,7.92252,16.523069999948348,16.523069999948348,0.214,4.267,2.042069999948346,1.348069999948347,0.6939999999999991,10.0
S00009,IoT-GW,core-1,core,57,DONE,7.90616,7.9225,16.343377999874065,16.343377999874065,0.243,3.044,3.0563779998740657,2.3033779998740656,0.7530000000000001,10.0
S00005,IMS-CSCF,cloud-1,cloud,57,DONE,7.98094,8.03596,55.02013300019826,55.02013300019826,0.092,2.421,2.507133000198259,1.8961330001982546,0.6110000000000002,50.0
S00008,Transcoder,cloud-1,cloud,20,DONE,7.99152,8.0544,62.88551199986614,62.88551199986614,0.075,6.616,4.194511999866137,3.5805119998661397,0.6139999999999999,52.0
S00004,UPF,core-1,core,46,DONE,8.00476,8.02247,17.705837999983487,17.705837999983487,0.087,3.289,2.3298379999834857,1.6098379999834869,0.7199999999999998,12.0
S00003,UPF,core-1,core,60,DONE,8.0092,8.02464,15.440441999999166,15.440441999999166,0.048,3.206,2.1864419999991664,1.3624419999991666,0.8240000000000003,10.0
S00002,vRAN-DU,edge-B,edge,50,DONE,8.03494,8.03964,4.699262000031013,4.699262000031013,0.111,3.048,1.5402620000310123,0.7562620000310125,0.7839999999999998,0.0
S00009,IoT-GW,core-1,core,58,DONE,8.06275,8.07695,14.198653999756061,14.198653999756061,0.104,1.776,2.3186539997560605,1.4146539997560623,0.9039999999999997,10.0
S00007,Transcoder,cloud-1,cloud,24,DONE,8.08028,8.13892,58.635832000163646,58.635832000163646,0.128,6.677,1.830832000163646,0.9448320001636432,0.8860000000000001,50.0
S00001,vRAN-DU,edge-A,edge,43,DONE,8.10878,8.1157,6.922216000020853,6.922216000020853,0.101,5.079,1.7422160000208535,0.751216000020853,0.9910000000000005,0.0
S00002,vRAN-DU,edge-B,edge,51,DONE,8.1102,8.11705,6.8556989999706275,6.8556989999706275,0.082,3.686,3.0876989999706277,1.5896989999706275,1.4980000000000002,0.0
S00010,IoT-GW,core-1,core,41,DONE,8.12838,8.14409,15.713721999873087,15.713721999873087,0.09,1.498,2.125721999873086,1.306721999873087,0.819,12.0
S00005,IMS-CSCF,cloud-1,cloud,58,DONE,8.13679,8.19216,55.3723779999018,55.3723779999018,0.479,2.384,2.509377999901801,1.7283779999018023,0.7810000000000001,50.0
S00009,IoT-GW,core-1,core,59,DONE,8.13836,8.15256,14.204449999851931,14.204449999851931,0.149,1.323,2.732449999851932,1.3394499998519311,1.3930000000000002,10.0
S00010,IoT-GW,core-1,core,42,DONE,8.16394,8.18326,19.315356999868527,19.315356999868527,0.088,4.581,2.6463569998685266,2.0883569998685267,0.5579999999999998,12.0
S00009,IoT-GW,core-1,core,60,DONE,8.17575,8.1889,13.15013600014936,13.15013600014936,0.128,1.116,1.9061360001493597,1.1731360001493591,0.7329999999999999,10.0
S00008,Transcoder,cloud-1,cloud,21,DONE,8.18861,8.25179,63.17703900003835,63.17703900003835,0.073,6.51,4.59403900003835,3.5330390000383503,1.061,52.0
S00009,IoT-GW,core-1,core,61,DONE,8.22952,8.24283,13.307332000294991,13.307332000294991,0.096,1.223,1.9883320002949905,1.107332000294992,0.881,10.0
S00006,IMS-CSCF,cloud-1,cloud,35,DONE,8.232,8.28917,57.171348000338185,57.171348000338185,0.107,1.537,3.5273480003381863,2.693348000338183,0.8340000000000003,52.0
S00001,vRAN-DU,edge-A,edge,44,DONE,8.23634,8.24051,4.165050000210613,4.165050000210613,0.083,2.904,1.1780500002106127,0.6580500002106127,0.52,0.0
S00001,vRAN-DU,edge-A,edge,45,DONE,8.24713,8.25357,6.447809999826859,6.447809999826859,0.094,5.054,1.2998099998268584,0.6858099998268594,0.613999999999999,0.0
S00003,UPF,core-1,core,61,DONE,8.2506,8.2657,15.108978999705869,15.108978999705869,0.116,2.36,2.6329789997058697,1.9779789997058685,0.6549999999999998,10.0
S00010,IoT-GW,core-1,core,43,DONE,8.30687,8.32279,15.919855999982246,15.919855999982246,0.099,1.365,2.455855999982246,1.5058559999822467,0.9500000000000002,12.0
S00006,IMS-CSCF,cloud-1,cloud,36,DONE,8.33923,8.39769,58.46566700029143,58.46566700029143,0.106,1.569,4.790667000291435,3.4656670002914325,1.325,52.0
S00005,IMS-CSCF,cloud-1,cloud,59,DONE,8.35183,8.40783,56.002988000273035,56.002988000273035,0.086,1.926,3.9909880002730347,3.1709880002730344,0.8199999999999998,50.0
S00009,IoT-GW,core-1,core,62,DONE,8.35209,8.36551,13.427260000298702,13.427260000298702,0.096,1.362,1.9692600002987017,1.2642600002987017,0.7049999999999996,10.0
S00003,UPF,core-1,core,62,DONE,8.39296,8.40775,14.793044999805716,14.793044999805716,0.172,2.372,2.249044999805715,1.4700449998057152,0.7789999999999999,10.0
S00009,IoT-GW,core-1,core,63,DONE,8.44528,8.45907,13.791508999929647,13.791508999929647,0.097,1.331,2.363508999929646,1.5305089999296477,0.8330000000000002,10.0
S00005,IMS-CSCF,cloud-1,cloud,60,DONE,8.47352,8.52828,54.75519699984943,54.75519699984943,0.083,1.923,2.7491969998494312,2.101196999849435,0.6479999999999997,50.0
S00010,IoT-GW,core-1,core,44,DONE,8.49898,8.51555,16.57087900002807,16.57087900002807,0.089,1.239,3.242879000028072,2.611879000028072,0.631,12.0
S00009,IoT-GW,core-1,core,64,DONE,8.50341,8.51638,12.971062999895366,12.971062999895366,0.073,1.138,1.760062999895366,1.0360629998953659,0.7240000000000002,10.0
S00010,IoT-GW,core-1,core,45,DONE,8.50478,8.51991,15.13135000004695,15.13135000004695,0.06,1.058,2.01335000004695,1.5503500000469508,0.46299999999999986,12.0
S00006,IMS-CSCF,cloud-1,cloud,37,DONE,8.54377,8.60156,57.797811000000365,57.797811000000365,0.086,1.649,4.062811000000366,3.204811000000362,0.8579999999999999,52.0
S00010,IoT-GW,core-1,core,46,DONE,8.55838,8.57388,15.496113000153855,15.496113000153855,0.096,1.315,2.0851130001538554,1.4181130001538556,0.6669999999999998,12.0
S00009,IoT-GW,core-1,core,65,DONE,8.63199,8.64583,13.839976999861392,13.839976999861392,0.099,1.28,2.4609769998613924,1.6789769998613924,0.782,10.0
S00005,IMS-CSCF,cloud-1,cloud,61,DONE,8.67026,8.72537,55.10476800009201,55.10476800009201,0.095,2.032,2.9777680000920057,2.4237680000920108,0.5539999999999998,50.0
S00001,vRAN-DU,edge-A,edge,46,DONE,8.67166,8.67613,4.471331999866379,4.471331999866379,0.096,2.88,1.4953319998663792,0.9193319998663791,0.5760000000000001,0.0
S00006,IMS-CSCF,cloud-1,cloud,38,DONE,8.67837,8.73489,56.5255880001132,56.5255880001132,0.102,1.219,3.2045880001132048,2.6975880001131998,0.5069999999999999,52.0
S00007,Transcoder,cloud-1,cloud,25,DONE,8.67854,8.74024,61.700384999767266,61.700384999767266,0.078,8.285,3.3373849997672664,2.8703849997672677,0.4670000000000005,50.0
S00001,vRAN-DU,edge-A,edge,47,DONE,8.68588,8.69035,4.471103000014409,4.471103000014409,0.08,3.199,1.1921030000144093,0.6591030000144094,0.5329999999999999,0.0
S00004,UPF,core-1,core,47,DONE,8.71766,8.73362,15.963449000082619,15.963449000082619,0.091,2.122,1.750449000082618,1.08344900008262,0.6669999999999998,12.0
S00006,IMS-CSCF,cloud-1,cloud,39,DONE,8.71782,8.77506,57.23640899987004,57.23640899987004,0.087,1.609,3.5404089998700385,2.7904089998700385,0.7500000000000002,52.0
S00003,UPF,core-1,core,63,DONE,8.76965,8.78434,14.693461999740975,14.693461999740975,0.127,2.317,2.2494619997409764,1.4754619997409755,0.774,10.0
S00010,IoT-GW,core-1,core,47,DONE,8.79468,8.81101,16.32271199969182,16.32271199969182,0.097,1.269,2.9567119996918194,2.2087119996918183,0.748,12.0
S00006,IMS-CSCF,cloud-1,cloud,40,DONE,8.79966,8.85596,56.29652800007534,56.29652800007534,0.161,1.852,2.283528000075343,1.431528000075339,0.8520000000000003,52.0
S00005,IMS-CSCF,cloud-1,cloud,62,DONE,8.82155,8.87636,54.813688000194816,54.813688000194816,0.098,1.674,3.041688000194817,2.210688000194814,0.8310000000000002,50.0
S00006,IMS-CSCF,cloud-1,cloud,41,DONE,8.8262,8.88339,57.19688299996051,57.19688299996051,0.092,2.136,2.968882999960506,2.19588299996051,0.7729999999999997,52.0
S00002,vRAN-DU,edge-B,edge,52,DONE,8.85379,8.8598,6.010857999626751,6.010857999626751,0.099,4.391,1.5208579996267506,0.7808579996267504,0.7400000000000002,0.0
S00006,IMS-CSCF,cloud-1,cloud,42,DONE,8.85522,8.9135,58.280452999952104,58.280452999952104,0.123,1.922,4.235452999952102,3.283452999952104,0.952,52.0
S00007,Transcoder,cloud-1,cloud,26,DONE,8.87013,8.92883,58.700799999769515,58.700799999769515,0.089,6.125,2.4867999997695165,1.694799999769515,0.7919999999999998,50.0
S00001,vRAN-DU,edge-A,edge,48,DONE,8.8918,8.89668,4.8809770000843855,4.8809770000843855,0.095,3.091,1.6949770000843851,0.7209770000843854,0.9739999999999998,0.0
S00009,IoT-GW,core-1,core,66,DONE,8.91311,8.92782,14.704158000313328,14.704158000313328,0.414,1.26,3.030158000313328,2.3881580003133287,0.6419999999999999,10.0
S00001,vRAN-DU,edge-A,edge,49,DONE,8.9158,8.92031,4.509965999659471,4.509965999659471,0.105,3.101,1.303965999659471,0.690965999659471,0.613,0.0
S00003,UPF,core-1,core,64,DONE,8.93322,8.94792,14.701365000291844,14.701365000291844,0.115,2.316,2.270365000291843,1.438365000291844,0.8319999999999999,10.0
S00005,IMS-CSCF,cloud-1,cloud,63,DONE,8.93565,8.99144,55.790424999941024,55.790424999941024,0.09,2.148,3.5524249999410245,2.780424999941026,0.7719999999999998,50.0
S00007,Transcoder,cloud-1,cloud,27,DONE,8.95428,9.01332,59.04406599984213,59.04406599984213,0.109,6.336,2.599065999842132,1.7890659998421299,0.8099999999999996,50.0
S00004,UPF,core-1,core,48,DONE,8.9588,8.97658,17.780495999886625,17.780495999886625,0.093,3.624,2.0634959998866247,1.399495999886625,0.6640000000000001,12.0
S00009,IoT-GW,core-1,core,67,DONE,8.98288,8.99782,14.94299299974955,14.94299299974955,0.123,2.615,2.2049929997495497,1.5119929997495483,0.6929999999999996,10.0
S00009,IoT-GW,core-1,core,68,DONE,9.00585,9.02031,14.465329999893584,14.465329999893584,0.111,1.684,2.6703299998935837,1.9963299998935842,0.6739999999999999,10.0
S00007,Transcoder,cloud-1,cloud,28,DONE,9.01458,9.07469,60.11204099968381,60.11204099968381,0.103,6.699,3.310040999683814,2.1310409996838118,1.1790000000000003,50.0
S00004,UPF,core-1,core,49,DONE,9.04763,9.06542,17.794257999867114,17.794257999867114,0.09,3.548,2.1562579998671136,1.4352579998671136,0.7210000000000001,12.0
S00006,IMS-CSCF,cloud-1,cloud,43,DONE,9.05412,9.11268,58.565346999785106,58.565346999785106,0.115,2.907,3.5433469997851077,2.610346999785108,0.9329999999999998,52.0
S00001,vRAN-DU,edge-A,edge,50,DONE,9.08196,9.08723,5.2704999998240964,5.2704999998240964,0.102,2.908,2.2604999998240967,0.7004999998240962,1.5600000000000005,0.0
S00002,vRAN-DU,edge-B,edge,53,DONE,9.09791,9.10418,6.272240999805945,6.272240999805945,0.082,4.606,1.584240999805945,0.8762409998059448,0.7080000000000002,0.0
S00001,vRAN-DU,edge-A,edge,51,DONE,9.14411,9.14929,5.178577000151563,5.178577000151563,0.112,3.489,1.577577000151563,0.8365770001515633,0.7409999999999997,0.0
S00006,IMS-CSCF,cloud-1,cloud,44,DONE,9.14679,9.20532,58.527566000066145,58.527566000066145,0.114,2.005,4.408566000066145,2.3355660000661445,2.0730000000000004,52.0
S00002,vRAN-DU,edge-B,edge,54,DONE,9.15459,9.1627,8.117921000120987,8.117921000120987,0.078,5.848,2.1919210001209866,0.7799210001209866,1.412,0.0
S00006,IMS-CSCF,cloud-1,cloud,45,DONE,9.21969,9.28062,60.929981999834126,60.929981999834126,0.097,2.011,6.821981999834129,5.883981999834127,0.9379999999999997,52.0
S00005,IMS-CSCF,cloud-1,cloud,64,DONE,9.28063,9.33637,55.734266999934334,55.734266999934334,0.112,1.938,3.684266999934337,2.6552669999343337,1.0290000000000004,50.0
S00008,Transcoder,cloud-1,cloud,22,DONE,9.2847,9.34926,64.56083000011859,64.56083000011859,0.275,7.927,4.358830000118587,3.3508300001185845,1.008000000000001,52.0
S00009,IoT-GW,core-1,core,69,DONE,9.31418,9.32951,15.333141000155592,15.333141000155592,0.118,1.825,3.3901410001555927,2.436141000155592,0.9539999999999997,10.0
S00010,IoT-GW,core-1,core,48,DONE,9.34178,9.35837,16.58462499972302,16.58462499972302,0.101,1.346,3.1376249997230197,2.2386249997230188,0.899,12.0
S00001,vRAN-DU,edge-A,edge,52,DONE,9.36066,9.3667,6.038120000084746,6.038120000084746,0.092,4.242,1.704120000084746,0.7791200000847454,0.9250000000000007,0.0
S00010,IoT-GW,core-1,core,49,DONE,9.38306,9.39979,16.72611699996196,16.72611699996196,0.114,1.903,2.70911699996196,1.7781169999619593,0.931,12.0
S00003,UPF,core-1,core,65,DONE,9.40516,9.42156,16.400390999933734,16.400390999933734,0.123,3.521,2.7563909999337337,1.5393909999337332,1.2169999999999996,10.0
S00005,IMS-CSCF,cloud-1,cloud,65,DONE,9.45919,9.51484,55.645085999913135,55.645085999913135,0.167,2.557,2.9210859999131387,1.8840859999131325,1.0370000000000004,50.0
S00009,IoT-GW,core-1,core,70,DONE,9.46998,9.48443,14.45203399998718,14.45203399998718,0.125,1.469,2.85803399998718,1.8800339999871802,0.978,10.0
S00006,IMS-CSCF,cloud-1,cloud,46,DONE,9.50214,9.56097,58.82201800022813,58.82201800022813,0.169,2.237,4.416018000228128,3.5330180002281253,0.883,52.0
S00008,Transcoder,cloud-1,cloud,23,DONE,9.5097,9.57239,62.696429999959946,62.696429999959946,0.115,7.779,2.802429999959948,2.010429999959946,0.7919999999999998,52.0
S00006,IMS-CSCF,cloud-1,cloud,47,DONE,9.5604,9.6179,57.50544500006072,57.50544500006072,0.162,1.607,3.7364450000607192,3.011445000060718,0.7250000000000003,52.0
S00003,UPF,core-1,core,66,DONE,9.57772,9.59525,17.530251999687607,17.530251999687607,0.122,3.956,3.4522519996876078,2.3812519996876063,1.0709999999999997,10.0
S00003,UPF,core-1,core,67,DONE,9.58632,9.60336,17.038718000094377,17.038718000094377,0.089,3.509,3.4407180000943782,2.5767180000943775,0.8639999999999999,10.0
S00002,vRAN-DU,edge-B,edge,55,DONE,9.61792,9.62435,6.434209999952145,6.434209999952145,0.16,4.377,1.8972099999521452,0.9172099999521448,0.9800000000000004,0.0
S00006,IMS-CSCF,cloud-1,cloud,48,DONE,9.62559,9.68377,58.176893000108976,58.176893000108976,0.089,1.668,4.419893000108978,3.607893000108973,0.812,52.0
S00009,IoT-GW,core-1,core,71,DONE,9.68923,9.70349,14.263240000218502,14.263240000218502,0.133,1.802,2.3282400002185017,1.3602400002185018,0.968,10.0
S00003,UPF,core-1,core,68,DONE,9.82789,9.84829,20.390279999901395,20.390279999901395,0.119,6.675,3.5962799999013946,1.6942799999013953,1.9020000000000001,10.0
S00004,UPF,core-1,core,50,DONE,9.84266,9.85933,16.67256600012479,16.67256600012479,0.103,2.503,2.066566000124789,1.2815660001247888,0.7849999999999997,12.0
S00003,UPF,core-1,core,69,DONE,9.85657,9.87194,15.365751999979693,15.365751999979693,0.09,2.408,2.867751999979694,2.183751999979693,0.6840000000000002,10.0
S00009,IoT-GW,core-1,core,72,DONE,9.85842,9.87192,13.502870999673178,13.502870999673178,0.065,0.868,2.569870999673178,1.9138709996731773,0.6559999999999999,10.0
S00005,IMS-CSCF,cloud-1,cloud,66,DONE,9.85854,9.91508,56.53697000025204,56.53697000025204,0.171,2.197,4.168970000252038,3.1409700002520395,1.028,50.0
S00003,UPF,core-1,core,70,DONE,9.93955,9.95456,15.015277999737009,15.015277999737009,0.095,2.464,2.456277999737008,1.6982779997370088,0.758,10.0
S00003,UPF,core-1,core,71,DONE,9.95685,9.97149,14.643358999819611,14.643358999819611,0.125,2.324,2.1943589998196114,1.4263589998196107,0.7680000000000002,10.0
S00001,vRAN-DU,edge-A,edge,53,DONE,9.99885,10.00356,4.709174000254279,4.709174000254279,0.093,3.083,1.533174000254279,0.8311740002542791,0.702,0.0
S00001,vRAN-DU,edge-A,edge,54,DONE,10.01573,10.02221,6.486794000011287,6.486794000011287,0.15,4.551,1.7857940000112862,0.9007940000112864,0.8849999999999998,0.0
S00005,IMS-CSCF,cloud-1,cloud,67,DONE,10.03264,10.08679,54.14650700004131,54.14650700004131,0.127,1.667,2.3525070000413137,1.6295070000413077,0.7229999999999999,50.0
S00010,IoT-GW,core-1,core,50,DONE,10.04827,10.0641,15.826593000383582,15.826593000383582,0.131,1.347,2.348593000383582,1.3125930003835826,1.0359999999999998,12.0
S00008,Transcoder,cloud-1,cloud,24,DONE,10.07642,10.13839,61.96926400025404,61.96926400025404,0.111,6.694,3.164264000254043,1.857264000254041,1.3070000000000004,52.0
S00010,IoT-GW,core-1,core,51,DONE,10.09739,10.11898,21.58889399970576,21.58889399970576,0.251,6.416,2.921893999705759,2.1078939997057606,0.8139999999999992,12.0
S00004,UPF,core-1,core,51,DONE,10.09768,10.11896,21.287065999786137,21.287065999786137,0.136,5.448,3.703065999786137,2.6560659997861364,1.0469999999999997,12.0
S00003,UPF,core-1,core,72,DONE,10.11513,10.13004,14.90257199975531,14.90257199975531,0.112,2.43,2.36057199975531,1.5925719997553092,0.7679999999999998,10.0
S00003,UPF,core-1,core,73,DONE,10.13005,10.14595,15.899016999810556,15.899016999810556,0.139,3.773,1.9870169998105567,1.2050169998105567,0.782,10.0
S00010,IoT-GW,core-1,core,52,DONE,10.13961,10.15654,16.933768999933818,16.933768999933818,0.091,2.905,1.9377689999338177,1.239768999933819,0.698,12.0
S00007,Transcoder,cloud-1,cloud,29,DONE,10.15123,10.2094,58.175128999664594,58.175128999664594,0.09,6.184,1.9011289996645928,1.106128999664591,0.7949999999999999,50.0
S00002,vRAN-DU,edge-B,edge,56,DONE,10.16381,10.16843,4.6216219998314045,4.6216219998314045,0.087,2.96,1.5746219998314044,0.8836219998314045,0.6909999999999998,0.0
S00006,IMS-CSCF,cloud-1,cloud,49,DONE,10.17471,10.2316,56.89476899988222,56.89476899988222,0.106,1.692,3.096768999882215,2.2917689998822155,0.8050000000000002,52.0
S00002,vRAN-DU,edge-B,edge,57,DONE,10.20529,10.2115,6.208990999766684,6.208990999766684,0.108,4.665,1.435990999766684,0.7889909997666837,0.6470000000000002,0.0
S00009,IoT-GW,core-1,core,73,DONE,10.21151,10.22535,13.84000100006233,13.84000100006233,0.094,1.609,2.1370010000623303,1.4840010000623298,0.6529999999999998,10.0
S00005,IMS-CSCF,cloud-1,cloud,68,DONE,10.2159,10.27246,56.5571820002333,56.5571820002333,0.094,2.149,4.314182000233295,3.1231820002332995,1.1910000000000003,50.0
S00006,IMS-CSCF,cloud-1,cloud,50,DONE,10.22757,10.28498,57.4084119998588,57.4084119998588,0.094,1.952,3.3624119998588,2.507411999858803,0.855,52.0
S00004,UPF,core-1,core,52,DONE,10.25586,10.27286,16.996649000248,16.996649000248,0.112,2.337,2.547649000247999,1.601649000247999,0.9459999999999997,12.0
S00009,IoT-GW,core-1,core,74,DONE,10.27039,10.28431,13.91582099995503,13.91582099995503,0.132,1.516,2.267820999955031,1.6088209999550305,0.6589999999999998,10.0
S00008,Transcoder,cloud-1,cloud,25,DONE,10.28318,10.3444,61.223672999858536,61.223672999858536,0.091,6.234,2.898672999858533,1.9076729998585336,0.9909999999999997,52.0
S00007,Transcoder,cloud-1,cloud,30,DONE,10.2862,10.34697,60.776709000037954,60.776709000037954,0.084,7.884,2.8087090000379504,2.0157090000379583,0.7929999999999993,50.0
S00005,IMS-CSCF,cloud-1,cloud,69,DONE,10.31067,10.36647,55.80002700025943,55.80002700025943,0.098,1.787,3.9150270002594354,2.9480270002594366,0.9669999999999999,50.0
S00010,IoT-GW,core-1,core,53,DONE,10.31412,10.33174,17.621816999962903,17.621816999962903,0.122,1.382,4.117816999962901,3.4348169999629032,0.6829999999999998,12.0
S00004,UPF,core-1,core,53,DONE,10.35547,10.37279,17.32631599998058,17.32631599998058,0.091,2.555,2.6803159999805786,1.9123159999805797,0.7679999999999998,12.0
S00006,IMS-CSCF,cloud-1,cloud,51,DONE,10.35567,10.41352,57.850038000196946,57.850038000196946,0.133,2.568,3.1490380001969456,2.371038000196947,0.778,52.0
S00002,vRAN-DU,edge-B,edge,58,DONE,10.35698,10.36152,4.541656000128569,4.541656000128569,0.097,3.1,1.3446560001285688,0.6586560001285688,0.6859999999999999,0.0
S00001,vRAN-DU,edge-A,edge,55,DONE,10.38012,10.38536,5.23862599993663,5.23862599993663,0.349,3.174,1.7156259999366306,0.9556259999366299,0.7600000000000007,0.0
S00002,vRAN-DU,edge-B,edge,59,DONE,10.38464,10.38982,5.178826000246772,5.178826000246772,0.092,3.344,1.7428260002467724,1.028826000246772,0.7140000000000004,0.0
S00005,IMS-CSCF,cloud-1,cloud,70,DONE,10.41019,10.46641,56.223061999844504,56.223061999844504,0.143,1.897,4.183061999844504,3.3590619998445064,0.8239999999999998,50.0
S00004,UPF,core-1,core,54,DONE,10.42389,10.44272,18.829253999683715,18.829253999683715,0.1,3.902,2.827253999683716,1.781253999683715,1.0460000000000003,12.0
S00001,vRAN-DU,edge-A,edge,56,DONE,10.45143,10.45721,5.785271000149805,5.785271000149805,0.178,3.801,1.8062710001498052,0.9122710001498051,0.8940000000000001,0.0
S00005,IMS-CSCF,cloud-1,cloud,71,DONE,10.4627,10.5182,55.508066000129475,55.508066000129475,0.077,1.833,3.598066000129478,2.7720660001294775,0.8260000000000003,50.0
S00005,IMS-CSCF,cloud-1,cloud,72,DONE,10.47071,10.52647,55.76001700001143,55.76001700001143,0.181,2.409,3.170017000011427,2.5260170000114286,0.6440000000000001,50.0
S00006,IMS-CSCF,cloud-1,cloud,52,DONE,10.48157,10.54017,58.59753000004275,58.59753000004275,0.086,2.333,4.178530000042755,2.1335300000427537,2.0450000000000004,52.0
S00009,IoT-GW,core-1,core,75,DONE,10.48831,10.50313,14.826970000285655,14.826970000285655,0.186,1.445,3.195970000285655,2.2689700002856554,0.9269999999999998,10.0
S00008,Transcoder,cloud-1,cloud,26,DONE,10.49382,10.55766,63.83612900026492,63.83612900026492,0.088,7.741,4.007129000264918,3.12512900026492,0.8820000000000006,52.0
S00003,UPF,core-1,core,74,DONE,10.50324,10.5252,21.964733000004344,21.964733000004344,0.657,3.935,7.372733000004345,6.3177330000043455,1.0549999999999997,10.0
S00006,IMS-CSCF,cloud-1,cloud,53,DONE,10.50927,10.56634,57.07623299986153,57.07623299986153,0.096,1.532,3.4482329998615313,2.791232999861535,0.657,52.0
S00006,IMS-CSCF,cloud-1,cloud,54,DONE,10.53275,10.58953,56.77478500001598,56.77478500001598,0.103,1.734,2.937785000015978,2.316785000015983,0.6210000000000002,52.0
S00008,Transcoder,cloud-1,cloud,27,DONE,10.61194,10.67619,64.25181800022983,64.25181800022983,0.143,7.956,4.1528180002298285,3.1758180002298317,0.9770000000000003,52.0
S00004,UPF,core-1,core,55,DONE,10.65869,10.67747,18.78302100021756,18.78302100021756,0.081,3.777,2.9250210002175585,1.9180210002175588,1.0070000000000001,12.0
S00005,IMS-CSCF,cloud-1,cloud,73,DONE,10.66428,10.71968,55.40571799974714,55.40571799974714,0.309,1.794,3.302717999747138,2.436717999747138,0.8659999999999997,50.0
S00009,IoT-GW,core-1,core,76,DONE,10.67272,10.68672,13.998287000049459,13.998287000049459,0.103,1.58,2.3152870000494588,1.5112870000494585,0.804,10.0
S00009,IoT-GW,core-1,core,77,DONE,10.77117,10.78516,13.992089000112173,13.992089000112173,0.095,1.527,2.3700890001121735,1.4130890001121728,0.9570000000000003,10.0
S00001,vRAN-DU,edge-A,edge,57,DONE,10.81943,10.82582,6.385443999988638,6.385443999988638,0.093,4.221,2.071443999988638,1.3204439999886377,0.7510000000000003,0.0
S00008,Transcoder,cloud-1,cloud,28,DONE,10.85328,10.9174,64.11741400006576,64.11741400006576,0.091,7.854,4.172414000065764,3.4524140000657653,0.7199999999999989,52.0
S00007,Transcoder,cloud-1,cloud,31,DONE,10.85677,10.91509,58.32081400012612,58.32081400012612,0.078,6.046,2.1968140001261176,1.4848140001261214,0.7119999999999997,50.0
S00005,IMS-CSCF,cloud-1,cloud,74,DONE,10.91869,10.9721,53.40624200016464,53.40624200016464,0.094,1.563,1.7492420001646423,1.1122420001646418,0.637,50.0
S00008,Transcoder,cloud-1,cloud,29,DONE,10.93122,10.99653,65.30395499976294,65.30395499976294,0.09,9.437,3.7769549997629355,2.440954999762937,1.3360000000000003,52.0
S00005,IMS-CSCF,cloud-1,cloud,75,DONE,10.9437,10.99862,54.925206000007165,54.925206000007165,0.074,1.556,3.2952060000071626,2.7382060000071675,0.5569999999999997,50.0
S00001,vRAN-DU,edge-A,edge,58,DONE,10.94715,10.95193,4.781119000199396,4.781119000199396,0.09,3.579,1.1121190001993964,0.559119000199396,0.5530000000000004,0.0
S00003,UPF,core-1,core,75,DONE,10.9508,10.97024,19.440776000010374,19.440776000010374,0.196,4.984,4.260776000010374,2.5437760000103733,1.7170000000000005,10.0
S00002,vRAN-DU,edge-B,edge,60,DONE,10.95318,10.95909,5.9093089998896176,5.9093089998896176,0.084,4.482,1.3433089998896177,0.5203089998896173,0.8230000000000004,0.0
S00003,UPF,core-1,core,76,DONE,10.95769,10.977,19.316299999900366,19.316299999900366,0.107,2.974,6.235299999900366,2.8332999999003654,3.4019999999999992,10.0
S00006,IMS-CSCF,cloud-1,cloud,55,DONE,10.96135,11.01889,57.53350900022269,57.53350900022269,0.093,1.877,3.5635090002226946,2.653509000222691,0.9099999999999999,52.0
S00004,UPF,core-1,core,56,DONE,11.0062,11.02439,18.195589000242762,18.195589000242762,0.436,3.089,2.670589000242762,1.7695890002427621,0.9010000000000002,12.0
S00002,vRAN-DU,edge-B,edge,61,DONE,11.03581,11.04295,7.144423000227107,7.144423000227107,0.085,5.68,1.3794230002271073,0.817423000227107,0.5620000000000003,0.0
S00002,vRAN-DU,edge-B,edge,62,DONE,11.07031,11.07508,4.770733999976073,4.770733999976073,0.089,3.144,1.5377339999760733,0.8387339999760735,0.6989999999999998,0.0
S00010,IoT-GW,core-1,core,54,DONE,11.07946,11.09611,16.64769899980456,16.64769899980456,0.128,2.079,2.4406989998045603,1.392698999804562,1.0479999999999996,12.0
S00006,IMS-CSCF,cloud-1,cloud,56,DONE,11.11648,11.17498,58.49519000003056,58.49519000003056,0.082,1.822,4.591190000030558,3.817190000030564,0.7739999999999998,52.0
S00005,IMS-CSCF,cloud-1,cloud,76,DONE,11.16223,11.21718,54.95297099969321,54.95297099969321,0.088,1.893,2.9719709996932053,2.1029709996932056,0.869,50.0
S00007,Transcoder,cloud-1,cloud,32,DONE,11.17942,11.23874,59.31390600017039,59.31390600017039,0.081,6.331,2.901906000170392,2.113906000170388,0.7879999999999994,50.0
S00004,UPF,core-1,core,57,DONE,11.23875,11.25657,17.822518000230048,17.822518000230048,0.135,3.294,2.3935180002300473,1.5715180002300464,0.8220000000000001,12.0
S00004,UPF,core-1,core,58,DONE,11.2563,11.27515,18.848485000034998,18.848485000034998,0.102,3.417,3.329485000034998,2.192485000034999,1.137,12.0
S00007,Transcoder,cloud-1,cloud,33,DONE,11.2709,11.33554,64.63720200008538,64.63720200008538,0.094,10.899,3.644202000085386,2.6352020000853784,1.0090000000000021,50.0
S00010,IoT-GW,core-1,core,55,DONE,11.30649,11.32359,17.106541999964975,17.106541999964975,0.126,2.117,2.8635419999649745,1.8495419999649751,1.0140000000000002,12.0
S00005,IMS-CSCF,cloud-1,cloud,77,DONE,11.35418,11.40939,55.20494099982898,55.20494099982898,0.098,1.722,3.3849409998289772,2.3339409998289753,1.051,50.0
S00004,UPF,core-1,core,59,DONE,11.37077,11.38809,17.325667000022804,17.325667000022804,0.112,2.627,2.5866670000228034,1.463667000022804,1.1230000000000002,12.0
S00001,vRAN-DU,edge-A,edge,59,DONE,11.41578,11.4246,8.820746999845142,8.820746999845142,0.117,4.605,4.098746999845141,1.1187469998451416,2.9799999999999995,0.0
S00008,Transcoder,cloud-1,cloud,30,DONE,11.44119,11.5061,64.90677800002231,64.90677800002231,0.525,7.758,4.6237780000223125,2.8497780000223116,1.774000000000001,52.0
S00008,Transcoder,cloud-1,cloud,31,DONE,11.46288,11.52711,64.22703499993077,64.22703499993077,0.082,8.21,3.935034999930764,3.073034999930769,0.8619999999999983,52.0
S00007,Transcoder,cloud-1,cloud,34,DONE,11.47447,11.54151,67.03461200004313,67.03461200004313,0.082,10.829,6.123612000043124,3.0586120000431265,3.0649999999999995,50.0
S00009,IoT-GW,core-1,core,78,DONE,11.48529,11.5027,17.4146929998642,17.4146929998642,0.115,3.806,3.4936929998642015,2.604692999864202,0.8889999999999993,10.0
S00005,IMS-CSCF,cloud-1,cloud,78,DONE,11.48558,11.54275,57.17214600008447,57.17214600008447,0.146,1.609,5.417146000084465,4.354146000084469,1.0630000000000002,50.0
S00005,IMS-CSCF,cloud-1,cloud,79,DONE,11.48696,11.54615,59.19514499964862,59.19514499964862,1.88,2.543,4.772144999648617,3.91114499964862,0.8609999999999998,50.0
S00001,vRAN-DU,edge-A,edge,60,DONE,11.48841,11.49514,6.735472999935155,6.735472999935155,0.092,4.797,1.8464729999351555,1.0454729999351544,0.801000000000001,0.0
S00004,UPF,core-1,core,60,DONE,11.51209,11.52951,17.41753799979051,17.41753799979051,0.125,2.075,3.217537999790512,1.9525379997905112,1.2649999999999997,12.0
S00010,IoT-GW,core-1,core,56,DONE,11.53406,11.55081,16.744780999943032,16.744780999943032,0.111,2.212,2.4217809999430315,1.5447809999430326,0.8769999999999998,12.0
S00006,IMS-CSCF,cloud-1,cloud,57,DONE,11.59431,11.65168,57.374864000394155,57.374864000394155,0.07,2.3,3.004864000394157,2.2538640003941524,0.7510000000000003,52.0
S00005,IMS-CSCF,cloud-1,cloud,80,DONE,11.59578,11.65042,54.6372569997402,54.6372569997402,0.131,1.556,2.950256999740205,1.4442569997402046,1.506,50.0
S00010,IoT-GW,core-1,core,57,DONE,11.64335,11.65949,16.137431000061042,16.137431000061042,0.094,1.455,2.5884310000610427,1.5084310000610426,1.0799999999999998,12.0
S00001,vRAN-DU,edge-A,edge,61,DONE,11.67989,11.68518,5.292527999699814,5.292527999699814,0.238,3.26,1.7945279996998145,1.0295279996998143,0.7650000000000001,0.0
S00007,Transcoder,cloud-1,cloud,35,DONE,11.68519,11.74532,60.1216929999282,60.1216929999282,0.121,6.284,3.716692999928199,2.7456929999282025,0.971000000000001,50.0
S00009,IoT-GW,core-1,core,79,DONE,11.68653,11.70135,14.813285999935033,14.813285999935033,0.152,1.169,3.4922859999350333,2.5772859999350324,0.9150000000000003,10.0
S00008,Transcoder,cloud-1,cloud,32,DONE,11.6949,11.76318,68.27599400003237,68.27599400003237,0.092,10.995,5.188994000032366,3.770994000032367,1.418000000000001,52.0
S00003,UPF,core-1,core,77,DONE,11.7067,11.72361,16.907780000110506,16.907780000110506,0.088,3.19,3.6297800001105056,2.694780000110505,0.935,10.0
S00005,IMS-CSCF,cloud-1,cloud,81,DONE,11.72716,11.78411,56.942706999961956,56.942706999961956,0.101,2.129,4.712706999961959,3.645706999961959,1.0670000000000002,50.0
S00002,vRAN-DU,edge-B,edge,63,DONE,11.73494,11.741,6.065371000204323,6.065371000204323,0.119,4.405,1.5413710002043226,0.6653710002043223,0.8760000000000003,0.0
S00009,IoT-GW,core-1,core,80,DONE,11.73512,11.75195,16.827240999646165,16.827240999646165,0.135,1.74,4.952240999646165,4.265240999646165,0.6869999999999998,10.0
S00001,vRAN-DU,edge-A,edge,62,DONE,11.76753,11.7723,4.772179000156029,4.772179000156029,0.093,3.127,1.5521790001560296,0.7601790001560298,0.7919999999999998,0.0
S00005,IMS-CSCF,cloud-1,cloud,82,DONE,11.77571,11.83387,58.16422199995941,58.16422199995941,0.364,2.839,4.961221999959406,3.7102219999594084,1.251,50.0
S00005,IMS-CSCF,cloud-1,cloud,83,DONE,11.78412,11.84044,56.321368999761035,56.321368999761035,0.174,2.125,4.022368999761035,3.178368999761034,0.8439999999999999,50.0
S00005,IMS-CSCF,cloud-1,cloud,84,DONE,11.83389,11.88968,55.79167799987772,55.79167799987772,0.133,1.825,3.8336779998777217,2.6786779998777206,1.155,50.0
S00009,IoT-GW,core-1,core,81,DONE,11.92508,11.93927,14.18432499986011,14.18432499986011,0.097,1.21,2.877324999860109,1.88232499986011,0.9950000000000001,10.0
S00004,UPF,core-1,core,61,DONE,11.94465,11.96311,18.455564999840135,18.455564999840135,0.124,2.77,3.561564999840135,2.4775649998401352,1.084,12.0
S00004,UPF,core-1,core,62,DONE,11.96021,11.97825,18.043750000288128,18.043750000288128,0.119,2.46,3.4647500002881273,2.572750000288128,0.8920000000000003,12.0
S00006,IMS-CSCF,cloud-1,cloud,58,DONE,11.97445,12.0326,58.150404000116396,58.150404000116396,0.169,2.161,3.8204040001163975,2.7254040001163986,1.0949999999999998,52.0
S00004,UPF,core-1,core,63,DONE,11.98052,11.99965,19.12641099988832,19.12641099988832,0.109,3.637,3.380410999888321,2.497410999888322,0.8829999999999996,12.0
S00007,Transcoder,cloud-1,cloud,36,DONE,12.02089,12.0821,61.21332099974097,61.21332099974097,0.091,7.452,3.670320999740973,2.990320999740973,0.6800000000000006,50.0
S00010,IoT-GW,core-1,core,58,DONE,12.02231,12.04044,18.13761599987629,18.13761599987629,0.117,3.301,2.7196159998762894,2.087615999876288,0.6319999999999997,12.0
S00005,IMS-CSCF,cloud-1,cloud,85,DONE,12.02464,12.0797,55.06123099985416,55.06123099985416,0.131,1.32,3.61023099985416,2.8522309998541573,0.758,50.0
S00002,vRAN-DU,edge-B,edge,64,DONE,12.02803,12.03268,4.648703999919235,4.648703999919235,0.141,2.97,1.5377039999192346,0.585703999919235,0.9519999999999995,0.0
S00006,IMS-CSCF,cloud-1,cloud,59,DONE,12.04375,12.10206,58.31316100011463,58.31316100011463,0.088,1.664,4.56116100011463,3.880161000114633,0.6809999999999998,52.0
S00009,IoT-GW,core-1,core,82,DONE,12.05522,12.06944,14.220700999885594,14.220700999885594,0.114,1.47,2.636700999885594,1.6157009998855933,1.021,10.0
S00007,Transcoder,cloud-1,cloud,37,DONE,12.08437,12.14582,61.45055400020283,61.45055400020283,0.103,8.705,2.6425540002028285,1.7815540002028314,0.8610000000000007,50.0
S00010,IoT-GW,core-1,core,59,DONE,12.10207,12.11831,16.238888999851042,16.238888999851042,0.122,1.75,2.3668889998510423,1.4418889998510416,0.9250000000000003,12.0
S00005,IMS-CSCF,cloud-1,cloud,86,DONE,12.14269,12.1975,54.806286999792064,54.806286999792064,0.09,1.996,2.720286999792066,1.925286999792064,0.7949999999999999,50.0
S00006,IMS-CSCF,cloud-1,cloud,60,DONE,12.16016,12.21779,57.6311020004141,57.6311020004141,0.063,1.677,3.891102000414101,3.1491020004141035,0.7420000000000002,52.0
S00005,IMS-CSCF,cloud-1,cloud,87,DONE,12.16032,12.21539,55.07082299982358,55.07082299982358,0.086,1.668,3.3168229998235788,2.528822999823575,0.7879999999999998,50.0
S00001,vRAN-DU,edge-A,edge,63,DONE,12.17475,12.18034,5.585237999639503,5.585237999639503,0.053,4.055,1.4772379996395033,0.7392379996395029,0.7380000000000004,0.0
S00006,IMS-CSCF,cloud-1,cloud,61,DONE,12.19265,12.25119,58.532371999717725,58.532371999717725,0.105,2.246,4.181371999717726,2.4723719997177227,1.7089999999999996,52.0
S00008,Transcoder,cloud-1,cloud,33,DONE,12.22026,12.28279,62.52901200014094,62.52901200014094,0.125,6.617,3.7870120001409404,2.83901200014094,0.9480000000000004,52.0
S00003,UPF,core-1,core,78,DONE,12.29025,12.30521,14.96243500014316,14.96243500014316,0.098,2.404,2.4604350001431605,1.527435000143159,0.9330000000000003,10.0
S00002,vRAN-DU,edge-B,edge,65,DONE,12.30523,12.30992,4.690053000103944,4.690053000103944,0.089,3.132,1.4690530001039441,0.7510530001039442,0.718,0.0
S00002,vRAN-DU,edge-B,edge,66,DONE,12.30996,12.31703,7.06501800004844,7.06501800004844,0.078,3.699,3.28801800004844,2.7160180000484395,0.5720000000000005,0.0
S00004,UPF,core-1,core,64,DONE,12.34144,12.36019,18.75619300017206,18.75619300017206,0.17,3.279,3.3071930001720613,2.466193000172062,0.8410000000000002,12.0
S00004,UPF,core-1,core,65,DONE,12.34308,12.363,19.921005000014702,19.921005000014702,2.551,2.423,2.947005000014702,2.325005000014702,0.6219999999999999,12.0
S00009,IoT-GW,core-1,core,83,DONE,12.34465,12.35883,14.174615999763773,14.174615999763773,0.082,1.203,2.889615999763773,1.5876159997637735,1.302,10.0
S00005,IMS-CSCF,cloud-1,cloud,88,DONE,12.38344,12.43848,55.04034299974592,55.04034299974592,0.192,1.917,2.9313429997459153,1.9183429997459172,1.013,50.0
S00001,vRAN-DU,edge-A,edge,64,DONE,12.41409,12.41954,5.453158999898733,5.453158999898733,0.146,3.434,1.8731589998987328,0.8511589998987326,1.0220000000000002,0.0
S00001,vRAN-DU,edge-A,edge,65,DONE,12.41432,12.42191,7.585790000121051,7.585790000121051,0.311,5.801,1.4737900001210509,0.7447900001210508,0.7290000000000001,0.0
S00010,IoT-GW,core-1,core,60,DONE,12.4808,12.49709,16.29004000005807,16.29004000005807,0.097,1.317,2.8760400000580706,2.116040000058071,0.76,12.0
S00005,IMS-CSCF,cloud-1,cloud,89,DONE,12.48323,12.53805,54.81603699990956,54.81603699990956,0.094,1.531,3.1910369999095565,2.0400369999095602,1.1509999999999998,50.0
S00004,UPF,core-1,core,66,DONE,12.50143,12.51861,17.17568799995206,17.17568799995206,0.132,2.554,2.4896879999520607,1.6386879999520616,0.851,12.0
S00006,IMS-CSCF,cloud-1,cloud,62,DONE,12.52489,12.58382,58.921239000028436,58.921239000028436,0.131,2.158,4.632239000028434,3.569239000028439,1.0630000000000002,52.0
S00004,UPF,core-1,core,67,DONE,12.5604,12.57849,18.0870210001558,18.0870210001558,0.091,3.8,2.1960210001558007,1.327021000155801,0.8689999999999998,12.0
S00004,UPF,core-1,core,68,DONE,12.58818,12.60602,17.848624999714957,17.848624999714957,0.09,3.311,2.4476249997149573,1.6506249997149567,0.7970000000000006,12.0
S00002,vRAN-DU,edge-B,edge,67,DONE,12.58843,12.59294,4.515938999702485,4.515938999702485,0.138,3.105,1.2729389997024847,0.5099389997024844,0.7630000000000003,0.0
S00005,IMS-CSCF,cloud-1,cloud,90,DONE,12.61245,12.66797,55.51397999988694,55.51397999988694,0.128,1.785,3.6009799998869454,2.6639799998869407,0.9370000000000003,50.0
S00003,UPF,core-1,core,79,DONE,12.61917,12.63447,15.299538999897777,15.299538999897777,0.138,2.43,2.7315389998977775,1.9785389998977774,0.7530000000000001,10.0
S00007,Transcoder,cloud-1,cloud,38,DONE,12.62175,12.68719,65.44296699985352,65.44296699985352,0.119,12.457,2.866966999853524,1.782966999853528,1.0839999999999996,50.0
S00005,IMS-CSCF,cloud-1,cloud,91,DONE,12.64183,12.69781,55.983705000016926,55.983705000016926,0.089,1.683,4.211705000016927,3.4277050000169282,0.784,50.0
S00001,vRAN-DU,edge-A,edge,66,DONE,12.70025,12.70713,6.880392999846663,6.880392999846663,0.116,4.987,1.777392999846663,0.8353929998466629,0.9420000000000002,0.0
S00005,IMS-CSCF,cloud-1,cloud,92,DONE,12.71062,12.76618,55.556491000061214,55.556491000061214,0.133,1.681,3.7424910000612144,1.9474910000612127,1.795,50.0
S00006,IMS-CSCF,cloud-1,cloud,63,DONE,12.72522,12.78373,58.510370000021794,58.510370000021794,0.117,1.922,4.471370000021793,3.673370000021791,0.798,52.0
S00008,Transcoder,cloud-1,cloud,34,DONE,12.76378,12.82558,61.79669399989507,61.79669399989507,0.128,6.141,3.527693999895071,2.5026939998950724,1.0249999999999995,52.0
S00003,UPF,core-1,core,80,DONE,12.7735,12.78791,14.417164000406046,14.417164000406046,0.068,2.283,2.0661640004060473,1.182164000406047,0.8839999999999999,10.0
S00010,IoT-GW,core-1,core,61,DONE,12.80221,12.81776,15.544843000043329,15.544843000043329,0.094,1.202,2.2488430000433297,1.4768430000433295,0.772,12.0
S00010,IoT-GW,core-1,core,62,DONE,12.8127,12.82858,15.877015000114625,15.877015000114625,0.123,1.363,2.391015000114624,1.6510150001146258,0.74,12.0
S00003,UPF,core-1,core,81,DONE,12.8268,12.84114,14.339517999815143,14.339517999815143,0.095,2.089,2.1555179998151424,1.4335179998151428,0.722,10.0
S00004,UPF,core-1,core,69,DONE,12.82814,12.84426,16.12376499997481,16.12376499997481,0.053,2.113,1.9577649999748097,1.1767649999748109,0.7810000000000001,12.0
S00010,IoT-GW,core-1,core,63,DONE,12.87764,12.89643,18.788692000271112,18.788692000271112,0.32,1.519,4.949692000271114,4.036692000271113,0.9129999999999998,12.0
S00002,vRAN-DU,edge-B,edge,68,DONE,12.88028,12.88798,7.702172999870527,7.702172999870527,0.17,5.852,1.6801729998705266,0.7711729998705268,0.9089999999999998,0.0
S00004,UPF,core-1,core,70,DONE,12.9268,12.94447,17.66617600014797,17.66617600014797,0.091,2.471,3.1041760001479695,2.1901760001479715,0.9139999999999997,12.0
S00004,UPF,core-1,core,71,DONE,12.93943,12.95675,17.31595199998992,17.31595199998992,0.139,2.58,2.596951999989919,1.7359519999899202,0.8609999999999998,12.0
S00002,vRAN-DU,edge-B,edge,69,DONE,12.99916,13.00377,4.607218999808538,4.607218999808538,0.148,3.082,1.3772189998085378,0.6912189998085378,0.6859999999999999,0.0
S00001,vRAN-DU,edge-A,edge,67,DONE,13.00907,13.01344,4.370693000055326,4.370693000055326,0.077,3.003,1.2906930000553256,0.6426930000553255,0.6480000000000001,0.0
S00001,vRAN-DU,edge-A,edge,68,DONE,13.02491,13.02928,4.369045999737864,4.369045999737864,0.089,2.948,1.332045999737864,0.6970459997378637,0.6350000000000002,0.0
S00004,UPF,core-1,core,72,DONE,13.02511,13.04125,16.140726000230643,16.140726000230643,0.098,2.069,1.9737260002306432,1.3277260002306424,0.6460000000000004,12.0
S00009,IoT-GW,core-1,core,84,DONE,13.04129,13.05684,15.554696999970474,15.554696999970474,0.099,3.193,2.2626969999704745,1.375696999970474,0.887,10.0
S00010,IoT-GW,core-1,core,64,DONE,13.06428,13.08046,16.178550000404357,16.178550000404357,0.108,1.539,2.5315500004043567,1.2635500004043578,1.268,12.0
S00005,IMS-CSCF,cloud-1,cloud,93,DONE,13.07878,13.13354,54.76326699999845,54.76326699999845,0.112,2.03,2.621266999998447,1.7572669999984498,0.8639999999999999,50.0
S00010,IoT-GW,core-1,core,65,DONE,13.08474,13.10086,16.125063999879785,16.125063999879785,0.102,1.579,2.444063999879784,1.399063999879786,1.045,12.0
S00003,UPF,core-1,core,82,DONE,13.08821,13.10265,14.438576999964425,14.438576999964425,0.066,2.343,2.0295769999644264,1.3855769999644245,0.6440000000000001,10.0
S00004,UPF,core-1,core,73,DONE,13.09471,13.11264,17.925168000147096,17.925168000147096,0.113,2.729,3.0831680001470954,2.148168000147095,0.935,12.0
S00003,UPF,core-1,core,83,DONE,13.13799,13.1534,15.403242000047612,15.403242000047612,0.136,2.693,2.5742420000476116,1.642242000047613,0.9319999999999999,10.0
S00005,IMS-CSCF,cloud-1,cloud,94,DONE,13.14551,13.20169,56.17404800022996,56.17404800022996,0.091,1.881,4.202048000229958,3.353048000229961,0.8490000000000002,50.0
S00004,UPF,core-1,core,74,DONE,13.15341,13.17075,17.33678200025679,17.33678200025679,0.191,2.582,2.56378200025679,1.54778200025679,1.0160000000000005,12.0
S00002,vRAN-DU,edge-B,edge,70,DONE,13.17506,13.18034,5.279050999888568,5.279050999888568,0.088,3.448,1.7430509998885682,0.8440509998885686,0.8989999999999996,0.0
S00003,UPF,core-1,core,84,DONE,13.2532,13.26998,16.780630000084784,16.780630000084784,0.188,2.742,3.8506300000847844,2.9046300000847847,0.9459999999999997,10.0
S00009,IoT-GW,core-1,core,85,DONE,13.25346,13.26997,16.50685300000987,16.50685300000987,0.347,2.387,3.772853000009869,3.0078530000098684,0.7650000000000001,10.0
S00004,UPF,core-1,core,75,DONE,13.3255,13.34267,17.172949000269,17.172949000269,0.095,2.217,2.860949000268999,1.6509490002689997,1.2099999999999995,12.0
S00004,UPF,core-1,core,76,DONE,13.32799,13.34516,17.17733200030125,17.17733200030125,0.065,2.192,2.920332000301249,1.7973320003012496,1.1229999999999998,12.0
S00010,IoT-GW,core-1,core,66,DONE,13.34246,13.35878,16.31939600019905,16.31939600019905,0.181,1.669,2.4693960001990494,1.6093960001990482,0.8599999999999999,12.0
S00007,Transcoder,cloud-1,cloud,39,DONE,13.39014,13.45109,60.95198499997423,60.95198499997423,0.091,6.87,3.9909849999742306,2.9039849999742273,1.0869999999999997,50.0
S00006,IMS-CSCF,cloud-1,cloud,64,DONE,13.42413,13.48201,57.881833000010374,57.881833000010374,0.141,1.706,4.034833000010373,3.3058330000103737,0.7290000000000001,52.0
S00007,Transcoder,cloud-1,cloud,40,DONE,13.42862,13.4929,64.27730999985215,64.27730999985215,0.113,10.827,3.3373099998521525,2.6033099998521507,0.734,50.0
S00004,UPF,core-1,core,77,DONE,13.45717,13.47443,17.26736399996298,17.26736399996298,0.141,2.48,2.646363999962981,1.9503639999629812,0.6960000000000002,12.0
S00006,IMS-CSCF,cloud-1,cloud,65,DONE,13.4736,13.53563,62.031027999637445,62.031027999637445,0.099,2.647,7.2850279996374425,5.246027999637448,2.039,52.0
S00010,IoT-GW,core-1,core,67,DONE,13.50519,13.52253,17.340225000225473,17.340225000225473,0.105,1.108,4.127225000225472,3.481225000225473,0.6459999999999999,12.0
S00002,vRAN-DU,edge-B,edge,71,DONE,13.50895,13.51406,5.105890999857365,5.105890999857365,0.082,3.813,1.2108909998573654,0.6778909998573655,0.5329999999999999,0.0
S00002,vRAN-DU,edge-B,edge,72,DONE,13.54706,13.55227,5.208563999985927,5.208563999985927,0.101,3.108,1.9995639999859267,1.2045639999859272,0.7949999999999995,0.0
S00007,Transcoder,cloud-1,cloud,41,DONE,13.5817,13.64138,59.68796099978135,59.68796099978135,0.167,6.339,3.181960999781353,2.2169609997813495,0.9649999999999999,50.0
S00008,Transcoder,cloud-1,cloud,35,DONE,13.61524,13.68052,65.2752099999816,65.2752099999816,0.092,10.037,3.1462099999815933,2.3142099999815997,0.831999999999999,52.0
S00009,IoT-GW,core-1,core,86,DONE,13.61676,13.63153,14.77699900033258,14.77699900033258,0.152,1.654,2.970999000332581,2.0259990003325807,0.9450000000000001,10.0
S00001,vRAN-DU,edge-A,edge,69,DONE,13.61697,13.62327,6.301832999724866,6.301832999724866,0.117,4.935,1.249832999724866,0.5628329997248658,0.6870000000000003,0.0
S00009,IoT-GW,core-1,core,87,DONE,13.62968,13.64371,14.025596999999834,14.025596999999834,0.096,1.412,2.517596999999835,1.881596999999834,0.6360000000000001,10.0
S00004,UPF,core-1,core,78,DONE,13.67208,13.68995,17.869288000383676,17.869288000383676,0.103,3.462,2.304288000383675,1.427288000383676,0.8769999999999998,12.0
S00004,UPF,core-1,core,79,DONE,13.73431,13.75324,18.930804999854445,18.930804999854445,0.148,2.604,4.178804999854446,3.0278049998544443,1.1509999999999998,12.0
S00005,IMS-CSCF,cloud-1,cloud,95,DONE,13.74903,13.80364,54.60749099984241,54.60749099984241,0.094,1.81,2.7034909998424084,1.87049099984241,0.833,50.0
S00010,IoT-GW,core-1,core,68,DONE,13.75114,13.77063,19.482972999867343,19.482972999867343,0.123,3.967,3.392972999867343,2.2479729998673434,1.1450000000000005,12.0
S00006,IMS-CSCF,cloud-1,cloud,66,DONE,13.75957,13.8191,59.52968500014322,59.52968500014322,0.111,1.864,5.554685000143216,4.663685000143218,0.891,52.0
S00002,vRAN-DU,edge-B,edge,73,DONE,13.81003,13.81469,4.655111999909423,4.655111999909423,0.127,3.125,1.4031119999094228,0.7461119999094228,0.657,0.0
S00005,IMS-CSCF,cloud-1,cloud,96,DONE,13.84645,13.90046,54.00850399973933,54.00850399973933,0.087,1.539,2.3825039997393347,1.7235039997393358,0.6590000000000003,50.0
S00004,UPF,core-1,core,80,DONE,13.85305,13.86999,16.943915999945602,16.943915999945602,0.096,2.422,2.4259159999456017,1.474915999945603,0.9509999999999996,12.0
S00002,vRAN-DU,edge-B,edge,74,DONE,13.87,13.87423,4.222869999921386,4.222869999921386,0.083,2.828,1.3118699999213859,0.7168699999213861,0.5949999999999998,0.0
S00002,vRAN-DU,edge-B,edge,75,DONE,13.88958,13.89439,4.813512000055198,4.813512000055198,0.104,3.066,1.643512000055198,0.856512000055198,0.7869999999999999,0.0
S00002,vRAN-DU,edge-B,edge,76,DONE,13.9728,13.97767,4.87711899995702,4.87711899995702,0.085,3.242,1.5501189999570197,0.7721189999570193,0.7780000000000005,0.0
S00001,vRAN-DU,edge-A,edge,70,DONE,13.98098,13.98592,4.9412739999752375,4.9412739999752375,0.085,3.422,1.4342739999752374,0.7712739999752376,0.6629999999999998,0.0
S00007,Transcoder,cloud-1,cloud,42,DONE,13.98716,14.05057,63.408701000298606,63.408701000298606,0.087,10.172,3.149701000298606,2.2327010002986043,0.9169999999999998,50.0
S00008,Transcoder,cloud-1,cloud,36,DONE,13.98962,14.05353,63.90544099986073,63.90544099986073,0.11,8.291,3.5044409998607335,2.6284409998607288,0.8759999999999994,52.0
S00010,IoT-GW,core-1,core,69,DONE,14.00718,14.02793,20.750368000335584,20.750368000335584,0.114,3.693,4.943368000335585,3.8823680003355836,1.0610000000000004,12.0
S00003,UPF,core-1,core,85,DONE,14.05354,14.06796,14.422944000216376,14.422944000216376,0.093,2.338,1.9919440002163746,1.1879440002163761,0.8039999999999998,10.0
S00009,IoT-GW,core-1,core,88,DONE,14.06508,14.07987,14.7983239999121,14.7983239999121,0.09,2.218,2.4903239999121,1.6343239999121,0.8560000000000003,10.0
S00002,vRAN-DU,edge-B,edge,77,DONE,14.08421,14.08917,4.966223000337777,4.966223000337777,0.088,3.25,1.6282230003377771,0.7792230003377769,0.8490000000000002,0.0
S00002,vRAN-DU,edge-B,edge,78,DONE,14.11155,14.11627,4.713530000117316,4.713530000117316,0.106,3.073,1.5345300001173166,0.8015300001173165,0.7330000000000001,0.0
S00009,IoT-GW,core-1,core,89,DONE,14.11399,14.1275,13.515260000076523,13.515260000076523,0.131,1.438,1.9462600000765242,1.1852600000765232,0.7610000000000001,10.0
S00002,vRAN-DU,edge-B,edge,79,DONE,14.12877,14.13473,5.962983999779681,5.962983999779681,0.227,3.166,2.569983999779681,1.686983999779681,0.883,0.0
S00006,IMS-CSCF,cloud-1,cloud,67,DONE,14.16222,14.22176,59.53230800014353,59.53230800014353,0.087,1.443,6.002308000143529,5.110308000143533,0.8920000000000001,52.0
S00010,IoT-GW,core-1,core,70,DONE,14.17103,14.18824,17.210026000157086,17.210026000157086,0.141,2.001,3.0680260001570865,2.003026000157085,1.065,12.0
S00002,vRAN-DU,edge-B,edge,80,DONE,14.18149,14.18678,5.293573000017204,5.293573000017204,0.122,3.586,1.5855730000172046,0.7205730000172039,0.8650000000000007,0.0
S00010,IoT-GW,core-1,core,71,DONE,14.19061,14.22005,29.44283099986933,29.44283099986933,3.074,7.914,6.45483099986933,5.635830999869327,0.8190000000000008,12.0
S00002,vRAN-DU,edge-B,edge,81,DONE,14.19457,14.20373,9.157051999864052,9.157051999864052,0.134,7.27,1.7530519998640521,0.8960519998640528,0.8569999999999993,0.0
S00004,UPF,core-1,core,81,DONE,14.19478,14.22007,25.290956000389997,25.290956000389997,0.152,7.666,5.4729560003899955,4.366956000389997,1.105999999999999,12.0
S00001,vRAN-DU,edge-A,edge,71,DONE,14.19494,14.20165,6.715489999805868,6.715489999805868,0.116,4.259,2.340489999805868,1.531489999805868,0.8090000000000002,0.0
S00007,Transcoder,cloud-1,cloud,43,DONE,14.21872,14.27797,59.249296999951184,59.249296999951184,0.093,6.596,2.560296999951184,1.5412969999511859,1.0190000000000001,50.0
S00010,IoT-GW,core-1,core,72,DONE,14.22806,14.24779,19.728022999970563,19.728022999970563,0.238,5.181,2.309022999970562,1.2700229999705623,1.0389999999999997,12.0
S00005,IMS-CSCF,cloud-1,cloud,97,DONE,14.24269,14.29891,56.22725300008824,56.22725300008824,0.102,1.665,4.460253000088237,3.517253000088239,0.9429999999999998,50.0
S00006,IMS-CSCF,cloud-1,cloud,68,DONE,14.28232,14.33818,55.86844899971766,55.86844899971766,0.092,1.752,2.024448999717656,1.2854489997176586,0.7390000000000001,52.0
S00006,IMS-CSCF,cloud-1,cloud,69,DONE,14.28635,14.34321,56.85489999996207,56.85489999996207,0.097,1.637,3.12089999996207,2.4008999999620713,0.7200000000000002,52.0
S00005,IMS-CSCF,cloud-1,cloud,98,DONE,14.28772,14.34254,54.81924500008972,54.81924500008972,0.17,1.919,2.730245000089724,1.9972450000897197,0.7330000000000001,50.0
S00004,UPF,core-1,core,82,DONE,14.32124,14.33814,16.893812000034814,16.893812000034814,0.092,2.65,2.1518120000348127,1.3118120000348128,0.8399999999999999,12.0
S00001,vRAN-DU,edge-A,edge,72,DONE,14.32141,14.32583,4.416542999933881,4.416542999933881,0.089,2.944,1.3835429999338813,0.6605429999338814,0.7229999999999999,0.0
S00005,IMS-CSCF,cloud-1,cloud,99,DONE,14.32584,14.381,55.165455999940605,55.165455999940605,0.088,1.632,3.445455999940606,2.748455999940603,0.6969999999999998,50.0
S00004,UPF,core-1,core,83,DONE,14.34044,14.35714,16.701805000138847,16.701805000138847,0.127,2.382,2.192805000138847,1.6438050001388476,0.5489999999999995,12.0
S00006,IMS-CSCF,cloud-1,cloud,70,DONE,14.34947,14.40727,57.80704899962075,57.80704899962075,0.09,1.616,4.101048999620744,3.5180489996207456,0.583,52.0
S00003,UPF,core-1,core,86,DONE,14.35953,14.37502,15.484209000078408,15.484209000078408,0.095,2.869,2.520209000078408,1.7642090000784076,0.7559999999999998,10.0
S00001,vRAN-DU,edge-A,edge,73,DONE,14.37096,14.37564,4.680057999848941,4.680057999848941,0.086,3.369,1.225057999848941,0.6120579998489415,0.6129999999999995,0.0
S00002,vRAN-DU,edge-B,edge,82,DONE,14.41771,14.42257,4.859349000071234,4.859349000071234,0.084,3.335,1.4403490000712336,0.7553490000712335,0.685,0.0
S00010,IoT-GW,core-1,core,73,DONE,14.43696,14.45295,15.987293999842223,15.987293999842223,0.094,1.474,2.419293999842223,1.4852939998422237,0.9339999999999997,12.0
S00010,IoT-GW,core-1,core,74,DONE,14.45307,14.46913,16.055843999765784,16.055843999765784,0.137,1.447,2.4718439997657846,1.4628439997657843,1.009,12.0
S00009,IoT-GW,core-1,core,90,DONE,14.48559,14.50638,20.78281700005391,20.78281700005391,0.282,3.941,6.559817000053911,1.6248170000539108,4.935,10.0
S00001,vRAN-DU,edge-A,edge,74,DONE,14.4942,14.50095,6.751249999979336,6.751249999979336,0.186,4.107,2.458249999979336,0.9042499999793359,1.5540000000000003,0.0
S00010,IoT-GW,core-1,core,75,DONE,14.50096,14.51808,17.118430999744305,17.118430999744305,0.095,1.491,3.532430999744305,2.269430999744305,1.2630000000000001,12.0
S00010,IoT-GW,core-1,core,76,DONE,14.50437,14.52053,16.163440000127594,16.163440000127594,0.087,1.495,2.581440000127593,1.957440000127594,0.6239999999999999,12.0
S00005,IMS-CSCF,cloud-1,cloud,100,DONE,14.57189,14.6275,55.610032999993564,55.610032999993564,0.089,2.189,3.332032999993565,2.4360329999935644,0.8959999999999999,50.0
S00007,Transcoder,cloud-1,cloud,44,DONE,14.6076,14.6708,63.20163500004128,63.20163500004128,0.112,8.279,4.81063500004128,3.55463500004128,1.2560000000000002,50.0
S00006,IMS-CSCF,cloud-1,cloud,71,DONE,14.61047,14.67044,59.97172400020645,59.97172400020645,0.087,4.755,3.1297240002064513,2.2977240002064505,0.8320000000000007,52.0
S00006,IMS-CSCF,cloud-1,cloud,72,DONE,14.62211,14.67998,57.86677199967016,57.86677199967016,0.088,1.656,4.122771999670164,2.8767719996701615,1.2460000000000002,52.0
S00007,Transcoder,cloud-1,cloud,45,DONE,14.62663,14.68928,62.64954199968997,62.64954199968997,0.2,7.808,4.641541999689977,2.8405419996899752,1.8010000000000002,50.0
S00010,IoT-GW,core-1,core,77,DONE,14.62685,14.64321,16.35386899988589,16.35386899988589,0.102,1.443,2.80886899988589,1.9668689998858895,0.8419999999999999,12.0
S00010,IoT-GW,core-1,core,78,DONE,14.63835,14.65585,17.501824999726523,17.501824999726523,0.144,1.522,3.8358249997265226,3.1868249997265234,0.649,12.0
S00010,IoT-GW,core-1,core,79,DONE,14.65863,14.67567,17.03318499994566,17.03318499994566,0.117,2.059,2.8571849999456607,1.8731849999456607,0.984,12.0
S00005,IMS-CSCF,cloud-1,cloud,101,DONE,14.66108,14.7155,54.41768599985153,54.41768599985153,0.093,1.587,2.7376859998515286,1.9126859998515258,0.825,50.0
S00005,IMS-CSCF,cloud-1,cloud,102,DONE,14.67206,14.72674,54.68286899986197,54.68286899986197,0.091,1.637,2.954868999861965,2.302868999861964,0.6519999999999999,50.0
S00009,IoT-GW,core-1,core,91,DONE,14.67362,14.68674,13.124975000209815,13.124975000209815,0.148,1.158,1.8189750002098162,1.163975000209815,0.6550000000000002,10.0
S00007,Transcoder,cloud-1,cloud,46,DONE,14.69254,14.75812,65.58104700025069,65.58104700025069,0.094,11.252,4.235047000250688,3.3390470002506873,0.8960000000000008,50.0
S00001,vRAN-DU,edge-A,edge,75,DONE,14.71208,14.71702,4.933907000122417,4.933907000122417,0.088,3.212,1.633907000122417,0.9179070001224172,0.7159999999999997,0.0
S00003,UPF,core-1,core,87,DONE,14.74113,14.75863,17.503644000044005,17.503644000044005,0.213,3.743,3.5476440000440057,2.3426440000440056,1.2049999999999996,10.0
S00001,vRAN-DU,edge-A,edge,76,DONE,14.75358,14.76394,10.366574999807199,10.366574999807199,0.087,5.743,4.536574999807199,3.2275749998071985,1.3090000000000002,0.0
S00006,IMS-CSCF,cloud-1,cloud,73,DONE,14.75496,14.83098,76.0234379999929,76.0234379999929,0.117,1.963,21.943437999992895,20.39443799999289,1.549,52.0
S00005,IMS-CSCF,cloud-1,cloud,103,DONE,14.7582,14.83168,73.47633300014422,73.47633300014422,0.059,3.659,19.75833300014422,19.28533300014422,0.47299999999999986,50.0
S00003,UPF,core-1,core,88,DONE,14.7974,14.841,43.597699999736506,43.597699999736506,0.104,2.477,31.016699999736502,29.868699999736506,1.1480000000000001,10.0
S00006,IMS-CSCF,cloud-1,cloud,74,DONE,14.80512,14.88785,82.73160299995652,82.73160299995652,0.214,2.5,28.017602999956523,27.132602999956518,0.8850000000000002,52.0
S00004,UPF,core-1,core,84,DONE,14.836,14.85546,19.457047000287275,19.457047000287275,0.129,3.973,3.355047000287275,2.3590470002872763,0.9959999999999996,12.0
S00008,Transcoder,cloud-1,cloud,37,DONE,14.84068,14.90861,67.93092099997011,67.93092099997011,0.164,12.472,3.294920999970117,2.205920999970111,1.0890000000000004,52.0
S00009,IoT-GW,core-1,core,92,DONE,14.85685,14.87199,15.138481000121828,15.138481000121828,0.118,1.98,3.0404810001218294,2.1044810001218295,0.9359999999999999,10.0
S00007,Transcoder,cloud-1,cloud,47,DONE,14.86242,14.92682,64.40006100001483,64.40006100001483,0.135,10.47,3.795061000014826,2.5200610000148274,1.2750000000000004,50.0
S00009,IoT-GW,core-1,core,93,DONE,14.89431,14.9086,14.287341999988712,14.287341999988712,0.092,1.556,2.639341999988712,1.7963419999887122,0.843,10.0
S00002,vRAN-DU,edge-B,edge,83,DONE,14.90184,14.90631,4.4733489999089215,4.4733489999089215,0.101,3.007,1.3653489999089214,0.5963489999089218,0.7689999999999997,0.0
S00001,vRAN-DU,edge-A,edge,77,DONE,14.90999,14.91497,4.977118000169867,4.977118000169867,0.161,3.268,1.548118000169867,0.7511180001698667,0.7970000000000002,0.0
S00003,UPF,core-1,core,89,DONE,14.92041,14.93717,16.760268999860273,16.760268999860273,0.134,3.997,2.6292689998602725,1.7222689998602725,0.907,10.0
S00004,UPF,core-1,core,85,DONE,14.92914,14.94837,19.23470899964741,19.23470899964741,0.128,3.818,3.28870899964741,2.3967089996474087,0.8919999999999999,12.0
S00004,UPF,core-1,core,86,DONE,14.93267,14.95158,18.90541900002063,18.90541900002063,0.77,3.26,2.8754190000206297,2.08941900002063,0.7860000000000005,12.0
S00009,IoT-GW,core-1,core,94,DONE,14.94449,14.95889,14.398343000266323,14.398343000266323,0.159,1.59,2.649343000266322,1.8773430002663218,0.7719999999999998,10.0
S00009,IoT-GW,core-1,core,95,DONE,14.9479,14.96245,14.552151999851048,14.552151999851048,0.062,1.362,3.128151999851049,2.444151999851048,0.6839999999999999,10.0
S00010,IoT-GW,core-1,core,80,DONE,14.97496,14.99207,17.105386999901384,17.105386999901384,0.143,2.069,2.8933869999013844,1.7923869999013835,1.1010000000000004,12.0
