sid,service,site,tier,seq,status,t_req,t_resp,measured_ms,e2e_ms,queue_ms,exec_ms,comm_ms,comm_user_gw_ms,comm_gw_site_ms,link_total_ms
S00003,UPF,core-1,core,1,DONE,0.00916,0.01425,5.095448000020042,15.095448000020042,0.192,3.956,0.9474480000200423,,,10.0
S00006,IMS-CSCF,cloud-1,cloud,1,DONE,0.00959,0.01253,2.9455150001922448,54.945515000192245,0.478,1.623,0.8445150001922448,,,52.0
S00010,IoT-GW,core-1,core,1,DONE,0.0126,0.0156,2.9906069999015017,14.990606999901502,0.407,1.962,0.6216069999015019,,,12.0
S00003,UPF,core-1,core,2,DONE,0.01901,0.02342,4.413957999986451,14.41395799998645,0.086,3.333,0.9949579999864508,,,10.0
S00009,IoT-GW,core-1,core,1,DONE,0.02883,0.03169,2.864877000092747,12.864877000092747,0.128,1.59,1.146877000092747,,,10.0
S00001,vRAN-DU,edge-A,edge,1,DONE,0.03505,0.0408,5.7458250000763655,5.7458250000763655,0.175,4.367,1.2038250000763657,,,0.0
S00007,Transcoder,cloud-1,cloud,1,DONE,0.04521,0.053,7.787973000176862,57.78797300017686,0.111,6.284,1.3929730001768625,,,50.0
S00003,UPF,core-1,core,3,DONE,0.04553,0.05007,4.542905000107567,14.542905000107567,0.124,3.187,1.2319050001075667,,,10.0
S00008,Transcoder,cloud-1,cloud,1,DONE,0.0527,0.06285,10.15090800001417,62.15090800001417,0.068,9.167,0.9159080000141699,,,52.0
S00003,UPF,core-1,core,4,DONE,0.07528,0.08086,5.5802610002047,15.5802610002047,0.114,4.254,1.212261000204701,,,10.0
S00005,IMS-CSCF,cloud-1,cloud,1,DONE,0.07667,0.07881,2.142683999863948,52.14268399986395,0.123,1.386,0.6336839998639481,,,50.0
S00007,Transcoder,cloud-1,cloud,2,DONE,0.08094,0.09258,11.641080000117654,61.641080000117654,0.135,9.767,1.7390800001176547,,,50.0
S00002,vRAN-DU,edge-B,edge,1,DONE,0.08326,0.08819,4.93369600008009,4.93369600008009,0.219,3.37,1.34469600008009,,,0.0
S00005,IMS-CSCF,cloud-1,cloud,2,DONE,0.08339,0.08997,6.576987000016743,56.57698700001674,0.099,1.704,4.773987000016743,,,50.0
S00001,vRAN-DU,edge-A,edge,2,DONE,0.09688,0.10144,4.552409000098123,4.552409000098123,0.159,3.302,1.0914090000981234,,,0.0
S00003,UPF,core-1,core,5,DONE,0.10059,0.10467,4.082829000026322,14.082829000026322,0.546,2.509,1.0278290000263226,,,10.0
S00001,vRAN-DU,edge-A,edge,3,DONE,0.1101,0.11423,4.127678000031665,4.127678000031665,0.085,2.954,1.0886780000316647,,,0.0
S00006,IMS-CSCF,cloud-1,cloud,2,DONE,0.1104,0.1147,4.295756000146866,56.295756000146866,0.124,3.213,0.9587560001468662,,,52.0
S00009,IoT-GW,core-1,core,2,DONE,0.11424,0.1167,2.4546490001284837,12.454649000128484,0.08,1.605,0.7696490001284837,,,10.0
S00001,vRAN-DU,edge-A,edge,4,DONE,0.11445,0.11845,4.005962000064756,4.005962000064756,0.099,3.053,0.8539620000647554,,,0.0
S00009,IoT-GW,core-1,core,3,DONE,0.11855,0.12077,2.222272999915731,12.222272999915731,0.075,1.581,0.566272999915731,,,10.0
S00004,UPF,core-1,core,1,DONE,0.12811,0.13171,3.5989109999263746,15.598910999926375,0.115,2.41,1.0739109999263743,,,12.0
S00004,UPF,core-1,core,2,DONE,0.12952,0.13434,4.815051000150561,16.81505100015056,1.838,2.217,0.7600510001505612,,,12.0
S00001,vRAN-DU,edge-A,edge,5,DONE,0.13301,0.13818,5.167648999986341,5.167648999986341,0.166,4.153,0.8486489999863407,,,0.0
S00001,vRAN-DU,edge-A,edge,6,DONE,0.13768,0.14255,4.873393000025317,4.873393000025317,0.049,3.995,0.8293930000253162,,,0.0
S00003,UPF,core-1,core,6,DONE,0.14084,0.14515,4.31513399985306,14.31513399985306,0.155,3.299,0.8611339998530605,,,10.0
S00006,IMS-CSCF,cloud-1,cloud,3,DONE,0.14481,0.14868,3.8679079998473753,55.867907999847375,0.103,2.516,1.248907999847375,,,52.0
S00003,UPF,core-1,core,7,DONE,0.14999,0.15315,3.160554000032789,13.16055400003279,0.083,2.16,0.9175540000327889,,,10.0
S00002,vRAN-DU,edge-B,edge,2,DONE,0.15242,0.15686,4.443902000048183,4.443902000048183,0.096,3.723,0.6249020000481833,,,0.0
S00002,vRAN-DU,edge-B,edge,3,DONE,0.15651,0.16057,4.054847000134032,4.054847000134032,0.091,3.084,0.8798470001340317,,,0.0
S00004,UPF,core-1,core,3,DONE,0.167,0.17107,4.07057999996141,16.07057999996141,0.115,2.981,0.97457999996141,,,12.0
S00004,UPF,core-1,core,4,DONE,0.16718,0.17407,6.889689999979964,18.889689999979964,3.348,2.761,0.7806899999799644,,,12.0
S00005,IMS-CSCF,cloud-1,cloud,3,DONE,0.16722,0.16962,2.3959749998994084,52.39597499989941,0.084,1.454,0.8579749998994084,,,50.0
S00003,UPF,core-1,core,8,DONE,0.17344,0.17771,4.276219000075798,14.276219000075798,0.058,2.916,1.3022190000757985,,,10.0
S00005,IMS-CSCF,cloud-1,cloud,4,DONE,0.17736,0.18205,4.683766999960426,54.683766999960426,0.107,3.813,0.7637669999604255,,,50.0
S00001,vRAN-DU,edge-A,edge,7,DONE,0.17773,0.18211,4.3870080000942835,4.3870080000942835,0.077,3.685,0.6250080000942835,,,0.0
S00007,Transcoder,cloud-1,cloud,3,DONE,0.18344,0.19434,10.901766999950269,60.90176699995027,0.07,9.754,1.0777669999502688,,,50.0
S00010,IoT-GW,core-1,core,2,DONE,0.19394,0.1969,2.968973999941227,14.968973999941227,0.127,1.711,1.1309739999412267,,,12.0
S00005,IMS-CSCF,cloud-1,cloud,5,DONE,0.19702,0.20009,3.0679330000111804,53.06793300001118,0.152,2.102,0.8139330000111804,,,50.0
S00001,vRAN-DU,edge-A,edge,8,DONE,0.2046,0.20885,4.248331000098915,4.248331000098915,0.081,3.221,0.9463310000989149,,,0.0
S00003,UPF,core-1,core,9,DONE,0.21211,0.21518,3.071198000043296,13.071198000043296,0.085,2.306,0.6801980000432959,,,10.0
S00006,IMS-CSCF,cloud-1,cloud,4,DONE,0.21227,0.21454,2.2666639999897598,54.26666399998976,0.081,1.368,0.8176639999897597,,,52.0
S00006,IMS-CSCF,cloud-1,cloud,5,DONE,0.21455,0.21726,2.7115989998947043,54.711598999894704,0.059,2.132,0.520598999894704,,,52.0
S00009,IoT-GW,core-1,core,4,DONE,0.22062,0.22505,4.428648000157409,14.42864800015741,0.137,3.041,1.2506480001574092,,,10.0
S00004,UPF,core-1,core,5,DONE,0.22083,0.22507,4.242186000055881,16.24218600005588,0.248,3.23,0.7641860000558811,,,12.0
S00004,UPF,core-1,core,6,DONE,0.22736,0.23063,3.275889000178722,15.275889000178722,0.094,2.345,0.8368890001787221,,,12.0
S00007,Transcoder,cloud-1,cloud,4,DONE,0.23074,0.24156,10.824808000052144,60.824808000052144,0.082,10.031,0.7118080000521427,,,50.0
S00005,IMS-CSCF,cloud-1,cloud,6,DONE,0.2321,0.23399,1.8900909999501891,51.89009099995019,0.121,1.189,0.5800909999501891,,,50.0
S00001,vRAN-DU,edge-A,edge,9,DONE,0.2352,0.23899,3.7916080000286456,3.7916080000286456,0.074,2.691,1.026608000028646,,,0.0
S00002,vRAN-DU,edge-B,edge,4,DONE,0.24122,0.24564,4.41084499993849,4.41084499993849,0.112,3.354,0.94484499993849,,,0.0
S00004,UPF,core-1,core,7,DONE,0.24843,0.25301,4.5809100001861225,16.580910000186122,0.101,3.62,0.8599100001861224,,,12.0
S00003,UPF,core-1,core,10,DONE,0.26743,0.27168,4.240629999912926,14.240629999912926,0.138,2.848,1.2546299999129262,,,10.0
S00007,Transcoder,cloud-1,cloud,5,DONE,0.26776,0.27755,9.790500999997676,59.790500999997676,0.086,8.983,0.7215009999976747,,,50.0
S00008,Transcoder,cloud-1,cloud,2,DONE,0.27012,0.28507,14.947068000083163,66.94706800008316,0.077,14.158,0.7120680000831641,,,52.0
S00003,UPF,core-1,core,11,DONE,0.27498,0.28482,9.838088999913452,19.838088999913452,0.123,5.381,4.334088999913452,,,10.0
S00005,IMS-CSCF,cloud-1,cloud,7,DONE,0.27671,0.2848,8.093664999933026,58.093664999933026,0.076,1.167,6.850664999933025,,,50.0
S00007,Transcoder,cloud-1,cloud,6,DONE,0.27681,0.28976,12.953234000178782,62.95323400017878,1.249,10.501,1.2032340001787816,,,50.0
S00006,IMS-CSCF,cloud-1,cloud,6,DONE,0.28482,0.28758,2.7542400000584166,54.75424000005842,0.103,1.963,0.6882400000584163,,,52.0
S00008,Transcoder,cloud-1,cloud,3,DONE,0.28492,0.29436,9.432579000076657,61.43257900007666,0.165,8.585,0.6825790000766574,,,52.0
S00010,IoT-GW,core-1,core,3,DONE,0.29206,0.29427,2.207889000146679,14.207889000146679,0.098,1.218,0.8918890001466788,,,12.0
S00004,UPF,core-1,core,8,DONE,0.31876,0.32363,4.871318999903451,16.87131899990345,0.224,3.358,1.289318999903451,,,12.0
S00005,IMS-CSCF,cloud-1,cloud,8,DONE,0.32365,0.32679,3.1390659999033232,53.13906599990332,0.139,1.839,1.1610659999033233,,,50.0
S00010,IoT-GW,core-1,core,4,DONE,0.32652,0.32948,2.957817999913459,14.957817999913459,0.091,1.949,0.917817999913459,,,12.0
S00004,UPF,core-1,core,9,DONE,0.32912,0.33275,3.6337799999728304,15.63377999997283,0.173,2.967,0.4937799999728303,,,12.0
S00010,IoT-GW,core-1,core,5,DONE,0.32923,0.33225,3.0240789999425033,15.024078999942503,0.111,2.084,0.829078999942503,,,12.0
S00006,IMS-CSCF,cloud-1,cloud,7,DONE,0.34115,0.34473,3.5833499998716434,55.58334999987164,0.092,2.249,1.2423499998716432,,,52.0
S00007,Transcoder,cloud-1,cloud,7,DONE,0.36816,0.37807,9.909767999943142,59.90976799994314,0.108,8.85,0.9517679999431419,,,50.0
S00004,UPF,core-1,core,10,DONE,0.36969,0.37641,6.724026000028971,18.72402600002897,0.105,5.924,0.6950260000289701,,,12.0
S00010,IoT-GW,core-1,core,6,DONE,0.37253,0.37574,3.2132419999015838,15.213241999901584,0.097,1.163,1.9532419999015838,,,12.0
S00008,Transcoder,cloud-1,cloud,4,DONE,0.37808,0.3855,7.4205549999533105,59.42055499995331,0.079,6.598,0.7435549999533109,,,52.0
S00005,IMS-CSCF,cloud-1,cloud,9,DONE,0.38051,0.38323,2.7225569999700383,52.72255699997004,0.082,1.966,0.6745569999700383,,,50.0
S00005,IMS-CSCF,cloud-1,cloud,10,DONE,0.38975,0.39301,3.26219199996558,53.26219199996558,0.162,1.695,1.4051919999655802,,,50.0
S00010,IoT-GW,core-1,core,7,DONE,0.39216,0.39446,2.30340600001,14.30340600001,0.106,1.183,1.0144060000099997,,,12.0
S00010,IoT-GW,core-1,core,8,DONE,0.39447,0.39669,2.2210089998679905,14.22100899986799,0.076,1.457,0.6880089998679904,,,12.0
S00003,UPF,core-1,core,12,DONE,0.4051,0.41126,6.157123000093634,16.157123000093634,0.665,2.886,2.6061230000936337,,,10.0
S00009,IoT-GW,core-1,core,5,DONE,0.40754,0.41169,4.152293000061036,14.152293000061036,0.135,2.784,1.2332930000610363,,,10.0
S00005,IMS-CSCF,cloud-1,cloud,11,DONE,0.43704,0.43979,2.7541229999314965,52.7541229999315,0.09,1.82,0.8441229999314963,,,50.0
S00004,UPF,core-1,core,11,DONE,0.45121,0.4551,3.8902220001091337,15.890222000109134,0.112,2.576,1.2022220001091335,,,12.0
S00002,vRAN-DU,edge-B,edge,5,DONE,0.4531,0.45825,5.155328000000736,5.155328000000736,0.087,4.125,0.9433280000007365,,,0.0
S00005,IMS-CSCF,cloud-1,cloud,12,DONE,0.45761,0.46016,2.5473330001659633,52.54733300016596,0.098,1.849,0.6003330001659632,,,50.0
S00003,UPF,core-1,core,13,DONE,0.46465,0.46812,3.4701719998793124,13.470171999879312,0.097,2.727,0.6461719998793125,,,10.0
S00004,UPF,core-1,core,12,DONE,0.46482,0.46796,3.1407269998453557,15.140726999845356,0.169,2.288,0.6837269998453559,,,12.0
S00001,vRAN-DU,edge-A,edge,10,DONE,0.47371,0.47942,5.707710000024235,5.707710000024235,0.269,3.936,1.5027100000242353,,,0.0
S00002,vRAN-DU,edge-B,edge,6,DONE,0.47404,0.48024,6.198877000088032,6.198877000088032,0.126,4.196,1.8768770000880322,,,0.0
S00006,IMS-CSCF,cloud-1,cloud,8,DONE,0.47823,0.48173,3.4946200000831595,55.49462000008316,0.079,2.38,1.0356200000831595,,,52.0
S00007,Transcoder,cloud-1,cloud,8,DONE,0.48183,0.49247,10.640115999876798,60.6401159998768,0.064,9.31,1.2661159998767975,,,50.0
S00010,IoT-GW,core-1,core,9,DONE,0.48741,0.48981,2.4070629999641824,14.407062999964182,0.176,1.22,1.0110629999641825,,,12.0
S00003,UPF,core-1,core,14,DONE,0.48983,0.49296,3.1328190000294853,13.132819000029485,0.063,2.451,0.6188190000294851,,,10.0
S00007,Transcoder,cloud-1,cloud,9,DONE,0.49053,0.5004,9.87121200000729,59.87121200000729,0.057,8.065,1.7492120000072902,,,50.0
S00001,vRAN-DU,edge-A,edge,11,DONE,0.50274,0.51108,8.339398000089204,8.339398000089204,0.154,7.287,0.8983980000892045,,,0.0
S00004,UPF,core-1,core,13,DONE,0.50524,0.51101,5.772686000000249,17.77268600000025,0.09,4.782,0.900686000000249,,,12.0
S00004,UPF,core-1,core,14,DONE,0.52155,0.52741,5.852991999972801,17.8529919999728,0.2,4.507,1.145991999972801,,,12.0
S00010,IoT-GW,core-1,core,10,DONE,0.52177,0.52739,5.616352000060942,17.616352000060942,0.274,4.36,0.982352000060942,,,12.0
S00002,vRAN-DU,edge-B,edge,7,DONE,0.52201,0.52726,5.251316000112638,5.251316000112638,0.145,4.322,0.7843160001126384,,,0.0
S00003,UPF,core-1,core,15,DONE,0.53069,0.53715,6.454698999959874,16.454698999959874,0.111,5.406,0.9376989999598742,,,10.0
S00002,vRAN-DU,edge-B,edge,8,DONE,0.53518,0.54107,5.893647999982932,5.893647999982932,0.112,4.84,0.9416479999829317,,,0.0
S00002,vRAN-DU,edge-B,edge,9,DONE,0.54753,0.55316,5.6336190000365605,5.6336190000365605,0.111,4.573,0.9496190000365603,,,0.0
S00003,UPF,core-1,core,16,DONE,0.55271,0.55726,4.5499240000026475,14.549924000002648,0.116,3.259,1.1749240000026475,,,10.0
S00005,IMS-CSCF,cloud-1,cloud,13,DONE,0.55287,0.55575,2.8749610000886605,52.87496100008866,0.1,2.109,0.6659610000886604,,,50.0
S00004,UPF,core-1,core,15,DONE,0.56473,0.56958,4.856713999970452,16.856713999970452,0.172,3.615,1.069713999970452,,,12.0
S00003,UPF,core-1,core,17,DONE,0.57399,0.57856,4.5729710000159685,14.572971000015968,0.112,3.388,1.0729710000159685,,,10.0
S00006,IMS-CSCF,cloud-1,cloud,9,DONE,0.57435,0.57765,3.3039869999811344,55.303986999981134,0.114,2.208,0.9819869999811344,,,52.0
S00001,vRAN-DU,edge-A,edge,12,DONE,0.57766,0.58744,9.772583000085433,9.772583000085433,0.083,6.29,3.399583000085433,,,0.0
S00009,IoT-GW,core-1,core,6,DONE,0.57774,0.5805,2.7605400000538793,12.76054000005388,0.074,1.223,1.4635400000538792,,,10.0
S00008,Transcoder,cloud-1,cloud,5,DONE,0.57778,0.58742,9.640247000106683,61.64024700010668,0.062,8.502,1.076247000106683,,,52.0
S00010,IoT-GW,core-1,core,11,DONE,0.58381,0.58752,3.709170000092854,15.709170000092854,0.086,2.952,0.6711700000928542,,,12.0
S00007,Transcoder,cloud-1,cloud,10,DONE,0.59186,0.60293,11.073707999912585,61.073707999912585,0.238,10.014,0.8217079999125865,,,50.0
S00004,UPF,core-1,core,16,DONE,0.6006,0.61418,13.581724000005124,25.581724000005124,0.152,12.546,0.8837240000051256,,,12.0
S00003,UPF,core-1,core,18,DONE,0.60075,0.61436,13.606016000039745,23.606016000039745,0.577,12.127,0.9020160000397439,,,10.0
S00005,IMS-CSCF,cloud-1,cloud,14,DONE,0.60295,0.61348,10.534563000192065,60.534563000192065,0.1,9.681,0.7535630001920666,,,50.0
S00008,Transcoder,cloud-1,cloud,6,DONE,0.60426,0.62187,17.606351000040377,69.60635100004038,0.076,16.914,0.6163510000403747,,,52.0
S00002,vRAN-DU,edge-B,edge,10,DONE,0.61275,0.62071,7.963035000102536,7.963035000102536,0.104,5.155,2.704035000102536,,,0.0
S00009,IoT-GW,core-1,core,7,DONE,0.62072,0.62721,6.482172000005448,16.48217200000545,0.196,2.08,4.2061720000054486,,,10.0
S00002,vRAN-DU,edge-B,edge,11,DONE,0.62086,0.62583,4.97270299979391,4.97270299979391,0.091,4.354,0.5277029997939096,,,0.0
S00003,UPF,core-1,core,19,DONE,0.62094,0.63143,10.482069000090632,20.482069000090632,0.379,5.524,4.579069000090632,,,10.0
S00009,IoT-GW,core-1,core,8,DONE,0.62409,0.63141,7.31696700017892,17.31696700017892,2.501,3.359,1.4569670001789206,,,10.0
S00004,UPF,core-1,core,17,DONE,0.62848,0.63144,2.95613899993441,14.95613899993441,0.064,2.084,0.80813899993441,,,12.0
S00005,IMS-CSCF,cloud-1,cloud,15,DONE,0.62991,0.63282,2.908032000050298,52.9080320000503,0.081,1.66,1.167032000050298,,,50.0
S00003,UPF,core-1,core,20,DONE,0.63145,0.63623,4.784330999882513,14.784330999882513,0.076,3.352,1.3563309998825135,,,10.0
S00007,Transcoder,cloud-1,cloud,11,DONE,0.63402,0.64182,7.8060679998088744,57.806067999808874,0.105,7.204,0.4970679998088743,,,50.0
S00010,IoT-GW,core-1,core,12,DONE,0.63408,0.63688,2.8013930000270193,14.80139300002702,0.076,1.833,0.8923930000270193,,,12.0
S00002,vRAN-DU,edge-B,edge,12,DONE,0.63812,0.64455,6.424520999871675,6.424520999871675,0.109,4.241,2.074520999871675,,,0.0
S00006,IMS-CSCF,cloud-1,cloud,10,DONE,0.63834,0.64,1.6604519998963951,53.660451999896395,0.063,1.11,0.4874519998963951,,,52.0
S00008,Transcoder,cloud-1,cloud,7,DONE,0.64305,0.65148,8.437882999942303,60.4378829999423,0.057,7.911,0.4698829999423033,,,52.0
S00002,vRAN-DU,edge-B,edge,13,DONE,0.64673,0.65136,4.628379999985555,4.628379999985555,0.081,3.615,0.9323799999855544,,,0.0
S00010,IoT-GW,core-1,core,13,DONE,0.65482,0.65742,2.606909999940399,14.606909999940399,0.166,1.537,0.903909999940399,,,12.0
S00009,IoT-GW,core-1,core,9,DONE,0.65744,0.65898,1.5429430000040156,11.542943000004016,0.06,1.023,0.45994300000401567,,,10.0
S00002,vRAN-DU,edge-B,edge,14,DONE,0.65899,0.66282,3.830440000001545,3.830440000001545,0.111,3.059,0.6604400000015445,,,0.0
S00004,UPF,core-1,core,18,DONE,0.66611,0.67052,4.411145999938526,16.411145999938526,0.121,3.357,0.9331459999385259,,,12.0
S00010,IoT-GW,core-1,core,14,DONE,0.6738,0.67627,2.4691009998605296,14.46910099986053,0.152,1.492,0.8251009998605296,,,12.0
S00010,IoT-GW,core-1,core,15,DONE,0.67632,0.68169,5.370394999999917,17.370394999999917,0.086,2.271,3.013394999999917,,,12.0
S00003,UPF,core-1,core,21,DONE,0.67774,0.68218,4.439330999957747,14.439330999957747,0.079,3.289,1.0713309999577465,,,10.0
S00002,vRAN-DU,edge-B,edge,15,DONE,0.67783,0.68299,5.163355999911801,5.163355999911801,0.108,4.438,0.6173559999118012,,,0.0
S00003,UPF,core-1,core,22,DONE,0.68439,0.68854,4.148967999981323,14.148967999981323,0.087,3.474,0.587967999981323,,,10.0
S00002,vRAN-DU,edge-B,edge,16,DONE,0.68513,0.69066,5.536300999892774,5.536300999892774,0.088,4.854,0.5943009998927735,,,0.0
S00005,IMS-CSCF,cloud-1,cloud,16,DONE,0.69598,0.69897,2.987390000043888,52.98739000004389,0.121,2.081,0.785390000043888,,,50.0
S00009,IoT-GW,core-1,core,10,DONE,0.69614,0.69891,2.770751000070959,12.770751000070959,0.097,1.854,0.8197510000709589,,,10.0
S00005,IMS-CSCF,cloud-1,cloud,17,DONE,0.70741,0.71478,7.364994999988994,57.364994999988994,0.105,6.436,0.8239949999889937,,,50.0
S00004,UPF,core-1,core,19,DONE,0.70758,0.71151,3.924455000060334,15.924455000060334,0.099,3.036,0.7894550000603338,,,12.0
S00002,vRAN-DU,edge-B,edge,17,DONE,0.70943,0.72071,11.28448000008575,11.28448000008575,0.097,6.026,5.16148000008575,,,0.0
S00006,IMS-CSCF,cloud-1,cloud,11,DONE,0.71123,0.71484,3.614727000012863,55.61472700001286,0.095,2.573,0.9467270000128627,,,52.0
S00008,Transcoder,cloud-1,cloud,8,DONE,0.7149,0.72496,10.06033099997694,62.06033099997694,0.077,9.393,0.5903309999769402,,,52.0
S00010,IoT-GW,core-1,core,16,DONE,0.7262,0.72824,2.0369320000099833,14.036932000009983,0.086,1.282,0.6689320000099832,,,12.0
S00005,IMS-CSCF,cloud-1,cloud,18,DONE,0.72825,0.73144,3.1893320001472603,53.18933200014726,0.138,2.207,0.8443320001472605,,,50.0
S00007,Transcoder,cloud-1,cloud,12,DONE,0.72842,0.74124,12.817960999882416,62.817960999882416,0.089,12.028,0.7009609998824153,,,50.0
S00001,vRAN-DU,edge-A,edge,13,DONE,0.72854,0.74073,12.196254999935263,12.196254999935263,0.09,8.311,3.7952549999352634,,,0.0
S00005,IMS-CSCF,cloud-1,cloud,19,DONE,0.72867,0.7409,12.229038999976183,62.22903899997618,2.222,9.369,0.6380389999761835,,,50.0
S00004,UPF,core-1,core,20,DONE,0.74352,0.74756,4.038983000100416,16.038983000100416,0.121,3.184,0.7339830001004155,,,12.0
S00003,UPF,core-1,core,23,DONE,0.74482,0.75104,6.2173709998205595,16.21737099982056,0.092,3.699,2.4263709998205596,,,10.0
S00001,vRAN-DU,edge-A,edge,14,DONE,0.74757,0.75319,5.620552999971551,5.620552999971551,0.16,4.811,0.6495529999715508,,,0.0
S00002,vRAN-DU,edge-B,edge,18,DONE,0.76456,0.76834,3.7815760001649323,3.7815760001649323,0.105,2.84,0.8365760001649325,,,0.0
S00001,vRAN-DU,edge-A,edge,15,DONE,0.77068,0.77567,4.982650000101785,4.982650000101785,0.08,4.236,0.666650000101785,,,0.0
S00004,UPF,core-1,core,21,DONE,0.77693,0.78025,3.315167999971891,15.31516799997189,0.139,2.55,0.6261679999718908,,,12.0
S00006,IMS-CSCF,cloud-1,cloud,12,DONE,0.78244,0.78501,2.560799000093539,54.56079900009354,0.114,1.708,0.7387990000935387,,,52.0
S00004,UPF,core-1,core,22,DONE,0.79739,0.80048,3.089240000008431,15.08924000000843,0.116,2.228,0.7452400000084305,,,12.0
S00002,vRAN-DU,edge-B,edge,19,DONE,0.79982,0.80334,3.5234380000019883,3.5234380000019883,0.076,2.818,0.6294380000019881,,,0.0
S00005,IMS-CSCF,cloud-1,cloud,20,DONE,0.80561,0.80775,2.1406529999694612,52.14065299996946,0.089,1.379,0.6726529999694613,,,50.0
S00003,UPF,core-1,core,24,DONE,0.80699,0.81017,3.1821840000247903,13.18218400002479,0.127,2.605,0.4501840000247901,,,10.0
S00006,IMS-CSCF,cloud-1,cloud,13,DONE,0.80893,0.81078,1.8493360000775283,53.84933600007753,0.067,1.32,0.4623360000775283,,,52.0
S00005,IMS-CSCF,cloud-1,cloud,21,DONE,0.81298,0.81537,2.386123999940537,52.38612399994054,0.097,1.54,0.749123999940537,,,50.0
S00010,IoT-GW,core-1,core,17,DONE,0.81651,0.81825,1.7332690001694573,13.733269000169457,0.081,1.112,0.5402690001694572,,,12.0
S00010,IoT-GW,core-1,core,18,DONE,0.81942,0.82106,1.6409390000262647,13.640939000026265,0.058,1.065,0.5179390000262647,,,12.0
S00004,UPF,core-1,core,23,DONE,0.82107,0.82357,2.4963089999801014,14.496308999980101,0.087,1.979,0.4303089999801011,,,12.0
S00005,IMS-CSCF,cloud-1,cloud,22,DONE,0.82581,0.82808,2.2705630001382815,52.27056300013828,0.084,1.671,0.5155630001382814,,,50.0
S00005,IMS-CSCF,cloud-1,cloud,23,DONE,0.82718,0.82961,2.425240000093254,52.425240000093254,0.521,1.382,0.5222400000932539,,,50.0
S00009,IoT-GW,core-1,core,11,DONE,0.82926,0.83111,1.855251000051794,11.855251000051794,0.073,1.053,0.7292510000517942,,,10.0
S00010,IoT-GW,core-1,core,19,DONE,0.83647,0.84112,4.651039000009405,16.651039000009405,0.115,3.337,1.1990390000094044,,,12.0
S00003,UPF,core-1,core,25,DONE,0.83872,0.84286,4.137399999990521,14.13739999999052,0.116,3.441,0.5803999999905209,,,10.0
S00005,IMS-CSCF,cloud-1,cloud,24,DONE,0.83885,0.84114,2.290477000087776,52.290477000087776,0.165,1.334,0.791477000087776,,,50.0
S00004,UPF,core-1,core,24,DONE,0.84114,0.84457,3.4290900000542024,15.429090000054202,0.097,2.033,1.2990900000542025,,,12.0
S00010,IoT-GW,core-1,core,20,DONE,0.87406,0.87651,2.455349000001661,14.455349000001661,0.104,1.496,0.8553490000016608,,,12.0
S00008,Transcoder,cloud-1,cloud,9,DONE,0.88082,0.88887,8.048545999827184,60.04854599982718,0.139,7.025,0.884545999827183,,,52.0
S00001,vRAN-DU,edge-A,edge,16,DONE,0.89223,0.89908,6.84255100009068,6.84255100009068,0.088,5.662,1.0925510000906797,,,0.0
S00007,Transcoder,cloud-1,cloud,13,DONE,0.8978,0.90597,8.168671000021277,58.16867100002128,0.14,7.075,0.9536710000212771,,,50.0
S00010,IoT-GW,core-1,core,21,DONE,0.89797,0.90032,2.350937000073827,14.350937000073827,0.091,1.267,0.9929370000738273,,,12.0
S00005,IMS-CSCF,cloud-1,cloud,25,DONE,0.90156,0.90362,2.0649199998388212,52.06491999983882,0.088,1.477,0.49991999983882107,,,50.0
S00009,IoT-GW,core-1,core,12,DONE,0.90561,0.90781,2.2035320000668435,12.203532000066843,0.079,1.461,0.6635320000668434,,,10.0
S00005,IMS-CSCF,cloud-1,cloud,26,DONE,0.90906,0.91155,2.4899059999370365,52.48990599993704,0.09,1.651,0.7489059999370364,,,50.0
S00006,IMS-CSCF,cloud-1,cloud,14,DONE,0.91786,0.92025,2.3859639998136117,54.38596399981361,0.097,1.497,0.7919639998136117,,,52.0
S00003,UPF,core-1,core,26,DONE,0.91932,0.92271,3.3900099999755184,13.390009999975518,0.087,2.38,0.9230099999755184,,,10.0
S00009,IoT-GW,core-1,core,13,DONE,0.92273,0.92551,2.7826539999296074,12.782653999929607,0.063,1.691,1.0286539999296074,,,10.0
S00006,IMS-CSCF,cloud-1,cloud,15,DONE,0.92788,0.93164,3.7620609998612053,55.762060999861205,0.167,2.527,1.0680609998612054,,,52.0
S00009,IoT-GW,core-1,core,14,DONE,0.94202,0.94517,3.1450419999146106,13.14504199991461,0.128,1.519,1.4980419999146108,,,10.0
S00009,IoT-GW,core-1,core,15,DONE,0.9422,0.94909,6.882857000164222,16.882857000164222,2.563,3.537,0.7828570001642223,,,10.0
S00005,IMS-CSCF,cloud-1,cloud,27,DONE,0.94225,0.94499,2.7414080000198737,52.741408000019874,0.098,2.047,0.5964080000198737,,,50.0
S00003,UPF,core-1,core,27,DONE,0.94418,0.95013,5.946940000058021,15.94694000005802,0.144,3.926,1.8769400000580205,,,10.0
S00003,UPF,core-1,core,28,DONE,0.9443,0.95208,7.7827820000493375,17.782782000049338,4.213,2.089,1.480782000049338,,,10.0
S00001,vRAN-DU,edge-A,edge,17,DONE,0.94444,0.9485,4.057715000044482,4.057715000044482,0.112,3.243,0.7027150000444817,,,0.0
S00009,IoT-GW,core-1,core,16,DONE,0.95015,0.95295,2.798577000021396,12.798577000021396,0.117,1.84,0.841577000021396,,,10.0
S00008,Transcoder,cloud-1,cloud,10,DONE,0.95296,0.96004,7.08413000006658,59.08413000006658,0.135,6.136,0.8131300000665798,,,52.0
S00002,vRAN-DU,edge-B,edge,20,DONE,0.95948,0.96404,4.558224999982485,4.558224999982485,0.111,3.438,1.009224999982485,,,0.0
S00003,UPF,core-1,core,29,DONE,0.96342,0.96795,4.52524400020593,14.52524400020593,0.309,3.453,0.7632440002059302,,,10.0
S00005,IMS-CSCF,cloud-1,cloud,28,DONE,0.97829,0.982,3.7106170000242855,53.710617000024286,0.2,2.36,1.1506170000242855,,,50.0
S00008,Transcoder,cloud-1,cloud,11,DONE,0.98747,1.01444,26.967083999807073,78.96708399980707,0.133,17.328,9.506083999807075,,,52.0
S00008,Transcoder,cloud-1,cloud,12,DONE,0.98779,0.99564,7.847672000025341,59.84767200002534,0.074,6.875,0.898672000025341,,,52.0
S00007,Transcoder,cloud-1,cloud,14,DONE,0.9898,1.01442,24.627805999898555,74.62780599989856,0.142,13.318,11.167805999898556,,,50.0
S00003,UPF,core-1,core,30,DONE,0.98995,1.01403,24.07476799999131,34.07476799999131,0.14,5.452,18.48276799999131,,,10.0
S00005,IMS-CSCF,cloud-1,cloud,29,DONE,1.01444,1.01861,4.162530000030529,54.16253000003053,0.149,2.06,1.9535300000305287,,,50.0
S00005,IMS-CSCF,cloud-1,cloud,30,DONE,1.01457,1.01872,4.1568809999716905,54.15688099997169,2.426,1.169,0.5618809999716903,,,50.0
S00003,UPF,core-1,core,31,DONE,1.01588,1.01917,3.2914779999373422,13.291477999937342,0.121,2.547,0.6234779999373421,,,10.0
S00009,IoT-GW,core-1,core,17,DONE,1.01925,1.02109,1.8429330000344635,11.842933000034463,0.057,1.246,0.5399330000344635,,,10.0
S00003,UPF,core-1,core,32,DONE,1.02946,1.03331,3.8495789999615226,13.849578999961523,0.097,2.525,1.2275789999615228,,,10.0
S00003,UPF,core-1,core,33,DONE,1.02964,1.03555,5.914711000059469,15.91471100005947,2.818,2.183,0.9137110000594699,,,10.0
S00005,IMS-CSCF,cloud-1,cloud,31,DONE,1.02973,1.03654,6.812632999981361,56.81263299998136,0.084,5.493,1.2356329999813607,,,50.0
S00003,UPF,core-1,core,34,DONE,1.03333,1.03904,5.716784000014741,15.71678400001474,0.383,3.75,1.5837840000147407,,,10.0
S00009,IoT-GW,core-1,core,18,DONE,1.03774,1.03934,1.6005879999738681,11.600587999973868,0.056,1.194,0.35058799997386814,,,10.0
S00008,Transcoder,cloud-1,cloud,13,DONE,1.04466,1.05648,11.81844000007004,63.81844000007004,0.086,10.152,1.5804400000700412,,,52.0
S00010,IoT-GW,core-1,core,22,DONE,1.04714,1.0511,3.96156300007533,15.96156300007533,0.084,3.037,0.8405630000753299,,,12.0
S00006,IMS-CSCF,cloud-1,cloud,16,DONE,1.05574,1.05906,3.3132809999187884,55.31328099991879,0.131,2.419,0.7632809999187886,,,52.0
S00002,vRAN-DU,edge-B,edge,21,DONE,1.06237,1.06628,3.907887999957893,3.907887999957893,0.093,3.088,0.726887999957893,,,0.0
S00004,UPF,core-1,core,25,DONE,1.06577,1.06906,3.2876549998945848,15.287654999894585,0.087,2.298,0.9026549998945845,,,12.0
S00006,IMS-CSCF,cloud-1,cloud,17,DONE,1.06864,1.07138,2.7412230001573334,54.74122300015733,0.133,1.602,1.0062230001573333,,,52.0
S00007,Transcoder,cloud-1,cloud,15,DONE,1.07662,1.08586,9.234085999878516,59.234085999878516,0.082,8.51,0.6420859998785158,,,50.0
S00001,vRAN-DU,edge-A,edge,18,DONE,1.07902,1.08474,5.727632999878551,5.727632999878551,0.089,4.119,1.5196329998785512,,,0.0
S00002,vRAN-DU,edge-B,edge,22,DONE,1.08475,1.08903,4.278766999959771,4.278766999959771,0.11,3.476,0.6927669999597712,,,0.0
S00006,IMS-CSCF,cloud-1,cloud,18,DONE,1.08904,1.09195,2.9037089998382726,54.90370899983827,0.079,2.262,0.5627089998382724,,,52.0
S00002,vRAN-DU,edge-B,edge,23,DONE,1.09924,1.10295,3.7076619998970273,3.7076619998970273,0.099,2.827,0.7816619998970271,,,0.0
S00006,IMS-CSCF,cloud-1,cloud,19,DONE,1.10165,1.10394,2.28672799994456,54.28672799994456,0.096,1.624,0.5667279999445598,,,52.0
S00007,Transcoder,cloud-1,cloud,16,DONE,1.10619,1.11803,11.834830999987389,61.83483099998739,0.102,11.145,0.5878309999873892,,,50.0
S00006,IMS-CSCF,cloud-1,cloud,20,DONE,1.10634,1.10858,2.2374870000021474,54.23748700000215,0.143,1.316,0.7784870000021473,,,52.0
S00001,vRAN-DU,edge-A,edge,19,DONE,1.10978,1.11342,3.637539999999717,3.637539999999717,0.107,2.842,0.6885399999997168,,,0.0
S00009,IoT-GW,core-1,core,19,DONE,1.11343,1.11755,4.123170999946524,14.123170999946524,0.092,3.554,0.4771709999465239,,,10.0
S00010,IoT-GW,core-1,core,23,DONE,1.11385,1.11836,4.505163000203538,16.505163000203538,0.057,3.871,0.5771630002035382,,,12.0
S00004,UPF,core-1,core,26,DONE,1.12359,1.12617,2.5770789998205146,14.577078999820515,0.065,2.045,0.4670789998205147,,,12.0
S00004,UPF,core-1,core,27,DONE,1.12489,1.12821,3.3203309999407793,15.32033099994078,1.012,1.896,0.4123309999407794,,,12.0
S00006,IMS-CSCF,cloud-1,cloud,21,DONE,1.13153,1.13665,5.117905999895811,57.11790599989581,0.133,2.781,2.203905999895811,,,52.0
S00007,Transcoder,cloud-1,cloud,17,DONE,1.13169,1.14311,11.4109759999792,61.4109759999792,0.205,10.578,0.627975999979201,,,50.0
S00003,UPF,core-1,core,35,DONE,1.13452,1.13862,4.1042039999865665,14.104203999986566,0.076,3.529,0.4992039999865665,,,10.0
S00003,UPF,core-1,core,36,DONE,1.13671,1.14268,5.965106000076048,15.965106000076048,1.781,3.471,0.7131060000760483,,,10.0
S00005,IMS-CSCF,cloud-1,cloud,32,DONE,1.14539,1.14787,2.4872239998785517,52.48722399987855,0.074,1.93,0.4832239998785517,,,50.0
S00006,IMS-CSCF,cloud-1,cloud,22,DONE,1.14671,1.1486,1.8963429999985237,53.896342999998524,0.056,1.338,0.5023429999985236,,,52.0
S00003,UPF,core-1,core,37,DONE,1.15383,1.15762,3.7892320001446933,13.789232000144693,0.082,3.107,0.6002320001446932,,,10.0
S00007,Transcoder,cloud-1,cloud,18,DONE,1.15619,1.16594,9.748572000034983,59.74857200003498,0.064,8.956,0.7285720000349833,,,50.0
S00009,IoT-GW,core-1,core,20,DONE,1.16285,1.16465,1.8059930000617896,11.80599300006179,0.071,1.099,0.6359930000617897,,,10.0
S00003,UPF,core-1,core,38,DONE,1.16473,1.16714,2.412907999996605,12.412907999996605,0.065,1.889,0.45890799999660525,,,10.0
S00003,UPF,core-1,core,39,DONE,1.16939,1.17268,3.2902220000323723,13.290222000032372,0.078,2.596,0.6162220000323724,,,10.0
S00001,vRAN-DU,edge-A,edge,20,DONE,1.16949,1.17523,5.743042999938552,5.743042999938552,0.077,5.03,0.6360429999385522,,,0.0
S00004,UPF,core-1,core,28,DONE,1.17387,1.18054,6.661678999989817,18.661678999989817,0.082,3.19,3.3896789999898176,,,12.0
S00006,IMS-CSCF,cloud-1,cloud,23,DONE,1.17527,1.18069,5.416082000010647,57.41608200001065,0.104,2.339,2.973082000010647,,,52.0
S00001,vRAN-DU,edge-A,edge,21,DONE,1.17772,1.18085,3.1311759998970956,3.1311759998970956,0.07,2.66,0.4011759998970956,,,0.0
S00005,IMS-CSCF,cloud-1,cloud,33,DONE,1.1807,1.18477,4.07504700001482,54.07504700001482,0.075,1.972,2.0280470000148196,,,50.0
S00010,IoT-GW,core-1,core,24,DONE,1.1831,1.1859,2.796059000047535,14.796059000047535,0.155,1.225,1.4160590000475348,,,12.0
S00004,UPF,core-1,core,29,DONE,1.19629,1.20018,3.8858939999499853,15.885893999949985,0.106,2.79,0.9898939999499854,,,12.0
S00002,vRAN-DU,edge-B,edge,24,DONE,1.20031,1.20404,3.7263030001213338,3.7263030001213338,0.086,2.971,0.6693030001213338,,,0.0
S00010,IoT-GW,core-1,core,25,DONE,1.20664,1.20886,2.2228459999951156,14.222845999995116,0.116,1.47,0.6368459999951155,,,12.0
S00006,IMS-CSCF,cloud-1,cloud,24,DONE,1.20679,1.21046,3.6704930000723834,55.67049300007238,0.108,1.971,1.5914930000723833,,,52.0
S00004,UPF,core-1,core,30,DONE,1.21048,1.21546,4.981496000027619,16.98149600002762,0.092,3.919,0.9704960000276186,,,12.0
S00010,IoT-GW,core-1,core,26,DONE,1.21301,1.21548,2.4677480000718788,14.467748000071879,0.078,1.465,0.9247480000718786,,,12.0
S00005,IMS-CSCF,cloud-1,cloud,34,DONE,1.21918,1.22359,4.409475000102248,54.40947500010225,0.134,2.746,1.5294750001022477,,,50.0
S00001,vRAN-DU,edge-A,edge,22,DONE,1.22494,1.23538,10.444913000128508,10.444913000128508,0.17,9.273,1.0019130001285088,,,0.0
S00001,vRAN-DU,edge-A,edge,23,DONE,1.22517,1.2319,6.7258450001190795,6.7258450001190795,0.541,5.016,1.168845000119079,,,0.0
S00002,vRAN-DU,edge-B,edge,25,DONE,1.22532,1.2334,8.07595800006311,8.07595800006311,0.128,7.154,0.7939580000631103,,,0.0
S00008,Transcoder,cloud-1,cloud,14,DONE,1.24067,1.25219,11.519648000103189,63.51964800010319,0.187,10.194,1.1386480001031885,,,52.0
S00008,Transcoder,cloud-1,cloud,15,DONE,1.24431,1.2589,14.586740000140708,66.58674000014071,0.103,13.402,1.0817400001407087,,,52.0
S00009,IoT-GW,core-1,core,21,DONE,1.24577,1.25778,12.000494999938383,22.000494999938383,0.148,8.392,3.4604949999383834,,,10.0
S00001,vRAN-DU,edge-A,edge,24,DONE,1.25244,1.25888,6.4371209998626,6.4371209998626,0.12,5.303,1.0141209998626,,,0.0
S00002,vRAN-DU,edge-B,edge,26,DONE,1.26333,1.2701,6.7653080000127375,6.7653080000127375,0.148,5.231,1.386308000012738,,,0.0
S00004,UPF,core-1,core,31,DONE,1.26592,1.2703,4.378280000082668,16.37828000008267,0.132,3.44,0.8062800000826682,,,12.0
S00001,vRAN-DU,edge-A,edge,25,DONE,1.27873,1.28756,8.822960000088642,8.822960000088642,0.133,6.069,2.620960000088642,,,0.0
S00003,UPF,core-1,core,40,DONE,1.28343,1.28834,4.909300000008443,14.909300000008443,0.117,3.706,1.086300000008443,,,10.0
S00009,IoT-GW,core-1,core,22,DONE,1.29064,1.29369,3.043366999918362,13.043366999918362,0.122,2.061,0.8603669999183623,,,10.0
S00005,IMS-CSCF,cloud-1,cloud,35,DONE,1.30005,1.30411,4.067859000087992,54.06785900008799,0.25,2.688,1.129859000087992,,,50.0
S00002,vRAN-DU,edge-B,edge,27,DONE,1.30363,1.30961,5.978794000156995,5.978794000156995,0.113,4.731,1.1347940001569947,,,0.0
S00009,IoT-GW,core-1,core,23,DONE,1.32596,1.32847,2.513310999802343,12.513310999802343,0.096,1.426,0.9913109998023428,,,10.0
S00001,vRAN-DU,edge-A,edge,26,DONE,1.3348,1.33875,3.9484960000208957,3.9484960000208957,0.096,2.999,0.8534960000208955,,,0.0
S00007,Transcoder,cloud-1,cloud,19,DONE,1.33835,1.34889,10.540842999944289,60.54084299994429,0.094,9.055,1.3918429999442896,,,50.0
S00002,vRAN-DU,edge-B,edge,28,DONE,1.33852,1.34888,10.354915999869263,10.354915999869263,0.08,8.343,1.931915999869263,,,0.0
S00007,Transcoder,cloud-1,cloud,20,DONE,1.34212,1.34899,6.87768399984634,56.87768399984634,0.108,6.138,0.6316839998463406,,,50.0
S00004,UPF,core-1,core,32,DONE,1.35632,1.35977,3.4519189998718502,15.45191899987185,0.096,2.42,0.9359189998718502,,,12.0
S00010,IoT-GW,core-1,core,27,DONE,1.36411,1.3668,2.694772000040757,14.694772000040757,0.151,1.834,0.709772000040757,,,12.0
S00004,UPF,core-1,core,33,DONE,1.36431,1.36863,4.3193779999910475,16.319377999991048,0.073,2.695,1.5513779999910478,,,12.0
S00006,IMS-CSCF,cloud-1,cloud,25,DONE,1.36804,1.37179,3.752003000045079,55.75200300004508,0.307,2.762,0.6830030000450789,,,52.0
S00003,UPF,core-1,core,41,DONE,1.38018,1.38532,5.146556999989116,15.146556999989116,0.085,4.086,0.9755569999891156,,,10.0
S00009,IoT-GW,core-1,core,24,DONE,1.38284,1.38648,3.638829000010446,13.638829000010446,0.127,2.024,1.4878290000104464,,,10.0
S00010,IoT-GW,core-1,core,28,DONE,1.39675,1.39863,1.8802340000547701,13.88023400005477,0.077,1.177,0.6262340000547701,,,12.0
S00002,vRAN-DU,edge-B,edge,29,DONE,1.39812,1.40183,3.711356999929194,3.711356999929194,0.059,2.659,0.993356999929194,,,0.0
S00003,UPF,core-1,core,42,DONE,1.39868,1.40161,2.9345749999265536,12.934574999926554,0.054,1.788,1.0925749999265535,,,10.0
S00004,UPF,core-1,core,34,DONE,1.40635,1.40938,3.0363119999492483,15.036311999949248,0.056,2.519,0.4613119999492481,,,12.0
S00003,UPF,core-1,core,43,DONE,1.41259,1.41535,2.7600410001014097,12.76004100010141,0.064,2.114,0.5820410001014098,,,10.0
S00001,vRAN-DU,edge-A,edge,27,DONE,1.4165,1.42001,3.5140470001806534,3.5140470001806534,0.088,2.877,0.5490470001806536,,,0.0
S00010,IoT-GW,core-1,core,29,DONE,1.41979,1.42203,2.2415299999920535,14.241529999992053,0.062,1.462,0.7175299999920535,,,12.0
S00002,vRAN-DU,edge-B,edge,30,DONE,1.42209,1.42602,3.9267290001134825,3.9267290001134825,0.081,3.211,0.6347290001134827,,,0.0
S00009,IoT-GW,core-1,core,25,DONE,1.42603,1.42768,1.6455909999422147,11.645590999942215,0.069,1.036,0.5405909999422147,,,10.0
S00008,Transcoder,cloud-1,cloud,16,DONE,1.42768,1.43475,7.068309999795019,59.06830999979502,0.08,5.968,1.0203099997950194,,,52.0
S00007,Transcoder,cloud-1,cloud,21,DONE,1.43476,1.44168,6.91884899993056,56.91884899993056,0.061,6.147,0.71084899993056,,,50.0
S00009,IoT-GW,core-1,core,26,DONE,1.44017,1.44283,2.662621000126819,12.66262100012682,0.1,1.689,0.873621000126819,,,10.0
S00009,IoT-GW,core-1,core,27,DONE,1.46642,1.46879,2.373411999997188,12.373411999997188,0.255,1.247,0.8714119999971879,,,10.0
S00006,IMS-CSCF,cloud-1,cloud,26,DONE,1.46796,1.47099,3.0297949999749108,55.02979499997491,0.149,2.033,0.8477949999749108,,,52.0
S00008,Transcoder,cloud-1,cloud,17,DONE,1.48142,1.49556,14.134198999954606,66.1341989999546,0.235,10.789,3.1101989999546067,,,52.0
S00006,IMS-CSCF,cloud-1,cloud,27,DONE,1.48166,1.49173,10.069701000020359,62.06970100002036,0.293,6.397,3.3797010000203587,,,52.0
S00001,vRAN-DU,edge-A,edge,28,DONE,1.48172,1.49288,11.15459000016017,11.15459000016017,0.103,10.296,0.7555900001601703,,,0.0
S00002,vRAN-DU,edge-B,edge,31,DONE,1.48512,1.49901,13.897110000016255,13.897110000016255,0.087,8.895,4.915110000016256,,,0.0
S00010,IoT-GW,core-1,core,30,DONE,1.48774,1.49602,8.281010000018796,20.281010000018796,0.124,6.94,1.2170100000187958,,,12.0
S00001,vRAN-DU,edge-A,edge,29,DONE,1.49904,1.50547,6.4286509998510155,6.4286509998510155,0.088,5.028,1.3126509998510159,,,0.0
S00003,UPF,core-1,core,44,DONE,1.51387,1.52105,7.179458999871713,17.179458999871713,0.135,5.853,1.1914589998717133,,,10.0
S00004,UPF,core-1,core,35,DONE,1.51655,1.52167,5.123783999806619,17.12378399980662,0.129,4.297,0.6977839998066191,,,12.0
S00003,UPF,core-1,core,45,DONE,1.52178,1.52508,3.3043260000340524,13.304326000034052,0.079,2.582,0.6433260000340524,,,10.0
S00003,UPF,core-1,core,46,DONE,1.52637,1.52916,2.793853999946805,12.793853999946805,0.056,2.268,0.469853999946805,,,10.0
S00003,UPF,core-1,core,47,DONE,1.5325,1.5377,5.205621999948562,15.205621999948562,0.075,4.377,0.753621999948562,,,10.0
S00006,IMS-CSCF,cloud-1,cloud,28,DONE,1.55408,1.55771,3.628748999972231,55.62874899997223,0.288,1.919,1.4217489999722313,,,52.0
S00007,Transcoder,cloud-1,cloud,22,DONE,1.56611,1.58403,17.926905999956944,67.92690599995694,0.085,16.531,1.310905999956944,,,50.0
S00001,vRAN-DU,edge-A,edge,30,DONE,1.56758,1.57463,7.052887000099872,7.052887000099872,0.082,5.976,0.9948870000998724,,,0.0
S00004,UPF,core-1,core,36,DONE,1.56963,1.5782,8.561991000078706,20.561991000078706,0.074,7.887,0.6009910000787064,,,12.0
S00002,vRAN-DU,edge-B,edge,32,DONE,1.57294,1.58107,8.124201999862635,8.124201999862635,0.124,3.766,4.234201999862634,,,0.0
S00002,vRAN-DU,edge-B,edge,33,DONE,1.57951,1.58361,4.100006000044232,4.100006000044232,0.071,3.215,0.8140060000442317,,,0.0
S00002,vRAN-DU,edge-B,edge,34,DONE,1.59841,1.60747,9.060260999831371,9.060260999831371,0.184,4.128,4.748260999831371,,,0.0
S00004,UPF,core-1,core,37,DONE,1.60203,1.60534,3.3173060000990517,15.317306000099052,0.093,2.474,0.7503060000990516,,,12.0
S00004,UPF,core-1,core,38,DONE,1.60212,1.6077,5.579062999913731,17.57906299991373,3.077,1.917,0.5850629999137311,,,12.0
S00006,IMS-CSCF,cloud-1,cloud,29,DONE,1.60748,1.61002,2.532611999868095,54.532611999868095,0.082,1.751,0.6996119998680952,,,52.0
S00003,UPF,core-1,core,48,DONE,1.60889,1.61164,2.75458099986281,12.75458099986281,0.072,2.286,0.39658099986281004,,,10.0
S00004,UPF,core-1,core,39,DONE,1.61006,1.61384,3.78023000007488,15.78023000007488,0.1,3.271,0.4092300000748801,,,12.0
S00004,UPF,core-1,core,40,DONE,1.61282,1.61612,3.292195999847536,15.292195999847536,0.594,2.066,0.6321959998475362,,,12.0
S00008,Transcoder,cloud-1,cloud,18,DONE,1.62042,1.62773,7.3186529998565675,59.31865299985657,0.084,6.716,0.5186529998565677,,,52.0
S00009,IoT-GW,core-1,core,28,DONE,1.62291,1.62587,2.960913000151777,12.960913000151777,0.165,1.989,0.806913000151777,,,10.0
S00009,IoT-GW,core-1,core,29,DONE,1.62524,1.6285,3.2573949999914475,13.257394999991448,0.053,2.066,1.1383949999914478,,,10.0
S00002,vRAN-DU,edge-B,edge,35,DONE,1.6348,1.63833,3.5313559999394784,3.5313559999394784,0.134,2.745,0.6523559999394783,,,0.0
S00004,UPF,core-1,core,41,DONE,1.63495,1.63792,2.9692749999412626,14.969274999941263,0.143,2.184,0.6422749999412627,,,12.0
S00007,Transcoder,cloud-1,cloud,23,DONE,1.63793,1.646,8.07140500000969,58.07140500000969,0.089,7.009,0.9734050000096897,,,50.0
S00002,vRAN-DU,edge-B,edge,36,DONE,1.65243,1.65685,4.418218999944656,4.418218999944656,0.082,3.608,0.7282189999446564,,,0.0
S00005,IMS-CSCF,cloud-1,cloud,36,DONE,1.65383,1.65812,4.284055999960401,54.2840559999604,0.126,3.48,0.6780559999604012,,,50.0
S00005,IMS-CSCF,cloud-1,cloud,37,DONE,1.65686,1.65971,2.851020999969478,52.85102099996948,0.589,1.423,0.839020999969478,,,50.0
S00002,vRAN-DU,edge-B,edge,37,DONE,1.66192,1.6661,4.172748000200954,4.172748000200954,0.112,3.245,0.8157480002009541,,,0.0
S00010,IoT-GW,core-1,core,31,DONE,1.66741,1.6698,2.3944490001213126,14.394449000121313,0.088,1.588,0.7184490001213124,,,12.0
S00006,IMS-CSCF,cloud-1,cloud,30,DONE,1.67308,1.67565,2.570350000041799,54.5703500000418,0.089,1.742,0.739350000041799,,,52.0
S00002,vRAN-DU,edge-B,edge,38,DONE,1.68307,1.68728,4.214226000158305,4.214226000158305,0.105,3.086,1.0232260001583056,,,0.0
S00008,Transcoder,cloud-1,cloud,19,DONE,1.68857,1.70384,15.271509000058359,67.27150900005836,0.161,14.204,0.9065090000583584,,,52.0
S00006,IMS-CSCF,cloud-1,cloud,31,DONE,1.69207,1.697,4.930214999831151,56.93021499983115,0.132,3.906,0.8922149998311504,,,52.0
S00010,IoT-GW,core-1,core,32,DONE,1.69352,1.70606,12.537744999917777,24.537744999917777,0.135,10.151,2.2517449999177774,,,12.0
S00008,Transcoder,cloud-1,cloud,20,DONE,1.69488,1.71619,21.307773999978963,73.30777399997896,0.106,19.536,1.6657739999789598,,,52.0
S00008,Transcoder,cloud-1,cloud,21,DONE,1.69831,1.71624,17.93469099993672,69.93469099993672,5.023,11.899,1.0126909999367228,,,52.0
S00002,vRAN-DU,edge-B,edge,39,DONE,1.69991,1.72063,20.728002000169,20.728002000169,0.185,17.039,3.504002000168999,,,0.0
S00004,UPF,core-1,core,42,DONE,1.70256,1.71617,13.607641999897169,25.60764199989717,0.128,9.486,3.993641999897168,,,12.0
S00002,vRAN-DU,edge-B,edge,40,DONE,1.71627,1.72186,5.590792000020883,5.590792000020883,0.299,3.755,1.536792000020883,,,0.0
S00004,UPF,core-1,core,43,DONE,1.71647,1.72181,5.339538999805882,17.33953899980588,0.113,4.05,1.1765389998058815,,,12.0
S00003,UPF,core-1,core,49,DONE,1.72065,1.72558,4.929972000127236,14.929972000127236,0.083,3.803,1.0439720001272361,,,10.0
S00010,IoT-GW,core-1,core,33,DONE,1.72428,1.72709,2.8127540001605666,14.812754000160567,0.089,2.018,0.7057540001605669,,,12.0
S00007,Transcoder,cloud-1,cloud,24,DONE,1.73047,1.74841,17.94682600007036,67.94682600007036,0.108,16.435,1.4038260000703602,,,50.0
S00006,IMS-CSCF,cloud-1,cloud,32,DONE,1.7326,1.73567,3.072081000027538,55.07208100002754,0.101,2.348,0.623081000027538,,,52.0
S00003,UPF,core-1,core,50,DONE,1.7334,1.75279,19.392556999946464,29.392556999946464,0.102,14.078,5.2125569999464645,,,10.0
S00003,UPF,core-1,core,51,DONE,1.73788,1.75879,20.91373799999019,30.91373799999019,11.042,7.888,1.9837379999901898,,,10.0
S00005,IMS-CSCF,cloud-1,cloud,38,DONE,1.74844,1.7549,6.459125999981552,56.45912599998155,0.079,4.106,2.2741259999815524,,,50.0
S00009,IoT-GW,core-1,core,30,DONE,1.74857,1.75912,10.550076000072295,20.550076000072295,0.388,9.265,0.8970760000722944,,,10.0
S00010,IoT-GW,core-1,core,34,DONE,1.74864,1.75877,10.131408999995983,22.131408999995983,0.502,7.36,2.2694089999959832,,,12.0
S00002,vRAN-DU,edge-B,edge,41,DONE,1.75281,1.76091,8.101965999912863,8.101965999912863,0.168,7.268,0.6659659999128635,,,0.0
S00005,IMS-CSCF,cloud-1,cloud,39,DONE,1.75296,1.7595,6.532425000159492,56.53242500015949,0.064,5.695,0.7734250001594916,,,50.0
S00010,IoT-GW,core-1,core,35,DONE,1.75491,1.76063,5.721841999957178,17.721841999957178,0.108,2.703,2.910841999957178,,,12.0
S00010,IoT-GW,core-1,core,36,DONE,1.76527,1.76794,2.6731779998954153,14.673177999895415,0.114,1.636,0.9231779998954153,,,12.0
S00006,IMS-CSCF,cloud-1,cloud,33,DONE,1.76767,1.7708,3.130397999939305,55.130397999939305,0.16,2.136,0.8343979999393047,,,52.0
S00001,vRAN-DU,edge-A,edge,31,DONE,1.7721,1.77813,6.031050000046889,6.031050000046889,0.086,5.222,0.7230500000468885,,,0.0
S00010,IoT-GW,core-1,core,37,DONE,1.77446,1.77651,2.0465979998789408,14.04659799987894,0.075,1.325,0.6465979998789408,,,12.0
S00001,vRAN-DU,edge-A,edge,32,DONE,1.7945,1.7986,4.098427999906562,4.098427999906562,0.103,3.062,0.933427999906562,,,0.0
S00006,IMS-CSCF,cloud-1,cloud,34,DONE,1.79591,1.79969,3.773606000095242,55.77360600009524,0.179,2.806,0.7886060000952422,,,52.0
S00005,IMS-CSCF,cloud-1,cloud,40,DONE,1.7997,1.80239,2.689639999971405,52.689639999971405,0.202,1.976,0.511639999971405,,,50.0
S00006,IMS-CSCF,cloud-1,cloud,35,DONE,1.80564,1.80794,2.2988489999988815,54.29884899999888,0.093,1.537,0.6688489999988816,,,52.0
S00008,Transcoder,cloud-1,cloud,22,DONE,1.81944,1.83363,14.191409999966709,66.19140999996671,0.086,13.165,0.9404099999667093,,,52.0
S00009,IoT-GW,core-1,core,31,DONE,1.82799,1.83065,2.6583439998830727,12.658343999883073,0.079,1.333,1.2463439998830728,,,10.0
S00007,Transcoder,cloud-1,cloud,25,DONE,1.82814,1.83713,8.986609999965367,58.98660999996537,0.094,7.681,1.2116099999653667,,,50.0
S00005,IMS-CSCF,cloud-1,cloud,41,DONE,1.83294,1.83735,4.413603000102739,54.41360300010274,0.064,3.249,1.1006030001027391,,,50.0
S00009,IoT-GW,core-1,core,32,DONE,1.83365,1.83627,2.6215269999738666,12.621526999973867,0.06,1.148,1.4135269999738667,,,10.0
S00010,IoT-GW,core-1,core,38,DONE,1.83628,1.8386,2.3147850001805637,14.314785000180564,0.052,1.85,0.4127850001805635,,,12.0
S00007,Transcoder,cloud-1,cloud,26,DONE,1.85797,1.86612,8.152525000014066,58.152525000014066,0.084,7.313,0.7555250000140665,,,50.0
S00010,IoT-GW,core-1,core,39,DONE,1.85815,1.86004,1.8853750000289438,13.885375000028944,0.085,1.108,0.6923750000289437,,,12.0
S00010,IoT-GW,core-1,core,40,DONE,1.86005,1.86181,1.7600830001356371,13.760083000135637,0.056,1.093,0.6110830001356371,,,12.0
S00006,IMS-CSCF,cloud-1,cloud,36,DONE,1.8725,1.87505,2.5449830000070506,54.54498300000705,0.084,1.668,0.7929830000070506,,,52.0
S00006,IMS-CSCF,cloud-1,cloud,37,DONE,1.8783,1.88043,2.1301389999734965,54.1301389999735,0.07,1.369,0.6911389999734965,,,52.0
S00004,UPF,core-1,core,44,DONE,1.87848,1.88197,3.4927700000935147,15.492770000093515,0.076,2.746,0.6707700000935146,,,12.0
S00010,IoT-GW,core-1,core,41,DONE,1.88045,1.88237,1.9198689999484486,13.919868999948449,0.089,1.222,0.6088689999484487,,,12.0
S00002,vRAN-DU,edge-B,edge,42,DONE,1.88238,1.88601,3.6351460000787483,3.6351460000787483,0.08,3.056,0.4991460000787482,,,0.0
S00006,IMS-CSCF,cloud-1,cloud,38,DONE,1.8825,1.88411,1.611907000096835,53.611907000096835,0.057,1.195,0.35990700009683496,,,52.0
S00009,IoT-GW,core-1,core,33,DONE,1.88928,1.8917,2.4195430000872875,12.419543000087288,0.121,1.615,0.6835430000872875,,,10.0
S00004,UPF,core-1,core,45,DONE,1.88944,1.89255,3.1117700000322657,15.111770000032266,0.091,2.257,0.7637700000322654,,,12.0
S00004,UPF,core-1,core,46,DONE,1.89981,1.90644,6.625643000006676,18.625643000006676,0.102,5.686,0.8376430000066755,,,12.0
S00001,vRAN-DU,edge-A,edge,33,DONE,1.90493,1.90965,4.723064000017985,4.723064000017985,0.11,3.638,0.9750640000179849,,,0.0
S00001,vRAN-DU,edge-A,edge,34,DONE,1.91605,1.92301,6.953877000114517,6.953877000114517,0.107,3.899,2.9478770001145165,,,0.0
S00003,UPF,core-1,core,52,DONE,1.91643,1.92339,6.9578539998929045,16.957853999892905,0.109,6.211,0.6378539998929043,,,10.0
S00010,IoT-GW,core-1,core,42,DONE,1.93369,1.93623,2.543431000049168,14.543431000049168,0.08,1.738,0.7254310000491677,,,12.0
S00003,UPF,core-1,core,53,DONE,1.93506,1.93777,2.706622999994579,12.706622999994579,0.111,2.038,0.557622999994579,,,10.0
S00003,UPF,core-1,core,54,DONE,1.94415,1.94795,3.796494999960487,13.796494999960487,0.08,2.901,0.815494999960487,,,10.0
S00009,IoT-GW,core-1,core,34,DONE,1.95327,1.95546,2.1885010000914917,12.188501000091492,0.096,1.273,0.8195010000914917,,,10.0
S00004,UPF,core-1,core,47,DONE,1.95775,1.96142,3.6731010000039532,15.673101000003953,0.064,2.908,0.7011010000039533,,,12.0
S00005,IMS-CSCF,cloud-1,cloud,42,DONE,1.97179,1.97452,2.7349319998393185,52.73493199983932,0.121,1.697,0.9169319998393184,,,50.0
S00003,UPF,core-1,core,55,DONE,1.97453,1.97743,2.8958360001070105,12.89583600010701,0.093,2.188,0.6148360001070103,,,10.0
S00006,IMS-CSCF,cloud-1,cloud,39,DONE,1.97967,1.98193,2.258331000120961,54.25833100012096,0.074,1.563,0.6213310001209611,,,52.0
S00010,IoT-GW,core-1,core,43,DONE,1.98315,1.98533,2.174848999857204,14.174848999857204,0.188,0.969,1.017848999857204,,,12.0
S00005,IMS-CSCF,cloud-1,cloud,43,DONE,1.98452,1.98834,3.820789999963381,53.82078999996338,0.062,1.426,2.332789999963381,,,50.0
S00002,vRAN-DU,edge-B,edge,43,DONE,1.98461,1.98854,3.929059999791207,3.929059999791207,0.082,3.218,0.629059999791207,,,0.0
S00009,IoT-GW,core-1,core,35,DONE,2.00287,2.00503,2.1620750001147826,12.162075000114783,0.096,1.238,0.8280750001147825,,,10.0
S00002,vRAN-DU,edge-B,edge,44,DONE,2.00832,2.01199,3.6702369998238282,3.6702369998238282,0.084,2.847,0.7392369998238282,,,0.0
S00006,IMS-CSCF,cloud-1,cloud,40,DONE,2.0264,2.02885,2.44602899988422,54.44602899988422,0.103,1.575,0.76802899988422,,,52.0
S00006,IMS-CSCF,cloud-1,cloud,41,DONE,2.02657,2.03045,3.8814199999706034,55.8814199999706,1.853,1.406,0.6224199999706035,,,52.0
S00010,IoT-GW,core-1,core,44,DONE,2.03046,2.03227,1.8045709998659731,13.804570999865973,0.077,1.123,0.6045709998659732,,,12.0
S00002,vRAN-DU,edge-B,edge,45,DONE,2.03354,2.03729,3.752851000172086,3.752851000172086,0.089,2.952,0.7118510001720861,,,0.0
S00008,Transcoder,cloud-1,cloud,23,DONE,2.03363,2.04084,7.211891000224568,59.21189100022457,0.102,6.256,0.8538910002245679,,,52.0
S00002,vRAN-DU,edge-B,edge,46,DONE,2.05127,2.05514,3.8736819999485306,3.8736819999485306,0.084,2.944,0.8456819999485305,,,0.0
S00007,Transcoder,cloud-1,cloud,27,DONE,2.05147,2.05859,7.120764000092095,57.120764000092095,0.078,6.493,0.549764000092094,,,50.0
S00004,UPF,core-1,core,48,DONE,2.06996,2.07347,3.509620000158975,15.509620000158975,0.114,2.441,0.9546200001589753,,,12.0
S00002,vRAN-DU,edge-B,edge,47,DONE,2.07349,2.07781,4.3238560001555015,4.3238560001555015,0.091,3.761,0.4718560001555012,,,0.0
S00005,IMS-CSCF,cloud-1,cloud,44,DONE,2.0748,2.07694,2.139054000053875,52.139054000053875,0.079,1.351,0.709054000053875,,,50.0
S00001,vRAN-DU,edge-A,edge,35,DONE,2.07696,2.08057,3.61263400009193,3.61263400009193,0.077,2.654,0.88163400009193,,,0.0
S00005,IMS-CSCF,cloud-1,cloud,45,DONE,2.08688,2.08932,2.4415049999788607,52.44150499997886,0.085,1.522,0.8345049999788607,,,50.0
S00009,IoT-GW,core-1,core,36,DONE,2.08827,2.09694,8.672612000054869,18.67261200005487,0.078,7.8,0.7946120000548689,,,10.0
S00001,vRAN-DU,edge-A,edge,36,DONE,2.08844,2.09764,9.202485000059824,9.202485000059824,0.073,8.34,0.7894850000598232,,,0.0
S00005,IMS-CSCF,cloud-1,cloud,46,DONE,2.08933,2.09393,4.59933600018303,54.59933600018303,0.059,4.068,0.4723360001830299,,,50.0
S00007,Transcoder,cloud-1,cloud,28,DONE,2.09104,2.09873,7.688435000090976,57.688435000090976,0.055,7.22,0.4134350000909768,,,50.0
S00004,UPF,core-1,core,49,DONE,2.09695,2.10106,4.115498000146545,16.115498000146545,0.057,3.475,0.5834980001465446,,,12.0
S00001,vRAN-DU,edge-A,edge,37,DONE,2.09878,2.10275,3.9728130000185047,3.9728130000185047,0.06,3.18,0.7328130000185045,,,0.0
S00010,IoT-GW,core-1,core,45,DONE,2.10108,2.10287,1.7982249999022315,13.798224999902232,0.08,1.293,0.4252249999022315,,,12.0
S00010,IoT-GW,core-1,core,46,DONE,2.11033,2.11235,2.022299999907773,14.022299999907773,0.082,1.176,0.7642999999077729,,,12.0
S00007,Transcoder,cloud-1,cloud,29,DONE,2.11364,2.12546,11.824177000107738,61.82417700010774,0.084,11.141,0.5991770001077388,,,50.0
S00004,UPF,core-1,core,50,DONE,2.11599,2.12061,4.618008000079499,16.6180080000795,0.072,3.677,0.8690080000794986,,,12.0
S00002,vRAN-DU,edge-B,edge,48,DONE,2.11734,2.12122,3.8812419998066616,3.8812419998066616,0.083,3.275,0.5232419998066615,,,0.0
S00009,IoT-GW,core-1,core,37,DONE,2.11965,2.12303,3.3803359999637905,13.38033599996379,0.155,2.457,0.7683359999637909,,,10.0
S00004,UPF,core-1,core,51,DONE,2.11973,2.12268,2.9514959999232815,14.951495999923281,0.054,2.163,0.7344959999232819,,,12.0
S00007,Transcoder,cloud-1,cloud,30,DONE,2.1328,2.14574,12.945661000003383,62.94566100000338,0.096,11.981,0.8686610000033834,,,50.0
S00006,IMS-CSCF,cloud-1,cloud,42,DONE,2.13534,2.14565,10.30768500004342,62.30768500004342,0.079,9.5,0.72868500004342,,,52.0
S00001,vRAN-DU,edge-A,edge,38,DONE,2.1355,2.14053,5.03455800003394,5.03455800003394,0.081,2.986,1.9675580000339394,,,0.0
S00004,UPF,core-1,core,52,DONE,2.13558,2.14115,5.567292000023372,17.56729200002337,0.142,4.577,0.8482920000233714,,,12.0
S00004,UPF,core-1,core,53,DONE,2.1379,2.14525,7.351699999844641,19.35169999984464,3.347,3.329,0.6756999998446407,,,12.0
S00004,UPF,core-1,core,54,DONE,2.1445,2.14798,3.478605999816864,15.478605999816864,0.059,2.481,0.9386059998168639,,,12.0
S00005,IMS-CSCF,cloud-1,cloud,47,DONE,2.14699,2.14982,2.830210000183797,52.8302100001838,0.099,2.205,0.5262100001837968,,,50.0
S00006,IMS-CSCF,cloud-1,cloud,43,DONE,2.14799,2.1509,2.9058990000976337,54.905899000097634,0.067,2.38,0.4588990000976336,,,52.0
S00005,IMS-CSCF,cloud-1,cloud,48,DONE,2.14988,2.15186,1.9744310000078258,51.974431000007826,0.054,1.46,0.4604310000078258,,,50.0
S00003,UPF,core-1,core,56,DONE,2.15633,2.16112,4.798486000026969,14.79848600002697,0.852,2.967,0.9794860000269692,,,10.0
S00002,vRAN-DU,edge-B,edge,49,DONE,2.16345,2.1676,4.146796000213726,4.146796000213726,0.103,3.136,0.9077960002137258,,,0.0
S00010,IoT-GW,core-1,core,47,DONE,2.16886,2.17093,2.0646610000767396,14.06466100007674,0.097,1.202,0.7656610000767397,,,12.0
S00001,vRAN-DU,edge-A,edge,39,DONE,2.17754,2.18342,5.878458000097453,5.878458000097453,0.092,4.537,1.2494580000974533,,,0.0
S00006,IMS-CSCF,cloud-1,cloud,44,DONE,2.19188,2.1945,2.625583000053666,54.625583000053666,0.153,1.586,0.8865830000536661,,,52.0
S00010,IoT-GW,core-1,core,48,DONE,2.19778,2.19998,2.197161000140113,14.197161000140113,0.147,1.246,0.8041610001401132,,,12.0
S00010,IoT-GW,core-1,core,49,DONE,2.21441,2.21731,2.9042569999546686,14.904256999954669,0.096,1.749,1.0592569999546684,,,12.0
S00009,IoT-GW,core-1,core,38,DONE,2.21585,2.21803,2.1826330000749294,12.18263300007493,0.132,1.089,0.9616330000749294,,,10.0
S00006,IMS-CSCF,cloud-1,cloud,45,DONE,2.21772,2.22034,2.6205260001006536,54.620526000100654,0.082,1.918,0.6205260001006536,,,52.0
S00006,IMS-CSCF,cloud-1,cloud,46,DONE,2.22163,2.22397,2.3450940000202536,54.345094000020254,0.081,1.591,0.6730940000202537,,,52.0
S00006,IMS-CSCF,cloud-1,cloud,47,DONE,2.22176,2.22569,3.930828999955338,55.93082899995534,1.85,1.462,0.6188289999553378,,,52.0
S00006,IMS-CSCF,cloud-1,cloud,48,DONE,2.2257,2.22794,2.2418889998334635,54.24188899983346,0.054,1.68,0.5078889998334635,,,52.0
S00005,IMS-CSCF,cloud-1,cloud,49,DONE,2.23834,2.24089,2.5489800000286778,52.54898000002868,0.089,1.755,0.7049800000286779,,,50.0
S00006,IMS-CSCF,cloud-1,cloud,49,DONE,2.23975,2.2423,2.552680999997392,54.55268099999739,0.088,1.77,0.694680999997392,,,52.0
S00005,IMS-CSCF,cloud-1,cloud,50,DONE,2.24454,2.24693,2.3844820000249456,52.384482000024946,0.064,1.767,0.5534820000249456,,,50.0
S00004,UPF,core-1,core,55,DONE,2.25135,2.25493,3.5752270000557473,15.575227000055747,0.108,2.528,0.9392270000557472,,,12.0
S00003,UPF,core-1,core,57,DONE,2.25836,2.26276,4.3933340000421595,14.39333400004216,0.077,3.629,0.6873340000421595,,,10.0
S00001,vRAN-DU,edge-A,edge,40,DONE,2.26189,2.26629,4.403968000133318,4.403968000133318,0.113,3.079,1.211968000133318,,,0.0
S00009,IoT-GW,core-1,core,39,DONE,2.27673,2.27869,1.9660030000068218,11.966003000006822,0.16,1.096,0.7100030000068218,,,10.0
S00002,vRAN-DU,edge-B,edge,50,DONE,2.27814,2.28243,4.294526999956361,4.294526999956361,0.309,3.192,0.7935269999563603,,,0.0
S00003,UPF,core-1,core,58,DONE,2.28368,2.2867,3.0182819998572086,13.018281999857209,0.076,2.282,0.6602819998572085,,,10.0
S00008,Transcoder,cloud-1,cloud,24,DONE,2.29206,2.30126,9.203777000038826,61.203777000038826,0.086,8.383,0.734777000038827,,,52.0
S00002,vRAN-DU,edge-B,edge,51,DONE,2.2923,2.2996,7.297623000113163,7.297623000113163,0.083,6.34,0.8746230001131625,,,0.0
S00002,vRAN-DU,edge-B,edge,52,DONE,2.29364,2.30159,7.953556999837019,7.953556999837019,0.065,7.372,0.516556999837019,,,0.0
S00006,IMS-CSCF,cloud-1,cloud,50,DONE,2.29856,2.3016,3.041866999865306,55.041866999865306,0.198,1.616,1.2278669998653058,,,52.0
S00002,vRAN-DU,edge-B,edge,53,DONE,2.29871,2.30315,4.434277999962433,4.434277999962433,0.054,3.604,0.7762779999624327,,,0.0
S00010,IoT-GW,core-1,core,50,DONE,2.30538,2.30726,1.8815000000813598,13.88150000008136,0.087,1.184,0.6105000000813599,,,12.0
S00009,IoT-GW,core-1,core,40,DONE,2.31357,2.31547,1.9069009999839182,11.906900999983918,0.081,1.101,0.7249009999839182,,,10.0
S00002,vRAN-DU,edge-B,edge,54,DONE,2.31499,2.31868,3.691696000032607,3.691696000032607,0.084,2.691,0.9166960000326072,,,0.0
S00001,vRAN-DU,edge-A,edge,41,DONE,2.32094,2.32523,4.293598999993264,4.293598999993264,0.091,3.291,0.9115989999932643,,,0.0
S00007,Transcoder,cloud-1,cloud,31,DONE,2.32755,2.3406,13.05194799988385,63.05194799988385,0.116,12.205,0.7309479998838508,,,50.0
S00002,vRAN-DU,edge-B,edge,55,DONE,2.32895,2.33716,8.205692000046838,8.205692000046838,0.111,7.25,0.8446920000468383,,,0.0
S00009,IoT-GW,core-1,core,41,DONE,2.33263,2.34009,7.459917999995014,17.459917999995014,0.112,6.578,0.7699179999950134,,,10.0
S00006,IMS-CSCF,cloud-1,cloud,51,DONE,2.33494,2.33957,4.629126000054384,56.629126000054384,0.114,2.872,1.6431260000543846,,,52.0
S00007,Transcoder,cloud-1,cloud,32,DONE,2.33732,2.34834,11.017245999937586,61.017245999937586,0.117,8.944,1.9562459999375843,,,50.0
S00004,UPF,core-1,core,56,DONE,2.33747,2.34398,6.511068999998315,18.511068999998315,0.106,5.574,0.8310689999983154,,,12.0
S00008,Transcoder,cloud-1,cloud,25,DONE,2.3508,2.35899,8.190908999949897,60.1909089999499,0.114,7.556,0.5209089999498975,,,52.0
S00001,vRAN-DU,edge-A,edge,42,DONE,2.35322,2.3587,5.480457999965438,5.480457999965438,0.086,4.625,0.7694579999654376,,,0.0
S00003,UPF,core-1,core,59,DONE,2.35653,2.36031,3.7814410000009957,13.781441000000996,0.079,3.008,0.6944410000009955,,,10.0
S00010,IoT-GW,core-1,core,51,DONE,2.36474,2.36739,2.652187999956368,14.652187999956368,0.143,1.532,0.977187999956368,,,12.0
S00003,UPF,core-1,core,60,DONE,2.3718,2.37859,6.78650200006814,16.78650200006814,0.194,2.684,3.9085020000681396,,,10.0
S00001,vRAN-DU,edge-A,edge,43,DONE,2.37215,2.37603,3.87992499986467,3.87992499986467,0.091,3.092,0.6969249998646698,,,0.0
S00006,IMS-CSCF,cloud-1,cloud,52,DONE,2.37248,2.37566,3.184715000088545,55.184715000088545,0.128,2.433,0.623715000088545,,,52.0
S00003,UPF,core-1,core,61,DONE,2.37491,2.38112,6.21140600014769,16.21140600014769,2.835,2.337,1.0394060001476895,,,10.0
S00001,vRAN-DU,edge-A,edge,44,DONE,2.38442,2.38941,4.988064000144732,4.988064000144732,0.099,4.021,0.8680640001447317,,,0.0
S00003,UPF,core-1,core,62,DONE,2.38678,2.39072,3.939317000003939,13.939317000003939,0.083,3.182,0.6743170000039389,,,10.0
S00004,UPF,core-1,core,57,DONE,2.38949,2.39311,3.6233849998552614,15.623384999855261,0.409,2.534,0.6803849998552618,,,12.0
S00004,UPF,core-1,core,58,DONE,2.39323,2.39635,3.12082499999633,15.12082499999633,0.076,2.094,0.9508249999963301,,,12.0
S00002,vRAN-DU,edge-B,edge,56,DONE,2.39553,2.40027,4.7408580001047085,4.7408580001047085,0.092,3.969,0.6798580001047085,,,0.0
S00001,vRAN-DU,edge-A,edge,45,DONE,2.40461,2.40884,4.226793000043472,4.226793000043472,0.086,3.243,0.897793000043472,,,0.0
S00010,IoT-GW,core-1,core,52,DONE,2.41128,2.41369,2.4046190001172363,14.404619000117236,0.114,1.438,0.8526190001172362,,,12.0
S00002,vRAN-DU,edge-B,edge,57,DONE,2.41918,2.42412,4.939079999985552,4.939079999985552,0.091,3.523,1.3250799999855514,,,0.0
S00003,UPF,core-1,core,63,DONE,2.423,2.42774,4.744784999957119,14.744784999957119,0.083,3.843,0.8187849999571188,,,10.0
S00010,IoT-GW,core-1,core,53,DONE,2.42749,2.42984,2.3493520000101853,14.349352000010185,0.137,1.092,1.1203520000101852,,,12.0
S00010,IoT-GW,core-1,core,54,DONE,2.4362,2.43944,3.2363929999519314,15.236392999951931,0.109,1.658,1.4693929999519315,,,12.0
S00009,IoT-GW,core-1,core,42,DONE,2.44183,2.44573,3.8989370000308554,13.898937000030855,0.093,2.954,0.8519370000308553,,,10.0
S00001,vRAN-DU,edge-A,edge,46,DONE,2.44201,2.44782,5.810089000078733,5.810089000078733,0.086,4.942,0.7820890000787326,,,0.0
S00009,IoT-GW,core-1,core,43,DONE,2.44583,2.44879,2.956189000087761,12.956189000087761,0.1,1.779,1.077189000087761,,,10.0
S00010,IoT-GW,core-1,core,55,DONE,2.44762,2.45072,3.1054409998887422,15.105440999888742,0.085,1.313,1.7074409998887423,,,12.0
S00010,IoT-GW,core-1,core,56,DONE,2.46108,2.46584,4.76303700020253,16.76303700020253,0.106,1.985,2.67203700020253,,,12.0
S00009,IoT-GW,core-1,core,44,DONE,2.46371,2.46815,4.4385740000052465,14.438574000005246,0.068,1.397,2.9735740000052466,,,10.0
S00002,vRAN-DU,edge-B,edge,58,DONE,2.46586,2.47704,11.180447000015192,11.180447000015192,1.308,5.81,4.062447000015193,,,0.0
S00001,vRAN-DU,edge-A,edge,47,DONE,2.47337,2.48112,7.749006000040026,7.749006000040026,0.103,6.699,0.9470060000400267,,,0.0
S00009,IoT-GW,core-1,core,45,DONE,2.4735,2.47705,3.5533410000425647,13.553341000042565,0.098,1.512,1.9433410000425646,,,10.0
S00009,IoT-GW,core-1,core,46,DONE,2.47706,2.47866,1.6018129999793018,11.601812999979302,0.064,0.884,0.6538129999793019,,,10.0
S00004,UPF,core-1,core,59,DONE,2.48113,2.48539,4.265976999931809,16.26597699993181,0.069,3.48,0.7169769999318087,,,12.0
S00007,Transcoder,cloud-1,cloud,33,DONE,2.48269,2.49093,8.244025999829319,58.24402599982932,0.079,7.401,0.7640259998293191,,,50.0
S00004,UPF,core-1,core,60,DONE,2.48775,2.49098,3.232177999962005,15.232177999962005,0.134,2.28,0.8181779999620051,,,12.0
S00006,IMS-CSCF,cloud-1,cloud,53,DONE,2.49241,2.49526,2.847133999921425,54.847133999921425,0.097,1.713,1.037133999921425,,,52.0
S00010,IoT-GW,core-1,core,57,DONE,2.49256,2.49598,3.41742599994177,15.41742599994177,0.087,2.507,0.8234259999417697,,,12.0
S00005,IMS-CSCF,cloud-1,cloud,51,DONE,2.4946,2.49913,4.535318000080224,54.535318000080224,0.061,3.727,0.7473180000802242,,,50.0
S00010,IoT-GW,core-1,core,58,DONE,2.49473,2.49782,3.0883150000136084,15.088315000013608,0.052,1.886,1.1503150000136084,,,12.0
S00003,UPF,core-1,core,64,DONE,2.49599,2.49915,3.1602049998582515,13.160204999858252,0.06,2.599,0.5012049998582513,,,10.0
S00004,UPF,core-1,core,61,DONE,2.50452,2.50753,3.0088270000305783,15.008827000030578,0.079,2.215,0.7148270000305783,,,12.0
S00010,IoT-GW,core-1,core,59,DONE,2.51388,2.51599,2.109173999997438,14.109173999997438,0.083,1.167,0.8591739999974379,,,12.0
S00005,IMS-CSCF,cloud-1,cloud,52,DONE,2.51533,2.51743,2.0987129998957244,52.098712999895724,0.081,1.539,0.47871299989572447,,,50.0
S00005,IMS-CSCF,cloud-1,cloud,53,DONE,2.51721,2.5191,1.8854160000500997,51.8854160000501,0.045,1.371,0.46941600005009976,,,50.0
S00006,IMS-CSCF,cloud-1,cloud,54,DONE,2.52032,2.52234,2.014491999943857,54.01449199994386,0.063,1.353,0.5984919999438572,,,52.0
S00005,IMS-CSCF,cloud-1,cloud,54,DONE,2.52235,2.52429,1.9410940001307608,51.94109400013076,0.054,1.302,0.5850940001307607,,,50.0
S00007,Transcoder,cloud-1,cloud,34,DONE,2.5243,2.53071,6.4125789999707195,56.41257899997072,0.051,5.884,0.47757899997071895,,,50.0
S00006,IMS-CSCF,cloud-1,cloud,55,DONE,2.52465,2.52861,3.9596550000169373,55.95965500001694,0.046,1.092,2.8216550000169374,,,52.0
S00010,IoT-GW,core-1,core,60,DONE,2.52983,2.53168,1.843492999796581,13.843492999796581,0.113,1.253,0.4774929997965811,,,12.0
S00006,IMS-CSCF,cloud-1,cloud,56,DONE,2.56102,2.56336,2.33757399996648,54.33757399996648,0.062,1.592,0.68357399996648,,,52.0
S00003,UPF,core-1,core,65,DONE,2.56238,2.56549,3.1079600000794017,13.107960000079402,0.081,2.465,0.5619600000794018,,,10.0
S00006,IMS-CSCF,cloud-1,cloud,57,DONE,2.56668,2.56932,2.6334830001815135,54.63348300018151,0.087,1.768,0.7784830001815135,,,52.0
S00005,IMS-CSCF,cloud-1,cloud,55,DONE,2.56902,2.57112,2.098169999953825,52.098169999953825,0.055,1.475,0.568169999953825,,,50.0
S00002,vRAN-DU,edge-B,edge,59,DONE,2.57453,2.57942,4.88996700005373,4.88996700005373,0.055,3.544,1.2909670000537297,,,0.0
S00009,IoT-GW,core-1,core,47,DONE,2.57801,2.57959,1.5800579999449837,11.580057999944984,0.08,0.961,0.5390579999449838,,,10.0
S00002,vRAN-DU,edge-B,edge,60,DONE,2.58399,2.58881,4.820768999934444,4.820768999934444,0.213,3.778,0.8297689999344438,,,0.0
S00009,IoT-GW,core-1,core,48,DONE,2.58538,2.59031,4.928758000005473,14.928758000005473,0.134,4.088,0.7067580000054727,,,10.0
S00009,IoT-GW,core-1,core,49,DONE,2.59666,2.60094,4.279300999996849,14.279300999996849,0.206,2.422,1.6513009999968489,,,10.0
S00004,UPF,core-1,core,62,DONE,2.59683,2.60096,4.130774000032034,16.130774000032034,0.08,3.092,0.9587740000320335,,,12.0
S00005,IMS-CSCF,cloud-1,cloud,56,DONE,2.60638,2.61093,4.548108999870237,54.54810899987024,0.12,3.448,0.9801089998702373,,,50.0
S00009,IoT-GW,core-1,core,50,DONE,2.60663,2.61101,4.380290999961289,14.38029099996129,0.094,3.242,1.0442909999612895,,,10.0
S00006,IMS-CSCF,cloud-1,cloud,58,DONE,2.61005,2.61402,3.9783760000773327,55.97837600007733,0.115,2.342,1.5213760000773324,,,52.0
S00006,IMS-CSCF,cloud-1,cloud,59,DONE,2.61539,2.62102,5.625303999977405,57.625303999977405,0.124,1.785,3.716303999977405,,,52.0
S00002,vRAN-DU,edge-B,edge,61,DONE,2.61553,2.62103,5.507685000111451,5.507685000111451,0.113,3.214,2.180685000111451,,,0.0
S00007,Transcoder,cloud-1,cloud,35,DONE,2.61563,2.62556,9.928723000030004,59.928723000030004,0.273,9.003,0.6527230000300044,,,50.0
S00004,UPF,core-1,core,63,DONE,2.62104,2.62878,7.741178000060245,19.741178000060245,0.192,2.506,5.043178000060244,,,12.0
S00004,UPF,core-1,core,64,DONE,2.62121,2.63147,10.259224000037648,22.259224000037648,2.993,2.426,4.840224000037647,,,12.0
S00004,UPF,core-1,core,65,DONE,2.63888,2.64258,3.698101000054521,15.698101000054521,0.092,2.578,1.0281010000545212,,,12.0
S00005,IMS-CSCF,cloud-1,cloud,57,DONE,2.63911,2.64263,3.5212360000969056,53.521236000096906,0.128,2.511,0.8822360000969054,,,50.0
S00005,IMS-CSCF,cloud-1,cloud,58,DONE,2.65406,2.65733,3.261102999886134,53.261102999886134,0.15,1.876,1.2351029998861343,,,50.0
S00002,vRAN-DU,edge-B,edge,62,DONE,2.67163,2.67777,6.142809000039051,6.142809000039051,0.152,4.458,1.5328090000390509,,,0.0
S00002,vRAN-DU,edge-B,edge,63,DONE,2.68108,2.68655,5.470819000038318,5.470819000038318,0.093,4.175,1.2028190000383185,,,0.0
S00008,Transcoder,cloud-1,cloud,26,DONE,2.68664,2.70713,20.492986999897767,72.49298699989777,0.098,19.479,0.9159869998977683,,,52.0
S00009,IoT-GW,core-1,core,51,DONE,2.68809,2.6933,5.210474000023169,15.210474000023169,0.095,3.252,1.8634740000231687,,,10.0
S00008,Transcoder,cloud-1,cloud,27,DONE,2.68896,2.70169,12.729477999982919,64.72947799998292,0.184,11.4,1.1454779999829192,,,52.0
S00005,IMS-CSCF,cloud-1,cloud,59,DONE,2.69142,2.69585,4.4218240000191145,54.421824000019114,0.071,3.709,0.6418240000191142,,,50.0
S00010,IoT-GW,core-1,core,61,DONE,2.69451,2.69766,3.1413359999987733,15.141335999998773,0.074,2.65,0.4173359999987736,,,12.0
S00009,IoT-GW,core-1,core,52,DONE,2.70171,2.705,3.2901829999900656,13.290182999990066,0.084,2.608,0.5981829999900654,,,10.0
S00006,IMS-CSCF,cloud-1,cloud,60,DONE,2.70673,2.7099,3.1681410000601318,55.16814100006013,0.12,1.909,1.1391410000601319,,,52.0
S00001,vRAN-DU,edge-A,edge,48,DONE,2.7135,2.7182,4.703451999830577,4.703451999830577,0.194,3.375,1.1344519998305769,,,0.0
S00002,vRAN-DU,edge-B,edge,64,DONE,2.7216,2.72784,6.240732999913234,6.240732999913234,0.089,4.405,1.7467329999132337,,,0.0
S00010,IoT-GW,core-1,core,62,DONE,2.72523,2.72865,3.4140620000471245,15.414062000047124,0.084,2.576,0.7540620000471243,,,12.0
S00002,vRAN-DU,edge-B,edge,65,DONE,2.72578,2.7306,4.8227920001409075,4.8227920001409075,0.083,4.002,0.7377920001409075,,,0.0
S00002,vRAN-DU,edge-B,edge,66,DONE,2.73909,2.74623,7.1349770000779245,7.1349770000779245,0.177,4.421,2.5369770000779246,,,0.0
S00006,IMS-CSCF,cloud-1,cloud,61,DONE,2.74758,2.75051,2.9284279999046703,54.92842799990467,0.117,1.874,0.9374279999046702,,,52.0
S00008,Transcoder,cloud-1,cloud,28,DONE,2.749,2.75745,8.446826000181318,60.44682600018132,0.093,7.478,0.8758260001813181,,,52.0
S00001,vRAN-DU,edge-A,edge,49,DONE,2.75061,2.7599,9.295899000107966,9.295899000107966,0.111,6.86,2.3248990001079655,,,0.0
S00002,vRAN-DU,edge-B,edge,67,DONE,2.75409,2.76297,8.881077000069126,8.881077000069126,0.089,8.085,0.7070770000691251,,,0.0
S00003,UPF,core-1,core,66,DONE,2.75561,2.76377,8.156266000014512,18.15626600001451,0.094,7.371,0.6912660000145108,,,10.0
S00004,UPF,core-1,core,66,DONE,2.75873,2.76284,4.115374000093652,16.115374000093652,0.127,2.53,1.4583740000936523,,,12.0
S00010,IoT-GW,core-1,core,63,DONE,2.75885,2.76375,4.902120999986437,16.902120999986437,0.727,2.457,1.718120999986437,,,12.0
S00004,UPF,core-1,core,67,DONE,2.77019,2.77455,4.359324999995806,16.359324999995806,0.116,3.188,1.0553249999958059,,,12.0
S00006,IMS-CSCF,cloud-1,cloud,62,DONE,2.77734,2.78241,5.069672999979957,57.06967299997996,0.09,3.86,1.1196729999799575,,,52.0
S00006,IMS-CSCF,cloud-1,cloud,63,DONE,2.77901,2.78704,8.032173000174225,60.032173000174225,2.631,1.32,4.081173000174226,,,52.0
S00004,UPF,core-1,core,68,DONE,2.78706,2.79279,5.735259999937625,17.735259999937625,0.144,4.561,1.0302599999376252,,,12.0
S00009,IoT-GW,core-1,core,53,DONE,2.78728,2.79244,5.165341000065382,15.165341000065382,0.437,3.669,1.0593410000653822,,,10.0
S00004,UPF,core-1,core,69,DONE,2.78745,2.79641,8.967247999862593,20.967247999862593,4.879,3.089,0.9992479998625932,,,12.0
S00004,UPF,core-1,core,70,DONE,2.79117,2.799,7.827306999843131,19.82730699984313,4.55,2.47,0.8073069998431315,,,12.0
S00004,UPF,core-1,core,71,DONE,2.79649,2.80144,4.941759000075763,16.941759000075763,1.957,2.143,0.8417590000757631,,,12.0
S00010,IoT-GW,core-1,core,64,DONE,2.80505,2.81023,5.181896000067354,17.181896000067354,0.083,4.096,1.002896000067354,,,12.0
S00005,IMS-CSCF,cloud-1,cloud,60,DONE,2.81156,2.81519,3.621920000114187,53.62192000011419,0.09,2.659,0.8729200001141875,,,50.0
S00001,vRAN-DU,edge-A,edge,50,DONE,2.81312,2.81758,4.461189999801718,4.461189999801718,0.189,3.203,1.069189999801718,,,0.0
S00006,IMS-CSCF,cloud-1,cloud,64,DONE,2.81656,2.81923,2.663472999984151,54.66347299998415,0.101,1.776,0.7864729999841511,,,52.0
S00001,vRAN-DU,edge-A,edge,51,DONE,2.82473,2.82961,4.885550999915722,4.885550999915722,0.086,3.804,0.9955509999157224,,,0.0
S00009,IoT-GW,core-1,core,54,DONE,2.84401,2.84612,2.10895200007144,12.10895200007144,0.098,1.18,0.8309520000714401,,,10.0
S00010,IoT-GW,core-1,core,65,DONE,2.85755,2.85962,2.0609989999229583,14.060998999922958,0.093,1.236,0.7319989999229584,,,12.0
S00004,UPF,core-1,core,72,DONE,2.86392,2.86688,2.9587999999876047,14.958799999987605,0.079,2.221,0.6587999999876044,,,12.0
S00003,UPF,core-1,core,67,DONE,2.88623,2.88973,3.4983919999831414,13.498391999983141,0.093,2.647,0.7583919999831417,,,10.0
S00005,IMS-CSCF,cloud-1,cloud,61,DONE,2.88974,2.8919,2.163859999882334,52.163859999882334,0.089,1.516,0.5588599998823338,,,50.0
S00001,vRAN-DU,edge-A,edge,52,DONE,2.89617,2.89978,3.605149000122765,3.605149000122765,0.085,2.8,0.7201490001227651,,,0.0
S00009,IoT-GW,core-1,core,55,DONE,2.8995,2.90147,1.9699229999332601,11.96992299993326,0.083,1.176,0.7109229999332602,,,10.0
S00003,UPF,core-1,core,68,DONE,2.90778,2.91073,2.954448999844317,12.954448999844317,0.095,2.211,0.6484489998443168,,,10.0
S00007,Transcoder,cloud-1,cloud,36,DONE,2.90797,2.92101,13.046432999999524,63.046432999999524,0.323,11.947,0.7764329999995248,,,50.0
S00003,UPF,core-1,core,69,DONE,2.91051,2.91452,4.010115000028236,14.010115000028236,0.049,3.326,0.635115000028236,,,10.0
S00006,IMS-CSCF,cloud-1,cloud,65,DONE,2.91855,2.92158,3.0297449998215598,55.02974499982156,0.089,2.398,0.5427449998215597,,,52.0
S00001,vRAN-DU,edge-A,edge,53,DONE,2.91989,2.92445,4.562600999861388,4.562600999861388,0.12,3.424,1.018600999861388,,,0.0
S00002,vRAN-DU,edge-B,edge,68,DONE,2.92379,2.92742,3.627301999813426,3.627301999813426,0.128,2.867,0.6323019998134258,,,0.0
S00009,IoT-GW,core-1,core,56,DONE,2.92966,2.93273,3.0700760000854643,13.070076000085464,0.159,1.739,1.1720760000854642,,,10.0
S00006,IMS-CSCF,cloud-1,cloud,66,DONE,2.92978,2.93281,3.0269060000591708,55.02690600005917,0.132,2.347,0.5479060000591707,,,52.0
S00002,vRAN-DU,edge-B,edge,69,DONE,2.94524,2.95046,5.217597999944701,5.217597999944701,0.085,4.237,0.8955979999447008,,,0.0
S00002,vRAN-DU,edge-B,edge,70,DONE,2.95279,2.95854,5.746608999970704,5.746608999970704,0.104,4.722,0.9206089999707032,,,0.0
S00003,UPF,core-1,core,70,DONE,2.96085,2.96483,3.9803689999189373,13.980368999918937,0.092,3.111,0.777368999918937,,,10.0
S00010,IoT-GW,core-1,core,66,DONE,2.96227,2.96381,1.5402649999032292,13.54026499990323,0.067,0.839,0.6342649999032293,,,12.0
S00009,IoT-GW,core-1,core,57,DONE,2.96382,2.96587,2.0518849999007216,12.051884999900722,0.051,1.638,0.36288499990072176,,,10.0
S00003,UPF,core-1,core,71,DONE,2.96423,2.96816,3.922706999901493,13.922706999901493,0.065,2.878,0.9797069999014929,,,10.0
S00008,Transcoder,cloud-1,cloud,29,DONE,2.97144,2.97899,7.555423999974664,59.555423999974664,0.132,6.477,0.9464239999746642,,,52.0
S00008,Transcoder,cloud-1,cloud,30,DONE,2.98033,2.99148,11.149890999831769,63.14989099983177,0.081,10.198,0.8708909998317687,,,52.0
S00010,IoT-GW,core-1,core,67,DONE,2.9839,2.98608,2.1789120000903495,14.17891200009035,0.091,1.022,1.0659120000903495,,,12.0
S00005,IMS-CSCF,cloud-1,cloud,62,DONE,2.99886,3.00157,2.718469000001278,52.71846900000128,0.12,1.72,0.878469000001278,,,50.0
S00006,IMS-CSCF,cloud-1,cloud,67,DONE,3.00595,3.00884,2.89460599992708,54.89460599992708,0.082,2.164,0.6486059999270801,,,52.0
S00006,IMS-CSCF,cloud-1,cloud,68,DONE,3.00739,3.01052,3.1294179998440086,55.12941799984401,1.162,1.548,0.4194179998440086,,,52.0
S00004,UPF,core-1,core,73,DONE,3.00863,3.01241,3.7771919999158854,15.777191999915885,0.138,2.855,0.7841919999158855,,,12.0
S00005,IMS-CSCF,cloud-1,cloud,63,DONE,3.01471,3.01779,3.0802909998328687,53.08029099983287,0.071,2.042,0.9672909998328687,,,50.0
S00003,UPF,core-1,core,72,DONE,3.0171,3.02102,3.918016999932661,13.91801699993266,0.093,3.176,0.6490169999326607,,,10.0
S00002,vRAN-DU,edge-B,edge,71,DONE,3.01784,3.02298,5.140748000030726,5.140748000030726,0.103,4.394,0.6437480000307261,,,0.0
S00006,IMS-CSCF,cloud-1,cloud,69,DONE,3.02009,3.02207,1.9708100001025741,53.970810000102574,0.104,1.384,0.48281000010257413,,,52.0
S00001,vRAN-DU,edge-A,edge,54,DONE,3.0242,3.04373,19.529802000079144,19.529802000079144,0.08,5.264,14.185802000079143,,,0.0
S00002,vRAN-DU,edge-B,edge,72,DONE,3.02549,3.04371,18.221365000044898,18.221365000044898,0.09,4.073,14.058365000044898,,,0.0
S00003,UPF,core-1,core,73,DONE,3.04375,3.04781,4.061128999865105,14.061128999865105,0.107,3.131,0.8231289998651046,,,10.0
S00004,UPF,core-1,core,74,DONE,3.04394,3.04686,2.917159999924479,14.917159999924479,0.205,2.133,0.579159999924479,,,12.0
S00009,IoT-GW,core-1,core,58,DONE,3.04687,3.049,2.13008700006867,12.13008700006867,0.054,1.014,1.06208700006867,,,10.0
S00006,IMS-CSCF,cloud-1,cloud,70,DONE,3.05943,3.06245,3.018662999920707,55.01866299992071,0.096,2.116,0.8066629999207069,,,52.0
S00006,IMS-CSCF,cloud-1,cloud,71,DONE,3.05965,3.06467,5.019288000084998,57.019288000085,2.716,1.615,0.6882880000849978,,,52.0
S00005,IMS-CSCF,cloud-1,cloud,64,DONE,3.06095,3.06334,2.391840999962369,52.39184099996237,0.067,1.623,0.7018409999623691,,,50.0
S00003,UPF,core-1,core,74,DONE,3.06468,3.06858,3.8950979999299307,13.89509799992993,0.118,3.073,0.7040979999299308,,,10.0
S00003,UPF,core-1,core,75,DONE,3.06978,3.07235,2.5785380000797886,12.578538000079789,0.062,1.996,0.5205380000797888,,,10.0
S00006,IMS-CSCF,cloud-1,cloud,72,DONE,3.07105,3.07333,2.276654999832317,54.27665499983232,0.079,1.68,0.5176549998323172,,,52.0
S00007,Transcoder,cloud-1,cloud,37,DONE,3.0724,3.07996,7.551683999963643,57.55168399996364,0.075,7.039,0.43768399996364327,,,50.0
S00005,IMS-CSCF,cloud-1,cloud,65,DONE,3.07247,3.07777,5.299623000155407,55.29962300015541,0.098,4.717,0.48462300015540727,,,50.0
S00004,UPF,core-1,core,75,DONE,3.07553,3.07806,2.526261999946655,14.526261999946655,0.067,2.074,0.3852619999466551,,,12.0
S00006,IMS-CSCF,cloud-1,cloud,73,DONE,3.08421,3.08627,2.0583860000442655,54.058386000044266,0.072,1.375,0.6113860000442655,,,52.0
S00005,IMS-CSCF,cloud-1,cloud,66,DONE,3.08852,3.09046,1.942830999951184,51.942830999951184,0.069,1.374,0.49983099995118385,,,50.0
S00009,IoT-GW,core-1,core,59,DONE,3.08982,3.09163,1.8137449999358068,11.813744999935807,0.125,1.237,0.45174499993580675,,,10.0
S00004,UPF,core-1,core,76,DONE,3.09692,3.09985,2.932892999979231,14.93289299997923,0.11,2.132,0.6908929999792308,,,12.0
S00009,IoT-GW,core-1,core,60,DONE,3.1021,3.10399,1.898434999930032,11.898434999930032,0.133,1.152,0.6134349999300321,,,10.0
S00003,UPF,core-1,core,76,DONE,3.1023,3.10516,2.8540979999434057,12.854097999943406,0.087,2.149,0.6180979999434055,,,10.0
S00007,Transcoder,cloud-1,cloud,38,DONE,3.11346,3.12044,6.9786399999429705,56.97863999994297,0.093,6.155,0.7306399999429702,,,50.0
S00001,vRAN-DU,edge-A,edge,55,DONE,3.11993,3.12393,4.002227999990282,4.002227999990282,0.105,2.961,0.9362279999902823,,,0.0
S00008,Transcoder,cloud-1,cloud,31,DONE,3.13424,3.14102,6.776598999977068,58.77659899997707,0.085,6.067,0.624598999977068,,,52.0
S00003,UPF,core-1,core,77,DONE,3.14059,3.1437,3.1087259999367234,13.108725999936723,0.093,2.088,0.9277259999367233,,,10.0
S00001,vRAN-DU,edge-A,edge,56,DONE,3.14498,3.15082,5.83353599995462,5.83353599995462,0.098,5.151,0.5845359999546202,,,0.0
S00002,vRAN-DU,edge-B,edge,73,DONE,3.14517,3.14855,3.380953000032605,3.380953000032605,0.092,2.722,0.5669530000326048,,,0.0
S00006,IMS-CSCF,cloud-1,cloud,74,DONE,3.15618,3.15876,2.5804919998790865,54.58049199987909,0.131,1.623,0.8264919998790865,,,52.0
S00005,IMS-CSCF,cloud-1,cloud,67,DONE,3.16099,3.16306,2.061016999959975,52.061016999959975,0.068,1.475,0.5180169999599746,,,50.0
S00005,IMS-CSCF,cloud-1,cloud,68,DONE,3.16844,3.17067,2.2317009998005233,52.23170099980052,0.088,1.483,0.6607009998005231,,,50.0
S00004,UPF,core-1,core,77,DONE,3.17068,3.17375,3.07417300018642,15.07417300018642,0.112,2.514,0.4481730001864199,,,12.0
S00009,IoT-GW,core-1,core,61,DONE,3.17079,3.17354,2.744978999999148,12.744978999999148,0.229,1.853,0.6629789999991482,,,10.0
S00001,vRAN-DU,edge-A,edge,57,DONE,3.17275,3.17643,3.678518000015174,3.678518000015174,0.075,2.655,0.9485180000151741,,,0.0
S00010,IoT-GW,core-1,core,68,DONE,3.17644,3.17782,1.3792740001008497,13.37927400010085,0.055,0.966,0.35827400010084975,,,12.0
S00010,IoT-GW,core-1,core,69,DONE,3.18828,3.19086,2.576890000000276,14.576890000000276,0.124,1.674,0.7788900000002759,,,12.0
S00003,UPF,core-1,core,78,DONE,3.18974,3.19309,3.351635999933933,13.351635999933933,0.08,2.748,0.5236359999339326,,,10.0
S00007,Transcoder,cloud-1,cloud,39,DONE,3.20353,3.21062,7.09385300001486,57.09385300001486,0.089,6.029,0.97585300001486,,,50.0
S00003,UPF,core-1,core,79,DONE,3.20374,3.21205,8.309948000032819,18.30994800003282,0.277,6.937,1.0959480000328181,,,10.0
S00004,UPF,core-1,core,78,DONE,3.20389,3.21414,10.256885999979204,22.256885999979204,0.34,9.081,0.8358859999792045,,,12.0
S00002,vRAN-DU,edge-B,edge,74,DONE,3.20754,3.2169,9.359528999993927,9.359528999993927,0.143,5.145,4.0715289999939275,,,0.0
S00002,vRAN-DU,edge-B,edge,75,DONE,3.20767,3.21689,9.214036999992459,9.214036999992459,0.271,4.953,3.9900369999924585,,,0.0
S00002,vRAN-DU,edge-B,edge,76,DONE,3.20774,3.22051,12.766048999992563,12.766048999992563,5.606,3.624,3.5360489999925626,,,0.0
S00009,IoT-GW,core-1,core,62,DONE,3.20779,3.22001,12.221320999969976,22.221320999969976,0.08,7.835,4.306320999969976,,,10.0
S00010,IoT-GW,core-1,core,70,DONE,3.21218,3.2202,8.017509999945105,20.017509999945105,0.075,7.019,0.9235099999451046,,,12.0
S00003,UPF,core-1,core,80,DONE,3.21416,3.22021,6.052795999949012,16.052795999949012,0.066,5.232,0.7547959999490121,,,10.0
S00002,vRAN-DU,edge-B,edge,77,DONE,3.22029,3.22393,3.6394580001797294,3.6394580001797294,0.105,2.879,0.6554580001797294,,,0.0
S00010,IoT-GW,core-1,core,71,DONE,3.23246,3.23574,3.2777119999991555,15.277711999999156,0.121,2.412,0.7447119999991556,,,12.0
S00003,UPF,core-1,core,81,DONE,3.24606,3.25004,3.9777220001724345,13.977722000172434,0.123,2.708,1.146722000172434,,,10.0
S00003,UPF,core-1,core,82,DONE,3.24624,3.25272,6.48324999997385,16.48324999997385,3.061,2.862,0.5602499999738502,,,10.0
S00010,IoT-GW,core-1,core,72,DONE,3.24755,3.25006,2.5102950000928104,14.51029500009281,0.084,1.464,0.9622950000928103,,,12.0
S00002,vRAN-DU,edge-B,edge,78,DONE,3.24773,3.25261,4.876966999972865,4.876966999972865,0.074,2.442,2.360966999972865,,,0.0
S00001,vRAN-DU,edge-A,edge,58,DONE,3.2682,3.27348,5.276302000083888,5.276302000083888,0.083,4.346,0.8473020000838876,,,0.0
S00009,IoT-GW,core-1,core,63,DONE,3.28385,3.28624,2.38865600022109,12.38865600022109,0.091,1.528,0.7696560002210899,,,10.0
S00006,IMS-CSCF,cloud-1,cloud,75,DONE,3.30059,3.30357,2.9868670001178543,54.986867000117854,0.208,1.964,0.8148670001178542,,,52.0
S00006,IMS-CSCF,cloud-1,cloud,76,DONE,3.30292,3.30534,2.413478000107716,54.413478000107716,0.081,1.415,0.9174780001077161,,,52.0
S00005,IMS-CSCF,cloud-1,cloud,69,DONE,3.30963,3.31227,2.641700999902241,52.64170099990224,0.072,2.009,0.5607009999022412,,,50.0
S00007,Transcoder,cloud-1,cloud,40,DONE,3.312,3.3208,8.797382000011567,58.79738200001157,0.14,7.7,0.9573820000115667,,,50.0
S00002,vRAN-DU,edge-B,edge,79,DONE,3.31665,3.32502,8.37297199996101,8.37297199996101,0.147,7.597,0.628971999961009,,,0.0
S00004,UPF,core-1,core,79,DONE,3.32081,3.32442,3.606303999958982,15.606303999958982,0.103,2.658,0.8453039999589818,,,12.0
S00006,IMS-CSCF,cloud-1,cloud,77,DONE,3.34749,3.35074,3.2480439999744704,55.24804399997447,0.094,2.199,0.9550439999744706,,,52.0
S00001,vRAN-DU,edge-A,edge,59,DONE,3.34772,3.35153,3.8082139999460196,3.8082139999460196,0.14,2.693,0.9752139999460194,,,0.0
S00010,IoT-GW,core-1,core,73,DONE,3.35275,3.35502,2.2659669998574827,14.265966999857483,0.122,1.253,0.8909669998574827,,,12.0
S00002,vRAN-DU,edge-B,edge,80,DONE,3.35503,3.36073,5.705574000103297,5.705574000103297,0.11,2.895,2.7005740001032974,,,0.0
S00001,vRAN-DU,edge-A,edge,60,DONE,3.35648,3.36351,7.027888000038729,7.027888000038729,0.102,6.363,0.5628880000387282,,,0.0
S00009,IoT-GW,core-1,core,64,DONE,3.36075,3.36327,2.519710999877134,12.519710999877134,0.077,1.947,0.49571099987713385,,,10.0
S00005,IMS-CSCF,cloud-1,cloud,70,DONE,3.36089,3.36304,2.1523999998862564,52.152399999886256,0.113,1.312,0.7273999998862564,,,50.0
S00010,IoT-GW,core-1,core,74,DONE,3.37829,3.38182,3.5269869999865477,15.526986999986548,0.135,2.403,0.9889869999865475,,,12.0
S00009,IoT-GW,core-1,core,65,DONE,3.39732,3.40048,3.1575519999478274,13.157551999947827,0.094,1.537,1.5265519999478274,,,10.0
S00006,IMS-CSCF,cloud-1,cloud,78,DONE,3.39874,3.40105,2.3056550001001597,54.30565500010016,0.084,1.69,0.5316550001001596,,,52.0
S00002,vRAN-DU,edge-B,edge,81,DONE,3.40529,3.40998,4.681383000161077,4.681383000161077,0.086,3.999,0.5963830001610768,,,0.0
S00010,IoT-GW,core-1,core,75,DONE,3.40764,3.40965,2.0079849998637656,14.007984999863766,0.075,1.418,0.5149849998637657,,,12.0
S00009,IoT-GW,core-1,core,66,DONE,3.41626,3.41816,1.8999369999619375,11.899936999961938,0.076,1.232,0.5919369999619375,,,10.0
S00004,UPF,core-1,core,80,DONE,3.43746,3.44104,3.5860909999883006,15.5860909999883,0.12,2.552,0.9140909999883005,,,12.0
S00002,vRAN-DU,edge-B,edge,82,DONE,3.45543,3.45972,4.284560000087367,4.284560000087367,0.108,3.479,0.6975600000873672,,,0.0
S00010,IoT-GW,core-1,core,76,DONE,3.45559,3.4573,1.7101949999869248,13.710194999986925,0.096,1.049,0.5651949999869248,,,12.0
S00002,vRAN-DU,edge-B,edge,83,DONE,3.45853,3.46232,3.7928859999283304,3.7928859999283304,0.066,3.176,0.5508859999283304,,,0.0
S00005,IMS-CSCF,cloud-1,cloud,71,DONE,3.46756,3.47005,2.482171000110611,52.48217100011061,0.094,1.76,0.6281710001106111,,,50.0
S00007,Transcoder,cloud-1,cloud,41,DONE,3.46893,3.48531,16.374595999877783,66.37459599987778,0.074,15.231,1.0695959998777838,,,50.0
S00001,vRAN-DU,edge-A,edge,61,DONE,3.46903,3.47675,7.727097000042704,7.727097000042704,0.072,6.795,0.8600970000427042,,,0.0
S00003,UPF,core-1,core,83,DONE,3.46908,3.4766,7.5279749999026535,17.527974999902654,0.08,6.849,0.5989749999026532,,,10.0
S00008,Transcoder,cloud-1,cloud,32,DONE,3.46924,3.48532,16.076050000037867,68.07605000003787,0.102,15.216,0.7580500000378674,,,52.0
S00010,IoT-GW,core-1,core,77,DONE,3.47224,3.47717,4.930129999820565,16.930129999820565,0.069,4.264,0.5971299998205648,,,12.0
S00007,Transcoder,cloud-1,cloud,42,DONE,3.47551,3.48834,12.83136100005322,62.83136100005322,0.086,11.027,1.7183610000532212,,,50.0
S00006,IMS-CSCF,cloud-1,cloud,79,DONE,3.47661,3.48533,8.714335999911782,60.71433599991178,0.121,7.698,0.8953359999117811,,,52.0
S00010,IoT-GW,core-1,core,78,DONE,3.48534,3.48781,2.473135999935039,14.473135999935039,0.08,1.343,1.0501359999350388,,,12.0
S00008,Transcoder,cloud-1,cloud,33,DONE,3.48662,3.49801,11.397213999998712,63.39721399999871,0.125,10.329,0.9432139999987115,,,52.0
S00005,IMS-CSCF,cloud-1,cloud,72,DONE,3.49563,3.498,2.3745099999814556,52.374509999981456,0.083,1.309,0.9825099999814557,,,50.0
S00004,UPF,core-1,core,81,DONE,3.49762,3.50126,3.642086999889216,15.642086999889216,0.157,2.648,0.8370869998892156,,,12.0
S00008,Transcoder,cloud-1,cloud,34,DONE,3.49802,3.50515,7.1283919999132195,59.12839199991322,0.068,6.395,0.6653919999132203,,,52.0
S00008,Transcoder,cloud-1,cloud,35,DONE,3.50516,3.51586,10.696587999973417,62.69658799997342,0.057,10.084,0.555587999973417,,,52.0
S00010,IoT-GW,core-1,core,79,DONE,3.51541,3.51914,3.7316269999791984,15.731626999979198,0.366,2.199,1.1666269999791985,,,12.0
S00004,UPF,core-1,core,82,DONE,3.51559,3.51925,3.6578730000655924,15.657873000065592,0.208,2.353,1.096873000065592,,,12.0
S00009,IoT-GW,core-1,core,67,DONE,3.52348,3.52591,2.4258349999399798,12.42583499993998,0.088,1.68,0.6578349999399797,,,10.0
S00010,IoT-GW,core-1,core,80,DONE,3.52821,3.53019,1.9821159999082738,13.982115999908274,0.061,1.36,0.5611159999082738,,,12.0
S00006,IMS-CSCF,cloud-1,cloud,80,DONE,3.53744,3.54003,2.5914610000654648,54.591461000065465,0.124,1.718,0.7494610000654647,,,52.0
S00008,Transcoder,cloud-1,cloud,36,DONE,3.55145,3.56231,10.851883999976053,62.85188399997605,0.096,9.896,0.8598839999760521,,,52.0
S00001,vRAN-DU,edge-A,edge,62,DONE,3.55803,3.56254,4.508975000135251,4.508975000135251,0.084,3.713,0.7119750001352512,,,0.0
S00005,IMS-CSCF,cloud-1,cloud,73,DONE,3.5605,3.56891,8.40903200014509,58.40903200014509,0.126,7.396,0.8870320001450889,,,50.0
S00002,vRAN-DU,edge-B,edge,84,DONE,3.56232,3.5693,6.980039999916698,6.980039999916698,0.083,4.017,2.880039999916698,,,0.0
S00009,IoT-GW,core-1,core,68,DONE,3.56706,3.57058,3.5224809998908313,13.522480999890831,0.091,2.782,0.6494809998908311,,,10.0
S00009,IoT-GW,core-1,core,69,DONE,3.57687,3.57949,2.6220300001114083,12.622030000111408,0.111,1.708,0.8030300001114083,,,10.0
S00003,UPF,core-1,core,84,DONE,3.58171,3.58552,3.818399000010686,13.818399000010686,0.135,3.083,0.600399000010686,,,10.0
S00005,IMS-CSCF,cloud-1,cloud,74,DONE,3.58415,3.58729,3.138777999993181,53.13877799999318,0.127,2.258,0.7537779999931811,,,50.0
S00003,UPF,core-1,core,85,DONE,3.59058,3.59383,3.2499920000645943,13.249992000064594,0.162,2.309,0.7789920000645942,,,10.0
S00008,Transcoder,cloud-1,cloud,37,DONE,3.59618,3.6073,11.116335999986404,63.116335999986404,0.086,10.269,0.7613359999864038,,,52.0
S00006,IMS-CSCF,cloud-1,cloud,81,DONE,3.60371,3.60626,2.54758000005495,54.54758000005495,0.127,1.732,0.6885800000549498,,,52.0
S00004,UPF,core-1,core,83,DONE,3.6085,3.61328,4.773285000055694,16.773285000055694,0.129,3.498,1.1462850000556934,,,12.0
S00004,UPF,core-1,core,84,DONE,3.60866,3.6159,7.245887999943079,19.24588799994308,3.89,2.722,0.6338879999430791,,,12.0
S00004,UPF,core-1,core,85,DONE,3.61191,3.61933,7.418697000048269,19.41869700004827,2.93,2.989,1.4996970000482683,,,12.0
S00006,IMS-CSCF,cloud-1,cloud,82,DONE,3.62265,3.6255,2.8448099999422993,54.8448099999423,0.085,2.152,0.6078099999422992,,,52.0
S00002,vRAN-DU,edge-B,edge,85,DONE,3.62774,3.63106,3.3234180000363267,3.3234180000363267,0.119,2.573,0.6314180000363265,,,0.0
S00006,IMS-CSCF,cloud-1,cloud,83,DONE,3.6374,3.6399,2.503967999928136,54.503967999928136,0.092,1.53,0.881967999928136,,,52.0
S00005,IMS-CSCF,cloud-1,cloud,75,DONE,3.63991,3.64198,2.0666269999765063,52.066626999976506,0.063,1.436,0.5676269999765065,,,50.0
S00006,IMS-CSCF,cloud-1,cloud,84,DONE,3.64199,3.64386,1.8661550000160787,53.86615500001608,0.055,1.226,0.5851550000160788,,,52.0
S00001,vRAN-DU,edge-A,edge,63,DONE,3.64331,3.64686,3.552503000037177,3.552503000037177,0.075,2.979,0.49850300003717685,,,0.0
S00006,IMS-CSCF,cloud-1,cloud,85,DONE,3.64911,3.65106,1.9464730000890995,53.9464730000891,0.08,1.356,0.5104730000890993,,,52.0
S00002,vRAN-DU,edge-B,edge,86,DONE,3.67644,3.68018,3.730896999968536,3.730896999968536,0.087,2.8,0.843896999968536,,,0.0
S00008,Transcoder,cloud-1,cloud,38,DONE,3.68149,3.68919,7.701748000044972,59.70174800004497,0.088,6.926,0.687748000044972,,,52.0
S00010,IoT-GW,core-1,core,81,DONE,3.68391,3.68624,2.3261100000127044,14.326110000012704,0.088,1.579,0.6591100000127044,,,12.0
S00002,vRAN-DU,edge-B,edge,87,DONE,3.68849,3.6922,3.71238100001392,3.71238100001392,0.073,2.939,0.7003810000139201,,,0.0
S00005,IMS-CSCF,cloud-1,cloud,76,DONE,3.69221,3.6944,2.1875420000014856,52.187542000001486,0.104,1.354,0.7295420000014854,,,50.0
S00007,Transcoder,cloud-1,cloud,43,DONE,3.69232,3.69927,6.952105999971536,56.952105999971536,0.168,6.154,0.6301059999715362,,,50.0
S00003,UPF,core-1,core,86,DONE,3.70554,3.71172,6.182194000075469,16.18219400007547,0.091,4.462,1.6291940000754694,,,10.0
S00005,IMS-CSCF,cloud-1,cloud,77,DONE,3.7057,3.70973,4.037178000089625,54.037178000089625,0.096,3.422,0.5191780000896249,,,50.0
S00006,IMS-CSCF,cloud-1,cloud,86,DONE,3.70698,3.71173,4.7578270000485645,56.757827000048565,0.065,3.792,0.9008270000485648,,,52.0
S00005,IMS-CSCF,cloud-1,cloud,78,DONE,3.70947,3.71174,2.268931000116936,52.268931000116936,0.043,1.421,0.8049310001169361,,,50.0
S00004,UPF,core-1,core,86,DONE,3.70955,3.71547,5.923152999912418,17.923152999912418,0.079,4.958,0.8861529999124178,,,12.0
S00008,Transcoder,cloud-1,cloud,39,DONE,3.71678,3.72943,12.652880000132427,64.65288000013243,0.113,11.406,1.133880000132427,,,52.0
S00010,IoT-GW,core-1,core,82,DONE,3.71929,3.72537,6.078189999925598,18.0781899999256,0.155,4.363,1.5601899999255977,,,12.0
S00002,vRAN-DU,edge-B,edge,88,DONE,3.71948,3.72725,7.7742799999214185,7.7742799999214185,0.089,6.049,1.6362799999214177,,,0.0
S00009,IoT-GW,core-1,core,70,DONE,3.72281,3.72941,6.605888999956733,16.605888999956733,0.072,5.438,1.095888999956733,,,10.0
S00008,Transcoder,cloud-1,cloud,40,DONE,3.73176,3.74766,15.899402000059126,67.89940200005913,0.088,15.084,0.7274020000591275,,,52.0
S00009,IoT-GW,core-1,core,71,DONE,3.73194,3.73554,3.597502999809876,13.597502999809876,0.118,2.387,1.0925029998098763,,,10.0
S00001,vRAN-DU,edge-A,edge,64,DONE,3.73555,3.74719,11.637540000037916,11.637540000037916,0.122,10.804,0.7115400000379157,,,0.0
S00008,Transcoder,cloud-1,cloud,41,DONE,3.73788,3.75375,15.86600499990709,67.86600499990709,0.112,14.906,0.84800499990709,,,52.0
S00001,vRAN-DU,edge-A,edge,65,DONE,3.73801,3.74554,7.532933999982561,7.532933999982561,0.092,6.731,0.7099339999825611,,,0.0
S00003,UPF,core-1,core,87,DONE,3.74481,3.75249,7.685893999905602,17.685893999905602,0.158,5.713,1.8148939999056015,,,10.0
S00009,IoT-GW,core-1,core,72,DONE,3.74989,3.75211,2.2128570001314074,12.212857000131407,0.097,1.484,0.6318570001314074,,,10.0
S00001,vRAN-DU,edge-A,edge,66,DONE,3.75501,3.75906,4.047429999900487,4.047429999900487,0.091,3.286,0.6704299999004868,,,0.0
S00008,Transcoder,cloud-1,cloud,42,DONE,3.76639,3.7749,8.51747299998351,60.51747299998351,0.112,7.381,1.0244729999835105,,,52.0
S00003,UPF,core-1,core,88,DONE,3.77731,3.78199,4.676030999917202,14.676030999917202,0.087,3.645,0.9440309999172021,,,10.0
S00001,vRAN-DU,edge-A,edge,67,DONE,3.78532,3.79087,5.5578060000698315,5.5578060000698315,0.124,4.56,0.8738060000698322,,,0.0
S00010,IoT-GW,core-1,core,83,DONE,3.78884,3.79319,4.349077999904694,16.349077999904694,0.384,2.966,0.9990779999046935,,,12.0
S00009,IoT-GW,core-1,core,73,DONE,3.78902,3.79234,3.3222680001472327,13.322268000147233,0.107,2.154,1.0612680001472325,,,10.0
S00002,vRAN-DU,edge-B,edge,89,DONE,3.81587,3.82012,4.252492999967217,4.252492999967217,0.097,3.253,0.9024929999672167,,,0.0
S00006,IMS-CSCF,cloud-1,cloud,87,DONE,3.81604,3.8211,5.053137999993851,57.05313799999385,0.15,4.279,0.6241379999938506,,,52.0
S00010,IoT-GW,core-1,core,84,DONE,3.83864,3.8417,3.061754999862387,15.061754999862387,0.138,1.83,1.0937549998623872,,,12.0
S00010,IoT-GW,core-1,core,85,DONE,3.84721,3.85004,2.830783000035808,14.830783000035808,0.116,1.706,1.008783000035808,,,12.0
S00009,IoT-GW,core-1,core,74,DONE,3.86566,3.86909,3.4334409999701165,13.433440999970117,0.13,2.073,1.2304409999701167,,,10.0
S00009,IoT-GW,core-1,core,75,DONE,3.86921,3.872,2.7901070000098116,12.790107000009812,0.094,1.977,0.7191070000098114,,,10.0
S00006,IMS-CSCF,cloud-1,cloud,88,DONE,3.87164,3.8748,3.1569269999636163,55.156926999963616,0.165,2.169,0.8229269999636162,,,52.0
S00002,vRAN-DU,edge-B,edge,90,DONE,3.87481,3.88018,5.370780000021114,5.370780000021114,0.132,4.102,1.1367800000211137,,,0.0
S00005,IMS-CSCF,cloud-1,cloud,79,DONE,3.8802,3.88394,3.7460129999544733,53.74601299995447,0.117,2.424,1.2050129999544734,,,50.0
S00005,IMS-CSCF,cloud-1,cloud,80,DONE,3.88396,3.88728,3.315220999866142,53.31522099986614,0.121,2.238,0.956220999866142,,,50.0
S00006,IMS-CSCF,cloud-1,cloud,89,DONE,3.88737,3.89098,3.612038000028406,55.612038000028406,0.093,2.601,0.9180380000284059,,,52.0
S00009,IoT-GW,core-1,core,76,DONE,3.891,3.89375,2.751472999989346,12.751472999989346,0.109,1.875,0.7674729999893461,,,10.0
S00003,UPF,core-1,core,89,DONE,3.89813,3.9031,4.967228000168689,14.967228000168689,0.131,3.858,0.9782280001686887,,,10.0
S00006,IMS-CSCF,cloud-1,cloud,90,DONE,3.90743,3.9107,3.2736420000674116,55.27364200006741,0.169,1.981,1.1236420000674117,,,52.0
S00003,UPF,core-1,core,90,DONE,3.91072,3.91492,4.196094999997513,14.196094999997513,0.091,3.291,0.8140949999975127,,,10.0
S00009,IoT-GW,core-1,core,77,DONE,3.92525,3.92789,2.6386910001292563,12.638691000129256,0.119,1.461,1.0586910001292562,,,10.0
S00008,Transcoder,cloud-1,cloud,43,DONE,3.9279,3.94018,12.272336000023643,64.27233600002364,0.152,11.45,0.670336000023644,,,52.0
S00005,IMS-CSCF,cloud-1,cloud,81,DONE,3.93455,3.93734,2.788812000062535,52.788812000062535,0.145,1.758,0.8858120000625349,,,50.0
S00009,IoT-GW,core-1,core,78,DONE,3.93479,3.93795,3.163926000070205,13.163926000070205,0.082,2.138,0.9439260000702054,,,10.0
S00009,IoT-GW,core-1,core,79,DONE,3.93796,3.94476,6.8015980000382115,16.80159800003821,0.06,2.388,4.353598000038211,,,10.0
S00008,Transcoder,cloud-1,cloud,44,DONE,3.9396,3.94786,8.267703999990772,60.26770399999077,0.057,7.319,0.8917039999907717,,,52.0
S00010,IoT-GW,core-1,core,86,DONE,3.94478,3.94738,2.6070450001043355,14.607045000104335,0.449,1.358,0.8000450001043353,,,12.0
S00007,Transcoder,cloud-1,cloud,44,DONE,3.94492,3.95917,14.247070000010353,64.24707000001035,0.079,13.418,0.7500700000103535,,,50.0
S00001,vRAN-DU,edge-A,edge,68,DONE,3.95016,3.95589,5.7290249999368825,5.7290249999368825,0.125,4.73,0.8740249999368821,,,0.0
S00005,IMS-CSCF,cloud-1,cloud,82,DONE,3.97457,3.97919,4.62156599996888,54.62156599996888,0.106,3.241,1.2745659999688796,,,50.0
S00003,UPF,core-1,core,91,DONE,3.97473,3.97917,4.441503999942142,14.441503999942142,0.205,3.257,0.9795039999421422,,,10.0
S00002,vRAN-DU,edge-B,edge,91,DONE,3.97919,3.98352,4.326747000050091,4.326747000050091,0.121,3.22,0.9857470000500905,,,0.0
S00004,UPF,core-1,core,87,DONE,3.98793,3.99294,5.003683000040837,17.003683000040837,0.104,3.963,0.936683000040837,,,12.0
S00002,vRAN-DU,edge-B,edge,92,DONE,3.99155,3.99727,5.716061000157424,5.716061000157424,0.086,4.535,1.0950610001574237,,,0.0
S00005,IMS-CSCF,cloud-1,cloud,83,DONE,4.00057,4.00364,3.0693549999796232,53.06935499997962,0.153,2.059,0.8573549999796231,,,50.0
S00009,IoT-GW,core-1,core,80,DONE,4.00495,4.00779,2.8483040000537585,12.848304000053759,0.089,1.924,0.8353040000537586,,,10.0
S00006,IMS-CSCF,cloud-1,cloud,91,DONE,4.0233,4.02696,3.654365000102189,55.65436500010219,0.116,2.408,1.1303650001021888,,,52.0
S00006,IMS-CSCF,cloud-1,cloud,92,DONE,4.0283,4.03156,3.262377000055494,55.262377000055494,0.084,2.227,0.9513770000554942,,,52.0
S00001,vRAN-DU,edge-A,edge,69,DONE,4.0389,4.05517,16.267803000118874,16.267803000118874,0.124,4.593,11.550803000118876,,,0.0
S00006,IMS-CSCF,cloud-1,cloud,93,DONE,4.0391,4.04154,2.43845699992562,54.43845699992562,0.089,1.734,0.6154569999256201,,,52.0
S00003,UPF,core-1,core,92,DONE,4.05518,4.05877,3.5959209999418817,13.595920999941882,0.125,2.571,0.8999209999418816,,,10.0
S00007,Transcoder,cloud-1,cloud,45,DONE,4.0553,4.06774,12.434974000143484,62.434974000143484,0.12,10.202,2.1129740001434847,,,50.0
S00004,UPF,core-1,core,88,DONE,4.06317,4.06925,6.082808999963163,18.082808999963163,0.126,5.171,0.7858089999631623,,,12.0
S00001,vRAN-DU,edge-A,edge,70,DONE,4.06451,4.07374,9.234265000031883,9.234265000031883,0.114,7.441,1.679265000031883,,,0.0
S00004,UPF,core-1,core,89,DONE,4.06468,4.07233,7.652716999928089,19.65271699992809,4.37,2.737,0.5457169999280884,,,12.0
S00010,IoT-GW,core-1,core,87,DONE,4.06473,4.06893,4.197718999876088,16.197718999876088,0.064,3.699,0.43471899987608786,,,12.0
S00009,IoT-GW,core-1,core,81,DONE,4.07816,4.08096,2.8061259999958565,12.806125999995857,0.123,1.708,0.9751259999958566,,,10.0
S00010,IoT-GW,core-1,core,88,DONE,4.10044,4.1035,3.058416999920155,15.058416999920155,0.1,1.961,0.997416999920155,,,12.0
S00004,UPF,core-1,core,90,DONE,4.10779,4.11137,3.5796459999346553,15.579645999934655,0.198,2.386,0.9956459999346552,,,12.0
S00010,IoT-GW,core-1,core,89,DONE,4.11983,4.12276,2.926828999989084,14.926828999989084,0.191,1.74,0.9958289999890839,,,12.0
S00010,IoT-GW,core-1,core,90,DONE,4.12914,4.13233,3.1863159999829804,15.18631599998298,0.118,2.115,0.9533159999829803,,,12.0
S00002,vRAN-DU,edge-B,edge,93,DONE,4.13164,4.13836,6.71275800004878,6.71275800004878,0.122,5.014,1.5767580000487795,,,0.0
S00005,IMS-CSCF,cloud-1,cloud,84,DONE,4.13775,4.14145,3.7044000000605593,53.70440000006056,0.112,2.375,1.2174000000605592,,,50.0
S00010,IoT-GW,core-1,core,91,DONE,4.14476,4.14781,3.055399999993824,15.055399999993824,0.131,1.914,1.0103999999938242,,,12.0
S00001,vRAN-DU,edge-A,edge,71,DONE,4.15019,4.16102,10.824334000062663,10.824334000062663,0.106,9.835,0.8833340000626624,,,0.0
S00002,vRAN-DU,edge-B,edge,94,DONE,4.1504,4.16003,9.626996000179133,9.626996000179133,0.116,5.634,3.8769960001791333,,,0.0
S00003,UPF,core-1,core,93,DONE,4.15481,4.1601,5.286536000085107,15.286536000085107,0.111,4.103,1.0725360000851074,,,10.0
S00002,vRAN-DU,edge-B,edge,95,DONE,4.15498,4.1618,6.82775300015237,6.82775300015237,0.101,5.937,0.7897530001523698,,,0.0
S00006,IMS-CSCF,cloud-1,cloud,94,DONE,4.16718,4.1707,3.5204459998112725,55.52044599981127,0.113,2.541,0.8664459998112726,,,52.0
S00004,UPF,core-1,core,91,DONE,4.17011,4.17412,4.006030000027749,16.00603000002775,0.106,2.95,0.9500300000277493,,,12.0
S00008,Transcoder,cloud-1,cloud,45,DONE,4.17027,4.1821,11.834938999982114,63.834938999982114,0.105,10.059,1.6709389999821145,,,52.0
S00003,UPF,core-1,core,94,DONE,4.18079,4.18474,3.948182999920391,13.948182999920391,0.103,3.024,0.8211829999203908,,,10.0
S00008,Transcoder,cloud-1,cloud,46,DONE,4.18813,4.19899,10.865124000019932,62.86512400001993,0.082,9.546,1.2371240000199322,,,52.0
S00006,IMS-CSCF,cloud-1,cloud,95,DONE,4.19666,4.19911,2.4530599998797697,54.45305999987977,0.128,1.499,0.8260599998797695,,,52.0
S00001,vRAN-DU,edge-A,edge,72,DONE,4.20352,4.20765,4.130821999979162,4.130821999979162,0.084,3.288,0.7588219999791619,,,0.0
S00005,IMS-CSCF,cloud-1,cloud,85,DONE,4.21002,4.21293,2.9133600000932347,52.913360000093235,0.081,2.186,0.6463600000932348,,,50.0
S00008,Transcoder,cloud-1,cloud,47,DONE,4.22932,4.23661,7.296543999927962,59.29654399992796,0.09,6.149,1.0575439999279626,,,52.0
S00004,UPF,core-1,core,92,DONE,4.23279,4.23687,4.072998000083317,16.072998000083317,0.094,3.332,0.6469980000833169,,,12.0
S00007,Transcoder,cloud-1,cloud,46,DONE,4.23495,4.24739,12.43973299983736,62.43973299983736,0.058,10.838,1.5437329998373617,,,50.0
S00001,vRAN-DU,edge-A,edge,73,DONE,4.23662,4.24368,7.052820999888354,7.052820999888354,0.095,6.054,0.903820999888354,,,0.0
S00001,vRAN-DU,edge-A,edge,74,DONE,4.2367,4.24032,3.616357000055359,3.616357000055359,0.246,2.545,0.8253570000553592,,,0.0
S00009,IoT-GW,core-1,core,82,DONE,4.24491,4.24806,3.1533310000213532,13.153331000021353,0.082,2.451,0.6203310000213533,,,10.0
S00002,vRAN-DU,edge-B,edge,96,DONE,4.26231,4.26673,4.419903999860253,4.419903999860253,0.074,3.248,1.0979039998602529,,,0.0
S00005,IMS-CSCF,cloud-1,cloud,86,DONE,4.27318,4.27571,2.521225999998933,52.52122599999893,0.087,1.641,0.7932259999989328,,,50.0
S00001,vRAN-DU,edge-A,edge,75,DONE,4.28602,4.29157,5.544858999883218,5.544858999883218,0.092,2.833,2.6198589998832174,,,0.0
S00005,IMS-CSCF,cloud-1,cloud,87,DONE,4.28745,4.29326,5.81282200005262,55.81282200005262,0.093,4.639,1.0808220000526196,,,50.0
S00007,Transcoder,cloud-1,cloud,47,DONE,4.29158,4.30077,9.190546999889193,59.19054699988919,0.106,8.286,0.7985469998891936,,,50.0
S00003,UPF,core-1,core,95,DONE,4.29296,4.29601,3.051588000062111,13.051588000062111,0.085,2.049,0.917588000062111,,,10.0
S00001,vRAN-DU,edge-A,edge,76,DONE,4.30718,4.31348,6.297328000073321,6.297328000073321,0.178,4.946,1.1733280000733215,,,0.0
S00004,UPF,core-1,core,93,DONE,4.30968,4.31268,2.9991960000188556,14.999196000018856,0.147,2.164,0.6881960000188556,,,12.0
S00004,UPF,core-1,core,94,DONE,4.32384,4.32789,4.050416000154655,16.050416000154655,0.097,2.539,1.414416000154655,,,12.0
S00004,UPF,core-1,core,95,DONE,4.32632,4.33058,4.269187000090824,16.269187000090824,0.989,2.663,0.6171870000908242,,,12.0
S00007,Transcoder,cloud-1,cloud,48,DONE,4.33185,4.34286,11.011641000095551,61.01164100009555,0.087,10.026,0.8986410000955516,,,50.0
S00010,IoT-GW,core-1,core,92,DONE,4.33647,4.34118,4.712695000080203,16.712695000080203,0.107,3.15,1.4556950000802025,,,12.0
S00005,IMS-CSCF,cloud-1,cloud,88,DONE,4.33833,4.34309,4.7634310001285485,54.76343100012855,0.103,2.705,1.9554310001285482,,,50.0
S00006,IMS-CSCF,cloud-1,cloud,96,DONE,4.33851,4.34288,4.368966000129149,56.36896600012915,0.172,2.602,1.5949660001291486,,,52.0
S00010,IoT-GW,core-1,core,93,DONE,4.34288,4.34482,1.9385990001410391,13.93859900014104,0.075,1.244,0.6195990001410392,,,12.0
S00006,IMS-CSCF,cloud-1,cloud,97,DONE,4.34607,4.34856,2.488745000164272,54.48874500016427,0.084,1.591,0.8137450001642719,,,52.0
S00009,IoT-GW,core-1,core,83,DONE,4.35083,4.35368,2.851699000075314,12.851699000075314,0.114,1.44,1.297699000075314,,,10.0
S00010,IoT-GW,core-1,core,94,DONE,4.35098,4.3537,2.719647000049008,14.719647000049008,0.184,1.951,0.5846470000490078,,,12.0
S00003,UPF,core-1,core,96,DONE,4.35796,4.36122,3.2516320000013366,13.251632000001337,0.12,2.296,0.8356320000013366,,,10.0
S00010,IoT-GW,core-1,core,95,DONE,4.36347,4.36547,1.9958579998728965,13.995857999872896,0.076,1.239,0.6808579998728963,,,12.0
S00002,vRAN-DU,edge-B,edge,97,DONE,4.37298,4.37784,4.8579209999388695,4.8579209999388695,0.116,3.775,0.9669209999388695,,,0.0
S00001,vRAN-DU,edge-A,edge,77,DONE,4.37548,4.38113,5.641973999900074,5.641973999900074,0.089,3.885,1.6679739999000742,,,0.0
S00009,IoT-GW,core-1,core,84,DONE,4.37792,4.38015,2.2282840000116266,12.228284000011627,0.083,1.362,0.7832840000116266,,,10.0
S00005,IMS-CSCF,cloud-1,cloud,89,DONE,4.40057,4.40356,2.99118299994916,52.99118299994916,0.109,1.794,1.0881829999491601,,,50.0
S00010,IoT-GW,core-1,core,96,DONE,4.41489,4.41721,2.3206710000067687,14.320671000006769,0.088,1.45,0.7826710000067687,,,12.0
S00010,IoT-GW,core-1,core,97,DONE,4.41851,4.42081,2.298559999871941,14.29855999987194,0.075,1.466,0.7575599998719409,,,12.0
S00008,Transcoder,cloud-1,cloud,48,DONE,4.42915,4.43818,9.031235000065863,61.03123500006586,0.093,8.113,0.825235000065863,,,52.0
S00004,UPF,core-1,core,96,DONE,4.42931,4.43291,3.595396000036999,15.595396000036999,0.087,2.535,0.9733960000369986,,,12.0
S00004,UPF,core-1,core,97,DONE,4.43292,4.4364,3.477785999848493,15.477785999848493,0.073,2.676,0.7287859998484927,,,12.0
S00009,IoT-GW,core-1,core,85,DONE,4.43335,4.43734,3.9892140000574727,13.989214000057473,0.066,1.485,2.4382140000574726,,,10.0
S00002,vRAN-DU,edge-B,edge,98,DONE,4.4487,4.45354,4.8378879998836055,4.8378879998836055,0.094,3.08,1.6638879998836056,,,0.0
S00009,IoT-GW,core-1,core,86,DONE,4.44892,4.45136,2.442033999841442,12.442033999841442,0.121,1.532,0.789033999841442,,,10.0
S00002,vRAN-DU,edge-B,edge,99,DONE,4.45789,4.46393,6.041397999979381,6.041397999979381,0.095,4.97,0.9763979999793815,,,0.0
S00010,IoT-GW,core-1,core,98,DONE,4.47535,4.47809,2.737072999934753,14.737072999934753,0.119,1.635,0.9830729999347532,,,12.0
S00010,IoT-GW,core-1,core,99,DONE,4.4769,4.47984,2.9405230000065785,14.940523000006579,0.637,1.577,0.7265230000065785,,,12.0
S00008,Transcoder,cloud-1,cloud,49,DONE,4.48619,4.49554,9.355803000062224,61.355803000062224,0.118,6.433,2.8048030000622237,,,52.0
S00004,UPF,core-1,core,98,DONE,4.48763,4.49582,8.186910999938846,20.186910999938846,0.173,7.383,0.6309109999388456,,,12.0
S00010,IoT-GW,core-1,core,100,DONE,4.50633,4.50914,2.8082720000384143,14.808272000038414,0.087,1.805,0.9162720000384144,,,12.0
S00010,IoT-GW,core-1,core,101,DONE,4.50878,4.51083,2.049526000064361,14.049526000064361,0.09,1.115,0.8445260000643611,,,12.0
S00006,IMS-CSCF,cloud-1,cloud,98,DONE,4.51084,4.51425,3.405313000030219,55.40531300003022,0.135,1.625,1.645313000030219,,,52.0
S00010,IoT-GW,core-1,core,102,DONE,4.51221,4.51745,5.237846999989415,17.237846999989415,3.287,1.361,0.5898469999894154,,,12.0
S00004,UPF,core-1,core,99,DONE,4.51231,4.5168,4.492507999884765,16.492507999884765,0.073,3.808,0.6115079998847652,,,12.0
S00001,vRAN-DU,edge-A,edge,78,DONE,4.52876,4.53357,4.806698000038523,4.806698000038523,0.089,3.889,0.8286980000385231,,,0.0
S00010,IoT-GW,core-1,core,103,DONE,4.53023,4.53356,3.33240199984175,15.33240199984175,0.435,2.146,0.7514019998417498,,,12.0
S00009,IoT-GW,core-1,core,87,DONE,4.53033,4.53224,1.904616000047099,11.904616000047099,0.095,1.034,0.7756160000470991,,,10.0
S00003,UPF,core-1,core,97,DONE,4.53683,4.54065,3.8160430001425993,13.8160430001426,0.076,3.066,0.6740430001425994,,,10.0
S00002,vRAN-DU,edge-B,edge,100,DONE,4.53819,4.54357,5.381244000091101,5.381244000091101,0.08,4.603,0.6982440000911012,,,0.0
S00006,IMS-CSCF,cloud-1,cloud,99,DONE,4.53948,4.54365,4.165110000030836,56.165110000030836,0.085,3.49,0.5901100000308359,,,52.0
S00003,UPF,core-1,core,98,DONE,4.5407,4.54394,3.2360850000259234,13.236085000025923,0.055,2.721,0.4600850000259231,,,10.0
S00005,IMS-CSCF,cloud-1,cloud,90,DONE,4.54193,4.54487,2.948199000002205,52.948199000002205,0.074,2.386,0.4881990000022052,,,50.0
S00004,UPF,core-1,core,100,DONE,4.5512,4.55433,3.139027999850441,15.139027999850441,0.093,2.226,0.8200279998504412,,,12.0
S00004,UPF,core-1,core,101,DONE,4.55136,4.55656,5.200690000037866,17.200690000037866,2.593,2.005,0.6026900000378665,,,12.0
S00006,IMS-CSCF,cloud-1,cloud,100,DONE,4.564,4.56642,2.4206649998177454,54.420664999817745,0.09,1.415,0.9156649998177453,,,52.0
S00009,IoT-GW,core-1,core,88,DONE,4.56541,4.56758,2.173590999973385,12.173590999973385,0.112,1.406,0.6555909999733849,,,10.0
S00010,IoT-GW,core-1,core,104,DONE,4.5655,4.5679,2.3963449998518627,14.396344999851863,0.385,1.569,0.4423449998518627,,,12.0
S00003,UPF,core-1,core,99,DONE,4.56643,4.56949,3.052495000019917,13.052495000019917,0.063,2.576,0.4134950000199167,,,10.0
S00002,vRAN-DU,edge-B,edge,101,DONE,4.57282,4.57663,3.8092750000942033,3.8092750000942033,0.083,2.728,0.9982750000942029,,,0.0
S00009,IoT-GW,core-1,core,89,DONE,4.57783,4.57948,1.6414560000157508,11.64145600001575,0.085,1.017,0.5394560000157509,,,10.0
S00010,IoT-GW,core-1,core,105,DONE,4.57915,4.58061,1.454867999882481,13.454867999882481,0.045,0.917,0.49286799988248087,,,12.0
S00006,IMS-CSCF,cloud-1,cloud,101,DONE,4.57922,4.58152,2.2993229999883624,54.29932299998836,0.069,1.68,0.5503229999883625,,,52.0
S00006,IMS-CSCF,cloud-1,cloud,102,DONE,4.59388,4.5964,2.5183499999457126,54.51834999994571,0.09,1.565,0.8633499999457126,,,52.0
S00007,Transcoder,cloud-1,cloud,49,DONE,4.59642,4.60299,6.575696000027165,56.575696000027165,0.063,5.892,0.6206960000271646,,,50.0
S00002,vRAN-DU,edge-B,edge,102,DONE,4.60935,4.6132,3.856125000083921,3.856125000083921,0.078,2.745,1.033125000083921,,,0.0
S00003,UPF,core-1,core,100,DONE,4.60951,4.61489,5.373171999963233,15.373171999963233,0.1,4.672,0.6011719999632339,,,10.0
S00006,IMS-CSCF,cloud-1,cloud,103,DONE,4.62025,4.62652,6.27831899987541,58.27831899987541,0.086,5.429,0.7633189998754091,,,52.0
S00010,IoT-GW,core-1,core,106,DONE,4.63186,4.64446,12.596299000051658,24.59629900005166,0.516,2.876,9.204299000051659,,,12.0
S00006,IMS-CSCF,cloud-1,cloud,104,DONE,4.63212,4.63523,3.1096580000848917,55.10965800008489,0.092,2.368,0.6496580000848917,,,52.0
S00003,UPF,core-1,core,101,DONE,4.63478,4.6443,9.523446999992302,19.523446999992302,0.388,2.299,6.836446999992303,,,10.0
S00002,vRAN-DU,edge-B,edge,103,DONE,4.63746,4.64428,6.8201060000774305,6.8201060000774305,0.085,5.586,1.1491060000774302,,,0.0
S00006,IMS-CSCF,cloud-1,cloud,105,DONE,4.64567,4.65605,10.379879000083747,62.37987900008375,0.117,9.545,0.7178790000837463,,,52.0
S00004,UPF,core-1,core,102,DONE,4.64811,4.65213,4.017499000156022,16.017499000156022,0.088,3.177,0.7524990001560217,,,12.0
S00008,Transcoder,cloud-1,cloud,50,DONE,4.64947,4.6634,13.924273999919023,65.92427399991902,0.081,13.265,0.5782739999190234,,,52.0
S00003,UPF,core-1,core,102,DONE,4.65214,4.65555,3.4117969998987974,13.411796999898797,0.051,2.373,0.987796999898797,,,10.0
S00003,UPF,core-1,core,103,DONE,4.65475,4.66064,5.8829110000715445,15.882911000071545,0.048,3.398,2.4369110000715444,,,10.0
S00003,UPF,core-1,core,104,DONE,4.65824,4.66118,2.9416110000966,12.9416110000966,0.34,2.168,0.43361100009660003,,,10.0
S00010,IoT-GW,core-1,core,107,DONE,4.66972,4.67194,2.214599000126327,14.214599000126327,0.106,1.238,0.8705990001263271,,,12.0
S00003,UPF,core-1,core,105,DONE,4.67931,4.68238,3.076379000049201,13.0763790000492,0.083,2.216,0.7773790000492005,,,10.0
S00001,vRAN-DU,edge-A,edge,79,DONE,4.67957,4.68533,5.761078000205089,5.761078000205089,0.105,4.959,0.6970780002050887,,,0.0
S00005,IMS-CSCF,cloud-1,cloud,91,DONE,4.68541,4.68843,3.018677000000025,53.018677000000025,0.105,2.188,0.725677000000025,,,50.0
S00009,IoT-GW,core-1,core,90,DONE,4.68555,4.68688,1.331186000015805,11.331186000015805,0.07,0.859,0.40218600001580485,,,10.0
S00006,IMS-CSCF,cloud-1,cloud,106,DONE,4.69685,4.70022,3.369852999867362,55.36985299986736,0.119,2.304,0.946852999867362,,,52.0
S00003,UPF,core-1,core,106,DONE,4.70031,4.7034,3.0859749999763153,13.085974999976315,0.111,2.216,0.7589749999763149,,,10.0
S00003,UPF,core-1,core,107,DONE,4.70775,4.71192,4.176004999862926,14.176004999862926,0.072,3.316,0.7880049998629257,,,10.0
S00002,vRAN-DU,edge-B,edge,104,DONE,4.72228,4.72674,4.460805000007895,4.460805000007895,0.113,3.28,1.067805000007895,,,0.0
S00006,IMS-CSCF,cloud-1,cloud,107,DONE,4.72676,4.73068,3.920680999954129,55.92068099995413,0.148,3.043,0.7296809999541289,,,52.0
S00005,IMS-CSCF,cloud-1,cloud,92,DONE,4.72696,4.73008,3.117513000006511,53.11751300000651,0.082,2.209,0.8265130000065111,,,50.0
S00002,vRAN-DU,edge-B,edge,105,DONE,4.73076,4.73518,4.426147999993191,4.426147999993191,0.117,3.47,0.8391479999931906,,,0.0
S00010,IoT-GW,core-1,core,108,DONE,4.73427,4.73709,2.8204630000345787,14.820463000034579,0.094,2.013,0.713463000034579,,,12.0
S00010,IoT-GW,core-1,core,109,DONE,4.7344,4.73806,3.6590400000022782,15.659040000002278,2.306,0.815,0.5380400000022783,,,12.0
S00010,IoT-GW,core-1,core,110,DONE,4.7371,4.73922,2.1208289999776753,14.120828999977675,0.613,1.03,0.47782899997767525,,,12.0
S00010,IoT-GW,core-1,core,111,DONE,4.73807,4.7401,2.0314670000516344,14.031467000051634,0.418,0.662,0.9514670000516343,,,12.0
S00009,IoT-GW,core-1,core,91,DONE,4.73923,4.74107,1.8362319999596366,11.836231999959637,0.043,0.874,0.9192319999596366,,,10.0
S00002,vRAN-DU,edge-B,edge,106,DONE,4.74326,4.74689,3.624100000024555,3.624100000024555,0.08,2.887,0.6571000000245548,,,0.0
S00008,Transcoder,cloud-1,cloud,51,DONE,4.76446,4.77303,8.57926799994857,60.57926799994857,0.083,7.679,0.8172679999485695,,,52.0
S00007,Transcoder,cloud-1,cloud,50,DONE,4.76905,4.77752,8.470039000030738,58.47003900003074,0.079,7.752,0.6390390000307384,,,50.0
S00001,vRAN-DU,edge-A,edge,80,DONE,4.7704,4.77381,3.417582999873048,3.417582999873048,0.086,2.809,0.5225829998730478,,,0.0
S00003,UPF,core-1,core,108,DONE,4.77503,4.7776,2.5668660000519594,12.56686600005196,0.083,2.065,0.4188660000519593,,,10.0
S00002,vRAN-DU,edge-B,edge,107,DONE,4.78493,4.78869,3.7561819999609725,3.7561819999609725,0.084,2.765,0.9071819999609723,,,0.0
S00010,IoT-GW,core-1,core,112,DONE,4.78511,4.78917,4.06351500009805,16.06351500009805,0.078,3.332,0.6535150000980505,,,12.0
S00010,IoT-GW,core-1,core,113,DONE,4.78809,4.79345,5.36055799989299,17.36055799989299,0.495,4.232,0.6335579998929894,,,12.0
S00008,Transcoder,cloud-1,cloud,52,DONE,4.78819,4.79515,6.960471999946094,58.960471999946094,0.079,5.948,0.9334719999460939,,,52.0
S00003,UPF,core-1,core,109,DONE,4.79646,4.79913,2.6714830000855727,12.671483000085573,0.067,2.071,0.5334830000855724,,,10.0
S00003,UPF,core-1,core,110,DONE,4.79783,4.80144,3.6113099999965925,13.611309999996593,1.009,2.093,0.5093099999965927,,,10.0
S00009,IoT-GW,core-1,core,92,DONE,4.82381,4.82576,1.9548390000636573,11.954839000063657,0.083,1.145,0.7268390000636573,,,10.0
S00010,IoT-GW,core-1,core,114,DONE,4.82514,4.82691,1.7612820001886575,13.761282000188658,0.05,0.953,0.7582820001886577,,,12.0
S00005,IMS-CSCF,cloud-1,cloud,93,DONE,4.83725,4.83964,2.3899619998246635,52.38996199982466,0.087,1.579,0.7239619998246636,,,50.0
S00002,vRAN-DU,edge-B,edge,108,DONE,4.85702,4.86095,3.928247999965606,3.928247999965606,0.095,2.95,0.8832479999656058,,,0.0
S00004,UPF,core-1,core,103,DONE,4.86426,4.86793,3.667567000093186,15.667567000093186,0.136,2.755,0.7765670000931859,,,12.0
S00003,UPF,core-1,core,111,DONE,4.86445,4.86897,4.516534000003958,14.516534000003958,0.264,3.644,0.6085340000039574,,,10.0
S00009,IoT-GW,core-1,core,93,DONE,4.86697,4.86898,2.014824999832854,12.014824999832854,0.071,1.401,0.5428249998328538,,,10.0
S00010,IoT-GW,core-1,core,115,DONE,4.87327,4.87505,1.779366000164373,13.779366000164373,0.067,1.119,0.593366000164373,,,12.0
S00003,UPF,core-1,core,112,DONE,4.87623,4.87881,2.577036000047883,12.577036000047883,0.056,2.004,0.5170360000478831,,,10.0
S00005,IMS-CSCF,cloud-1,cloud,94,DONE,4.88609,4.88855,2.461222999954771,52.46122299995477,0.085,1.587,0.7892229999547709,,,50.0
S00005,IMS-CSCF,cloud-1,cloud,95,DONE,4.88856,4.89051,1.94803099998353,51.94803099998353,0.062,1.34,0.5460309999835298,,,50.0
S00009,IoT-GW,core-1,core,94,DONE,4.89683,4.8987,1.8773180001971923,11.877318000197192,0.084,1.037,0.7563180001971923,,,10.0
S00006,IMS-CSCF,cloud-1,cloud,108,DONE,4.89818,4.90033,2.152604999992036,54.152604999992036,0.364,1.287,0.5016049999920362,,,52.0
S00001,vRAN-DU,edge-A,edge,81,DONE,4.89989,4.90353,3.6420229998839204,3.6420229998839204,0.33,2.704,0.6080229998839202,,,0.0
S00010,IoT-GW,core-1,core,116,DONE,4.91183,4.91445,2.612089999956879,14.61208999995688,0.137,1.391,1.0840899999568792,,,12.0
S00010,IoT-GW,core-1,core,117,DONE,4.91252,4.9155,2.973581000105696,14.973581000105696,1.484,0.914,0.575581000105696,,,12.0
S00003,UPF,core-1,core,113,DONE,4.92278,4.92554,2.756586999794308,12.756586999794308,0.07,2.008,0.6785869997943084,,,10.0
S00004,UPF,core-1,core,104,DONE,4.92675,4.92927,2.5204029998349142,14.520402999834914,0.121,1.89,0.5094029998349141,,,12.0
S00002,vRAN-DU,edge-B,edge,109,DONE,4.92685,4.93013,3.2739910000145755,3.2739910000145755,0.08,2.644,0.5499910000145753,,,0.0
S00009,IoT-GW,core-1,core,95,DONE,4.94047,4.94248,2.00218700001642,12.00218700001642,0.082,1.275,0.6451870000164199,,,10.0
S00001,vRAN-DU,edge-A,edge,82,DONE,4.94367,4.94731,3.6432399999739573,3.6432399999739573,0.132,2.836,0.6752399999739573,,,0.0
S00003,UPF,core-1,core,114,DONE,4.94957,4.95233,2.7525139998942905,12.75251399989429,0.08,2.077,0.5955139998942904,,,10.0
S00004,UPF,core-1,core,105,DONE,4.95352,4.95652,3.001790000098481,15.001790000098481,0.074,2.201,0.726790000098481,,,12.0
S00001,vRAN-DU,edge-A,edge,83,DONE,4.95874,4.96273,3.985124999871914,3.985124999871914,0.08,3.091,0.8141249998719138,,,0.0
S00003,UPF,core-1,core,115,DONE,4.96121,4.96374,2.528481999888754,12.528481999888754,0.076,1.957,0.4954819998887543,,,10.0
S00001,vRAN-DU,edge-A,edge,84,DONE,4.96279,4.96606,3.2693109999399894,3.2693109999399894,0.12,2.659,0.4903109999399895,,,0.0
S00004,UPF,core-1,core,106,DONE,4.96607,4.96874,2.6665790001061396,14.66657900010614,0.068,2.076,0.5225790001061394,,,12.0
S00006,IMS-CSCF,cloud-1,cloud,109,DONE,4.9802,4.98263,2.433932999792887,54.43393299979289,0.111,1.513,0.8099329997928872,,,52.0
S00001,vRAN-DU,edge-A,edge,85,DONE,4.99496,4.99889,3.930138999976407,3.930138999976407,0.18,2.945,0.8051389999764069,,,0.0
S00006,IMS-CSCF,cloud-1,cloud,110,DONE,5.00116,5.00361,2.449768999895241,54.44976899989524,0.095,1.596,0.7587689998952409,,,52.0
S00001,vRAN-DU,edge-A,edge,86,DONE,5.00363,5.00734,3.712552000024516,3.712552000024516,0.072,3.156,0.4845520000245158,,,0.0
S00006,IMS-CSCF,cloud-1,cloud,111,DONE,5.00495,5.00981,4.8589169998649595,56.85891699986496,0.06,4.13,0.66891699986496,,,52.0
S00009,IoT-GW,core-1,core,96,DONE,5.00506,5.0082,3.1428679999407905,13.14286799994079,0.074,2.228,0.8408679999407904,,,10.0
S00005,IMS-CSCF,cloud-1,cloud,96,DONE,5.00628,5.01009,3.8083510000888054,53.808351000088805,0.056,3.298,0.45435100008880536,,,50.0
S00002,vRAN-DU,edge-B,edge,110,DONE,5.00982,5.01457,4.7533700001167745,4.7533700001167745,0.078,3.29,1.3853700001167746,,,0.0
S00004,UPF,core-1,core,107,DONE,5.01171,5.01528,3.5689559999809717,15.568955999980972,0.116,2.81,0.6429559999809715,,,12.0
S00010,IoT-GW,core-1,core,118,DONE,5.01182,5.01672,4.897411000001739,16.89741100000174,1.922,2.423,0.5524110000017393,,,12.0
S00005,IMS-CSCF,cloud-1,cloud,97,DONE,5.01458,5.01648,1.8982570002208377,51.89825700022084,0.071,1.312,0.5152570002208376,,,50.0
S00005,IMS-CSCF,cloud-1,cloud,98,DONE,5.02005,5.02259,2.545304000022952,52.54530400002295,0.076,1.748,0.721304000022952,,,50.0
S00005,IMS-CSCF,cloud-1,cloud,99,DONE,5.02141,5.02721,5.804599999919446,55.804599999919446,0.792,4.162,0.8505999999194467,,,50.0
S00006,IMS-CSCF,cloud-1,cloud,112,DONE,5.0226,5.02723,4.632323999885557,56.63232399988556,0.072,3.652,0.9083239998855568,,,52.0
S00003,UPF,core-1,core,116,DONE,5.02269,5.02737,4.675723999980619,14.675723999980619,0.074,3.992,0.609723999980619,,,10.0
S00002,vRAN-DU,edge-B,edge,111,DONE,5.03176,5.0366,4.8458920000484795,4.8458920000484795,0.2,3.573,1.0728920000484794,,,0.0
S00006,IMS-CSCF,cloud-1,cloud,113,DONE,5.03668,5.0393,2.6195909999842115,54.61959099998421,0.138,1.702,0.7795909999842117,,,52.0
S00004,UPF,core-1,core,108,DONE,5.04161,5.04474,3.128194000055373,15.128194000055373,0.113,1.931,1.0841940000553731,,,12.0
S00005,IMS-CSCF,cloud-1,cloud,100,DONE,5.04177,5.04476,2.990603999933228,52.99060399993323,0.113,2.069,0.808603999933228,,,50.0
S00002,vRAN-DU,edge-B,edge,112,DONE,5.05326,5.06583,12.576058999911766,12.576058999911766,0.085,4.952,7.539058999911766,,,0.0
S00006,IMS-CSCF,cloud-1,cloud,114,DONE,5.06909,5.07159,2.4921610001911176,54.49216100019112,0.118,1.593,0.7811610001911178,,,52.0
S00005,IMS-CSCF,cloud-1,cloud,101,DONE,5.08013,5.08511,4.979572999900483,54.97957299990048,0.077,2.447,2.4555729999004834,,,50.0
S00003,UPF,core-1,core,117,DONE,5.08155,5.08513,3.5783490000085294,13.57834900000853,0.079,2.64,0.8593490000085291,,,10.0
S00002,vRAN-DU,edge-B,edge,113,DONE,5.08947,5.09714,7.662368999945102,7.662368999945102,0.083,6.991,0.5883689999451018,,,0.0
S00003,UPF,core-1,core,118,DONE,5.09287,5.0965,3.63187600009951,13.63187600009951,0.086,2.932,0.61387600009951,,,10.0
S00001,vRAN-DU,edge-A,edge,87,DONE,5.09468,5.10032,5.646038999884695,5.646038999884695,0.144,2.861,2.6410389998846946,,,0.0
S00010,IoT-GW,core-1,core,119,DONE,5.10051,5.10273,2.219636999825525,14.219636999825525,0.073,1.583,0.5636369998255251,,,12.0
S00006,IMS-CSCF,cloud-1,cloud,115,DONE,5.12316,5.12591,2.7567999998154846,54.756799999815485,0.09,1.806,0.8607999998154845,,,52.0
S00008,Transcoder,cloud-1,cloud,53,DONE,5.14135,5.14875,7.405270999925051,59.40527099992505,0.088,6.639,0.6782709999250507,,,52.0
S00005,IMS-CSCF,cloud-1,cloud,102,DONE,5.14475,5.14687,2.1179469999879075,52.11794699998791,0.081,1.324,0.7129469999879074,,,50.0
S00001,vRAN-DU,edge-A,edge,88,DONE,5.14816,5.15465,6.485749999910695,6.485749999910695,0.526,5.084,0.8757499999106955,,,0.0
S00002,vRAN-DU,edge-B,edge,114,DONE,5.14881,5.15468,5.8728310000333295,5.8728310000333295,0.076,5.093,0.7038310000333299,,,0.0
S00004,UPF,core-1,core,109,DONE,5.15118,5.15463,3.4568659998512885,15.456865999851289,0.08,2.288,1.0888659998512886,,,12.0
S00004,UPF,core-1,core,110,DONE,5.15824,5.16248,4.238481999891519,16.23848199989152,0.091,3.408,0.739481999891519,,,12.0
S00004,UPF,core-1,core,111,DONE,5.16074,5.16618,5.443293999860543,17.443293999860543,1.276,3.161,1.0062939998605431,,,12.0
S00010,IoT-GW,core-1,core,120,DONE,5.16964,5.17231,2.673486000048797,14.673486000048797,0.184,1.471,1.018486000048797,,,12.0
S00004,UPF,core-1,core,112,DONE,5.17125,5.1757,4.4465379999110155,16.446537999911016,0.106,2.745,1.5955379999110155,,,12.0
S00009,IoT-GW,core-1,core,97,DONE,5.1715,5.17659,5.090269999982411,15.09026999998241,0.305,3.472,1.3132699999824107,,,10.0
S00007,Transcoder,cloud-1,cloud,51,DONE,5.17158,5.18191,10.329181000088283,60.32918100008828,0.097,8.837,1.395181000088284,,,50.0
S00010,IoT-GW,core-1,core,121,DONE,5.18207,5.18483,2.7618740000434627,14.761874000043463,0.112,1.852,0.7978740000434625,,,12.0
S00003,UPF,core-1,core,119,DONE,5.18817,5.19232,4.155858000103763,14.155858000103763,0.206,2.519,1.4308580001037625,,,10.0
S00009,IoT-GW,core-1,core,98,DONE,5.19772,5.20032,2.600263999966046,12.600263999966046,0.091,1.532,0.977263999966046,,,10.0
S00001,vRAN-DU,edge-A,edge,89,DONE,5.20566,5.21194,6.287915000029898,6.287915000029898,0.096,5.147,1.0449150000298975,,,0.0
S00004,UPF,core-1,core,113,DONE,5.22234,5.22582,3.4775100000388193,15.47751000003882,0.1,2.386,0.9915100000388191,,,12.0
S00001,vRAN-DU,edge-A,edge,90,DONE,5.22917,5.23629,7.122036000055232,7.122036000055232,0.119,6.219,0.7840360000552318,,,0.0
S00002,vRAN-DU,edge-B,edge,115,DONE,5.22936,5.23551,6.145969000044715,6.145969000044715,0.105,5.265,0.7759690000447153,,,0.0
S00003,UPF,core-1,core,120,DONE,5.23453,5.23857,4.03796999989936,14.03796999989936,0.118,2.547,1.37296999989936,,,10.0
S00004,UPF,core-1,core,114,DONE,5.24184,5.24486,3.023050000138028,15.023050000138028,0.082,2.246,0.695050000138028,,,12.0
S00006,IMS-CSCF,cloud-1,cloud,116,DONE,5.24919,5.25148,2.286862999881123,54.28686299988112,0.082,1.498,0.7068629998811229,,,52.0
S00003,UPF,core-1,core,121,DONE,5.25154,5.25434,2.7988019999156677,12.798801999915668,0.083,2.161,0.5548019999156675,,,10.0
S00006,IMS-CSCF,cloud-1,cloud,117,DONE,5.2566,5.25892,2.321806000054494,54.321806000054494,0.103,1.602,0.6168060000544937,,,52.0
S00002,vRAN-DU,edge-B,edge,116,DONE,5.26113,5.26603,4.895798000006835,4.895798000006835,0.1,2.887,1.9087980000068345,,,0.0
S00004,UPF,core-1,core,115,DONE,5.26351,5.26624,2.724277999959668,14.724277999959668,0.096,2.095,0.5332779999596675,,,12.0
S00009,IoT-GW,core-1,core,99,DONE,5.26952,5.2716,2.0809420000205137,12.080942000020514,0.075,1.334,0.6719420000205136,,,10.0
S00001,vRAN-DU,edge-A,edge,91,DONE,5.29295,5.29689,3.9371410000512697,3.9371410000512697,0.079,2.97,0.8881410000512693,,,0.0
S00002,vRAN-DU,edge-B,edge,117,DONE,5.29911,5.30293,3.817603000015879,3.817603000015879,0.09,2.971,0.756603000015879,,,0.0
S00004,UPF,core-1,core,116,DONE,5.30619,5.30935,3.1632570000965643,15.163257000096564,0.08,2.307,0.7762570000965643,,,12.0
S00002,vRAN-DU,edge-B,edge,118,DONE,5.31661,5.32572,9.10733299997446,9.10733299997446,0.09,7.766,1.2513329999744602,,,0.0
S00007,Transcoder,cloud-1,cloud,52,DONE,5.31808,5.32889,10.814818999961062,60.81481899996106,0.094,9.364,1.356818999961062,,,50.0
S00002,vRAN-DU,edge-B,edge,119,DONE,5.32459,5.32887,4.2848659998071525,4.2848659998071525,0.068,2.521,1.6958659998071526,,,0.0
S00006,IMS-CSCF,cloud-1,cloud,118,DONE,5.3289,5.33127,2.3721559998648445,54.372155999864844,0.085,1.653,0.6341559998648445,,,52.0
S00009,IoT-GW,core-1,core,100,DONE,5.33585,5.33836,2.5047460001133004,12.5047460001133,0.184,1.674,0.6467460001133005,,,10.0
S00006,IMS-CSCF,cloud-1,cloud,119,DONE,5.34889,5.35259,3.6957110000912508,55.69571100009125,0.084,1.389,2.222711000091251,,,52.0
S00002,vRAN-DU,edge-B,edge,120,DONE,5.34912,5.35479,5.672647999972469,5.672647999972469,0.092,4.842,0.7386479999724695,,,0.0
S00010,IoT-GW,core-1,core,122,DONE,5.3492,5.35329,4.090925000127754,16.090925000127754,0.091,3.514,0.4859250001277542,,,12.0
S00010,IoT-GW,core-1,core,123,DONE,5.35267,5.3548,2.126843000041845,14.126843000041845,0.054,0.929,1.1438430000418447,,,12.0
S00001,vRAN-DU,edge-A,edge,92,DONE,5.36227,5.36775,5.48272699984409,5.48272699984409,0.087,4.607,0.7887269998440898,,,0.0
S00008,Transcoder,cloud-1,cloud,54,DONE,5.36572,5.37324,7.523023999965517,59.52302399996552,0.09,6.557,0.8760239999655166,,,52.0
S00004,UPF,core-1,core,117,DONE,5.37455,5.37889,4.33654700009356,16.33654700009356,0.124,3.333,0.8795470000935599,,,12.0
S00002,vRAN-DU,edge-B,edge,121,DONE,5.37808,5.38292,4.833016000020507,4.833016000020507,0.082,4.018,0.7330160000205073,,,0.0
S00005,IMS-CSCF,cloud-1,cloud,103,DONE,5.38303,5.38644,3.408737999961886,53.408737999961886,0.11,1.738,1.560737999961886,,,50.0
S00002,vRAN-DU,edge-B,edge,122,DONE,5.3845,5.38914,4.6359370001027855,4.6359370001027855,0.098,2.861,1.6769370001027855,,,0.0
S00001,vRAN-DU,edge-A,edge,93,DONE,5.38645,5.39128,4.825496000194107,4.825496000194107,0.097,3.913,0.8154960001941074,,,0.0
S00007,Transcoder,cloud-1,cloud,53,DONE,5.38916,5.40023,11.075385000140159,61.07538500014016,0.103,9.957,1.0153850001401583,,,50.0
S00008,Transcoder,cloud-1,cloud,55,DONE,5.39093,5.40302,12.09622299984403,64.09622299984403,0.098,9.944,2.054222999844029,,,52.0
S00004,UPF,core-1,core,118,DONE,5.40025,5.40469,4.441197000005559,16.44119700000556,0.104,3.601,0.7361970000055589,,,12.0
S00010,IoT-GW,core-1,core,124,DONE,5.40702,5.41016,3.1481900000471796,15.14819000004718,0.138,2.395,0.6151900000471797,,,12.0
S00009,IoT-GW,core-1,core,101,DONE,5.40719,5.41015,2.9586630000721925,12.958663000072193,0.069,1.827,1.0626630000721926,,,10.0
S00002,vRAN-DU,edge-B,edge,123,DONE,5.41848,5.42287,4.391752999936216,4.391752999936216,0.13,3.245,1.016752999936216,,,0.0
S00003,UPF,core-1,core,122,DONE,5.43128,5.43614,4.866922000019258,14.866922000019258,0.091,3.727,1.048922000019258,,,10.0
S00004,UPF,core-1,core,119,DONE,5.43276,5.43616,3.4007389999715087,15.400738999971509,0.07,2.413,0.9177389999715091,,,12.0
S00009,IoT-GW,core-1,core,102,DONE,5.43514,5.43758,2.4397639999733656,12.439763999973366,0.063,1.279,1.0977639999733657,,,10.0
S00009,IoT-GW,core-1,core,103,DONE,5.43886,5.4412,2.336999999897671,12.336999999897671,0.06,1.493,0.7839999998976708,,,10.0
S00006,IMS-CSCF,cloud-1,cloud,120,DONE,5.44868,5.45205,3.3682690000205184,55.36826900002052,0.109,2.057,1.2022690000205185,,,52.0
S00009,IoT-GW,core-1,core,104,DONE,5.45207,5.4548,2.7342799999132694,12.73427999991327,0.09,1.6,1.0442799999132693,,,10.0
S00007,Transcoder,cloud-1,cloud,54,DONE,5.45461,5.4628,8.186556000055134,58.186556000055134,0.145,7.136,0.9055560000551344,,,50.0
S00003,UPF,core-1,core,123,DONE,5.46107,5.46544,4.369378000092183,14.369378000092183,0.161,3.028,1.1803780000921833,,,10.0
S00008,Transcoder,cloud-1,cloud,56,DONE,5.46281,5.47234,9.524248999923657,61.52424899992366,0.075,8.857,0.5922489999236582,,,52.0
S00009,IoT-GW,core-1,core,105,DONE,5.46665,5.46823,1.584980999950858,11.584980999950858,0.125,0.995,0.46498099995085784,,,10.0
S00001,vRAN-DU,edge-A,edge,94,DONE,5.46782,5.47463,6.813914999838744,6.813914999838744,0.099,5.997,0.7179149998387437,,,0.0
S00006,IMS-CSCF,cloud-1,cloud,121,DONE,5.4747,5.47701,2.3104750000584318,54.31047500005843,0.086,1.513,0.7114750000584318,,,52.0
S00009,IoT-GW,core-1,core,106,DONE,5.47709,5.47942,2.334375999907934,12.334375999907934,0.095,1.299,0.940375999907934,,,10.0
S00009,IoT-GW,core-1,core,107,DONE,5.48378,5.48588,2.1032939998804068,12.103293999880407,0.085,1.306,0.7122939998804068,,,10.0
S00010,IoT-GW,core-1,core,125,DONE,5.48711,5.48901,1.8969469999774446,13.896946999977445,0.073,1.159,0.6649469999774447,,,12.0
S00004,UPF,core-1,core,120,DONE,5.4885,5.49132,2.814588999854095,14.814588999854095,0.043,2.153,0.618588999854095,,,12.0
S00002,vRAN-DU,edge-B,edge,124,DONE,5.50872,5.51593,7.210198000166201,7.210198000166201,0.084,6.077,1.0491980001662018,,,0.0
S00008,Transcoder,cloud-1,cloud,57,DONE,5.51594,5.52652,10.576044999879741,62.57604499987974,0.134,9.458,0.9840449998797407,,,52.0
S00003,UPF,core-1,core,124,DONE,5.51823,5.52717,8.945516000039788,18.945516000039788,0.09,8.181,0.6745160000397892,,,10.0
S00004,UPF,core-1,core,121,DONE,5.51954,5.5265,6.9654159999572585,18.96541599995726,0.057,6.218,0.6904159999572581,,,12.0
S00002,vRAN-DU,edge-B,edge,125,DONE,5.5245,5.53008,5.57567900000322,5.57567900000322,0.095,4.67,0.81067900000322,,,0.0
S00006,IMS-CSCF,cloud-1,cloud,122,DONE,5.5258,5.53183,6.02988099990398,58.02988099990398,0.064,4.913,1.05288099990398,,,52.0
S00003,UPF,core-1,core,125,DONE,5.52652,5.53184,5.315096000003905,15.315096000003905,0.489,3.876,0.9500960000039047,,,10.0
S00004,UPF,core-1,core,122,DONE,5.53126,5.53483,3.563364999990881,15.563364999990881,0.068,2.929,0.5663649999908813,,,12.0
S00002,vRAN-DU,edge-B,edge,126,DONE,5.53915,5.54313,3.988035000020318,3.988035000020318,0.108,3.013,0.867035000020318,,,0.0
S00010,IoT-GW,core-1,core,126,DONE,5.54448,5.54624,1.7605250000087835,13.760525000008784,0.09,0.906,0.7645250000087835,,,12.0
S00001,vRAN-DU,edge-A,edge,95,DONE,5.54465,5.5512,6.549513999971168,6.549513999971168,0.101,4.393,2.0555139999711685,,,0.0
S00010,IoT-GW,core-1,core,127,DONE,5.55131,5.55345,2.135414000122182,14.135414000122182,0.105,1.273,0.7574140001221823,,,12.0
S00006,IMS-CSCF,cloud-1,cloud,123,DONE,5.56377,5.56712,3.347169000107897,55.3471690001079,0.334,2.199,0.814169000107897,,,52.0
S00006,IMS-CSCF,cloud-1,cloud,124,DONE,5.56399,5.56966,5.665829000008671,57.66582900000867,2.761,2.079,0.825829000008671,,,52.0
S00005,IMS-CSCF,cloud-1,cloud,104,DONE,5.56406,5.56681,2.7444610000202374,52.74446100002024,0.107,1.755,0.8824610000202375,,,50.0
S00005,IMS-CSCF,cloud-1,cloud,105,DONE,5.57505,5.58213,7.073128000001816,57.073128000001816,0.103,5.826,1.1441280000018166,,,50.0
S00009,IoT-GW,core-1,core,108,DONE,5.58054,5.58273,2.1890929999699438,12.189092999969944,0.126,1.327,0.7360929999699439,,,10.0
S00003,UPF,core-1,core,126,DONE,5.58214,5.58623,4.090367000117112,14.090367000117112,0.046,3.116,0.9283670001171123,,,10.0
S00008,Transcoder,cloud-1,cloud,58,DONE,5.58629,5.59734,11.055145000000266,63.055145000000266,0.079,10.35,0.6261450000002657,,,52.0
S00001,vRAN-DU,edge-A,edge,96,DONE,5.58781,5.59703,9.220008000056623,9.220008000056623,0.096,8.386,0.7380080000566238,,,0.0
S00002,vRAN-DU,edge-B,edge,127,DONE,5.5912,5.59831,7.108799999969051,7.108799999969051,0.085,5.277,1.7467999999690509,,,0.0
S00003,UPF,core-1,core,127,DONE,5.59659,5.60202,5.4324840000390395,15.43248400003904,0.138,4.028,1.26648400003904,,,10.0
S00009,IoT-GW,core-1,core,109,DONE,5.59671,5.60187,5.160364000175832,15.160364000175832,0.269,3.843,1.048364000175832,,,10.0
S00004,UPF,core-1,core,123,DONE,5.59675,5.6046,7.8449460002048,19.8449460002048,0.206,6.662,0.9769460002047996,,,12.0
S00010,IoT-GW,core-1,core,128,DONE,5.59952,5.60452,4.994132999854628,16.994132999854628,0.087,4.351,0.5561329998546283,,,12.0
S00002,vRAN-DU,edge-B,edge,128,DONE,5.59963,5.6068,7.162675000017771,7.162675000017771,0.118,4.879,2.165675000017771,,,0.0
S00010,IoT-GW,core-1,core,129,DONE,5.60188,5.60678,4.908816000124716,16.908816000124716,0.065,1.052,3.791816000124716,,,12.0
S00006,IMS-CSCF,cloud-1,cloud,125,DONE,5.60421,5.6068,2.5903719999860186,54.59037199998602,0.111,1.317,1.1623719999860187,,,52.0
S00006,IMS-CSCF,cloud-1,cloud,126,DONE,5.60429,5.61212,7.8299299998434435,59.82992999984344,1.678,5.314,0.8379299998434435,,,52.0
S00008,Transcoder,cloud-1,cloud,59,DONE,5.60433,5.61613,11.807500999793774,63.807500999793774,1.422,9.585,0.8005009997937726,,,52.0
S00002,vRAN-DU,edge-B,edge,129,DONE,5.60681,5.61161,4.805367000017213,4.805367000017213,0.068,4.2,0.5373670000172135,,,0.0
S00008,Transcoder,cloud-1,cloud,60,DONE,5.6111,5.62161,10.507823000125427,62.50782300012543,0.067,9.967,0.4738230001254262,,,52.0
S00003,UPF,core-1,core,128,DONE,5.62485,5.63004,5.190389000063078,15.190389000063078,0.103,4.196,0.8913890000630786,,,10.0
S00009,IoT-GW,core-1,core,110,DONE,5.63646,5.63952,3.0595410000842094,13.05954100008421,0.119,2.014,0.9265410000842094,,,10.0
S00007,Transcoder,cloud-1,cloud,55,DONE,5.6408,5.65492,14.11884200001623,64.11884200001623,0.114,13.221,0.7838420000162287,,,50.0
S00010,IoT-GW,core-1,core,130,DONE,5.64961,5.65192,2.3128529999212333,14.312852999921233,0.108,1.483,0.7218529999212331,,,12.0
S00005,IMS-CSCF,cloud-1,cloud,106,DONE,5.64979,5.65389,4.095075000122961,54.09507500012296,0.079,3.239,0.7770750001229607,,,50.0
S00010,IoT-GW,core-1,core,131,DONE,5.66121,5.66471,3.500704999851223,15.500704999851223,0.332,2.044,1.124704999851223,,,12.0
S00003,UPF,core-1,core,129,DONE,5.66138,5.66536,3.9890229998036375,13.989022999803638,0.128,3.084,0.7770229998036373,,,10.0
S00007,Transcoder,cloud-1,cloud,56,DONE,5.66666,5.67716,10.50417400006154,60.50417400006154,0.09,9.44,0.9741740000615398,,,50.0
S00008,Transcoder,cloud-1,cloud,61,DONE,5.67317,5.68075,7.577652999998463,59.57765299999846,0.155,6.713,0.7096529999984629,,,52.0
S00010,IoT-GW,core-1,core,132,DONE,5.67718,5.67901,1.8300459998954466,13.830045999895447,0.089,1.223,0.5180459998954465,,,12.0
S00008,Transcoder,cloud-1,cloud,62,DONE,5.68606,5.69336,7.304193999971176,59.304193999971176,0.085,6.445,0.7741939999711756,,,52.0
S00005,IMS-CSCF,cloud-1,cloud,107,DONE,5.69767,5.69991,2.2348529998907907,52.23485299989079,0.086,1.514,0.6348529998907906,,,50.0
S00010,IoT-GW,core-1,core,133,DONE,5.7052,5.70721,2.014770999949178,14.014770999949178,0.092,1.208,0.714770999949178,,,12.0
S00009,IoT-GW,core-1,core,111,DONE,5.70722,5.70882,1.5926119999676303,11.59261199996763,0.09,1.077,0.4256119999676302,,,10.0
S00009,IoT-GW,core-1,core,112,DONE,5.71109,5.71308,1.9928849999359954,11.992884999935995,0.07,1.322,0.6008849999359953,,,10.0
S00002,vRAN-DU,edge-B,edge,130,DONE,5.72742,5.73616,8.747853999921062,8.747853999921062,0.228,7.392,1.1278539999210624,,,0.0
S00008,Transcoder,cloud-1,cloud,63,DONE,5.72758,5.73726,9.67601399997875,61.67601399997875,0.128,8.992,0.5560139999787488,,,52.0
S00002,vRAN-DU,edge-B,edge,131,DONE,5.72764,5.73615,8.509920000051352,8.509920000051352,0.289,6.843,1.3779200000513523,,,0.0
S00006,IMS-CSCF,cloud-1,cloud,127,DONE,5.7309,5.74086,9.959681000054843,61.95968100005484,0.315,9.042,0.6026810000548437,,,52.0
S00008,Transcoder,cloud-1,cloud,64,DONE,5.73617,5.74317,7.004703000120571,59.00470300012057,0.077,6.343,0.5847030001205713,,,52.0
S00008,Transcoder,cloud-1,cloud,65,DONE,5.73845,5.74524,6.79121899997881,58.79121899997881,0.05,6.344,0.3972189999788096,,,52.0
S00005,IMS-CSCF,cloud-1,cloud,108,DONE,5.74952,5.75156,2.0434160001059354,52.043416000105935,0.097,1.443,0.5034160001059353,,,50.0
S00004,UPF,core-1,core,124,DONE,5.74971,5.75351,3.793357999938962,15.793357999938962,0.088,3.122,0.5833579999389622,,,12.0
S00005,IMS-CSCF,cloud-1,cloud,109,DONE,5.75976,5.76226,2.499200999864115,52.499200999864115,0.08,1.637,0.7822009998641151,,,50.0
S00001,vRAN-DU,edge-A,edge,97,DONE,5.76348,5.76741,3.9371200000459794,3.9371200000459794,0.079,3.267,0.5911200000459793,,,0.0
S00001,vRAN-DU,edge-A,edge,98,DONE,5.77274,5.77781,5.070003000128054,5.070003000128054,0.076,4.48,0.5140030001280538,,,0.0
S00003,UPF,core-1,core,130,DONE,5.77414,5.77763,3.48674400015625,13.48674400015625,0.134,2.534,0.8187440001562503,,,10.0
S00008,Transcoder,cloud-1,cloud,66,DONE,5.77764,5.78921,11.568353000029674,63.568353000029674,0.086,10.785,0.6973530000296737,,,52.0
S00009,IoT-GW,core-1,core,113,DONE,5.78005,5.78218,2.1340240000427,12.1340240000427,0.072,1.245,0.8170240000427,,,10.0
S00007,Transcoder,cloud-1,cloud,57,DONE,5.78143,5.79168,10.251650000100199,60.2516500001002,0.075,9.463,0.7136500001002002,,,50.0
S00007,Transcoder,cloud-1,cloud,58,DONE,5.78449,5.79469,10.205328999973062,60.20532899997306,0.065,9.716,0.4243289999730635,,,50.0
S00002,vRAN-DU,edge-B,edge,132,DONE,5.78578,5.7901,4.322892999880423,4.322892999880423,0.057,3.643,0.6228929998804236,,,0.0
S00002,vRAN-DU,edge-B,edge,133,DONE,5.79389,5.79776,3.87058700016496,3.87058700016496,0.072,2.989,0.8095870001649601,,,0.0
S00005,IMS-CSCF,cloud-1,cloud,110,DONE,5.80408,5.80677,2.688252000098146,52.688252000098146,0.098,1.8,0.7902520000981457,,,50.0
S00003,UPF,core-1,core,131,DONE,5.80678,5.80961,2.8313660000094387,12.831366000009439,0.088,2.144,0.5993660000094385,,,10.0
S00009,IoT-GW,core-1,core,114,DONE,5.8108,5.81255,1.746491999938371,11.746491999938371,0.061,1.182,0.5034919999383711,,,10.0
S00004,UPF,core-1,core,125,DONE,5.81477,5.81756,2.7903909999622556,14.790390999962256,0.081,2.099,0.6103909999622554,,,12.0
S00009,IoT-GW,core-1,core,115,DONE,5.81487,5.81659,1.7219149999618821,11.721914999961882,0.126,1.054,0.541914999961882,,,10.0
S00002,vRAN-DU,edge-B,edge,134,DONE,5.82184,5.82533,3.484856000113723,3.484856000113723,0.09,2.784,0.6108560001137233,,,0.0
S00006,IMS-CSCF,cloud-1,cloud,128,DONE,5.82202,5.82475,2.725806999933411,54.72580699993341,0.085,2.033,0.6078069999334113,,,52.0
S00009,IoT-GW,core-1,core,116,DONE,5.84463,5.8475,2.8721850001147686,12.872185000114769,0.093,1.998,0.7811850001147684,,,10.0
S00005,IMS-CSCF,cloud-1,cloud,111,DONE,5.84479,5.8467,1.9162490000326216,51.91624900003262,0.09,1.26,0.5662490000326215,,,50.0
S00003,UPF,core-1,core,132,DONE,5.85629,5.85953,3.232672999956776,13.232672999956776,0.168,2.381,0.6836729999567761,,,10.0
S00007,Transcoder,cloud-1,cloud,59,DONE,5.86984,5.87775,7.912593000128254,57.912593000128254,0.09,6.913,0.909593000128254,,,50.0
S00003,UPF,core-1,core,133,DONE,5.87535,5.87806,2.7115699999740173,12.711569999974017,0.083,2.038,0.5905699999740173,,,10.0
S00009,IoT-GW,core-1,core,117,DONE,5.88028,5.88201,1.7325359999631473,11.732535999963147,0.066,1.079,0.5875359999631473,,,10.0
S00009,IoT-GW,core-1,core,118,DONE,5.88627,5.88804,1.776869999957853,11.776869999957853,0.074,1.133,0.5698699999578529,,,10.0
S00006,IMS-CSCF,cloud-1,cloud,129,DONE,5.88757,5.89006,2.4864739998520236,54.486473999852024,0.346,1.589,0.5514739998520235,,,52.0
S00009,IoT-GW,core-1,core,119,DONE,5.89007,5.89186,1.790562999985923,11.790562999985923,0.052,1.318,0.42056299998592284,,,10.0
S00008,Transcoder,cloud-1,cloud,67,DONE,5.89138,5.89756,6.181009999863818,58.18100999986382,0.058,5.675,0.4480099998638183,,,52.0
S00004,UPF,core-1,core,126,DONE,5.89715,5.89995,2.80052500011152,14.80052500011152,0.285,2.037,0.47852500011152,,,12.0
S00003,UPF,core-1,core,134,DONE,5.91538,5.91858,3.2063050000488147,13.206305000048815,0.092,2.318,0.7963050000488145,,,10.0
S00001,vRAN-DU,edge-A,edge,99,DONE,5.92081,5.92449,3.6777950001578574,3.6777950001578574,0.08,2.715,0.8827950001578575,,,0.0
S00004,UPF,core-1,core,127,DONE,5.9245,5.92767,3.1759680000504886,15.175968000050489,0.091,2.448,0.6369680000504885,,,12.0
S00004,UPF,core-1,core,128,DONE,5.92461,5.93108,6.476754000004803,18.476754000004803,2.807,3.088,0.5817540000048034,,,12.0
S00002,vRAN-DU,edge-B,edge,135,DONE,5.9323,5.9361,3.795025000044916,3.795025000044916,0.075,3.111,0.6090250000449156,,,0.0
S00006,IMS-CSCF,cloud-1,cloud,130,DONE,5.93565,5.93811,2.465469999833658,54.46546999983366,0.109,1.6,0.7564699998336581,,,52.0
S00006,IMS-CSCF,cloud-1,cloud,131,DONE,5.93729,5.93967,2.3772810000082245,54.377281000008225,0.589,1.384,0.40428100000822464,,,52.0
S00009,IoT-GW,core-1,core,120,DONE,5.94291,5.94485,1.9381530000828207,11.93815300008282,0.09,1.158,0.6901530000828207,,,10.0
S00005,IMS-CSCF,cloud-1,cloud,112,DONE,5.94803,5.95037,2.3395289999825764,52.339528999982576,0.128,1.643,0.5685289999825764,,,50.0
S00004,UPF,core-1,core,129,DONE,5.95257,5.95566,3.0990709999514365,15.099070999951437,0.122,2.309,0.6680709999514365,,,12.0
S00006,IMS-CSCF,cloud-1,cloud,132,DONE,5.96407,5.96675,2.6768300001549505,54.67683000015495,0.096,1.699,0.8818300001549504,,,52.0
S00003,UPF,core-1,core,135,DONE,5.97214,5.97546,3.326409999999669,13.326409999999669,0.092,2.212,1.0224099999996685,,,10.0
S00002,vRAN-DU,edge-B,edge,136,DONE,5.97479,5.9785,3.712607999887041,3.712607999887041,0.079,2.995,0.6386079998870406,,,0.0
S00005,IMS-CSCF,cloud-1,cloud,113,DONE,5.98073,5.98312,2.3931190000894276,52.39311900008943,0.087,1.594,0.7121190000894275,,,50.0
S00007,Transcoder,cloud-1,cloud,60,DONE,5.98741,5.99564,8.22732200003884,58.22732200003884,0.089,7.546,0.5923220000388385,,,50.0
S00010,IoT-GW,core-1,core,134,DONE,5.98874,5.99183,3.0971369999406306,15.09713699994063,0.088,2.21,0.7991369999406306,,,12.0
S00004,UPF,core-1,core,130,DONE,5.9951,5.99882,3.7120819999927335,15.712081999992733,0.471,2.744,0.49708199999273317,,,12.0
S00004,UPF,core-1,core,131,DONE,5.99521,6.00131,6.096550000165735,18.096550000165735,3.503,2.102,0.49155000016573425,,,12.0
S00003,UPF,core-1,core,136,DONE,5.99525,5.99859,3.3434399999805464,13.343439999980546,0.335,2.108,0.9004399999805464,,,10.0
S00002,vRAN-DU,edge-B,edge,137,DONE,6.00005,6.00384,3.792254999780198,3.792254999780198,0.129,3.173,0.49025499978019793,,,0.0
S00002,vRAN-DU,edge-B,edge,138,DONE,6.00131,6.00477,3.4601049999309907,3.4601049999309907,0.052,2.951,0.45710499993099063,,,0.0
S00005,IMS-CSCF,cloud-1,cloud,114,DONE,6.00612,6.00843,2.313914000069417,52.31391400006942,0.084,1.657,0.5729140000694168,,,50.0
S00007,Transcoder,cloud-1,cloud,61,DONE,6.01165,6.01878,7.132320999971853,57.13232099997185,0.112,6.253,0.7673209999718527,,,50.0
S00005,IMS-CSCF,cloud-1,cloud,115,DONE,6.02105,6.0233,2.2509010000248963,52.250901000024896,0.078,1.59,0.5829010000248962,,,50.0
S00004,UPF,core-1,core,132,DONE,6.02453,6.02899,4.459004999944227,16.459004999944227,0.088,3.795,0.5760049999442272,,,12.0
S00006,IMS-CSCF,cloud-1,cloud,133,DONE,6.0262,6.02807,1.8642630000158533,53.86426300001585,0.064,1.24,0.5602630000158533,,,52.0
S00001,vRAN-DU,edge-A,edge,100,DONE,6.02628,6.03044,4.156365999961054,4.156365999961054,0.147,3.018,0.991365999961054,,,0.0
S00002,vRAN-DU,edge-B,edge,139,DONE,6.0395,6.04318,3.688054999884116,3.688054999884116,0.122,2.768,0.7980549998841164,,,0.0
S00005,IMS-CSCF,cloud-1,cloud,116,DONE,6.04446,6.04681,2.357064000079845,52.357064000079845,0.089,1.615,0.6530640000798449,,,50.0
S00001,vRAN-DU,edge-A,edge,101,DONE,6.04682,6.05086,4.038286000195512,4.038286000195512,0.079,3.319,0.6402860001955122,,,0.0
S00009,IoT-GW,core-1,core,121,DONE,6.04931,6.05143,2.114309000035064,12.114309000035064,0.121,1.421,0.5723090000350639,,,10.0
S00009,IoT-GW,core-1,core,122,DONE,6.04946,6.05259,3.1292080000184797,13.12920800001848,1.613,0.947,0.5692080000184796,,,10.0
S00010,IoT-GW,core-1,core,135,DONE,6.05378,6.05547,1.6821040001104848,13.682104000110485,0.053,1.153,0.4761040001104848,,,12.0
S00009,IoT-GW,core-1,core,123,DONE,6.06077,6.06285,2.0791539998299413,12.079153999829941,0.081,1.283,0.7151539998299414,,,10.0
S00006,IMS-CSCF,cloud-1,cloud,134,DONE,6.08062,6.08319,2.5679940001737123,54.56799400017371,0.092,1.634,0.8419940001737123,,,52.0
S00009,IoT-GW,core-1,core,124,DONE,6.08327,6.08567,2.4003710000215506,12.40037100002155,0.125,1.495,0.7803710000215505,,,10.0
S00010,IoT-GW,core-1,core,136,DONE,6.08568,6.08953,3.850457999988066,15.850457999988066,0.078,1.406,2.366457999988066,,,12.0
S00002,vRAN-DU,edge-B,edge,140,DONE,6.08955,6.09405,4.499141999986023,4.499141999986023,0.22,3.676,0.6031419999860224,,,0.0
S00009,IoT-GW,core-1,core,125,DONE,6.09194,6.09479,2.8492789999745582,12.849278999974558,0.076,2.217,0.5562789999745581,,,10.0
S00010,IoT-GW,core-1,core,137,DONE,6.09708,6.09905,1.9668280001496896,13.96682800014969,0.135,1.267,0.5648280001496897,,,12.0
S00010,IoT-GW,core-1,core,138,DONE,6.11865,6.1209,2.2439889999077423,14.243988999907742,0.091,1.295,0.8579889999077424,,,12.0
S00010,IoT-GW,core-1,core,139,DONE,6.12095,6.12263,1.6846750002059707,13.68467500020597,0.062,1.044,0.5786750002059706,,,12.0
S00002,vRAN-DU,edge-B,edge,141,DONE,6.12828,6.1345,6.222428000000946,6.222428000000946,0.085,4.929,1.2084280000009455,,,0.0
S00001,vRAN-DU,edge-A,edge,102,DONE,6.12863,6.13564,7.011165999983859,7.011165999983859,0.075,5.909,1.0271659999838594,,,0.0
S00005,IMS-CSCF,cloud-1,cloud,117,DONE,6.13102,6.13319,2.1647099999881902,52.16470999998819,0.085,1.377,0.7027099999881903,,,50.0
S00001,vRAN-DU,edge-A,edge,103,DONE,6.13451,6.13813,3.6164090001875593,3.6164090001875593,0.075,3.035,0.506409000187559,,,0.0
S00005,IMS-CSCF,cloud-1,cloud,118,DONE,6.14348,6.1459,2.420126000060918,52.42012600006092,0.127,1.555,0.7381260000609182,,,50.0
S00010,IoT-GW,core-1,core,140,DONE,6.14594,6.14772,1.7753979998360592,13.77539799983606,0.127,1.105,0.5433979998360592,,,12.0
S00003,UPF,core-1,core,137,DONE,6.15506,6.15901,3.9530699998522323,13.953069999852232,0.134,2.69,1.1290699998522324,,,10.0
S00007,Transcoder,cloud-1,cloud,62,DONE,6.15852,6.16543,6.9081069998446765,56.90810699984468,0.112,5.951,0.8451069998446767,,,50.0
S00004,UPF,core-1,core,133,DONE,6.16326,6.16584,2.584444999911284,14.584444999911284,0.084,2.01,0.4904449999112841,,,12.0
S00006,IMS-CSCF,cloud-1,cloud,135,DONE,6.17017,6.17282,2.6492880001569574,54.64928800015696,0.127,1.579,0.9432880001569575,,,52.0
S00008,Transcoder,cloud-1,cloud,68,DONE,6.17037,6.19042,20.053452999945875,72.05345299994588,0.148,17.784,2.121452999945877,,,52.0
S00001,vRAN-DU,edge-A,edge,104,DONE,6.17283,6.18463,11.802219999935915,11.802219999935915,0.161,10.503,1.1382199999359148,,,0.0
S00004,UPF,core-1,core,134,DONE,6.17296,6.17643,3.4616350001215324,15.461635000121532,0.088,2.802,0.5716350001215322,,,12.0
S00005,IMS-CSCF,cloud-1,cloud,119,DONE,6.17765,6.18428,6.634693000023617,56.63469300002362,0.167,5.464,1.0036930000236168,,,50.0
S00004,UPF,core-1,core,135,DONE,6.18429,6.19122,6.925975000058315,18.925975000058315,0.111,2.398,4.416975000058315,,,12.0
S00002,vRAN-DU,edge-B,edge,142,DONE,6.18445,6.19413,9.683540999958495,9.683540999958495,0.085,8.472,1.126540999958495,,,0.0
S00005,IMS-CSCF,cloud-1,cloud,120,DONE,6.18449,6.19276,8.26794899990091,58.26794899990091,0.104,7.347,0.8169489999009087,,,50.0
S00006,IMS-CSCF,cloud-1,cloud,136,DONE,6.18787,6.19269,4.822888999797215,56.822888999797215,0.119,3.366,1.3378889997972143,,,52.0
S00003,UPF,core-1,core,138,DONE,6.19123,6.19382,2.5907350000125007,12.5907350000125,0.057,2.169,0.3647350000125007,,,10.0
S00004,UPF,core-1,core,136,DONE,6.19634,6.20016,3.8146990000313963,15.814699000031396,0.071,3.063,0.6806990000313959,,,12.0
S00002,vRAN-DU,edge-B,edge,143,DONE,6.19712,6.20377,6.647458000088591,6.647458000088591,0.179,5.962,0.5064580000885908,,,0.0
S00004,UPF,core-1,core,137,DONE,6.20811,6.21187,3.7609050000355637,15.760905000035564,0.124,2.831,0.8059050000355636,,,12.0
S00010,IoT-GW,core-1,core,141,DONE,6.20956,6.21165,2.09074999997938,14.09074999997938,0.125,1.282,0.6837499999793799,,,12.0
S00010,IoT-GW,core-1,core,142,DONE,6.21166,6.21597,4.310341000064,16.310341000064,0.115,3.712,0.48334100006399927,,,12.0
S00004,UPF,core-1,core,138,DONE,6.21196,6.21641,4.4570670002030965,16.457067000203097,0.104,3.537,0.8160670002030965,,,12.0
S00004,UPF,core-1,core,139,DONE,6.21425,6.21943,5.173302000002877,17.173302000002877,1.733,2.607,0.8333020000028775,,,12.0
S00005,IMS-CSCF,cloud-1,cloud,121,DONE,6.2187,6.2207,2.0005740000215155,52.000574000021516,0.092,1.415,0.4935740000215154,,,50.0
S00007,Transcoder,cloud-1,cloud,63,DONE,6.22697,6.23369,6.717679000075805,56.717679000075805,0.071,6.071,0.5756790000758052,,,50.0
S00006,IMS-CSCF,cloud-1,cloud,137,DONE,6.23699,6.23969,2.6989610000782704,54.69896100007827,0.081,1.913,0.7049610000782704,,,52.0
S00001,vRAN-DU,edge-A,edge,105,DONE,6.24089,6.24458,3.6924290000115434,3.6924290000115434,0.079,2.806,0.8074290000115432,,,0.0
S00004,UPF,core-1,core,140,DONE,6.24459,6.25465,10.055981000050451,22.05598100005045,0.101,8.741,1.2139810000504507,,,12.0
S00007,Transcoder,cloud-1,cloud,64,DONE,6.24593,6.25533,9.3963619999613,59.3963619999613,0.083,8.795,0.5183619999613001,,,50.0
S00002,vRAN-DU,edge-B,edge,144,DONE,6.24601,6.25253,6.517196000004333,6.517196000004333,0.083,5.444,0.9901960000043326,,,0.0
S00002,vRAN-DU,edge-B,edge,145,DONE,6.24606,6.25257,6.5135479999298695,6.5135479999298695,0.127,5.407,0.9795479999298697,,,0.0
S00002,vRAN-DU,edge-B,edge,146,DONE,6.25027,6.25683,6.555938000019523,6.555938000019523,0.107,4.106,2.3429380000195232,,,0.0
S00006,IMS-CSCF,cloud-1,cloud,138,DONE,6.25036,6.25466,4.30089700012104,56.30089700012104,0.071,2.016,2.21389700012104,,,52.0
S00010,IoT-GW,core-1,core,143,DONE,6.25154,6.25485,3.3127829999557434,15.312782999955743,0.078,2.525,0.7097829999557437,,,12.0
S00007,Transcoder,cloud-1,cloud,65,DONE,6.26309,6.27206,8.974603000069692,58.97460300006969,0.231,8.099,0.6446030000696918,,,50.0
S00009,IoT-GW,core-1,core,126,DONE,6.26322,6.27008,6.852672999912102,16.8526729999121,0.078,5.904,0.8706729999121015,,,10.0
S00005,IMS-CSCF,cloud-1,cloud,122,DONE,6.26787,6.27009,2.2168090001741803,52.21680900017418,0.092,1.35,0.7748090001741801,,,50.0
S00001,vRAN-DU,edge-A,edge,106,DONE,6.28241,6.28617,3.7653400002000126,3.7653400002000126,0.139,2.829,0.7973400002000126,,,0.0
S00002,vRAN-DU,edge-B,edge,147,DONE,6.28741,6.29101,3.601146999926641,3.601146999926641,0.08,2.839,0.682146999926641,,,0.0
S00002,vRAN-DU,edge-B,edge,148,DONE,6.30137,6.30685,5.480003999991823,5.480003999991823,0.085,2.765,2.6300039999918225,,,0.0
S00002,vRAN-DU,edge-B,edge,149,DONE,6.30378,6.30711,3.3304829998996865,3.3304829998996865,0.068,2.685,0.5774829998996864,,,0.0
S00005,IMS-CSCF,cloud-1,cloud,123,DONE,6.31755,6.32306,5.51254699985293,55.51254699985293,0.131,4.295,1.0865469998529296,,,50.0
S00003,UPF,core-1,core,139,DONE,6.31777,6.32244,4.668607999974483,14.668607999974483,0.132,3.847,0.6896079999744833,,,10.0
S00001,vRAN-DU,edge-A,edge,107,DONE,6.31861,6.32621,7.601533000070049,7.601533000070049,0.102,3.586,3.913533000070049,,,0.0
S00009,IoT-GW,core-1,core,127,DONE,6.31875,6.32171,2.962695000178428,12.962695000178428,0.08,2.207,0.6756950001784281,,,10.0
S00006,IMS-CSCF,cloud-1,cloud,139,DONE,6.32433,6.32728,2.94389400005457,54.94389400005457,0.09,2.272,0.5818940000545703,,,52.0
S00003,UPF,core-1,core,140,DONE,6.32622,6.32894,2.716390999921714,12.716390999921714,0.062,2.2,0.45439099992171395,,,10.0
S00010,IoT-GW,core-1,core,144,DONE,6.32858,6.33015,1.5728450000551675,13.572845000055167,0.092,0.868,0.6128450000551675,,,12.0
S00001,vRAN-DU,edge-A,edge,108,DONE,6.33016,6.3352,5.042415000161782,5.042415000161782,0.073,3.775,1.194415000161782,,,0.0
S00002,vRAN-DU,edge-B,edge,150,DONE,6.33257,6.33648,3.9113910002015473,3.9113910002015473,0.141,3.007,0.7633910002015472,,,0.0
S00005,IMS-CSCF,cloud-1,cloud,124,DONE,6.33649,6.33875,2.2631670001374005,52.2631670001374,0.085,1.651,0.5271670001374005,,,50.0
S00006,IMS-CSCF,cloud-1,cloud,140,DONE,6.34405,6.34662,2.5716909999573545,54.571690999957355,0.126,1.83,0.6156909999573545,,,52.0
S00007,Transcoder,cloud-1,cloud,66,DONE,6.37101,6.38126,10.245955000073081,60.24595500007308,0.194,8.952,1.0999550000730807,,,50.0
S00004,UPF,core-1,core,141,DONE,6.37119,6.37477,3.5774250000031316,15.577425000003132,0.093,2.925,0.5594250000031318,,,12.0
S00010,IoT-GW,core-1,core,145,DONE,6.37408,6.3763,2.213646999962293,14.213646999962293,0.058,0.836,1.319646999962293,,,12.0
S00003,UPF,core-1,core,141,DONE,6.37631,6.37876,2.4535439999908704,12.45354399999087,0.054,1.858,0.5415439999908702,,,10.0
S00003,UPF,core-1,core,142,DONE,6.38349,6.38788,4.3833810000251106,14.38338100002511,0.113,3.148,1.1223810000251104,,,10.0
S00002,vRAN-DU,edge-B,edge,151,DONE,6.38492,6.39105,6.127926000090156,6.127926000090156,0.062,3.122,2.943926000090156,,,0.0
S00002,vRAN-DU,edge-B,edge,152,DONE,6.39241,6.39601,3.5963100001481507,3.5963100001481507,0.061,2.84,0.6953100001481509,,,0.0
S00003,UPF,core-1,core,143,DONE,6.39256,6.39811,5.545260999952006,15.545260999952006,0.12,4.205,1.2202609999520062,,,10.0
S00003,UPF,core-1,core,144,DONE,6.39265,6.40164,8.994518000008611,18.99451800000861,4.483,3.592,0.9195180000086118,,,10.0
S00005,IMS-CSCF,cloud-1,cloud,125,DONE,6.39602,6.39918,3.152710999984265,53.152710999984265,0.111,2.309,0.7327109999842647,,,50.0
S00006,IMS-CSCF,cloud-1,cloud,141,DONE,6.40592,6.40822,2.3020959999939805,54.30209599999398,0.131,1.378,0.7930959999939806,,,52.0
S00005,IMS-CSCF,cloud-1,cloud,126,DONE,6.40604,6.41162,5.580472000019654,55.580472000019654,0.221,4.769,0.5904720000196537,,,50.0
S00009,IoT-GW,core-1,core,128,DONE,6.41113,6.41377,2.6360189999650174,12.636018999965017,0.127,1.557,0.9520189999650175,,,10.0
S00009,IoT-GW,core-1,core,129,DONE,6.41125,6.41498,3.738004999831901,13.738004999831901,1.842,0.943,0.9530049998319008,,,10.0
S00010,IoT-GW,core-1,core,146,DONE,6.41932,6.4218,2.4850330000845133,14.485033000084513,0.075,1.709,0.7010330000845133,,,12.0
S00010,IoT-GW,core-1,core,147,DONE,6.42073,6.42435,3.618490999997448,15.618490999997448,0.049,2.474,1.0954909999974478,,,12.0
S00005,IMS-CSCF,cloud-1,cloud,127,DONE,6.42082,6.42338,2.5636360001044523,52.56363600010445,0.088,2.021,0.45463600010445226,,,50.0
S00010,IoT-GW,core-1,core,148,DONE,6.42761,6.42939,1.7834200000379496,13.78342000003795,0.066,1.234,0.4834200000379496,,,12.0
S00001,vRAN-DU,edge-A,edge,109,DONE,6.43159,6.43557,3.9760489999025594,3.9760489999025594,0.117,2.763,1.0960489999025596,,,0.0
S00009,IoT-GW,core-1,core,130,DONE,6.43397,6.43728,3.304151999827809,13.304151999827809,0.067,2.406,0.8311519998278087,,,10.0
S00004,UPF,core-1,core,142,DONE,6.44461,6.44855,3.947532999973191,15.947532999973191,0.087,3.009,0.8515329999731911,,,12.0
S00007,Transcoder,cloud-1,cloud,67,DONE,6.44703,6.45438,7.355586999892694,57.355586999892694,0.099,6.546,0.7105869998926932,,,50.0
S00010,IoT-GW,core-1,core,149,DONE,6.4544,6.45801,3.6131330000443995,15.6131330000444,0.09,1.463,2.0601330000443996,,,12.0
S00010,IoT-GW,core-1,core,150,DONE,6.47254,6.47745,4.914384000130667,16.914384000130667,0.122,3.722,1.0703840001306673,,,12.0
S00004,UPF,core-1,core,143,DONE,6.47387,6.47769,3.814790000205903,15.814790000205903,0.057,2.803,0.9547900002059033,,,12.0
S00009,IoT-GW,core-1,core,131,DONE,6.4742,6.47768,3.4803290000127163,13.480329000012716,0.044,2.52,0.9163290000127162,,,10.0
S00002,vRAN-DU,edge-B,edge,153,DONE,6.47748,6.48231,4.83276099998875,4.83276099998875,0.081,3.938,0.8137609999887498,,,0.0
S00010,IoT-GW,core-1,core,151,DONE,6.47757,6.47943,1.8532760000198323,13.853276000019832,0.124,1.134,0.5952760000198323,,,12.0
S00009,IoT-GW,core-1,core,132,DONE,6.48067,6.48232,1.6523780000170518,11.652378000017052,0.074,0.976,0.6023780000170518,,,10.0
S00010,IoT-GW,core-1,core,152,DONE,6.49467,6.49705,2.3774490000505466,14.377449000050547,0.089,1.343,0.9454490000505467,,,12.0
S00010,IoT-GW,core-1,core,153,DONE,6.49706,6.49892,1.8598929998461244,13.859892999846124,0.123,1.227,0.5098929998461244,,,12.0
S00003,UPF,core-1,core,145,DONE,6.4972,6.50142,4.220417000169618,14.220417000169618,0.252,3.289,0.679417000169618,,,10.0
S00004,UPF,core-1,core,144,DONE,6.50471,6.5091,4.389608999872507,16.389608999872507,0.078,3.567,0.7446089998725074,,,12.0
S00004,UPF,core-1,core,145,DONE,6.50601,6.51397,7.954197000117347,19.954197000117347,3.081,4.232,0.6411970001173461,,,12.0
S00006,IMS-CSCF,cloud-1,cloud,142,DONE,6.50728,6.51013,2.840760000026421,54.84076000002642,0.08,2.052,0.7087600000264209,,,52.0
S00010,IoT-GW,core-1,core,154,DONE,6.50737,6.51104,3.665536000198699,15.6655360001987,0.058,2.767,0.8405360001986995,,,12.0
S00006,IMS-CSCF,cloud-1,cloud,143,DONE,6.51104,6.51325,2.202147999923909,54.20214799992391,0.061,1.792,0.3491479999239091,,,52.0
S00004,UPF,core-1,core,146,DONE,6.5182,6.52243,4.230989000006957,16.230989000006957,0.09,3.418,0.7229890000069572,,,12.0
S00001,vRAN-DU,edge-A,edge,110,DONE,6.51833,6.52248,4.1541360001247085,4.1541360001247085,0.079,3.539,0.5361360001247082,,,0.0
S00003,UPF,core-1,core,146,DONE,6.52671,6.52972,3.010124999946129,13.010124999946129,0.083,2.163,0.7641249999461288,,,10.0
S00002,vRAN-DU,edge-B,edge,154,DONE,6.52973,6.53335,3.6170490000131394,3.6170490000131394,0.084,2.809,0.7240490000131392,,,0.0
S00004,UPF,core-1,core,147,DONE,6.53962,6.54274,3.1266180001239263,15.126618000123926,0.091,2.268,0.7676180001239263,,,12.0
S00002,vRAN-DU,edge-B,edge,155,DONE,6.54397,6.54954,5.571594000002733,5.571594000002733,0.082,3.281,2.208594000002733,,,0.0
S00007,Transcoder,cloud-1,cloud,68,DONE,6.54634,6.55323,6.885940000074697,56.8859400000747,0.101,6.002,0.7829400000746976,,,50.0
S00010,IoT-GW,core-1,core,155,DONE,6.5465,6.54955,3.0509409998558112,15.050940999855811,0.074,2.366,0.6109409998558113,,,12.0
S00005,IMS-CSCF,cloud-1,cloud,128,DONE,6.55332,6.55537,2.0586940001976473,52.05869400019765,0.058,1.44,0.5606940001976473,,,50.0
S00003,UPF,core-1,core,147,DONE,6.55659,6.55935,2.762782999980118,12.762782999980118,0.106,2.114,0.5427829999801181,,,10.0
S00005,IMS-CSCF,cloud-1,cloud,129,DONE,6.56663,6.56872,2.093830000148955,52.093830000148955,0.083,1.384,0.6268300001489553,,,50.0
S00005,IMS-CSCF,cloud-1,cloud,130,DONE,6.57402,6.57598,1.9639159997950628,51.96391599979506,0.065,1.311,0.5879159997950629,,,50.0
S00004,UPF,core-1,core,148,DONE,6.57539,6.57957,4.183249999869076,16.183249999869076,0.079,3.506,0.5982499998690765,,,12.0
S00009,IoT-GW,core-1,core,133,DONE,6.57926,6.58261,3.354134999881353,13.354134999881353,0.16,1.393,1.801134999881353,,,10.0
S00001,vRAN-DU,edge-A,edge,111,DONE,6.57934,6.58325,3.910403999952905,3.910403999952905,0.079,3.152,0.6794039999529047,,,0.0
S00003,UPF,core-1,core,148,DONE,6.57939,6.58576,6.372263999992356,16.372263999992356,0.075,5.688,0.6092639999923559,,,10.0
S00003,UPF,core-1,core,149,DONE,6.58262,6.592,9.38303599991741,19.38303599991741,2.629,6.231,0.5230359999174112,,,10.0
S00004,UPF,core-1,core,149,DONE,6.58446,6.58771,3.257145999896238,15.257145999896238,0.053,2.78,0.42414599989623847,,,12.0
S00001,vRAN-DU,edge-A,edge,112,DONE,6.58772,6.59353,5.814347999830716,5.814347999830716,0.069,5.063,0.682347999830716,,,0.0
S00010,IoT-GW,core-1,core,156,DONE,6.59043,6.59352,3.0959200000779674,15.095920000077967,0.057,1.597,1.4419200000779675,,,12.0
S00008,Transcoder,cloud-1,cloud,69,DONE,6.59354,6.60706,13.522299999976894,65.5222999999769,0.156,12.799,0.5672999999768944,,,52.0
S00002,vRAN-DU,edge-B,edge,156,DONE,6.59492,6.60253,7.606484000007185,7.606484000007185,0.092,5.366,2.148484000007186,,,0.0
S00002,vRAN-DU,edge-B,edge,157,DONE,6.59504,6.60857,13.532910000094489,13.532910000094489,0.163,10.637,2.7329100000944884,,,0.0
S00001,vRAN-DU,edge-A,edge,113,DONE,6.59944,6.60674,7.3057820000030915,7.3057820000030915,0.086,4.225,2.9947820000030916,,,0.0
S00003,UPF,core-1,core,150,DONE,6.60078,6.60433,3.5484979998727795,13.54849799987278,0.104,2.81,0.6344979998727793,,,10.0
S00005,IMS-CSCF,cloud-1,cloud,131,DONE,6.60675,6.60934,2.590195999800926,52.590195999800926,0.051,2.024,0.5151959998009259,,,50.0
S00001,vRAN-DU,edge-A,edge,114,DONE,6.61053,6.61484,4.307136000079481,4.307136000079481,0.207,3.549,0.5511360000794814,,,0.0
S00006,IMS-CSCF,cloud-1,cloud,144,DONE,6.61183,6.61569,3.8540820000889653,55.854082000088965,0.07,3.248,0.5360820000889652,,,52.0
S00010,IoT-GW,core-1,core,157,DONE,6.62306,6.62543,2.3686059998908604,14.36860599989086,0.085,1.287,0.9966059998908605,,,12.0
S00003,UPF,core-1,core,151,DONE,6.62769,6.63132,3.632563000110167,13.632563000110167,0.073,2.519,1.0405630001101671,,,10.0
S00010,IoT-GW,core-1,core,158,DONE,6.63456,6.63621,1.645974999973987,13.645974999973987,0.069,0.919,0.657974999973987,,,12.0
S00003,UPF,core-1,core,152,DONE,6.6555,6.65837,2.873389000114912,12.873389000114912,0.1,2.124,0.6493890001149119,,,10.0
S00002,vRAN-DU,edge-B,edge,158,DONE,6.65564,6.65948,3.846692000024632,3.846692000024632,0.08,2.971,0.7956920000246317,,,0.0
S00010,IoT-GW,core-1,core,159,DONE,6.66474,6.66705,2.3138530000323954,14.313853000032395,0.08,1.423,0.8108530000323952,,,12.0
S00001,vRAN-DU,edge-A,edge,115,DONE,6.66828,6.67279,4.507218000071589,4.507218000071589,0.093,3.354,1.0602180000715888,,,0.0
S00006,IMS-CSCF,cloud-1,cloud,145,DONE,6.66846,6.67073,2.2758280001653475,54.27582800016535,0.077,1.632,0.5668280001653476,,,52.0
S00002,vRAN-DU,edge-B,edge,159,DONE,6.67202,6.67768,5.666031999908228,5.666031999908228,0.125,4.984,0.5570319999082276,,,0.0
S00003,UPF,core-1,core,153,DONE,6.67402,6.67761,3.588856000078522,13.588856000078522,0.076,3.001,0.5118560000785219,,,10.0
S00007,Transcoder,cloud-1,cloud,69,DONE,6.67653,6.68985,13.32644900003288,63.32644900003288,0.134,12.358,0.8344490000328797,,,50.0
S00001,vRAN-DU,edge-A,edge,116,DONE,6.67896,6.68678,7.8256509998482215,7.8256509998482215,0.118,5.365,2.342650999848221,,,0.0
S00002,vRAN-DU,edge-B,edge,160,DONE,6.68131,6.69016,8.85134600002857,8.85134600002857,0.097,4.86,3.8943460000285697,,,0.0
S00001,vRAN-DU,edge-A,edge,117,DONE,6.69139,6.69609,4.70040400000471,4.70040400000471,0.146,3.986,0.5684040000047093,,,0.0
S00004,UPF,core-1,core,150,DONE,6.69372,6.69709,3.3709750000525673,15.370975000052567,0.098,2.641,0.6319750000525675,,,12.0
S00010,IoT-GW,core-1,core,160,DONE,6.69381,6.69567,1.8651609998414642,13.865160999841464,0.368,0.872,0.6251609998414642,,,12.0
S00003,UPF,core-1,core,154,DONE,6.70238,6.70548,3.1056870000156778,13.105687000015678,0.118,2.29,0.6976870000156778,,,10.0
S00004,UPF,core-1,core,151,DONE,6.70252,6.70595,3.430584999932762,15.430584999932762,0.249,2.672,0.5095849999327617,,,12.0
S00004,UPF,core-1,core,152,DONE,6.70258,6.708,5.419288999974015,17.419288999974015,2.992,1.894,0.5332889999740145,,,12.0
S00005,IMS-CSCF,cloud-1,cloud,132,DONE,6.71126,6.7137,2.43620500009456,52.43620500009456,0.087,1.648,0.7012050000945602,,,50.0
S00010,IoT-GW,core-1,core,161,DONE,6.71595,6.71984,3.883080999912636,15.883080999912636,0.077,0.968,2.838080999912636,,,12.0
S00002,vRAN-DU,edge-B,edge,161,DONE,6.71608,6.72009,4.0148839998437325,4.0148839998437325,0.52,2.985,0.5098839998437326,,,0.0
S00006,IMS-CSCF,cloud-1,cloud,146,DONE,6.71985,6.72185,2.0027829998525704,54.00278299985257,0.075,1.313,0.6147829998525705,,,52.0
S00003,UPF,core-1,core,155,DONE,6.72128,6.72381,2.529232999904707,12.529232999904707,0.06,2.057,0.41223299990470696,,,10.0
S00009,IoT-GW,core-1,core,134,DONE,6.72603,6.72749,1.465183999926012,11.465183999926012,0.054,0.975,0.436183999926012,,,10.0
S00009,IoT-GW,core-1,core,135,DONE,6.7307,6.73273,2.0262040000034176,12.026204000003418,0.056,1.355,0.6152040000034176,,,10.0
S00002,vRAN-DU,edge-B,edge,162,DONE,6.73274,6.73708,4.334877000019333,4.334877000019333,0.081,3.59,0.6638770000193328,,,0.0
S00006,IMS-CSCF,cloud-1,cloud,147,DONE,6.74031,6.74276,2.444493999973929,54.44449399997393,0.08,1.65,0.714493999973929,,,52.0
S00005,IMS-CSCF,cloud-1,cloud,133,DONE,6.74277,6.74471,1.9383409999136347,51.938340999913635,0.058,1.363,0.5173409999136347,,,50.0
S00004,UPF,core-1,core,153,DONE,6.7501,6.7544,4.2985539998880995,16.2985539998881,0.12,2.444,1.7345539998880994,,,12.0
S00005,IMS-CSCF,cloud-1,cloud,134,DONE,6.75153,6.75445,2.921734999972614,52.921734999972614,0.091,1.596,1.2347349999726138,,,50.0
S00009,IoT-GW,core-1,core,136,DONE,6.76677,6.76924,2.4785489999885613,12.478548999988561,0.091,1.426,0.9615489999885614,,,10.0
S00002,vRAN-DU,edge-B,edge,163,DONE,6.7705,6.77518,4.676532999837946,4.676532999837946,0.124,3.851,0.7015329998379456,,,0.0
S00007,Transcoder,cloud-1,cloud,70,DONE,6.78353,6.79776,14.227009000023827,64.22700900002383,0.184,11.31,2.733009000023827,,,50.0
S00006,IMS-CSCF,cloud-1,cloud,148,DONE,6.78415,6.79045,6.300086999999621,58.30008699999962,0.34,4.961,0.999086999999621,,,52.0
S00009,IoT-GW,core-1,core,137,DONE,6.78427,6.79328,9.012896999820441,19.01289699982044,0.095,8.185,0.73289699982044,,,10.0
S00002,vRAN-DU,edge-B,edge,164,DONE,6.79284,6.79869,5.846921999818733,5.846921999818733,0.079,4.304,1.4639219998187327,,,0.0
S00009,IoT-GW,core-1,core,138,DONE,6.79335,6.79778,4.429343000083463,14.429343000083463,0.1,3.353,0.976343000083463,,,10.0
S00006,IMS-CSCF,cloud-1,cloud,149,DONE,6.79778,6.80055,2.7682840000124997,54.7682840000125,0.081,1.852,0.8352840000124997,,,52.0
S00004,UPF,core-1,core,154,DONE,6.79792,6.80197,4.050611000138815,16.050611000138815,0.063,3.545,0.44261100013881505,,,12.0
S00009,IoT-GW,core-1,core,139,DONE,6.80174,6.80396,2.2178789999998116,12.217878999999812,0.057,1.082,1.0788789999998116,,,10.0
S00001,vRAN-DU,edge-A,edge,118,DONE,6.80315,6.80897,5.818175000058545,5.818175000058545,0.079,5.026,0.7131750000585457,,,0.0
S00001,vRAN-DU,edge-A,edge,119,DONE,6.80397,6.80745,3.477003999933004,3.477003999933004,0.056,2.991,0.43000399993300364,,,0.0
S00006,IMS-CSCF,cloud-1,cloud,150,DONE,6.80425,6.80619,1.9414149999192887,53.94141499991929,0.071,1.31,0.5604149999192887,,,52.0
S00005,IMS-CSCF,cloud-1,cloud,135,DONE,6.80745,6.8095,2.0458960000269144,52.045896000026914,0.057,1.49,0.4988960000269145,,,50.0
S00003,UPF,core-1,core,156,DONE,6.8127,6.81609,3.3848890000172105,13.38488900001721,0.111,2.433,0.8408890000172105,,,10.0
S00004,UPF,core-1,core,155,DONE,6.83256,6.8355,2.9423749999750726,14.942374999975073,0.096,1.958,0.8883749999750727,,,12.0
S00005,IMS-CSCF,cloud-1,cloud,136,DONE,6.83499,6.83764,2.6460120000137977,52.6460120000138,0.093,1.67,0.8830120000137978,,,50.0
S00002,vRAN-DU,edge-B,edge,165,DONE,6.83884,6.84275,3.9111050000428804,3.9111050000428804,0.078,3.119,0.7141050000428804,,,0.0
S00005,IMS-CSCF,cloud-1,cloud,137,DONE,6.84412,6.84774,3.620054000066375,53.620054000066375,0.113,2.413,1.0940540000663752,,,50.0
S00001,vRAN-DU,edge-A,edge,120,DONE,6.84427,6.84961,5.3411119999964285,5.3411119999964285,0.106,3.49,1.7451119999964284,,,0.0
S00005,IMS-CSCF,cloud-1,cloud,138,DONE,6.84435,6.85046,6.115365000141537,56.11536500014154,3.289,2.211,0.6153650001415372,,,50.0
S00005,IMS-CSCF,cloud-1,cloud,139,DONE,6.84443,6.85232,7.8880010000830225,57.88800100008302,5.838,1.495,0.5550010000830223,,,50.0
S00006,IMS-CSCF,cloud-1,cloud,151,DONE,6.84666,6.8515,4.832070000020394,56.832070000020394,1.801,1.521,1.5100700000203942,,,52.0
S00003,UPF,core-1,core,157,DONE,6.85765,6.86152,3.8714279999112478,13.871427999911248,0.095,2.801,0.9754279999112474,,,10.0
S00002,vRAN-DU,edge-B,edge,166,DONE,6.86011,6.86505,4.935139000053823,4.935139000053823,0.087,4.113,0.7351390000538229,,,0.0
S00009,IoT-GW,core-1,core,140,DONE,6.86026,6.86472,4.459353999891391,14.459353999891391,0.097,3.724,0.638353999891391,,,10.0
S00004,UPF,core-1,core,156,DONE,6.87035,6.87471,4.358830000001035,16.358830000001035,0.166,3.24,0.9528300000010348,,,12.0
S00010,IoT-GW,core-1,core,162,DONE,6.87473,6.87674,2.0129340000494267,14.012934000049427,0.084,1.133,0.7959340000494266,,,12.0
S00009,IoT-GW,core-1,core,141,DONE,6.8763,6.87823,1.9358140000349522,11.935814000034952,0.048,1.206,0.6818140000349522,,,10.0
S00004,UPF,core-1,core,157,DONE,6.88368,6.88752,3.8372139999864885,15.837213999986488,0.075,3.03,0.7322139999864885,,,12.0
S00002,vRAN-DU,edge-B,edge,167,DONE,6.88396,6.89143,7.463866000080088,7.463866000080088,3.273,3.168,1.0228660000800875,,,0.0
S00002,vRAN-DU,edge-B,edge,168,DONE,6.88405,6.89245,8.394845000111673,8.394845000111673,3.308,4.352,0.7348450001116724,,,0.0
S00009,IoT-GW,core-1,core,142,DONE,6.89254,6.89523,2.6944100000036997,12.6944100000037,0.108,1.755,0.8314100000036997,,,10.0
S00010,IoT-GW,core-1,core,163,DONE,6.89858,6.90145,2.877117999787515,14.877117999787515,0.111,1.806,0.9601179997875151,,,12.0
S00003,UPF,core-1,core,158,DONE,6.90276,6.90625,3.4850360000291403,13.48503600002914,0.105,2.691,0.6890360000291404,,,10.0
S00003,UPF,core-1,core,159,DONE,6.90524,6.90875,3.5114449999582575,13.511444999958258,0.558,2.196,0.7574449999582571,,,10.0
S00009,IoT-GW,core-1,core,143,DONE,6.91412,6.91653,2.4061960000381077,12.406196000038108,0.083,1.518,0.8051960000381078,,,10.0
S00001,vRAN-DU,edge-A,edge,121,DONE,6.91876,6.92329,4.533884000011312,4.533884000011312,0.085,3.536,0.9128840000113123,,,0.0
S00002,vRAN-DU,edge-B,edge,169,DONE,6.9233,6.92735,4.0491310001016245,4.0491310001016245,0.082,3.259,0.7081310001016248,,,0.0
S00002,vRAN-DU,edge-B,edge,170,DONE,6.92853,6.93739,8.86277999984486,8.86277999984486,0.105,5.586,3.17177999984486,,,0.0
S00010,IoT-GW,core-1,core,164,DONE,6.93313,6.9374,4.272608000064793,16.272608000064793,0.088,1.67,2.5146080000647926,,,12.0
S00002,vRAN-DU,edge-B,edge,171,DONE,6.93326,6.93954,6.279364999954851,6.279364999954851,0.079,5.221,0.9793649999548508,,,0.0
S00004,UPF,core-1,core,158,DONE,6.94078,6.94422,3.449208999882103,15.449208999882103,0.112,2.33,1.0072089998821028,,,12.0
S00009,IoT-GW,core-1,core,144,DONE,6.94424,6.94628,2.0394819998728053,12.039481999872805,0.132,1.182,0.7254819998728053,,,10.0
S00006,IMS-CSCF,cloud-1,cloud,152,DONE,6.96071,6.96396,3.24447599996347,55.24447599996347,0.12,2.114,1.0104759999634698,,,52.0
S00002,vRAN-DU,edge-B,edge,172,DONE,6.96217,6.96736,5.196359999899869,5.196359999899869,0.085,4.189,0.9223599998998688,,,0.0
S00006,IMS-CSCF,cloud-1,cloud,153,DONE,6.96515,6.9686,3.45365800012587,55.45365800012587,0.09,2.77,0.59365800012587,,,52.0
S00007,Transcoder,cloud-1,cloud,71,DONE,6.96695,6.97458,7.623610999871744,57.623610999871744,0.098,6.777,0.7486109998717438,,,50.0
S00005,IMS-CSCF,cloud-1,cloud,140,DONE,6.96737,6.97425,6.874177000099735,56.874177000099735,0.132,5.948,0.7941770000997348,,,50.0
S00005,IMS-CSCF,cloud-1,cloud,141,DONE,6.97782,6.97981,1.9918989999041514,51.99189899990415,0.069,1.38,0.5428989999041516,,,50.0
S00002,vRAN-DU,edge-B,edge,173,DONE,6.98101,6.98581,4.801843999985067,4.801843999985067,0.083,3.178,1.540843999985067,,,0.0
S00010,IoT-GW,core-1,core,165,DONE,6.98232,6.98583,3.5040070001741697,15.50400700017417,0.078,2.058,1.36800700017417,,,12.0
S00002,vRAN-DU,edge-B,edge,174,DONE,6.9824,6.98883,6.4268080000147165,6.4268080000147165,0.067,5.513,0.8468080000147165,,,0.0
S00002,vRAN-DU,edge-B,edge,175,DONE,6.98713,6.991,3.8688859999638225,3.8688859999638225,0.06,3.248,0.5608859999638223,,,0.0
S00010,IoT-GW,core-1,core,166,DONE,6.99011,6.99479,4.684577000034551,16.68457700003455,0.092,2.257,2.335577000034551,,,12.0
S00005,IMS-CSCF,cloud-1,cloud,142,DONE,6.99063,6.99504,4.4153179999284475,54.41531799992845,0.1,3.001,1.3143179999284476,,,50.0
S00003,UPF,core-1,core,160,DONE,6.99071,6.9949,4.184754000107205,14.184754000107205,0.076,2.947,1.1617540001072046,,,10.0
S00005,IMS-CSCF,cloud-1,cloud,143,DONE,6.99732,7.00004,2.718237999943085,52.718237999943085,0.084,1.93,0.7042379999430852,,,50.0
S00001,vRAN-DU,edge-A,edge,122,DONE,7.0013,7.00533,4.028445999892938,4.028445999892938,0.169,2.917,0.942445999892938,,,0.0
S00002,vRAN-DU,edge-B,edge,176,DONE,7.00152,7.00626,4.735842000172852,4.735842000172852,0.082,4.119,0.5348420001728522,,,0.0
S00004,UPF,core-1,core,159,DONE,7.01162,7.0153,3.6860860000160756,15.686086000016076,0.121,2.471,1.0940860000160755,,,12.0
S00002,vRAN-DU,edge-B,edge,177,DONE,7.02383,7.0295,5.6750539999939065,5.6750539999939065,0.102,4.483,1.0900539999939065,,,0.0
S00006,IMS-CSCF,cloud-1,cloud,154,DONE,7.03176,7.03449,2.725243999975646,54.725243999975646,0.117,1.647,0.9612439999756461,,,52.0
S00009,IoT-GW,core-1,core,145,DONE,7.0345,7.03671,2.215211999782696,12.215211999782696,0.164,1.327,0.7242119997826959,,,10.0
S00008,Transcoder,cloud-1,cloud,70,DONE,7.03905,7.0561,17.050209999979415,69.05020999997942,0.126,16.155,0.7692099999794131,,,52.0
S00005,IMS-CSCF,cloud-1,cloud,144,DONE,7.03922,7.04559,6.368315999907281,56.36831599990728,0.13,5.107,1.1313159999072813,,,50.0
S00005,IMS-CSCF,cloud-1,cloud,145,DONE,7.03942,7.05041,10.995941000146559,60.99594100014656,6.311,3.716,0.9689410001465575,,,50.0
S00009,IoT-GW,core-1,core,146,DONE,7.04462,7.0474,2.7859869999247167,12.785986999924717,0.113,1.704,0.9689869999247167,,,10.0
S00001,vRAN-DU,edge-A,edge,123,DONE,7.0448,7.05056,5.7605989998137375,5.7605989998137375,0.081,5.076,0.6035989998137374,,,0.0
S00009,IoT-GW,core-1,core,147,DONE,7.04966,7.05224,2.577851999831182,12.577851999831182,0.098,1.697,0.782851999831182,,,10.0
S00001,vRAN-DU,edge-A,edge,124,DONE,7.0574,7.06355,6.152367999902708,6.152367999902708,0.242,4.989,0.9213679999027082,,,0.0
S00001,vRAN-DU,edge-A,edge,125,DONE,7.05764,7.06318,5.545494999978473,5.545494999978473,0.097,4.341,1.1074949999784724,,,0.0
S00006,IMS-CSCF,cloud-1,cloud,155,DONE,7.06335,7.06611,2.7614539999376575,54.76145399993766,0.115,1.912,0.7344539999376574,,,52.0
S00009,IoT-GW,core-1,core,148,DONE,7.06612,7.06826,2.139621999958763,12.139621999958763,0.114,1.267,0.7586219999587629,,,10.0
S00001,vRAN-DU,edge-A,edge,126,DONE,7.06827,7.07216,3.885013999934017,3.885013999934017,0.067,3.129,0.689013999934017,,,0.0
S00010,IoT-GW,core-1,core,167,DONE,7.06856,7.07051,1.9522339998729876,13.952233999872988,0.1,1.247,0.6052339998729874,,,12.0
S00005,IMS-CSCF,cloud-1,cloud,146,DONE,7.07547,7.08988,14.408150999997815,64.40815099999782,0.129,2.03,12.249150999997816,,,50.0
S00003,UPF,core-1,core,161,DONE,7.07784,7.09108,13.241300000117917,23.241300000117917,0.079,3.49,9.672300000117916,,,10.0
S00004,UPF,core-1,core,160,DONE,7.08989,7.09441,4.518276999988302,16.518276999988302,0.116,3.203,1.1992769999883022,,,12.0
S00002,vRAN-DU,edge-B,edge,178,DONE,7.09006,7.09442,4.368238999859386,4.368238999859386,0.119,3.482,0.7672389998593863,,,0.0
S00001,vRAN-DU,edge-A,edge,127,DONE,7.09076,7.09836,7.591915000148219,7.591915000148219,0.078,4.442,3.071915000148219,,,0.0
S00009,IoT-GW,core-1,core,149,DONE,7.10054,7.10311,2.5680039998405846,12.568003999840585,0.115,1.548,0.9050039998405845,,,10.0
S00003,UPF,core-1,core,162,DONE,7.1032,7.10683,3.632549000030849,13.63254900003085,0.314,2.925,0.39354900003084925,,,10.0
S00010,IoT-GW,core-1,core,168,DONE,7.10331,7.10557,2.2604929999943124,14.260492999994312,0.121,1.297,0.8424929999943125,,,12.0
S00004,UPF,core-1,core,161,DONE,7.10464,7.10903,4.388528999925256,16.388528999925256,0.111,3.731,0.5465289999252563,,,12.0
S00001,vRAN-DU,edge-A,edge,128,DONE,7.10903,7.11425,5.220178999934433,5.220178999934433,0.082,3.466,1.6721789999344328,,,0.0
S00003,UPF,core-1,core,163,DONE,7.11137,7.11466,3.2859929999631277,13.285992999963128,0.126,2.485,0.6749929999631279,,,10.0
S00006,IMS-CSCF,cloud-1,cloud,156,DONE,7.11149,7.11987,8.383246999983385,60.383246999983385,0.174,7.595,0.6142469999833846,,,52.0
S00007,Transcoder,cloud-1,cloud,72,DONE,7.11166,7.12018,8.52168200003689,58.52168200003689,0.048,7.895,0.5786820000368902,,,50.0
S00001,vRAN-DU,edge-A,edge,129,DONE,7.12243,7.12639,3.9675289999649976,3.9675289999649976,0.185,3.052,0.7305289999649975,,,0.0
S00004,UPF,core-1,core,162,DONE,7.12761,7.13056,2.9449779999595194,14.94497799995952,0.084,2.197,0.6639779999595192,,,12.0
S00006,IMS-CSCF,cloud-1,cloud,157,DONE,7.14197,7.14461,2.639325000018289,54.63932500001829,0.088,1.63,0.9213250000182889,,,52.0
S00002,vRAN-DU,edge-B,edge,179,DONE,7.14468,7.14842,3.7423969999963447,3.7423969999963447,0.068,3.009,0.6653969999963447,,,0.0
S00001,vRAN-DU,edge-A,edge,130,DONE,7.14803,7.15183,3.802938999797334,3.802938999797334,0.086,2.892,0.8249389997973342,,,0.0
S00008,Transcoder,cloud-1,cloud,71,DONE,7.15066,7.16075,10.091479000038817,62.09147900003882,0.091,6.588,3.4124790000388163,,,52.0
S00001,vRAN-DU,edge-A,edge,131,DONE,7.1508,7.16176,10.959702000036486,10.959702000036486,0.061,9.8,1.0987020000364858,,,0.0
S00006,IMS-CSCF,cloud-1,cloud,158,DONE,7.15519,7.16074,5.551778000153718,57.55177800015372,0.105,1.645,3.8017780001537176,,,52.0
S00005,IMS-CSCF,cloud-1,cloud,147,DONE,7.15532,7.16689,11.571353000135787,61.57135300013579,0.429,8.417,2.7253530001357866,,,50.0
S00007,Transcoder,cloud-1,cloud,73,DONE,7.15541,7.17074,15.335751000066011,65.33575100006601,0.395,14.344,0.5967510000660123,,,50.0
S00001,vRAN-DU,edge-A,edge,132,DONE,7.16076,7.16725,6.491584000059447,6.491584000059447,0.076,5.172,1.2435840000594478,,,0.0
S00007,Transcoder,cloud-1,cloud,74,DONE,7.16093,7.17377,12.847742999838374,62.847742999838374,0.074,11.38,1.3937429998383735,,,50.0
S00003,UPF,core-1,core,164,DONE,7.1695,7.17549,5.9925829998519475,15.992582999851948,0.138,5.172,0.6825829998519479,,,10.0
S00009,IoT-GW,core-1,core,150,DONE,7.1696,7.17418,4.575818000148502,14.575818000148502,0.353,3.592,0.6308180001485013,,,10.0
S00010,IoT-GW,core-1,core,169,DONE,7.17379,7.17595,2.160178000167434,14.160178000167434,0.084,1.433,0.6431780001674341,,,12.0
S00006,IMS-CSCF,cloud-1,cloud,159,DONE,7.19839,7.20173,3.3332480002172815,55.33324800021728,0.086,2.113,1.1342480002172817,,,52.0
S00001,vRAN-DU,edge-A,edge,133,DONE,7.20717,7.21341,6.24200600009317,6.24200600009317,0.126,5.214,0.9020060000931691,,,0.0
S00004,UPF,core-1,core,163,DONE,7.2074,7.2118,4.397266999831118,16.397266999831118,0.12,3.617,0.6602669998311175,,,12.0
S00005,IMS-CSCF,cloud-1,cloud,148,DONE,7.21093,7.21429,3.3621879999827797,53.36218799998278,0.102,2.419,0.8411879999827798,,,50.0
S00010,IoT-GW,core-1,core,170,DONE,7.23125,7.23462,3.3691930000259163,15.369193000025916,0.147,1.741,1.4811930000259161,,,12.0
S00002,vRAN-DU,edge-B,edge,180,DONE,7.23583,7.2398,3.9651140000387386,3.9651140000387386,0.118,3.007,0.8401140000387386,,,0.0
S00008,Transcoder,cloud-1,cloud,72,DONE,7.24109,7.25734,16.246718000047622,68.24671800004762,0.122,15.063,1.0617180000476214,,,52.0
S00001,vRAN-DU,edge-A,edge,134,DONE,7.24249,7.24882,6.331539000029807,6.331539000029807,0.136,5.532,0.6635390000298065,,,0.0
S00010,IoT-GW,core-1,core,171,DONE,7.24308,7.24479,1.7125150000083522,13.712515000008352,0.076,1.096,0.5405150000083521,,,12.0
S00010,IoT-GW,core-1,core,172,DONE,7.25314,7.25532,2.1783700001378747,14.178370000137875,0.089,1.466,0.6233700001378748,,,12.0
S00004,UPF,core-1,core,164,DONE,7.25372,7.25853,4.818091000061031,16.81809100006103,0.082,3.917,0.8190910000610314,,,12.0
S00005,IMS-CSCF,cloud-1,cloud,149,DONE,7.25538,7.25922,3.8374269997802912,53.83742699978029,0.09,1.839,1.9084269997802912,,,50.0
S00002,vRAN-DU,edge-B,edge,181,DONE,7.26973,7.27362,3.893024000035439,3.893024000035439,0.088,2.894,0.9110240000354386,,,0.0
S00004,UPF,core-1,core,165,DONE,7.27001,7.27467,4.661332000068796,16.661332000068796,0.359,3.57,0.7323320000687965,,,12.0
S00004,UPF,core-1,core,166,DONE,7.27011,7.27811,8.004482999922402,20.004482999922402,3.955,3.074,0.9754829999224022,,,12.0
S00004,UPF,core-1,core,167,DONE,7.30243,7.30597,3.540352000072744,15.540352000072744,0.125,2.326,1.089352000072744,,,12.0
S00003,UPF,core-1,core,165,DONE,7.31657,7.32092,4.35582299996895,14.35582299996895,0.088,3.316,0.9518229999689503,,,10.0
S00004,UPF,core-1,core,168,DONE,7.32725,7.3307,3.445812999871123,15.445812999871123,0.159,2.317,0.9698129998711229,,,12.0
S00002,vRAN-DU,edge-B,edge,182,DONE,7.33305,7.33832,5.268849000003684,5.268849000003684,0.085,4.28,0.9038490000036834,,,0.0
S00001,vRAN-DU,edge-A,edge,135,DONE,7.33844,7.34473,6.282860999817785,6.282860999817785,0.077,5.297,0.9088609998177857,,,0.0
S00003,UPF,core-1,core,166,DONE,7.34396,7.3479,3.93899299979239,13.93899299979239,0.083,2.748,1.1079929997923896,,,10.0
S00009,IoT-GW,core-1,core,151,DONE,7.35123,7.35533,4.0991569999278,14.0991569999278,0.125,3.116,0.8581569999277998,,,10.0
S00006,IMS-CSCF,cloud-1,cloud,160,DONE,7.35258,7.35601,3.425057999947967,55.42505799994797,0.084,2.449,0.892057999947967,,,52.0
S00005,IMS-CSCF,cloud-1,cloud,150,DONE,7.3551,7.35837,3.273189000083221,53.27318900008322,0.049,1.946,1.278189000083221,,,50.0
S00001,vRAN-DU,edge-A,edge,136,DONE,7.35723,7.36105,3.815409000026193,3.815409000026193,0.087,3.124,0.6044090000261928,,,0.0
S00009,IoT-GW,core-1,core,152,DONE,7.35964,7.36165,2.015648999986297,12.015648999986297,0.113,1.295,0.6076489999862971,,,10.0
S00010,IoT-GW,core-1,core,173,DONE,7.36292,7.36498,2.0579100000759354,14.057910000075935,0.056,1.447,0.5549100000759353,,,12.0
S00005,IMS-CSCF,cloud-1,cloud,151,DONE,7.36721,7.36982,2.6067300000249816,52.60673000002498,0.125,1.81,0.6717300000249815,,,50.0
S00009,IoT-GW,core-1,core,153,DONE,7.37113,7.3729,1.7716170000312559,11.771617000031256,0.086,1.069,0.6166170000312559,,,10.0
S00002,vRAN-DU,edge-B,edge,183,DONE,7.37129,7.3757,4.402790000085588,4.402790000085588,0.13,3.389,0.8837900000855883,,,0.0
S00004,UPF,core-1,core,169,DONE,7.38602,7.39017,4.152535000002899,16.1525350000029,0.134,3.057,0.9615350000028995,,,12.0
S00005,IMS-CSCF,cloud-1,cloud,152,DONE,7.40655,7.40904,2.4887350000426522,52.48873500004265,0.088,1.577,0.8237350000426522,,,50.0
S00003,UPF,core-1,core,167,DONE,7.41332,7.41629,2.966015000083644,12.966015000083644,0.082,2.223,0.6610150000836441,,,10.0
S00009,IoT-GW,core-1,core,154,DONE,7.41957,7.42289,3.322958000126164,13.322958000126164,0.171,2.303,0.8489580001261641,,,10.0
S00003,UPF,core-1,core,168,DONE,7.41969,7.4229,3.211773999964862,13.211773999964862,0.072,2.406,0.7337739999648618,,,10.0
S00002,vRAN-DU,edge-B,edge,184,DONE,7.42206,7.42578,3.7215270001524914,3.7215270001524914,0.08,3.021,0.6205270001524914,,,0.0
S00008,Transcoder,cloud-1,cloud,73,DONE,7.42801,7.4385,10.49416899991229,62.49416899991229,0.135,9.567,0.7921689999122901,,,52.0
S00010,IoT-GW,core-1,core,174,DONE,7.4398,7.44246,2.6610330000949034,14.661033000094903,0.119,1.695,0.8470330000949033,,,12.0
S00006,IMS-CSCF,cloud-1,cloud,161,DONE,7.45286,7.4563,3.435523000007379,55.43552300000738,0.114,2.343,0.978523000007379,,,52.0
S00006,IMS-CSCF,cloud-1,cloud,162,DONE,7.46209,7.47014,8.048854000207939,60.04885400020794,0.127,7.152,0.769854000207939,,,52.0
S00009,IoT-GW,core-1,core,155,DONE,7.46233,7.48056,18.225647000008394,28.225647000008394,1.029,16.037,1.1596470000083947,,,10.0
S00003,UPF,core-1,core,169,DONE,7.46244,7.47242,9.97833599990372,19.97833599990372,0.087,9.008,0.8833359999037214,,,10.0
S00008,Transcoder,cloud-1,cloud,74,DONE,7.46259,7.48337,20.780019999847354,72.78001999984735,0.084,19.977,0.7190199998473545,,,52.0
S00001,vRAN-DU,edge-A,edge,137,DONE,7.46421,7.48053,16.32579500005704,16.32579500005704,0.086,10.965,5.274795000057042,,,0.0
S00002,vRAN-DU,edge-B,edge,185,DONE,7.46757,7.48099,13.413168999932168,13.413168999932168,0.086,12.67,0.6571689999321677,,,0.0
S00003,UPF,core-1,core,170,DONE,7.4737,7.48055,6.847859000117751,16.84785900011775,0.074,5.999,0.7748590001177513,,,10.0
S00006,IMS-CSCF,cloud-1,cloud,163,DONE,7.49066,7.49381,3.15796999984741,55.15796999984741,0.126,1.946,1.0859699998474097,,,52.0
S00009,IoT-GW,core-1,core,156,DONE,7.49621,7.4983,2.0910660000481585,12.091066000048158,0.109,1.268,0.7140660000481585,,,10.0
S00003,UPF,core-1,core,171,DONE,7.5086,7.51204,3.439827000192963,13.439827000192963,0.089,2.497,0.8538270001929633,,,10.0
S00009,IoT-GW,core-1,core,157,DONE,7.52845,7.53058,2.137291000053665,12.137291000053665,0.095,1.221,0.8212910000536648,,,10.0
S00005,IMS-CSCF,cloud-1,cloud,153,DONE,7.54195,7.54489,2.933378000079756,52.933378000079756,0.096,1.788,1.049378000079756,,,50.0
S00002,vRAN-DU,edge-B,edge,186,DONE,7.54339,7.54706,3.6754319999090512,3.6754319999090512,0.074,2.952,0.6494319999090514,,,0.0
S00004,UPF,core-1,core,170,DONE,7.5449,7.54802,3.1181560000277386,15.118156000027739,0.083,2.373,0.6621560000277382,,,12.0
S00005,IMS-CSCF,cloud-1,cloud,154,DONE,7.55631,7.55887,2.564119999988179,52.56411999998818,0.087,1.552,0.9251199999881792,,,50.0
S00003,UPF,core-1,core,172,DONE,7.55773,7.56134,3.6081080002077215,13.608108000207721,0.08,2.91,0.6181080002077213,,,10.0
S00006,IMS-CSCF,cloud-1,cloud,164,DONE,7.55889,7.56069,1.8059609999454551,53.805960999945455,0.058,1.334,0.413960999945455,,,52.0
S00006,IMS-CSCF,cloud-1,cloud,165,DONE,7.5607,7.56257,1.8712789999426604,53.87127899994266,0.042,1.243,0.5862789999426603,,,52.0
S00006,IMS-CSCF,cloud-1,cloud,166,DONE,7.56258,7.56464,2.05569300010211,54.05569300010211,0.045,1.445,0.5656930001021101,,,52.0
S00010,IoT-GW,core-1,core,175,DONE,7.56465,7.56648,1.835579000044163,13.835579000044163,0.071,1.129,0.635579000044163,,,12.0
S00002,vRAN-DU,edge-B,edge,187,DONE,7.56649,7.57023,3.738990999863745,3.738990999863745,0.123,3.031,0.584990999863745,,,0.0
S00001,vRAN-DU,edge-A,edge,138,DONE,7.57548,7.57973,4.245560999834197,4.245560999834197,0.117,3.117,1.011560999834197,,,0.0
S00002,vRAN-DU,edge-B,edge,188,DONE,7.58206,7.58693,4.868466000061744,4.868466000061744,0.107,4.016,0.7454660000617439,,,0.0
S00010,IoT-GW,core-1,core,176,DONE,7.58651,7.58948,2.972220999936326,14.972220999936326,0.105,1.762,1.1052209999363258,,,12.0
S00003,UPF,core-1,core,173,DONE,7.58817,7.59197,3.805396999950972,13.805396999950972,0.437,2.632,0.7363969999509719,,,10.0
S00010,IoT-GW,core-1,core,177,DONE,7.60032,7.60311,2.7939679998780775,14.793967999878078,0.17,1.729,0.8949679998780775,,,12.0
S00001,vRAN-DU,edge-A,edge,139,DONE,7.60746,7.61742,9.957220999922356,9.957220999922356,0.123,8.775,1.0592209999223563,,,0.0
S00007,Transcoder,cloud-1,cloud,75,DONE,7.61003,7.62462,14.593625999850701,64.5936259998507,0.105,13.448,1.0406259998507004,,,50.0
S00010,IoT-GW,core-1,core,178,DONE,7.61255,7.61864,6.088956999974471,18.08895699997447,0.1,5.081,0.9079569999744708,,,12.0
S00009,IoT-GW,core-1,core,158,DONE,7.61704,7.61965,2.6099199999407574,12.609919999940757,0.095,1.669,0.8459199999407574,,,10.0
S00007,Transcoder,cloud-1,cloud,76,DONE,7.6311,7.64267,11.562665999917954,61.562665999917954,0.136,10.463,0.9636659999179553,,,50.0
S00010,IoT-GW,core-1,core,179,DONE,7.63372,7.6414,7.681213000068965,19.681213000068965,0.119,6.554,1.0082130000689649,,,12.0
S00006,IMS-CSCF,cloud-1,cloud,167,DONE,7.64268,7.64724,4.558790999908524,56.558790999908524,0.306,2.919,1.333790999908524,,,52.0
S00005,IMS-CSCF,cloud-1,cloud,155,DONE,7.64279,7.64817,5.379635000053895,55.379635000053895,0.069,4.326,0.9846350000538955,,,50.0
S00008,Transcoder,cloud-1,cloud,75,DONE,7.64626,7.66402,17.76066700017509,69.76066700017509,0.068,16.884,0.8086670001750882,,,52.0
S00003,UPF,core-1,core,174,DONE,7.6464,7.65146,5.055237000078705,15.055237000078705,0.156,4.097,0.8022370000787049,,,10.0
S00004,UPF,core-1,core,171,DONE,7.65486,7.66309,8.232573999976012,20.23257399997601,0.259,3.134,4.839573999976012,,,12.0
S00002,vRAN-DU,edge-B,edge,189,DONE,7.65845,7.67242,13.971409000077983,13.971409000077983,0.126,7.28,6.565409000077983,,,0.0
S00003,UPF,core-1,core,175,DONE,7.65996,7.66536,5.4060820000358945,15.406082000035894,0.079,4.67,0.6570820000358948,,,10.0
S00004,UPF,core-1,core,172,DONE,7.66668,7.6724,5.719390999956886,17.719390999956886,0.089,3.54,2.090390999956886,,,12.0
S00006,IMS-CSCF,cloud-1,cloud,168,DONE,7.66806,7.67045,2.3848160001307406,54.38481600013074,0.12,1.34,0.9248160001307406,,,52.0
S00006,IMS-CSCF,cloud-1,cloud,169,DONE,7.67046,7.67356,3.095543999961592,55.09554399996159,0.063,2.205,0.8275439999615917,,,52.0
S00005,IMS-CSCF,cloud-1,cloud,156,DONE,7.67243,7.67535,2.927141000100164,52.927141000100164,0.264,1.546,1.117141000100164,,,50.0
S00004,UPF,core-1,core,173,DONE,7.67757,7.68132,3.750270999944405,15.750270999944405,0.119,3.146,0.48527099994440537,,,12.0
S00005,IMS-CSCF,cloud-1,cloud,157,DONE,7.68558,7.68911,3.5320570000294538,53.532057000029454,0.129,1.843,1.5600570000294538,,,50.0
S00002,vRAN-DU,edge-B,edge,190,DONE,7.68797,7.69324,5.272981999951298,5.272981999951298,0.205,4.068,0.9999819999512987,,,0.0
S00010,IoT-GW,core-1,core,180,DONE,7.69325,7.69539,2.1395819999270316,14.139581999927032,0.096,1.33,0.7135819999270314,,,12.0
S00003,UPF,core-1,core,176,DONE,7.69875,7.70215,3.3990879999237222,13.399087999923722,0.081,2.467,0.8510879999237222,,,10.0
S00002,vRAN-DU,edge-B,edge,191,DONE,7.70745,7.71138,3.9361460001146042,3.9361460001146042,0.088,2.96,0.8881460001146042,,,0.0
S00009,IoT-GW,core-1,core,159,DONE,7.71367,7.71654,2.8737800000726565,12.873780000072657,0.084,1.842,0.9477800000726564,,,10.0
S00001,vRAN-DU,edge-A,edge,140,DONE,7.71988,7.72417,4.288851000183058,4.288851000183058,0.155,3.089,1.0448510001830584,,,0.0
S00005,IMS-CSCF,cloud-1,cloud,158,DONE,7.72132,7.72419,2.873885000099108,52.87388500009911,0.116,1.838,0.9198850000991077,,,50.0
S00009,IoT-GW,core-1,core,160,DONE,7.72654,7.73011,3.5714719999759836,13.571471999975984,0.198,2.304,1.0694719999759839,,,10.0
S00003,UPF,core-1,core,177,DONE,7.72671,7.73012,3.408981000120548,13.408981000120548,0.081,2.433,0.894981000120548,,,10.0
S00004,UPF,core-1,core,174,DONE,7.72859,7.73186,3.265657999918403,15.265657999918403,0.071,2.579,0.6156579999184029,,,12.0
S00001,vRAN-DU,edge-A,edge,141,DONE,7.73409,7.73894,4.848979999906078,4.848979999906078,0.084,2.77,1.9949799999060778,,,0.0
S00004,UPF,core-1,core,175,DONE,7.73658,7.73925,2.66919799992138,14.66919799992138,0.078,1.969,0.6221979999213798,,,12.0
S00009,IoT-GW,core-1,core,161,DONE,7.74355,7.74562,2.074815000014496,12.074815000014496,0.084,1.269,0.721815000014496,,,10.0
S00003,UPF,core-1,core,178,DONE,7.75603,7.75913,3.1000230001154705,13.10002300011547,0.094,2.062,0.9440230001154708,,,10.0
S00008,Transcoder,cloud-1,cloud,76,DONE,7.75621,7.76503,8.819137000045885,60.819137000045885,0.088,7.981,0.7501370000458856,,,52.0
S00005,IMS-CSCF,cloud-1,cloud,159,DONE,7.75856,7.76054,1.9795430000613123,51.97954300006131,0.08,1.351,0.5485430000613123,,,50.0
S00006,IMS-CSCF,cloud-1,cloud,170,DONE,7.76504,7.76699,1.9570059998841316,53.95700599988413,0.059,1.354,0.5440059998841316,,,52.0
S00006,IMS-CSCF,cloud-1,cloud,171,DONE,7.76818,7.77012,1.9363300000350137,53.936330000035014,0.059,1.385,0.4923300000350137,,,52.0
S00002,vRAN-DU,edge-B,edge,192,DONE,7.77018,7.7736,3.422387999989951,3.422387999989951,0.074,2.766,0.582387999989951,,,0.0
S00008,Transcoder,cloud-1,cloud,77,DONE,7.78101,7.78809,7.078637999939019,59.07863799993902,0.089,6.287,0.7026379999390189,,,52.0
S00001,vRAN-DU,edge-A,edge,142,DONE,7.80555,7.81035,4.804311000043526,4.804311000043526,0.093,3.824,0.8873110000435265,,,0.0
S00008,Transcoder,cloud-1,cloud,78,DONE,7.81044,7.81731,6.873124000094322,58.87312400009432,0.162,6.056,0.6551240000943217,,,52.0
S00010,IoT-GW,core-1,core,181,DONE,7.83195,7.83457,2.6222170001801715,14.622217000180171,0.113,1.472,1.0372170001801715,,,12.0
S00006,IMS-CSCF,cloud-1,cloud,172,DONE,7.83467,7.83765,2.983933999985311,54.98393399998531,0.113,2.065,0.805933999985311,,,52.0
S00003,UPF,core-1,core,179,DONE,7.84804,7.85186,3.823396999905526,13.823396999905526,0.204,2.504,1.115396999905526,,,10.0
S00003,UPF,core-1,core,180,DONE,7.84821,7.85451,6.298532000073465,16.298532000073465,2.859,2.341,1.0985320000734644,,,10.0
S00003,UPF,core-1,core,181,DONE,7.85059,7.85655,5.96221599994351,15.96221599994351,3.22,2.071,0.6712159999435094,,,10.0
S00003,UPF,core-1,core,182,DONE,7.85784,7.86287,5.031061999943631,15.031061999943631,0.067,2.539,2.425061999943631,,,10.0
S00003,UPF,core-1,core,183,DONE,7.85924,7.86498,5.745528000034028,15.745528000034028,3.051,1.97,0.7245280000340282,,,10.0
S00006,IMS-CSCF,cloud-1,cloud,173,DONE,7.85936,7.86362,4.2605650000950845,56.260565000095085,0.203,1.878,2.1795650000950846,,,52.0
S00005,IMS-CSCF,cloud-1,cloud,160,DONE,7.85941,7.8636,4.193888999907358,54.19388899990736,0.088,1.94,2.165888999907358,,,50.0
S00005,IMS-CSCF,cloud-1,cloud,161,DONE,7.86499,7.86767,2.6779929999065644,52.677992999906564,0.078,2.061,0.5389929999065646,,,50.0
S00010,IoT-GW,core-1,core,182,DONE,7.86736,7.8695,2.138632999958645,14.138632999958645,0.143,1.325,0.6706329999586451,,,12.0
S00006,IMS-CSCF,cloud-1,cloud,174,DONE,7.88393,7.88789,3.9607060000435013,55.9607060000435,0.155,2.593,1.2127060000435015,,,52.0
S00005,IMS-CSCF,cloud-1,cloud,162,DONE,7.88408,7.88788,3.7986740001088037,53.798674000108804,0.207,2.184,1.4076740001088037,,,50.0
S00003,UPF,core-1,core,184,DONE,7.88532,7.88806,2.743430000009539,12.743430000009539,0.087,2.153,0.5034300000095389,,,10.0
S00001,vRAN-DU,edge-A,edge,143,DONE,7.8879,7.89191,4.010533999917243,4.010533999917243,0.079,3.189,0.7425339999172427,,,0.0
S00010,IoT-GW,core-1,core,183,DONE,7.89192,7.89369,1.7718679998779407,13.77186799987794,0.085,1.035,0.6518679998779409,,,12.0
S00010,IoT-GW,core-1,core,184,DONE,7.8937,7.89554,1.8400369999653776,13.840036999965378,0.057,1.317,0.46603699996537773,,,12.0
S00001,vRAN-DU,edge-A,edge,144,DONE,7.89529,7.89998,4.688686999998026,4.688686999998026,0.156,3.656,0.876686999998026,,,0.0
S00001,vRAN-DU,edge-A,edge,145,DONE,7.90429,7.90796,3.662150000081965,3.662150000081965,0.079,2.89,0.6931500000819648,,,0.0
S00009,IoT-GW,core-1,core,162,DONE,7.9067,7.90872,2.012122999985877,12.012122999985877,0.084,1.348,0.5801229999858768,,,10.0
S00003,UPF,core-1,core,185,DONE,7.90993,7.91339,3.4556020000309218,13.455602000030922,0.07,2.543,0.8426020000309218,,,10.0
S00009,IoT-GW,core-1,core,163,DONE,7.91127,7.91351,2.241988000150741,12.24198800015074,0.065,1.22,0.9569880001507409,,,10.0
S00009,IoT-GW,core-1,core,164,DONE,7.91135,7.91806,6.714387000101851,16.71438700010185,1.524,4.634,0.5563870001018509,,,10.0
S00009,IoT-GW,core-1,core,165,DONE,7.9134,7.92015,6.74885000012182,16.74885000012182,4.367,1.897,0.48485000012181967,,,10.0
S00006,IMS-CSCF,cloud-1,cloud,175,DONE,7.91468,7.9195,4.815319000044838,56.81531900004484,0.088,4.267,0.46031900004483717,,,52.0
S00002,vRAN-DU,edge-B,edge,193,DONE,7.92457,7.92862,4.045414000074743,4.045414000074743,0.065,3.36,0.6204140000747431,,,0.0
S00004,UPF,core-1,core,176,DONE,7.9299,7.93319,3.2917609999003616,15.291760999900362,0.09,2.473,0.7287609999003619,,,12.0
S00002,vRAN-DU,edge-B,edge,194,DONE,7.93003,7.93622,6.183118000080867,6.183118000080867,0.053,4.611,1.5191180000808675,,,0.0
S00004,UPF,core-1,core,177,DONE,7.9323,7.93654,4.240733999949953,16.240733999949953,0.083,3.122,1.0357339999499526,,,12.0
S00010,IoT-GW,core-1,core,185,DONE,7.93875,7.94026,1.506762999952116,13.506762999952116,0.061,0.954,0.49176299995211603,,,12.0
S00001,vRAN-DU,edge-A,edge,146,DONE,7.94549,7.94899,3.492692999998326,3.492692999998326,0.086,2.718,0.688692999998326,,,0.0
S00006,IMS-CSCF,cloud-1,cloud,176,DONE,7.95427,7.95651,2.238602000034007,54.23860200003401,0.09,1.402,0.7466020000340068,,,52.0
S00004,UPF,core-1,core,178,DONE,7.9556,7.95844,2.8367150000576657,14.836715000057666,0.083,2.075,0.6787150000576654,,,12.0
S00001,vRAN-DU,edge-A,edge,147,DONE,7.95845,7.96185,3.3985459999712475,3.3985459999712475,0.115,2.722,0.5615459999712473,,,0.0
S00005,IMS-CSCF,cloud-1,cloud,163,DONE,7.96917,7.97225,3.078405999985989,53.07840599998599,0.092,2.111,0.8754059999859889,,,50.0
S00008,Transcoder,cloud-1,cloud,79,DONE,7.97054,7.98093,10.386970999888945,62.386970999888945,0.125,9.498,0.7639709998889455,,,52.0
S00002,vRAN-DU,edge-B,edge,195,DONE,7.97226,7.97912,6.855885000049966,6.855885000049966,0.099,6.244,0.5128850000499661,,,0.0
S00010,IoT-GW,core-1,core,186,DONE,7.97563,7.97809,2.4559220000810456,14.455922000081046,0.214,1.633,0.6089220000810456,,,12.0
S00004,UPF,core-1,core,179,DONE,7.98214,7.98506,2.9205020000517834,14.920502000051783,0.071,2.301,0.5485020000517831,,,12.0
S00010,IoT-GW,core-1,core,187,DONE,7.98932,7.99116,1.8415500001083274,13.841550000108327,0.08,1.154,0.6075500001083274,,,12.0
S00006,IMS-CSCF,cloud-1,cloud,177,DONE,7.99444,7.99688,2.4410199998783355,54.441019999878336,0.122,1.633,0.6860199998783356,,,52.0
S00002,vRAN-DU,edge-B,edge,196,DONE,7.9991,8.00309,3.9863810000042577,3.9863810000042577,0.094,3.105,0.7873810000042578,,,0.0
S00003,UPF,core-1,core,186,DONE,8.00648,8.01053,4.053596999938236,14.053596999938236,0.089,3.208,0.7565969999382358,,,10.0
S00010,IoT-GW,core-1,core,188,DONE,8.01285,8.0149,2.0519519998742908,14.05195199987429,0.079,1.239,0.7339519998742907,,,12.0
S00001,vRAN-DU,edge-A,edge,148,DONE,8.02527,8.02936,4.095778999953836,4.095778999953836,0.168,3.101,0.8267789999538362,,,0.0
S00005,IMS-CSCF,cloud-1,cloud,164,DONE,8.02543,8.02785,2.4180709999654937,52.418070999965494,0.129,1.579,0.7100709999654937,,,50.0
S00010,IoT-GW,core-1,core,189,DONE,8.03665,8.03913,2.4772619999566814,14.477261999956681,0.093,1.185,1.1992619999566814,,,12.0
S00006,IMS-CSCF,cloud-1,cloud,178,DONE,8.03824,8.04253,4.287166000040088,56.28716600004009,0.089,3.077,1.121166000040088,,,52.0
S00009,IoT-GW,core-1,core,166,DONE,8.03859,8.0409,2.3159790000590874,12.315979000059087,0.109,1.345,0.8619790000590875,,,10.0
S00006,IMS-CSCF,cloud-1,cloud,179,DONE,8.03914,8.04386,4.722601000139548,56.72260100013955,2.246,1.345,1.1316010001395478,,,52.0
S00004,UPF,core-1,core,180,DONE,8.05026,8.05496,4.70186300003661,16.70186300003661,0.094,3.715,0.8928630000366105,,,12.0
S00003,UPF,core-1,core,187,DONE,8.05166,8.05655,4.882339999994656,14.882339999994656,0.075,3.982,0.8253399999946556,,,10.0
S00003,UPF,core-1,core,188,DONE,8.05176,8.05924,7.4775200000658515,17.47752000006585,4.201,2.746,0.5305200000658523,,,10.0
S00004,UPF,core-1,core,181,DONE,8.0666,8.07055,3.9494689999628463,15.949468999962846,0.104,3.019,0.8264689999628461,,,12.0
S00005,IMS-CSCF,cloud-1,cloud,165,DONE,8.07389,8.07682,2.9310770000847697,52.93107700008477,0.129,1.91,0.89207700008477,,,50.0
S00006,IMS-CSCF,cloud-1,cloud,180,DONE,8.08524,8.08803,2.794334000100207,54.79433400010021,0.092,1.919,0.7833340001002069,,,52.0
S00005,IMS-CSCF,cloud-1,cloud,166,DONE,8.10749,8.11742,9.934915000030742,59.93491500003074,0.096,8.568,1.270915000030742,,,50.0
S00001,vRAN-DU,edge-A,edge,149,DONE,8.10769,8.11741,9.724883999979284,9.724883999979284,0.093,7.075,2.5568839999792834,,,0.0
S00003,UPF,core-1,core,189,DONE,8.1079,8.11739,9.483636000140905,19.483636000140905,0.105,4.913,4.465636000140904,,,10.0
S00001,vRAN-DU,edge-A,edge,150,DONE,8.10797,8.12473,16.758027999912883,16.758027999912883,0.836,14.963,0.9590279999128839,,,0.0
S00003,UPF,core-1,core,190,DONE,8.10801,8.12381,15.79637100007858,25.79637100007858,5.232,7.736,2.8283710000785796,,,10.0
S00004,UPF,core-1,core,182,DONE,8.10804,8.1174,9.359973000073296,21.359973000073296,0.151,6.133,3.0759730000732963,,,12.0
S00003,UPF,core-1,core,191,DONE,8.11743,8.1278,10.374711999929787,20.374711999929787,4.663,5.266,0.4457119999297863,,,10.0
S00003,UPF,core-1,core,192,DONE,8.11771,8.13064,12.924752000117223,22.924752000117223,9.827,2.576,0.5217520001172229,,,10.0
S00003,UPF,core-1,core,193,DONE,8.11794,8.13371,15.769241000043621,25.76924100004362,12.458,2.878,0.43324100004362087,,,10.0
S00004,UPF,core-1,core,183,DONE,8.11932,8.12736,8.044634999805567,20.044634999805567,0.057,7.441,0.5466349998055664,,,12.0
S00002,vRAN-DU,edge-B,edge,197,DONE,8.13599,8.14072,4.733287000135533,4.733287000135533,0.126,3.582,1.0252870001355334,,,0.0
S00007,Transcoder,cloud-1,cloud,77,DONE,8.1451,8.16444,19.33966000001419,69.33966000001419,0.128,18.236,0.9756600000141908,,,50.0
S00010,IoT-GW,core-1,core,190,DONE,8.14534,8.14746,2.1164310001040576,14.116431000104058,0.102,1.329,0.6854310001040576,,,12.0
S00001,vRAN-DU,edge-A,edge,151,DONE,8.14747,8.16161,14.140827999881367,14.140827999881367,0.128,13.212,0.800827999881367,,,0.0
S00007,Transcoder,cloud-1,cloud,78,DONE,8.14995,8.16649,16.536739999992278,66.53673999999228,0.094,15.138,1.3047399999922789,,,50.0
S00005,IMS-CSCF,cloud-1,cloud,167,DONE,8.1515,8.15811,6.609124000078737,56.60912400007874,0.134,5.42,1.0551240000787363,,,50.0
S00009,IoT-GW,core-1,core,167,DONE,8.15294,8.15505,2.1129639999344363,12.112963999934436,0.084,1.399,0.6299639999344362,,,10.0
S00010,IoT-GW,core-1,core,191,DONE,8.15428,8.15659,2.310265000005529,14.31026500000553,0.052,1.101,1.1572650000055291,,,12.0
S00003,UPF,core-1,core,194,DONE,8.1663,8.17051,4.205103000003874,14.205103000003874,0.14,3.181,0.8841030000038734,,,10.0
S00003,UPF,core-1,core,195,DONE,8.16654,8.17499,8.4443809998902,18.4443809998902,3.298,4.416,0.7303809998901993,,,10.0
S00004,UPF,core-1,core,184,DONE,8.16884,8.173,4.1524430000663415,16.15244300006634,0.105,2.973,1.0744430000663416,,,12.0
S00004,UPF,core-1,core,185,DONE,8.17052,8.18096,10.434410000016214,22.434410000016214,1.957,3.848,4.629410000016215,,,12.0
S00008,Transcoder,cloud-1,cloud,80,DONE,8.175,8.18449,9.4910020000043,61.4910020000043,0.084,7.445,1.9620020000043006,,,52.0
S00001,vRAN-DU,edge-A,edge,152,DONE,8.18223,8.18632,4.085378999889144,4.085378999889144,0.086,3.261,0.7383789998891443,,,0.0
S00002,vRAN-DU,edge-B,edge,198,DONE,8.1845,8.18863,4.133960999979536,4.133960999979536,0.132,3.353,0.6489609999795354,,,0.0
S00007,Transcoder,cloud-1,cloud,79,DONE,8.19305,8.20162,8.573916999921494,58.573916999921494,0.101,7.405,1.0679169999214935,,,50.0
S00003,UPF,core-1,core,196,DONE,8.20163,8.20555,3.916789000186327,13.916789000186327,0.089,3.095,0.7327890001863269,,,10.0
S00002,vRAN-DU,edge-B,edge,199,DONE,8.21197,8.21626,4.294221999998626,4.294221999998626,0.085,3.151,1.0582219999986267,,,0.0
S00001,vRAN-DU,edge-A,edge,153,DONE,8.22286,8.22863,5.776188000027105,5.776188000027105,0.189,4.626,0.9611880000271045,,,0.0
S00003,UPF,core-1,core,197,DONE,8.22741,8.23094,3.530705000002854,13.530705000002854,0.146,2.701,0.683705000002854,,,10.0
S00006,IMS-CSCF,cloud-1,cloud,181,DONE,8.22987,8.23289,3.01110600003085,55.01110600003085,0.122,2.051,0.8381060000308498,,,52.0
S00002,vRAN-DU,edge-B,edge,200,DONE,8.23221,8.24058,8.368749000055686,8.368749000055686,0.405,7.152,0.811749000055686,,,0.0
S00004,UPF,core-1,core,186,DONE,8.24292,8.24647,3.549975999931121,15.549975999931121,0.113,2.648,0.7889759999311208,,,12.0
S00006,IMS-CSCF,cloud-1,cloud,182,DONE,8.25187,8.25516,3.2896130001063284,55.28961300010633,0.161,2.089,1.0396130001063284,,,52.0
S00003,UPF,core-1,core,198,DONE,8.25751,8.26105,3.5322569999607367,13.532256999960737,0.098,2.366,1.0682569999607368,,,10.0
S00003,UPF,core-1,core,199,DONE,8.26651,8.27529,8.786309000015535,18.786309000015535,0.144,5.877,2.7653090000155354,,,10.0
S00003,UPF,core-1,core,200,DONE,8.26673,8.27587,9.140024000089397,19.140024000089397,5.978,2.404,0.7580240000893976,,,10.0
S00001,vRAN-DU,edge-A,edge,154,DONE,8.27249,8.27744,4.958193999982541,4.958193999982541,0.12,4.12,0.7181939999825406,,,0.0
S00001,vRAN-DU,edge-A,edge,155,DONE,8.27717,8.28145,4.2823370001769945,4.2823370001769945,0.046,3.462,0.7743370001769945,,,0.0
S00010,IoT-GW,core-1,core,192,DONE,8.28146,8.28467,3.2104939998589543,15.210493999858954,0.096,2.18,0.9344939998589541,,,12.0
S00006,IMS-CSCF,cloud-1,cloud,183,DONE,8.28704,8.29018,3.1412729999829025,55.1412729999829,0.091,1.993,1.0572729999829025,,,52.0
S00010,IoT-GW,core-1,core,193,DONE,8.29141,8.29446,3.0520469999828492,15.05204699998285,0.124,2.099,0.8290469999828489,,,12.0
S00003,UPF,core-1,core,201,DONE,8.29793,8.30256,4.636041999901863,14.636041999901863,0.124,3.578,0.9340419999018632,,,10.0
S00003,UPF,core-1,core,202,DONE,8.30067,8.30645,5.779114000006302,15.779114000006302,1.252,3.467,1.060114000006302,,,10.0
S00004,UPF,core-1,core,187,DONE,8.32096,8.32483,3.8721690000329545,15.872169000032955,0.094,2.936,0.8421690000329547,,,12.0
S00006,IMS-CSCF,cloud-1,cloud,184,DONE,8.32239,8.3252,2.8078280001864186,54.80782800018642,0.14,2.065,0.6028280001864186,,,52.0
S00010,IoT-GW,core-1,core,194,DONE,8.32388,8.32704,3.1576599999425525,15.157659999942553,0.269,1.43,1.4586599999425527,,,12.0
S00009,IoT-GW,core-1,core,168,DONE,8.34135,8.34407,2.726247000055082,12.726247000055082,0.128,1.75,0.8482470000550819,,,10.0
S00009,IoT-GW,core-1,core,169,DONE,8.35658,8.35992,3.344639000033567,13.344639000033567,0.128,2.231,0.9856390000335669,,,10.0
S00001,vRAN-DU,edge-A,edge,156,DONE,8.37034,8.37652,6.178839000085645,6.178839000085645,0.109,4.663,1.406839000085645,,,0.0
S00005,IMS-CSCF,cloud-1,cloud,168,DONE,8.37059,8.37367,3.0803820000073756,53.080382000007376,0.123,2.071,0.8863820000073757,,,50.0
S00005,IMS-CSCF,cloud-1,cloud,169,DONE,8.37497,8.37981,4.837232999989283,54.83723299998928,0.088,2.192,2.5572329999892824,,,50.0
S00008,Transcoder,cloud-1,cloud,81,DONE,8.37572,8.39439,18.667260000029273,70.66726000002927,0.08,15.989,2.598260000029274,,,52.0
S00004,UPF,core-1,core,188,DONE,8.37658,8.38094,4.352664999942135,16.352664999942135,0.106,3.388,0.8586649999421354,,,12.0
S00002,vRAN-DU,edge-B,edge,201,DONE,8.37982,8.40148,21.65743399996245,21.65743399996245,0.101,18.566,2.990433999962452,,,0.0
S00001,vRAN-DU,edge-A,edge,157,DONE,8.37996,8.38641,6.4576740001029975,6.4576740001029975,0.097,4.413,1.9476740001029968,,,0.0
S00005,IMS-CSCF,cloud-1,cloud,170,DONE,8.38094,8.39157,10.626749000039126,60.626749000039126,0.13,6.225,4.271749000039127,,,50.0
S00003,UPF,core-1,core,203,DONE,8.38643,8.39441,7.977031000109491,17.97703100010949,0.116,5.376,2.4850310001094913,,,10.0
S00001,vRAN-DU,edge-A,edge,158,DONE,8.39023,8.40149,11.261340999908498,11.261340999908498,0.106,8.649,2.506340999908499,,,0.0
S00002,vRAN-DU,edge-B,edge,202,DONE,8.39043,8.40146,11.030933000029108,11.030933000029108,0.107,5.936,4.987933000029108,,,0.0
S00010,IoT-GW,core-1,core,195,DONE,8.39159,8.39554,3.950830999883692,15.950830999883692,0.145,2.207,1.5988309998836923,,,12.0
S00001,vRAN-DU,edge-A,edge,159,DONE,8.39449,8.40527,10.777187000030608,10.777187000030608,0.101,6.622,4.054187000030608,,,0.0
S00001,vRAN-DU,edge-A,edge,160,DONE,8.4015,8.40921,7.7067649999662535,7.7067649999662535,0.143,6.799,0.7647649999662534,,,0.0
S00008,Transcoder,cloud-1,cloud,82,DONE,8.40465,8.41708,12.432292000084999,64.432292000085,0.127,11.229,1.0762920000849991,,,52.0
S00009,IoT-GW,core-1,core,170,DONE,8.40491,8.40919,4.273780999938026,14.273780999938026,0.117,2.918,1.238780999938026,,,10.0
S00005,IMS-CSCF,cloud-1,cloud,171,DONE,8.43661,8.43996,3.357482999945205,53.357482999945205,0.12,2.046,1.191482999945205,,,50.0
S00006,IMS-CSCF,cloud-1,cloud,185,DONE,8.44007,8.44312,3.047271000014007,55.04727100001401,0.175,2.154,0.7182710000140071,,,52.0
S00008,Transcoder,cloud-1,cloud,83,DONE,8.44759,8.45782,10.231676999865158,62.23167699986516,0.122,9.177,0.9326769998651585,,,52.0
S00006,IMS-CSCF,cloud-1,cloud,186,DONE,8.45131,8.45614,4.826464999950986,56.826464999950986,1.283,1.976,1.5674649999509858,,,52.0
S00002,vRAN-DU,edge-B,edge,203,DONE,8.45713,8.46788,10.755210000070292,10.755210000070292,0.088,9.761,0.9062100000702937,,,0.0
S00001,vRAN-DU,edge-A,edge,161,DONE,8.46416,8.46971,5.548932000010609,5.548932000010609,0.172,4.506,0.8709320000106091,,,0.0
S00004,UPF,core-1,core,189,DONE,8.46918,8.47439,5.20492100008596,17.20492100008596,0.11,3.62,1.4749210000859603,,,12.0
S00005,IMS-CSCF,cloud-1,cloud,172,DONE,8.47667,8.47913,2.4641459999656945,52.464145999965695,0.089,1.402,0.9731459999656946,,,50.0
S00010,IoT-GW,core-1,core,196,DONE,8.47693,8.47918,2.2448879999501514,14.244887999950151,0.113,1.416,0.7158879999501515,,,12.0
S00002,vRAN-DU,edge-B,edge,204,DONE,8.48148,8.48816,6.6808340000079625,6.6808340000079625,0.125,4.388,2.1678340000079626,,,0.0
S00003,UPF,core-1,core,204,DONE,8.49053,8.50181,11.274339999999938,21.27433999999994,0.1,8.876,2.298339999999939,,,10.0
S00007,Transcoder,cloud-1,cloud,80,DONE,8.49202,8.49939,7.3690780000106315,57.36907800001063,0.121,6.199,1.0490780000106312,,,50.0
S00004,UPF,core-1,core,190,DONE,8.49446,8.50017,5.702486000018325,17.702486000018325,0.111,4.54,1.0514860000183255,,,12.0
S00003,UPF,core-1,core,205,DONE,8.49865,8.50356,4.91557999998804,14.91557999998804,1.269,2.069,1.57757999998804,,,10.0
S00005,IMS-CSCF,cloud-1,cloud,173,DONE,8.49886,8.50078,1.9267479999598436,51.926747999959844,0.05,1.105,0.7717479999598436,,,50.0
S00005,IMS-CSCF,cloud-1,cloud,174,DONE,8.50311,8.50593,2.819341000076747,52.81934100007675,0.171,1.708,0.9403410000767471,,,50.0
S00010,IoT-GW,core-1,core,197,DONE,8.50721,8.50973,2.5259659998937423,14.525965999893742,0.076,1.732,0.7179659998937422,,,12.0
S00002,vRAN-DU,edge-B,edge,205,DONE,8.52023,8.52595,5.720732000099815,5.720732000099815,0.09,4.722,0.9087320000998149,,,0.0
S00010,IoT-GW,core-1,core,198,DONE,8.52284,8.52514,2.2994979999566567,14.299497999956657,0.079,1.475,0.7454979999566567,,,12.0
S00004,UPF,core-1,core,191,DONE,8.52725,8.53132,4.06280200013498,16.06280200013498,0.061,3.055,0.9468020001349795,,,12.0
S00005,IMS-CSCF,cloud-1,cloud,175,DONE,8.53072,8.53547,4.754259000037564,54.754259000037564,0.082,3.849,0.8232590000375639,,,50.0
S00010,IoT-GW,core-1,core,199,DONE,8.53097,8.53343,2.4625589999232034,14.462558999923203,0.122,1.208,1.1325589999232033,,,12.0
S00006,IMS-CSCF,cloud-1,cloud,187,DONE,8.53344,8.53545,2.0103080000808404,54.01030800008084,0.068,1.288,0.6543080000808403,,,52.0
S00005,IMS-CSCF,cloud-1,cloud,176,DONE,8.54402,8.54723,3.205296000032831,53.20529600003283,0.08,2.24,0.8852960000328309,,,50.0
S00005,IMS-CSCF,cloud-1,cloud,177,DONE,8.54554,8.54912,3.584668000030433,53.58466800003043,1.336,1.649,0.5996680000304329,,,50.0
S00002,vRAN-DU,edge-B,edge,206,DONE,8.55034,8.55425,3.9111769999635726,3.9111769999635726,0.126,3.071,0.7141769999635725,,,0.0
S00002,vRAN-DU,edge-B,edge,207,DONE,8.55173,8.5555,3.7721409998994204,3.7721409998994204,0.074,2.946,0.7521409998994204,,,0.0
S00006,IMS-CSCF,cloud-1,cloud,188,DONE,8.55552,8.55929,3.7712769999416196,55.77127699994162,0.085,3.023,0.6632769999416195,,,52.0
S00002,vRAN-DU,edge-B,edge,208,DONE,8.55938,8.56336,3.9862060000359634,3.9862060000359634,0.156,3.08,0.7502060000359632,,,0.0
S00002,vRAN-DU,edge-B,edge,209,DONE,8.56566,8.57382,8.156223000014506,8.156223000014506,0.079,7.09,0.9872230000145068,,,0.0
S00001,vRAN-DU,edge-A,edge,162,DONE,8.56722,8.5735,6.277296000007482,6.277296000007482,0.084,4.28,1.913296000007482,,,0.0
S00005,IMS-CSCF,cloud-1,cloud,178,DONE,8.56735,8.56938,2.0353709999199054,52.035370999919905,0.084,1.365,0.5863709999199054,,,50.0
S00001,vRAN-DU,edge-A,edge,163,DONE,8.57061,8.57692,6.308043999979418,6.308043999979418,0.069,5.561,0.6780439999794181,,,0.0
S00004,UPF,core-1,core,192,DONE,8.57351,8.57724,3.7295270001322933,15.729527000132293,0.087,3.007,0.635527000132293,,,12.0
S00004,UPF,core-1,core,193,DONE,8.58754,8.59078,3.2388340000579774,15.238834000057977,0.108,2.276,0.8548340000579775,,,12.0
S00004,UPF,core-1,core,194,DONE,8.59425,8.59744,3.1863920000887447,15.186392000088745,0.133,2.285,0.7683920000887445,,,12.0
S00002,vRAN-DU,edge-B,edge,210,DONE,8.60372,8.60823,4.519780000009632,4.519780000009632,0.103,3.482,0.9347800000096318,,,0.0
S00001,vRAN-DU,edge-A,edge,164,DONE,8.61064,8.61599,5.355760000156806,5.355760000156806,0.092,4.346,0.9177600001568065,,,0.0
S00009,IoT-GW,core-1,core,171,DONE,8.61829,8.62384,5.5469419999099046,15.546941999909905,0.134,4.638,0.7749419999099043,,,10.0
S00002,vRAN-DU,edge-B,edge,211,DONE,8.61846,8.62551,7.048871999813855,7.048871999813855,0.094,6.399,0.5558719998138546,,,0.0
S00001,vRAN-DU,edge-A,edge,165,DONE,8.62012,8.63383,13.708421000046656,13.708421000046656,0.088,9.975,3.6454210000466567,,,0.0
S00002,vRAN-DU,edge-B,edge,212,DONE,8.62246,8.63425,11.795434999839927,11.795434999839927,0.139,11.212,0.4444349998399275,,,0.0
S00002,vRAN-DU,edge-B,edge,213,DONE,8.62385,8.63368,9.835037999891938,9.835037999891938,1.514,7.612,0.7090379998919385,,,0.0
S00006,IMS-CSCF,cloud-1,cloud,189,DONE,8.62778,8.63263,4.858746999843788,56.85874699984379,0.084,1.558,3.216746999843788,,,52.0
S00005,IMS-CSCF,cloud-1,cloud,179,DONE,8.64872,8.65278,4.058907999933581,54.05890799993358,0.13,2.538,1.3909079999335812,,,50.0
S00009,IoT-GW,core-1,core,172,DONE,8.64896,8.65306,4.0981330000704475,14.098133000070447,0.127,2.798,1.1731330000704476,,,10.0
S00005,IMS-CSCF,cloud-1,cloud,180,DONE,8.65428,8.65665,2.3663009999381757,52.366300999938176,0.077,1.586,0.7033009999381756,,,50.0
S00010,IoT-GW,core-1,core,200,DONE,8.65896,8.66109,2.1356050001486437,14.135605000148644,0.083,1.297,0.7556050001486438,,,12.0
S00010,IoT-GW,core-1,core,201,DONE,8.6611,8.66297,1.8714739999268204,13.87147399992682,0.055,1.204,0.6124739999268205,,,12.0
S00008,Transcoder,cloud-1,cloud,84,DONE,8.6642,8.67232,8.119316999909643,60.11931699990964,0.087,7.3,0.732316999909643,,,52.0
S00003,UPF,core-1,core,206,DONE,8.66958,8.67381,4.227242000069964,14.227242000069964,0.074,3.553,0.6002420000699642,,,10.0
S00010,IoT-GW,core-1,core,202,DONE,8.68612,8.68883,2.704989999983809,14.704989999983809,0.092,1.865,0.7479899999838089,,,12.0
S00004,UPF,core-1,core,195,DONE,8.68854,8.69132,2.7810560000034457,14.781056000003446,0.069,2.017,0.6950560000034458,,,12.0
S00009,IoT-GW,core-1,core,173,DONE,8.69793,8.70135,3.4193240001059166,13.419324000105917,0.264,1.724,1.4313240001059166,,,10.0
S00007,Transcoder,cloud-1,cloud,81,DONE,8.70381,8.71159,7.780825000054392,57.78082500005439,0.161,6.664,0.9558250000543929,,,50.0
S00005,IMS-CSCF,cloud-1,cloud,181,DONE,8.70404,8.70919,5.150937000053091,55.15093700005309,0.191,4.222,0.7379370000530905,,,50.0
S00008,Transcoder,cloud-1,cloud,85,DONE,8.70848,8.72122,12.743488999831243,64.74348899983124,0.06,10.85,1.8334889998312427,,,52.0
S00007,Transcoder,cloud-1,cloud,82,DONE,8.7116,8.72401,12.409519999891927,62.40951999989193,0.118,11.459,0.832519999891927,,,50.0
S00005,IMS-CSCF,cloud-1,cloud,182,DONE,8.71171,8.71852,6.813865999902191,56.81386599990219,0.309,5.544,0.9608659999021913,,,50.0
S00003,UPF,core-1,core,207,DONE,8.71613,8.72324,7.109235000143599,17.1092350001436,0.111,3.548,3.4502350001435986,,,10.0
S00006,IMS-CSCF,cloud-1,cloud,190,DONE,8.71854,8.72124,2.7006709999568557,54.700670999956856,0.126,1.279,1.2956709999568559,,,52.0
S00005,IMS-CSCF,cloud-1,cloud,183,DONE,8.71872,8.72133,2.618017000031614,52.618017000031614,0.04,2.032,0.5460170000316138,,,50.0
S00003,UPF,core-1,core,208,DONE,8.73162,8.73731,5.68458400016425,15.68458400016425,0.12,4.399,1.16558400016425,,,10.0
S00003,UPF,core-1,core,209,DONE,8.73855,8.74225,3.6990919998061145,13.699091999806114,0.086,2.817,0.7960919998061144,,,10.0
S00001,vRAN-DU,edge-A,edge,166,DONE,8.75665,8.76228,5.629201999909128,5.629201999909128,0.092,4.323,1.214201999909128,,,0.0
S00002,vRAN-DU,edge-B,edge,214,DONE,8.75686,8.76363,6.76730200007114,6.76730200007114,0.085,4.765,1.9173020000711407,,,0.0
S00006,IMS-CSCF,cloud-1,cloud,191,DONE,8.76242,8.76596,3.5385250000672386,55.53852500006724,0.138,2.493,0.9075250000672388,,,52.0
S00002,vRAN-DU,edge-B,edge,215,DONE,8.76609,8.77279,6.694186000004265,6.694186000004265,0.1,4.51,2.084186000004266,,,0.0
S00002,vRAN-DU,edge-B,edge,216,DONE,8.76966,8.7767,7.040446000019074,7.040446000019074,0.107,4.733,2.200446000019074,,,0.0
S00001,vRAN-DU,edge-A,edge,167,DONE,8.77415,8.77855,4.404229000101623,4.404229000101623,0.083,3.437,0.8842290001016226,,,0.0
S00005,IMS-CSCF,cloud-1,cloud,184,DONE,8.7781,8.78563,7.538766999914515,57.538766999914515,0.089,6.423,1.0267669999145141,,,50.0
S00001,vRAN-DU,edge-A,edge,168,DONE,8.77988,8.78658,6.70039400006317,6.70039400006317,0.073,5.376,1.2513940000631694,,,0.0
S00010,IoT-GW,core-1,core,203,DONE,8.78,8.78726,7.259049999902345,19.259049999902345,0.127,2.725,4.407049999902345,,,12.0
S00006,IMS-CSCF,cloud-1,cloud,192,DONE,8.78659,8.78923,2.6445890000559302,54.64458900005593,0.081,1.9,0.6635890000559304,,,52.0
S00009,IoT-GW,core-1,core,174,DONE,8.79157,8.79413,2.5566860001617897,12.55668600016179,0.086,1.496,0.9746860001617896,,,10.0
S00009,IoT-GW,core-1,core,175,DONE,8.79544,8.798,2.5593860000299173,12.559386000029917,0.091,1.588,0.8803860000299173,,,10.0
S00002,vRAN-DU,edge-B,edge,217,DONE,8.81354,8.81783,4.292195000061838,4.292195000061838,0.087,3.239,0.966195000061838,,,0.0
S00010,IoT-GW,core-1,core,204,DONE,8.81785,8.82315,5.303248000018357,17.303248000018357,0.1,4.26,0.9432480000183574,,,12.0
S00006,IMS-CSCF,cloud-1,cloud,193,DONE,8.81926,8.82212,2.868367000019134,54.868367000019134,0.241,1.683,0.9443670000191342,,,52.0
S00009,IoT-GW,core-1,core,176,DONE,8.82758,8.8302,2.6238440000270202,12.62384400002702,0.1,1.657,0.8668440000270201,,,10.0
S00010,IoT-GW,core-1,core,205,DONE,8.82904,8.83133,2.291230999844629,14.291230999844629,0.102,1.551,0.6382309998446289,,,12.0
S00004,UPF,core-1,core,196,DONE,8.84575,8.84995,4.192765000198051,16.19276500019805,0.113,3.204,0.8757650001980508,,,12.0
S00009,IoT-GW,core-1,core,177,DONE,8.84595,8.84917,3.2161139999971056,13.216113999997106,0.196,2.209,0.8111139999971053,,,10.0
S00002,vRAN-DU,edge-B,edge,218,DONE,8.84857,8.85293,4.356984999958513,4.356984999958513,0.084,3.394,0.8789849999585129,,,0.0
S00002,vRAN-DU,edge-B,edge,219,DONE,8.85142,8.85582,4.4010230001276796,4.4010230001276796,0.077,3.438,0.8860230001276794,,,0.0
S00004,UPF,core-1,core,197,DONE,8.85704,8.86099,3.955458000064027,15.955458000064027,0.083,3.202,0.670458000064027,,,12.0
S00009,IoT-GW,core-1,core,178,DONE,8.85852,8.86058,2.054950000001554,12.054950000001554,0.082,1.06,0.912950000001554,,,10.0
S00010,IoT-GW,core-1,core,206,DONE,8.85864,8.86186,3.2185219999973924,15.218521999997392,0.364,2.318,0.5365219999973925,,,12.0
S00005,IMS-CSCF,cloud-1,cloud,185,DONE,8.86835,8.87134,2.990384999975504,52.990384999975504,0.1,1.886,1.004384999975504,,,50.0
S00010,IoT-GW,core-1,core,207,DONE,8.87507,8.87808,3.005417999929705,15.005417999929705,0.102,1.444,1.4594179999297048,,,12.0
S00009,IoT-GW,core-1,core,179,DONE,8.8781,8.88042,2.317784000069878,12.317784000069878,0.075,1.545,0.6977840000698781,,,10.0
S00003,UPF,core-1,core,210,DONE,8.88171,8.88553,3.8165450000633427,13.816545000063343,0.062,3.13,0.624545000063343,,,10.0
S00003,UPF,core-1,core,211,DONE,8.8831,8.88949,6.3862800000151765,16.386280000015176,2.2,3.4,0.7862800000151768,,,10.0
S00003,UPF,core-1,core,212,DONE,8.89187,8.89605,4.176801000085106,14.176801000085106,0.183,3.035,0.9588010000851064,,,10.0
S00002,vRAN-DU,edge-B,edge,220,DONE,8.89214,8.89691,4.769340999928318,4.769340999928318,0.179,3.477,1.113340999928318,,,0.0
S00008,Transcoder,cloud-1,cloud,86,DONE,8.90533,8.92468,19.349356000020634,71.34935600002063,0.147,18.149,1.053356000020635,,,52.0
S00007,Transcoder,cloud-1,cloud,83,DONE,8.90557,8.91705,11.483727000040744,61.483727000040744,0.237,10.412,0.8347270000407434,,,50.0
S00006,IMS-CSCF,cloud-1,cloud,194,DONE,8.91268,8.92526,12.579869999854054,64.57986999985405,0.115,10.68,1.7848699998540543,,,52.0
S00010,IoT-GW,core-1,core,208,DONE,8.91294,8.91999,7.046816000183753,19.046816000183753,0.123,5.62,1.3038160001837529,,,12.0
S00002,vRAN-DU,edge-B,edge,221,DONE,8.91431,8.92332,9.018991999937498,9.018991999937498,0.11,5.743,3.1659919999374972,,,0.0
S00003,UPF,core-1,core,213,DONE,8.91855,8.93228,13.729618000070332,23.72961800007033,0.093,8.472,5.164618000070332,,,10.0
S00004,UPF,core-1,core,198,DONE,8.9187,8.92759,8.892992000028244,20.892992000028244,0.261,7.184,1.4479920000282434,,,12.0
S00005,IMS-CSCF,cloud-1,cloud,186,DONE,8.92,8.9345,14.500293999844871,64.50029399984487,0.079,7.839,6.582293999844871,,,50.0
S00003,UPF,core-1,core,214,DONE,8.92006,8.93453,14.469007999878158,24.46900799987816,7.932,5.549,0.9880079998781568,,,10.0
S00009,IoT-GW,core-1,core,180,DONE,8.92334,8.93452,11.17984699999397,21.17984699999397,0.083,9.996,1.1008469999939692,,,10.0
S00008,Transcoder,cloud-1,cloud,87,DONE,8.92761,8.9397,12.09852600004524,64.09852600004524,0.155,10.816,1.1275260000452398,,,52.0
S00005,IMS-CSCF,cloud-1,cloud,187,DONE,8.9323,8.93795,5.653051999843228,55.65305199984323,0.066,4.458,1.1290519998432282,,,50.0
S00010,IoT-GW,core-1,core,209,DONE,8.93252,8.93654,4.017032000092513,16.017032000092513,0.07,1.978,1.969032000092513,,,12.0
S00008,Transcoder,cloud-1,cloud,88,DONE,8.94718,8.95991,12.724448000199118,64.72444800019912,0.135,11.263,1.3264480001991181,,,52.0
S00005,IMS-CSCF,cloud-1,cloud,188,DONE,8.95184,8.9551,3.2653089999712392,53.26530899997124,0.085,1.832,1.3483089999712392,,,50.0
S00010,IoT-GW,core-1,core,210,DONE,8.95745,8.96065,3.197386000010738,15.197386000010738,0.116,1.988,1.0933860000107378,,,12.0
S00004,UPF,core-1,core,199,DONE,8.963,8.96824,5.239504999963174,17.239504999963174,0.106,3.088,2.045504999963174,,,12.0
S00006,IMS-CSCF,cloud-1,cloud,195,DONE,8.96551,8.96868,3.1756200000927493,55.17562000009275,0.106,2.261,0.8086200000927493,,,52.0
S00004,UPF,core-1,core,200,DONE,8.96834,8.97251,4.166316999999253,16.166316999999253,0.097,2.956,1.1133169999992534,,,12.0
S00010,IoT-GW,core-1,core,211,DONE,8.97691,8.98147,4.556977999982337,16.556977999982337,0.115,3.427,1.0149779999823365,,,12.0
S00008,Transcoder,cloud-1,cloud,89,DONE,8.97713,8.98857,11.44318599995131,63.44318599995131,0.109,10.48,0.8541859999513104,,,52.0
S00008,Transcoder,cloud-1,cloud,90,DONE,8.99228,9.00328,11.006403999999748,63.00640399999975,0.12,9.766,1.1204039999997484,,,52.0
S00005,IMS-CSCF,cloud-1,cloud,189,DONE,8.99824,9.00233,4.087188000085007,54.08718800008501,0.12,2.573,1.3941880000850069,,,50.0
S00010,IoT-GW,core-1,core,212,DONE,9.0034,9.00604,2.640390999886222,14.640390999886222,0.148,1.797,0.695390999886222,,,12.0
S00003,UPF,core-1,core,215,DONE,9.01034,9.01416,3.8191840001218225,13.819184000121822,0.201,2.446,1.1721840001218222,,,10.0
S00004,UPF,core-1,core,201,DONE,9.02461,9.02819,3.578364999839323,15.578364999839323,0.089,2.126,1.3633649998393231,,,12.0
S00006,IMS-CSCF,cloud-1,cloud,196,DONE,9.02507,9.02821,3.1415490000199497,55.14154900001995,0.366,1.872,0.9035490000199498,,,52.0
S00005,IMS-CSCF,cloud-1,cloud,190,DONE,9.03457,9.03753,2.960774000030142,52.96077400003014,0.119,1.661,1.1807740000301419,,,50.0
S00003,UPF,core-1,core,216,DONE,9.03662,9.04043,3.812130999904184,13.812130999904184,0.112,2.44,1.260130999904184,,,10.0
S00002,vRAN-DU,edge-B,edge,222,DONE,9.03997,9.04532,5.343311000160611,5.343311000160611,0.176,3.946,1.2213110001606111,,,0.0
S00001,vRAN-DU,edge-A,edge,169,DONE,9.04499,9.05118,6.18332800013377,6.18332800013377,0.1,4.534,1.5493280001337704,,,0.0
S00004,UPF,core-1,core,202,DONE,9.05489,9.06009,5.202458999974624,17.202458999974624,0.124,3.891,1.1874589999746243,,,12.0
S00008,Transcoder,cloud-1,cloud,91,DONE,9.05507,9.06856,13.484682000125758,65.48468200012576,0.082,9.679,3.7236820001257573,,,52.0
S00007,Transcoder,cloud-1,cloud,84,DONE,9.0601,9.06886,8.756513999969684,58.756513999969684,0.149,7.939,0.6685139999696847,,,50.0
S00003,UPF,core-1,core,217,DONE,9.0619,9.06857,6.665206999969087,16.665206999969087,0.089,2.927,3.6492069999690866,,,10.0
S00006,IMS-CSCF,cloud-1,cloud,197,DONE,9.06857,9.0705,1.9250459999966552,53.925045999996655,0.07,1.345,0.5100459999966551,,,52.0
S00005,IMS-CSCF,cloud-1,cloud,191,DONE,9.07017,9.0727,2.524234000020442,52.52423400002044,0.071,1.641,0.8122340000204422,,,50.0
S00001,vRAN-DU,edge-A,edge,170,DONE,9.07274,9.07933,6.583132000059777,6.583132000059777,0.102,5.879,0.6021320000597772,,,0.0
S00001,vRAN-DU,edge-A,edge,171,DONE,9.07287,9.0787,5.827199999885124,5.827199999885124,0.173,5.011,0.6431999998851241,,,0.0
S00003,UPF,core-1,core,218,DONE,9.07676,9.08067,3.91013200010093,13.91013200010093,0.101,3.175,0.6341320001009301,,,10.0
S00005,IMS-CSCF,cloud-1,cloud,192,DONE,9.1021,9.10599,3.8862930000505003,53.8862930000505,0.087,2.491,1.3082930000505,,,50.0
S00006,IMS-CSCF,cloud-1,cloud,198,DONE,9.10353,9.10606,2.537253999889799,54.5372539998898,0.099,1.569,0.8692539998897992,,,52.0
S00004,UPF,core-1,core,203,DONE,9.11934,9.12277,3.4348869999121234,15.434886999912123,0.094,2.332,1.0088869999121237,,,12.0
S00007,Transcoder,cloud-1,cloud,85,DONE,9.12279,9.13261,9.816842000191173,59.81684200019117,0.083,9.086,0.6478420001911722,,,50.0
S00005,IMS-CSCF,cloud-1,cloud,193,DONE,9.12417,9.13122,7.051755000020421,57.05175500002042,0.104,6.141,0.8067550000204209,,,50.0
S00007,Transcoder,cloud-1,cloud,86,DONE,9.12428,9.14064,16.363411000156702,66.3634110001567,0.324,15.201,0.838411000156702,,,50.0
S00005,IMS-CSCF,cloud-1,cloud,194,DONE,9.13003,9.1342,4.169694999973217,54.16969499997322,0.067,2.556,1.5466949999732167,,,50.0
S00002,vRAN-DU,edge-B,edge,223,DONE,9.13019,9.14066,10.462327000141158,10.462327000141158,0.138,8.318,2.006327000141159,,,0.0
S00009,IoT-GW,core-1,core,181,DONE,9.1482,9.15053,2.3301749999973254,12.330174999997325,0.173,1.257,0.9001749999973254,,,10.0
S00003,UPF,core-1,core,219,DONE,9.14975,9.15945,9.701743000050556,19.701743000050556,0.071,6.28,3.3507430000505556,,,10.0
S00001,vRAN-DU,edge-A,edge,172,DONE,9.15179,9.16017,8.380972999930236,8.380972999930236,0.08,7.717,0.5839729999302365,,,0.0
S00002,vRAN-DU,edge-B,edge,224,DONE,9.15255,9.15589,3.3373839999057964,3.3373839999057964,0.085,2.622,0.6303839999057965,,,0.0
S00003,UPF,core-1,core,220,DONE,9.16242,9.16577,3.350468999997247,13.350468999997247,0.105,2.404,0.8414689999972471,,,10.0
S00005,IMS-CSCF,cloud-1,cloud,195,DONE,9.16919,9.17195,2.7650160000121105,52.76501600001211,0.088,1.844,0.8330160000121103,,,50.0
S00003,UPF,core-1,core,221,DONE,9.17056,9.17375,3.194129999883444,13.194129999883444,0.108,2.269,0.8171299998834436,,,10.0
S00005,IMS-CSCF,cloud-1,cloud,196,DONE,9.1782,9.18122,3.0121170000256825,53.01211700002568,0.084,1.851,1.0771170000256824,,,50.0
S00005,IMS-CSCF,cloud-1,cloud,197,DONE,9.18123,9.18379,2.556433999870933,52.55643399987093,0.064,1.665,0.8274339998709328,,,50.0
S00005,IMS-CSCF,cloud-1,cloud,198,DONE,9.18608,9.19004,3.9608069998848805,53.96080699988488,0.077,3.006,0.8778069998848808,,,50.0
S00001,vRAN-DU,edge-A,edge,173,DONE,9.18623,9.19296,6.733835999966686,6.733835999966686,0.175,5.505,1.0538359999666866,,,0.0
S00010,IoT-GW,core-1,core,213,DONE,9.18754,9.19211,4.573753999920882,16.573753999920882,0.109,2.272,2.1927539999208823,,,12.0
S00006,IMS-CSCF,cloud-1,cloud,199,DONE,9.19006,9.19295,2.890618000037648,54.89061800003765,0.079,2.169,0.6426180000376478,,,52.0
S00002,vRAN-DU,edge-B,edge,225,DONE,9.19304,9.19792,4.88086099994689,4.88086099994689,0.084,4.092,0.7048609999468907,,,0.0
S00004,UPF,core-1,core,204,DONE,9.19436,9.19885,4.487354000048072,16.48735400004807,0.094,3.858,0.5353540000480717,,,12.0
S00001,vRAN-DU,edge-A,edge,174,DONE,9.19715,9.20157,4.42347999978665,4.42347999978665,0.102,3.664,0.6574799997866503,,,0.0
S00009,IoT-GW,core-1,core,182,DONE,9.20383,9.20627,2.4360170000363723,12.436017000036372,0.076,1.774,0.5860170000363722,,,10.0
S00009,IoT-GW,core-1,core,183,DONE,9.20521,9.20789,2.6813250001396227,12.681325000139623,0.894,1.148,0.6393250001396229,,,10.0
S00002,vRAN-DU,edge-B,edge,226,DONE,9.21654,9.22263,6.090950000043449,6.090950000043449,0.088,5.021,0.9819500000434491,,,0.0
S00006,IMS-CSCF,cloud-1,cloud,200,DONE,9.21683,9.21924,2.4151929999334243,54.415192999933424,0.117,1.541,0.7571929999334244,,,52.0
S00007,Transcoder,cloud-1,cloud,87,DONE,9.22499,9.23449,9.499263999941832,59.49926399994183,0.117,8.172,1.21026399994183,,,50.0
S00004,UPF,core-1,core,205,DONE,9.23159,9.23697,5.376340999873719,17.37634099987372,0.113,3.979,1.2843409998737183,,,12.0
S00009,IoT-GW,core-1,core,184,DONE,9.23451,9.23886,4.35310800003208,14.35310800003208,0.115,1.534,2.70410800003208,,,10.0
S00005,IMS-CSCF,cloud-1,cloud,199,DONE,9.2346,9.23908,4.482698999936474,54.482698999936474,0.108,3.073,1.301698999936474,,,50.0
S00006,IMS-CSCF,cloud-1,cloud,201,DONE,9.24245,9.24554,3.084671999886268,55.08467199988627,0.099,2.248,0.7376719998862677,,,52.0
S00005,IMS-CSCF,cloud-1,cloud,200,DONE,9.25602,9.25994,3.9244950000920653,53.924495000092065,0.161,2.655,1.1084950000920655,,,50.0
S00006,IMS-CSCF,cloud-1,cloud,202,DONE,9.26122,9.26344,2.2203010000794166,54.22030100007942,0.073,1.395,0.7523010000794166,,,52.0
S00005,IMS-CSCF,cloud-1,cloud,201,DONE,9.26345,9.26593,2.4740819999351515,52.47408199993515,0.089,1.591,0.7940819999351516,,,50.0
S00002,vRAN-DU,edge-B,edge,227,DONE,9.27039,9.27979,9.396113000093465,9.396113000093465,0.09,6.965,2.341113000093465,,,0.0
S00010,IoT-GW,core-1,core,214,DONE,9.28316,9.28623,3.064807999862751,15.06480799986275,0.172,1.803,1.089807999862751,,,12.0
S00006,IMS-CSCF,cloud-1,cloud,203,DONE,9.28624,9.29019,3.9479690001371637,55.947969000137164,0.21,2.819,0.9189690001371638,,,52.0
S00005,IMS-CSCF,cloud-1,cloud,202,DONE,9.28636,9.2898,3.439618999891536,53.439618999891536,0.305,2.207,0.9276189998915361,,,50.0
S00003,UPF,core-1,core,222,DONE,9.28906,9.29343,4.375511000034749,14.375511000034749,0.113,3.591,0.6715110000347484,,,10.0
S00007,Transcoder,cloud-1,cloud,88,DONE,9.29988,9.31255,12.672509000140053,62.67250900014005,0.125,11.413,1.1345090001400528,,,50.0
S00006,IMS-CSCF,cloud-1,cloud,204,DONE,9.30236,9.30896,6.603419999919424,58.603419999919424,0.106,2.717,3.7804199999194243,,,52.0
S00007,Transcoder,cloud-1,cloud,89,DONE,9.30384,9.3218,17.960079999966183,67.96007999996618,0.095,16.036,1.8290799999661829,,,50.0
S00006,IMS-CSCF,cloud-1,cloud,205,DONE,9.30898,9.31547,6.484207999847058,58.48420799984706,0.118,3.193,3.173207999847058,,,52.0
S00001,vRAN-DU,edge-A,edge,175,DONE,9.30914,9.32196,12.81378500016217,12.81378500016217,0.105,11.508,1.2007850001621705,,,0.0
S00008,Transcoder,cloud-1,cloud,92,DONE,9.30923,9.32803,18.800991000034628,70.80099100003463,0.168,17.902,0.7309910000346278,,,52.0
S00003,UPF,core-1,core,223,DONE,9.31989,9.32703,7.135900999855949,17.13590099985595,0.197,5.492,1.4469009998559486,,,10.0
S00010,IoT-GW,core-1,core,215,DONE,9.32482,9.32743,2.608189000056882,14.608189000056882,0.109,1.508,0.9911890000568819,,,12.0
S00005,IMS-CSCF,cloud-1,cloud,203,DONE,9.32704,9.332,4.961049999792522,54.96104999979252,0.081,2.536,2.3440499997925217,,,50.0
S00009,IoT-GW,core-1,core,185,DONE,9.32716,9.3328,5.64134399996874,15.64134399996874,0.071,4.989,0.5813439999687402,,,10.0
S00002,vRAN-DU,edge-B,edge,228,DONE,9.32723,9.33791,10.681952999902933,10.681952999902933,0.075,6.66,3.9469529999029325,,,0.0
S00006,IMS-CSCF,cloud-1,cloud,206,DONE,9.33202,9.33478,2.7650659999380878,54.76506599993809,0.173,1.966,0.626065999938088,,,52.0
S00001,vRAN-DU,edge-A,edge,176,DONE,9.33926,9.34398,4.717220999964411,4.717220999964411,0.165,3.078,1.4742209999644111,,,0.0
S00009,IoT-GW,core-1,core,186,DONE,9.34257,9.34535,2.7812140001515218,12.781214000151522,0.113,1.924,0.7442140001515218,,,10.0
S00010,IoT-GW,core-1,core,216,DONE,9.35085,9.3536,2.744883000104892,14.744883000104892,0.124,1.566,1.0548830001048919,,,12.0
S00010,IoT-GW,core-1,core,217,DONE,9.36604,9.36903,2.9886180000175955,14.988618000017595,0.173,1.773,1.0426180000175955,,,12.0
S00009,IoT-GW,core-1,core,187,DONE,9.37449,9.37741,2.9194730000199343,12.919473000019934,0.12,1.761,1.0384730000199345,,,10.0
S00004,UPF,core-1,core,206,DONE,9.37891,9.38349,4.584025000212932,16.584025000212932,0.109,3.235,1.2400250002129325,,,12.0
S00006,IMS-CSCF,cloud-1,cloud,207,DONE,9.39902,9.40248,3.4535129998403136,55.453512999840314,0.097,2.384,0.9725129998403137,,,52.0
S00008,Transcoder,cloud-1,cloud,93,DONE,9.41109,9.42213,11.041427999998632,63.04142799999863,0.167,9.88,0.9944279999986314,,,52.0
S00009,IoT-GW,core-1,core,188,DONE,9.41128,9.41322,1.9318839999868942,11.931883999986894,0.086,1.1,0.745883999986894,,,10.0
S00010,IoT-GW,core-1,core,218,DONE,9.42159,9.42448,2.8942490000645194,14.89424900006452,0.112,1.528,1.2542490000645192,,,12.0
S00005,IMS-CSCF,cloud-1,cloud,204,DONE,9.43298,9.43765,4.665226000042821,54.66522600004282,0.233,3.305,1.1272260000428211,,,50.0
S00001,vRAN-DU,edge-A,edge,177,DONE,9.4333,9.43906,5.7614309998825775,5.7614309998825775,0.084,4.305,1.372430999882578,,,0.0
S00009,IoT-GW,core-1,core,189,DONE,9.44078,9.44429,3.5151939998741,13.5151939998741,0.113,1.488,1.9141939998741,,,10.0
S00002,vRAN-DU,edge-B,edge,229,DONE,9.44673,9.45164,4.917539999951259,4.917539999951259,0.127,3.672,1.1185399999512589,,,0.0
S00009,IoT-GW,core-1,core,190,DONE,9.45133,9.45331,1.9815589998870564,11.981558999887056,0.133,1.158,0.6905589998870565,,,10.0
S00010,IoT-GW,core-1,core,219,DONE,9.45332,9.45504,1.7125230001511227,13.712523000151123,0.085,1.086,0.5415230001511226,,,12.0
S00008,Transcoder,cloud-1,cloud,94,DONE,9.4659,9.476,10.099080000145477,62.09908000014548,0.098,8.289,1.7120800001454768,,,52.0
S00002,vRAN-DU,edge-B,edge,230,DONE,9.46665,9.47601,9.361147999925379,9.361147999925379,0.097,8.199,1.0651479999253795,,,0.0
S00009,IoT-GW,core-1,core,191,DONE,9.4731,9.47497,1.8768919999274658,11.876891999927466,0.081,0.947,0.8488919999274658,,,10.0
S00001,vRAN-DU,edge-A,edge,178,DONE,9.48494,9.48922,4.270130999884714,4.270130999884714,0.104,3.257,0.9091309998847135,,,0.0
S00006,IMS-CSCF,cloud-1,cloud,208,DONE,9.49281,9.49549,2.679631000091831,54.67963100009183,0.085,1.956,0.6386310000918312,,,52.0
S00004,UPF,core-1,core,207,DONE,9.49421,9.49732,3.1077109999841923,15.107710999984192,0.08,2.448,0.5797109999841923,,,12.0
S00004,UPF,core-1,core,208,DONE,9.49695,9.49997,3.0210449999685807,15.02104499996858,0.071,2.193,0.7570449999685804,,,12.0
S00003,UPF,core-1,core,224,DONE,9.5143,9.51773,3.4287700000277255,13.428770000027725,0.088,2.431,0.9097700000277253,,,10.0
S00010,IoT-GW,core-1,core,220,DONE,9.52204,9.52415,2.111062000039965,14.111062000039965,0.08,1.325,0.7060620000399649,,,12.0
S00005,IMS-CSCF,cloud-1,cloud,205,DONE,9.52537,9.52786,2.489567999873543,52.48956799987354,0.105,1.594,0.7905679998735431,,,50.0
S00004,UPF,core-1,core,209,DONE,9.53428,9.53926,4.9761299999318,16.9761299999318,0.137,3.638,1.2011299999318,,,12.0
S00007,Transcoder,cloud-1,cloud,90,DONE,9.53685,9.54767,10.82600600011574,60.82600600011574,0.118,9.668,1.0400060001157403,,,50.0
S00005,IMS-CSCF,cloud-1,cloud,206,DONE,9.53822,9.54313,4.908459000034782,54.90845900003478,0.066,3.919,0.9234590000347818,,,50.0
S00009,IoT-GW,core-1,core,192,DONE,9.54314,9.54904,5.901574000063192,15.901574000063192,0.102,4.929,0.8705740000631916,,,10.0
S00004,UPF,core-1,core,210,DONE,9.54554,9.54948,3.9382710001518717,15.938271000151872,0.098,3.261,0.5792710001518717,,,12.0
S00008,Transcoder,cloud-1,cloud,95,DONE,9.54773,9.55632,8.582354000054693,60.58235400005469,0.079,7.805,0.6983540000546933,,,52.0
S00008,Transcoder,cloud-1,cloud,96,DONE,9.55767,9.57284,15.167345000008936,67.16734500000894,0.107,13.432,1.6283450000089363,,,52.0
S00010,IoT-GW,core-1,core,221,DONE,9.56624,9.57211,5.869386999847848,17.869386999847848,0.255,2.549,3.065386999847848,,,12.0
S00009,IoT-GW,core-1,core,193,DONE,9.56645,9.57164,5.188912999983586,15.188912999983586,0.107,2.145,2.9369129999835857,,,10.0
S00007,Transcoder,cloud-1,cloud,91,DONE,9.57166,9.58074,9.087685999929818,59.08768599992982,0.047,8.077,0.9636859999298171,,,50.0
S00010,IoT-GW,core-1,core,222,DONE,9.57212,9.57729,5.169546000161063,17.169546000161063,0.103,4.134,0.9325460001610626,,,12.0
S00010,IoT-GW,core-1,core,223,DONE,9.57508,9.57893,3.8521260000834445,15.852126000083445,1.596,1.621,0.6351260000834444,,,12.0
S00006,IMS-CSCF,cloud-1,cloud,209,DONE,9.58303,9.58651,3.4893290001036803,55.48932900010368,0.111,2.407,0.9713290001036801,,,52.0
S00001,vRAN-DU,edge-A,edge,179,DONE,9.58988,9.59652,6.640814999855138,6.640814999855138,0.112,5.362,1.1668149998551378,,,0.0
S00004,UPF,core-1,core,211,DONE,9.59993,9.60525,5.321355999967636,17.321355999967636,0.114,4.001,1.206355999967636,,,12.0
S00006,IMS-CSCF,cloud-1,cloud,210,DONE,9.60535,9.61136,6.008113999996567,58.00811399999657,0.293,2.701,3.014113999996567,,,52.0
S00005,IMS-CSCF,cloud-1,cloud,207,DONE,9.60817,9.61317,4.997302999981912,54.99730299998191,0.073,3.93,0.9943029999819117,,,50.0
S00009,IoT-GW,core-1,core,194,DONE,9.61137,9.61442,3.049370999860912,13.049370999860912,0.101,1.993,0.9553709998609117,,,10.0
S00010,IoT-GW,core-1,core,224,DONE,9.61318,9.61629,3.1039850000524893,15.10398500005249,0.43,1.936,0.7379850000524892,,,12.0
S00008,Transcoder,cloud-1,cloud,97,DONE,9.61761,9.6323,14.685365000104866,66.68536500010487,0.098,13.059,1.5283650001048663,,,52.0
S00004,UPF,core-1,core,212,DONE,9.62421,9.63232,8.112208999818904,20.112208999818904,0.121,6.825,1.1662089998189042,,,12.0
S00006,IMS-CSCF,cloud-1,cloud,211,DONE,9.62735,9.63321,5.8651100000588485,57.86511000005885,0.13,4.778,0.957110000058849,,,52.0
S00008,Transcoder,cloud-1,cloud,98,DONE,9.62753,9.63965,12.119631000132358,64.11963100013236,0.183,11.142,0.7946310001323589,,,52.0
S00010,IoT-GW,core-1,core,225,DONE,9.63555,9.63793,2.3745250000501983,14.374525000050198,0.1,1.513,0.7615250000501983,,,12.0
S00006,IMS-CSCF,cloud-1,cloud,212,DONE,9.6541,9.65714,3.0405109998810076,55.04051099988101,0.089,1.942,1.0095109998810075,,,52.0
S00006,IMS-CSCF,cloud-1,cloud,213,DONE,9.65591,9.6585,2.594323000039367,54.59432300003937,0.441,1.572,0.581323000039367,,,52.0
S00004,UPF,core-1,core,213,DONE,9.65715,9.66148,4.329423999934079,16.32942399993408,0.102,3.542,0.6854239999340792,,,12.0
S00001,vRAN-DU,edge-A,edge,180,DONE,9.66272,9.66677,4.0495450000435085,4.0495450000435085,0.106,3.086,0.8575450000435088,,,0.0
S00003,UPF,core-1,core,225,DONE,9.66602,9.67111,5.092784999987998,15.092784999987998,0.097,4.318,0.6777849999879981,,,10.0
S00005,IMS-CSCF,cloud-1,cloud,208,DONE,9.68143,9.6848,3.3734539999841218,53.37345399998412,0.141,2.006,1.226453999984122,,,50.0
S00008,Transcoder,cloud-1,cloud,99,DONE,9.68164,9.69227,10.633763999976509,62.63376399997651,0.234,9.563,0.8367639999765082,,,52.0
S00009,IoT-GW,core-1,core,195,DONE,9.68492,9.69105,6.128023999963261,16.12802399996326,0.152,1.714,4.262023999963262,,,10.0
S00004,UPF,core-1,core,214,DONE,9.69461,9.69944,4.831584999919869,16.83158499991987,0.081,3.848,0.9025849999198692,,,12.0
S00004,UPF,core-1,core,215,DONE,9.70075,9.7049,4.156284000146115,16.156284000146115,0.102,3.051,1.0032840001461154,,,12.0
S00003,UPF,core-1,core,226,DONE,9.71227,9.71785,5.580104000046049,15.580104000046049,0.126,4.378,1.0761040000460484,,,10.0
S00001,vRAN-DU,edge-A,edge,181,DONE,9.7125,9.7169,4.398668000021644,4.398668000021644,0.082,2.967,1.3496680000216439,,,0.0
S00010,IoT-GW,core-1,core,226,DONE,9.71915,9.7216,2.447450000090612,14.447450000090612,0.075,1.641,0.7314500000906119,,,12.0
S00004,UPF,core-1,core,216,DONE,9.7259,9.72982,3.921042000001762,15.921042000001762,0.132,2.813,0.9760420000017618,,,12.0
S00003,UPF,core-1,core,227,DONE,9.72848,9.7321,3.6175480001929827,13.617548000192983,0.084,2.721,0.8125480001929826,,,10.0
S00006,IMS-CSCF,cloud-1,cloud,214,DONE,9.73122,9.73442,3.1972690001111914,55.19726900011119,0.137,2.169,0.8912690001111914,,,52.0
S00003,UPF,core-1,core,228,DONE,9.73443,9.73806,3.6255750001146225,13.625575000114623,0.085,2.687,0.8535750001146227,,,10.0
S00004,UPF,core-1,core,217,DONE,9.7369,9.74255,5.649081000001388,17.649081000001388,0.08,3.309,2.260081000001388,,,12.0
S00009,IoT-GW,core-1,core,196,DONE,9.73807,9.74132,3.2445179999740503,13.24451799997405,0.09,2.132,1.0225179999740504,,,10.0
S00002,vRAN-DU,edge-B,edge,231,DONE,9.74133,9.7449,3.571040999986508,3.571040999986508,0.142,2.819,0.610040999986508,,,0.0
S00006,IMS-CSCF,cloud-1,cloud,215,DONE,9.74147,9.74621,4.738782999993418,56.73878299999342,0.086,3.535,1.1177829999934183,,,52.0
S00010,IoT-GW,core-1,core,227,DONE,9.75666,9.76155,4.890079999995578,16.890079999995578,0.124,3.909,0.8570799999955785,,,12.0
S00005,IMS-CSCF,cloud-1,cloud,209,DONE,9.75689,9.7619,5.0050439999722585,55.00504399997226,0.083,4.035,0.8870439999722581,,,50.0
S00007,Transcoder,cloud-1,cloud,92,DONE,9.76031,9.77519,14.880931000107012,64.88093100010701,0.089,13.635,1.1569310001070114,,,50.0
S00003,UPF,core-1,core,229,DONE,9.76395,9.76894,4.988713000102507,14.988713000102507,0.116,4.029,0.8437130001025075,,,10.0
S00006,IMS-CSCF,cloud-1,cloud,216,DONE,9.76771,9.77051,2.8026889999637206,54.80268899996372,0.093,2.031,0.6786889999637205,,,52.0
S00001,vRAN-DU,edge-A,edge,182,DONE,9.77654,9.78165,5.111897000006138,5.111897000006138,0.11,3.858,1.1438970000061381,,,0.0
S00002,vRAN-DU,edge-B,edge,232,DONE,9.78173,9.7886,6.866333000061786,6.866333000061786,0.109,5.729,1.028333000061786,,,0.0
S00006,IMS-CSCF,cloud-1,cloud,217,DONE,9.79193,9.79525,3.3217640000202664,55.321764000020266,0.103,2.174,1.0447640000202663,,,52.0
S00003,UPF,core-1,core,230,DONE,9.7976,9.80252,4.917209000041112,14.917209000041112,0.1,3.471,1.3462090000411115,,,10.0
S00002,vRAN-DU,edge-B,edge,233,DONE,9.7991,9.80603,6.927882999889334,6.927882999889334,0.104,5.842,0.9818829998893346,,,0.0
S00006,IMS-CSCF,cloud-1,cloud,218,DONE,9.80846,9.81123,2.776170000061029,54.77617000006103,0.111,1.731,0.9341700000610289,,,52.0
S00004,UPF,core-1,core,218,DONE,9.81134,9.81678,5.442488000198864,17.442488000198864,0.113,4.072,1.2574880001988635,,,12.0
S00003,UPF,core-1,core,231,DONE,9.81382,9.81899,5.16545400000723,15.16545400000723,0.088,4.17,0.9074540000072302,,,10.0
S00001,vRAN-DU,edge-A,edge,183,DONE,9.81402,9.8208,6.775204999939888,6.775204999939888,0.333,5.395,1.047204999939888,,,0.0
S00005,IMS-CSCF,cloud-1,cloud,210,DONE,9.81407,9.82137,7.292806999885215,57.292806999885215,0.085,5.109,2.0988069998852152,,,50.0
S00005,IMS-CSCF,cloud-1,cloud,211,DONE,9.81581,9.8252,9.394051000072068,59.39405100007207,4.615,3.767,1.0120510000720682,,,50.0
S00007,Transcoder,cloud-1,cloud,93,DONE,9.82022,9.83297,12.753676999864183,62.75367699986418,0.133,11.352,1.2686769998641836,,,50.0
S00010,IoT-GW,core-1,core,228,DONE,9.82258,9.82547,2.8841280000051484,14.884128000005148,0.079,2.309,0.496128000005148,,,12.0
S00009,IoT-GW,core-1,core,197,DONE,9.82321,9.8257,2.482960999941497,12.482960999941497,0.065,1.181,1.236960999941497,,,10.0
S00005,IMS-CSCF,cloud-1,cloud,212,DONE,9.84938,9.85229,2.9074779999973543,52.907477999997354,0.111,1.81,0.9864779999973543,,,50.0
S00004,UPF,core-1,core,219,DONE,9.85247,9.85679,4.316249999874344,16.316249999874344,0.083,3.305,0.9282499998743439,,,12.0
S00001,vRAN-DU,edge-A,edge,184,DONE,9.86425,9.8738,9.546234000026743,9.546234000026743,0.088,8.438,1.0202340000267434,,,0.0
S00007,Transcoder,cloud-1,cloud,94,DONE,9.86584,9.87821,12.371889999940322,62.37188999994032,0.081,11.552,0.7388899999403229,,,50.0
S00005,IMS-CSCF,cloud-1,cloud,213,DONE,9.87837,9.88072,2.3492359998726897,52.34923599987269,0.104,1.432,0.8132359998726897,,,50.0
S00008,Transcoder,cloud-1,cloud,100,DONE,9.87974,9.88793,8.194142999855103,60.1941429998551,0.366,7.151,0.6771429998551035,,,52.0
S00001,vRAN-DU,edge-A,edge,185,DONE,9.88331,9.88763,4.318460999911622,4.318460999911622,0.094,3.281,0.9434609999116219,,,0.0
S00010,IoT-GW,core-1,core,229,DONE,9.9023,9.90533,3.0364460001237603,15.03644600012376,0.129,1.675,1.2324460001237603,,,12.0
S00002,vRAN-DU,edge-B,edge,234,DONE,9.90535,9.91046,5.105493999963073,5.105493999963073,0.094,4.131,0.8804939999630728,,,0.0
S00008,Transcoder,cloud-1,cloud,101,DONE,9.90553,9.92142,15.890979000005245,67.89097900000525,0.126,14.955,0.8099790000052458,,,52.0
S00010,IoT-GW,core-1,core,230,DONE,9.90878,9.91191,3.121608999890668,15.121608999890668,0.155,1.784,1.1826089998906681,,,12.0
S00006,IMS-CSCF,cloud-1,cloud,219,DONE,9.91258,9.92023,7.655156000055285,59.655156000055285,0.106,2.18,5.369156000055286,,,52.0
S00002,vRAN-DU,edge-B,edge,235,DONE,9.91395,9.92027,6.3113379999322206,6.3113379999322206,0.1,2.99,3.2213379999322203,,,0.0
S00008,Transcoder,cloud-1,cloud,102,DONE,9.92028,9.9299,9.621273999982805,61.621273999982805,0.085,8.031,1.505273999982803,,,52.0
S00005,IMS-CSCF,cloud-1,cloud,214,DONE,9.92692,9.93063,3.710359000024255,53.710359000024255,0.147,2.559,1.0043590000242548,,,50.0
S00006,IMS-CSCF,cloud-1,cloud,220,DONE,9.92714,9.93314,6.003222999879654,58.003222999879654,0.719,4.617,0.6672229998796535,,,52.0
S00005,IMS-CSCF,cloud-1,cloud,215,DONE,9.92859,9.93503,6.437926999979027,56.43792699997903,1.504,4.162,0.7719269999790264,,,50.0
S00002,vRAN-DU,edge-B,edge,236,DONE,9.92908,9.93675,7.668580999961705,7.668580999961705,0.102,5.151,2.415580999961705,,,0.0
S00008,Transcoder,cloud-1,cloud,103,DONE,9.95225,9.96172,9.467778999805887,61.46777899980589,0.102,7.842,1.523778999805887,,,52.0
S00009,IoT-GW,core-1,core,198,DONE,9.95258,9.95558,3.0055670001729595,13.00556700017296,0.113,1.944,0.9485670001729596,,,10.0
S00004,UPF,core-1,core,220,DONE,9.9556,9.95983,4.228497999974934,16.228497999974934,0.066,3.305,0.8574979999749339,,,12.0
S00004,UPF,core-1,core,221,DONE,9.96109,9.96517,4.077260000030947,16.077260000030947,0.073,3.226,0.7782600000309468,,,12.0
S00009,IoT-GW,core-1,core,199,DONE,9.96518,9.96727,2.091528999926595,12.091528999926595,0.061,1.284,0.7465289999265952,,,10.0
S00007,Transcoder,cloud-1,cloud,95,DONE,9.97063,9.97839,7.7571110000462795,57.75711100004628,0.105,6.66,0.992111000046279,,,50.0
S00010,IoT-GW,core-1,core,231,DONE,10.00895,10.01335,4.407197000091401,16.4071970000914,0.257,3.087,1.0631970000914004,,,12.0
S00004,UPF,core-1,core,222,DONE,10.00915,10.0147,5.557805000080407,17.557805000080407,0.089,4.277,1.1918050000804064,,,12.0
S00009,IoT-GW,core-1,core,200,DONE,10.01257,10.01493,2.3590549999426003,12.3590549999426,0.094,1.334,0.9310549999426001,,,10.0
S00001,vRAN-DU,edge-A,edge,186,DONE,10.01931,10.02527,5.958841999927245,5.958841999927245,0.086,4.869,1.0038419999272445,,,0.0
S00007,Transcoder,cloud-1,cloud,96,DONE,10.0268,10.03682,10.019938000141337,60.01993800014134,0.106,7.119,2.7949380001413378,,,50.0
S00004,UPF,core-1,core,223,DONE,10.03249,10.03859,6.106125000087559,18.10612500008756,0.174,5.133,0.7991250000875585,,,12.0
S00003,UPF,core-1,core,232,DONE,10.03396,10.04555,11.598011999922164,21.598011999922164,0.095,8.262,3.241011999922163,,,10.0
S00010,IoT-GW,core-1,core,232,DONE,10.03684,10.04105,4.212621000078798,16.212621000078798,0.096,3.397,0.7196210000787979,,,12.0
S00008,Transcoder,cloud-1,cloud,104,DONE,10.03872,10.04858,9.858796999878905,61.858796999878905,0.094,7.399,2.3657969998789046,,,52.0
S00006,IMS-CSCF,cloud-1,cloud,221,DONE,10.04002,10.04614,6.117728999925021,58.11772899992502,0.083,5.421,0.6137289999250202,,,52.0
S00004,UPF,core-1,core,224,DONE,10.04615,10.0505,4.348938000021008,16.348938000021008,0.086,3.706,0.5569380000210078,,,12.0
S00001,vRAN-DU,edge-A,edge,187,DONE,10.04874,10.05259,3.855331000067963,3.855331000067963,0.081,3.058,0.7163310000679632,,,0.0
S00002,vRAN-DU,edge-B,edge,237,DONE,10.05692,10.06275,5.839750999939497,5.839750999939497,0.086,4.69,1.0637509999394963,,,0.0
S00010,IoT-GW,core-1,core,233,DONE,10.06248,10.06478,2.2958189999826573,14.295818999982657,0.107,1.308,0.8808189999826572,,,12.0
S00008,Transcoder,cloud-1,cloud,105,DONE,10.06606,10.07325,7.191248000026462,59.19124800002646,0.084,6.177,0.930248000026463,,,52.0
S00010,IoT-GW,core-1,core,234,DONE,10.06623,10.07125,5.021662999979526,17.021662999979526,0.068,3.917,1.036662999979526,,,12.0
S00004,UPF,core-1,core,225,DONE,10.07327,10.07746,4.193903999976101,16.1939039999761,0.074,3.448,0.671903999976101,,,12.0
S00004,UPF,core-1,core,226,DONE,10.08178,10.08732,5.53860199988776,17.53860199988776,0.254,3.682,1.60260199988776,,,12.0
S00003,UPF,core-1,core,233,DONE,10.08197,10.08659,4.621690999783823,14.621690999783823,0.106,3.775,0.7406909997838231,,,10.0
S00005,IMS-CSCF,cloud-1,cloud,216,DONE,10.08526,10.08812,2.860461999944164,52.860461999944164,0.117,2.139,0.604461999944164,,,50.0
S00001,vRAN-DU,edge-A,edge,188,DONE,10.0866,10.09262,6.01742000003469,6.01742000003469,0.076,5.097,0.84442000003469,,,0.0
S00009,IoT-GW,core-1,core,201,DONE,10.08813,10.09579,7.65995199981262,17.65995199981262,0.106,6.666,0.8879519998126195,,,10.0
S00006,IMS-CSCF,cloud-1,cloud,222,DONE,10.08819,10.09393,5.7417509999595495,57.74175099995955,0.05,5.091,0.6007509999595495,,,52.0
S00005,IMS-CSCF,cloud-1,cloud,217,DONE,10.09263,10.09583,3.2027679999373504,53.20276799993735,0.066,2.471,0.6657679999373505,,,50.0
S00005,IMS-CSCF,cloud-1,cloud,218,DONE,10.10113,10.10379,2.655417999903875,52.655417999903875,0.156,1.576,0.9234179999038752,,,50.0
S00010,IoT-GW,core-1,core,235,DONE,10.11824,10.14397,25.73216800010414,37.73216800010414,0.09,1.609,24.033168000104137,,,12.0
S00004,UPF,core-1,core,227,DONE,10.14398,10.15068,6.69904200003657,18.69904200003657,0.277,5.352,1.0700420000365698,,,12.0
S00002,vRAN-DU,edge-B,edge,238,DONE,10.14416,10.15072,6.556305999993128,6.556305999993128,0.101,4.681,1.7743059999931283,,,0.0
S00003,UPF,core-1,core,234,DONE,10.14426,10.15462,10.360601999991559,20.36060199999156,0.134,6.499,3.727601999991559,,,10.0
S00010,IoT-GW,core-1,core,236,DONE,10.14434,10.1507,6.36431599991738,18.36431599991738,0.172,5.072,1.1203159999173806,,,12.0
S00004,UPF,core-1,core,228,DONE,10.155,10.15984,4.838045000042257,16.838045000042257,0.076,3.982,0.7800450000422572,,,12.0
S00007,Transcoder,cloud-1,cloud,97,DONE,10.15517,10.17687,21.697220999840283,71.69722099984028,1.374,16.453,3.870220999840285,,,50.0
S00010,IoT-GW,core-1,core,237,DONE,10.15851,10.16098,2.466502000061155,14.466502000061155,0.096,1.572,0.7985020000611547,,,12.0
S00007,Transcoder,cloud-1,cloud,98,DONE,10.16099,10.1869,25.90887099995598,75.90887099995598,0.083,25.042,0.7838709999559796,,,50.0
S00010,IoT-GW,core-1,core,238,DONE,10.16117,10.16385,2.676598999869384,14.676598999869384,0.06,1.749,0.8675989998693838,,,12.0
S00009,IoT-GW,core-1,core,202,DONE,10.1628,10.16558,2.7830509998238995,12.7830509998239,0.067,1.75,0.9660509998238995,,,10.0
S00008,Transcoder,cloud-1,cloud,106,DONE,10.16291,10.18738,24.463481999873693,76.4634819998737,0.137,22.145,2.181481999873693,,,52.0
S00004,UPF,core-1,core,229,DONE,10.17347,10.17937,5.900590999999622,17.900590999999622,0.105,5.074,0.7215909999996217,,,12.0
S00003,UPF,core-1,core,235,DONE,10.17689,10.18084,3.950667000026442,13.950667000026442,0.107,3.1,0.7436670000264418,,,10.0
S00003,UPF,core-1,core,236,DONE,10.177,10.18518,8.178382999858513,18.178382999858513,3.706,3.284,1.1883829998585131,,,10.0
S00003,UPF,core-1,core,237,DONE,10.17828,10.18925,10.975109999890265,20.975109999890265,6.089,4.183,0.7031099998902643,,,10.0
S00004,UPF,core-1,core,230,DONE,10.18927,10.19387,4.6047129999351455,16.604712999935145,0.078,3.934,0.592712999935145,,,12.0
S00002,vRAN-DU,edge-B,edge,239,DONE,10.18996,10.19883,8.873081000047023,8.873081000047023,0.103,8.069,0.7010810000470222,,,0.0
S00009,IoT-GW,core-1,core,203,DONE,10.19255,10.19686,4.304232999857049,14.30423299985705,0.089,1.61,2.6052329998570496,,,10.0
S00010,IoT-GW,core-1,core,239,DONE,10.19687,10.1993,2.4259120000351686,14.425912000035169,0.08,1.799,0.5469120000351686,,,12.0
S00005,IMS-CSCF,cloud-1,cloud,219,DONE,10.20057,10.20482,4.245957999955863,54.24595799995586,0.09,1.976,2.179957999955863,,,50.0
S00003,UPF,core-1,core,238,DONE,10.20237,10.2069,4.530024999894522,14.530024999894522,0.105,3.725,0.7000249998945218,,,10.0
S00008,Transcoder,cloud-1,cloud,107,DONE,10.2049,10.21823,13.326673000165101,65.3266730001651,0.159,12.411,0.756673000165101,,,52.0
S00002,vRAN-DU,edge-B,edge,240,DONE,10.21025,10.21651,6.262509999942267,6.262509999942267,0.153,5.234,0.8755099999422677,,,0.0
S00010,IoT-GW,core-1,core,240,DONE,10.21524,10.21836,3.117858999985401,15.117858999985401,0.114,1.91,1.0938589999854011,,,12.0
S00006,IMS-CSCF,cloud-1,cloud,223,DONE,10.21968,10.22319,3.501124999957028,55.50112499995703,0.092,2.211,1.1981249999570283,,,52.0
S00001,vRAN-DU,edge-A,edge,189,DONE,10.22213,10.22892,6.792037999957756,6.792037999957756,0.163,5.759,0.8700379999577557,,,0.0
S00005,IMS-CSCF,cloud-1,cloud,220,DONE,10.22226,10.22514,2.878478000184259,52.87847800018426,0.062,2.052,0.7644780001842593,,,50.0
S00009,IoT-GW,core-1,core,204,DONE,10.23023,10.23329,3.051354999797695,13.051354999797695,0.122,1.866,1.0633549997976952,,,10.0
S00004,UPF,core-1,core,231,DONE,10.24378,10.24728,3.5016360000099667,15.501636000009967,0.093,2.522,0.8866360000099669,,,12.0
S00004,UPF,core-1,core,232,DONE,10.2474,10.25156,4.161439999961658,16.161439999961658,0.125,3.372,0.6644399999616581,,,12.0
S00003,UPF,core-1,core,239,DONE,10.25083,10.25418,3.34797499999695,13.34797499999695,0.065,2.244,1.0389749999969498,,,10.0
S00004,UPF,core-1,core,233,DONE,10.25386,10.25783,3.9744610000980174,15.974461000098017,0.052,3.305,0.6174610000980172,,,12.0
S00005,IMS-CSCF,cloud-1,cloud,221,DONE,10.26827,10.27096,2.6914640000086365,52.69146400000864,0.113,1.628,0.9504640000086366,,,50.0
S00002,vRAN-DU,edge-B,edge,241,DONE,10.27648,10.28054,4.057760000023336,4.057760000023336,0.085,3.119,0.8537600000233359,,,0.0
S00008,Transcoder,cloud-1,cloud,108,DONE,10.27682,10.29106,14.240918000041347,66.24091800004135,0.103,13.452,0.6859180000413474,,,52.0
S00004,UPF,core-1,core,234,DONE,10.27916,10.28262,3.4646999999949912,15.464699999994991,0.156,2.595,0.7136999999949909,,,12.0
S00005,IMS-CSCF,cloud-1,cloud,222,DONE,10.28598,10.29247,6.491822000043612,56.49182200004361,0.085,5.762,0.6448220000436127,,,50.0
S00002,vRAN-DU,edge-B,edge,242,DONE,10.2968,10.30125,4.447115999937523,4.447115999937523,0.105,3.216,1.126115999937523,,,0.0
S00003,UPF,core-1,core,240,DONE,10.31276,10.31754,4.774346999965928,14.774346999965928,0.086,3.751,0.9373469999659285,,,10.0
S00006,IMS-CSCF,cloud-1,cloud,224,DONE,10.31525,10.31803,2.774623000050269,54.77462300005027,0.117,2.065,0.5926230000502692,,,52.0
S00006,IMS-CSCF,cloud-1,cloud,225,DONE,10.33935,10.34217,2.818396000066059,54.81839600006606,0.123,1.75,0.9453960000660591,,,52.0
S00010,IoT-GW,core-1,core,241,DONE,10.34656,10.3493,2.738526000030106,14.738526000030106,0.082,1.902,0.754526000030106,,,12.0
S00001,vRAN-DU,edge-A,edge,190,DONE,10.34679,10.35658,9.78133099988554,9.78133099988554,0.082,7.12,2.5793309998855403,,,0.0
S00009,IoT-GW,core-1,core,205,DONE,10.34815,10.35003,1.8781460000809602,11.87814600008096,0.065,1.281,0.5321460000809604,,,10.0
S00004,UPF,core-1,core,235,DONE,10.35003,10.35311,3.0799619999015704,15.07996199990157,0.04,2.471,0.5689619999015703,,,12.0
S00008,Transcoder,cloud-1,cloud,109,DONE,10.35009,10.38508,34.99163100013902,86.99163100013902,0.108,33.102,1.7816310001390292,,,52.0
S00001,vRAN-DU,edge-A,edge,191,DONE,10.35312,10.36807,14.950855000051888,14.950855000051888,0.071,14.109,0.7708550000518883,,,0.0
S00002,vRAN-DU,edge-B,edge,243,DONE,10.3536,10.36574,12.142633999928876,12.142633999928876,0.061,11.418,0.6636339999288765,,,0.0
S00005,IMS-CSCF,cloud-1,cloud,223,DONE,10.35659,10.36594,9.356335999882504,59.3563359998825,0.079,8.691,0.5863359998825022,,,50.0
S00007,Transcoder,cloud-1,cloud,99,DONE,10.35792,10.38894,31.01949799997783,81.01949799997783,0.055,28.188,2.776497999977831,,,50.0
S00010,IoT-GW,core-1,core,242,DONE,10.35817,10.35949,1.3188400000672118,13.318840000067212,0.065,0.767,0.48684000006721173,,,12.0
S00008,Transcoder,cloud-1,cloud,110,DONE,10.36232,10.37951,17.187780999847746,69.18778099984775,0.084,16.005,1.0987809998477474,,,52.0
S00003,UPF,core-1,core,241,DONE,10.3625,10.37018,7.681648000016139,17.68164800001614,0.078,6.694,0.9096480000161389,,,10.0
S00002,vRAN-DU,edge-B,edge,244,DONE,10.36809,10.37697,8.881263999910516,8.881263999910516,0.092,3.252,5.537263999910516,,,0.0
S00001,vRAN-DU,edge-A,edge,192,DONE,10.37449,10.3851,10.60838600005809,10.60838600005809,0.124,7.851,2.63338600005809,,,0.0
S00003,UPF,core-1,core,242,DONE,10.37952,10.38975,10.230851999949664,20.230851999949664,0.096,8.326,1.8088519999496633,,,10.0
S00009,IoT-GW,core-1,core,206,DONE,10.37988,10.39076,10.87841000003209,20.87841000003209,0.154,9.893,0.8314100000320899,,,10.0
S00007,Transcoder,cloud-1,cloud,100,DONE,10.38511,10.41452,29.412261000061335,79.41226100006133,0.101,28.732,0.5792610000613365,,,50.0
S00008,Transcoder,cloud-1,cloud,111,DONE,10.38896,10.39748,8.524278999857415,60.524278999857415,0.091,7.877,0.5562789998574154,,,52.0
S00004,UPF,core-1,core,236,DONE,10.38984,10.39838,8.543410999891421,20.54341099989142,0.067,7.113,1.3634109998914203,,,12.0
S00004,UPF,core-1,core,237,DONE,10.39642,10.40652,10.098222999886275,22.098222999886275,0.122,6.42,3.556222999886275,,,12.0
S00006,IMS-CSCF,cloud-1,cloud,226,DONE,10.39659,10.39918,2.5932630001079815,54.59326300010798,0.059,1.197,1.3372630001079815,,,52.0
S00002,vRAN-DU,edge-B,edge,245,DONE,10.39669,10.40695,10.257692999857682,10.257692999857682,0.103,8.284,1.8706929998576811,,,0.0
S00004,UPF,core-1,core,238,DONE,10.39754,10.41701,19.466477999912968,31.466477999912968,6.808,11.803,0.8554779999129671,,,12.0
S00009,IoT-GW,core-1,core,207,DONE,10.40344,10.41119,7.744656000113537,17.744656000113537,0.131,4.483,3.130656000113537,,,10.0
S00005,IMS-CSCF,cloud-1,cloud,224,DONE,10.40497,10.40793,2.9607120000036957,52.960712000003696,0.077,1.989,0.8947120000036954,,,50.0
S00001,vRAN-DU,edge-A,edge,193,DONE,10.40696,10.41185,4.890058999990288,4.890058999990288,0.152,3.738,1.0000589999902876,,,0.0
S00003,UPF,core-1,core,243,DONE,10.40703,10.41839,11.364848000084748,21.36484800008475,0.083,8.158,3.123848000084749,,,10.0
S00001,vRAN-DU,edge-A,edge,194,DONE,10.40707,10.41622,9.14797800010092,9.14797800010092,0.203,7.987,0.9579780001009208,,,0.0
S00004,UPF,core-1,core,239,DONE,10.41185,10.4193,7.450131000041438,19.450131000041438,4.366,2.101,0.9831310000414382,,,12.0
S00004,UPF,core-1,core,240,DONE,10.42779,10.43133,3.5381309999138466,15.538130999913847,0.086,2.178,1.2741309999138468,,,12.0
S00010,IoT-GW,core-1,core,243,DONE,10.43141,10.43442,3.003577999834306,15.003577999834306,0.088,1.077,1.838577999834306,,,12.0
S00003,UPF,core-1,core,244,DONE,10.43988,10.44356,3.676307999967321,13.676307999967321,0.119,2.439,1.118307999967321,,,10.0
S00001,vRAN-DU,edge-A,edge,195,DONE,10.44358,10.44927,5.696998000075837,5.696998000075837,0.081,4.85,0.7659980000758368,,,0.0
S00005,IMS-CSCF,cloud-1,cloud,225,DONE,10.46077,10.46413,3.356273000008514,53.356273000008514,0.085,2.425,0.8462730000085141,,,50.0
S00005,IMS-CSCF,cloud-1,cloud,226,DONE,10.46536,10.46773,2.367878000086421,52.36787800008642,0.093,1.513,0.7618780000864209,,,50.0
S00006,IMS-CSCF,cloud-1,cloud,227,DONE,10.47212,10.4754,3.28205000005255,55.28205000005255,0.121,1.896,1.26505000005255,,,52.0
S00009,IoT-GW,core-1,core,208,DONE,10.47542,10.47796,2.5402960000064922,12.540296000006492,0.105,1.524,0.9112960000064922,,,10.0
S00005,IMS-CSCF,cloud-1,cloud,227,DONE,10.47797,10.48121,3.2331019999674027,53.2331019999674,0.079,2.18,0.9741019999674023,,,50.0
S00002,vRAN-DU,edge-B,edge,246,DONE,10.48035,10.48721,6.859179999992193,6.859179999992193,0.102,5.673,1.0841799999921928,,,0.0
S00001,vRAN-DU,edge-A,edge,196,DONE,10.48723,10.49279,5.560715999990862,5.560715999990862,0.114,4.398,1.0487159999908622,,,0.0
S00002,vRAN-DU,edge-B,edge,247,DONE,10.49613,10.50128,5.152571000053285,5.152571000053285,0.18,4.183,0.7895710000532858,,,0.0
S00010,IoT-GW,core-1,core,244,DONE,10.5008,10.50341,2.6136280000628176,14.613628000062818,0.083,1.592,0.9386280000628175,,,12.0
S00005,IMS-CSCF,cloud-1,cloud,228,DONE,10.51106,10.51473,3.664093999987017,53.66409399998702,0.179,2.388,1.0970939999870173,,,50.0
S00005,IMS-CSCF,cloud-1,cloud,229,DONE,10.53219,10.53594,3.7567900001249654,53.756790000124965,0.117,2.45,1.1897900001249653,,,50.0
S00008,Transcoder,cloud-1,cloud,112,DONE,10.53372,10.54558,11.861195999927077,63.86119599992708,0.356,10.329,1.1761959999270761,,,52.0
S00008,Transcoder,cloud-1,cloud,113,DONE,10.53923,10.54794,8.71159300004365,60.71159300004365,0.138,7.673,0.9005930000436493,,,52.0
S00003,UPF,core-1,core,245,DONE,10.54469,10.55066,5.968023000150424,15.968023000150424,0.176,4.766,1.026023000150424,,,10.0
S00002,vRAN-DU,edge-B,edge,248,DONE,10.54486,10.55417,9.309235000046101,9.309235000046101,0.084,7.89,1.3352350000461017,,,0.0
S00010,IoT-GW,core-1,core,245,DONE,10.54491,10.55134,6.422905999897921,18.42290599989792,0.208,5.59,0.624905999897921,,,12.0
S00009,IoT-GW,core-1,core,209,DONE,10.54495,10.55104,6.09470299991699,16.09470299991699,0.166,5.172,0.7567029999169899,,,10.0
S00003,UPF,core-1,core,246,DONE,10.56169,10.56848,6.792433999862624,16.792433999862624,0.128,5.621,1.0434339998626232,,,10.0
S00002,vRAN-DU,edge-B,edge,249,DONE,10.56202,10.57304,11.0134270000799,11.0134270000799,0.104,9.574,1.3354270000799016,,,0.0
S00009,IoT-GW,core-1,core,210,DONE,10.56457,10.56846,3.8866970000981382,13.886697000098138,0.099,2.423,1.364697000098138,,,10.0
S00002,vRAN-DU,edge-B,edge,250,DONE,10.5662,10.57156,5.358691000083127,5.358691000083127,0.144,4.355,0.8596910000831262,,,0.0
S00006,IMS-CSCF,cloud-1,cloud,228,DONE,10.57305,10.57791,4.8527999999805616,56.85279999998056,0.102,2.094,2.656799999980562,,,52.0
S00010,IoT-GW,core-1,core,246,DONE,10.5732,10.57792,4.723414999943998,16.723414999943998,0.116,2.024,2.5834149999439977,,,12.0
S00010,IoT-GW,core-1,core,247,DONE,10.57336,10.57794,4.580676000159656,16.580676000159656,2.312,1.281,0.9876760001596558,,,12.0
S00009,IoT-GW,core-1,core,211,DONE,10.57794,10.58008,2.1390289998635126,12.139028999863513,0.083,1.465,0.5910289998635125,,,10.0
S00001,vRAN-DU,edge-A,edge,197,DONE,10.58546,10.59017,4.706662999979017,4.706662999979017,0.107,3.811,0.7886629999790165,,,0.0
S00002,vRAN-DU,edge-B,edge,251,DONE,10.59656,10.60028,3.7233369998830312,3.7233369998830312,0.087,2.828,0.8083369998830312,,,0.0
S00002,vRAN-DU,edge-B,edge,252,DONE,10.60257,10.60627,3.7002210001446656,3.7002210001446656,0.075,2.893,0.7322210001446656,,,0.0
S00003,UPF,core-1,core,247,DONE,10.61668,10.61954,2.8554789998906926,12.855478999890693,0.086,2.105,0.6644789998906928,,,10.0
S00001,vRAN-DU,edge-A,edge,198,DONE,10.61907,10.62355,4.482672999984061,4.482672999984061,0.086,3.417,0.9796729999840612,,,0.0
S00005,IMS-CSCF,cloud-1,cloud,230,DONE,10.62582,10.62822,2.4000870000691066,52.40008700006911,0.073,1.594,0.7330870000691065,,,50.0
S00007,Transcoder,cloud-1,cloud,101,DONE,10.62598,10.6336,7.626253999887922,57.62625399988792,0.153,6.583,0.8902539998879222,,,50.0
S00010,IoT-GW,core-1,core,248,DONE,10.6461,10.64918,3.0785499998273735,15.078549999827374,0.093,1.75,1.2355499998273736,,,12.0
S00005,IMS-CSCF,cloud-1,cloud,231,DONE,10.65759,10.66318,5.583568000020023,55.58356800002002,0.113,4.024,1.4465680000200223,,,50.0
S00004,UPF,core-1,core,241,DONE,10.65907,10.6632,4.13110400018013,16.13110400018013,0.111,2.964,1.05610400018013,,,12.0
S00009,IoT-GW,core-1,core,212,DONE,10.66332,10.66692,3.6022330000378133,13.602233000037813,0.087,2.241,1.274233000037813,,,10.0
S00005,IMS-CSCF,cloud-1,cloud,232,DONE,10.68133,10.68625,4.913923999993131,54.91392399999313,0.098,3.716,1.0999239999931305,,,50.0
S00010,IoT-GW,core-1,core,249,DONE,10.68492,10.68667,1.744668000128513,13.744668000128513,0.089,0.904,0.7516680001285131,,,12.0
S00010,IoT-GW,core-1,core,250,DONE,10.70611,10.70877,2.666099999942162,14.666099999942162,0.144,1.463,1.059099999942162,,,12.0
S00002,vRAN-DU,edge-B,edge,253,DONE,10.72028,10.72599,5.70538400006626,5.70538400006626,0.088,4.467,1.1503840000662606,,,0.0
S00006,IMS-CSCF,cloud-1,cloud,229,DONE,10.7333,10.73595,2.654711000104726,54.654711000104726,0.089,1.588,0.9777110001047258,,,52.0
S00010,IoT-GW,core-1,core,251,DONE,10.73737,10.74004,2.671745000043302,14.671745000043302,0.088,1.714,0.8697450000433018,,,12.0
S00003,UPF,core-1,core,248,DONE,10.74338,10.7479,4.522611000083998,14.522611000083998,0.117,3.242,1.163611000083998,,,10.0
S00010,IoT-GW,core-1,core,252,DONE,10.74589,10.74883,2.931333000105951,14.931333000105951,0.178,1.739,1.0143330001059512,,,12.0
S00005,IMS-CSCF,cloud-1,cloud,233,DONE,10.74792,10.75042,2.49594399997477,52.49594399997477,0.127,1.7,0.6689439999747702,,,50.0
S00001,vRAN-DU,edge-A,edge,199,DONE,10.75172,10.75743,5.7031399999232235,5.7031399999232235,0.086,4.417,1.2001399999232234,,,0.0
S00010,IoT-GW,core-1,core,253,DONE,10.77194,10.77494,2.9957350000131555,14.995735000013156,0.183,1.523,1.2897350000131556,,,12.0
S00008,Transcoder,cloud-1,cloud,114,DONE,10.77331,10.78208,8.763438999949358,60.76343899994936,0.117,7.03,1.6164389999493576,,,52.0
S00001,vRAN-DU,edge-A,edge,200,DONE,10.77791,10.78616,8.254263000026185,8.254263000026185,0.159,6.477,1.618263000026185,,,0.0
S00004,UPF,core-1,core,242,DONE,10.77812,10.78489,6.7700100000820385,18.77001000008204,0.097,4.88,1.7930100000820381,,,12.0
S00005,IMS-CSCF,cloud-1,cloud,234,DONE,10.78051,10.78618,5.673829999977897,55.6738299999779,0.087,3.851,1.7358299999778972,,,50.0
S00005,IMS-CSCF,cloud-1,cloud,235,DONE,10.78076,10.7931,12.332760000163034,62.332760000163034,4.245,7.148,0.9397600001630337,,,50.0
S00008,Transcoder,cloud-1,cloud,115,DONE,10.78491,10.80088,15.974755999877743,67.97475599987774,0.267,13.687,2.0207559998777445,,,52.0
S00004,UPF,core-1,core,243,DONE,10.78619,10.79282,6.625457999916762,18.62545799991676,0.085,1.941,4.599457999916762,,,12.0
S00007,Transcoder,cloud-1,cloud,102,DONE,10.78756,10.81423,26.669147000120574,76.66914700012057,0.134,19.463,7.072147000120573,,,50.0
S00006,IMS-CSCF,cloud-1,cloud,230,DONE,10.79283,10.80087,8.040121000021827,60.04012100002183,0.164,4.154,3.7221210000218274,,,52.0
S00008,Transcoder,cloud-1,cloud,116,DONE,10.79295,10.81219,19.234153000070364,71.23415300007036,0.536,17.628,1.0701530000703627,,,52.0
S00010,IoT-GW,core-1,core,254,DONE,10.80089,10.81218,11.286613000038415,23.286613000038415,0.176,9.361,1.7496130000384138,,,12.0
S00009,IoT-GW,core-1,core,213,DONE,10.801,10.80649,5.4977980000785465,15.497798000078546,0.082,4.139,1.2767980000785464,,,10.0
S00007,Transcoder,cloud-1,cloud,103,DONE,10.80104,10.81652,15.487946000121156,65.48794600012116,0.091,14.587,0.8099460001211565,,,50.0
S00001,vRAN-DU,edge-A,edge,201,DONE,10.8011,10.81421,13.117418000092584,13.117418000092584,0.081,11.101,1.935418000092584,,,0.0
S00009,IoT-GW,core-1,core,214,DONE,10.80448,10.81216,7.680552000010721,17.68055200001072,1.215,5.045,1.420552000010721,,,10.0
S00008,Transcoder,cloud-1,cloud,117,DONE,10.81553,10.82906,13.521008999987316,65.52100899998732,0.16,9.263,4.098008999987316,,,52.0
S00003,UPF,core-1,core,249,DONE,10.82484,10.83047,5.634501000031378,15.634501000031378,0.099,4.541,0.9945010000313772,,,10.0
S00009,IoT-GW,core-1,core,215,DONE,10.82907,10.8322,3.1310770000345656,13.131077000034566,0.099,1.469,1.5630770000345655,,,10.0
S00002,vRAN-DU,edge-B,edge,254,DONE,10.83049,10.83642,5.9317180000562075,5.9317180000562075,0.119,3.499,2.313718000056207,,,0.0
S00009,IoT-GW,core-1,core,216,DONE,10.83142,10.83355,2.1221560000412865,12.122156000041286,0.054,1.173,0.8951560000412864,,,10.0
S00002,vRAN-DU,edge-B,edge,255,DONE,10.84682,10.85403,7.212241999923208,7.212241999923208,0.122,6.228,0.8622419999232083,,,0.0
S00001,vRAN-DU,edge-A,edge,202,DONE,10.84698,10.85124,4.2609189999893715,4.2609189999893715,0.09,3.421,0.7499189999893718,,,0.0
S00010,IoT-GW,core-1,core,255,DONE,10.85257,10.85466,2.089809000153764,14.089809000153764,0.11,1.21,0.7698090001537639,,,12.0
S00002,vRAN-DU,edge-B,edge,256,DONE,10.87114,10.87692,5.773773999862897,5.773773999862897,0.093,4.453,1.2277739998628965,,,0.0
S00001,vRAN-DU,edge-A,edge,203,DONE,10.87845,10.88488,6.428143999983149,6.428143999983149,0.115,4.951,1.3621439999831493,,,0.0
S00004,UPF,core-1,core,244,DONE,10.87858,10.88186,3.284529000211478,15.284529000211478,0.085,2.147,1.0525290002114782,,,12.0
S00004,UPF,core-1,core,245,DONE,10.88822,10.89289,4.668393999963882,16.668393999963882,0.118,3.765,0.7853939999638824,,,12.0
S00005,IMS-CSCF,cloud-1,cloud,236,DONE,10.8962,10.89913,2.933654999878854,52.933654999878854,0.117,1.794,1.022654999878854,,,50.0
S00004,UPF,core-1,core,246,DONE,10.90243,10.90633,3.9067590000740893,15.90675900007409,0.12,2.924,0.8627590000740892,,,12.0
S00004,UPF,core-1,core,247,DONE,10.9038,10.90949,5.688715000133016,17.688715000133016,2.062,2.904,0.7227150001330163,,,12.0
S00004,UPF,core-1,core,248,DONE,10.91081,10.91491,4.1048659998068615,16.10486599980686,0.086,3.205,0.8138659998068616,,,12.0
S00008,Transcoder,cloud-1,cloud,118,DONE,10.91107,10.92203,10.961656999825209,62.96165699982521,0.362,9.701,0.8986569998252083,,,52.0
S00004,UPF,core-1,core,249,DONE,10.91825,10.92375,5.499403000158054,17.499403000158054,0.125,4.674,0.7004030001580537,,,12.0
S00002,vRAN-DU,edge-B,edge,257,DONE,10.9392,10.94472,5.528481000055763,5.528481000055763,0.121,4.21,1.1974810000557632,,,0.0
S00007,Transcoder,cloud-1,cloud,104,DONE,10.93943,10.95045,11.016232999963904,61.016232999963904,0.113,10.006,0.8972329999639044,,,50.0
S00009,IoT-GW,core-1,core,217,DONE,10.94607,10.94855,2.4899139998524333,12.489913999852433,0.111,1.582,0.7969139998524333,,,10.0
S00009,IoT-GW,core-1,core,218,DONE,10.9528,10.95527,2.469950999966386,12.469950999966386,0.102,1.693,0.6749509999663859,,,10.0
S00001,vRAN-DU,edge-A,edge,204,DONE,10.96972,10.97565,5.928372999960629,5.928372999960629,0.115,4.788,1.025372999960629,,,0.0
S00004,UPF,core-1,core,250,DONE,10.97429,10.9779,3.6152479999600473,15.615247999960047,0.112,2.55,0.9532479999600474,,,12.0
S00006,IMS-CSCF,cloud-1,cloud,231,DONE,10.98227,10.98568,3.4112189998722897,55.41121899987229,0.093,2.316,1.00221899987229,,,52.0
S00006,IMS-CSCF,cloud-1,cloud,232,DONE,11.00111,11.00474,3.6209549998602597,55.62095499986026,0.14,2.335,1.1459549998602596,,,52.0
S00007,Transcoder,cloud-1,cloud,105,DONE,11.00399,11.01151,7.522593999965466,57.522593999965466,0.092,6.252,1.1785939999654662,,,50.0
S00002,vRAN-DU,edge-B,edge,258,DONE,11.01491,11.02067,5.763024999851041,5.763024999851041,0.095,4.593,1.075024999851041,,,0.0
S00006,IMS-CSCF,cloud-1,cloud,233,DONE,11.02816,11.03177,3.6020570000800944,55.602057000080094,0.118,2.303,1.1810570000800946,,,52.0
S00006,IMS-CSCF,cloud-1,cloud,234,DONE,11.03178,11.03495,3.163892999964446,55.163892999964446,0.081,2.406,0.676892999964446,,,52.0
S00004,UPF,core-1,core,251,DONE,11.03935,11.04384,4.483820000132255,16.483820000132255,0.143,3.349,0.9918200001322548,,,12.0
S00009,IoT-GW,core-1,core,219,DONE,11.05231,11.05551,3.1987059999210032,13.198705999921003,0.117,1.83,1.2517059999210032,,,10.0
S00002,vRAN-DU,edge-B,edge,259,DONE,11.05391,11.06013,6.2266359998375265,6.2266359998375265,0.108,4.967,1.1516359998375272,,,0.0
S00003,UPF,core-1,core,250,DONE,11.05406,11.06075,6.696635000025708,16.696635000025708,0.073,5.085,1.5386350000257076,,,10.0
S00009,IoT-GW,core-1,core,220,DONE,11.05688,11.06164,4.761536000160049,14.76153600016005,0.086,3.86,0.8155360001600496,,,10.0
S00010,IoT-GW,core-1,core,256,DONE,11.06166,11.06376,2.09719600002245,14.09719600002245,0.078,1.422,0.5971960000224499,,,12.0
S00008,Transcoder,cloud-1,cloud,119,DONE,11.06606,11.07901,12.950299000067389,64.95029900006739,0.165,11.676,1.1092990000673897,,,52.0
S00003,UPF,core-1,core,251,DONE,11.07856,11.08256,3.9983930000744294,13.99839300007443,0.111,3.069,0.8183930000744293,,,10.0
S00006,IMS-CSCF,cloud-1,cloud,235,DONE,11.08134,11.08524,3.902315000004819,55.90231500000482,0.115,3.003,0.7843150000048187,,,52.0
S00002,vRAN-DU,edge-B,edge,260,DONE,11.08257,11.08731,4.742636999935712,4.742636999935712,0.082,3.937,0.723636999935712,,,0.0
S00003,UPF,core-1,core,252,DONE,11.08969,11.09349,3.7999930000296445,13.799993000029644,0.081,3.046,0.6729930000296447,,,10.0
S00009,IoT-GW,core-1,core,221,DONE,11.09677,11.09903,2.258358000062799,12.258358000062799,0.102,1.372,0.7843580000627988,,,10.0
S00010,IoT-GW,core-1,core,257,DONE,11.10452,11.10698,2.462841000124172,14.462841000124172,0.129,1.55,0.7838410001241718,,,12.0
S00003,UPF,core-1,core,253,DONE,11.10477,11.10769,2.919365000025209,12.91936500002521,0.067,2.172,0.6803650000252088,,,10.0
S00003,UPF,core-1,core,254,DONE,11.11105,11.11663,5.579181000030076,15.579181000030076,0.068,3.852,1.6591810000300757,,,10.0
S00001,vRAN-DU,edge-A,edge,205,DONE,11.11123,11.12347,12.245714000073349,12.245714000073349,0.166,10.554,1.5257140000733482,,,0.0
S00007,Transcoder,cloud-1,cloud,106,DONE,11.11132,11.12599,14.666399999896385,64.66639999989638,0.12,13.977,0.569399999896385,,,50.0
S00004,UPF,core-1,core,252,DONE,11.11202,11.11884,6.820400999913545,18.820400999913545,0.05,6.284,0.48640099991354546,,,12.0
S00006,IMS-CSCF,cloud-1,cloud,236,DONE,11.11783,11.12318,5.3490059999603545,57.349005999960355,0.086,2.101,3.1620059999603547,,,52.0
S00009,IoT-GW,core-1,core,222,DONE,11.12575,11.12822,2.4699880000298435,12.469988000029844,0.078,1.601,0.7909880000298435,,,10.0
S00004,UPF,core-1,core,253,DONE,11.12717,11.13106,3.888812000013786,15.888812000013786,0.057,3.321,0.5108120000137859,,,12.0
S00006,IMS-CSCF,cloud-1,cloud,237,DONE,11.13113,11.13368,2.5554769999871496,54.55547699998715,0.111,1.66,0.7844769999871497,,,52.0
S00002,vRAN-DU,edge-B,edge,261,DONE,11.1337,11.14087,7.170492999875933,7.170492999875933,0.08,3.858,3.2324929998759324,,,0.0
S00008,Transcoder,cloud-1,cloud,120,DONE,11.13385,11.16423,30.381598000076337,82.38159800007634,0.083,15.175,15.123598000076337,,,52.0
S00001,vRAN-DU,edge-A,edge,206,DONE,11.14088,11.16394,23.05128800003331,23.05128800003331,0.085,2.718,20.24828800003331,,,0.0
S00007,Transcoder,cloud-1,cloud,107,DONE,11.14329,11.16424,20.951145000026372,70.95114500002637,0.118,15.094,5.739145000026372,,,50.0
S00010,IoT-GW,core-1,core,258,DONE,11.16425,11.17021,5.9620070001074055,17.962007000107405,0.177,4.779,1.006007000107406,,,12.0
S00001,vRAN-DU,edge-A,edge,207,DONE,11.16441,11.17009,5.6755159998829185,5.6755159998829185,0.083,4.087,1.5055159998829186,,,0.0
S00003,UPF,core-1,core,255,DONE,11.16447,11.17349,9.018511000022045,19.018511000022045,3.638,4.306,1.0745110000220448,,,10.0
S00006,IMS-CSCF,cloud-1,cloud,238,DONE,11.16451,11.17692,12.409344000161582,64.40934400016158,0.089,6.818,5.502344000161582,,,52.0
S00003,UPF,core-1,core,256,DONE,11.1701,11.17629,6.191123999997217,16.191123999997217,0.592,2.857,2.7421239999972165,,,10.0
S00007,Transcoder,cloud-1,cloud,108,DONE,11.18228,11.19434,12.059845000067071,62.05984500006707,0.171,11.006,0.8828450000670713,,,50.0
S00002,vRAN-DU,edge-B,edge,262,DONE,11.18477,11.19149,6.7214170001079765,6.7214170001079765,0.084,5.82,0.8174170001079766,,,0.0
S00001,vRAN-DU,edge-A,edge,208,DONE,11.18818,11.20134,13.1655170000613,13.1655170000613,0.125,8.682,4.358517000061299,,,0.0
S00005,IMS-CSCF,cloud-1,cloud,237,DONE,11.1915,11.19777,6.266287000016746,56.266287000016746,0.112,4.723,1.431287000016746,,,50.0
S00002,vRAN-DU,edge-B,edge,263,DONE,11.19291,11.19779,4.873526999972455,4.873526999972455,0.086,3.684,1.103526999972455,,,0.0
S00004,UPF,core-1,core,254,DONE,11.19436,11.20406,9.708292000141228,21.708292000141228,0.124,7.12,2.464292000141228,,,12.0
S00003,UPF,core-1,core,257,DONE,11.19779,11.20432,6.525646000000052,16.52564600000005,0.073,3.914,2.5386460000000515,,,10.0
S00002,vRAN-DU,edge-B,edge,264,DONE,11.19815,11.20469,6.538718000001609,6.538718000001609,0.725,5.392,0.42171800000160875,,,0.0
S00006,IMS-CSCF,cloud-1,cloud,239,DONE,11.20141,11.20434,2.930256999889025,54.930256999889025,0.098,1.661,1.1712569998890248,,,52.0
S00002,vRAN-DU,edge-B,edge,265,DONE,11.2015,11.20598,4.473471999972389,4.473471999972389,0.057,3.752,0.6644719999723896,,,0.0
S00002,vRAN-DU,edge-B,edge,266,DONE,11.20599,11.21079,4.805855000086012,4.805855000086012,0.049,4.269,0.4878550000860118,,,0.0
S00006,IMS-CSCF,cloud-1,cloud,240,DONE,11.20835,11.21033,1.976689000002807,53.97668900000281,0.072,1.321,0.583689000002807,,,52.0
S00003,UPF,core-1,core,258,DONE,11.2251,11.2288,3.698760999895967,13.698760999895967,0.136,2.689,0.8737609998959668,,,10.0
S00010,IoT-GW,core-1,core,259,DONE,11.22781,11.23018,2.3712419999810663,14.371241999981066,0.068,1.695,0.6082419999810662,,,12.0
S00001,vRAN-DU,edge-A,edge,209,DONE,11.23024,11.2345,4.2585379999309225,4.2585379999309225,0.085,2.996,1.1775379999309226,,,0.0
S00003,UPF,core-1,core,259,DONE,11.23571,11.23841,2.6944339999772637,12.694433999977264,0.073,2.068,0.5534339999772637,,,10.0
S00003,UPF,core-1,core,260,DONE,11.23701,11.24043,3.4225770000375633,13.422577000037563,1.094,1.863,0.4655770000375634,,,10.0
S00004,UPF,core-1,core,255,DONE,11.24996,11.25499,5.032733000007283,17.032733000007283,0.087,3.997,0.9487330000072838,,,12.0
S00003,UPF,core-1,core,261,DONE,11.2604,11.26355,3.152122000074087,13.152122000074087,0.143,2.23,0.779122000074087,,,10.0
S00010,IoT-GW,core-1,core,260,DONE,11.27393,11.2765,2.568701999962286,14.568701999962286,0.178,1.324,1.0667019999622862,,,12.0
S00001,vRAN-DU,edge-A,edge,210,DONE,11.27878,11.28291,4.1314140000849875,4.1314140000849875,0.107,3.118,0.9064140000849874,,,0.0
S00005,IMS-CSCF,cloud-1,cloud,238,DONE,11.28923,11.29151,2.2784609998325323,52.27846099983253,0.094,1.359,0.8254609998325322,,,50.0
S00003,UPF,core-1,core,262,DONE,11.28943,11.29219,2.7547960000902094,12.75479600009021,0.084,2.088,0.5827960000902093,,,10.0
S00009,IoT-GW,core-1,core,223,DONE,11.2996,11.30189,2.2902169998815225,12.290216999881522,0.086,1.37,0.8342169998815223,,,10.0
S00003,UPF,core-1,core,263,DONE,11.30527,11.30904,3.7641260000782495,13.76412600007825,0.081,2.863,0.8201260000782495,,,10.0
S00007,Transcoder,cloud-1,cloud,109,DONE,11.30913,11.31668,7.549374000063835,57.549374000063835,0.209,6.361,0.979374000063836,,,50.0
S00010,IoT-GW,core-1,core,261,DONE,11.32012,11.32279,2.6647259999208472,14.664725999920847,0.086,1.569,1.0097259999208472,,,12.0
S00007,Transcoder,cloud-1,cloud,110,DONE,11.32405,11.34011,16.05812100001458,66.05812100001458,0.089,15.189,0.7801210000145797,,,50.0
S00008,Transcoder,cloud-1,cloud,121,DONE,11.32541,11.34012,14.708420000033584,66.70842000003358,0.076,13.862,0.7704200000335835,,,52.0
S00009,IoT-GW,core-1,core,224,DONE,11.32551,11.33354,8.029259000068123,18.029259000068123,0.071,6.824,1.1342590000681234,,,10.0
S00002,vRAN-DU,edge-B,edge,267,DONE,11.32852,11.34013,11.606927000002543,11.606927000002543,0.109,10.328,1.1699270000025432,,,0.0
S00005,IMS-CSCF,cloud-1,cloud,239,DONE,11.32872,11.33578,7.06063699999504,57.06063699999504,0.07,6.022,0.9686369999950397,,,50.0
S00010,IoT-GW,core-1,core,262,DONE,11.33253,11.33767,5.140603999961968,17.140603999961968,0.051,4.081,1.0086039999619674,,,12.0
S00005,IMS-CSCF,cloud-1,cloud,240,DONE,11.33768,11.3401,2.420284999971045,52.420284999971045,0.07,1.467,0.883284999971045,,,50.0
S00001,vRAN-DU,edge-A,edge,211,DONE,11.34013,11.34409,3.9586640000379703,3.9586640000379703,0.176,2.939,0.84366400003797,,,0.0
S00003,UPF,core-1,core,264,DONE,11.34861,11.35253,3.922286000033637,13.922286000033637,0.094,2.951,0.8772860000336369,,,10.0
S00007,Transcoder,cloud-1,cloud,111,DONE,11.34884,11.36767,18.834940000033384,68.83494000003338,2.708,15.456,0.6709400000333829,,,50.0
S00005,IMS-CSCF,cloud-1,cloud,241,DONE,11.35586,11.35906,3.196764999984225,53.196764999984225,0.083,1.894,1.2197649999842253,,,50.0
S00009,IoT-GW,core-1,core,225,DONE,11.35671,11.35969,2.977969000085068,12.977969000085068,0.075,2.373,0.5299690000850674,,,10.0
S00003,UPF,core-1,core,265,DONE,11.35913,11.36376,4.632120999986,14.632120999986,0.067,3.005,1.5601209999860002,,,10.0
S00003,UPF,core-1,core,266,DONE,11.36089,11.36743,6.539833999795519,16.53983399979552,2.871,2.993,0.6758339997955192,,,10.0
S00010,IoT-GW,core-1,core,263,DONE,11.37108,11.3734,2.3280740001609956,14.328074000160996,0.093,1.264,0.9710740001609957,,,12.0
S00006,IMS-CSCF,cloud-1,cloud,241,DONE,11.37342,11.37586,2.4455320001379732,54.44553200013797,0.414,1.344,0.6875320001379732,,,52.0
S00001,vRAN-DU,edge-A,edge,212,DONE,11.37587,11.38117,5.302275000076406,5.302275000076406,0.801,3.517,0.9842750000764067,,,0.0
S00006,IMS-CSCF,cloud-1,cloud,242,DONE,11.39153,11.39477,3.236420000121143,55.23642000012114,0.138,2.037,1.0614200001211431,,,52.0
S00010,IoT-GW,core-1,core,264,DONE,11.39306,11.39572,2.660933000015575,14.660933000015575,0.163,1.67,0.8279330000155751,,,12.0
S00002,vRAN-DU,edge-B,edge,268,DONE,11.41607,11.42086,4.785519000051863,4.785519000051863,0.124,3.309,1.352519000051863,,,0.0
S00001,vRAN-DU,edge-A,edge,213,DONE,11.43625,11.44254,6.285081999976683,6.285081999976683,0.09,5.107,1.0880819999766826,,,0.0
S00009,IoT-GW,core-1,core,226,DONE,11.44794,11.451,3.0593120000048657,13.059312000004866,0.174,1.584,1.3013120000048657,,,10.0
S00009,IoT-GW,core-1,core,227,DONE,11.45848,11.46104,2.554535000172109,12.554535000172109,0.203,1.464,0.887535000172109,,,10.0
S00004,UPF,core-1,core,256,DONE,11.45879,11.46321,4.417788999944605,16.417788999944605,0.078,3.159,1.1807889999446055,,,12.0
S00003,UPF,core-1,core,267,DONE,11.46452,11.46737,2.857560000165904,12.857560000165904,0.068,2.149,0.640560000165904,,,10.0
S00005,IMS-CSCF,cloud-1,cloud,242,DONE,11.4647,11.46742,2.7208559999962745,52.720855999996274,0.089,2.022,0.6098559999962747,,,50.0
S00002,vRAN-DU,edge-B,edge,269,DONE,11.46891,11.47376,4.848354999921867,4.848354999921867,0.086,3.921,0.841354999921867,,,0.0
S00002,vRAN-DU,edge-B,edge,270,DONE,11.48919,11.49619,7.000782999966759,7.000782999966759,0.095,6.02,0.8857829999667599,,,0.0
S00008,Transcoder,cloud-1,cloud,122,DONE,11.50776,11.51502,7.265484999834371,59.26548499983437,0.199,6.199,0.867484999834371,,,52.0
S00007,Transcoder,cloud-1,cloud,112,DONE,11.51434,11.52201,7.675237999819728,57.67523799981973,0.056,6.22,1.3992379998197286,,,50.0
S00010,IoT-GW,core-1,core,265,DONE,11.52202,11.52396,1.9363690000773204,13.93636900007732,0.078,1.1,0.7583690000773202,,,12.0
S00005,IMS-CSCF,cloud-1,cloud,243,DONE,11.52397,11.52611,2.1412870000858675,52.14128700008587,0.111,1.5,0.5302870000858675,,,50.0
S00007,Transcoder,cloud-1,cloud,113,DONE,11.53344,11.54148,8.039089000021704,58.039089000021704,0.104,7.05,0.8850890000217042,,,50.0
S00001,vRAN-DU,edge-A,edge,214,DONE,11.53799,11.54541,7.415710999794101,7.415710999794101,0.087,6.281,1.0477109997941012,,,0.0
S00005,IMS-CSCF,cloud-1,cloud,244,DONE,11.54054,11.54812,7.5829630000043835,57.58296300000438,0.098,5.686,1.7989630000043837,,,50.0
S00010,IoT-GW,core-1,core,266,DONE,11.54072,11.54473,4.011093999906734,16.011093999906734,0.115,1.01,2.886093999906734,,,12.0
S00009,IoT-GW,core-1,core,228,DONE,11.54081,11.54475,3.944509999882939,13.94450999988294,0.165,1.652,2.127509999882939,,,10.0
S00006,IMS-CSCF,cloud-1,cloud,243,DONE,11.5415,11.5468,5.30269900013991,57.30269900013991,0.096,1.483,3.7236990001399097,,,52.0
S00005,IMS-CSCF,cloud-1,cloud,245,DONE,11.54813,11.55127,3.1340570001248125,53.13405700012481,0.072,2.022,1.0400570001248126,,,50.0
S00009,IoT-GW,core-1,core,229,DONE,11.55047,11.55298,2.5085569998282153,12.508556999828215,0.102,1.71,0.6965569998282153,,,10.0
S00006,IMS-CSCF,cloud-1,cloud,244,DONE,11.55258,11.55546,2.8855189998466813,54.88551899984668,0.267,2.076,0.5425189998466813,,,52.0
S00003,UPF,core-1,core,268,DONE,11.56591,11.56937,3.456671999856553,13.456671999856553,0.105,2.751,0.6006719998565533,,,10.0
S00010,IoT-GW,core-1,core,267,DONE,11.5661,11.56927,3.1732820000343054,15.173282000034305,0.215,2.199,0.7592820000343057,,,12.0
S00001,vRAN-DU,edge-A,edge,215,DONE,11.56846,11.57241,3.9462189999994735,3.9462189999994735,0.078,2.979,0.8892189999994735,,,0.0
S00007,Transcoder,cloud-1,cloud,114,DONE,11.5687,11.57633,7.6305289999254455,57.630528999925446,0.099,5.973,1.5585289999254455,,,50.0
S00009,IoT-GW,core-1,core,230,DONE,11.57471,11.57659,1.8873619999340008,11.887361999934,0.076,1.258,0.5533619999340007,,,10.0
S00008,Transcoder,cloud-1,cloud,123,DONE,11.57783,11.58519,7.357748000003994,59.357748000003994,0.07,6.529,0.7587480000039939,,,52.0
S00009,IoT-GW,core-1,core,231,DONE,11.58404,11.58629,2.2520090001307835,12.252009000130784,0.131,1.382,0.7390090001307836,,,10.0
S00009,IoT-GW,core-1,core,232,DONE,11.58968,11.59205,2.3767250002038054,12.376725000203805,0.104,1.356,0.9167250002038052,,,10.0
S00006,IMS-CSCF,cloud-1,cloud,245,DONE,11.59843,11.60102,2.591101999996681,54.59110199999668,0.084,1.535,0.9721019999966811,,,52.0
S00004,UPF,core-1,core,257,DONE,11.59873,11.60301,4.283144000055472,16.283144000055472,0.102,3.468,0.7131440000554723,,,12.0
S00002,vRAN-DU,edge-B,edge,271,DONE,11.60635,11.61009,3.736238999863417,3.736238999863417,0.084,2.986,0.6662389998634168,,,0.0
S00006,IMS-CSCF,cloud-1,cloud,246,DONE,11.60877,11.61404,5.27211200005695,57.27211200005695,0.097,4.39,0.7851120000569498,,,52.0
S00007,Transcoder,cloud-1,cloud,115,DONE,11.60888,11.61889,10.004959000070812,60.00495900007081,0.301,9.005,0.6989590000708112,,,50.0
S00003,UPF,core-1,core,269,DONE,11.62221,11.62572,3.5172999998849264,13.517299999884926,0.102,2.213,1.2022999998849264,,,10.0
S00002,vRAN-DU,edge-B,edge,272,DONE,11.62581,11.63137,5.565289000060147,5.565289000060147,0.086,5.02,0.4592890000601475,,,0.0
S00004,UPF,core-1,core,258,DONE,11.62717,11.63126,4.094530999964263,16.094530999964263,0.072,3.252,0.7705309999642633,,,12.0
S00009,IoT-GW,core-1,core,233,DONE,11.6337,11.63579,2.0939560001806967,12.093956000180697,0.268,1.159,0.6669560001806967,,,10.0
S00003,UPF,core-1,core,270,DONE,11.63381,11.63682,3.0093249999936234,13.009324999993623,0.07,2.31,0.6293249999936235,,,10.0
S00002,vRAN-DU,edge-B,edge,273,DONE,11.64317,11.64762,4.445285999963744,4.445285999963744,0.095,3.43,0.9202859999637436,,,0.0
S00001,vRAN-DU,edge-A,edge,216,DONE,11.64565,11.64951,3.8647660001061013,3.8647660001061013,0.08,3.085,0.6997660001061012,,,0.0
S00004,UPF,core-1,core,259,DONE,11.65177,11.65609,4.318847999911668,16.318847999911668,0.128,3.327,0.8638479999116679,,,12.0
S00005,IMS-CSCF,cloud-1,cloud,246,DONE,11.65218,11.65451,2.32880299995486,52.32880299995486,0.088,1.597,0.6438029999548598,,,50.0
S00006,IMS-CSCF,cloud-1,cloud,247,DONE,11.65837,11.66097,2.5967799999762065,54.59677999997621,0.1,1.62,0.8767799999762063,,,52.0
S00002,vRAN-DU,edge-B,edge,274,DONE,11.6664,11.68071,14.317477000076906,14.317477000076906,0.123,12.717,1.477477000076906,,,0.0
S00002,vRAN-DU,edge-B,edge,275,DONE,11.66664,11.6807,14.058811000040805,14.058811000040805,0.227,12.562,1.2698110000408054,,,0.0
S00009,IoT-GW,core-1,core,234,DONE,11.671,11.68068,9.679027999936807,19.679027999936807,0.114,5.303,4.262027999936807,,,10.0
S00002,vRAN-DU,edge-B,edge,276,DONE,11.69113,11.69695,5.82658299981631,5.82658299981631,0.115,4.735,0.9765829998163094,,,0.0
S00007,Transcoder,cloud-1,cloud,116,DONE,11.69368,11.70373,10.051390999933574,60.051390999933574,0.078,9.23,0.7433909999335739,,,50.0
S00010,IoT-GW,core-1,core,268,DONE,11.69818,11.70001,1.8359249997956795,13.83592499979568,0.216,1.004,0.6159249997956795,,,12.0
S00005,IMS-CSCF,cloud-1,cloud,247,DONE,11.7023,11.7049,2.593088999901738,52.59308899990174,0.121,1.768,0.7040889999017381,,,50.0
S00006,IMS-CSCF,cloud-1,cloud,248,DONE,11.70816,11.71042,2.2581180000997847,54.258118000099785,0.075,1.403,0.7801180000997847,,,52.0
S00003,UPF,core-1,core,271,DONE,11.71789,11.72209,4.205671999898186,14.205671999898186,0.115,3.196,0.8946719998981858,,,10.0
S00002,vRAN-DU,edge-B,edge,277,DONE,11.73276,11.73682,4.058508000071015,4.058508000071015,0.148,2.755,1.155508000071015,,,0.0
S00005,IMS-CSCF,cloud-1,cloud,248,DONE,11.73631,11.7392,2.891959999942628,52.89195999994263,0.106,1.587,1.1989599999426281,,,50.0
S00005,IMS-CSCF,cloud-1,cloud,249,DONE,11.73804,11.74082,2.7800870000191935,52.78008700001919,0.724,1.452,0.6040870000191934,,,50.0
S00002,vRAN-DU,edge-B,edge,278,DONE,11.74823,11.75417,5.9403410000413714,5.9403410000413714,0.093,4.855,0.992341000041371,,,0.0
S00004,UPF,core-1,core,260,DONE,11.77551,11.7801,4.582963000075324,16.582963000075324,0.107,3.379,1.0969630000753239,,,12.0
S00002,vRAN-DU,edge-B,edge,279,DONE,11.78024,11.78704,6.807742000091821,6.807742000091821,0.111,5.614,1.0827420000918213,,,0.0
S00001,vRAN-DU,edge-A,edge,217,DONE,11.79045,11.79648,6.027829999993628,6.027829999993628,0.119,4.456,1.4528299999936278,,,0.0
S00002,vRAN-DU,edge-B,edge,280,DONE,11.79187,11.80025,8.378133000178423,8.378133000178423,0.128,4.418,3.8321330001784224,,,0.0
S00001,vRAN-DU,edge-A,edge,218,DONE,11.79981,11.80545,5.644028000006074,5.644028000006074,0.115,4.435,1.094028000006074,,,0.0
S00009,IoT-GW,core-1,core,235,DONE,11.8,11.80382,3.8204730001325515,13.820473000132552,0.447,2.272,1.1014730001325517,,,10.0
S00006,IMS-CSCF,cloud-1,cloud,249,DONE,11.8016,11.80599,4.387608000115506,56.387608000115506,0.123,2.776,1.488608000115506,,,52.0
S00005,IMS-CSCF,cloud-1,cloud,250,DONE,11.80546,11.80819,2.7295170000343205,52.72951700003432,0.062,1.848,0.8195170000343204,,,50.0
S00005,IMS-CSCF,cloud-1,cloud,251,DONE,11.81866,11.8228,4.137431999879482,54.13743199987948,0.124,2.59,1.4234319998794818,,,50.0
S00003,UPF,core-1,core,272,DONE,11.82238,11.82678,4.403171999911137,14.403171999911137,0.122,3.384,0.8971719999111376,,,10.0
S00005,IMS-CSCF,cloud-1,cloud,252,DONE,11.82262,11.82552,2.893408999852909,52.89340899985291,0.101,1.957,0.8354089998529086,,,50.0
S00009,IoT-GW,core-1,core,236,DONE,11.8291,11.83199,2.887246000000232,12.887246000000232,0.151,1.782,0.954246000000232,,,10.0
S00005,IMS-CSCF,cloud-1,cloud,253,DONE,11.83842,11.84169,3.267681000124867,53.26768100012487,0.124,2.205,0.9386810001248667,,,50.0
S00010,IoT-GW,core-1,core,269,DONE,11.83867,11.84111,2.43447599996216,14.43447599996216,0.116,1.584,0.73447599996216,,,12.0
S00002,vRAN-DU,edge-B,edge,281,DONE,11.84501,11.85301,8.002869999927498,8.002869999927498,0.169,7.052,0.7818699999274985,,,0.0
S00006,IMS-CSCF,cloud-1,cloud,250,DONE,11.84524,11.85093,5.687093000005916,57.687093000005916,0.123,2.565,2.9990930000059164,,,52.0
S00001,vRAN-DU,edge-A,edge,219,DONE,11.84776,11.85718,9.418894999953409,9.418894999953409,0.108,6.779,2.5318949999534093,,,0.0
S00002,vRAN-DU,edge-B,edge,282,DONE,11.84789,11.85816,10.26163100004851,10.26163100004851,0.101,7.698,2.4626310000485097,,,0.0
S00006,IMS-CSCF,cloud-1,cloud,251,DONE,11.85525,11.85885,3.5979340000267257,55.597934000026726,0.108,2.838,0.6519340000267255,,,52.0
S00003,UPF,core-1,core,273,DONE,11.8572,11.86488,7.680081999978938,17.68008199997894,0.143,4.775,2.762081999978938,,,10.0
S00006,IMS-CSCF,cloud-1,cloud,252,DONE,11.8582,11.86173,3.5337560000243684,55.53375600002437,0.056,2.292,1.1857560000243685,,,52.0
S00006,IMS-CSCF,cloud-1,cloud,253,DONE,11.8611,11.8649,3.7952279999444727,55.79522799994447,0.074,1.769,1.9522279999444727,,,52.0
S00002,vRAN-DU,edge-B,edge,283,DONE,11.86124,11.86588,4.635454999970534,4.635454999970534,0.087,3.284,1.2644549999705341,,,0.0
S00004,UPF,core-1,core,261,DONE,11.86589,11.8702,4.3097909999687545,16.309790999968754,0.079,3.434,0.7967909999687541,,,12.0
S00002,vRAN-DU,edge-B,edge,284,DONE,11.87158,11.87786,6.278082999870094,6.278082999870094,0.171,4.942,1.1650829998700933,,,0.0
S00006,IMS-CSCF,cloud-1,cloud,254,DONE,11.87413,11.87784,3.7099969999871973,55.7099969999872,0.184,2.399,1.1269969999871972,,,52.0
S00008,Transcoder,cloud-1,cloud,124,DONE,11.87656,11.8875,10.932637999985673,62.93263799998567,0.081,9.52,1.3316379999856736,,,52.0
S00010,IoT-GW,core-1,core,270,DONE,11.88626,11.89008,3.8220609999370936,15.822060999937094,0.131,2.538,1.153060999937094,,,12.0
S00008,Transcoder,cloud-1,cloud,125,DONE,11.88891,11.90212,13.208461999965948,65.20846199996595,0.087,11.97,1.1514619999659477,,,52.0
S00004,UPF,core-1,core,262,DONE,11.88913,11.89504,5.914358999916658,17.914358999916658,0.087,4.997,0.8303589999166583,,,12.0
S00006,IMS-CSCF,cloud-1,cloud,255,DONE,11.89132,11.89603,4.7010010000576585,56.70100100005766,0.084,2.918,1.6990010000576583,,,52.0
S00006,IMS-CSCF,cloud-1,cloud,256,DONE,11.89722,11.8995,2.278757000112819,54.27875700011282,0.063,1.749,0.46675700011281873,,,52.0
S00004,UPF,core-1,core,263,DONE,11.89951,11.90242,2.9083890001402324,14.908389000140232,0.072,2.311,0.5253890001402324,,,12.0
S00002,vRAN-DU,edge-B,edge,285,DONE,11.90767,11.91604,8.368550999875879,8.368550999875879,4.304,3.095,0.969550999875878,,,0.0
S00008,Transcoder,cloud-1,cloud,126,DONE,11.90781,11.91805,10.241300999950909,62.24130099995091,0.072,9.595,0.5743009999509088,,,52.0
S00001,vRAN-DU,edge-A,edge,220,DONE,11.91928,11.92323,3.954581000016333,3.954581000016333,0.087,2.854,1.0135810000163326,,,0.0
S00002,vRAN-DU,edge-B,edge,286,DONE,11.92264,11.92616,3.5114620000058494,3.5114620000058494,0.076,2.952,0.4834620000058494,,,0.0
S00004,UPF,core-1,core,264,DONE,11.92544,11.92934,3.8944709999668703,15.89447099996687,0.085,3.271,0.5384709999668704,,,12.0
S00002,vRAN-DU,edge-B,edge,287,DONE,11.93468,11.93993,5.246210000223073,5.246210000223073,0.111,4.031,1.1042100002230733,,,0.0
S00009,IoT-GW,core-1,core,237,DONE,11.93712,11.93963,2.517914000009114,12.517914000009114,0.192,1.373,0.9529140000091139,,,10.0
S00003,UPF,core-1,core,274,DONE,11.93965,11.94361,3.9632740001707134,13.963274000170713,0.072,2.831,1.0602740001707134,,,10.0
S00001,vRAN-DU,edge-A,edge,221,DONE,11.93976,11.94363,3.8729240000066056,3.8729240000066056,0.079,3.071,0.7229240000066053,,,0.0
S00006,IMS-CSCF,cloud-1,cloud,257,DONE,11.94364,11.94644,2.8035400000590016,54.803540000059,0.092,2.099,0.6125400000590013,,,52.0
S00002,vRAN-DU,edge-B,edge,288,DONE,11.94645,11.95072,4.271245999916573,4.271245999916573,0.118,3.524,0.6292459999165732,,,0.0
S00008,Transcoder,cloud-1,cloud,127,DONE,11.95195,11.95873,6.7825360001734225,58.78253600017342,0.084,6.166,0.5325360001734225,,,52.0
S00001,vRAN-DU,edge-A,edge,222,DONE,11.95529,11.95865,3.367502999935823,3.367502999935823,0.083,2.521,0.7635029999358229,,,0.0
S00003,UPF,core-1,core,275,DONE,11.96095,11.96386,2.910418999817921,12.91041899981792,0.086,2.091,0.7334189998179208,,,10.0
S00008,Transcoder,cloud-1,cloud,128,DONE,11.96387,11.9706,6.726328000013382,58.72632800001338,0.081,5.986,0.6593280000133817,,,52.0
S00001,vRAN-DU,edge-A,edge,223,DONE,11.97183,11.97581,3.9885149999463465,3.9885149999463465,0.081,3.198,0.7095149999463466,,,0.0
S00007,Transcoder,cloud-1,cloud,117,DONE,11.98719,11.99505,7.8544310001689155,57.854431000168915,0.107,6.511,1.2364310001689152,,,50.0
S00008,Transcoder,cloud-1,cloud,129,DONE,11.99169,12.00735,15.66087400010474,67.66087400010474,0.084,14.818,0.7588740001047416,,,52.0
S00008,Transcoder,cloud-1,cloud,130,DONE,11.99413,12.01101,16.881586999943465,68.88158699994347,0.057,15.824,1.0005869999434651,,,52.0
S00010,IoT-GW,core-1,core,271,DONE,11.99632,11.99798,1.6558469999381487,13.655846999938149,0.087,0.987,0.5818469999381486,,,12.0
S00002,vRAN-DU,edge-B,edge,289,DONE,12.00126,12.00847,7.210691000182123,7.210691000182123,0.071,6.473,0.6666910001821238,,,0.0
S00004,UPF,core-1,core,265,DONE,12.00264,12.00805,5.413791999899331,17.41379199989933,0.095,4.622,0.6967919998993315,,,12.0
S00006,IMS-CSCF,cloud-1,cloud,258,DONE,12.00456,12.01619,11.629553999910058,63.62955399991006,0.144,10.481,1.0045539999100583,,,52.0
S00008,Transcoder,cloud-1,cloud,131,DONE,12.0074,12.02009,12.68405799987704,64.68405799987704,0.6,9.229,2.855057999877042,,,52.0
S00002,vRAN-DU,edge-B,edge,290,DONE,12.0122,12.01621,4.010472999880221,4.010472999880221,0.106,3.14,0.7644729998802213,,,0.0
S00002,vRAN-DU,edge-B,edge,291,DONE,12.01622,12.01929,3.0746200000066892,3.0746200000066892,0.109,2.513,0.45262000000668934,,,0.0
S00005,IMS-CSCF,cloud-1,cloud,254,DONE,12.03546,12.03821,2.7510410000104457,52.751041000010446,0.119,1.758,0.8740410000104457,,,50.0
S00001,vRAN-DU,edge-A,edge,224,DONE,12.04258,12.04773,5.144981000057669,5.144981000057669,0.102,3.48,1.5629810000576692,,,0.0
S00001,vRAN-DU,edge-A,edge,225,DONE,12.05212,12.0558,3.6707769997974538,3.6707769997974538,0.088,2.821,0.7617769997974535,,,0.0
S00005,IMS-CSCF,cloud-1,cloud,255,DONE,12.05449,12.05691,2.422007999939524,52.422007999939524,0.088,1.738,0.5960079999395238,,,50.0
S00002,vRAN-DU,edge-B,edge,292,DONE,12.0632,12.0669,3.7012989998856938,3.7012989998856938,0.085,2.892,0.7242989998856939,,,0.0
S00001,vRAN-DU,edge-A,edge,226,DONE,12.07527,12.07966,4.391957000052571,4.391957000052571,0.084,2.909,1.398957000052571,,,0.0
S00001,vRAN-DU,edge-A,edge,227,DONE,12.0767,12.07984,3.1412369999088696,3.1412369999088696,0.071,2.651,0.41923699990886965,,,0.0
S00010,IoT-GW,core-1,core,272,DONE,12.08207,12.08824,6.17000200008988,18.17000200008988,3.331,1.858,0.9810020000898803,,,12.0
S00004,UPF,core-1,core,266,DONE,12.09566,12.10003,4.365280000001803,16.365280000001803,0.1,3.212,1.053280000001803,,,12.0
S00008,Transcoder,cloud-1,cloud,132,DONE,12.09703,12.10487,7.841143000177908,59.84114300017791,0.081,7.121,0.6391430001779073,,,52.0
S00004,UPF,core-1,core,267,DONE,12.09936,12.10814,8.773876999839558,20.77387699983956,0.073,6.933,1.767876999839558,,,12.0
S00010,IoT-GW,core-1,core,273,DONE,12.11141,12.11478,3.374785999994856,15.374785999994856,0.144,2.184,1.0467859999948557,,,12.0
S00006,IMS-CSCF,cloud-1,cloud,259,DONE,12.11159,12.11457,2.9813660000854725,54.98136600008547,0.087,1.574,1.3203660000854724,,,52.0
S00007,Transcoder,cloud-1,cloud,118,DONE,12.11458,12.12371,9.129483999913646,59.129483999913646,0.081,8.266,0.7824839999136461,,,50.0
S00004,UPF,core-1,core,268,DONE,12.11607,12.11886,2.7876999999989494,14.78769999999895,0.121,1.938,0.7286999999989492,,,12.0
S00004,UPF,core-1,core,269,DONE,12.12008,12.12266,2.581427999984953,14.581427999984953,0.061,2.019,0.5014279999849531,,,12.0
S00005,IMS-CSCF,cloud-1,cloud,256,DONE,12.1261,12.12888,2.782873999876756,52.782873999876756,0.132,1.94,0.7108739998767559,,,50.0
S00001,vRAN-DU,edge-A,edge,228,DONE,12.1277,12.13246,4.762559000027977,4.762559000027977,0.138,3.54,1.0845590000279772,,,0.0
S00009,IoT-GW,core-1,core,238,DONE,12.13247,12.13443,1.9534099999418686,11.953409999941869,0.092,1.065,0.7964099999418686,,,10.0
S00007,Transcoder,cloud-1,cloud,119,DONE,12.13444,12.14447,10.034071999825755,60.034071999825755,0.162,6.645,3.227071999825756,,,50.0
S00010,IoT-GW,core-1,core,274,DONE,12.13582,12.14162,5.803319999813539,17.80331999981354,0.108,3.059,2.6363199998135385,,,12.0
S00003,UPF,core-1,core,276,DONE,12.13737,12.14575,8.382625999956872,18.382625999956872,0.164,7.237,0.9816259999568722,,,10.0
S00001,vRAN-DU,edge-A,edge,229,DONE,12.13748,12.14688,9.39604999985022,9.39604999985022,0.079,7.984,1.3330499998502194,,,0.0
S00004,UPF,core-1,core,270,DONE,12.14084,12.14662,5.780251000032877,17.780251000032877,0.052,4.618,1.1102510000328767,,,12.0
S00008,Transcoder,cloud-1,cloud,133,DONE,12.14448,12.15645,11.970588999929532,63.97058899992953,0.086,9.899,1.9855889999295329,,,52.0
S00003,UPF,core-1,core,277,DONE,12.14663,12.15133,4.699300999845946,14.699300999845946,0.087,2.991,1.6213009998459453,,,10.0
S00004,UPF,core-1,core,271,DONE,12.1502,12.15647,6.274900999869715,18.274900999869715,0.058,5.528,0.6889009998697153,,,12.0
S00006,IMS-CSCF,cloud-1,cloud,260,DONE,12.15037,12.15612,5.755552999971769,57.75555299997177,0.13,4.366,1.2595529999717696,,,52.0
S00008,Transcoder,cloud-1,cloud,134,DONE,12.15105,12.16114,10.089249999964522,62.08924999996452,0.095,8.983,1.0112499999645213,,,52.0
S00008,Transcoder,cloud-1,cloud,135,DONE,12.16347,12.18291,19.43980700002612,71.43980700002612,0.115,6.901,12.423807000026121,,,52.0
S00005,IMS-CSCF,cloud-1,cloud,257,DONE,12.18293,12.1976,14.670003000219367,64.67000300021937,0.199,13.278,1.1930030002193668,,,50.0
S00008,Transcoder,cloud-1,cloud,136,DONE,12.18311,12.20062,17.50413300010223,69.50413300010223,0.249,15.831,1.4241330001022305,,,52.0
S00006,IMS-CSCF,cloud-1,cloud,261,DONE,12.18318,12.19761,14.427795999836235,66.42779599983623,0.154,13.171,1.1027959998362356,,,52.0
S00004,UPF,core-1,core,272,DONE,12.18327,12.1928,9.535519000110071,21.53551900011007,0.128,8.52,0.8875190001100712,,,12.0
S00002,vRAN-DU,edge-B,edge,293,DONE,12.18677,12.19508,8.310411000138629,8.310411000138629,0.115,7.554,0.6414110001386284,,,0.0
S00006,IMS-CSCF,cloud-1,cloud,262,DONE,12.18847,12.20485,16.37803099993107,68.37803099993107,7.947,7.27,1.1610309999310715,,,52.0
S00005,IMS-CSCF,cloud-1,cloud,258,DONE,12.18863,12.20494,16.307551999943826,66.30755199994383,7.965,7.249,1.093551999943827,,,50.0
S00007,Transcoder,cloud-1,cloud,120,DONE,12.1887,12.20885,20.157744000016464,70.15774400001646,0.097,18.972,1.0887440000164617,,,50.0
S00010,IoT-GW,core-1,core,275,DONE,12.18886,12.19314,4.287303000182874,16.287303000182874,0.11,2.363,1.814303000182874,,,12.0
S00001,vRAN-DU,edge-A,edge,230,DONE,12.19096,12.20239,11.435284999834039,11.435284999834039,0.082,9.813,1.5402849998340375,,,0.0
S00005,IMS-CSCF,cloud-1,cloud,259,DONE,12.20063,12.20867,8.038714999884178,58.03871499988418,0.058,1.245,6.735714999884178,,,50.0
S00002,vRAN-DU,edge-B,edge,294,DONE,12.20465,12.2117,7.052502000078675,7.052502000078675,0.077,6.007,0.9685020000786757,,,0.0
S00001,vRAN-DU,edge-A,edge,231,DONE,12.20868,12.21253,3.8440889998128114,3.8440889998128114,0.098,3.038,0.7080889998128117,,,0.0
S00005,IMS-CSCF,cloud-1,cloud,260,DONE,12.21895,12.22442,5.469108999932359,55.46910899993236,0.083,4.337,1.0491089999323595,,,50.0
S00002,vRAN-DU,edge-B,edge,295,DONE,12.21912,12.22419,5.071327999985442,5.071327999985442,0.082,4.428,0.5613279999854424,,,0.0
S00004,UPF,core-1,core,273,DONE,12.22149,12.22495,3.4569660001579905,15.45696600015799,0.084,2.706,0.6669660001579905,,,12.0
S00008,Transcoder,cloud-1,cloud,137,DONE,12.23531,12.24264,7.32155699984105,59.32155699984105,0.103,6.372,0.8465569998410505,,,52.0
S00007,Transcoder,cloud-1,cloud,121,DONE,12.25699,12.26392,6.925742000021273,56.92574200002127,0.103,6.132,0.6907420000212738,,,50.0
S00005,IMS-CSCF,cloud-1,cloud,261,DONE,12.2634,12.26587,2.4687929999345215,52.46879299993452,0.051,1.567,0.8507929999345216,,,50.0
S00006,IMS-CSCF,cloud-1,cloud,263,DONE,12.27223,12.27495,2.718783000091207,54.71878300009121,0.091,1.857,0.7707830000912073,,,52.0
S00008,Transcoder,cloud-1,cloud,138,DONE,12.27827,12.28617,7.896181999967666,59.896181999967666,0.12,7.031,0.7451819999676665,,,52.0
S00003,UPF,core-1,core,278,DONE,12.2817,12.28483,3.1305280001561187,13.130528000156119,0.085,2.2,0.8455280001561185,,,10.0
S00006,IMS-CSCF,cloud-1,cloud,264,DONE,12.3017,12.30455,2.8502259999640955,54.850225999964096,0.1,1.695,1.0552259999640954,,,52.0
S00008,Transcoder,cloud-1,cloud,139,DONE,12.30792,12.31518,7.25853900007678,59.25853900007678,0.144,6.253,0.86153900007678,,,52.0
S00008,Transcoder,cloud-1,cloud,140,DONE,12.31748,12.32486,7.3729029998048645,59.372902999804865,0.088,6.522,0.7629029998048642,,,52.0
S00001,vRAN-DU,edge-A,edge,232,DONE,12.32403,12.32896,4.929340999979104,4.929340999979104,0.13,2.999,1.8003409999791038,,,0.0
S00009,IoT-GW,core-1,core,239,DONE,12.3271,12.32965,2.5426429999697575,12.542642999969758,0.094,1.698,0.7506429999697575,,,10.0
S00009,IoT-GW,core-1,core,240,DONE,12.32897,12.33056,1.5923979999570292,11.59239799995703,0.046,0.853,0.6933979999570292,,,10.0
S00007,Transcoder,cloud-1,cloud,122,DONE,12.33057,12.33745,6.884077999984584,56.884077999984584,0.081,5.973,0.8300779999845833,,,50.0
S00003,UPF,core-1,core,279,DONE,12.3369,12.34076,3.8560669997877994,13.8560669997878,0.105,2.444,1.3070669997877995,,,10.0
S00009,IoT-GW,core-1,core,241,DONE,12.33706,12.34075,3.680899999835674,13.680899999835674,0.176,2.321,1.1838999998356736,,,10.0
S00005,IMS-CSCF,cloud-1,cloud,262,DONE,12.34419,12.34653,2.3397549998662726,52.33975499986627,0.091,1.551,0.6977549998662727,,,50.0
S00004,UPF,core-1,core,274,DONE,12.35699,12.36004,3.0533069998455176,15.053306999845518,0.179,2.151,0.7233069998455179,,,12.0
S00003,UPF,core-1,core,280,DONE,12.35947,12.36416,4.689019999887023,14.689019999887023,0.126,3.314,1.249019999887023,,,10.0
S00001,vRAN-DU,edge-A,edge,233,DONE,12.36009,12.36662,6.525921000047674,6.525921000047674,0.148,5.491,0.8869210000476748,,,0.0
S00003,UPF,core-1,core,281,DONE,12.36024,12.36704,6.792674000053012,16.79267400005301,3.38,2.462,0.9506740000530112,,,10.0
S00001,vRAN-DU,edge-A,edge,234,DONE,12.36357,12.36922,5.646809999916513,5.646809999916513,0.071,5.005,0.5708099999165137,,,0.0
S00009,IoT-GW,core-1,core,242,DONE,12.36371,12.36708,3.3685230000628508,13.36852300006285,0.044,2.386,0.9385230000628506,,,10.0
S00002,vRAN-DU,edge-B,edge,296,DONE,12.36713,12.37066,3.536922999956005,3.536922999956005,0.072,2.966,0.49892299995600453,,,0.0
S00001,vRAN-DU,edge-A,edge,235,DONE,12.37389,12.37738,3.498862000014924,3.498862000014924,0.079,2.809,0.6108620000149236,,,0.0
S00006,IMS-CSCF,cloud-1,cloud,265,DONE,12.38568,12.39212,6.438205999984348,58.43820599998435,0.11,5.457,0.8712059999843476,,,52.0
S00001,vRAN-DU,edge-A,edge,236,DONE,12.39661,12.40093,4.319269000006898,4.319269000006898,0.117,3.281,0.9212690000068977,,,0.0
S00010,IoT-GW,core-1,core,276,DONE,12.4043,12.4082,3.897379999898476,15.897379999898476,0.091,3.055,0.7513799998984756,,,12.0
S00004,UPF,core-1,core,275,DONE,12.40592,12.41067,4.756649999990259,16.75664999999026,0.13,2.864,1.7626499999902592,,,12.0
S00007,Transcoder,cloud-1,cloud,123,DONE,12.40601,12.41765,11.63771699998506,61.63771699998506,0.118,9.881,1.6387169999850588,,,50.0
S00003,UPF,core-1,core,282,DONE,12.41695,12.42088,3.9304260001244984,13.930426000124498,0.081,3.177,0.6724260001244984,,,10.0
S00008,Transcoder,cloud-1,cloud,141,DONE,12.42516,12.43278,7.617696000124852,59.61769600012485,0.123,6.513,0.9816960001248516,,,52.0
S00010,IoT-GW,core-1,core,277,DONE,12.43177,12.43533,3.562665999879755,15.562665999879755,0.122,2.478,0.9626659998797549,,,12.0
S00009,IoT-GW,core-1,core,243,DONE,12.43286,12.43574,2.876667999998972,12.876667999998972,0.122,2.058,0.6966679999989722,,,10.0
S00003,UPF,core-1,core,283,DONE,12.43909,12.44321,4.118312000173319,14.118312000173319,0.156,3.215,0.7473120001733187,,,10.0
S00002,vRAN-DU,edge-B,edge,297,DONE,12.44329,12.44791,4.619752999815319,4.619752999815319,0.103,3.585,0.9317529998153185,,,0.0
S00009,IoT-GW,core-1,core,244,DONE,12.44925,12.45145,2.195829000129379,12.195829000129379,0.131,1.264,0.800829000129379,,,10.0
S00007,Transcoder,cloud-1,cloud,124,DONE,12.45378,12.46604,12.260527999842452,62.26052799984245,0.105,11.406,0.7495279998424511,,,50.0
S00010,IoT-GW,core-1,core,278,DONE,12.45528,12.46212,6.841114000053494,18.841114000053494,0.115,5.812,0.9141140000534937,,,12.0
S00010,IoT-GW,core-1,core,279,DONE,12.46441,12.46596,1.5489209999941522,13.548920999994152,0.072,0.883,0.5939209999941523,,,12.0
S00010,IoT-GW,core-1,core,280,DONE,12.46826,12.47036,2.098347000128342,14.098347000128342,0.092,1.259,0.7473470001283422,,,12.0
S00004,UPF,core-1,core,276,DONE,12.47174,12.47524,3.500004999978046,15.500004999978046,0.068,2.849,0.5830049999780456,,,12.0
S00009,IoT-GW,core-1,core,245,DONE,12.47312,12.47582,2.6978020000569813,12.697802000056981,0.089,1.306,1.3028020000569813,,,10.0
S00004,UPF,core-1,core,277,DONE,12.47329,12.48122,7.931490999908419,19.93149099990842,1.832,5.326,0.7734909999084199,,,12.0
S00006,IMS-CSCF,cloud-1,cloud,266,DONE,12.4746,12.47827,3.67632000006779,55.67632000006779,0.083,2.752,0.8413200000677898,,,52.0
S00002,vRAN-DU,edge-B,edge,298,DONE,12.47468,12.48265,7.9672759998175025,7.9672759998175025,0.139,6.566,1.2622759998175024,,,0.0
S00005,IMS-CSCF,cloud-1,cloud,263,DONE,12.47583,12.48481,8.975097000075039,58.97509700007504,0.058,7.574,1.3430970000750388,,,50.0
S00006,IMS-CSCF,cloud-1,cloud,267,DONE,12.47718,12.48465,7.471881000128633,59.47188100012863,0.054,5.59,1.8278810001286327,,,52.0
S00003,UPF,core-1,core,284,DONE,12.47948,12.48482,5.342930999859163,15.342930999859163,0.119,4.207,1.0169309998591638,,,10.0
S00009,IoT-GW,core-1,core,246,DONE,12.48494,12.48707,2.1363780001593113,12.136378000159311,0.068,1.338,0.7303780001593112,,,10.0
S00006,IMS-CSCF,cloud-1,cloud,268,DONE,12.48709,12.49004,2.948986000092191,54.94898600009219,0.082,2.193,0.6739860000921909,,,52.0
S00009,IoT-GW,core-1,core,247,DONE,12.49431,12.49703,2.7197809999961464,12.719780999996146,0.132,1.588,0.9997809999961462,,,10.0
S00008,Transcoder,cloud-1,cloud,142,DONE,12.49715,12.50709,9.93607800000973,61.93607800000973,0.119,9.145,0.67207800000973,,,52.0
S00009,IoT-GW,core-1,core,248,DONE,12.4974,12.49999,2.5927770000180317,12.592777000018032,0.099,1.633,0.8607770000180317,,,10.0
S00003,UPF,core-1,core,285,DONE,12.49907,12.50429,5.220495000003211,15.220495000003211,0.107,3.55,1.5634950000032113,,,10.0
S00004,UPF,core-1,core,278,DONE,12.50001,12.50618,6.173178000153712,18.17317800015371,0.077,4.995,1.1011780001537117,,,12.0
S00004,UPF,core-1,core,279,DONE,12.50571,12.50897,3.259948000049917,15.259948000049917,0.048,2.229,0.9829480000499169,,,12.0
S00007,Transcoder,cloud-1,cloud,125,DONE,12.50904,12.51671,7.673573999909422,57.67357399990942,0.127,6.771,0.7755739999094224,,,50.0
S00005,IMS-CSCF,cloud-1,cloud,264,DONE,12.523,12.52566,2.6623100000051636,52.662310000005164,0.084,1.834,0.7443100000051635,,,50.0
S00001,vRAN-DU,edge-A,edge,237,DONE,12.54202,12.54607,4.048897000075158,4.048897000075158,0.145,2.939,0.9648970000751578,,,0.0
S00007,Transcoder,cloud-1,cloud,126,DONE,12.54446,12.55277,8.317125000075976,58.317125000075976,0.101,7.347,0.8691250000759752,,,50.0
S00002,vRAN-DU,edge-B,edge,299,DONE,12.55507,12.55977,4.701733999809221,4.701733999809221,0.115,3.614,0.972733999809221,,,0.0
S00002,vRAN-DU,edge-B,edge,300,DONE,12.55979,12.5638,4.014825000012934,4.014825000012934,0.074,3.348,0.592825000012934,,,0.0
S00009,IoT-GW,core-1,core,249,DONE,12.56001,12.56194,1.9320639999023115,11.932063999902311,0.251,1.141,0.5400639999023116,,,10.0
S00007,Transcoder,cloud-1,cloud,127,DONE,12.56502,12.57157,6.545955999854414,56.545955999854414,0.087,5.918,0.5409559998544138,,,50.0
S00004,UPF,core-1,core,280,DONE,12.56831,12.57319,4.876899000009871,16.87689900000987,0.071,4.307,0.498899000009871,,,12.0
S00009,IoT-GW,core-1,core,250,DONE,12.58058,12.58242,1.8385270000180753,11.838527000018075,0.093,1.158,0.5875270000180755,,,10.0
S00004,UPF,core-1,core,281,DONE,12.58365,12.58622,2.5712199999361474,14.571219999936147,0.06,2.011,0.5002199999361472,,,12.0
S00003,UPF,core-1,core,286,DONE,12.58495,12.5874,2.458518999901571,12.458518999901571,0.05,2.005,0.40351899990157136,,,10.0
S00001,vRAN-DU,edge-A,edge,238,DONE,12.58962,12.59314,3.5156710000592284,3.5156710000592284,0.08,2.844,0.5916710000592285,,,0.0
S00002,vRAN-DU,edge-B,edge,301,DONE,12.59738,12.60509,7.712406999871746,7.712406999871746,0.081,6.296,1.3354069998717453,,,0.0
S00008,Transcoder,cloud-1,cloud,143,DONE,12.59754,12.6081,10.55802899986702,62.55802899986702,0.203,9.898,0.4570289998670205,,,52.0
S00002,vRAN-DU,edge-B,edge,302,DONE,12.6044,12.6079,3.494953999961581,3.494953999961581,0.054,2.37,1.070953999961581,,,0.0
S00010,IoT-GW,core-1,core,281,DONE,12.61539,12.61788,2.4862780001058127,14.486278000105813,0.131,1.582,0.7732780001058126,,,12.0
S00002,vRAN-DU,edge-B,edge,303,DONE,12.61907,12.62298,3.906216999894241,3.906216999894241,0.158,3.059,0.6892169998942408,,,0.0
S00007,Transcoder,cloud-1,cloud,128,DONE,12.62222,12.63905,16.827606999868294,66.8276069998683,0.37,12.002,4.455606999868294,,,50.0
S00009,IoT-GW,core-1,core,251,DONE,12.62299,12.62465,1.662621999912517,11.662621999912517,0.076,0.982,0.6046219999125169,,,10.0
S00005,IMS-CSCF,cloud-1,cloud,265,DONE,12.62466,12.63276,8.098737999944206,58.098737999944206,0.744,3.656,3.698737999944205,,,50.0
S00001,vRAN-DU,edge-A,edge,239,DONE,12.63277,12.6392,6.427228999882573,6.427228999882573,0.201,4.05,2.1762289998825732,,,0.0
S00001,vRAN-DU,edge-A,edge,240,DONE,12.63298,12.65203,19.052609000027587,19.052609000027587,0.123,18.142,0.7876090000275866,,,0.0
S00010,IoT-GW,core-1,core,282,DONE,12.63628,12.63907,2.790103000052113,14.790103000052113,0.083,1.366,1.3411030000521131,,,12.0
S00005,IMS-CSCF,cloud-1,cloud,266,DONE,12.63639,12.64232,5.929932000071858,55.92993200007186,0.089,3.317,2.523932000071858,,,50.0
S00009,IoT-GW,core-1,core,252,DONE,12.63763,12.6396,1.9628649999958725,11.962864999995872,0.044,0.986,0.9328649999958725,,,10.0
S00002,vRAN-DU,edge-B,edge,304,DONE,12.63772,12.64756,9.835987000087698,9.835987000087698,0.086,6.511,3.2389870000876977,,,0.0
S00002,vRAN-DU,edge-B,edge,305,DONE,12.63785,12.65531,17.466952000177116,17.466952000177116,0.238,14.061,3.1679520001771166,,,0.0
S00008,Transcoder,cloud-1,cloud,144,DONE,12.64233,12.65414,11.807618999910119,63.80761899991012,0.054,11.2,0.5536189999101193,,,52.0
S00004,UPF,core-1,core,282,DONE,12.64358,12.64589,2.30582700010018,14.30582700010018,0.061,1.83,0.41482700010018014,,,12.0
S00002,vRAN-DU,edge-B,edge,306,DONE,12.64714,12.65253,5.3993479998553084,5.3993479998553084,0.051,4.519,0.8293479998553082,,,0.0
S00006,IMS-CSCF,cloud-1,cloud,269,DONE,12.65532,12.65754,2.2167369997987407,54.21673699979874,0.094,1.506,0.6167369997987406,,,52.0
S00009,IoT-GW,core-1,core,253,DONE,12.66885,12.67084,1.9893050000518997,11.9893050000519,0.091,1.148,0.7503050000518998,,,10.0
S00009,IoT-GW,core-1,core,254,DONE,12.67085,12.67252,1.6718199999559147,11.671819999955915,0.084,1.069,0.5188199999559147,,,10.0
S00010,IoT-GW,core-1,core,283,DONE,12.68792,12.69069,2.7666159999171214,14.766615999917121,0.069,2.124,0.5736159999171213,,,12.0
S00010,IoT-GW,core-1,core,284,DONE,12.70295,12.70631,3.3546140000453306,15.35461400004533,0.126,2.134,1.0946140000453308,,,12.0
S00010,IoT-GW,core-1,core,285,DONE,12.70632,12.70833,2.01116300013382,14.01116300013382,0.066,1.338,0.6071630001338197,,,12.0
S00006,IMS-CSCF,cloud-1,cloud,270,DONE,12.70955,12.71199,2.432344999988345,54.432344999988345,0.11,1.616,0.7063449999883449,,,52.0
S00010,IoT-GW,core-1,core,286,DONE,12.71206,12.714,1.9403220001095178,13.940322000109518,0.119,1.299,0.5223220001095179,,,12.0
S00004,UPF,core-1,core,283,DONE,12.71623,12.71927,3.0419079998864618,15.041907999886462,0.086,2.126,0.829907999886462,,,12.0
S00004,UPF,core-1,core,284,DONE,12.71928,12.72275,3.4681720001117355,15.468172000111736,0.052,2.774,0.6421720001117355,,,12.0
S00006,IMS-CSCF,cloud-1,cloud,271,DONE,12.72281,12.72517,2.3628310000276542,54.362831000027654,0.114,1.622,0.626831000027654,,,52.0
S00001,vRAN-DU,edge-A,edge,241,DONE,12.73263,12.73631,3.684526999904847,3.684526999904847,0.081,2.755,0.848526999904847,,,0.0
S00010,IoT-GW,core-1,core,287,DONE,12.73765,12.74106,3.407593000019915,15.407593000019915,0.087,2.56,0.7605930000199148,,,12.0
S00002,vRAN-DU,edge-B,edge,307,DONE,12.7378,12.74215,4.357411000000866,4.357411000000866,0.077,3.423,0.8574110000008659,,,0.0
S00009,IoT-GW,core-1,core,255,DONE,12.74757,12.75021,2.6394730000447453,12.639473000044745,0.088,1.772,0.7794730000447452,,,10.0
S00010,IoT-GW,core-1,core,288,DONE,12.75451,12.75671,2.198499000087395,14.198499000087395,0.126,1.31,0.762499000087395,,,12.0
S00009,IoT-GW,core-1,core,256,DONE,12.75798,12.75995,1.975041999912719,11.975041999912719,0.059,1.348,0.5680419999127189,,,10.0
S00001,vRAN-DU,edge-A,edge,242,DONE,12.75996,12.7637,3.7389659999007563,3.7389659999007563,0.219,2.813,0.7069659999007563,,,0.0
S00010,IoT-GW,core-1,core,289,DONE,12.76907,12.77084,1.7696820000310254,13.769682000031025,0.096,0.99,0.6836820000310253,,,12.0
S00006,IMS-CSCF,cloud-1,cloud,272,DONE,12.76925,12.77201,2.761354000085703,54.7613540000857,0.127,1.974,0.6603540000857029,,,52.0
S00002,vRAN-DU,edge-B,edge,308,DONE,12.77424,12.7784,4.158177999897816,4.158177999897816,0.119,3.324,0.7151779998978167,,,0.0
S00001,vRAN-DU,edge-A,edge,243,DONE,12.77661,12.78125,4.640484999981709,4.640484999981709,0.113,3.93,0.5974849999817087,,,0.0
S00009,IoT-GW,core-1,core,257,DONE,12.78461,12.78684,2.230844000223442,12.230844000223442,0.116,1.419,0.6958440002234418,,,10.0
S00002,vRAN-DU,edge-B,edge,309,DONE,12.80127,12.80535,4.079428000068219,4.079428000068219,0.107,3.152,0.8204280000682189,,,0.0
S00002,vRAN-DU,edge-B,edge,310,DONE,12.80378,12.80928,5.49885100008396,5.49885100008396,0.075,4.748,0.6758510000839593,,,0.0
S00006,IMS-CSCF,cloud-1,cloud,273,DONE,12.80929,12.81165,2.3592030001964304,54.35920300019643,0.109,1.517,0.7332030001964305,,,52.0
S00003,UPF,core-1,core,287,DONE,12.82203,12.82634,4.303367000147773,14.303367000147773,0.101,3.438,0.7643670001477729,,,10.0
S00009,IoT-GW,core-1,core,258,DONE,12.82344,12.8249,1.4639529999840306,11.46395299998403,0.06,0.858,0.5459529999840307,,,10.0
S00009,IoT-GW,core-1,core,259,DONE,12.83166,12.83474,3.0772360000810295,13.07723600008103,0.068,2.294,0.7152360000810294,,,10.0
S00009,IoT-GW,core-1,core,260,DONE,12.83407,12.83624,2.1699299998090282,12.169929999809028,0.066,1.339,0.7649299998090282,,,10.0
S00008,Transcoder,cloud-1,cloud,145,DONE,12.836,12.84744,11.430838000023869,63.43083800002387,0.102,10.478,0.8508380000238684,,,52.0
S00006,IMS-CSCF,cloud-1,cloud,274,DONE,12.83608,12.84103,4.945767999970485,56.945767999970485,0.166,3.951,0.8287679999704851,,,52.0
S00007,Transcoder,cloud-1,cloud,129,DONE,12.83953,12.84854,9.011708000116414,59.011708000116414,0.073,8.444,0.4947080001164128,,,50.0
S00001,vRAN-DU,edge-A,edge,244,DONE,12.84321,12.85162,8.405136000192215,8.405136000192215,0.08,7.419,0.9061360001922152,,,0.0
S00001,vRAN-DU,edge-A,edge,245,DONE,12.84754,12.85281,5.272475000083432,5.272475000083432,0.072,4.699,0.501475000083432,,,0.0
S00004,UPF,core-1,core,285,DONE,12.85163,12.85513,3.4924179999507032,15.492417999950703,0.11,2.723,0.6594179999507035,,,12.0
S00008,Transcoder,cloud-1,cloud,146,DONE,12.86765,12.87963,11.983189999909882,63.98318999990988,0.11,10.858,1.0151899999098823,,,52.0
S00006,IMS-CSCF,cloud-1,cloud,275,DONE,12.885,12.88858,3.5807859999295033,55.5807859999295,0.177,2.242,1.1617859999295033,,,52.0
S00001,vRAN-DU,edge-A,edge,246,DONE,12.88515,12.89172,6.56940199996825,6.56940199996825,0.118,5.776,0.6754019999682495,,,0.0
S00006,IMS-CSCF,cloud-1,cloud,276,DONE,12.88859,12.89153,2.9334809998999845,54.933480999899984,0.082,1.989,0.8624809998999843,,,52.0
S00004,UPF,core-1,core,286,DONE,12.89906,12.90293,3.8711510001121496,15.87115100011215,0.16,2.758,0.9531510001121495,,,12.0
S00002,vRAN-DU,edge-B,edge,311,DONE,12.9026,12.90706,4.460217000087141,4.460217000087141,0.106,3.043,1.311217000087141,,,0.0
S00003,UPF,core-1,core,288,DONE,12.90299,12.90814,5.1470509999944625,15.147050999994462,0.22,4.513,0.4140509999944628,,,10.0
S00010,IoT-GW,core-1,core,290,DONE,12.90707,12.90923,2.1529430000555294,14.15294300005553,0.104,1.531,0.5179430000555294,,,12.0
S00004,UPF,core-1,core,287,DONE,12.91665,12.92054,3.8876730000083626,15.887673000008363,0.118,2.549,1.2206730000083628,,,12.0
S00007,Transcoder,cloud-1,cloud,130,DONE,12.91915,12.93264,13.492029999952138,63.49202999995214,0.114,12.546,0.8320299999521374,,,50.0
S00002,vRAN-DU,edge-B,edge,312,DONE,12.92185,12.9298,7.951243999968938,7.951243999968938,0.119,7.047,0.7852439999689382,,,0.0
S00005,IMS-CSCF,cloud-1,cloud,267,DONE,12.9246,12.92868,4.078623000168591,54.07862300016859,0.11,3.123,0.8456230001685907,,,50.0
S00010,IoT-GW,core-1,core,291,DONE,12.92592,12.93033,4.405719000033059,16.40571900003306,0.111,3.519,0.7757190000330589,,,12.0
S00004,UPF,core-1,core,288,DONE,12.93389,12.93769,3.800619999992705,15.800619999992705,0.109,2.936,0.7556199999927049,,,12.0
S00009,IoT-GW,core-1,core,261,DONE,12.93777,12.93951,1.7355319998841878,11.735531999884188,0.088,1.083,0.5645319998841878,,,10.0
S00003,UPF,core-1,core,289,DONE,12.9468,12.95228,5.482089999986783,15.482089999986783,0.264,3.93,1.2880899999867834,,,10.0
S00006,IMS-CSCF,cloud-1,cloud,277,DONE,12.95241,12.95554,3.123607999896194,55.123607999896194,0.114,2.08,0.9296079998961941,,,52.0
S00004,UPF,core-1,core,289,DONE,12.95385,12.95727,3.426861999969333,15.426861999969333,0.101,2.595,0.7308619999693327,,,12.0
S00010,IoT-GW,core-1,core,292,DONE,12.96273,12.96561,2.8847360001691413,14.884736000169141,0.12,1.248,1.5167360001691415,,,12.0
S00002,vRAN-DU,edge-B,edge,313,DONE,12.96293,12.96877,5.84534400013581,5.84534400013581,0.087,5.026,0.7323440001358108,,,0.0
S00005,IMS-CSCF,cloud-1,cloud,268,DONE,12.97104,12.97398,2.9453690001446375,52.94536900014464,0.169,1.998,0.7783690001446377,,,50.0
S00010,IoT-GW,core-1,core,293,DONE,12.97631,12.97918,2.868893999902866,14.868893999902866,0.126,1.735,1.007893999902866,,,12.0
S00005,IMS-CSCF,cloud-1,cloud,269,DONE,12.97887,12.9818,2.9253539998990163,52.925353999899016,0.114,1.845,0.9663539998990163,,,50.0
S00010,IoT-GW,core-1,core,294,DONE,12.98158,12.985,3.4212099999422207,15.42120999994222,0.086,2.573,0.7622099999422209,,,12.0
S00010,IoT-GW,core-1,core,295,DONE,12.98408,12.98633,2.2548169999936363,14.254816999993636,0.059,1.093,1.1028169999936364,,,12.0
S00009,IoT-GW,core-1,core,262,DONE,12.98972,12.99265,2.9347079998842673,12.934707999884267,0.081,1.776,1.0777079998842674,,,10.0
S00010,IoT-GW,core-1,core,296,DONE,12.99228,12.99417,1.882117999912225,13.882117999912225,0.075,1.149,0.6581179999122251,,,12.0
S00008,Transcoder,cloud-1,cloud,147,DONE,12.99417,13.00138,7.203442999980325,59.203442999980325,0.11,6.404,0.6894429999803249,,,52.0
S00007,Transcoder,cloud-1,cloud,131,DONE,12.99966,13.01138,11.722092999889355,61.722092999889355,0.105,10.898,0.7190929998893552,,,50.0
S00010,IoT-GW,core-1,core,297,DONE,13.00479,13.00981,5.024419000164926,17.024419000164926,0.091,4.042,0.8914190001649258,,,12.0
S00006,IMS-CSCF,cloud-1,cloud,278,DONE,13.02177,13.02426,2.49489599991648,54.49489599991648,0.114,1.575,0.8058959999164799,,,52.0
S00007,Transcoder,cloud-1,cloud,132,DONE,13.03173,13.04326,11.529831999951057,61.52983199995106,0.492,10.203,0.8348319999510565,,,50.0
S00007,Transcoder,cloud-1,cloud,133,DONE,13.03625,13.05107,14.819554000041535,64.81955400004153,0.105,13.815,0.899554000041535,,,50.0
S00006,IMS-CSCF,cloud-1,cloud,279,DONE,13.04555,13.04971,4.164991999914491,56.16499199991449,0.079,1.912,2.1739919999144917,,,52.0
S00010,IoT-GW,core-1,core,298,DONE,13.04608,13.05034,4.261617999873124,16.261617999873124,0.092,3.499,0.6706179998731239,,,12.0
S00009,IoT-GW,core-1,core,263,DONE,13.05243,13.05494,2.512672999955612,12.512672999955612,0.088,1.544,0.8806729999556118,,,10.0
S00009,IoT-GW,core-1,core,264,DONE,13.05496,13.05717,2.211514000009629,12.211514000009629,0.082,1.411,0.7185140000096288,,,10.0
S00010,IoT-GW,core-1,core,299,DONE,13.05953,13.06198,2.4571229998855415,14.457122999885542,0.092,1.762,0.6031229998855414,,,12.0
S00006,IMS-CSCF,cloud-1,cloud,280,DONE,13.07052,13.07311,2.583583999921757,54.58358399992176,0.116,1.678,0.7895839999217569,,,52.0
S00002,vRAN-DU,edge-B,edge,314,DONE,13.07954,13.08606,6.518522000078519,6.518522000078519,0.081,5.488,0.9495220000785185,,,0.0
S00010,IoT-GW,core-1,core,300,DONE,13.09439,13.0968,2.4120489999859274,14.412048999985927,0.115,1.289,1.0080489999859275,,,12.0
S00006,IMS-CSCF,cloud-1,cloud,281,DONE,13.10008,13.10211,2.0333550000941614,54.03335500009416,0.095,1.313,0.6253550000941615,,,52.0
S00010,IoT-GW,core-1,core,301,DONE,13.10022,13.10189,1.6714020000563323,13.671402000056332,0.091,0.966,0.6144020000563324,,,12.0
S00009,IoT-GW,core-1,core,265,DONE,13.10334,13.10505,1.710786000103326,11.710786000103326,0.064,1.136,0.510786000103326,,,10.0
S00001,vRAN-DU,edge-A,edge,247,DONE,13.10356,13.1085,4.941502000065157,4.941502000065157,0.078,4.063,0.8005020000651566,,,0.0
S00010,IoT-GW,core-1,core,302,DONE,13.11184,13.11424,2.397642999994787,14.397642999994787,0.088,1.563,0.7466429999947868,,,12.0
S00004,UPF,core-1,core,290,DONE,13.11432,13.11811,3.7914399999863235,15.791439999986324,0.071,2.318,1.4024399999863233,,,12.0
S00006,IMS-CSCF,cloud-1,cloud,282,DONE,13.11772,13.12262,4.897898000081113,56.89789800008111,0.086,4.101,0.7108980000811131,,,52.0
S00003,UPF,core-1,core,290,DONE,13.11788,13.12312,5.236481000110871,15.23648100011087,0.073,4.415,0.7484810001108704,,,10.0
S00001,vRAN-DU,edge-A,edge,248,DONE,13.11817,13.12271,4.542427999922438,4.542427999922438,0.1,3.666,0.7764279999224382,,,0.0
S00006,IMS-CSCF,cloud-1,cloud,283,DONE,13.12842,13.1309,2.4793080001472845,54.479308000147284,0.11,1.533,0.8363080001472845,,,52.0
S00002,vRAN-DU,edge-B,edge,315,DONE,13.13092,13.13457,3.6569399999279995,3.6569399999279995,0.31,2.717,0.6299399999279993,,,0.0
S00010,IoT-GW,core-1,core,303,DONE,13.13105,13.13406,3.0122450000362733,15.012245000036273,0.114,1.488,1.4102450000362732,,,12.0
S00003,UPF,core-1,core,291,DONE,13.13583,13.13999,4.156370999908177,14.156370999908177,0.098,3.39,0.6683709999081766,,,10.0
S00005,IMS-CSCF,cloud-1,cloud,270,DONE,13.13716,13.14147,4.31786900003317,54.31786900003317,0.131,3.641,0.5458690000331696,,,50.0
S00005,IMS-CSCF,cloud-1,cloud,271,DONE,13.14,13.14323,3.237009000031321,53.23700900003132,0.814,1.353,1.0700090000313214,,,50.0
S00004,UPF,core-1,core,291,DONE,13.14017,13.1445,4.334090999918772,16.33409099991877,0.066,3.564,0.7040909999187717,,,12.0
S00009,IoT-GW,core-1,core,266,DONE,13.1457,13.148,2.2976850000304694,12.29768500003047,0.086,1.596,0.6156850000304692,,,10.0
S00002,vRAN-DU,edge-B,edge,316,DONE,13.14705,13.15096,3.911519999974189,3.911519999974189,0.096,3.184,0.6315199999741887,,,0.0
S00010,IoT-GW,core-1,core,304,DONE,13.1634,13.16678,3.379733999963719,15.379733999963719,0.239,1.714,1.426733999963719,,,12.0
S00001,vRAN-DU,edge-A,edge,249,DONE,13.16697,13.17125,4.271926999990683,4.271926999990683,0.16,3.103,1.0089269999906825,,,0.0
S00009,IoT-GW,core-1,core,267,DONE,13.1684,13.17136,2.9571190000297065,12.957119000029707,0.104,2.216,0.6371190000297062,,,10.0
S00004,UPF,core-1,core,292,DONE,13.17876,13.195,16.241396999930657,28.241396999930657,0.096,3.86,12.285396999930658,,,12.0
S00008,Transcoder,cloud-1,cloud,148,DONE,13.18018,13.1953,15.122238999992987,67.12223899999299,0.09,12.121,2.911238999992987,,,52.0
S00006,IMS-CSCF,cloud-1,cloud,284,DONE,13.19531,13.19885,3.5424820000571344,55.542482000057134,0.109,2.513,0.9204820000571345,,,52.0
S00004,UPF,core-1,core,293,DONE,13.19548,13.2009,5.427213000075426,17.427213000075426,1.412,3.328,0.6872130000754257,,,12.0
S00001,vRAN-DU,edge-A,edge,250,DONE,13.20527,13.21123,5.956642999990436,5.956642999990436,0.087,4.976,0.8936429999904361,,,0.0
S00005,IMS-CSCF,cloud-1,cloud,272,DONE,13.20678,13.21041,3.6306930001046567,53.63069300010466,0.087,2.786,0.7576930001046565,,,50.0
S00008,Transcoder,cloud-1,cloud,149,DONE,13.21261,13.22787,15.256184000008943,67.25618400000894,0.085,14.4,0.771184000008942,,,52.0
S00003,UPF,core-1,core,292,DONE,13.21279,13.22311,10.321280999960436,20.321280999960436,0.126,7.556,2.6392809999604356,,,10.0
S00003,UPF,core-1,core,293,DONE,13.21411,13.22379,9.678577000158839,19.67857700015884,6.535,2.359,0.7845770001588388,,,10.0
S00007,Transcoder,cloud-1,cloud,134,DONE,13.21423,13.23455,20.326734000036595,70.3267340000366,0.107,19.014,1.2057340000365961,,,50.0
S00006,IMS-CSCF,cloud-1,cloud,285,DONE,13.21871,13.22786,9.1458590000002,61.1458590000002,0.22,8.007,0.9188590000002002,,,52.0
S00005,IMS-CSCF,cloud-1,cloud,273,DONE,13.21887,13.22777,8.899506000034307,58.89950600003431,0.111,8.044,0.7445060000343062,,,50.0
S00002,vRAN-DU,edge-B,edge,317,DONE,13.22312,13.23231,9.186921000036818,9.186921000036818,0.094,7.106,1.9869210000368183,,,0.0
S00003,UPF,core-1,core,294,DONE,13.2238,13.22772,3.919262999943385,13.919262999943385,0.056,3.335,0.5282629999433848,,,10.0
S00005,IMS-CSCF,cloud-1,cloud,274,DONE,13.23589,13.239,3.102608000062901,53.1026080000629,0.213,2.049,0.8406080000629008,,,50.0
S00001,vRAN-DU,edge-A,edge,251,DONE,13.2385,13.24623,7.727813000201422,7.727813000201422,0.122,6.094,1.511813000201422,,,0.0
S00010,IoT-GW,core-1,core,305,DONE,13.24336,13.24695,3.596093000169276,15.596093000169276,0.112,2.658,0.8260930001692759,,,12.0
S00008,Transcoder,cloud-1,cloud,150,DONE,13.25951,13.27181,12.300617000164493,64.3006170001645,0.129,11.126,1.0456170001644942,,,52.0
S00010,IoT-GW,core-1,core,306,DONE,13.26617,13.26979,3.6285810001572827,15.628581000157283,0.124,2.154,1.3505810001572827,,,12.0
S00006,IMS-CSCF,cloud-1,cloud,286,DONE,13.26865,13.27379,5.140584999935527,57.14058499993553,0.104,3.878,1.1585849999355267,,,52.0
S00009,IoT-GW,core-1,core,268,DONE,13.27305,13.27804,4.989134999959788,14.989134999959788,0.616,3.64,0.7331349999597876,,,10.0
S00006,IMS-CSCF,cloud-1,cloud,287,DONE,13.27381,13.28085,7.047266999961721,59.04726699996172,0.434,2.881,3.732266999961721,,,52.0
S00003,UPF,core-1,core,295,DONE,13.27626,13.28072,4.456487999959791,14.45648799995979,0.107,3.493,0.8564879999597905,,,10.0
S00001,vRAN-DU,edge-A,edge,252,DONE,13.27805,13.28625,8.194704000061392,8.194704000061392,0.197,5.3,2.6977040000613925,,,0.0
S00009,IoT-GW,core-1,core,269,DONE,13.27941,13.28259,3.181175000008807,13.181175000008807,0.082,2.363,0.736175000008807,,,10.0
S00004,UPF,core-1,core,294,DONE,13.28769,13.29158,3.889078999918638,15.889078999918638,0.108,2.749,1.032078999918638,,,12.0
S00005,IMS-CSCF,cloud-1,cloud,275,DONE,13.29286,13.29598,3.1209009998747206,53.12090099987472,0.093,2.299,0.7289009998747207,,,50.0
S00001,vRAN-DU,edge-A,edge,253,DONE,13.29533,13.30041,5.080292000002373,5.080292000002373,0.1,3.927,1.053292000002373,,,0.0
S00005,IMS-CSCF,cloud-1,cloud,276,DONE,13.2955,13.29867,3.1658899999911227,53.16588999999112,0.1,2.028,1.0378899999911226,,,50.0
S00010,IoT-GW,core-1,core,307,DONE,13.3,13.30252,2.511631000061243,14.511631000061243,0.174,1.537,0.8006310000612431,,,12.0
S00005,IMS-CSCF,cloud-1,cloud,277,DONE,13.30174,13.30475,3.016568000020925,53.016568000020925,0.116,2.097,0.8035680000209249,,,50.0
S00003,UPF,core-1,core,296,DONE,13.30602,13.31072,4.700579999962429,14.700579999962429,0.14,3.56,1.0005799999624285,,,10.0
S00009,IoT-GW,core-1,core,270,DONE,13.31509,13.31794,2.8525350001018523,12.852535000101852,0.096,1.792,0.9645350001018522,,,10.0
S00010,IoT-GW,core-1,core,308,DONE,13.33525,13.33777,2.526815000010174,14.526815000010174,0.111,1.495,0.920815000010174,,,12.0
S00007,Transcoder,cloud-1,cloud,135,DONE,13.33708,13.35255,15.474827000161895,65.4748270001619,0.099,14.135,1.2408270001618948,,,50.0
S00010,IoT-GW,core-1,core,309,DONE,13.34003,13.34693,6.903874000045107,18.903874000045107,0.083,6.165,0.6558740000451069,,,12.0
S00008,Transcoder,cloud-1,cloud,151,DONE,13.34175,13.35064,8.893197999896074,60.893197999896074,0.08,8.248,0.5651979998960748,,,52.0
S00003,UPF,core-1,core,297,DONE,13.34299,13.34692,3.9242949999334087,13.924294999933409,0.078,3.186,0.6602949999334089,,,10.0
S00009,IoT-GW,core-1,core,271,DONE,13.35188,13.35426,2.38057700016725,12.38057700016725,0.083,1.733,0.5645770001672499,,,10.0
S00010,IoT-GW,core-1,core,310,DONE,13.35754,13.3598,2.2631670001374005,14.2631670001374,0.098,1.336,0.8291670001374003,,,12.0
S00006,IMS-CSCF,cloud-1,cloud,288,DONE,13.36518,13.36878,3.601562999847374,55.601562999847374,0.102,2.416,1.0835629998473744,,,52.0
S00006,IMS-CSCF,cloud-1,cloud,289,DONE,13.37105,13.37404,2.990055000054781,54.99005500005478,0.128,1.858,1.0040550000547808,,,52.0
S00005,IMS-CSCF,cloud-1,cloud,278,DONE,13.37119,13.37419,3.0024790000879875,53.00247900008799,0.208,2.223,0.5714790000879875,,,50.0
S00005,IMS-CSCF,cloud-1,cloud,279,DONE,13.37315,13.37663,3.477183999848421,53.47718399984842,0.288,1.945,1.244183999848421,,,50.0
S00002,vRAN-DU,edge-B,edge,318,DONE,13.37664,13.38339,6.7515910000111035,6.7515910000111035,0.109,4.535,2.1075910000111033,,,0.0
S00008,Transcoder,cloud-1,cloud,152,DONE,13.37676,13.38397,7.204547999890565,59.204547999890565,0.072,6.668,0.4645479998905646,,,52.0
S00010,IoT-GW,core-1,core,311,DONE,13.39024,13.3928,2.5596400000722497,14.55964000007225,0.122,1.431,1.0066400000722497,,,12.0
S00006,IMS-CSCF,cloud-1,cloud,290,DONE,13.39281,13.39607,3.2574910001130775,55.25749100011308,0.086,2.351,0.8204910001130776,,,52.0
S00007,Transcoder,cloud-1,cloud,136,DONE,13.39841,13.40598,7.567693999817493,57.56769399981749,0.107,6.297,1.163693999817493,,,50.0
S00005,IMS-CSCF,cloud-1,cloud,280,DONE,13.40094,13.40422,3.2786020001367433,53.27860200013674,0.101,2.299,0.8786020001367434,,,50.0
S00003,UPF,core-1,core,298,DONE,13.4057,13.41008,4.380768000146418,14.380768000146418,0.096,3.631,0.6537680001464179,,,10.0
S00003,UPF,core-1,core,299,DONE,13.40585,13.41302,7.162837999885596,17.162837999885596,4.135,2.401,0.6268379998855966,,,10.0
S00010,IoT-GW,core-1,core,312,DONE,13.40825,13.41298,4.726865000066027,16.726865000066027,0.069,3.93,0.7278650000660272,,,12.0
S00005,IMS-CSCF,cloud-1,cloud,281,DONE,13.42432,13.42691,2.593199000102686,52.593199000102686,0.098,1.721,0.7741990001026859,,,50.0
S00001,vRAN-DU,edge-A,edge,254,DONE,13.43015,13.43394,3.796244000113802,3.796244000113802,0.089,3.062,0.6452440001138022,,,0.0
S00009,IoT-GW,core-1,core,272,DONE,13.43028,13.43525,4.967793000105303,14.967793000105303,0.089,4.235,0.643793000105302,,,10.0
S00009,IoT-GW,core-1,core,273,DONE,13.43255,13.43657,4.022231000135434,14.022231000135434,2.321,1.07,0.6312310001354344,,,10.0
S00010,IoT-GW,core-1,core,313,DONE,13.44389,13.44693,3.04453800004012,15.04453800004012,0.101,1.818,1.12553800004012,,,12.0
S00010,IoT-GW,core-1,core,314,DONE,13.44695,13.44935,2.4073510001016984,14.407351000101698,0.123,1.381,0.9033510001016984,,,12.0
S00009,IoT-GW,core-1,core,274,DONE,13.44953,13.45211,2.582388000064384,12.582388000064384,0.065,1.836,0.6813880000643839,,,10.0
S00004,UPF,core-1,core,295,DONE,13.45656,13.46001,3.4474730000511045,15.447473000051104,0.106,2.659,0.6824730000511048,,,12.0
S00005,IMS-CSCF,cloud-1,cloud,282,DONE,13.45964,13.46577,6.129850999968767,56.12985099996877,0.099,4.878,1.1528509999687664,,,50.0
S00006,IMS-CSCF,cloud-1,cloud,291,DONE,13.45979,13.46466,4.8627480000504875,56.86274800005049,0.263,3.526,1.0737480000504878,,,52.0
S00005,IMS-CSCF,cloud-1,cloud,283,DONE,13.46245,13.46737,4.91592599996693,54.91592599996693,2.666,1.591,0.6589259999669306,,,50.0
S00008,Transcoder,cloud-1,cloud,153,DONE,13.47175,13.47997,8.220287000085591,60.22028700008559,0.083,7.344,0.7932870000855905,,,52.0
S00001,vRAN-DU,edge-A,edge,255,DONE,13.47523,13.47929,4.058828999859543,4.058828999859543,0.086,3.142,0.8308289998595431,,,0.0
S00005,IMS-CSCF,cloud-1,cloud,284,DONE,13.47892,13.48229,3.365903000030812,53.36590300003081,0.085,1.914,1.3669030000308122,,,50.0
S00002,vRAN-DU,edge-B,edge,319,DONE,13.48966,13.49362,3.9627789999485685,3.9627789999485685,0.087,3.168,0.7077789999485682,,,0.0
S00004,UPF,core-1,core,296,DONE,13.49211,13.49553,3.4171810000316327,15.417181000031633,0.092,2.516,0.8091810000316326,,,12.0
S00009,IoT-GW,core-1,core,275,DONE,13.49787,13.50138,3.5101829998893663,13.510182999889366,0.121,1.959,1.4301829998893663,,,10.0
S00002,vRAN-DU,edge-B,edge,320,DONE,13.5014,13.50731,5.909165000048233,5.909165000048233,0.088,3.455,2.366165000048233,,,0.0
S00001,vRAN-DU,edge-A,edge,256,DONE,13.50393,13.50832,4.381864999913887,4.381864999913887,0.083,3.749,0.5498649999138867,,,0.0
S00004,UPF,core-1,core,297,DONE,13.5041,13.51014,6.038453999963167,18.038453999963167,0.157,5.422,0.45945399996316727,,,12.0
S00009,IoT-GW,core-1,core,276,DONE,13.50732,13.50899,1.6680119999818999,11.6680119999819,0.074,1.004,0.5900119999818998,,,10.0
S00008,Transcoder,cloud-1,cloud,154,DONE,13.52959,13.53787,8.27864400002909,60.27864400002909,0.108,7.176,0.9946440000290897,,,52.0
S00003,UPF,core-1,core,300,DONE,13.53312,13.53785,4.727679999859902,14.727679999859902,0.135,3.651,0.9416799998599021,,,10.0
S00005,IMS-CSCF,cloud-1,cloud,285,DONE,13.53553,13.53985,4.319162000001597,54.3191620000016,0.104,2.293,1.922162000001597,,,50.0
S00006,IMS-CSCF,cloud-1,cloud,292,DONE,13.53565,13.53987,4.220525999926394,56.220525999926394,0.145,2.253,1.8225259999263943,,,52.0
S00006,IMS-CSCF,cloud-1,cloud,293,DONE,13.54633,13.54932,2.995656999928542,54.99565699992854,0.09,2.023,0.8826569999285421,,,52.0
S00010,IoT-GW,core-1,core,315,DONE,13.55776,13.56474,6.978559999879508,18.978559999879508,0.083,2.631,4.264559999879507,,,12.0
S00002,vRAN-DU,edge-B,edge,321,DONE,13.55932,13.56633,7.006662000094366,7.006662000094366,0.13,5.682,1.1946620000943655,,,0.0
S00009,IoT-GW,core-1,core,277,DONE,13.5595,13.567,7.496213999957035,17.496213999957035,0.069,6.803,0.6242139999570355,,,10.0
S00002,vRAN-DU,edge-B,edge,322,DONE,13.55956,13.5694,9.84219299994038,9.84219299994038,0.223,8.527,1.09219299994038,,,0.0
S00004,UPF,core-1,core,298,DONE,13.56485,13.57016,5.314426000040839,17.31442600004084,0.072,2.768,2.4744260000408396,,,12.0
S00004,UPF,core-1,core,299,DONE,13.56709,13.57547,8.382314000073166,20.382314000073166,0.054,4.738,3.590314000073165,,,12.0
S00002,vRAN-DU,edge-B,edge,323,DONE,13.56952,13.57286,3.3455630000389647,3.3455630000389647,0.061,2.803,0.4815630000389648,,,0.0
S00005,IMS-CSCF,cloud-1,cloud,286,DONE,13.57021,13.57204,1.8320440001389215,51.83204400013892,0.088,1.29,0.45404400013892143,,,50.0
S00003,UPF,core-1,core,301,DONE,13.57409,13.57943,5.347818000018378,15.347818000018378,0.266,4.129,0.9528180000183788,,,10.0
S00004,UPF,core-1,core,300,DONE,13.5742,13.57922,5.017701000042507,17.017701000042507,0.333,3.692,0.9927010000425067,,,12.0
S00003,UPF,core-1,core,302,DONE,13.57667,13.58177,5.103037000026234,15.103037000026234,0.229,2.102,2.7720370000262338,,,10.0
S00001,vRAN-DU,edge-A,edge,257,DONE,13.58185,13.58716,5.308517000003121,5.308517000003121,0.105,4.501,0.7025170000031205,,,0.0
S00007,Transcoder,cloud-1,cloud,137,DONE,13.59772,13.60521,7.493562000036036,57.493562000036036,0.087,6.501,0.9055620000360358,,,50.0
S00009,IoT-GW,core-1,core,278,DONE,13.5979,13.59978,1.870738999969035,11.870738999969035,0.108,1.067,0.6957389999690349,,,10.0
S00008,Transcoder,cloud-1,cloud,155,DONE,13.60523,13.61223,7.0069949999833625,59.00699499998336,0.059,6.31,0.6379949999833627,,,52.0
S00005,IMS-CSCF,cloud-1,cloud,287,DONE,13.60661,13.60834,1.7267289999836066,51.72672899998361,0.054,1.18,0.49272899998360664,,,50.0
S00009,IoT-GW,core-1,core,279,DONE,13.6226,13.62597,3.3766540000215173,13.376654000021517,0.089,1.061,2.2266540000215174,,,10.0
S00002,vRAN-DU,edge-B,edge,324,DONE,13.62277,13.62625,3.4761640001761407,3.4761640001761407,0.052,2.847,0.5771640001761407,,,0.0
S00005,IMS-CSCF,cloud-1,cloud,288,DONE,13.63124,13.64061,9.370404000037524,59.370404000037524,0.55,5.371,3.449404000037524,,,50.0
S00004,UPF,core-1,core,301,DONE,13.63145,13.63575,4.296967000072982,16.296967000072982,0.105,3.463,0.728967000072982,,,12.0
S00007,Transcoder,cloud-1,cloud,138,DONE,13.63155,13.64419,12.635424000109197,62.6354240001092,0.618,8.599,3.418424000109196,,,50.0
S00002,vRAN-DU,edge-B,edge,325,DONE,13.63468,13.64071,6.030677000126161,6.030677000126161,0.118,4.663,1.2496770001261606,,,0.0
S00004,UPF,core-1,core,302,DONE,13.64332,13.64686,3.5329140000612824,15.532914000061282,0.105,2.257,1.1709140000612823,,,12.0
S00009,IoT-GW,core-1,core,280,DONE,13.6522,13.65507,2.87072499986607,12.87072499986607,0.108,1.806,0.9567249998660698,,,10.0
S00002,vRAN-DU,edge-B,edge,326,DONE,13.6547,13.66171,7.011259999899266,7.011259999899266,0.091,6.209,0.7112599998992666,,,0.0
S00006,IMS-CSCF,cloud-1,cloud,294,DONE,13.6563,13.6588,2.499978000059855,54.499978000059855,0.08,1.794,0.6259780000598547,,,52.0
S00003,UPF,core-1,core,303,DONE,13.65798,13.6617,3.7225420001050225,13.722542000105022,0.078,2.762,0.8825420001050226,,,10.0
S00003,UPF,core-1,core,304,DONE,13.65808,13.66461,6.527922000032049,16.52792200003205,3.002,2.938,0.5879220000320498,,,10.0
S00004,UPF,core-1,core,303,DONE,13.66111,13.66675,5.640128999857552,17.640128999857552,0.058,4.429,1.153128999857552,,,12.0
S00005,IMS-CSCF,cloud-1,cloud,289,DONE,13.66594,13.67395,8.011231999944357,58.01123199994436,0.08,7.479,0.4522319999443569,,,50.0
S00008,Transcoder,cloud-1,cloud,156,DONE,13.66646,13.68151,15.049467000153527,67.04946700015353,0.127,13.671,1.2514670001535269,,,52.0
S00003,UPF,core-1,core,305,DONE,13.66653,13.6693,2.766239999800746,12.766239999800746,0.073,2.095,0.5982399998007457,,,10.0
S00009,IoT-GW,core-1,core,281,DONE,13.66657,13.67387,7.295146999922508,17.29514699992251,0.129,6.457,0.709146999922508,,,10.0
S00006,IMS-CSCF,cloud-1,cloud,295,DONE,13.67528,13.67914,3.8615109999682318,55.86151099996823,0.074,3.216,0.5715109999682317,,,52.0
S00006,IMS-CSCF,cloud-1,cloud,296,DONE,13.67578,13.68638,10.598490000120364,62.598490000120364,3.224,3.431,3.943490000120364,,,52.0
S00005,IMS-CSCF,cloud-1,cloud,290,DONE,13.68152,13.68691,5.395594999981768,55.39559499998177,0.084,1.505,3.8065949999817676,,,50.0
S00010,IoT-GW,core-1,core,316,DONE,13.68163,13.68693,5.3026400000817375,17.302640000081738,0.118,1.748,3.4366400000817374,,,12.0
S00009,IoT-GW,core-1,core,282,DONE,13.68212,13.68704,4.925697000089713,14.925697000089713,0.859,1.723,2.343697000089713,,,10.0
S00006,IMS-CSCF,cloud-1,cloud,297,DONE,13.6864,13.69127,4.876610000110304,56.876610000110304,0.08,3.948,0.8486100001103045,,,52.0
S00004,UPF,core-1,core,304,DONE,13.68659,13.69805,11.460502999852906,23.460502999852906,0.062,10.444,0.954502999852906,,,12.0
S00001,vRAN-DU,edge-A,edge,258,DONE,13.69496,13.69958,4.618974000095477,4.618974000095477,0.151,3.804,0.6639740000954775,,,0.0
S00005,IMS-CSCF,cloud-1,cloud,291,DONE,13.70395,13.70663,2.6786900000388414,52.67869000003884,0.087,1.831,0.7606900000388415,,,50.0
S00002,vRAN-DU,edge-B,edge,327,DONE,13.72198,13.72607,4.084604999889052,4.084604999889052,0.13,3.088,0.8666049998890522,,,0.0
S00005,IMS-CSCF,cloud-1,cloud,292,DONE,13.74555,13.7496,4.049365999890142,54.04936599989014,0.123,2.521,1.405365999890142,,,50.0
S00002,vRAN-DU,edge-B,edge,328,DONE,13.75092,13.75523,4.3145679999270214,4.3145679999270214,0.118,3.167,1.0295679999270217,,,0.0
S00007,Transcoder,cloud-1,cloud,139,DONE,13.75524,13.76774,12.498122000124567,62.49812200012457,0.083,11.388,1.0271220001245673,,,50.0
S00005,IMS-CSCF,cloud-1,cloud,293,DONE,13.75768,13.76204,4.3553099999371625,54.35530999993716,0.078,3.114,1.1633099999371628,,,50.0
S00009,IoT-GW,core-1,core,283,DONE,13.76013,13.76221,2.0880839999790624,12.088083999979062,0.087,1.222,0.7790839999790624,,,10.0
S00001,vRAN-DU,edge-A,edge,259,DONE,13.76222,13.76776,5.5343770000035875,5.5343770000035875,0.081,4.626,0.8273770000035867,,,0.0
S00001,vRAN-DU,edge-A,edge,260,DONE,13.77809,13.78315,5.054407999978139,5.054407999978139,0.089,3.974,0.9914079999781382,,,0.0
S00004,UPF,core-1,core,305,DONE,13.7846,13.78847,3.873514000133582,15.873514000133582,0.081,2.972,0.8205140001335822,,,12.0
S00001,vRAN-DU,edge-A,edge,261,DONE,13.79584,13.80016,4.314985000064553,4.314985000064553,0.276,3.08,0.958985000064553,,,0.0
S00007,Transcoder,cloud-1,cloud,140,DONE,13.80556,13.81551,9.951147000037963,59.95114700003796,0.117,8.984,0.8501470000379623,,,50.0
S00002,vRAN-DU,edge-B,edge,329,DONE,13.80699,13.8113,4.306670000005397,4.306670000005397,0.072,3.562,0.6726700000053971,,,0.0
S00002,vRAN-DU,edge-B,edge,330,DONE,13.82086,13.82543,4.563669000162918,4.563669000162918,0.087,3.62,0.8566690001629174,,,0.0
S00009,IoT-GW,core-1,core,284,DONE,13.82869,13.83103,2.335166999955618,12.335166999955618,0.088,1.385,0.8621669999556179,,,10.0
S00003,UPF,core-1,core,306,DONE,13.84378,13.84781,4.030211999861422,14.030211999861422,0.137,2.563,1.3302119998614215,,,10.0
S00009,IoT-GW,core-1,core,285,DONE,13.86026,13.8628,2.5379199998951663,12.537919999895166,0.093,1.609,0.8359199998951663,,,10.0
S00001,vRAN-DU,edge-A,edge,262,DONE,13.86403,13.86798,3.957897999953275,3.957897999953275,0.155,3.097,0.7058979999532751,,,0.0
S00007,Transcoder,cloud-1,cloud,141,DONE,13.86414,13.87134,7.200042000022222,57.20004200002222,0.094,6.548,0.5580420000222217,,,50.0
S00003,UPF,core-1,core,307,DONE,13.86799,13.87097,2.979808999953093,12.979808999953093,0.086,2.445,0.4488089999530933,,,10.0
S00005,IMS-CSCF,cloud-1,cloud,294,DONE,13.87046,13.87354,3.0806659999598196,53.08066599995982,0.196,1.971,0.9136659999598193,,,50.0
S00006,IMS-CSCF,cloud-1,cloud,298,DONE,13.87253,13.87489,2.3605100000168022,54.3605100000168,0.097,1.709,0.5545100000168022,,,52.0
S00003,UPF,core-1,core,308,DONE,13.87813,13.88315,5.022706000090693,15.022706000090693,0.092,1.991,2.939706000090693,,,10.0
S00003,UPF,core-1,core,309,DONE,13.87824,13.88317,4.926366000063354,14.926366000063354,2.239,1.839,0.8483660000633542,,,10.0
S00007,Transcoder,cloud-1,cloud,142,DONE,13.87832,13.88547,7.151058000090416,57.151058000090416,0.059,6.555,0.5370580000904157,,,50.0
S00005,IMS-CSCF,cloud-1,cloud,295,DONE,13.88668,13.8887,2.015326999980971,52.01532699998097,0.092,1.408,0.5153269999809709,,,50.0
S00006,IMS-CSCF,cloud-1,cloud,299,DONE,13.88989,13.8917,1.8089059999510937,53.808905999951094,0.055,1.365,0.38890599995109376,,,52.0
S00003,UPF,core-1,core,310,DONE,13.88998,13.89279,2.805064000085622,12.805064000085622,0.07,2.303,0.4320640000856222,,,10.0
S00009,IoT-GW,core-1,core,286,DONE,13.89499,13.89669,1.7067449998648954,11.706744999864895,0.065,1.14,0.5017449998648955,,,10.0
S00005,IMS-CSCF,cloud-1,cloud,296,DONE,13.89894,13.90117,2.2270939998634276,52.22709399986343,0.078,1.612,0.5370939998634274,,,50.0
S00007,Transcoder,cloud-1,cloud,143,DONE,13.90237,13.90917,6.800460000022213,56.80046000002221,0.081,6.209,0.5104600000222126,,,50.0
S00001,vRAN-DU,edge-A,edge,263,DONE,13.9025,13.90613,3.629090999993423,3.629090999993423,0.076,2.845,0.7080909999934226,,,0.0
S00002,vRAN-DU,edge-B,edge,331,DONE,13.91545,13.91957,4.1192559999672085,4.1192559999672085,0.102,3.179,0.8382559999672088,,,0.0
S00006,IMS-CSCF,cloud-1,cloud,300,DONE,13.92796,13.93101,3.048576000082903,55.0485760000829,0.233,2.096,0.719576000082903,,,52.0
S00009,IoT-GW,core-1,core,287,DONE,13.93534,13.93776,2.416422999885981,12.416422999885981,0.11,1.513,0.793422999885981,,,10.0
S00002,vRAN-DU,edge-B,edge,332,DONE,13.94406,13.94852,4.465262999929109,4.465262999929109,0.085,3.45,0.9302629999291092,,,0.0
S00010,IoT-GW,core-1,core,317,DONE,13.94853,13.95061,2.080262999925253,14.080262999925253,0.102,1.171,0.807262999925253,,,12.0
S00003,UPF,core-1,core,311,DONE,13.95184,13.95552,3.6839180002061767,13.683918000206177,0.058,3.123,0.5029180002061766,,,10.0
S00008,Transcoder,cloud-1,cloud,157,DONE,13.96181,13.96955,7.741678999991564,59.741678999991564,0.108,6.741,0.8926789999915643,,,52.0
S00002,vRAN-DU,edge-B,edge,333,DONE,13.97389,13.97764,3.745761000118364,3.745761000118364,0.085,2.885,0.7757610001183641,,,0.0
S00005,IMS-CSCF,cloud-1,cloud,297,DONE,13.97772,13.98002,2.3042820000682696,52.30428200006827,0.099,1.637,0.5682820000682696,,,50.0
S00008,Transcoder,cloud-1,cloud,158,DONE,13.98332,13.99718,13.859162000017022,65.85916200001702,0.075,12.077,1.7071620000170231,,,52.0
S00010,IoT-GW,core-1,core,318,DONE,13.98474,13.98947,4.72722600011366,16.72722600011366,0.128,4.057,0.5422260001136596,,,12.0
S00004,UPF,core-1,core,306,DONE,13.98537,13.99569,10.31985400004487,22.31985400004487,0.086,8.576,1.6578540000448694,,,12.0
S00001,vRAN-DU,edge-A,edge,264,DONE,13.98549,13.99079,5.298080000102345,5.298080000102345,0.101,4.486,0.7110800001023456,,,0.0
S00002,vRAN-DU,edge-B,edge,334,DONE,13.98852,13.99721,8.688871000003928,8.688871000003928,0.087,7.501,1.1008710000039281,,,0.0
S00002,vRAN-DU,edge-B,edge,335,DONE,13.9886,13.9973,8.70543400014867,8.70543400014867,0.13,7.836,0.7394340001486706,,,0.0
S00010,IoT-GW,core-1,core,319,DONE,13.99432,13.9972,2.8854330000740447,14.885433000074045,0.051,1.148,1.6864330000740448,,,12.0
S00004,UPF,core-1,core,307,DONE,13.99731,13.99994,2.632546000086222,14.632546000086222,0.101,2.114,0.41754600008622234,,,12.0
S00009,IoT-GW,core-1,core,288,DONE,13.99745,14.00056,3.102179000052274,13.102179000052274,0.224,2.331,0.547179000052274,,,10.0
S00010,IoT-GW,core-1,core,320,DONE,14.00176,14.00343,1.6717969999717752,13.671796999971775,0.052,1.153,0.46679699997177515,,,12.0
S00007,Transcoder,cloud-1,cloud,144,DONE,14.00565,14.01254,6.895646999964811,56.89564699996481,0.084,6.215,0.5966469999648112,,,50.0
S00002,vRAN-DU,edge-B,edge,336,DONE,14.01107,14.01451,3.4318360001179826,3.4318360001179826,0.138,2.772,0.5218360001179829,,,0.0
S00006,IMS-CSCF,cloud-1,cloud,301,DONE,14.01672,14.01879,2.0645299998705013,54.0645299998705,0.077,1.491,0.4965299998705013,,,52.0
S00004,UPF,core-1,core,308,DONE,14.02403,14.02697,2.941404000011971,14.941404000011971,0.112,2.102,0.7274040000119713,,,12.0
S00009,IoT-GW,core-1,core,289,DONE,14.02641,14.02821,1.7977850000079343,11.797785000007934,0.053,0.979,0.7657850000079343,,,10.0
S00003,UPF,core-1,core,312,DONE,14.02822,14.03068,2.4641049999445386,12.464104999944539,0.052,1.893,0.5191049999445385,,,10.0
S00005,IMS-CSCF,cloud-1,cloud,298,DONE,14.04103,14.045,3.9620549998744536,53.962054999874454,0.138,3.182,0.6420549998744538,,,50.0
S00001,vRAN-DU,edge-A,edge,265,DONE,14.04128,14.04511,3.825638000080289,3.825638000080289,0.076,3.049,0.7006380000802892,,,0.0
S00010,IoT-GW,core-1,core,321,DONE,14.05269,14.05569,3.0015629999979865,15.001562999997986,0.103,1.311,1.5875629999979866,,,12.0
S00002,vRAN-DU,edge-B,edge,337,DONE,14.05694,14.06023,3.2925810000961064,3.2925810000961064,0.087,2.605,0.6005810000961063,,,0.0
S00004,UPF,core-1,core,309,DONE,14.05707,14.06019,3.1233089998750074,15.123308999875007,0.071,2.38,0.6723089998750074,,,12.0
S00009,IoT-GW,core-1,core,290,DONE,14.05944,14.0615,2.0647789999657107,12.06477899996571,0.05,1.266,0.7487789999657106,,,10.0
S00001,vRAN-DU,edge-A,edge,266,DONE,14.0627,14.06661,3.9172580000013113,3.9172580000013113,0.079,3.089,0.7492580000013112,,,0.0
S00003,UPF,core-1,core,313,DONE,14.0679,14.0715,3.5962249999101914,13.596224999910191,0.079,2.989,0.5282249999101913,,,10.0
S00006,IMS-CSCF,cloud-1,cloud,302,DONE,14.06802,14.07,1.9783710001775034,53.9783710001775,0.085,1.456,0.4373710001775035,,,52.0
S00005,IMS-CSCF,cloud-1,cloud,299,DONE,14.07779,14.07994,2.1569330001511844,52.156933000151184,0.086,1.453,0.6179330001511842,,,50.0
S00002,vRAN-DU,edge-B,edge,338,DONE,14.08725,14.09105,3.797218000045177,3.797218000045177,0.081,2.909,0.8072180000451774,,,0.0
S00004,UPF,core-1,core,310,DONE,14.09227,14.09511,2.842020999878514,14.842020999878514,0.086,2.141,0.6150209998785141,,,12.0
S00005,IMS-CSCF,cloud-1,cloud,300,DONE,14.09633,14.09873,2.392113000041718,52.39211300004172,0.09,1.669,0.6331130000417178,,,50.0
S00003,UPF,core-1,core,314,DONE,14.11008,14.11327,3.1923980000101437,13.192398000010144,0.093,2.408,0.6913980000101438,,,10.0
S00005,IMS-CSCF,cloud-1,cloud,301,DONE,14.11258,14.1146,2.0188010000765644,52.018801000076564,0.087,1.339,0.5928010000765644,,,50.0
S00003,UPF,core-1,core,315,DONE,14.12098,14.12516,4.177782999931878,14.177782999931878,0.096,3.124,0.9577829999318781,,,10.0
S00007,Transcoder,cloud-1,cloud,145,DONE,14.12348,14.13047,6.990229999928488,56.99022999992849,0.088,6.12,0.7822299999284876,,,50.0
S00002,vRAN-DU,edge-B,edge,339,DONE,14.13383,14.13824,4.408975000160353,4.408975000160353,0.149,3.453,0.8069750001603535,,,0.0
S00003,UPF,core-1,core,316,DONE,14.13834,14.14361,5.272264000041105,15.272264000041105,0.085,4.445,0.7422640000411045,,,10.0
S00003,UPF,core-1,core,317,DONE,14.13976,14.14646,6.69794199984608,16.69794199984608,3.504,2.444,0.7499419998460795,,,10.0
S00006,IMS-CSCF,cloud-1,cloud,303,DONE,14.13984,14.1426,2.7524410002115474,54.75244100021155,0.082,1.885,0.7854410002115473,,,52.0
S00010,IoT-GW,core-1,core,322,DONE,14.14362,14.14582,2.201892999892152,14.201892999892152,0.075,1.406,0.7208929998921523,,,12.0
S00002,vRAN-DU,edge-B,edge,340,DONE,14.14584,14.15386,8.023172000093837,8.023172000093837,0.074,7.365,0.5841720000938366,,,0.0
S00001,vRAN-DU,edge-A,edge,267,DONE,14.14592,14.15308,7.158042000128262,7.158042000128262,0.11,5.95,1.0980420001282614,,,0.0
S00009,IoT-GW,core-1,core,291,DONE,14.14866,14.15385,5.191076999835786,15.191076999835786,0.06,4.529,0.6020769998357869,,,10.0
S00010,IoT-GW,core-1,core,323,DONE,14.15609,14.15789,1.8044450000616052,13.804445000061605,0.097,0.989,0.7184450000616052,,,12.0
S00006,IMS-CSCF,cloud-1,cloud,304,DONE,14.15748,14.16027,2.7980929999102955,54.798092999910295,0.12,1.659,1.0190929999102956,,,52.0
S00005,IMS-CSCF,cloud-1,cloud,302,DONE,14.16029,14.16371,3.423914999984845,53.423914999984845,0.062,2.75,0.6119149999848452,,,50.0
S00009,IoT-GW,core-1,core,292,DONE,14.16172,14.16367,1.95149199998923,11.95149199998923,0.08,1.3,0.5714919999892298,,,10.0
S00010,IoT-GW,core-1,core,324,DONE,14.18708,14.18983,2.7509209999152517,14.750920999915252,0.096,1.746,0.9089209999152517,,,12.0
S00007,Transcoder,cloud-1,cloud,146,DONE,14.2159,14.23269,16.788951000080488,66.78895100008049,0.137,9.506,7.145951000080487,,,50.0
S00010,IoT-GW,core-1,core,325,DONE,14.22034,14.22504,4.698086999951556,16.698086999951556,0.096,3.687,0.9150869999515563,,,12.0
S00003,UPF,core-1,core,318,DONE,14.22411,14.233,8.887285000128031,18.88728500012803,0.078,7.414,1.3952850001280312,,,10.0
S00010,IoT-GW,core-1,core,326,DONE,14.2327,14.2353,2.5940519999494427,14.594051999949443,0.05,1.9,0.6440519999494427,,,12.0
S00005,IMS-CSCF,cloud-1,cloud,303,DONE,14.23971,14.24307,3.360897999982626,53.360897999982626,0.09,2.5,0.7708979999826262,,,50.0
S00003,UPF,core-1,core,319,DONE,14.24215,14.24641,4.254797000157851,14.25479700015785,0.116,3.195,0.9437970001578506,,,10.0
S00002,vRAN-DU,edge-B,edge,341,DONE,14.24233,14.24854,6.204903000025297,6.204903000025297,0.095,5.014,1.095903000025297,,,0.0
S00010,IoT-GW,core-1,core,327,DONE,14.24553,14.24908,3.553121999857467,15.553121999857467,0.081,1.977,1.4951219998574667,,,12.0
S00001,vRAN-DU,edge-A,edge,268,DONE,14.24855,14.25302,4.472440999961691,4.472440999961691,0.094,3.458,0.9204409999616909,,,0.0
S00004,UPF,core-1,core,311,DONE,14.24914,14.25599,6.8506330001127935,18.850633000112794,0.075,5.927,0.8486330001127937,,,12.0
S00003,UPF,core-1,core,320,DONE,14.25145,14.2569,5.458975000010469,15.458975000010469,0.085,3.582,1.7919750000104688,,,10.0
S00003,UPF,core-1,core,321,DONE,14.25303,14.25883,5.798582999887003,15.798582999887003,0.618,2.062,3.1185829998870034,,,10.0
S00005,IMS-CSCF,cloud-1,cloud,304,DONE,14.26929,14.27311,3.8260829999217094,53.82608299992171,0.116,1.88,1.8300829999217094,,,50.0
S00003,UPF,core-1,core,322,DONE,14.28554,14.28992,4.374972000050548,14.374972000050548,0.12,3.332,0.9229720000505477,,,10.0
S00010,IoT-GW,core-1,core,328,DONE,14.28698,14.28986,2.8840630000104284,14.884063000010428,0.15,1.377,1.3570630000104285,,,12.0
S00010,IoT-GW,core-1,core,329,DONE,14.29323,14.29676,3.537809000135894,15.537809000135894,0.104,1.499,1.934809000135894,,,12.0
S00001,vRAN-DU,edge-A,edge,269,DONE,14.29469,14.29983,5.141455000057249,5.141455000057249,0.106,4.122,0.9134550000572492,,,0.0
S00008,Transcoder,cloud-1,cloud,159,DONE,14.31029,14.3266,16.316266999865547,68.31626699986555,0.133,15.205,0.9782669998655464,,,52.0
S00008,Transcoder,cloud-1,cloud,160,DONE,14.31055,14.32617,15.615357000115182,67.61535700011518,0.204,14.527,0.8843570001151821,,,52.0
S00004,UPF,core-1,core,312,DONE,14.3107,14.31516,4.45786299997053,16.45786299997053,0.111,3.619,0.7278629999705295,,,12.0
S00004,UPF,core-1,core,313,DONE,14.31526,14.31958,4.321914000001925,16.321914000001925,0.067,3.271,0.9839140000019251,,,12.0
S00010,IoT-GW,core-1,core,330,DONE,14.33903,14.34175,2.7233389998855273,14.723338999885527,0.093,1.659,0.9713389998855273,,,12.0
S00006,IMS-CSCF,cloud-1,cloud,305,DONE,14.34177,14.34435,2.583677000075113,54.58367700007511,0.133,1.622,0.8286770000751129,,,52.0
S00006,IMS-CSCF,cloud-1,cloud,306,DONE,14.34188,14.34589,4.0089010001338465,56.00890100013385,1.969,1.419,0.6209010001338466,,,52.0
S00006,IMS-CSCF,cloud-1,cloud,307,DONE,14.34443,14.34734,2.906938000023729,54.90693800002373,1.008,1.293,0.6059380000237287,,,52.0
S00005,IMS-CSCF,cloud-1,cloud,305,DONE,14.35579,14.35919,3.396254999870507,53.39625499987051,0.092,2.53,0.7742549998705073,,,50.0
S00005,IMS-CSCF,cloud-1,cloud,306,DONE,14.35719,14.36173,4.536855999958789,54.53685599995879,1.6,2.15,0.7868559999587887,,,50.0
S00003,UPF,core-1,core,323,DONE,14.36401,14.36756,3.5513670000000275,13.551367000000027,0.122,2.486,0.9433670000000274,,,10.0
S00010,IoT-GW,core-1,core,331,DONE,14.37389,14.37846,4.577864999873782,16.577864999873782,0.262,3.456,0.859864999873782,,,12.0
S00004,UPF,core-1,core,314,DONE,14.3741,14.3788,4.701157999988936,16.701157999988936,0.146,4.139,0.4161579999889362,,,12.0
S00005,IMS-CSCF,cloud-1,cloud,307,DONE,14.38915,14.39281,3.6592970000128844,53.659297000012884,0.123,2.61,0.9262970000128847,,,50.0
S00002,vRAN-DU,edge-B,edge,342,DONE,14.40314,14.40686,3.7196220000623725,3.7196220000623725,0.08,2.919,0.7206220000623724,,,0.0
S00005,IMS-CSCF,cloud-1,cloud,308,DONE,14.4033,14.40705,3.7495189999390277,53.74951899993903,0.087,3.096,0.5665189999390274,,,50.0
S00009,IoT-GW,core-1,core,293,DONE,14.4061,14.40835,2.244840999992448,12.244840999992448,0.097,1.627,0.5208409999924479,,,10.0
S00003,UPF,core-1,core,324,DONE,14.40687,14.41006,3.18547300003047,13.18547300003047,0.057,2.589,0.5394730000304699,,,10.0
S00010,IoT-GW,core-1,core,332,DONE,14.4097,14.41121,1.5066020000631397,13.50660200006314,0.04,0.945,0.5216020000631397,,,12.0
S00005,IMS-CSCF,cloud-1,cloud,309,DONE,14.41245,14.41458,2.1259270001792174,52.12592700017922,0.083,1.545,0.49792700017921754,,,50.0
S00002,vRAN-DU,edge-B,edge,343,DONE,14.42007,14.42525,5.177225000124963,5.177225000124963,0.088,4.206,0.8832250001249626,,,0.0
S00009,IoT-GW,core-1,core,294,DONE,14.43359,14.43582,2.2272379999321856,12.227237999932186,0.114,1.163,0.9502379999321855,,,10.0
S00008,Transcoder,cloud-1,cloud,161,DONE,14.43506,14.44784,12.781042000142406,64.7810420001424,0.179,10.493,2.1090420001424057,,,52.0
S00005,IMS-CSCF,cloud-1,cloud,310,DONE,14.43908,14.44099,1.904039000010016,51.904039000010016,0.125,1.243,0.5360390000100159,,,50.0
S00002,vRAN-DU,edge-B,edge,344,DONE,14.4432,14.4486,5.407067000078314,5.407067000078314,0.099,4.631,0.6770670000783134,,,0.0
S00003,UPF,core-1,core,325,DONE,14.44496,14.45178,6.823010000061913,16.823010000061913,0.081,6.033,0.7090100000619124,,,10.0
S00004,UPF,core-1,core,315,DONE,14.44785,14.45228,4.431854999893403,16.431854999893403,0.142,3.589,0.7008549998934033,,,12.0
S00006,IMS-CSCF,cloud-1,cloud,308,DONE,14.45966,14.46253,2.8698190001250623,54.86981900012506,0.112,1.791,0.9668190001250623,,,52.0
S00001,vRAN-DU,edge-A,edge,270,DONE,14.47285,14.47769,4.842590999942331,4.842590999942331,0.087,4.084,0.6715909999423317,,,0.0
S00009,IoT-GW,core-1,core,295,DONE,14.47539,14.4773,1.9010739999885118,11.901073999988512,0.12,1.121,0.6600739999885117,,,10.0
S00002,vRAN-DU,edge-B,edge,345,DONE,14.48809,14.4926,4.509026000050653,4.509026000050653,0.085,3.547,0.8770260000506531,,,0.0
S00001,vRAN-DU,edge-A,edge,271,DONE,14.50995,14.51397,4.016223999997237,4.016223999997237,0.09,3.154,0.7722239999972373,,,0.0
S00005,IMS-CSCF,cloud-1,cloud,311,DONE,14.51012,14.51251,2.392449000126362,52.39244900012636,0.096,1.523,0.7734490001263621,,,50.0
S00003,UPF,core-1,core,326,DONE,14.51621,14.51899,2.7856190001784853,12.785619000178485,0.093,2.006,0.6866190001784855,,,10.0
S00005,IMS-CSCF,cloud-1,cloud,312,DONE,14.51646,14.5183,1.838551999981064,51.838551999981064,0.075,1.264,0.49955199998106403,,,50.0
S00006,IMS-CSCF,cloud-1,cloud,309,DONE,14.52222,14.52453,2.308230999915395,54.308230999915395,0.071,1.579,0.658230999915395,,,52.0
S00005,IMS-CSCF,cloud-1,cloud,313,DONE,14.52884,14.53181,2.977538999857643,52.97753899985764,0.08,2.202,0.6955389998576429,,,50.0
S00009,IoT-GW,core-1,core,296,DONE,14.53813,14.54011,1.977706000161561,11.977706000161561,0.113,1.093,0.771706000161561,,,10.0
S00007,Transcoder,cloud-1,cloud,147,DONE,14.53951,14.54824,8.721049999849129,58.72104999984913,0.418,7.316,0.9870499998491287,,,50.0
S00005,IMS-CSCF,cloud-1,cloud,314,DONE,14.54139,14.54476,3.364517000136402,53.3645170001364,0.103,2.185,1.076517000136402,,,50.0
S00007,Transcoder,cloud-1,cloud,148,DONE,14.5415,14.55991,18.40860600009364,68.40860600009364,0.319,17.473,0.6166060000936433,,,50.0
S00005,IMS-CSCF,cloud-1,cloud,315,DONE,14.54484,14.55005,5.20653300009144,55.20653300009144,0.077,1.64,3.4895330000914404,,,50.0
S00002,vRAN-DU,edge-B,edge,346,DONE,14.54716,14.55178,4.619667000042682,4.619667000042682,0.079,3.5,1.0406670000426819,,,0.0
S00005,IMS-CSCF,cloud-1,cloud,316,DONE,14.54734,14.55217,4.82949499996721,54.82949499996721,1.882,2.089,0.8584949999672098,,,50.0
S00004,UPF,core-1,core,316,DONE,14.55226,14.55599,3.724693999856754,15.724693999856754,0.452,2.356,0.9166939998567543,,,12.0
S00003,UPF,core-1,core,327,DONE,14.55246,14.55751,5.049125999903481,15.049125999903481,0.111,4.239,0.6991259999034813,,,10.0
S00002,vRAN-DU,edge-B,edge,347,DONE,14.55516,14.56074,5.582715999935317,5.582715999935317,0.144,3.624,1.8147159999353168,,,0.0
S00001,vRAN-DU,edge-A,edge,272,DONE,14.55605,14.56559,9.54546399998435,9.54546399998435,0.073,8.445,1.0274639999843487,,,0.0
S00008,Transcoder,cloud-1,cloud,162,DONE,14.56075,14.56803,7.276297999851522,59.27629799985152,0.093,6.639,0.5442979998515218,,,52.0
S00010,IoT-GW,core-1,core,333,DONE,14.57133,14.57341,2.0805019998988428,14.080501999898843,0.094,1.218,0.7685019998988427,,,12.0
S00002,vRAN-DU,edge-B,edge,348,DONE,14.58075,14.58495,4.196061999891754,4.196061999891754,0.157,3.08,0.9590619998917536,,,0.0
S00006,IMS-CSCF,cloud-1,cloud,310,DONE,14.58616,14.58911,2.944872999933068,54.94487299993307,0.111,2.043,0.7908729999330677,,,52.0
S00009,IoT-GW,core-1,core,297,DONE,14.59147,14.59407,2.5988930001403787,12.598893000140379,0.113,1.692,0.7938930001403788,,,10.0
S00008,Transcoder,cloud-1,cloud,163,DONE,14.60556,14.61405,8.484553000016604,60.484553000016604,0.124,7.367,0.993553000016604,,,52.0
S00010,IoT-GW,core-1,core,334,DONE,14.61219,14.61406,1.875084999937826,13.875084999937826,0.089,0.957,0.829084999937826,,,12.0
S00001,vRAN-DU,edge-A,edge,273,DONE,14.61527,14.61897,3.697127000123146,3.697127000123146,0.093,2.979,0.6251270001231459,,,0.0
S00010,IoT-GW,core-1,core,335,DONE,14.62427,14.62654,2.2712130000854813,14.271213000085481,0.087,1.227,0.9572130000854813,,,12.0
S00008,Transcoder,cloud-1,cloud,164,DONE,14.62624,14.63366,7.417667000026995,59.417667000026995,0.096,6.441,0.8806670000269952,,,52.0
S00008,Transcoder,cloud-1,cloud,165,DONE,14.62905,14.63986,10.810353999886502,62.8103539998865,0.08,9.774,0.9563539998865025,,,52.0
S00007,Transcoder,cloud-1,cloud,149,DONE,14.63995,14.64687,6.921168999951988,56.92116899995199,0.057,6.306,0.5581689999519872,,,50.0
S00009,IoT-GW,core-1,core,298,DONE,14.64909,14.65089,1.7958639998596482,11.795863999859648,0.09,1.106,0.599863999859648,,,10.0
S00003,UPF,core-1,core,328,DONE,14.65714,14.66052,3.384580000101778,13.384580000101778,0.361,2.389,0.6345800001017778,,,10.0
S00009,IoT-GW,core-1,core,299,DONE,14.66784,14.67127,3.4305500000755274,13.430550000075527,0.269,2.309,0.8525500000755271,,,10.0
S00003,UPF,core-1,core,329,DONE,14.66799,14.67128,3.2949890000963933,13.294989000096393,0.08,2.502,0.7129890000963934,,,10.0
S00010,IoT-GW,core-1,core,336,DONE,14.67452,14.67663,2.112822999833952,14.112822999833952,0.068,1.478,0.566822999833952,,,12.0
S00001,vRAN-DU,edge-A,edge,274,DONE,14.68189,14.68652,4.630820999864227,4.630820999864227,0.081,3.711,0.8388209998642271,,,0.0
S00004,UPF,core-1,core,317,DONE,14.68322,14.68755,4.331923999870924,16.331923999870924,0.069,3.558,0.7049239998709238,,,12.0
S00006,IMS-CSCF,cloud-1,cloud,311,DONE,14.6833,14.68686,3.568544000017937,55.56854400001794,0.086,2.71,0.7725440000179371,,,52.0
S00002,vRAN-DU,edge-B,edge,349,DONE,14.68756,14.691,3.439371000013125,3.439371000013125,0.063,2.754,0.6223710000131248,,,0.0
S00002,vRAN-DU,edge-B,edge,350,DONE,14.69101,14.69409,3.080652000107875,3.080652000107875,0.048,2.624,0.40865200010787506,,,0.0
S00005,IMS-CSCF,cloud-1,cloud,317,DONE,14.69828,14.70186,3.58165700004065,53.58165700004065,0.668,1.491,1.4226570000406498,,,50.0
S00003,UPF,core-1,core,330,DONE,14.69956,14.70224,2.6851509999232803,12.68515099992328,0.081,2.001,0.6031509999232805,,,10.0
S00008,Transcoder,cloud-1,cloud,166,DONE,14.7166,14.7235,6.904265999992276,58.904265999992276,0.089,5.976,0.8392659999922758,,,52.0
S00004,UPF,core-1,core,318,DONE,14.72351,14.7263,2.7907770002002508,14.79077700020025,0.089,2.105,0.5967770002002508,,,12.0
S00005,IMS-CSCF,cloud-1,cloud,318,DONE,14.73158,14.73446,2.875263000078121,52.87526300007812,0.09,2.094,0.6912630000781212,,,50.0
S00010,IoT-GW,core-1,core,337,DONE,14.73568,14.74157,5.894349000072907,17.894349000072907,0.086,5.165,0.6433490000729067,,,12.0
S00007,Transcoder,cloud-1,cloud,150,DONE,14.7358,14.74297,7.167717000129414,57.167717000129414,0.062,6.528,0.5777170001294145,,,50.0
S00004,UPF,core-1,core,319,DONE,14.74298,14.74562,2.646716000072047,14.646716000072047,0.068,1.971,0.6077160000720467,,,12.0
S00002,vRAN-DU,edge-B,edge,351,DONE,14.74428,14.74921,4.939219999869238,4.939219999869238,0.047,4.076,0.8162199998692383,,,0.0
S00004,UPF,core-1,core,320,DONE,14.74442,14.74753,3.1170140000540414,15.117014000054041,0.83,1.916,0.3710140000540414,,,12.0
S00004,UPF,core-1,core,321,DONE,14.75145,14.754,2.5497599999653175,14.549759999965318,0.064,1.984,0.5017599999653175,,,12.0
S00004,UPF,core-1,core,322,DONE,14.76129,14.764,2.715632999979789,14.715632999979789,0.076,2.022,0.6176329999797892,,,12.0
S00005,IMS-CSCF,cloud-1,cloud,319,DONE,14.76521,14.76724,2.0310140000674437,52.031014000067444,0.087,1.334,0.6100140000674437,,,50.0
S00010,IoT-GW,core-1,core,338,DONE,14.76656,14.76821,1.6445879998627788,13.644587999862779,0.064,1.138,0.44258799986277886,,,12.0
S00002,vRAN-DU,edge-B,edge,352,DONE,14.76664,14.77012,3.4773150000546593,3.4773150000546593,0.071,2.686,0.7203150000546592,,,0.0
S00001,vRAN-DU,edge-A,edge,275,DONE,14.77231,14.77566,3.347996999991665,3.347996999991665,0.076,2.663,0.6089969999916649,,,0.0
S00003,UPF,core-1,core,331,DONE,14.77888,14.78186,2.979664000122284,12.979664000122284,0.085,2.227,0.6676640001222842,,,10.0
S00009,IoT-GW,core-1,core,300,DONE,14.78712,14.78931,2.184130000159712,12.184130000159712,0.1,1.157,0.9271300001597118,,,10.0
S00005,IMS-CSCF,cloud-1,cloud,320,DONE,14.78932,14.79183,2.5093640001614403,52.50936400016144,0.139,1.571,0.7993640001614404,,,50.0
S00010,IoT-GW,core-1,core,339,DONE,14.79184,14.79405,2.207192000014402,14.207192000014402,0.111,1.465,0.6311920000144018,,,12.0
S00005,IMS-CSCF,cloud-1,cloud,321,DONE,14.79544,14.79976,4.323385999896345,54.323385999896345,0.109,3.35,0.8643859998963452,,,50.0
S00010,IoT-GW,core-1,core,340,DONE,14.80206,14.80462,2.5527259999762464,14.552725999976246,0.087,1.628,0.8377259999762465,,,12.0
S00004,UPF,core-1,core,323,DONE,14.80359,14.80818,4.584424000086074,16.584424000086074,0.331,3.266,0.9874240000860737,,,12.0
S00001,vRAN-DU,edge-A,edge,276,DONE,14.80688,14.81248,5.601132000037978,5.601132000037978,0.096,4.654,0.8511320000379783,,,0.0
S00004,UPF,core-1,core,324,DONE,14.81476,14.81846,3.7006380000548234,15.700638000054823,0.098,2.937,0.6656380000548237,,,12.0
S00001,vRAN-DU,edge-A,edge,277,DONE,14.81814,14.82298,4.839602999936687,4.839602999936687,0.094,3.851,0.8946029999366876,,,0.0
S00003,UPF,core-1,core,332,DONE,14.81966,14.82383,4.1683009999360365,14.168300999936037,0.062,3.6,0.5063009999360366,,,10.0
S00003,UPF,core-1,core,333,DONE,14.82712,14.83109,3.965848999996524,13.965848999996524,0.09,3.121,0.7548489999965242,,,10.0
S00005,IMS-CSCF,cloud-1,cloud,322,DONE,14.83649,14.83954,3.0540599998403195,53.05405999984032,0.112,2.166,0.7760599998403195,,,50.0
S00002,vRAN-DU,edge-B,edge,353,DONE,14.83891,14.84462,5.70407600002909,5.70407600002909,0.092,4.442,1.1700760000290904,,,0.0
S00006,IMS-CSCF,cloud-1,cloud,312,DONE,14.84079,14.84592,5.128375999902346,57.128375999902346,0.086,4.448,0.5943759999023452,,,52.0
S00006,IMS-CSCF,cloud-1,cloud,313,DONE,14.85649,14.8599,3.418045999978858,55.41804599997886,0.131,2.335,0.952045999978858,,,52.0
S00009,IoT-GW,core-1,core,301,DONE,14.86428,14.86716,2.8760949999195873,12.876094999919587,0.245,1.696,0.9350949999195874,,,10.0
S00010,IoT-GW,core-1,core,341,DONE,14.86466,14.86751,2.8508399998372624,14.850839999837262,0.209,1.747,0.8948399998372623,,,12.0
S00010,IoT-GW,core-1,core,342,DONE,14.86473,14.86901,4.279529000086768,16.279529000086768,2.165,1.332,0.7825290000867682,,,12.0
S00002,vRAN-DU,edge-B,edge,354,DONE,14.87529,14.87949,4.2004179999821645,4.2004179999821645,0.105,2.873,1.2224179999821643,,,0.0
S00001,vRAN-DU,edge-A,edge,278,DONE,14.87866,14.88504,6.37483900004554,6.37483900004554,0.097,5.358,0.9198390000455401,,,0.0
S00001,vRAN-DU,edge-A,edge,279,DONE,14.87954,14.88508,5.530906000103641,5.530906000103641,0.078,4.834,0.6189060001036415,,,0.0
S00005,IMS-CSCF,cloud-1,cloud,323,DONE,14.88626,14.88861,2.350451999973302,52.3504519999733,0.114,1.558,0.6784519999733019,,,50.0
S00002,vRAN-DU,edge-B,edge,355,DONE,14.89189,14.89668,4.792004999899291,4.792004999899291,0.101,4.104,0.5870049998992908,,,0.0
S00005,IMS-CSCF,cloud-1,cloud,324,DONE,14.89524,14.89808,2.8406409999206517,52.84064099992065,0.07,2.153,0.6176409999206518,,,50.0
S00009,IoT-GW,core-1,core,302,DONE,14.89793,14.89992,1.990745000057359,11.990745000057359,0.175,1.215,0.6007450000573589,,,10.0
S00001,vRAN-DU,edge-A,edge,280,DONE,14.90727,14.91215,4.884087000164072,4.884087000164072,0.079,4.109,0.6960870001640727,,,0.0
S00004,UPF,core-1,core,325,DONE,14.91439,14.91759,3.1939139998939936,15.193913999893994,0.109,2.324,0.7609139998939938,,,12.0
S00008,Transcoder,cloud-1,cloud,167,DONE,14.92397,14.93171,7.747672000050443,59.74767200005044,0.093,6.745,0.9096720000504428,,,52.0
S00009,IoT-GW,core-1,core,303,DONE,14.93146,14.93336,1.9049669999731123,11.904966999973112,0.087,1.163,0.6549669999731123,,,10.0
S00010,IoT-GW,core-1,core,343,DONE,14.93562,14.93743,1.8145989999993617,13.814598999999362,0.08,1.103,0.6315989999993616,,,12.0
S00005,IMS-CSCF,cloud-1,cloud,325,DONE,14.95781,14.96026,2.449388000059116,52.449388000059116,0.174,1.498,0.7773880000591162,,,50.0
S00007,Transcoder,cloud-1,cloud,151,DONE,14.95801,14.96515,7.134115999861024,57.134115999861024,0.189,6.16,0.7851159998610235,,,50.0
S00008,Transcoder,cloud-1,cloud,168,DONE,14.96517,14.97555,10.378518000152326,62.378518000152326,0.059,9.366,0.9535180001523269,,,52.0
S00003,UPF,core-1,core,334,DONE,14.96527,14.9695,4.230158999916966,14.230158999916966,0.088,2.488,1.6541589999169664,,,10.0
S00001,vRAN-DU,edge-A,edge,281,DONE,14.96767,14.97556,7.88696700010405,7.88696700010405,0.076,6.162,1.6489670001040508,,,0.0
S00002,vRAN-DU,edge-B,edge,356,DONE,14.96776,14.97191,4.149695000023712,4.149695000023712,0.078,3.614,0.45769500002371233,,,0.0
S00006,IMS-CSCF,cloud-1,cloud,314,DONE,14.96786,14.97678,8.913114000051792,60.91311400005179,0.061,7.339,1.5131140000517913,,,52.0
S00010,IoT-GW,core-1,core,344,DONE,14.96798,14.97553,7.550218999995195,19.550218999995195,0.068,6.248,1.2342189999951954,,,12.0
S00004,UPF,core-1,core,326,DONE,14.97679,14.97971,2.928281999857063,14.928281999857063,0.099,2.176,0.6532819998570627,,,12.0
S00009,IoT-GW,core-1,core,304,DONE,14.99109,14.99323,2.1388870000009774,12.138887000000977,0.084,1.346,0.7088870000009773,,,10.0
S00006,IMS-CSCF,cloud-1,cloud,315,DONE,15.0047,15.00807,3.369205999888436,55.369205999888436,0.084,2.002,1.2832059998884362,,,52.0
S00002,vRAN-DU,edge-B,edge,357,DONE,15.00491,15.00892,4.010462999985975,4.010462999985975,0.084,3.301,0.6254629999859751,,,0.0
S00005,IMS-CSCF,cloud-1,cloud,326,DONE,15.00902,15.01148,2.4664189998020447,52.466418999802045,0.063,1.806,0.5974189998020447,,,50.0
S00003,UPF,core-1,core,335,DONE,15.01149,15.01456,3.073386999858485,13.073386999858485,0.119,2.301,0.6533869998584851,,,10.0
S00003,UPF,core-1,core,336,DONE,15.02195,15.02628,4.334647999939989,14.334647999939989,0.131,2.986,1.217647999939989,,,10.0
S00005,IMS-CSCF,cloud-1,cloud,327,DONE,15.02215,15.0263,4.148874999827967,54.14887499982797,0.118,3.079,0.9518749998279672,,,50.0
S00010,IoT-GW,core-1,core,345,DONE,15.02473,15.02801,3.270983999982491,15.27098399998249,0.05,1.671,1.5499839999824907,,,12.0
S00007,Transcoder,cloud-1,cloud,152,DONE,15.02484,15.03303,8.188898000071276,58.188898000071276,0.46,7.173,0.5558980000712763,,,50.0
S00002,vRAN-DU,edge-B,edge,358,DONE,15.0263,15.03563,9.322782000026564,9.322782000026564,0.074,7.811,1.437782000026564,,,0.0
S00004,UPF,core-1,core,327,DONE,15.04206,15.04488,2.828894999993281,14.828894999993281,0.091,2.062,0.6758949999932811,,,12.0
S00010,IoT-GW,core-1,core,346,DONE,15.04449,15.0469,2.408860000059576,14.408860000059576,0.058,1.712,0.6388600000595761,,,12.0
S00006,IMS-CSCF,cloud-1,cloud,316,DONE,15.05218,15.05473,2.5518620000184455,54.551862000018446,0.088,1.648,0.8158620000184456,,,52.0
S00005,IMS-CSCF,cloud-1,cloud,328,DONE,15.0545,15.05622,1.7190749999826949,51.719074999982695,0.055,1.258,0.4060749999826949,,,50.0
S00006,IMS-CSCF,cloud-1,cloud,317,DONE,15.06857,15.07079,2.2168769999098004,54.2168769999098,0.088,1.48,0.6488769999098003,,,52.0
S00006,IMS-CSCF,cloud-1,cloud,318,DONE,15.07806,15.08017,2.1073259999866423,54.10732599998664,0.08,1.392,0.6353259999866423,,,52.0
S00008,Transcoder,cloud-1,cloud,169,DONE,15.0814,15.0893,7.892894999940836,59.892894999940836,0.066,7.256,0.5708949999408359,,,52.0
S00002,vRAN-DU,edge-B,edge,359,DONE,15.10169,15.10724,5.551738000121986,5.551738000121986,0.082,4.658,0.811738000121986,,,0.0
S00003,UPF,core-1,core,337,DONE,15.10307,15.10689,3.816845999836005,13.816845999836005,0.085,3.181,0.5508459998360049,,,10.0
S00001,vRAN-DU,edge-A,edge,282,DONE,15.11362,15.11859,4.9689269999362295,4.9689269999362295,0.103,3.85,1.0159269999362293,,,0.0
S00003,UPF,core-1,core,338,DONE,15.12085,15.1253,4.450591000022541,14.450591000022541,0.177,3.61,0.6635910000225413,,,10.0
S00004,UPF,core-1,core,328,DONE,15.12099,15.12441,3.4214079998946545,15.421407999894654,0.264,2.436,0.7214079998946543,,,12.0
S00009,IoT-GW,core-1,core,305,DONE,15.13169,15.13447,2.775525999823003,12.775525999823003,0.104,1.656,1.015525999823003,,,10.0
S00009,IoT-GW,core-1,core,306,DONE,15.13182,15.1361,4.274871999996321,14.274871999996321,1.921,1.855,0.4988719999963216,,,10.0
S00005,IMS-CSCF,cloud-1,cloud,329,DONE,15.13187,15.13449,2.621944000111398,52.6219440001114,0.097,1.641,0.8839440001113981,,,50.0
S00006,IMS-CSCF,cloud-1,cloud,319,DONE,15.1345,15.13712,2.6190570001745073,54.61905700017451,0.076,2.07,0.47305700017450736,,,52.0
S00009,IoT-GW,core-1,core,307,DONE,15.14953,15.15251,2.9801880000377423,12.980188000037742,0.12,1.762,1.0981880000377422,,,10.0
S00006,IMS-CSCF,cloud-1,cloud,320,DONE,15.15379,15.15695,3.167082000118171,55.16708200011817,0.107,2.271,0.7890820001181709,,,52.0
S00010,IoT-GW,core-1,core,347,DONE,15.15696,15.15913,2.1635570001308224,14.163557000130822,0.139,1.478,0.5465570001308224,,,12.0
S00010,IoT-GW,core-1,core,348,DONE,15.16243,15.16541,2.973016999931133,14.973016999931133,0.142,1.751,1.080016999931133,,,12.0
S00009,IoT-GW,core-1,core,308,DONE,15.16262,15.16568,3.064869999889197,13.064869999889197,0.304,2.142,0.6188699998891973,,,10.0
S00004,UPF,core-1,core,329,DONE,15.16891,15.17449,5.581115000040882,17.58111500004088,0.078,4.581,0.9221150000408809,,,12.0
S00002,vRAN-DU,edge-B,edge,360,DONE,15.16905,15.17673,7.671419999951468,7.671419999951468,0.097,4.899,2.675419999951467,,,0.0
S00007,Transcoder,cloud-1,cloud,153,DONE,15.1704,15.18373,13.330429000006916,63.330429000006916,0.107,12.375,0.8484290000069166,,,50.0
S00010,IoT-GW,core-1,core,349,DONE,15.17168,15.17674,5.0589160000527045,17.058916000052704,0.051,1.336,3.6719160000527045,,,12.0
S00004,UPF,core-1,core,330,DONE,15.17675,15.1809,4.145649999827583,16.145649999827583,0.059,3.489,0.597649999827583,,,12.0
S00010,IoT-GW,core-1,core,350,DONE,15.18374,15.18642,2.688969000018915,14.688969000018915,0.144,1.597,0.9479690000189149,,,12.0
S00010,IoT-GW,core-1,core,351,DONE,15.18604,15.18802,1.9750629999180092,13.97506299991801,0.06,1.433,0.48206299991800905,,,12.0
S00001,vRAN-DU,edge-A,edge,283,DONE,15.18644,15.19189,5.449067999961699,5.449067999961699,0.099,4.699,0.6510679999616986,,,0.0
S00004,UPF,core-1,core,331,DONE,15.20223,15.20699,4.759142000011707,16.759142000011707,0.114,3.855,0.790142000011707,,,12.0
S00001,vRAN-DU,edge-A,edge,284,DONE,15.20674,15.21958,12.839944999996078,12.839944999996078,0.08,2.945,9.814944999996078,,,0.0
S00003,UPF,core-1,core,339,DONE,15.21959,15.22359,3.999770000064018,13.999770000064018,0.12,3.067,0.8127700000640177,,,10.0
S00001,vRAN-DU,edge-A,edge,285,DONE,15.21973,15.22415,4.416772000013225,4.416772000013225,0.118,3.179,1.1197720000132252,,,0.0
S00004,UPF,core-1,core,332,DONE,15.22301,15.22596,2.9410399999960646,14.941039999996065,0.056,2.245,0.6400399999960644,,,12.0
S00007,Transcoder,cloud-1,cloud,154,DONE,15.22416,15.23324,9.082328999966194,59.082328999966194,0.085,8.031,0.9663289999661924,,,50.0
S00010,IoT-GW,core-1,core,352,DONE,15.22423,15.22961,5.384452999805944,17.384452999805944,0.06,4.947,0.3774529998059446,,,12.0
S00009,IoT-GW,core-1,core,309,DONE,15.22515,15.22671,1.5661420000014914,11.566142000001491,0.088,1.082,0.39614200000149125,,,10.0
S00007,Transcoder,cloud-1,cloud,155,DONE,15.23285,15.2408,7.944766000036907,57.94476600003691,0.084,6.878,0.9827660000369072,,,50.0
S00003,UPF,core-1,core,340,DONE,15.24081,15.24389,3.0867730001773452,13.086773000177345,0.112,2.285,0.689773000177345,,,10.0
S00005,IMS-CSCF,cloud-1,cloud,330,DONE,15.24517,15.24746,2.2908569999344763,52.290856999934476,0.085,1.583,0.6228569999344764,,,50.0
S00005,IMS-CSCF,cloud-1,cloud,331,DONE,15.24869,15.25055,1.8580470000415517,51.85804700004155,0.068,1.3,0.49004700004155155,,,50.0
S00005,IMS-CSCF,cloud-1,cloud,332,DONE,15.25481,15.25773,2.9250559998672543,52.925055999867254,0.082,2.074,0.7690559998672546,,,50.0
S00003,UPF,core-1,core,341,DONE,15.25493,15.2578,2.868585999976858,12.868585999976858,0.083,2.207,0.5785859999768581,,,10.0
S00009,IoT-GW,core-1,core,310,DONE,15.26105,15.26483,3.782549999868934,13.782549999868934,0.192,2.888,0.7025499998689337,,,10.0
S00004,UPF,core-1,core,333,DONE,15.26118,15.26687,5.6881090001752455,17.688109000175245,0.073,3.712,1.9031090001752453,,,12.0
S00009,IoT-GW,core-1,core,311,DONE,15.26348,15.267,3.5197070001231623,13.519707000123162,1.271,1.598,0.6507070001231625,,,10.0
S00001,vRAN-DU,edge-A,edge,286,DONE,15.26927,15.27329,4.017091999912736,4.017091999912736,0.085,3.084,0.8480919999127363,,,0.0
S00006,IMS-CSCF,cloud-1,cloud,321,DONE,15.27965,15.28225,2.5977290001719666,54.59772900017197,0.09,1.698,0.8097290001719666,,,52.0
S00010,IoT-GW,core-1,core,353,DONE,15.2876,15.28996,2.361261000032755,14.361261000032755,0.102,1.434,0.8252610000327549,,,12.0
S00007,Transcoder,cloud-1,cloud,156,DONE,15.2922,15.30059,8.389738000005309,58.38973800000531,0.085,7.127,1.1777380000053093,,,50.0
S00006,IMS-CSCF,cloud-1,cloud,322,DONE,15.30196,15.30488,2.922437000052014,54.922437000052014,0.087,1.796,1.039437000052014,,,52.0
S00004,UPF,core-1,core,334,DONE,15.30358,15.30636,2.7804429998923297,14.78044299989233,0.086,2.106,0.58844299989233,,,12.0
S00009,IoT-GW,core-1,core,312,DONE,15.30489,15.30817,3.279281999994055,13.279281999994055,0.08,2.735,0.46428199999405484,,,10.0
S00003,UPF,core-1,core,342,DONE,15.31046,15.31335,2.8909970001222973,12.890997000122297,0.069,2.184,0.6379970001222972,,,10.0
S00010,IoT-GW,core-1,core,354,DONE,15.31456,15.31643,1.8722020001860074,13.872202000186007,0.06,1.089,0.7232020001860073,,,12.0
S00010,IoT-GW,core-1,core,355,DONE,15.31644,15.31841,1.9656049998957315,13.965604999895731,0.057,1.427,0.48160499989573147,,,12.0
S00010,IoT-GW,core-1,core,356,DONE,15.31661,15.31963,3.0208069999844156,15.020806999984416,1.461,0.885,0.6748069999844155,,,12.0
S00003,UPF,core-1,core,343,DONE,15.31666,15.31988,3.219244000092658,13.219244000092658,0.073,2.617,0.5292440000926582,,,10.0
S00008,Transcoder,cloud-1,cloud,170,DONE,15.33126,15.33897,7.712268999966909,59.71226899996691,0.091,6.679,0.9422689999669087,,,52.0
S00006,IMS-CSCF,cloud-1,cloud,323,DONE,15.34125,15.34365,2.398756000047797,54.3987560000478,0.084,1.528,0.7867560000477969,,,52.0
S00002,vRAN-DU,edge-B,edge,361,DONE,15.35001,15.35419,4.175188000090202,4.175188000090202,0.092,3.187,0.896188000090202,,,0.0
S00002,vRAN-DU,edge-B,edge,362,DONE,15.3542,15.35968,5.482398999902216,5.482398999902216,0.064,3.062,2.356398999902216,,,0.0
S00001,vRAN-DU,edge-A,edge,287,DONE,15.35556,15.35994,4.383791999998721,4.383791999998721,0.084,3.017,1.2827919999987207,,,0.0
S00002,vRAN-DU,edge-B,edge,363,DONE,15.36216,15.3656,3.438635000065915,3.438635000065915,0.07,2.768,0.6006350000659153,,,0.0
S00005,IMS-CSCF,cloud-1,cloud,333,DONE,15.36782,15.37022,2.4004279998735,52.4004279998735,0.084,1.615,0.7014279998735,,,50.0
S00003,UPF,core-1,core,344,DONE,15.37657,15.37971,3.135401000008642,13.135401000008642,0.123,2.32,0.6924010000086422,,,10.0
S00005,IMS-CSCF,cloud-1,cloud,334,DONE,15.37898,15.38165,2.6663579999421927,52.66635799994219,0.186,1.926,0.5543579999421926,,,50.0
S00007,Transcoder,cloud-1,cloud,157,DONE,15.38492,15.39178,6.859841000050437,56.85984100005044,0.074,6.212,0.5738410000504377,,,50.0
S00010,IoT-GW,core-1,core,357,DONE,15.38624,15.38954,3.302239000049667,15.302239000049667,0.076,2.64,0.5862390000496669,,,12.0
S00010,IoT-GW,core-1,core,358,DONE,15.39407,15.39577,1.6945289999057422,13.694528999905742,0.088,1.07,0.5365289999057421,,,12.0
S00009,IoT-GW,core-1,core,313,DONE,15.40004,15.40276,2.7193989999432233,12.719398999943223,0.092,1.464,1.1633989999432233,,,10.0
S00009,IoT-GW,core-1,core,314,DONE,15.40181,15.4048,2.9874259998905472,12.987425999890547,0.081,1.251,1.6554259998905474,,,10.0
S00005,IMS-CSCF,cloud-1,cloud,335,DONE,15.40191,15.40412,2.217743999835875,52.217743999835875,0.092,1.394,0.731743999835875,,,50.0
S00010,IoT-GW,core-1,core,359,DONE,15.40413,15.40622,2.0808240001315426,14.080824000131543,0.053,1.062,0.9658240001315426,,,12.0
S00002,vRAN-DU,edge-B,edge,364,DONE,15.41365,15.41813,4.477313999814214,4.477313999814214,0.094,3.464,0.9193139998142144,,,0.0
S00009,IoT-GW,core-1,core,315,DONE,15.42552,15.42783,2.3101120000319497,12.31011200003195,0.093,1.36,0.8571120000319497,,,10.0
S00002,vRAN-DU,edge-B,edge,365,DONE,15.42784,15.43151,3.665855000008378,3.665855000008378,0.084,2.891,0.6908550000083777,,,0.0
S00005,IMS-CSCF,cloud-1,cloud,336,DONE,15.44686,15.45056,3.7038269999811746,53.703826999981175,0.769,1.956,0.9788269999811745,,,50.0
S00001,vRAN-DU,edge-A,edge,288,DONE,15.44707,15.45226,5.192087000068568,5.192087000068568,0.092,4.434,0.6660870000685684,,,0.0
S00003,UPF,core-1,core,345,DONE,15.46365,15.46683,3.176426999971227,13.176426999971227,0.086,2.277,0.8134269999712269,,,10.0
S00006,IMS-CSCF,cloud-1,cloud,324,DONE,15.48117,15.4836,2.4321420000887883,54.43214200008879,0.087,1.45,0.8951420000887884,,,52.0
S00009,IoT-GW,core-1,core,316,DONE,15.48361,15.48584,2.229156999874249,12.229156999874249,0.082,1.238,0.9091569998742488,,,10.0
S00006,IMS-CSCF,cloud-1,cloud,325,DONE,15.48586,15.48851,2.650275999940277,54.65027599994028,0.066,2.023,0.561275999940277,,,52.0
S00003,UPF,core-1,core,346,DONE,15.48821,15.49111,2.9015560000971163,12.901556000097116,0.064,2.085,0.7525560000971163,,,10.0
S00001,vRAN-DU,edge-A,edge,289,DONE,15.49244,15.49632,3.8793730000179494,3.8793730000179494,0.082,2.679,1.1183730000179497,,,0.0
S00008,Transcoder,cloud-1,cloud,171,DONE,15.49258,15.5002,7.625423999797931,59.62542399979793,0.066,6.959,0.6004239997979317,,,52.0
S00009,IoT-GW,core-1,core,317,DONE,15.49264,15.49663,3.9901210000152787,13.990121000015279,0.057,3.248,0.6851210000152785,,,10.0
S00001,vRAN-DU,edge-A,edge,290,DONE,15.50345,15.50867,5.217471999912959,5.217471999912959,0.082,4.375,0.7604719999129594,,,0.0
S00007,Transcoder,cloud-1,cloud,158,DONE,15.50789,15.52005,12.162207000073977,62.16220700007398,0.198,11.294,0.6702070000739759,,,50.0
S00008,Transcoder,cloud-1,cloud,172,DONE,15.51191,15.51854,6.637146999992183,58.63714699999218,0.081,5.984,0.5721469999921824,,,52.0
S00002,vRAN-DU,edge-B,edge,366,DONE,15.53042,15.53497,4.548204999991867,4.548204999991867,0.199,3.508,0.8412049999918674,,,0.0
S00001,vRAN-DU,edge-A,edge,291,DONE,15.53418,15.53964,5.464682999900106,5.464682999900106,0.119,4.452,0.8936829999001059,,,0.0
S00006,IMS-CSCF,cloud-1,cloud,326,DONE,15.54398,15.5478,3.819142999873293,55.81914299987329,0.12,2.868,0.8311429998732929,,,52.0
S00010,IoT-GW,core-1,core,360,DONE,15.54413,15.54618,2.04583000004277,14.04583000004277,0.084,1.215,0.7468300000427697,,,12.0
S00010,IoT-GW,core-1,core,361,DONE,15.54625,15.54845,2.2021480001512828,14.202148000151283,0.062,1.405,0.7351480001512827,,,12.0
S00005,IMS-CSCF,cloud-1,cloud,337,DONE,15.54742,15.55016,2.7406560000144964,52.740656000014496,0.074,1.997,0.6696560000144962,,,50.0
S00004,UPF,core-1,core,335,DONE,15.54752,15.55088,3.3613660000355594,15.36136600003556,0.048,2.502,0.8113660000355596,,,12.0
S00005,IMS-CSCF,cloud-1,cloud,338,DONE,15.55634,15.55963,3.2895640001697757,53.289564000169776,0.087,2.256,0.9465640001697757,,,50.0
S00009,IoT-GW,core-1,core,318,DONE,15.57107,15.57416,3.0921340000986675,13.092134000098667,0.122,1.844,1.1261340000986673,,,10.0
S00010,IoT-GW,core-1,core,362,DONE,15.57418,15.57611,1.9361570000455686,13.936157000045569,0.063,1.243,0.6301570000455685,,,12.0
S00002,vRAN-DU,edge-B,edge,367,DONE,15.58145,15.58631,4.850731000033193,4.850731000033193,0.087,3.891,0.8727310000331925,,,0.0
S00005,IMS-CSCF,cloud-1,cloud,339,DONE,15.58632,15.58966,3.339301000096384,53.339301000096384,0.119,2.532,0.6883010000963843,,,50.0
S00003,UPF,core-1,core,347,DONE,15.58649,15.59466,8.175048000111929,18.17504800011193,0.084,7.564,0.5270480001119289,,,10.0
S00010,IoT-GW,core-1,core,363,DONE,15.58854,15.5906,2.0658910000292963,14.065891000029296,0.081,1.144,0.8408910000292964,,,12.0
S00002,vRAN-DU,edge-B,edge,368,DONE,15.58967,15.59398,4.314110999985132,4.314110999985132,0.073,3.308,0.9331109999851326,,,0.0
S00007,Transcoder,cloud-1,cloud,159,DONE,15.59399,15.60457,10.580381999943711,60.58038199994371,0.125,9.644,0.8113819999437109,,,50.0
S00007,Transcoder,cloud-1,cloud,160,DONE,15.59411,15.60606,11.95381799993811,61.95381799993811,0.179,11.151,0.6238179999381099,,,50.0
S00002,vRAN-DU,edge-B,edge,369,DONE,15.59416,15.59957,5.418865999899936,5.418865999899936,0.062,3.854,1.5028659998999356,,,0.0
S00010,IoT-GW,core-1,core,364,DONE,15.60835,15.61067,2.3189599999113852,14.318959999911385,0.161,1.309,0.8489599999113853,,,12.0
S00003,UPF,core-1,core,348,DONE,15.61514,15.62141,6.264350000037666,16.264350000037666,0.107,5.032,1.125350000037666,,,10.0
S00008,Transcoder,cloud-1,cloud,173,DONE,15.61543,15.63537,19.93802099991626,71.93802099991626,0.123,18.939,0.8760209999162605,,,52.0
S00001,vRAN-DU,edge-A,edge,292,DONE,15.61684,15.62925,12.402377999933378,12.402377999933378,0.123,9.038,3.2413779999333787,,,0.0
S00010,IoT-GW,core-1,core,365,DONE,15.61697,15.62279,5.827570000064952,17.827570000064952,0.103,2.609,3.115570000064952,,,12.0
S00004,UPF,core-1,core,336,DONE,15.62411,15.6318,7.687520999979824,19.687520999979824,0.102,6.793,0.792520999979824,,,12.0
S00003,UPF,core-1,core,349,DONE,15.62549,15.63798,12.498217000029399,22.4982170000294,0.099,11.485,0.9142170000293994,,,10.0
S00003,UPF,core-1,core,350,DONE,15.6378,15.64178,3.9723940001294977,13.972394000129498,0.086,3.014,0.8723940001294981,,,10.0
S00006,IMS-CSCF,cloud-1,cloud,327,DONE,15.64718,15.65063,3.4422799999447307,55.44227999994473,0.104,2.414,0.9242799999447304,,,52.0
S00003,UPF,core-1,core,351,DONE,15.65295,15.65762,4.673304999869288,14.673304999869288,0.13,3.458,1.0853049998692876,,,10.0
S00003,UPF,core-1,core,352,DONE,15.66201,15.66702,5.007714999919699,15.007714999919699,0.116,3.785,1.1067149999196988,,,10.0
S00007,Transcoder,cloud-1,cloud,161,DONE,15.67349,15.68862,15.1301590001367,65.1301590001367,0.12,13.25,1.7601590001367011,,,50.0
S00006,IMS-CSCF,cloud-1,cloud,328,DONE,15.68215,15.68864,6.495367000070473,58.49536700007047,0.118,4.651,1.7263670000704732,,,52.0
S00003,UPF,core-1,core,353,DONE,15.68468,15.69341,8.725564000087616,18.725564000087616,0.183,7.288,1.2545640000876155,,,10.0
S00001,vRAN-DU,edge-A,edge,293,DONE,15.68701,15.69426,7.252219000065452,7.252219000065452,0.121,4.762,2.3692190000654527,,,0.0
S00001,vRAN-DU,edge-A,edge,294,DONE,15.68715,15.69504,7.88973899989287,7.88973899989287,0.186,6.504,1.1997389998928707,,,0.0
S00010,IoT-GW,core-1,core,366,DONE,15.69343,15.69621,2.7823099999295664,14.782309999929566,0.09,2.034,0.6583099999295667,,,12.0
S00007,Transcoder,cloud-1,cloud,162,DONE,15.70069,15.71712,16.42894399992656,66.42894399992656,0.112,15.47,0.8469439999265589,,,50.0
S00006,IMS-CSCF,cloud-1,cloud,329,DONE,15.70216,15.70611,3.949142000010397,55.9491420000104,0.102,2.945,0.9021420000103975,,,52.0
S00004,UPF,core-1,core,337,DONE,15.70361,15.71398,10.365208999928655,22.365208999928655,0.107,7.831,2.427208999928654,,,12.0
S00001,vRAN-DU,edge-A,edge,295,DONE,15.71538,15.72122,5.839224000055765,5.839224000055765,0.111,4.86,0.8682240000557648,,,0.0
S00005,IMS-CSCF,cloud-1,cloud,340,DONE,15.71952,15.72957,10.049865999917529,60.04986599991753,0.106,8.753,1.1908659999175288,,,50.0
S00006,IMS-CSCF,cloud-1,cloud,330,DONE,15.72015,15.72505,4.898921999938466,56.898921999938466,0.098,3.717,1.083921999938466,,,52.0
S00006,IMS-CSCF,cloud-1,cloud,331,DONE,15.72248,15.72971,7.233039999846369,59.23303999984637,2.069,4.556,0.608039999846369,,,52.0
S00004,UPF,core-1,core,338,DONE,15.72471,15.73142,6.716768999922351,18.71676899992235,0.116,5.071,1.5297689999223518,,,12.0
S00001,vRAN-DU,edge-A,edge,296,DONE,15.73016,15.74019,10.02755900003649,10.02755900003649,0.11,8.586,1.3315590000364903,,,0.0
S00009,IoT-GW,core-1,core,319,DONE,15.74258,15.74545,2.8777820000414067,12.877782000041407,0.111,1.725,1.0417820000414066,,,10.0
S00010,IoT-GW,core-1,core,367,DONE,15.75189,15.75498,3.0920640001568245,15.092064000156824,0.128,1.785,1.1790640001568247,,,12.0
S00007,Transcoder,cloud-1,cloud,163,DONE,15.76144,15.78174,20.29705500012824,70.29705500012824,0.12,18.939,1.238055000128238,,,50.0
S00007,Transcoder,cloud-1,cloud,164,DONE,15.76612,15.79835,32.23543000012796,82.23543000012796,0.161,30.747,1.3274300001279613,,,50.0
S00005,IMS-CSCF,cloud-1,cloud,341,DONE,15.76639,15.78172,15.32937399997536,65.32937399997536,0.508,13.482,1.3393739999753613,,,50.0
S00008,Transcoder,cloud-1,cloud,174,DONE,15.76656,15.80178,35.210914999879606,87.2109149998796,0.449,33.554,1.2079149998796055,,,52.0
S00003,UPF,core-1,core,354,DONE,15.77492,15.77984,4.92002400005731,14.92002400005731,0.115,3.614,1.1910240000573102,,,10.0
S00001,vRAN-DU,edge-A,edge,297,DONE,15.77518,15.79344,18.261689999917508,18.261689999917508,0.236,12.343,5.682689999917507,,,0.0
S00002,vRAN-DU,edge-B,edge,370,DONE,15.77532,15.79702,21.697676000030697,21.697676000030697,0.104,20.302,1.291676000030698,,,0.0
S00004,UPF,core-1,core,339,DONE,15.77985,15.79296,13.104224000016984,25.104224000016984,0.08,10.251,2.7732240000169845,,,12.0
S00006,IMS-CSCF,cloud-1,cloud,332,DONE,15.78402,15.79472,10.704171000043061,62.70417100004306,0.126,8.966,1.6121710000430625,,,52.0
S00006,IMS-CSCF,cloud-1,cloud,333,DONE,15.79298,15.80176,8.78637499999968,60.78637499999968,0.359,6.795,1.63237499999968,,,52.0
S00010,IoT-GW,core-1,core,368,DONE,15.79311,15.797,3.8876230000823853,15.887623000082385,0.217,2.406,1.264623000082385,,,12.0
S00003,UPF,core-1,core,355,DONE,15.79318,15.80174,8.56651599997349,18.56651599997349,0.106,6.008,2.45251599997349,,,10.0
S00010,IoT-GW,core-1,core,369,DONE,15.79351,15.804,10.492568000017855,22.492568000017855,2.841,6.497,1.1545680000178535,,,12.0
S00009,IoT-GW,core-1,core,320,DONE,15.79837,15.80398,5.607671000007031,15.60767100000703,0.096,3.037,2.4746710000070307,,,10.0
S00007,Transcoder,cloud-1,cloud,165,DONE,15.79849,15.81168,13.186332000032053,63.18633200003205,0.075,11.963,1.1483320000320543,,,50.0
S00010,IoT-GW,core-1,core,370,DONE,15.80178,15.80568,3.9000500000838656,15.900050000083866,1.286,1.752,0.8620500000838653,,,12.0
S00002,vRAN-DU,edge-B,edge,371,DONE,15.80537,15.81101,5.643362000000707,5.643362000000707,0.106,4.372,1.165362000000707,,,0.0
S00006,IMS-CSCF,cloud-1,cloud,334,DONE,15.81301,15.81647,3.4582020000470948,55.458202000047095,0.127,2.2,1.1312020000470948,,,52.0
S00002,vRAN-DU,edge-B,edge,372,DONE,15.81444,15.81944,5.005220999919402,5.005220999919402,0.11,3.972,0.9232209999194021,,,0.0
S00006,IMS-CSCF,cloud-1,cloud,335,DONE,15.8249,15.82809,3.1919129999096185,55.19191299990962,0.134,1.899,1.1589129999096186,,,52.0
S00003,UPF,core-1,core,356,DONE,15.82516,15.82946,4.300959000147486,14.300959000147486,0.11,3.222,0.9689590001474864,,,10.0
S00005,IMS-CSCF,cloud-1,cloud,342,DONE,15.82947,15.8326,3.1297379998704855,53.129737999870486,0.108,2.246,0.7757379998704854,,,50.0
S00002,vRAN-DU,edge-B,edge,373,DONE,15.83089,15.83711,6.218646999968769,6.218646999968769,0.178,5.194,0.8466469999687689,,,0.0
S00007,Transcoder,cloud-1,cloud,166,DONE,15.83879,15.85433,15.538236999873334,65.53823699987333,0.165,14.057,1.3162369998733343,,,50.0
S00002,vRAN-DU,edge-B,edge,374,DONE,15.84789,15.85318,5.292299999837269,5.292299999837269,0.118,4.011,1.1632999998372684,,,0.0
S00007,Transcoder,cloud-1,cloud,167,DONE,15.84943,15.864,14.566973000000871,64.56697300000087,0.116,13.401,1.0499730000008718,,,50.0
S00010,IoT-GW,core-1,core,371,DONE,15.85288,15.85859,5.709487999865814,17.709487999865814,0.102,4.041,1.5664879998658137,,,12.0
S00004,UPF,core-1,core,340,DONE,15.86402,15.86943,5.409115999782443,17.409115999782443,0.108,3.965,1.3361159997824439,,,12.0
S00008,Transcoder,cloud-1,cloud,175,DONE,15.86548,15.87872,13.238824999916687,65.23882499991669,0.114,9.442,3.6828249999166864,,,52.0
S00003,UPF,core-1,core,357,DONE,15.8872,15.8945,7.296773000007306,17.296773000007306,0.091,6.303,0.902773000007306,,,10.0
S00008,Transcoder,cloud-1,cloud,176,DONE,15.88751,15.8997,12.190505000035046,64.19050500003505,0.113,11.19,0.8875050000350466,,,52.0
S00006,IMS-CSCF,cloud-1,cloud,336,DONE,15.88943,15.89635,6.918970000015179,58.91897000001518,0.099,5.781,1.038970000015179,,,52.0
S00004,UPF,core-1,core,341,DONE,15.89246,15.89972,7.259497999939413,19.259497999939413,0.059,4.372,2.8284979999394126,,,12.0
S00005,IMS-CSCF,cloud-1,cloud,343,DONE,15.89273,15.89644,3.7096280000241677,53.70962800002417,0.151,2.342,1.2166280000241678,,,50.0
S00001,vRAN-DU,edge-A,edge,298,DONE,15.91016,15.91624,6.081439999888971,6.081439999888971,0.108,4.729,1.2444399998889715,,,0.0
S00001,vRAN-DU,edge-A,edge,299,DONE,15.91483,15.92044,5.608885000128794,5.608885000128794,0.084,3.937,1.5878850001287939,,,0.0
S00009,IoT-GW,core-1,core,321,DONE,15.91632,15.91884,2.5232489999780228,12.523248999978023,0.11,1.476,0.9372489999780227,,,10.0
S00010,IoT-GW,core-1,core,372,DONE,15.93094,15.93522,4.281601999991835,16.281601999991835,0.122,1.776,2.383601999991835,,,12.0
S00005,IMS-CSCF,cloud-1,cloud,344,DONE,15.93259,15.93714,4.54929399984394,54.54929399984394,0.111,3.574,0.8642939998439396,,,50.0
S00009,IoT-GW,core-1,core,322,DONE,15.94155,15.94454,2.993927000034091,12.993927000034091,0.116,1.662,1.2159270000340912,,,10.0
S00002,vRAN-DU,edge-B,edge,375,DONE,15.94405,15.94975,5.706494999913048,5.706494999913048,0.104,4.692,0.9104949999130474,,,0.0
S00005,IMS-CSCF,cloud-1,cloud,345,DONE,15.94462,15.94778,3.1669059999330784,53.16690599993308,0.113,2.007,1.0469059999330783,,,50.0
S00001,vRAN-DU,edge-A,edge,300,DONE,15.95411,15.95992,5.811186000073576,5.811186000073576,0.111,4.618,1.082186000073576,,,0.0
S00003,UPF,core-1,core,358,DONE,15.95875,15.96336,4.603893999956199,14.603893999956199,0.166,3.47,0.9678939999561988,,,10.0
S00003,UPF,core-1,core,359,DONE,15.96779,15.97223,4.444167999963611,14.44416799996361,0.123,3.268,1.0531679999636108,,,10.0
S00005,IMS-CSCF,cloud-1,cloud,346,DONE,15.97142,15.97505,3.630356000030588,53.63035600003059,0.496,2.192,0.9423560000305877,,,50.0
S00002,vRAN-DU,edge-B,edge,376,DONE,15.97464,15.98081,6.173509000063859,6.173509000063859,0.11,4.976,1.087509000063859,,,0.0
S00006,IMS-CSCF,cloud-1,cloud,337,DONE,15.97476,15.97737,2.6040930001727247,54.604093000172725,0.083,1.78,0.7410930001727247,,,52.0
S00002,vRAN-DU,edge-B,edge,377,DONE,15.97738,15.98508,7.699872000102914,7.699872000102914,0.097,4.923,2.6798720001029137,,,0.0
S00006,IMS-CSCF,cloud-1,cloud,338,DONE,15.98746,15.99117,3.711534000103711,55.71153400010371,0.127,2.508,1.0765340001037114,,,52.0
S00001,vRAN-DU,edge-A,edge,301,DONE,15.99467,16.00009,5.4203619999952934,5.4203619999952934,0.113,4.48,0.8273619999952926,,,0.0
S00009,IoT-GW,core-1,core,323,DONE,15.99922,16.00224,3.0240880000746984,13.024088000074698,0.436,1.694,0.8940880000746985,,,10.0
S00001,vRAN-DU,edge-A,edge,302,DONE,16.00358,16.01072,7.143323000036617,7.143323000036617,0.104,4.136,2.9033230000366164,,,0.0
S00001,vRAN-DU,edge-A,edge,303,DONE,16.00605,16.01093,4.886269000053289,4.886269000053289,0.098,4.093,0.6952690000532895,,,0.0
S00010,IoT-GW,core-1,core,373,DONE,16.00619,16.01074,4.549687999997332,16.54968799999733,0.101,1.485,2.9636879999973313,,,12.0
S00007,Transcoder,cloud-1,cloud,168,DONE,16.01317,16.02185,8.683115999929214,58.683115999929214,0.084,7.577,1.0221159999292144,,,50.0
S00009,IoT-GW,core-1,core,324,DONE,16.01557,16.01792,2.3518719999628956,12.351871999962896,0.079,1.623,0.6498719999628957,,,10.0
S00004,UPF,core-1,core,342,DONE,16.01688,16.01997,3.0826600000182225,15.082660000018222,0.063,2.577,0.44266000001822237,,,12.0
S00004,UPF,core-1,core,343,DONE,16.01912,16.02215,3.0306999999538675,15.030699999953868,0.732,1.883,0.4156999999538673,,,12.0
S00002,vRAN-DU,edge-B,edge,378,DONE,16.02186,16.02598,4.116043999829344,4.116043999829344,0.088,3.271,0.7570439998293441,,,0.0
S00007,Transcoder,cloud-1,cloud,169,DONE,16.02541,16.03244,7.025572000202374,57.025572000202374,0.103,6.126,0.7965720002023735,,,50.0
S00007,Transcoder,cloud-1,cloud,170,DONE,16.02729,16.04123,13.940339000100721,63.94033900010072,0.09,13.283,0.5673390001007217,,,50.0
S00009,IoT-GW,core-1,core,325,DONE,16.03367,16.03804,4.3645890000334475,14.364589000033448,0.107,3.653,0.6045890000334473,,,10.0
S00005,IMS-CSCF,cloud-1,cloud,347,DONE,16.0338,16.03628,2.482710000094812,52.48271000009481,0.073,1.415,0.9947100000948121,,,50.0
S00004,UPF,core-1,core,344,DONE,16.0375,16.04056,3.0541600001470215,15.054160000147021,0.065,1.878,1.1111600001470217,,,12.0
S00003,UPF,core-1,core,360,DONE,16.04057,16.04449,3.924371000039173,13.924371000039173,0.056,3.218,0.6503710000391729,,,10.0
S00003,UPF,core-1,core,361,DONE,16.04245,16.04783,5.380143999900611,15.38014399990061,1.869,3.094,0.4171439999006106,,,10.0
S00007,Transcoder,cloud-1,cloud,171,DONE,16.05209,16.06557,13.482105000093725,63.482105000093725,0.128,12.152,1.2021050000937255,,,50.0
S00004,UPF,core-1,core,345,DONE,16.05346,16.05967,6.20789300000979,18.20789300000979,0.095,5.263,0.8498930000097902,,,12.0
S00001,vRAN-DU,edge-A,edge,304,DONE,16.05489,16.06209,7.193646000132503,7.193646000132503,0.099,6.196,0.8986460001325032,,,0.0
S00006,IMS-CSCF,cloud-1,cloud,339,DONE,16.05501,16.06044,5.4290230000333395,57.42902300003334,0.121,3.871,1.4370230000333395,,,52.0
S00005,IMS-CSCF,cloud-1,cloud,348,DONE,16.05508,16.06046,5.381122000017058,55.38112200001706,0.189,3.808,1.384122000017058,,,50.0
S00002,vRAN-DU,edge-B,edge,379,DONE,16.05881,16.06769,8.877961000052892,8.877961000052892,0.082,6.676,2.119961000052892,,,0.0
S00006,IMS-CSCF,cloud-1,cloud,340,DONE,16.06047,16.06558,5.116673999964405,57.116673999964405,0.079,4.15,0.887673999964405,,,52.0
S00009,IoT-GW,core-1,core,326,DONE,16.0621,16.06559,3.4918470000775415,13.491847000077541,0.097,2.47,0.9248470000775413,,,10.0
S00002,vRAN-DU,edge-B,edge,380,DONE,16.0668,16.07093,4.1305869999632705,4.1305869999632705,0.055,3.009,1.0665869999632704,,,0.0
S00002,vRAN-DU,edge-B,edge,381,DONE,16.06991,16.07875,8.84835499982728,8.84835499982728,0.072,5.084,3.6923549998272795,,,0.0
S00001,vRAN-DU,edge-A,edge,305,DONE,16.07098,16.07877,7.790777999844067,7.790777999844067,0.081,4.132,3.5777779998440673,,,0.0
S00004,UPF,core-1,core,346,DONE,16.08658,16.08992,3.3387830001174734,15.338783000117473,0.088,2.405,0.8457830001174735,,,12.0
S00010,IoT-GW,core-1,core,374,DONE,16.09695,16.10011,3.1536459998733335,15.153645999873333,0.17,1.624,1.3596459998733335,,,12.0
S00010,IoT-GW,core-1,core,375,DONE,16.09718,16.10197,4.7924190000685485,16.79241900006855,2.09,2.034,0.6684190000685488,,,12.0
S00003,UPF,core-1,core,362,DONE,16.09728,16.10273,5.45082700000421,15.45082700000421,0.215,4.522,0.7138270000042102,,,10.0
S00007,Transcoder,cloud-1,cloud,172,DONE,16.10012,16.10883,8.713223000086145,58.713223000086145,0.088,7.695,0.9302230000861451,,,50.0
S00005,IMS-CSCF,cloud-1,cloud,349,DONE,16.11013,16.11342,3.2848149999153975,53.2848149999154,0.144,2.501,0.6398149999153975,,,50.0
S00006,IMS-CSCF,cloud-1,cloud,341,DONE,16.11041,16.11313,2.7194150000013906,54.71941500000139,0.072,1.985,0.6624150000013906,,,52.0
S00004,UPF,core-1,core,347,DONE,16.11778,16.12246,4.6758139999383275,16.675813999938327,0.175,3.6,0.9008139999383276,,,12.0
S00002,vRAN-DU,edge-B,edge,382,DONE,16.12247,16.12648,4.008703000181413,4.008703000181413,0.103,3.1,0.8057030001814125,,,0.0
S00007,Transcoder,cloud-1,cloud,173,DONE,16.12986,16.13929,9.424056999932873,59.42405699993287,0.115,8.611,0.6980569999328718,,,50.0
S00002,vRAN-DU,edge-B,edge,383,DONE,16.13005,16.13702,6.974225000021761,6.974225000021761,0.08,5.833,1.0612250000217607,,,0.0
S00006,IMS-CSCF,cloud-1,cloud,342,DONE,16.1344,16.13815,3.7444000001869426,55.74440000018694,0.085,3.069,0.5904000001869427,,,52.0
S00010,IoT-GW,core-1,core,376,DONE,16.16167,16.16468,3.016435000063211,15.016435000063211,0.123,1.723,1.170435000063211,,,12.0
S00010,IoT-GW,core-1,core,377,DONE,16.16421,16.16666,2.4505019998741773,14.450501999874177,0.05,1.543,0.8575019998741773,,,12.0
S00003,UPF,core-1,core,363,DONE,16.17207,16.17533,3.2567099999596394,13.25670999995964,0.089,2.265,0.9027099999596393,,,10.0
S00010,IoT-GW,core-1,core,378,DONE,16.17862,16.18075,2.126228999941304,14.126228999941304,0.079,1.267,0.7802289999413043,,,12.0
S00003,UPF,core-1,core,364,DONE,16.18809,16.19333,5.232019999994009,15.232019999994009,0.121,3.901,1.2100199999940084,,,10.0
S00009,IoT-GW,core-1,core,327,DONE,16.18834,16.19331,4.971107000073971,14.971107000073971,0.692,3.193,1.0861070000739712,,,10.0
S00007,Transcoder,cloud-1,cloud,174,DONE,16.19184,16.20365,11.807272999931229,61.80727299993123,0.16,11.035,0.6122729999312284,,,50.0
S00001,vRAN-DU,edge-A,edge,306,DONE,16.19199,16.19805,6.055174000039187,6.055174000039187,0.105,4.847,1.1031740000391865,,,0.0
S00005,IMS-CSCF,cloud-1,cloud,350,DONE,16.2003,16.2035,3.2021810000060213,53.20218100000602,0.082,2.04,1.0801810000060215,,,50.0
S00004,UPF,core-1,core,348,DONE,16.21202,16.21709,5.070483999816133,17.070483999816133,0.083,3.777,1.210483999816133,,,12.0
S00004,UPF,core-1,core,349,DONE,16.21451,16.23056,16.043309999986377,28.043309999986377,1.734,3.85,10.459309999986377,,,12.0
S00001,vRAN-DU,edge-A,edge,307,DONE,16.21467,16.21871,4.0421129999685945,4.0421129999685945,0.103,3.3,0.6391129999685945,,,0.0
S00009,IoT-GW,core-1,core,328,DONE,16.238,16.24089,2.891082000132883,12.891082000132883,0.105,1.808,0.9780820001328829,,,10.0
S00002,vRAN-DU,edge-B,edge,384,DONE,16.24051,16.24631,5.803750000040964,5.803750000040964,0.145,4.587,1.0717500000409643,,,0.0
S00010,IoT-GW,core-1,core,379,DONE,16.2432,16.24573,2.5297629999840865,14.529762999984086,0.096,1.465,0.9687629999840863,,,12.0
S00002,vRAN-DU,edge-B,edge,385,DONE,16.24574,16.25106,5.320402000052127,5.320402000052127,0.127,4.211,0.9824020000521267,,,0.0
S00009,IoT-GW,core-1,core,329,DONE,16.25117,16.25376,2.5969819998863386,12.596981999886339,0.103,1.74,0.7539819998863386,,,10.0
S00007,Transcoder,cloud-1,cloud,175,DONE,16.26819,16.28083,12.634425999976884,62.634425999976884,0.117,11.46,1.057425999976882,,,50.0
S00010,IoT-GW,core-1,core,380,DONE,16.26974,16.27201,2.2726899999270245,14.272689999927024,0.204,1.315,0.7536899999270246,,,12.0
S00008,Transcoder,cloud-1,cloud,177,DONE,16.28319,16.29684,13.647912999886103,65.6479129998861,0.094,12.598,0.9559129998861025,,,52.0
S00001,vRAN-DU,edge-A,edge,308,DONE,16.28452,16.28866,4.130996999947456,4.130996999947456,0.082,3.241,0.8079969999474561,,,0.0
S00006,IMS-CSCF,cloud-1,cloud,343,DONE,16.28579,16.28864,2.8478379999796744,54.847837999979674,0.07,1.935,0.8428379999796745,,,52.0
S00001,vRAN-DU,edge-A,edge,309,DONE,16.29686,16.30069,3.8373170000340906,3.8373170000340906,0.153,2.838,0.8463170000340905,,,0.0
S00004,UPF,core-1,core,350,DONE,16.3121,16.31666,4.553203000114081,16.55320300011408,0.089,3.371,1.0932030001140811,,,12.0
S00004,UPF,core-1,core,351,DONE,16.3179,16.32088,2.97869099995296,14.97869099995296,0.136,2.192,0.6506909999529595,,,12.0
S00003,UPF,core-1,core,365,DONE,16.32215,16.32531,3.1660680001550645,13.166068000155065,0.064,2.396,0.7060680001550645,,,10.0
S00003,UPF,core-1,core,366,DONE,16.33667,16.3411,4.432119000057355,14.432119000057355,0.084,3.616,0.732119000057355,,,10.0
S00010,IoT-GW,core-1,core,381,DONE,16.34646,16.34944,2.981352999995579,14.981352999995579,0.091,2.178,0.7123529999955789,,,12.0
S00005,IMS-CSCF,cloud-1,cloud,351,DONE,16.34897,16.35235,3.3784520001063356,53.378452000106336,0.083,2.32,0.9754520001063356,,,50.0
S00002,vRAN-DU,edge-B,edge,386,DONE,16.35776,16.36532,7.5601660000756965,7.5601660000756965,0.129,6.292,1.1391660000756971,,,0.0
S00009,IoT-GW,core-1,core,330,DONE,16.35795,16.36401,6.057227999917814,16.057227999917814,0.1,2.859,3.0982279999178135,,,10.0
S00005,IMS-CSCF,cloud-1,cloud,352,DONE,16.35802,16.36402,6.004681999911554,56.004681999911554,0.095,3.919,1.990681999911554,,,50.0
S00001,vRAN-DU,edge-A,edge,310,DONE,16.35811,16.36666,8.550878000050943,8.550878000050943,0.095,6.824,1.6318780000509436,,,0.0
S00002,vRAN-DU,edge-B,edge,387,DONE,16.36403,16.37089,6.857205999949656,6.857205999949656,0.053,5.448,1.3562059999496556,,,0.0
S00001,vRAN-DU,edge-A,edge,311,DONE,16.36667,16.37172,5.04535200002465,5.04535200002465,0.073,4.315,0.6573520000246491,,,0.0
S00010,IoT-GW,core-1,core,382,DONE,16.36748,16.37087,3.391966999970464,15.391966999970464,0.086,2.287,1.018966999970464,,,12.0
S00007,Transcoder,cloud-1,cloud,176,DONE,16.37814,16.39489,16.752015999827563,66.75201599982756,0.134,15.938,0.6800159998275639,,,50.0
S00007,Transcoder,cloud-1,cloud,177,DONE,16.37848,16.38922,10.738725999999588,60.73872599999959,0.082,9.865,0.7917259999995867,,,50.0
S00006,IMS-CSCF,cloud-1,cloud,344,DONE,16.38179,16.38955,7.7598600000783335,59.75986000007833,0.108,4.393,3.258860000078334,,,52.0
S00004,UPF,core-1,core,352,DONE,16.3879,16.39383,5.9238290000394045,17.923829000039404,0.103,4.761,1.0598290000394046,,,12.0
S00006,IMS-CSCF,cloud-1,cloud,345,DONE,16.38807,16.39289,4.821029999902748,56.82102999990275,0.885,3.266,0.6700299999027486,,,52.0
S00003,UPF,core-1,core,367,DONE,16.38941,16.39425,4.840596999883928,14.840596999883928,0.081,4.097,0.6625969998839274,,,10.0
S00001,vRAN-DU,edge-A,edge,312,DONE,16.3993,16.40815,8.845371999996132,8.845371999996132,0.334,3.103,5.408371999996132,,,0.0
S00002,vRAN-DU,edge-B,edge,388,DONE,16.40816,16.41434,6.18367699985356,6.18367699985356,0.085,5.027,1.07167699985356,,,0.0
S00006,IMS-CSCF,cloud-1,cloud,346,DONE,16.41571,16.4198,4.092010000022128,56.09201000002213,0.207,3.091,0.7940100000221282,,,52.0
S00003,UPF,core-1,core,368,DONE,16.41917,16.42305,3.8793659998646035,13.879365999864604,0.109,2.636,1.1343659998646034,,,10.0
S00003,UPF,core-1,core,369,DONE,16.42746,16.43086,3.4021760000086942,13.402176000008694,0.099,2.51,0.7931760000086943,,,10.0
S00009,IoT-GW,core-1,core,331,DONE,16.42767,16.42982,2.1443429998271313,12.144342999827131,0.174,1.418,0.5523429998271314,,,10.0
S00002,vRAN-DU,edge-B,edge,389,DONE,16.43087,16.43419,3.3186949999617354,3.3186949999617354,0.117,2.717,0.4846949999617354,,,0.0
S00010,IoT-GW,core-1,core,383,DONE,16.43319,16.43739,4.195982000055665,16.195982000055665,0.058,3.439,0.6989820000556648,,,12.0
S00001,vRAN-DU,edge-A,edge,313,DONE,16.4374,16.44176,4.359134999958769,4.359134999958769,0.108,3.567,0.6841349999587689,,,0.0
S00002,vRAN-DU,edge-B,edge,390,DONE,16.44405,16.44757,3.5258359998806554,3.5258359998806554,0.078,2.821,0.6268359998806554,,,0.0
S00004,UPF,core-1,core,353,DONE,16.44643,16.44986,3.431137999996281,15.431137999996281,0.09,2.692,0.649137999996281,,,12.0
S00004,UPF,core-1,core,354,DONE,16.44653,16.45243,5.904195999846706,17.904195999846706,2.925,2.304,0.6751959998467072,,,12.0
S00009,IoT-GW,core-1,core,332,DONE,16.44882,16.45051,1.6898619999210496,11.68986199992105,0.077,1.211,0.40186199992104954,,,10.0
S00007,Transcoder,cloud-1,cloud,178,DONE,16.45784,16.46498,7.148189000190541,57.14818900019054,0.173,6.172,0.8031890001905415,,,50.0
S00008,Transcoder,cloud-1,cloud,178,DONE,16.46445,16.47595,11.498071999994863,63.49807199999486,0.052,10.164,1.282071999994864,,,52.0
S00003,UPF,core-1,core,370,DONE,16.46726,16.47111,3.853782000078354,13.853782000078354,0.089,3.087,0.6777820000783539,,,10.0
S00003,UPF,core-1,core,371,DONE,16.47029,16.47728,6.9894969999495515,16.98949699994955,0.09,4.97,1.929496999949552,,,10.0
S00010,IoT-GW,core-1,core,384,DONE,16.4704,16.4773,6.899184000076275,18.899184000076275,0.539,4.572,1.7881840000762752,,,12.0
S00005,IMS-CSCF,cloud-1,cloud,353,DONE,16.47596,16.48347,7.510198000090895,57.510198000090895,0.311,5.466,1.733198000090895,,,50.0
S00004,UPF,core-1,core,355,DONE,16.4761,16.48346,7.355598000003738,19.355598000003738,0.061,5.468,1.826598000003738,,,12.0
S00001,vRAN-DU,edge-A,edge,314,DONE,16.47851,16.48443,5.920672999991439,5.920672999991439,0.132,3.8,1.9886729999914388,,,0.0
S00004,UPF,core-1,core,356,DONE,16.48348,16.48763,4.148550000081741,16.14855000008174,0.122,2.614,1.4125500000817413,,,12.0
S00003,UPF,core-1,core,372,DONE,16.48886,16.49234,3.474456999811082,13.474456999811082,0.325,2.38,0.7694569998110818,,,10.0
S00005,IMS-CSCF,cloud-1,cloud,354,DONE,16.49863,16.50136,2.7319349999288534,52.73193499992885,0.116,1.813,0.8029349999288533,,,50.0
S00004,UPF,core-1,core,357,DONE,16.50362,16.50646,2.8406199999153614,14.840619999915361,0.087,2.112,0.6416199999153611,,,12.0
S00006,IMS-CSCF,cloud-1,cloud,347,DONE,16.50602,16.50831,2.288539000119272,54.28853900011927,0.089,1.372,0.8275390001192717,,,52.0
S00003,UPF,core-1,core,373,DONE,16.50954,16.51259,3.0442770000718156,13.044277000071816,0.077,2.321,0.6462770000718154,,,10.0
S00004,UPF,core-1,core,358,DONE,16.51265,16.51533,2.6861320000080013,14.686132000008001,0.085,2.034,0.5671320000080016,,,12.0
S00002,vRAN-DU,edge-B,edge,391,DONE,16.51496,16.51895,3.992883000137226,3.992883000137226,0.079,3.111,0.8028830001372258,,,0.0
S00010,IoT-GW,core-1,core,385,DONE,16.52321,16.52515,1.9469040000785753,13.946904000078575,0.085,1.138,0.7239040000785755,,,12.0
S00002,vRAN-DU,edge-B,edge,392,DONE,16.52335,16.53074,7.386537000002136,7.386537000002136,0.069,6.558,0.759537000002136,,,0.0
S00006,IMS-CSCF,cloud-1,cloud,348,DONE,16.52516,16.52914,3.9826749998610467,55.98267499986105,0.082,1.979,1.9216749998610467,,,52.0
S00009,IoT-GW,core-1,core,333,DONE,16.52566,16.52997,4.307297999957882,14.307297999957882,0.055,3.312,0.940297999957882,,,10.0
S00001,vRAN-DU,edge-A,edge,315,DONE,16.52593,16.53099,5.0561909999942145,5.0561909999942145,0.082,4.186,0.7881909999942147,,,0.0
S00004,UPF,core-1,core,359,DONE,16.52916,16.53398,4.82607799995094,16.82607799995094,0.056,3.338,1.4320779999509394,,,12.0
S00004,UPF,core-1,core,360,DONE,16.53081,16.53666,5.846359999850392,17.846359999850392,2.21,2.16,1.4763599998503922,,,12.0
S00010,IoT-GW,core-1,core,386,DONE,16.534,16.5367,2.7075240000158374,14.707524000015837,0.095,0.884,1.7285240000158373,,,12.0
S00008,Transcoder,cloud-1,cloud,179,DONE,16.53552,16.54399,8.464300000014191,60.46430000001419,0.178,7.35,0.9363000000141914,,,52.0
S00004,UPF,core-1,core,361,DONE,16.54833,16.55211,3.7775900000269758,15.777590000026976,0.177,2.473,1.1275900000269758,,,12.0
S00006,IMS-CSCF,cloud-1,cloud,349,DONE,16.55555,16.55805,2.4982659999750467,54.49826599997505,0.097,1.606,0.7952659999750467,,,52.0
S00008,Transcoder,cloud-1,cloud,180,DONE,16.5593,16.57268,13.381355000092299,65.3813550000923,0.063,12.409,0.9093550000922974,,,52.0
S00006,IMS-CSCF,cloud-1,cloud,350,DONE,16.56268,16.56881,6.1302629999318015,58.1302629999318,0.091,2.496,3.5432629999318013,,,52.0
S00003,UPF,core-1,core,374,DONE,16.56506,16.56955,4.489968999905614,14.489968999905614,0.1,3.244,1.1459689999056133,,,10.0
S00009,IoT-GW,core-1,core,334,DONE,16.56518,16.56954,4.359754000006433,14.359754000006433,0.15,3.145,1.0647540000064328,,,10.0
S00008,Transcoder,cloud-1,cloud,181,DONE,16.56527,16.58213,16.857584000035786,68.85758400003579,0.073,15.935,0.8495840000357866,,,52.0
S00005,IMS-CSCF,cloud-1,cloud,355,DONE,16.56883,16.57266,3.836404000139737,53.83640400013974,0.083,2.186,1.567404000139737,,,50.0
S00001,vRAN-DU,edge-A,edge,316,DONE,16.56893,16.58085,11.915930999975899,11.915930999975899,0.109,11.11,0.6969309999758995,,,0.0
S00009,IoT-GW,core-1,core,335,DONE,16.57075,16.5741,3.3526229999552015,13.352622999955202,0.066,2.399,0.8876229999552017,,,10.0
S00007,Transcoder,cloud-1,cloud,179,DONE,16.57268,16.59247,19.7880250000253,69.7880250000253,0.061,17.97,1.7570250000253012,,,50.0
S00009,IoT-GW,core-1,core,336,DONE,16.57841,16.58007,1.6610990001026948,11.661099000102695,0.076,0.994,0.5910990001026948,,,10.0
S00004,UPF,core-1,core,362,DONE,16.58337,16.58588,2.5067839999337593,14.50678399993376,0.065,1.996,0.4457839999337594,,,12.0
S00001,vRAN-DU,edge-A,edge,317,DONE,16.58713,16.59249,5.361462000109896,5.361462000109896,0.099,4.404,0.8584620001098955,,,0.0
S00002,vRAN-DU,edge-B,edge,393,DONE,16.59584,16.60207,6.231488000139507,6.231488000139507,0.158,5.266,0.8074880001395064,,,0.0
S00009,IoT-GW,core-1,core,337,DONE,16.59653,16.60262,6.081177000169191,16.08117700016919,0.078,4.816,1.187177000169191,,,10.0
S00010,IoT-GW,core-1,core,387,DONE,16.60908,16.61174,2.664417999994839,14.66441799999484,0.107,1.628,0.9294179999948393,,,12.0
S00003,UPF,core-1,core,375,DONE,16.62712,16.63205,4.931409999926473,14.931409999926473,0.122,3.863,0.9464099999264728,,,10.0
S00005,IMS-CSCF,cloud-1,cloud,356,DONE,16.62971,16.63204,2.33221999997113,52.33221999997113,0.148,1.457,0.7272199999711302,,,50.0
S00004,UPF,core-1,core,363,DONE,16.63445,16.63917,4.714592000027551,16.71459200002755,0.101,3.633,0.980592000027551,,,12.0
S00001,vRAN-DU,edge-A,edge,318,DONE,16.63687,16.6465,9.62537300006261,9.62537300006261,0.116,8.393,1.1163730000626089,,,0.0
S00010,IoT-GW,core-1,core,388,DONE,16.63918,16.64379,4.6051409999563475,16.605140999956348,0.079,4.025,0.5011409999563474,,,12.0
S00003,UPF,core-1,core,376,DONE,16.63988,16.64337,3.4868510001615505,13.48685100016155,0.074,2.975,0.43785100016155054,,,10.0
S00009,IoT-GW,core-1,core,338,DONE,16.6426,16.64675,4.144239999959609,14.14423999995961,0.069,3.329,0.746239999959609,,,10.0
S00001,vRAN-DU,edge-A,edge,319,DONE,16.64651,16.65186,5.344338999975662,5.344338999975662,0.084,3.257,2.0033389999756617,,,0.0
S00001,vRAN-DU,edge-A,edge,320,DONE,16.67336,16.67763,4.273186999853351,4.273186999853351,0.128,3.147,0.9981869998533512,,,0.0
S00009,IoT-GW,core-1,core,339,DONE,16.68607,16.68892,2.8455090000534256,12.845509000053426,0.09,1.653,1.1025090000534254,,,10.0
S00002,vRAN-DU,edge-B,edge,394,DONE,16.69439,16.69938,4.9901910001608485,4.9901910001608485,0.119,3.86,1.0111910001608484,,,0.0
S00001,vRAN-DU,edge-A,edge,321,DONE,16.69695,16.7043,7.346177000044918,7.346177000044918,0.089,6.309,0.9481770000449172,,,0.0
S00006,IMS-CSCF,cloud-1,cloud,351,DONE,16.71267,16.71563,2.962755999988076,54.962755999988076,0.092,1.999,0.8717559999880757,,,52.0
S00003,UPF,core-1,core,377,DONE,16.71316,16.71917,6.010148000086701,16.0101480000867,0.082,5.284,0.6441480000867017,,,10.0
S00005,IMS-CSCF,cloud-1,cloud,357,DONE,16.72345,16.72573,2.2725070000433334,52.27250700004333,0.082,1.574,0.6165070000433333,,,50.0
S00003,UPF,core-1,core,378,DONE,16.72798,16.73124,3.2551120000334777,13.255112000033478,0.149,2.284,0.8221120000334778,,,10.0
S00008,Transcoder,cloud-1,cloud,182,DONE,16.74663,16.75408,7.448284000020067,59.44828400002007,0.136,6.555,0.7572840000200669,,,52.0
S00006,IMS-CSCF,cloud-1,cloud,352,DONE,16.74802,16.75095,2.925142000094638,54.92514200009464,0.112,2.113,0.7001420000946381,,,52.0
S00009,IoT-GW,core-1,core,340,DONE,16.74936,16.75376,4.400994999969043,14.400994999969043,0.081,3.761,0.5589949999690433,,,10.0
S00010,IoT-GW,core-1,core,389,DONE,16.75737,16.75902,1.641435999999885,13.641435999999885,0.077,1.065,0.4994359999998852,,,12.0
S00006,IMS-CSCF,cloud-1,cloud,353,DONE,16.76646,16.76875,2.287718999923527,54.28771899992353,0.083,1.521,0.6837189999235271,,,52.0
S00009,IoT-GW,core-1,core,341,DONE,16.771,16.77295,1.9517670000368526,11.951767000036853,0.085,1.226,0.6407670000368526,,,10.0
S00006,IMS-CSCF,cloud-1,cloud,354,DONE,16.77725,16.7799,2.6573439999992843,54.657343999999284,0.106,1.884,0.6673439999992843,,,52.0
S00007,Transcoder,cloud-1,cloud,180,DONE,16.78417,16.79124,7.070552000186581,57.07055200018658,0.077,6.309,0.6845520001865806,,,50.0
S00005,IMS-CSCF,cloud-1,cloud,358,DONE,16.79065,16.79315,2.4979849999908765,52.49798499999088,0.057,1.388,1.0529849999908767,,,50.0
S00010,IoT-GW,core-1,core,390,DONE,16.79316,16.79493,1.7722990000947902,13.77229900009479,0.08,1.133,0.5592990000947902,,,12.0
S00010,IoT-GW,core-1,core,391,DONE,16.79827,16.80025,1.9737420000183192,13.97374200001832,0.111,1.133,0.7297420000183192,,,12.0
S00003,UPF,core-1,core,379,DONE,16.79841,16.8011,2.6907349999873986,12.690734999987399,0.196,2.014,0.48073499998739866,,,10.0
S00001,vRAN-DU,edge-A,edge,322,DONE,16.80233,16.80577,3.4435400000347727,3.4435400000347727,0.08,2.793,0.5705400000347725,,,0.0
S00002,vRAN-DU,edge-B,edge,395,DONE,16.81105,16.8149,3.845342999966306,3.845342999966306,0.115,3.007,0.7233429999663055,,,0.0
S00004,UPF,core-1,core,364,DONE,16.81448,16.81807,3.5913109998091386,15.591310999809139,0.082,2.609,0.9003109998091388,,,12.0
S00010,IoT-GW,core-1,core,392,DONE,16.81931,16.82091,1.597037999999884,13.597037999999884,0.065,1.032,0.5000379999998841,,,12.0
S00002,vRAN-DU,edge-B,edge,396,DONE,16.81944,16.82295,3.5067599999365484,3.5067599999365484,0.078,2.726,0.7027599999365486,,,0.0
S00009,IoT-GW,core-1,core,342,DONE,16.83403,16.83581,1.781199000106426,11.781199000106426,0.097,1.072,0.6121990001064259,,,10.0
S00003,UPF,core-1,core,380,DONE,16.83551,16.84028,4.7678930000074615,14.767893000007462,0.046,3.892,0.8298930000074618,,,10.0
S00006,IMS-CSCF,cloud-1,cloud,355,DONE,16.8356,16.83794,2.3355650000667083,54.33556500006671,0.079,1.557,0.6995650000667084,,,52.0
S00010,IoT-GW,core-1,core,393,DONE,16.84029,16.84196,1.6687929999079643,13.668792999907964,0.062,1.08,0.5267929999079641,,,12.0
S00009,IoT-GW,core-1,core,343,DONE,16.84166,16.84359,1.9303179999496933,11.930317999949693,0.048,1.263,0.6193179999496934,,,10.0
S00010,IoT-GW,core-1,core,394,DONE,16.842,16.84401,2.0101549998798873,14.010154999879887,0.05,0.884,1.0761549998798872,,,12.0
S00004,UPF,core-1,core,365,DONE,16.8436,16.84734,3.7443749999965803,15.74437499999658,0.041,3.242,0.4613749999965804,,,12.0
S00005,IMS-CSCF,cloud-1,cloud,359,DONE,16.84628,16.84897,2.6894869999978255,52.689486999997825,0.083,1.898,0.7084869999978256,,,50.0
S00008,Transcoder,cloud-1,cloud,183,DONE,16.85232,16.86016,7.840716999908182,59.84071699990818,0.215,6.863,0.7627169999081813,,,52.0
S00003,UPF,core-1,core,381,DONE,16.85584,16.85911,3.2736299999669427,13.273629999966943,0.14,2.085,1.0486299999669426,,,10.0
S00005,IMS-CSCF,cloud-1,cloud,360,DONE,16.86145,16.86448,3.024736000043049,53.02473600004305,0.069,2.16,0.7957360000430489,,,50.0
S00004,UPF,core-1,core,366,DONE,16.86892,16.87306,4.132493000042814,16.132493000042814,0.085,3.108,0.9394930000428139,,,12.0
S00001,vRAN-DU,edge-A,edge,323,DONE,16.87645,16.88107,4.622585999868534,4.622585999868534,0.117,3.588,0.9175859998685336,,,0.0
S00001,vRAN-DU,edge-A,edge,324,DONE,16.88117,16.88614,4.969480999989173,4.969480999989173,0.057,4.191,0.7214809999891729,,,0.0
S00010,IoT-GW,core-1,core,395,DONE,16.8847,16.88685,2.1503380000922334,14.150338000092233,0.085,1.413,0.6523380000922334,,,12.0
S00004,UPF,core-1,core,367,DONE,16.88686,16.88968,2.8198710001561267,14.819871000156127,0.108,2.131,0.5808710001561268,,,12.0
S00010,IoT-GW,core-1,core,396,DONE,16.89099,16.89334,2.3569659999793657,14.356965999979366,0.064,1.469,0.8239659999793656,,,12.0
S00004,UPF,core-1,core,368,DONE,16.89558,16.89876,3.177092999976594,15.177092999976594,0.106,2.342,0.729092999976594,,,12.0
S00010,IoT-GW,core-1,core,397,DONE,16.89884,16.90077,1.9319860000450717,13.931986000045072,0.078,1.259,0.5949860000450717,,,12.0
S00006,IMS-CSCF,cloud-1,cloud,356,DONE,16.90935,16.91276,3.417531999957646,55.417531999957646,0.094,1.401,1.9225319999576458,,,52.0
S00003,UPF,core-1,core,382,DONE,16.90961,16.91362,4.014384000129212,14.014384000129212,0.114,3.109,0.7913840001292121,,,10.0
S00010,IoT-GW,core-1,core,398,DONE,16.91278,16.91505,2.2793160001128854,14.279316000112885,0.058,1.259,0.9623160001128854,,,12.0
S00005,IMS-CSCF,cloud-1,cloud,361,DONE,16.91486,16.91776,2.8958939999483846,52.895893999948385,0.079,2.046,0.7708939999483846,,,50.0
S00004,UPF,core-1,core,369,DONE,16.91777,16.92073,2.960504999919067,14.960504999919067,0.094,2.254,0.612504999919067,,,12.0
S00004,UPF,core-1,core,370,DONE,16.92304,16.9265,3.457848000152808,15.457848000152808,0.091,2.407,0.9598480001528076,,,12.0
S00001,vRAN-DU,edge-A,edge,325,DONE,16.92651,16.93197,5.455502999893724,5.455502999893724,0.093,4.249,1.1135029998937247,,,0.0
S00006,IMS-CSCF,cloud-1,cloud,357,DONE,16.92797,16.93048,2.510467999854882,54.51046799985488,0.125,1.528,0.8574679998548818,,,52.0
S00004,UPF,core-1,core,371,DONE,16.93335,16.93647,3.1263000000762986,15.126300000076299,0.106,2.237,0.7833000000762986,,,12.0
S00004,UPF,core-1,core,372,DONE,16.93776,16.94128,3.520934000107445,15.520934000107445,0.065,2.794,0.6619340001074452,,,12.0
S00010,IoT-GW,core-1,core,399,DONE,16.94349,16.94603,2.546732999917367,14.546732999917367,0.086,1.833,0.6277329999173671,,,12.0
S00002,vRAN-DU,edge-B,edge,397,DONE,16.94728,16.95195,4.668498999990334,4.668498999990334,0.121,3.663,0.8844989999903339,,,0.0
S00010,IoT-GW,core-1,core,400,DONE,16.96243,16.96517,2.7400450001096033,14.740045000109603,0.091,1.587,1.0620450001096033,,,12.0
S00001,vRAN-DU,edge-A,edge,326,DONE,16.9733,16.97875,5.452846000025602,5.452846000025602,0.085,3.218,2.149846000025602,,,0.0
S00002,vRAN-DU,edge-B,edge,398,DONE,16.97569,16.97984,4.145866000044407,4.145866000044407,0.081,3.499,0.5658660000444069,,,0.0
S00004,UPF,core-1,core,373,DONE,16.98613,16.99178,5.646260000048642,17.646260000048642,0.099,4.32,1.2272600000486413,,,12.0
S00003,UPF,core-1,core,383,DONE,16.99047,16.99435,3.875867999795446,13.875867999795446,0.388,2.325,1.1628679997954459,,,10.0
S00002,vRAN-DU,edge-B,edge,399,DONE,16.99308,16.99972,6.647940999982893,6.647940999982893,0.085,3.686,2.876940999982893,,,0.0
S00009,IoT-GW,core-1,core,344,DONE,16.99326,16.9954,2.1398760000010952,12.139876000001095,0.248,1.361,0.5308760000010952,,,10.0
S00002,vRAN-DU,edge-B,edge,400,DONE,16.99436,17.00075,6.394574999831093,6.394574999831093,0.078,3.071,3.245574999831093,,,0.0
S00010,IoT-GW,core-1,core,401,DONE,16.99974,17.00356,3.822545000048194,15.822545000048194,0.271,2.958,0.5935450000481941,,,12.0
S00004,UPF,core-1,core,374,DONE,16.99982,17.00617,6.344076000004861,18.34407600000486,0.228,5.553,0.5630760000048616,,,12.0
S00003,UPF,core-1,core,384,DONE,16.99986,17.00526,5.404214999998658,15.404214999998658,0.074,4.669,0.6612149999986583,,,10.0
S00008,Transcoder,cloud-1,cloud,184,DONE,16.99989,17.01608,16.18984299989279,68.18984299989279,0.159,15.392,0.6388429998927894,,,52.0
S00008,Transcoder,cloud-1,cloud,185,DONE,17.00193,17.01315,11.217809999834571,63.21780999983457,0.106,10.462,0.6498099998345719,,,52.0
S00005,IMS-CSCF,cloud-1,cloud,362,DONE,17.00316,17.0105,7.336335999980292,57.33633599998029,0.093,3.195,4.048335999980292,,,50.0
S00010,IoT-GW,core-1,core,402,DONE,17.00483,17.00706,2.2309729999960837,14.230972999996084,0.074,1.351,0.8059729999960836,,,12.0
S00005,IMS-CSCF,cloud-1,cloud,363,DONE,17.00531,17.01293,7.623582999940481,57.62358299994048,3.53,1.436,2.657582999940482,,,50.0
S00006,IMS-CSCF,cloud-1,cloud,358,DONE,17.01294,17.01487,1.9321489999128971,53.9321489999129,0.094,1.376,0.46214899991289715,,,52.0
S00006,IMS-CSCF,cloud-1,cloud,359,DONE,17.02448,17.02704,2.5633819998347462,54.563381999834746,0.096,1.695,0.7723819998347461,,,52.0
S00009,IoT-GW,core-1,core,345,DONE,17.02937,17.03154,2.1727020000525954,12.172702000052595,0.083,1.318,0.7717020000525954,,,10.0
S00003,UPF,core-1,core,385,DONE,17.03381,17.03697,3.1624890000330197,13.16248900003302,0.162,2.329,0.6714890000330196,,,10.0
S00003,UPF,core-1,core,386,DONE,17.03523,17.03956,4.330081000034625,14.330081000034625,1.345,2.209,0.7760810000346243,,,10.0
S00003,UPF,core-1,core,387,DONE,17.03929,17.04249,3.1959749999259657,13.195974999925966,0.055,2.511,0.6299749999259654,,,10.0
S00010,IoT-GW,core-1,core,403,DONE,17.04076,17.04294,2.1771010001430113,14.177101000143011,0.078,1.61,0.48910100014301117,,,12.0
S00006,IMS-CSCF,cloud-1,cloud,360,DONE,17.04301,17.04537,2.361836000090989,54.36183600009099,0.081,1.646,0.634836000090989,,,52.0
S00009,IoT-GW,core-1,core,346,DONE,17.04657,17.04866,2.0882759999949485,12.088275999994949,0.107,1.281,0.7002759999949486,,,10.0
S00001,vRAN-DU,edge-A,edge,327,DONE,17.05396,17.05863,4.666492000069411,4.666492000069411,0.08,3.573,1.013492000069411,,,0.0
S00010,IoT-GW,core-1,core,404,DONE,17.05864,17.06142,2.777945000161708,14.777945000161708,0.09,1.827,0.8609450001617078,,,12.0
S00004,UPF,core-1,core,375,DONE,17.06006,17.0638,3.748938999933671,15.74893899993367,0.104,2.126,1.5189389999336709,,,12.0
S00006,IMS-CSCF,cloud-1,cloud,361,DONE,17.06026,17.06349,3.2292759999563714,55.22927599995637,0.089,2.408,0.7322759999563715,,,52.0
S00004,UPF,core-1,core,376,DONE,17.06814,17.07148,3.336579000006168,15.336579000006168,0.08,2.377,0.8795790000061681,,,12.0
S00005,IMS-CSCF,cloud-1,cloud,364,DONE,17.08886,17.09154,2.67865000000711,52.67865000000711,0.096,1.641,0.94165000000711,,,50.0
S00004,UPF,core-1,core,377,DONE,17.08904,17.09248,3.4353959999862127,15.435395999986213,0.089,2.734,0.6123959999862127,,,12.0
S00002,vRAN-DU,edge-B,edge,401,DONE,17.09161,17.09539,3.7786519999372103,3.7786519999372103,0.079,2.905,0.7946519999372104,,,0.0
S00001,vRAN-DU,edge-A,edge,328,DONE,17.1007,17.10452,3.826333999995768,3.826333999995768,0.121,2.861,0.8443339999957677,,,0.0
S00010,IoT-GW,core-1,core,405,DONE,17.10313,17.10523,2.10068800015506,14.10068800015506,0.083,1.37,0.6476880001550598,,,12.0
S00010,IoT-GW,core-1,core,406,DONE,17.10529,17.10708,1.7884970000068279,13.788497000006828,0.061,1.109,0.618497000006828,,,12.0
S00010,IoT-GW,core-1,core,407,DONE,17.10709,17.10875,1.6565230000651354,13.656523000065135,0.056,1.09,0.5105230000651353,,,12.0
S00008,Transcoder,cloud-1,cloud,186,DONE,17.11606,17.12507,9.003032000009625,61.003032000009625,0.118,7.745,1.140032000009625,,,52.0
S00008,Transcoder,cloud-1,cloud,187,DONE,17.1186,17.12896,10.36169000008158,62.36169000008158,0.149,9.308,0.9046900000815814,,,52.0
S00002,vRAN-DU,edge-B,edge,402,DONE,17.12204,17.1261,4.058073999885892,4.058073999885892,0.089,3.273,0.6960739998858916,,,0.0
S00002,vRAN-DU,edge-B,edge,403,DONE,17.12897,17.13391,4.941222000070411,4.941222000070411,0.099,3.232,1.6102220000704106,,,0.0
S00003,UPF,core-1,core,388,DONE,17.14134,17.14449,3.149083000153041,13.149083000153041,0.093,2.199,0.8570830001530414,,,10.0
S00001,vRAN-DU,edge-A,edge,329,DONE,17.1457,17.14992,4.217497999889019,4.217497999889019,0.156,3.3,0.7614979998890195,,,0.0
S00004,UPF,core-1,core,378,DONE,17.16934,17.17309,3.751353000097879,15.751353000097879,0.093,2.859,0.799353000097879,,,12.0
S00004,UPF,core-1,core,379,DONE,17.17177,17.17739,5.621023000003333,17.621023000003333,0.68,4.131,0.8100230000033335,,,12.0
S00006,IMS-CSCF,cloud-1,cloud,362,DONE,17.17438,17.17704,2.6626520000263554,54.662652000026355,0.111,1.848,0.7036520000263553,,,52.0
S00003,UPF,core-1,core,389,DONE,17.18379,17.19025,6.466385000067021,16.46638500006702,0.13,5.224,1.1123850000670208,,,10.0
S00008,Transcoder,cloud-1,cloud,188,DONE,17.18938,17.20157,12.190741000040362,64.19074100004036,0.093,11.4,0.6977410000403612,,,52.0
S00010,IoT-GW,core-1,core,408,DONE,17.19149,17.19315,1.666972999828431,13.666972999828431,0.105,1.012,0.5499729998284311,,,12.0
S00001,vRAN-DU,edge-A,edge,330,DONE,17.19852,17.20469,6.169586999931198,6.169586999931198,0.08,4.812,1.2775869999311977,,,0.0
S00009,IoT-GW,core-1,core,347,DONE,17.19866,17.2009,2.232975999959308,12.232975999959308,0.091,1.627,0.514975999959308,,,10.0
S00001,vRAN-DU,edge-A,edge,331,DONE,17.2028,17.207,4.208707000088907,4.208707000088907,0.076,3.637,0.495707000088907,,,0.0
S00010,IoT-GW,core-1,core,409,DONE,17.20588,17.20786,1.9773440001245035,13.977344000124504,0.086,1.263,0.6283440001245035,,,12.0
S00010,IoT-GW,core-1,core,410,DONE,17.2155,17.21797,2.4704449999717326,14.470444999971733,0.088,1.554,0.8284449999717325,,,12.0
S00005,IMS-CSCF,cloud-1,cloud,365,DONE,17.21701,17.21969,2.675547000080769,52.67554700008077,0.085,1.799,0.7915470000807692,,,50.0
S00002,vRAN-DU,edge-B,edge,404,DONE,17.22196,17.22795,5.990354999994452,5.990354999994452,0.082,4.305,1.603354999994452,,,0.0
S00002,vRAN-DU,edge-B,edge,405,DONE,17.22449,17.22827,3.7823550001121475,3.7823550001121475,0.074,3.149,0.5593550001121477,,,0.0
S00009,IoT-GW,core-1,core,348,DONE,17.22802,17.24206,14.036506000138615,24.036506000138615,0.094,1.694,12.248506000138615,,,10.0
S00005,IMS-CSCF,cloud-1,cloud,366,DONE,17.24207,17.24609,4.020197999807351,54.02019799980735,0.091,1.725,2.2041979998073513,,,50.0
S00005,IMS-CSCF,cloud-1,cloud,367,DONE,17.24357,17.24648,2.9156169998714176,52.91561699987142,0.912,1.266,0.7376169998714177,,,50.0
S00003,UPF,core-1,core,390,DONE,17.24622,17.25159,5.367247000094721,15.367247000094721,0.098,4.763,0.5062470000947217,,,10.0
S00004,UPF,core-1,core,380,DONE,17.24653,17.25122,4.68859399984467,16.68859399984467,0.093,3.69,0.9055939998446703,,,12.0
S00005,IMS-CSCF,cloud-1,cloud,368,DONE,17.26199,17.26486,2.860745999896608,52.86074599989661,0.095,1.908,0.8577459998966077,,,50.0
S00005,IMS-CSCF,cloud-1,cloud,369,DONE,17.26608,17.26941,3.327395000042088,53.32739500004209,0.087,2.132,1.108395000042088,,,50.0
S00006,IMS-CSCF,cloud-1,cloud,363,DONE,17.27167,17.27435,2.6810429999386542,54.681042999938654,0.087,1.665,0.9290429999386542,,,52.0
S00008,Transcoder,cloud-1,cloud,189,DONE,17.27557,17.28472,9.14302499995756,61.14302499995756,0.107,8.093,0.9430249999575615,,,52.0
S00002,vRAN-DU,edge-B,edge,406,DONE,17.29528,17.30092,5.637367999952403,5.637367999952403,0.103,4.293,1.241367999952403,,,0.0
S00007,Transcoder,cloud-1,cloud,181,DONE,17.32034,17.33092,10.57246799996392,60.57246799996392,0.212,9.124,1.236467999963919,,,50.0
S00001,vRAN-DU,edge-A,edge,332,DONE,17.32088,17.32607,5.195726000010836,5.195726000010836,0.104,4.219,0.8727260000108359,,,0.0
S00007,Transcoder,cloud-1,cloud,182,DONE,17.33229,17.34361,11.316263000026083,61.31626300002608,0.173,10.24,0.9032630000260831,,,50.0
S00009,IoT-GW,core-1,core,349,DONE,17.33253,17.33749,4.96464200000446,14.96464200000446,0.084,4.33,0.5506420000044603,,,10.0
S00002,vRAN-DU,edge-B,edge,407,DONE,17.34178,17.34888,7.096967000052246,7.096967000052246,0.163,5.895,1.0389670000522457,,,0.0
S00001,vRAN-DU,edge-A,edge,333,DONE,17.34363,17.349,5.378210000117178,5.378210000117178,0.118,4.627,0.6332100001171783,,,0.0
S00001,vRAN-DU,edge-A,edge,334,DONE,17.35549,17.36071,5.228714000168111,5.228714000168111,0.084,4.236,0.9087140001681115,,,0.0
S00009,IoT-GW,core-1,core,350,DONE,17.35901,17.36157,2.554312000029313,12.554312000029313,0.086,1.674,0.7943120000293129,,,10.0
S00003,UPF,core-1,core,391,DONE,17.36078,17.36498,4.1946839999127405,14.19468399991274,0.096,2.88,1.2186839999127406,,,10.0
S00009,IoT-GW,core-1,core,351,DONE,17.36158,17.36482,3.2401829998889298,13.24018299988893,0.082,1.259,1.8991829998889298,,,10.0
S00002,vRAN-DU,edge-B,edge,408,DONE,17.37254,17.37659,4.048560999990514,4.048560999990514,0.092,2.995,0.9615609999905135,,,0.0
S00006,IMS-CSCF,cloud-1,cloud,364,DONE,17.37887,17.38133,2.4620940000659175,54.46209400006592,0.095,1.536,0.8310940000659175,,,52.0
S00005,IMS-CSCF,cloud-1,cloud,370,DONE,17.38359,17.38597,2.3809199999504926,52.38091999995049,0.078,1.7,0.6029199999504926,,,50.0
S00006,IMS-CSCF,cloud-1,cloud,365,DONE,17.38827,17.39061,2.34540599990396,54.34540599990396,0.092,1.513,0.74040599990396,,,52.0
S00003,UPF,core-1,core,392,DONE,17.39287,17.39602,3.1436429999303073,13.143642999930307,0.095,2.247,0.8016429999303072,,,10.0
S00006,IMS-CSCF,cloud-1,cloud,366,DONE,17.40241,17.40519,2.78524300006211,54.78524300006211,0.092,1.921,0.7722430000621099,,,52.0
S00001,vRAN-DU,edge-A,edge,335,DONE,17.41053,17.41606,5.529402999854938,5.529402999854938,0.167,4.532,0.8304029998549378,,,0.0
S00009,IoT-GW,core-1,core,352,DONE,17.41065,17.41344,2.787520000083532,12.787520000083532,0.089,1.997,0.7015200000835318,,,10.0
S00008,Transcoder,cloud-1,cloud,190,DONE,17.42147,17.42928,7.809436999878017,59.80943699987802,0.092,6.85,0.8674369998780174,,,52.0
S00006,IMS-CSCF,cloud-1,cloud,367,DONE,17.4229,17.42487,1.9720049999705225,53.97200499997052,0.13,1.268,0.5740049999705223,,,52.0
S00007,Transcoder,cloud-1,cloud,183,DONE,17.43976,17.4539,14.138951999939309,64.13895199993931,0.095,9.047,4.9969519999393075,,,50.0
S00001,vRAN-DU,edge-A,edge,336,DONE,17.44633,17.45391,7.58055999995122,7.58055999995122,0.086,3.082,4.41255999995122,,,0.0
S00005,IMS-CSCF,cloud-1,cloud,371,DONE,17.44875,17.4594,10.651030000190076,60.651030000190076,0.126,2.82,7.705030000190076,,,50.0
S00003,UPF,core-1,core,393,DONE,17.45347,17.46104,7.5700329998653615,17.57003299986536,0.12,5.641,1.8090329998653614,,,10.0
S00001,vRAN-DU,edge-A,edge,337,DONE,17.45392,17.4598,5.8762580001712195,5.8762580001712195,0.108,4.979,0.7892580001712197,,,0.0
S00010,IoT-GW,core-1,core,411,DONE,17.45941,17.46208,2.664847000005466,14.664847000005466,0.103,1.325,1.2368470000054659,,,12.0
S00001,vRAN-DU,edge-A,edge,338,DONE,17.45951,17.47188,12.376905999872179,12.376905999872179,0.131,11.211,1.0349059998721781,,,0.0
S00008,Transcoder,cloud-1,cloud,191,DONE,17.45956,17.47825,18.689563000179987,70.68956300017999,0.102,17.741,0.8465630001799873,,,52.0
S00002,vRAN-DU,edge-B,edge,409,DONE,17.45962,17.47105,11.428410000007716,11.428410000007716,0.085,8.522,2.821410000007715,,,0.0
S00002,vRAN-DU,edge-B,edge,410,DONE,17.45967,17.46891,9.24686100006511,9.24686100006511,0.131,7.67,1.4458610000651095,,,0.0
S00010,IoT-GW,core-1,core,412,DONE,17.46209,17.46998,7.889103000024988,19.88910300002499,0.063,7.316,0.5101030000249889,,,12.0
S00003,UPF,core-1,core,394,DONE,17.46765,17.47558,7.93517600004634,17.93517600004634,0.128,4.579,3.22817600004634,,,10.0
S00003,UPF,core-1,core,395,DONE,17.46998,17.47652,6.534156000043367,16.534156000043367,2.838,3.017,0.679156000043367,,,10.0
S00007,Transcoder,cloud-1,cloud,184,DONE,17.47028,17.48663,16.35139099994376,66.35139099994376,0.081,15.589,0.6813909999437602,,,50.0
S00003,UPF,core-1,core,396,DONE,17.47946,17.48277,3.3073259999127913,13.307325999912791,0.074,2.631,0.6023259999127917,,,10.0
S00006,IMS-CSCF,cloud-1,cloud,368,DONE,17.47957,17.48513,5.562311999938174,57.562311999938174,0.108,4.591,0.8633119999381744,,,52.0
S00001,vRAN-DU,edge-A,edge,339,DONE,17.48278,17.48756,4.780209000045943,4.780209000045943,0.111,3.99,0.679209000045943,,,0.0
S00004,UPF,core-1,core,381,DONE,17.48757,17.49104,3.4705729999586765,15.470572999958677,0.074,2.939,0.4575729999586766,,,12.0
S00010,IoT-GW,core-1,core,413,DONE,17.49024,17.49286,2.615082000147595,14.615082000147595,0.342,1.155,1.1180820001475948,,,12.0
S00008,Transcoder,cloud-1,cloud,192,DONE,17.50942,17.51958,10.158918000115591,62.15891800011559,0.141,9.051,0.9669180001155908,,,52.0
S00001,vRAN-DU,edge-A,edge,340,DONE,17.51088,17.51688,5.999195999947915,5.999195999947915,0.083,5.203,0.7131959999479145,,,0.0
S00005,IMS-CSCF,cloud-1,cloud,372,DONE,17.51427,17.51748,3.2042510001701885,53.20425100017019,0.172,1.839,1.1932510001701884,,,50.0
S00009,IoT-GW,core-1,core,353,DONE,17.5196,17.52229,2.6966249999986758,12.696624999998676,0.097,1.772,0.8276249999986758,,,10.0
S00003,UPF,core-1,core,397,DONE,17.52202,17.52486,2.838350000047285,12.838350000047285,0.081,2.16,0.5973500000472849,,,10.0
S00001,vRAN-DU,edge-A,edge,341,DONE,17.5272,17.53292,5.714978000014526,5.714978000014526,0.081,4.851,0.7829780000145252,,,0.0
S00008,Transcoder,cloud-1,cloud,193,DONE,17.53164,17.54189,10.248852999893643,62.24885299989364,0.212,9.27,0.7668529998936435,,,52.0
S00005,IMS-CSCF,cloud-1,cloud,373,DONE,17.53731,17.54021,2.9023019999385724,52.90230199993857,0.276,1.62,1.0063019999385723,,,50.0
S00007,Transcoder,cloud-1,cloud,185,DONE,17.53946,17.54909,9.6344250000584,59.6344250000584,0.139,7.733,1.7624250000583999,,,50.0
S00003,UPF,core-1,core,398,DONE,17.53955,17.5442,4.65806900001553,14.65806900001553,0.125,3.262,1.27106900001553,,,10.0
S00004,UPF,core-1,core,382,DONE,17.54926,17.55309,3.828404000159935,15.828404000159935,0.092,3.082,0.6544040001599352,,,12.0
S00004,UPF,core-1,core,383,DONE,17.55942,17.56385,4.423849999966478,16.423849999966478,0.142,3.229,1.0528499999664782,,,12.0
S00005,IMS-CSCF,cloud-1,cloud,374,DONE,17.56386,17.56663,2.7720790001239948,52.772079000123995,0.186,1.714,0.8720790001239949,,,50.0
S00010,IoT-GW,core-1,core,414,DONE,17.56629,17.56849,2.2004699999342847,14.200469999934285,0.101,1.446,0.6534699999342848,,,12.0
S00001,vRAN-DU,edge-A,edge,342,DONE,17.57174,17.57686,5.116749999842796,5.116749999842796,0.124,4.122,0.8707499998427961,,,0.0
S00010,IoT-GW,core-1,core,415,DONE,17.57307,17.57779,4.717831999869304,16.717831999869304,0.11,3.833,0.7748319998693041,,,12.0
S00005,IMS-CSCF,cloud-1,cloud,375,DONE,17.59229,17.59577,3.4840949999761506,53.48409499997615,0.122,2.306,1.0560949999761506,,,50.0
S00004,UPF,core-1,core,384,DONE,17.59707,17.60034,3.2697100000405044,15.269710000040504,0.089,2.278,0.9027100000405044,,,12.0
S00002,vRAN-DU,edge-B,edge,411,DONE,17.60035,17.60427,3.917580999996062,3.917580999996062,0.089,2.995,0.8335809999960619,,,0.0
S00010,IoT-GW,core-1,core,416,DONE,17.60765,17.61,2.3508790000050794,14.35087900000508,0.126,1.394,0.8308790000050794,,,12.0
S00008,Transcoder,cloud-1,cloud,194,DONE,17.61645,17.62528,8.83299299994178,60.83299299994178,0.092,7.86,0.88099299994178,,,52.0
S00005,IMS-CSCF,cloud-1,cloud,376,DONE,17.62301,17.62673,3.720835999956762,53.72083599995676,0.138,2.632,0.9508359999567619,,,50.0
S00003,UPF,core-1,core,399,DONE,17.62324,17.62675,3.5136480000801384,13.513648000080138,0.082,2.402,1.0296480000801385,,,10.0
S00003,UPF,core-1,core,400,DONE,17.63001,17.63285,2.839737999920544,12.839737999920544,0.077,2.155,0.6077379999205443,,,10.0
S00002,vRAN-DU,edge-B,edge,412,DONE,17.63611,17.63987,3.764642000078311,3.764642000078311,0.092,2.902,0.7706420000783107,,,0.0
S00002,vRAN-DU,edge-B,edge,413,DONE,17.63855,17.64409,5.540700999972614,5.540700999972614,0.091,4.779,0.6707009999726141,,,0.0
S00005,IMS-CSCF,cloud-1,cloud,377,DONE,17.6432,17.64667,3.4668610001062916,53.46686100010629,0.079,2.489,0.8988610001062916,,,50.0
S00007,Transcoder,cloud-1,cloud,186,DONE,17.64635,17.6569,10.546191999992516,60.546191999992516,0.081,6.264,4.201191999992515,,,50.0
S00001,vRAN-DU,edge-A,edge,343,DONE,17.65699,17.66279,5.803341000046203,5.803341000046203,0.084,4.71,1.009341000046203,,,0.0
S00003,UPF,core-1,core,401,DONE,17.66817,17.67158,3.407218000120338,13.407218000120338,0.101,2.282,1.0242180001203378,,,10.0
S00003,UPF,core-1,core,402,DONE,17.66835,17.67406,5.705788999875949,15.70578899987595,2.635,2.119,0.9517889998759497,,,10.0
S00006,IMS-CSCF,cloud-1,cloud,369,DONE,17.67742,17.67996,2.534360000026936,54.534360000026936,0.092,1.712,0.7303600000269361,,,52.0
S00001,vRAN-DU,edge-A,edge,344,DONE,17.68122,17.68519,3.9641830001073686,3.9641830001073686,0.105,3.046,0.8131830001073688,,,0.0
S00001,vRAN-DU,edge-A,edge,345,DONE,17.6955,17.69968,4.186574999948789,4.186574999948789,0.107,3.034,1.0455749999487889,,,0.0
S00003,UPF,core-1,core,403,DONE,17.6997,17.70469,4.984645000149612,14.984645000149612,0.08,4.139,0.765645000149612,,,10.0
S00002,vRAN-DU,edge-B,edge,414,DONE,17.70212,17.70879,6.665947000101369,6.665947000101369,0.101,5.797,0.7679470001013691,,,0.0
S00006,IMS-CSCF,cloud-1,cloud,370,DONE,17.7047,17.71101,6.305024999846864,58.305024999846864,0.113,2.197,3.9950249998468643,,,52.0
S00005,IMS-CSCF,cloud-1,cloud,378,DONE,17.7144,17.71754,3.141070000083346,53.141070000083346,0.097,2.133,0.9110700000833458,,,50.0
S00001,vRAN-DU,edge-A,edge,346,DONE,17.71985,17.72769,7.834763999881034,7.834763999881034,0.25,6.656,0.928763999881034,,,0.0
S00005,IMS-CSCF,cloud-1,cloud,379,DONE,17.7452,17.74873,3.5281689999919763,53.528168999991976,0.105,2.336,1.0871689999919765,,,50.0
S00006,IMS-CSCF,cloud-1,cloud,371,DONE,17.75004,17.75249,2.4520689999008027,54.4520689999008,0.09,1.538,0.8240689999008026,,,52.0
S00003,UPF,core-1,core,404,DONE,17.75025,17.75404,3.7963560000662255,13.796356000066226,0.103,2.997,0.6963560000662254,,,10.0
S00009,IoT-GW,core-1,core,354,DONE,17.75634,17.75887,2.5333520000003773,12.533352000000377,0.087,1.623,0.8233520000003773,,,10.0
S00009,IoT-GW,core-1,core,355,DONE,17.76009,17.76207,1.9789699999819277,11.978969999981928,0.09,1.135,0.7539699999819276,,,10.0
S00005,IMS-CSCF,cloud-1,cloud,380,DONE,17.76542,17.76862,3.205535000006421,53.20553500000642,0.094,2.224,0.8875350000064208,,,50.0
S00005,IMS-CSCF,cloud-1,cloud,381,DONE,17.7656,17.77292,7.320727999967858,57.32072799996786,2.683,2.182,2.4557279999678574,,,50.0
S00001,vRAN-DU,edge-A,edge,347,DONE,17.77523,17.7799,4.666998999937277,4.666998999937277,0.104,3.662,0.9009989999372774,,,0.0
S00001,vRAN-DU,edge-A,edge,348,DONE,17.78368,17.78934,5.6657090001408505,5.6657090001408505,0.116,4.754,0.7957090001408513,,,0.0
S00005,IMS-CSCF,cloud-1,cloud,382,DONE,17.78501,17.78734,2.3293839999496413,52.32938399994964,0.084,1.42,0.8253839999496413,,,50.0
S00001,vRAN-DU,edge-A,edge,349,DONE,17.79058,17.79539,4.809869999917282,4.809869999917282,0.089,3.952,0.7688699999172819,,,0.0
S00001,vRAN-DU,edge-A,edge,350,DONE,17.79666,17.80535,8.694278999882954,8.694278999882954,0.073,6.083,2.5382789998829534,,,0.0
S00010,IoT-GW,core-1,core,417,DONE,17.79908,17.80537,6.29464899998311,18.29464899998311,0.078,3.93,2.28664899998311,,,12.0
S00005,IMS-CSCF,cloud-1,cloud,383,DONE,17.80153,17.80667,5.139151000093989,55.13915100009399,0.335,4.099,0.7051510000939887,,,50.0
S00009,IoT-GW,core-1,core,356,DONE,17.8025,17.80581,3.316090999987864,13.316090999987864,0.056,1.782,1.478090999987864,,,10.0
S00004,UPF,core-1,core,385,DONE,17.81001,17.82097,10.96029199993609,22.96029199993609,0.098,4.145,6.71729199993609,,,12.0
S00003,UPF,core-1,core,405,DONE,17.81021,17.81362,3.411463000020376,13.411463000020376,0.205,2.509,0.6974630000203761,,,10.0
S00001,vRAN-DU,edge-A,edge,351,DONE,17.81369,17.8274,13.702512000008937,13.702512000008937,0.1,12.752,0.850512000008937,,,0.0
S00010,IoT-GW,core-1,core,418,DONE,17.82098,17.8264,5.415257999857204,17.415257999857204,0.107,4.299,1.009257999857203,,,12.0
S00002,vRAN-DU,edge-B,edge,415,DONE,17.83475,17.8412,6.450512999890634,6.450512999890634,0.115,5.3,1.035512999890634,,,0.0
S00010,IoT-GW,core-1,core,419,DONE,17.83496,17.83752,2.5598810000246885,14.559881000024689,0.093,1.85,0.6168810000246885,,,12.0
S00003,UPF,core-1,core,406,DONE,17.837,17.84016,3.1685620001553616,13.168562000155362,0.052,2.156,0.9605620001553614,,,10.0
S00003,UPF,core-1,core,407,DONE,17.84353,17.84792,4.38638900004662,14.38638900004662,0.07,3.627,0.6893890000466203,,,10.0
S00001,vRAN-DU,edge-A,edge,352,DONE,17.84512,17.85285,7.732766999879459,7.732766999879459,0.106,4.766,2.860766999879459,,,0.0
S00010,IoT-GW,core-1,core,420,DONE,17.85831,17.86124,2.932065000095463,14.932065000095463,0.11,1.799,1.0230650000954629,,,12.0
S00003,UPF,core-1,core,408,DONE,17.86126,17.86539,4.133448000175122,14.133448000175122,0.127,3.265,0.7414480001751214,,,10.0
S00004,UPF,core-1,core,386,DONE,17.86979,17.87405,4.259677999925771,16.25967799992577,0.13,3.172,0.9576779999257705,,,12.0
S00009,IoT-GW,core-1,core,357,DONE,17.87643,17.87899,2.565368999967177,12.565368999967177,0.105,1.624,0.8363689999671768,,,10.0
S00002,vRAN-DU,edge-B,edge,416,DONE,17.88135,17.88636,5.00297300004604,5.00297300004604,0.11,4.008,0.8849730000460401,,,0.0
S00009,IoT-GW,core-1,core,358,DONE,17.88582,17.88866,2.8356810000786936,12.835681000078694,0.09,1.581,1.1646810000786936,,,10.0
S00002,vRAN-DU,edge-B,edge,417,DONE,17.89697,17.90152,4.548271999965436,4.548271999965436,0.112,3.005,1.4312719999654364,,,0.0
S00010,IoT-GW,core-1,core,421,DONE,17.89946,17.90237,2.910778999876129,14.910778999876129,0.105,1.894,0.9117789998761292,,,12.0
S00003,UPF,core-1,core,409,DONE,17.90877,17.91216,3.395345000171801,13.395345000171801,0.09,2.299,1.0063450001718013,,,10.0
S00001,vRAN-DU,edge-A,edge,353,DONE,17.90901,17.91466,5.655485000033877,5.655485000033877,0.099,4.709,0.8474850000338776,,,0.0
S00009,IoT-GW,core-1,core,359,DONE,17.9343,17.93831,4.010048000054667,14.010048000054667,0.128,2.502,1.3800480000546669,,,10.0
S00010,IoT-GW,core-1,core,422,DONE,17.93449,17.93833,3.8420270000187884,15.842027000018788,0.258,2.382,1.2020270000187883,,,12.0
S00005,IMS-CSCF,cloud-1,cloud,384,DONE,17.93455,17.93834,3.7968560000081197,53.79685600000812,0.084,2.143,1.5698560000081199,,,50.0
S00007,Transcoder,cloud-1,cloud,187,DONE,17.93846,17.94962,11.160616000097434,61.160616000097434,0.06,10.502,0.598616000097433,,,50.0
S00004,UPF,core-1,core,387,DONE,17.94084,17.94354,2.6992470000095636,14.699247000009564,0.11,1.871,0.7182470000095635,,,12.0
S00005,IMS-CSCF,cloud-1,cloud,385,DONE,17.94355,17.94603,2.4772639999355306,52.47726399993553,0.072,1.662,0.7432639999355306,,,50.0
S00008,Transcoder,cloud-1,cloud,195,DONE,17.94521,17.95267,7.46185200000582,59.46185200000582,0.048,6.491,0.92285200000582,,,52.0
S00010,IoT-GW,core-1,core,423,DONE,17.95191,17.95377,1.8618079998304893,13.86180799983049,0.081,1.119,0.6618079998304893,,,12.0
S00008,Transcoder,cloud-1,cloud,196,DONE,17.95715,17.96882,11.66633599996203,63.66633599996203,0.128,10.67,0.8683359999620297,,,52.0
S00006,IMS-CSCF,cloud-1,cloud,372,DONE,17.95962,17.96176,2.1395270000539313,54.13952700005393,0.079,1.413,0.6475270000539313,,,52.0
S00002,vRAN-DU,edge-B,edge,418,DONE,17.96845,17.97737,8.917287000031138,8.917287000031138,0.428,6.151,2.338287000031138,,,0.0
S00006,IMS-CSCF,cloud-1,cloud,373,DONE,17.96859,17.97154,2.947340999980952,54.94734099998095,0.081,2.206,0.660340999980952,,,52.0
S00009,IoT-GW,core-1,core,360,DONE,17.97386,17.97874,4.88131599990993,14.88131599990993,0.098,3.57,1.21331599990993,,,10.0
S00002,vRAN-DU,edge-B,edge,419,DONE,17.974,17.98155,7.542610999962562,7.542610999962562,0.08,6.344,1.118610999962562,,,0.0
S00009,IoT-GW,core-1,core,361,DONE,17.9741,17.98009,5.996629000037501,15.996629000037501,3.9,1.552,0.5446290000375011,,,10.0
S00006,IMS-CSCF,cloud-1,cloud,374,DONE,17.9838,17.98958,5.777458000011393,57.77745800001139,0.212,4.15,1.4154580000113928,,,52.0
S00007,Transcoder,cloud-1,cloud,188,DONE,17.98395,17.99289,8.939306000002034,58.939306000002034,0.263,7.548,1.1283060000020342,,,50.0
S00003,UPF,core-1,core,410,DONE,17.98844,17.99954,11.106228000016927,21.106228000016927,0.137,10.118,0.8512280000169259,,,10.0
S00010,IoT-GW,core-1,core,424,DONE,17.98863,17.99759,8.962383999914891,20.96238399991489,0.254,7.54,1.1683839999148908,,,12.0
S00006,IMS-CSCF,cloud-1,cloud,375,DONE,17.99192,17.99584,3.9197589999275806,55.91975899992758,0.06,2.886,0.9737589999275804,,,52.0
S00005,IMS-CSCF,cloud-1,cloud,386,DONE,17.99415,17.99761,3.4608270000262564,53.460827000026256,0.068,2.525,0.8678270000262565,,,50.0
S00010,IoT-GW,core-1,core,425,DONE,17.99762,17.99993,2.3041559998091543,14.304155999809154,0.081,1.756,0.46715599980915434,,,12.0
