sid,service,site,tier,seq,status,t_req,t_resp,measured_ms,e2e_ms,queue_ms,exec_ms,comm_ms,comm_user_gw_ms,comm_gw_site_ms,link_total_ms
S00009,IoT-GW,edge-A,edge,1,DONE,0.01839,0.02479,6.39907899994796,6.39907899994796,0.388,1.331,4.680078999947961,2.8630789999479602,1.8170000000000002,0.0
S00010,IoT-GW,edge-B,edge,1,DONE,0.02407,0.02921,5.142226999851118,5.142226999851118,0.125,1.326,3.6912269998511182,2.0762269998511185,1.6149999999999998,0.0
S00010,IoT-GW,edge-B,edge,2,DONE,0.03248,0.03492,2.4370229998567083,2.4370229998567083,0.1,1.195,1.1420229998567082,0.5910229998567083,0.5509999999999999,0.0
S00005,IMS-CSCF,edge-A,edge,1,DONE,0.03493,0.0396,4.673851999996259,4.673851999996259,0.092,1.558,3.0238519999962588,2.532851999996259,0.4909999999999999,0.0
S00004,UPF,edge-B,edge,1,DONE,0.04284,0.04832,5.480117000388418,5.480117000388418,0.084,2.44,2.956117000388418,2.360117000388418,0.5960000000000001,0.0
S00010,IoT-GW,edge-B,edge,3,DONE,0.05057,0.05479,4.227968000122928,4.227968000122928,0.08,3.03,1.1179680001229282,0.49896800012292797,0.6190000000000002,0.0
S00001,vRAN-DU,edge-A,edge,1,DONE,0.05071,0.06197,11.263030999998591,11.263030999998591,0.082,4.876,6.305030999998591,5.763030999998591,0.5419999999999998,0.0
S00006,IMS-CSCF,edge-B,edge,1,DONE,0.05212,0.05873,6.610884000110673,6.610884000110673,0.07,1.656,4.884884000110673,3.330884000110673,1.5539999999999998,0.0
S00005,IMS-CSCF,edge-A,edge,2,DONE,0.05825,0.06324,4.996859000129916,4.996859000129916,0.076,3.684,1.236859000129916,0.5378590001299166,0.6989999999999994,0.0
S00002,vRAN-DU,edge-B,edge,1,DONE,0.06096,0.06861,7.656424999822775,7.656424999822775,0.079,2.886,4.691424999822775,4.162424999822775,0.5289999999999999,0.0
S00002,vRAN-DU,edge-B,edge,2,DONE,0.07187,0.07587,4.002849000244169,4.002849000244169,0.114,2.95,0.9388490002441685,0.44984900024416863,0.4889999999999999,0.0
S00010,IoT-GW,edge-B,edge,4,DONE,0.07424,0.07618,1.940858000125445,1.940858000125445,0.074,1.117,0.7498580001254449,0.43885800012544496,0.31099999999999994,0.0
S00010,IoT-GW,edge-B,edge,5,DONE,0.08238,0.08483,2.4466959998790117,2.4466959998790117,0.063,1.368,1.0156959998790116,0.4906959998790117,0.5249999999999999,0.0
S00006,IMS-CSCF,edge-B,edge,2,DONE,0.08707,0.08977,2.7040720001423324,2.7040720001423324,0.06,1.865,0.7790720001423324,0.41807200014233237,0.361,0.0
S00010,IoT-GW,edge-B,edge,6,DONE,0.08834,0.09052,2.173131999825273,2.173131999825273,0.09,1.145,0.9381319998252728,0.547131999825273,0.3909999999999998,0.0
S00001,vRAN-DU,edge-A,edge,2,DONE,0.10587,0.11298,7.107253999947716,7.107253999947716,0.091,4.984,2.0322539999477156,0.8582539999477161,1.1739999999999995,0.0
S00005,IMS-CSCF,edge-A,edge,3,DONE,0.11553,0.1188,3.2785680000415596,3.2785680000415596,0.107,2.018,1.1535680000415596,0.5585680000415594,0.5950000000000002,0.0
S00008,Transcoder,core-1,core,1,DONE,0.13614,0.16386,27.720707000298717,27.720707000298717,0.132,7.959,7.6297070002987155,4.263707000298716,3.3660000000000014,12.0
S00001,vRAN-DU,edge-A,edge,3,DONE,0.13758,0.14266,5.080350999833172,5.080350999833172,0.089,3.787,1.204350999833172,0.487350999833172,0.7170000000000001,0.0
S00010,IoT-GW,edge-B,edge,7,DONE,0.13859,0.14231,3.723063000052207,3.723063000052207,0.088,1.03,2.6050630000522066,0.5100630000522068,2.0949999999999998,0.0
S00009,IoT-GW,edge-A,edge,2,DONE,0.13877,0.14313,4.361367999990762,4.361367999990762,0.057,3.283,1.0213679999907619,0.3963679999907619,0.625,0.0
S00005,IMS-CSCF,edge-A,edge,4,DONE,0.14433,0.14723,2.90565700015577,2.90565700015577,0.054,1.75,1.1016570001557702,0.3556570001557704,0.7459999999999998,0.0
S00003,UPF,edge-A,edge,1,DONE,0.14574,0.15561,9.869332000107534,9.869332000107534,0.06,5.115,4.694332000107534,4.302332000107533,0.39200000000000035,0.0
S00009,IoT-GW,edge-A,edge,3,DONE,0.14711,0.15463,7.5242150001031405,7.5242150001031405,0.061,0.815,6.648215000103141,6.12121500010314,0.5270000000000001,0.0
S00003,UPF,edge-A,edge,2,DONE,0.15464,0.15769,3.04778300005637,3.04778300005637,0.092,2.239,0.71678300005637,0.3487830000563701,0.3679999999999999,0.0
S00010,IoT-GW,edge-B,edge,8,DONE,0.15474,0.15879,4.051422999964416,4.051422999964416,0.088,1.399,2.5644229999644157,0.7924229999644159,1.7719999999999998,0.0
S00004,UPF,edge-B,edge,2,DONE,0.16205,0.16559,3.5443990000203485,3.5443990000203485,0.084,2.483,0.9773990000203483,0.4533990000203483,0.524,0.0
S00010,IoT-GW,edge-B,edge,9,DONE,0.16982,0.17216,2.3444840003321588,2.3444840003321588,0.078,1.157,1.1094840003321587,0.5994840003321587,0.51,0.0
S00001,vRAN-DU,edge-A,edge,4,DONE,0.1825,0.18965,7.151109999995242,7.151109999995242,0.13,2.902,4.119109999995242,0.8111099999952422,3.308,0.0
S00009,IoT-GW,edge-A,edge,4,DONE,0.1855,0.18957,4.074774999935471,4.074774999935471,0.084,1.262,2.728774999935471,0.6317749999354709,2.097,0.0
S00003,UPF,edge-A,edge,3,DONE,0.20413,0.21023,6.0951820000809676,6.0951820000809676,0.213,3.808,2.0741820000809676,1.1251820000809678,0.9489999999999998,0.0
S00001,vRAN-DU,edge-A,edge,5,DONE,0.20438,0.23429,29.916614999820013,29.916614999820013,0.232,27.385,2.2996149998200117,1.2186149998200122,1.0809999999999995,0.0
S00005,IMS-CSCF,edge-A,edge,5,DONE,0.2045,0.23175,27.25674999965122,27.25674999965122,3.417,21.402,2.437749999651217,1.1567499996512183,1.2809999999999988,0.0
S00008,Transcoder,core-1,core,2,DONE,0.20634,0.2307,24.36472199997297,24.36472199997297,0.148,9.592,2.624721999972971,1.645721999972972,0.9789999999999992,12.0
S00005,IMS-CSCF,edge-A,edge,6,DONE,0.21556,0.23473,19.165102999977535,19.165102999977535,15.022,2.065,2.078102999977535,0.6591029999775344,1.4190000000000005,0.0
S00009,IoT-GW,edge-A,edge,5,DONE,0.21909,0.23583,16.741025000101217,16.741025000101217,13.911,1.471,1.3590250001012176,0.6080250001012182,0.7509999999999994,0.0
S00003,UPF,edge-A,edge,4,DONE,0.24827,0.25305,4.775781999796891,4.775781999796891,0.093,3.006,1.6767819997968911,0.935781999796891,0.7410000000000001,0.0
S00001,vRAN-DU,edge-A,edge,6,DONE,0.25759,0.26366,6.067373999940173,6.067373999940173,0.291,3.681,2.0953739999401733,0.7253739999401736,1.3699999999999997,0.0
S00007,Transcoder,core-1,core,1,DONE,0.26218,0.28911,26.926423000077193,26.926423000077193,0.084,7.025,9.817423000077191,6.103423000077193,3.7140000000000004,10.0
S00006,IMS-CSCF,edge-B,edge,3,DONE,0.26367,0.26979,6.118798999978026,6.118798999978026,0.094,1.739,4.2857989999780255,0.587798999978026,3.6979999999999995,0.0
S00008,Transcoder,core-1,core,3,DONE,0.27103,0.29845,27.422511000168015,27.422511000168015,0.124,12.203,3.095511000168015,2.2925110001680142,0.8030000000000008,12.0
S00003,UPF,edge-A,edge,5,DONE,0.28283,0.2898,6.969626999762113,6.969626999762113,0.1,5.675,1.1946269997621135,0.6946269997621126,0.5000000000000009,0.0
S00002,vRAN-DU,edge-B,edge,3,DONE,0.28296,0.29167,8.712085999832198,8.712085999832198,0.108,4.41,4.194085999832198,3.6510859998321976,0.5430000000000001,0.0
S00001,vRAN-DU,edge-A,edge,7,DONE,0.28427,0.29138,7.105206999767688,7.105206999767688,0.075,4.616,2.4142069997676883,0.41120699976768815,2.003,0.0
S00005,IMS-CSCF,edge-A,edge,7,DONE,0.2949,0.29847,3.565362999779609,3.565362999779609,0.078,1.867,1.6203629997796087,1.0023629997796086,0.6180000000000001,0.0
S00004,UPF,edge-B,edge,3,DONE,0.29856,0.30298,4.414931999690452,4.414931999690452,0.089,2.678,1.6479319996904525,0.9189319996904524,0.7290000000000001,0.0
S00001,vRAN-DU,edge-A,edge,8,DONE,0.30097,0.33359,32.62275699989914,32.62275699989914,0.091,31.138,1.3937569998991357,0.6267569998991398,0.7669999999999959,0.0
S00005,IMS-CSCF,edge-A,edge,8,DONE,0.30303,0.33424,31.210546999773214,31.210546999773214,0.083,29.985,1.1425469997732165,0.613546999773213,0.5290000000000035,0.0
S00002,vRAN-DU,edge-B,edge,4,DONE,0.30542,0.31085,5.430322999927739,5.430322999927739,0.109,3.824,1.4973229999277393,0.6333229999277394,0.8639999999999999,0.0
S00007,Transcoder,core-1,core,2,DONE,0.30994,0.33251,22.566114999790443,22.566114999790443,0.114,8.908,3.544114999790443,2.4841149997904424,1.0600000000000005,10.0
S00004,UPF,edge-B,edge,4,DONE,0.33211,0.33729,5.1800480000565585,5.1800480000565585,0.127,3.334,1.7190480000565582,0.9370480000565582,0.782,0.0
S00010,IoT-GW,edge-B,edge,10,DONE,0.3396,0.3428,3.1982479999896896,3.1982479999896896,0.109,1.574,1.5152479999896895,0.6892479999896897,0.8259999999999998,0.0
S00010,IoT-GW,edge-B,edge,11,DONE,0.34514,0.3485,3.363664000062272,3.363664000062272,0.236,1.531,1.596664000062272,0.7696640000622721,0.827,0.0
S00006,IMS-CSCF,edge-B,edge,4,DONE,0.34852,0.35178,3.2609909999337106,3.2609909999337106,0.09,1.952,1.2189909999337107,0.5919909999337105,0.6270000000000002,0.0
S00002,vRAN-DU,edge-B,edge,5,DONE,0.35515,0.37228,17.123641000125644,17.123641000125644,0.186,14.725,2.212641000125645,0.9206410001256451,1.2919999999999998,0.0
S00002,vRAN-DU,edge-B,edge,6,DONE,0.35662,0.37152,14.893856000071537,14.893856000071537,0.084,13.484,1.3258560000715374,0.5488560000715363,0.777000000000001,0.0
S00001,vRAN-DU,edge-A,edge,9,DONE,0.36003,0.36617,6.140965000213328,6.140965000213328,0.166,4.194,1.7809650002133273,0.9589650002133272,0.8220000000000001,0.0
S00002,vRAN-DU,edge-B,edge,7,DONE,0.36453,0.37638,11.851628000385972,11.851628000385972,1.874,4.593,5.3846280003859714,0.5426280003859727,4.841999999999999,0.0
S00005,IMS-CSCF,edge-A,edge,9,DONE,0.36619,0.37062,4.429032999723859,4.429032999723859,0.1,1.972,2.3570329997238586,0.5860329997238587,1.771,0.0
S00007,Transcoder,core-1,core,3,DONE,0.37352,0.3978,24.27862800004732,24.27862800004732,0.147,11.103,3.02862800004732,1.59862800004732,1.4299999999999997,10.0
S00005,IMS-CSCF,edge-A,edge,10,DONE,0.3827,0.3887,6.001474999720813,6.001474999720813,0.09,4.438,1.4734749997208132,0.6954749997208127,0.7780000000000005,0.0
S00004,UPF,edge-B,edge,5,DONE,0.38771,0.39118,3.473189000033017,3.473189000033017,0.087,2.048,1.3381890000330166,0.7061890000330169,0.6319999999999997,0.0
S00004,UPF,edge-B,edge,6,DONE,0.39657,0.40376,7.189009000285296,7.189009000285296,0.136,5.199,1.8540090002852958,1.0050090002852956,0.8490000000000002,0.0
S00006,IMS-CSCF,edge-B,edge,5,DONE,0.39678,0.40164,4.856865999954607,4.856865999954607,0.95,1.802,2.1048659999546073,1.0568659999546073,1.048,0.0
S00004,UPF,edge-B,edge,7,DONE,0.41135,0.41707,5.718924000120751,5.718924000120751,0.169,3.722,1.8279240001207508,0.9279240001207505,0.9000000000000004,0.0
S00005,IMS-CSCF,edge-A,edge,11,DONE,0.41163,0.41567,4.03564499993081,4.03564499993081,0.124,2.29,1.6216449999308096,0.8466449999308097,0.7749999999999999,0.0
S00010,IoT-GW,edge-B,edge,12,DONE,0.4183,0.47048,52.180666999902314,52.180666999902314,0.118,50.236,1.826666999902315,1.0186669999023152,0.8079999999999998,0.0
S00010,IoT-GW,edge-B,edge,13,DONE,0.41856,0.47435,55.79113600015262,55.79113600015262,50.142,2.949,2.700136000152618,1.8751360001526223,0.8249999999999957,0.0
S00003,UPF,edge-A,edge,6,DONE,0.41986,0.43156,11.703613999998197,11.703613999998197,0.124,9.921,1.658613999998197,0.6686139999981968,0.9900000000000002,0.0
S00009,IoT-GW,edge-A,edge,6,DONE,0.42126,0.42407,2.8122080002503935,2.8122080002503935,0.09,1.537,1.1852080002503935,0.6292080002503937,0.5559999999999998,0.0
S00010,IoT-GW,edge-B,edge,14,DONE,0.42942,0.47569,46.26769900005456,46.26769900005456,4.421,1.675,40.17169900005456,0.7406990000545619,39.431,0.0
S00005,IMS-CSCF,edge-A,edge,12,DONE,0.44304,0.44736,4.319613999996363,4.319613999996363,0.124,2.366,1.8296139999963632,0.9196139999963635,0.9099999999999997,0.0
S00004,UPF,edge-B,edge,8,DONE,0.45075,0.47437,23.62307299972599,23.62307299972599,0.219,2.796,20.60807299972599,1.508072999725993,19.099999999999998,0.0
S00009,IoT-GW,edge-A,edge,7,DONE,0.45097,0.45343,2.4589689996901143,2.4589689996901143,0.084,1.266,1.1089689996901142,0.6149689996901142,0.494,0.0
S00008,Transcoder,core-1,core,4,DONE,0.45234,0.47476,22.412683000311517,22.412683000311517,0.083,7.632,2.6976830003115175,2.044683000311517,0.6530000000000005,12.0
S00003,UPF,edge-A,edge,7,DONE,0.45269,0.45607,3.3748860000741843,3.3748860000741843,0.046,2.108,1.2208860000741844,0.5938860000741841,0.6270000000000002,0.0
S00006,IMS-CSCF,edge-B,edge,6,DONE,0.4535,0.47628,22.783492999678856,22.783492999678856,3.716,2.423,16.644492999678857,0.47749299967885506,16.167,0.0
S00003,UPF,edge-A,edge,8,DONE,0.45727,0.46163,4.360744000223349,4.360744000223349,0.062,3.37,0.9287440002233489,0.4297440002233488,0.4990000000000001,0.0
S00005,IMS-CSCF,edge-A,edge,13,DONE,0.46094,0.46483,3.8920599999983096,3.8920599999983096,0.043,2.883,0.9660599999983095,0.5500599999983096,0.4159999999999999,0.0
S00007,Transcoder,core-1,core,4,DONE,0.46386,0.48837,24.506150999968668,24.506150999968668,0.101,11.419,2.9861509999686664,2.0641509999686676,0.9219999999999988,10.0
S00006,IMS-CSCF,edge-B,edge,7,DONE,0.46489,0.47777,12.875596999947447,12.875596999947447,6.469,1.239,5.167596999947447,1.5965969999474474,3.5709999999999997,0.0
S00006,IMS-CSCF,edge-B,edge,8,DONE,0.47629,0.47924,2.9413679999379383,2.9413679999379383,0.453,1.103,1.3853679999379382,0.41436799993793816,0.9710000000000001,0.0
S00003,UPF,edge-A,edge,9,DONE,0.49376,0.5009,7.13435199986634,7.13435199986634,0.116,4.889,2.1293519998663397,0.7883519998663395,1.3410000000000002,0.0
S00002,vRAN-DU,edge-B,edge,8,DONE,0.49397,0.49891,4.942713999753323,4.942713999753323,0.111,3.271,1.560713999753323,0.9017139997533228,0.6590000000000003,0.0
S00007,Transcoder,core-1,core,5,DONE,0.50037,0.52505,24.683787999947526,24.683787999947526,0.113,9.755,4.815787999947526,3.7087879999475266,1.1069999999999993,10.0
S00003,UPF,edge-A,edge,10,DONE,0.52018,0.52544,5.254748999959702,5.254748999959702,0.605,2.27,2.379748999959702,0.6707489999597023,1.7089999999999996,0.0
S00010,IoT-GW,edge-B,edge,15,DONE,0.52162,0.52486,3.234255999814195,3.234255999814195,0.108,1.844,1.282255999814195,0.6312559998141949,0.651,0.0
S00009,IoT-GW,edge-A,edge,8,DONE,0.52402,0.52713,3.1125089999477495,3.1125089999477495,0.063,1.396,1.6535089999477497,1.1845089999477496,0.4690000000000001,0.0
S00008,Transcoder,core-1,core,5,DONE,0.52938,0.5553,25.92684699993697,25.92684699993697,0.12,9.883,3.9238469999369716,3.03884699993697,0.8850000000000016,12.0
S00006,IMS-CSCF,edge-B,edge,9,DONE,0.5308,0.53473,3.926201000012952,3.926201000012952,0.078,1.621,2.2272010000129523,0.6122010000129521,1.615,0.0
S00001,vRAN-DU,edge-A,edge,10,DONE,0.53096,0.53651,5.547235999983968,5.547235999983968,0.093,3.642,1.8122359999839683,1.2522359999839683,0.56,0.0
S00002,vRAN-DU,edge-B,edge,9,DONE,0.54486,0.55178,6.918848999703187,6.918848999703187,0.129,5.613,1.1768489997031857,0.6578489997031864,0.5189999999999992,0.0
S00005,IMS-CSCF,edge-A,edge,14,DONE,0.55137,0.55562,4.255307000221364,4.255307000221364,0.122,2.274,1.8593070002213645,1.1473070002213643,0.7120000000000002,0.0
S00006,IMS-CSCF,edge-B,edge,10,DONE,0.55532,0.55851,3.19280300027458,3.19280300027458,0.146,1.805,1.2418030002745801,0.4758030002745799,0.7660000000000002,0.0
S00006,IMS-CSCF,edge-B,edge,11,DONE,0.55548,0.56981,14.336065999941638,14.336065999941638,2.154,10.858,1.324065999941638,0.649065999941639,0.6749999999999989,0.0
S00001,vRAN-DU,edge-A,edge,11,DONE,0.56078,0.56541,4.631251999853703,4.631251999853703,0.104,3.162,1.3652519998537027,0.6472519998537027,0.718,0.0
S00002,vRAN-DU,edge-B,edge,10,DONE,0.56982,0.57628,6.462567999733437,6.462567999733437,0.068,5.019,1.3755679997334376,0.43256799973343707,0.9430000000000005,0.0
S00006,IMS-CSCF,edge-B,edge,12,DONE,0.58359,0.58713,3.531158999976469,3.531158999976469,0.082,1.922,1.5271589999764692,0.7591589999764694,0.7679999999999998,0.0
S00006,IMS-CSCF,edge-B,edge,13,DONE,0.58507,0.58917,4.0993029997480335,4.0993029997480335,0.304,1.891,1.9043029997480336,0.5353029997480334,1.3690000000000002,0.0
S00001,vRAN-DU,edge-A,edge,12,DONE,0.61748,0.62412,6.638074999955279,6.638074999955279,0.119,4.676,1.8430749999552791,0.9450749999552794,0.8979999999999997,0.0
S00003,UPF,edge-A,edge,11,DONE,0.63443,0.63864,4.211721000046964,4.211721000046964,0.11,2.31,1.791721000046964,0.9317210000469642,0.8599999999999999,0.0
S00003,UPF,edge-A,edge,12,DONE,0.6409,0.64636,5.45403299975078,5.45403299975078,0.081,3.389,1.98403299975078,1.25003299975078,0.734,0.0
S00002,vRAN-DU,edge-B,edge,11,DONE,0.6411,0.64743,6.331639000109135,6.331639000109135,0.26,4.186,1.8856390001091352,0.8086390001091353,1.077,0.0
S00006,IMS-CSCF,edge-B,edge,14,DONE,0.64637,0.65049,4.114994000246952,4.114994000246952,0.081,2.001,2.032994000246952,0.893994000246952,1.1390000000000002,0.0
S00006,IMS-CSCF,edge-B,edge,15,DONE,0.6579,0.66221,4.306021000047622,4.306021000047622,0.114,2.312,1.880021000047622,1.0850210000476217,0.7950000000000004,0.0
S00006,IMS-CSCF,edge-B,edge,16,DONE,0.66223,0.66543,3.2062230002338765,3.2062230002338765,0.07,2.046,1.0902230002338769,0.5202230002338766,0.5700000000000003,0.0
S00009,IoT-GW,edge-A,edge,9,DONE,0.66363,0.66745,3.823842999736371,3.823842999736371,0.105,1.53,2.188842999736371,1.459842999736371,0.7289999999999999,0.0
S00008,Transcoder,core-1,core,6,DONE,0.68196,0.70491,22.94800799973018,22.94800799973018,0.093,7.299,3.5560079997301806,2.6160079997301793,0.9400000000000004,12.0
S00004,UPF,edge-B,edge,9,DONE,0.6927,0.69673,4.033773000173824,4.033773000173824,0.09,2.598,1.345773000173824,0.6597730001738236,0.6860000000000004,0.0
S00009,IoT-GW,edge-A,edge,10,DONE,0.69423,0.70085,6.619230000069365,6.619230000069365,0.096,2.302,4.221230000069365,0.6282300000693652,3.5929999999999995,0.0
S00008,Transcoder,core-1,core,7,DONE,0.69995,0.72161,21.663006999915524,21.663006999915524,0.106,6.982,2.575006999915523,1.7120069999155234,0.8629999999999995,12.0
S00009,IoT-GW,edge-A,edge,11,DONE,0.71241,0.71511,2.7053410003645695,2.7053410003645695,0.092,1.178,1.4353410003645695,0.8943410003645695,0.5409999999999999,0.0
S00003,UPF,edge-A,edge,13,DONE,0.71513,0.71871,3.5799740003312763,3.5799740003312763,0.066,2.246,1.2679740003312765,0.6129740003312762,0.6550000000000002,0.0
S00010,IoT-GW,edge-B,edge,16,DONE,0.72162,0.72466,3.035119000287523,3.035119000287523,0.097,1.516,1.4221190002875228,0.6681190002875228,0.754,0.0
S00001,vRAN-DU,edge-A,edge,13,DONE,0.72296,0.7276,4.646899000363192,4.646899000363192,0.083,3.358,1.2058990003631913,0.6128990003631918,0.5929999999999995,0.0
S00010,IoT-GW,edge-B,edge,17,DONE,0.72885,0.73175,2.8991540002607508,2.8991540002607508,0.117,1.435,1.3471540002607507,0.6601540002607509,0.6869999999999998,0.0
S00001,vRAN-DU,edge-A,edge,14,DONE,0.73819,0.74535,7.154135999826394,7.154135999826394,0.102,4.551,2.501135999826394,1.0581359998263942,1.4429999999999996,0.0
S00002,vRAN-DU,edge-B,edge,12,DONE,0.74536,0.75046,5.101354999624164,5.101354999624164,0.095,3.067,1.9393549996241632,0.6453549996241632,1.294,0.0
S00001,vRAN-DU,edge-A,edge,15,DONE,0.74979,0.75549,5.697058999885485,5.697058999885485,0.151,3.176,2.370058999885485,1.0840589998854844,1.2860000000000005,0.0
S00003,UPF,edge-A,edge,14,DONE,0.7528,0.75614,3.3361459995830955,3.3361459995830955,0.08,2.074,1.1821459995830956,0.6561459995830954,0.5260000000000002,0.0
S00003,UPF,edge-A,edge,15,DONE,0.75557,0.7591,3.5343510003258416,3.5343510003258416,0.058,2.358,1.1183510003258417,0.6473510003258416,0.4710000000000001,0.0
S00008,Transcoder,core-1,core,8,DONE,0.77045,0.79307,22.621530999913375,22.621530999913375,0.104,8.288,2.2295309999133757,1.3025309999133743,0.9270000000000014,12.0
S00008,Transcoder,core-1,core,9,DONE,0.781,0.80275,21.74487100000988,21.74487100000988,0.081,7.608,2.05587100000988,1.2388710000098797,0.8170000000000002,12.0
S00002,vRAN-DU,edge-B,edge,13,DONE,0.79248,0.7975,5.020788999900105,5.020788999900105,0.091,3.352,1.5777889999001053,0.9007889999001053,0.677,0.0
S00006,IMS-CSCF,edge-B,edge,17,DONE,0.80187,0.80561,3.7376159998530056,3.7376159998530056,0.093,1.914,1.7306159998530055,0.9856159998530059,0.7449999999999997,0.0
S00009,IoT-GW,edge-A,edge,12,DONE,0.80891,0.81374,4.830284000036045,4.830284000036045,0.092,2.129,2.6092840000360447,0.8652840000360449,1.7439999999999998,0.0
S00003,UPF,edge-A,edge,16,DONE,0.81245,0.81773,5.2807500001108565,5.2807500001108565,0.227,3.063,1.9907500001108565,1.4557500001108563,0.5350000000000001,0.0
S00009,IoT-GW,edge-A,edge,13,DONE,0.81602,0.81856,2.540438999858452,2.540438999858452,0.071,1.386,1.0834389998584522,0.5304389998584522,0.5529999999999999,0.0
S00003,UPF,edge-A,edge,17,DONE,0.83522,0.84247,7.249104000038642,7.249104000038642,0.09,5.553,1.6061040000386422,0.8431040000386423,0.7629999999999999,0.0
S00004,UPF,edge-B,edge,10,DONE,0.83777,0.84185,4.079117999935988,4.079117999935988,0.087,2.52,1.4721179999359881,0.7731179999359883,0.6989999999999998,0.0
S00003,UPF,edge-A,edge,18,DONE,0.84065,0.84615,5.500672999914968,5.500672999914968,0.078,3.085,2.3376729999149686,0.9806729999149688,1.3569999999999998,0.0
S00008,Transcoder,core-1,core,10,DONE,0.84075,0.86837,27.62384000016027,27.62384000016027,0.108,12.611,2.90484000016027,2.1198400001602717,0.7849999999999984,12.0
S00004,UPF,edge-B,edge,11,DONE,0.84186,0.84459,2.7249730001130956,2.7249730001130956,0.06,1.872,0.7929730001130955,0.3179730001130956,0.47499999999999987,0.0
S00009,IoT-GW,edge-A,edge,14,DONE,0.8484,0.85132,2.920733999872027,2.920733999872027,0.079,1.81,1.0317339998720272,0.5657339998720272,0.46599999999999997,0.0
S00008,Transcoder,core-1,core,11,DONE,0.84849,0.87373,25.242103999971732,25.242103999971732,0.082,8.106,5.05410399997173,4.4001039999717335,0.6539999999999999,12.0
S00009,IoT-GW,edge-A,edge,15,DONE,0.8566,0.85931,2.7080190002379823,2.7080190002379823,0.07,1.407,1.2310190002379822,0.4820190002379823,0.7489999999999999,0.0
S00009,IoT-GW,edge-A,edge,16,DONE,0.8666,0.87478,8.177527000043483,8.177527000043483,0.106,3.527,4.544527000043483,0.9465270000434831,3.598,0.0
S00002,vRAN-DU,edge-B,edge,14,DONE,0.86838,0.87635,7.967903999997361,7.967903999997361,0.109,6.353,1.5059039999973614,0.6259039999973615,0.8799999999999999,0.0
S00005,IMS-CSCF,edge-A,edge,15,DONE,0.86882,0.88188,13.0557909997151,13.0557909997151,0.065,7.105,5.885790999715099,3.1917909997150993,2.694,0.0
S00009,IoT-GW,edge-A,edge,17,DONE,0.87374,0.88595,12.207115999899543,12.207115999899543,4.768,2.165,5.274115999899543,1.120115999899543,4.154,0.0
S00005,IMS-CSCF,edge-A,edge,16,DONE,0.87405,0.8836,9.552540000186127,9.552540000186127,3.215,1.315,5.022540000186128,0.9345400001861268,4.088000000000001,0.0
S00001,vRAN-DU,edge-A,edge,16,DONE,0.87479,0.88541,10.61970199998541,10.61970199998541,0.058,6.437,4.124701999985409,0.4717019999854095,3.6529999999999996,0.0
S00002,vRAN-DU,edge-B,edge,15,DONE,0.87636,0.8819,5.530503000045428,5.530503000045428,0.081,4.09,1.3595030000454278,0.48850300004542824,0.8709999999999996,0.0
S00005,IMS-CSCF,edge-A,edge,17,DONE,0.8767,0.88862,11.928426999929798,11.928426999929798,6.842,1.911,3.1754269999297975,2.475426999929798,0.6999999999999993,0.0
S00007,Transcoder,core-1,core,6,DONE,0.88008,0.90619,26.10642799982088,26.10642799982088,0.138,11.629,4.339427999820881,2.5584279998208803,1.7810000000000006,10.0
S00005,IMS-CSCF,edge-A,edge,18,DONE,0.88361,0.88989,6.277154000144947,6.277154000144947,3.267,1.32,1.6901540001449469,0.8461540001449466,0.8440000000000003,0.0
S00009,IoT-GW,edge-A,edge,18,DONE,0.88373,0.88749,3.7628320001203974,3.7628320001203974,1.395,0.93,1.4378320001203972,0.41183200012039745,1.0259999999999998,0.0
S00010,IoT-GW,edge-B,edge,18,DONE,0.88864,0.89546,6.825788000242028,6.825788000242028,0.109,5.177,1.5397880002420283,0.4967880002420282,1.0430000000000001,0.0
S00001,vRAN-DU,edge-A,edge,17,DONE,0.8899,0.93927,49.36379399987345,49.36379399987345,0.048,47.301,2.014793999873447,1.1007939998734528,0.9139999999999944,0.0
S00001,vRAN-DU,edge-A,edge,18,DONE,0.90854,0.94181,33.265390999986266,33.265390999986266,0.082,8.806,24.377390999986268,0.9983909999862632,23.379000000000005,0.0
S00010,IoT-GW,edge-B,edge,19,DONE,0.91733,0.92102,3.6919119997946837,3.6919119997946837,0.169,1.838,1.6849119997946835,0.8309119997946834,0.8540000000000001,0.0
S00008,Transcoder,core-1,core,12,DONE,0.91885,0.94673,27.880658999947627,27.880658999947627,0.138,13.219,2.523658999947628,1.573658999947627,0.9500000000000011,12.0
S00010,IoT-GW,edge-B,edge,20,DONE,0.92329,0.9293,6.012597999870195,6.012597999870195,0.093,4.251,1.6685979998701947,0.6535979998701951,1.0149999999999997,0.0
S00002,vRAN-DU,edge-B,edge,16,DONE,0.92565,0.93767,12.019026999951166,12.019026999951166,0.06,7.733,4.226026999951166,1.6890269999511656,2.537000000000001,0.0
S00007,Transcoder,core-1,core,7,DONE,0.93241,0.95312,20.706087999769807,20.706087999769807,0.094,7.677,2.935087999769806,2.3470879997698066,0.5880000000000001,10.0
S00001,vRAN-DU,edge-A,edge,19,DONE,0.94046,0.94601,5.546519000290573,5.546519000290573,0.22,3.939,1.387519000290573,0.37951900029057306,1.008,0.0
S00009,IoT-GW,edge-A,edge,19,DONE,0.95098,0.95329,2.3060199996507436,2.3060199996507436,0.066,1.138,1.1020199996507436,0.5960199996507436,0.506,0.0
S00008,Transcoder,core-1,core,13,DONE,0.95112,0.97362,22.508625999762444,22.508625999762444,0.077,8.866,1.5656259997624442,0.9616259997624432,0.604000000000001,12.0
S00005,IMS-CSCF,edge-A,edge,19,DONE,0.95313,0.95538,2.2449830003097304,2.2449830003097304,0.053,1.507,0.6849830003097306,0.3379830003097304,0.3470000000000002,0.0
S00004,UPF,edge-B,edge,12,DONE,0.96261,0.96652,3.9071629998943536,3.9071629998943536,0.086,2.706,1.1151629998943537,0.5921629998943536,0.5230000000000001,0.0
S00006,IMS-CSCF,edge-B,edge,18,DONE,0.9789,0.98167,2.7770839997174335,2.7770839997174335,0.1,1.571,1.1060839997174334,0.5620839997174336,0.5439999999999998,0.0
S00004,UPF,edge-B,edge,13,DONE,0.98291,0.98664,3.727796000021044,3.727796000021044,0.061,2.238,1.4287960000210442,0.6017960000210443,0.827,0.0
S00001,vRAN-DU,edge-A,edge,20,DONE,0.98548,0.98961,4.1396569999960775,4.1396569999960775,0.135,2.823,1.1816569999960773,0.5536569999960776,0.6279999999999997,0.0
S00001,vRAN-DU,edge-A,edge,21,DONE,0.99081,1.03494,44.12602899992635,44.12602899992635,0.061,42.861,1.2040289999263507,0.6820289999263451,0.5220000000000056,0.0
S00005,IMS-CSCF,edge-A,edge,20,DONE,0.9931,1.03632,43.22960299987244,43.22960299987244,0.054,42.154,1.0216029998724352,0.4406029998724392,0.580999999999996,0.0
S00010,IoT-GW,edge-B,edge,21,DONE,0.99432,0.99931,4.9844530003611,4.9844530003611,0.478,2.388,2.1184530003611,0.6364530003611,1.4820000000000002,0.0
S00006,IMS-CSCF,edge-B,edge,19,DONE,0.99932,1.00231,2.9874229999222734,2.9874229999222734,0.183,1.568,1.2364229999222733,0.7014229999222734,0.5349999999999999,0.0
S00007,Transcoder,core-1,core,8,DONE,1.00232,1.02633,24.01844299993172,24.01844299993172,0.127,8.498,5.393442999931722,2.5634429999317216,2.83,10.0
S00003,UPF,edge-A,edge,19,DONE,1.00564,1.03834,32.69258699992861,32.69258699992861,1.26,3.152,28.28058699992861,0.6385869999286058,27.642000000000003,0.0
S00006,IMS-CSCF,edge-B,edge,20,DONE,1.00793,1.01062,2.6888680004049093,2.6888680004049093,0.071,1.666,0.9518680004049094,0.5218680004049094,0.42999999999999994,0.0
S00007,Transcoder,core-1,core,9,DONE,1.01943,1.03952,20.08359699993889,20.08359699993889,0.118,7.006,2.9595969999388902,2.0805969999388907,0.8789999999999996,10.0
S00010,IoT-GW,edge-B,edge,22,DONE,1.03841,1.04136,2.9443670000546263,2.9443670000546263,0.166,1.569,1.2093670000546264,0.5053670000546262,0.7040000000000002,0.0
S00002,vRAN-DU,edge-B,edge,17,DONE,1.03863,1.04425,5.6202249998023035,5.6202249998023035,0.085,4.165,1.3702249998023035,0.6572249998023034,0.7130000000000001,0.0
S00003,UPF,edge-A,edge,20,DONE,1.03958,1.04563,6.050177999895823,6.050177999895823,0.072,4.917,1.0611779998958228,0.40217799989582304,0.6589999999999998,0.0
S00005,IMS-CSCF,edge-A,edge,21,DONE,1.05603,1.05932,3.29491100001178,3.29491100001178,0.088,1.758,1.4489110000117797,0.7439110000117797,0.7050000000000001,0.0
S00005,IMS-CSCF,edge-A,edge,22,DONE,1.06574,1.06882,3.0821410000498872,3.0821410000498872,0.083,1.595,1.4041410000498873,0.7401410000498871,0.6640000000000001,0.0
S00002,vRAN-DU,edge-B,edge,18,DONE,1.07109,1.07651,5.42302199983169,5.42302199983169,0.092,3.781,1.5500219998316895,0.5610219998316897,0.9889999999999999,0.0
S00010,IoT-GW,edge-B,edge,23,DONE,1.09587,1.09908,3.21446600037234,3.21446600037234,0.096,1.449,1.66946600037234,0.9424660003723404,0.7269999999999996,0.0
S00008,Transcoder,core-1,core,14,DONE,1.1056,1.13249,26.894699999957083,26.894699999957083,0.138,12.118,2.6386999999570833,1.664699999957083,0.9740000000000002,12.0
S00004,UPF,edge-B,edge,14,DONE,1.11236,1.11967,7.312982000257762,7.312982000257762,0.112,5.118,2.0829820002577613,0.8269820002577619,1.2559999999999993,0.0
S00006,IMS-CSCF,edge-B,edge,21,DONE,1.11255,1.11836,5.810741999994207,5.810741999994207,0.164,3.171,2.4757419999942067,0.7927419999942069,1.6829999999999998,0.0
S00010,IoT-GW,edge-B,edge,24,DONE,1.11778,1.12075,2.9662440001629875,2.9662440001629875,0.069,1.439,1.4582440001629875,0.6682440001629875,0.79,0.0
S00002,vRAN-DU,edge-B,edge,19,DONE,1.11804,1.1279,9.861047999947914,9.861047999947914,0.067,6.601,3.1930479999479138,1.2850479999479134,1.9080000000000004,0.0
S00003,UPF,edge-A,edge,21,DONE,1.12076,1.12721,6.449878000239551,6.449878000239551,0.073,4.096,2.28087800023955,1.2438780002395502,1.037,0.0
S00007,Transcoder,core-1,core,10,DONE,1.13229,1.15105,18.75912400009838,18.75912400009838,0.174,6.32,2.265124000098382,1.3501240000983827,0.9149999999999991,10.0
S00010,IoT-GW,edge-B,edge,25,DONE,1.13676,1.14014,3.38579600020239,3.38579600020239,0.124,1.75,1.51179600020239,0.6797960002023902,0.8319999999999999,0.0
S00006,IMS-CSCF,edge-B,edge,22,DONE,1.15052,1.15472,4.196082999897044,4.196082999897044,0.088,2.475,1.6330829998970438,0.7310829998970441,0.9019999999999997,0.0
S00007,Transcoder,core-1,core,11,DONE,1.15231,1.17611,23.80551199985348,23.80551199985348,0.129,10.431,3.2455119998534805,2.2825119998534795,0.963000000000001,10.0
S00003,UPF,edge-A,edge,22,DONE,1.15906,1.16251,3.453060999618174,3.453060999618174,0.087,2.112,1.2540609996181735,0.7060609996181739,0.5479999999999996,0.0
S00003,UPF,edge-A,edge,23,DONE,1.16474,1.16835,3.611811000155285,3.611811000155285,0.068,2.566,0.9778110001552851,0.5568110001552848,0.42100000000000026,0.0
S00006,IMS-CSCF,edge-B,edge,23,DONE,1.16711,1.17192,4.803606000223226,4.803606000223226,0.129,2.67,2.004606000223226,0.8916060002232262,1.113,0.0
S00009,IoT-GW,edge-A,edge,20,DONE,1.17325,1.17677,3.5158559999217687,3.5158559999217687,0.21,1.633,1.6728559999217687,0.7498559999217687,0.923,0.0
S00002,vRAN-DU,edge-B,edge,20,DONE,1.17803,1.18364,5.609226000160561,5.609226000160561,0.092,3.879,1.6382260001605609,0.8282260001605612,0.8099999999999996,0.0
S00009,IoT-GW,edge-A,edge,21,DONE,1.18489,1.18806,3.1706409999969765,3.1706409999969765,0.087,1.483,1.6006409999969764,0.6856409999969766,0.9149999999999998,0.0
S00005,IMS-CSCF,edge-A,edge,23,DONE,1.18727,1.19072,3.451567999945837,3.451567999945837,0.063,1.397,1.991567999945837,1.0705679999458373,0.9209999999999998,0.0
S00001,vRAN-DU,edge-A,edge,22,DONE,1.19045,1.19484,4.397626999889326,4.397626999889326,0.118,3.282,0.9976269998893259,0.5196269998893257,0.4780000000000002,0.0
S00009,IoT-GW,edge-A,edge,22,DONE,1.19059,1.19386,3.2662949997757096,3.2662949997757096,0.092,1.866,1.3082949997757094,0.5222949997757094,0.786,0.0
S00001,vRAN-DU,edge-A,edge,23,DONE,1.20633,1.2116,5.26339599991843,5.26339599991843,0.09,3.515,1.65839599991843,0.7993959999184295,0.8590000000000004,0.0
S00003,UPF,edge-A,edge,24,DONE,1.21496,1.22036,5.407203000231675,5.407203000231675,0.086,3.605,1.7162030002316753,0.7482030002316753,0.968,0.0
S00002,vRAN-DU,edge-B,edge,21,DONE,1.22862,1.23383,5.2083840000705095,5.2083840000705095,0.093,3.386,1.7293840000705094,0.9513840000705098,0.7779999999999996,0.0
S00006,IMS-CSCF,edge-B,edge,24,DONE,1.23384,1.23677,2.9305880002539197,2.9305880002539197,0.071,1.547,1.3125880002539199,0.5575880002539195,0.7550000000000003,0.0
S00008,Transcoder,core-1,core,15,DONE,1.24415,1.26459,20.43435799987492,20.43435799987492,0.084,6.329,2.021357999874919,1.213357999874919,0.8080000000000007,12.0
S00007,Transcoder,core-1,core,12,DONE,1.24863,1.26738,18.753096000182268,18.753096000182268,0.08,6.182,2.4910960001822673,1.5260960001822674,0.9649999999999999,10.0
S00002,vRAN-DU,edge-B,edge,22,DONE,1.26638,1.27049,4.11484999995082,4.11484999995082,0.091,2.808,1.2158499999508203,0.6218499999508205,0.5939999999999999,0.0
S00009,IoT-GW,edge-A,edge,23,DONE,1.26655,1.2711,4.554711999844585,4.554711999844585,0.08,2.816,1.6587119998445852,1.139711999844585,0.5190000000000001,0.0
S00009,IoT-GW,edge-A,edge,24,DONE,1.27933,1.28285,3.525514000102703,3.525514000102703,0.131,2.3,1.094514000102703,0.5715140001027028,0.5230000000000001,0.0
S00007,Transcoder,core-1,core,13,DONE,1.28268,1.30812,25.439198999720247,25.439198999720247,0.089,9.079,6.271198999720248,1.851198999720248,4.419999999999998,10.0
S00007,Transcoder,core-1,core,14,DONE,1.28409,1.31052,26.43252300003951,26.43252300003951,0.068,13.166,3.1985230000395095,2.7415230000395088,0.45700000000000074,10.0
S00007,Transcoder,core-1,core,15,DONE,1.28737,1.32357,36.198623000018415,36.198623000018415,0.055,15.319,10.824623000018413,5.792623000018416,5.031999999999998,10.0
S00001,vRAN-DU,edge-A,edge,24,DONE,1.29364,1.30406,10.425347999898804,10.425347999898804,0.096,9.018,1.3113479998988034,0.8143479998988035,0.4969999999999999,0.0
S00006,IMS-CSCF,edge-B,edge,25,DONE,1.29372,1.29748,3.7628270001732744,3.7628270001732744,0.086,1.372,2.3048270001732742,0.4918270001732745,1.8129999999999997,0.0
S00001,vRAN-DU,edge-A,edge,25,DONE,1.2938,1.30257,8.765193999806797,8.765193999806797,0.139,6.717,1.9091939998067975,0.6651939998067977,1.2439999999999998,0.0
S00001,vRAN-DU,edge-A,edge,26,DONE,1.30729,1.31479,7.506174999889481,7.506174999889481,0.14,6.015,1.3511749998894818,0.5831749998894811,0.7680000000000007,0.0
S00008,Transcoder,core-1,core,16,DONE,1.30772,1.33371,25.98574700004974,25.98574700004974,0.066,11.478,2.441747000049741,1.4607470000497411,0.9809999999999999,12.0
S00003,UPF,edge-A,edge,25,DONE,1.30987,1.31481,4.9386089999643445,4.9386089999643445,0.095,3.272,1.5716089999643446,0.6586089999643443,0.9130000000000003,0.0
S00002,vRAN-DU,edge-B,edge,23,DONE,1.31808,1.32355,5.474841000250308,5.474841000250308,0.085,3.218,2.171841000250308,1.1568410002503082,1.0149999999999997,0.0
S00001,vRAN-DU,edge-A,edge,27,DONE,1.32788,1.33264,4.756127999826276,4.756127999826276,0.139,3.253,1.3641279998262759,0.6851279998262765,0.6789999999999994,0.0
S00008,Transcoder,core-1,core,17,DONE,1.33097,1.35308,22.113584999715385,22.113584999715385,0.095,7.52,2.498584999715387,1.585584999715385,0.9130000000000011,12.0
S00006,IMS-CSCF,edge-B,edge,26,DONE,1.34402,1.34659,2.5734800001373515,2.5734800001373515,0.096,1.38,1.0974800001373515,0.5464800001373513,0.5510000000000002,0.0
S00005,IMS-CSCF,edge-A,edge,24,DONE,1.35309,1.35582,2.7273599998807185,2.7273599998807185,0.087,1.685,0.9553599998807185,0.47135999988071875,0.48399999999999976,0.0
S00009,IoT-GW,edge-A,edge,25,DONE,1.35442,1.35644,2.013780999732262,2.013780999732262,0.075,1.114,0.8247809997322619,0.4277809997322619,0.397,0.0
S00002,vRAN-DU,edge-B,edge,24,DONE,1.35863,1.36471,6.077949999962584,6.077949999962584,0.084,4.762,1.231949999962585,0.48294999996258436,0.7490000000000006,0.0
S00006,IMS-CSCF,edge-B,edge,27,DONE,1.36411,1.367,2.8934649999428075,2.8934649999428075,0.065,1.52,1.3084649999428075,0.9054649999428075,0.403,0.0
S00009,IoT-GW,edge-A,edge,26,DONE,1.36597,1.37025,4.281246000118699,4.281246000118699,0.08,1.181,3.020246000118699,2.422246000118699,0.5979999999999999,0.0
S00004,UPF,edge-B,edge,15,DONE,1.37026,1.37957,9.304850999797054,9.304850999797054,0.092,2.63,6.582850999797055,2.152850999797054,4.43,0.0
S00004,UPF,edge-B,edge,16,DONE,1.38791,1.39371,5.791766000129428,5.791766000129428,0.086,4.106,1.5997660001294278,0.8167660001294283,0.7829999999999995,0.0
S00003,UPF,edge-A,edge,26,DONE,1.39503,1.40102,5.990448999909859,5.990448999909859,0.271,4.087,1.632448999909859,0.9854489999098588,0.6470000000000002,0.0
S00009,IoT-GW,edge-A,edge,27,DONE,1.39526,1.40099,5.7350520000909455,5.7350520000909455,0.089,1.701,3.9450520000909455,1.2090520000909457,2.7359999999999998,0.0
S00004,UPF,edge-B,edge,17,DONE,1.40739,1.41208,4.684450999775436,4.684450999775436,0.133,2.851,1.7004509997754358,0.920450999775436,0.7799999999999998,0.0
S00006,IMS-CSCF,edge-B,edge,28,DONE,1.41216,1.41524,3.079736000017874,3.079736000017874,0.229,1.592,1.258736000017874,0.6067360000178743,0.6519999999999997,0.0
S00006,IMS-CSCF,edge-B,edge,29,DONE,1.41353,1.4185,4.970447999767202,4.970447999767202,1.189,2.22,1.5614479997672022,0.9094479997672025,0.6519999999999997,0.0
S00001,vRAN-DU,edge-A,edge,28,DONE,1.41485,1.41886,4.016288999991957,4.016288999991957,0.082,2.896,1.0382889999919573,0.5662889999919569,0.4720000000000004,0.0
S00006,IMS-CSCF,edge-B,edge,30,DONE,1.46335,1.46784,4.494658000112395,4.494658000112395,0.244,2.237,2.013658000112395,1.198658000112395,0.815,0.0
S00006,IMS-CSCF,edge-B,edge,31,DONE,1.4636,1.47044,6.843151999873953,6.843151999873953,2.383,2.447,2.013151999873953,0.925151999873953,1.088,0.0
S00006,IMS-CSCF,edge-B,edge,32,DONE,1.46377,1.4731,9.331949999705103,9.331949999705103,4.845,2.495,1.9919499997051027,1.0409499997051022,0.9510000000000005,0.0
S00004,UPF,edge-B,edge,18,DONE,1.47052,1.47463,4.11209100002452,4.11209100002452,0.073,2.934,1.1050910000245202,0.41909100002452027,0.6859999999999999,0.0
S00001,vRAN-DU,edge-A,edge,29,DONE,1.48087,1.4887,7.831615000213787,7.831615000213787,0.085,6.353,1.3936150002137877,0.7556150002137878,0.6379999999999999,0.0
S00009,IoT-GW,edge-A,edge,28,DONE,1.48531,1.48761,2.3002419998192636,2.3002419998192636,0.128,0.946,1.2262419998192637,0.4572419998192636,0.7690000000000001,0.0
S00010,IoT-GW,edge-B,edge,26,DONE,1.48578,1.48963,3.849147999972047,3.849147999972047,0.126,1.442,2.2811479999720468,0.7011479999720467,1.58,0.0
S00010,IoT-GW,edge-B,edge,27,DONE,1.49612,1.49942,3.301956999621325,3.301956999621325,0.2,1.411,1.690956999621325,0.7999569996213252,0.8909999999999998,0.0
S00010,IoT-GW,edge-B,edge,28,DONE,1.49637,1.50179,5.417984999894543,5.417984999894543,1.627,2.221,1.569984999894543,0.8079849998945425,0.7620000000000005,0.0
S00010,IoT-GW,edge-B,edge,29,DONE,1.49943,1.50429,4.8580749999018735,4.8580749999018735,1.188,2.484,1.1860749999018738,0.49907499990187354,0.6870000000000003,0.0
S00001,vRAN-DU,edge-A,edge,30,DONE,1.49954,1.51869,19.151153000166232,19.151153000166232,0.204,16.164,2.78315300016623,2.0261530001662322,0.7569999999999979,0.0
S00005,IMS-CSCF,edge-A,edge,25,DONE,1.50081,1.51257,11.758439999994152,11.758439999994152,0.524,9.351,1.8834399999941525,0.8094399999941526,1.0739999999999998,0.0
S00002,vRAN-DU,edge-B,edge,25,DONE,1.5018,1.51618,14.37965000013719,14.37965000013719,0.093,12.81,1.4766500001371892,0.9946500001371898,0.4819999999999993,0.0
S00006,IMS-CSCF,edge-B,edge,33,DONE,1.50309,1.50848,5.388515000049665,5.388515000049665,0.115,3.379,1.8945150000496649,1.1175150000496652,0.7769999999999997,0.0
S00010,IoT-GW,edge-B,edge,30,DONE,1.50316,1.51307,9.911201000250003,9.911201000250003,4.775,2.151,2.9852010002500027,0.7132010002500024,2.2720000000000002,0.0
S00009,IoT-GW,edge-A,edge,29,DONE,1.51107,1.51799,6.913889999850653,6.913889999850653,0.119,4.974,1.8208899998506531,0.9718899998506529,0.8490000000000002,0.0
S00008,Transcoder,core-1,core,18,DONE,1.51126,1.53357,22.308953999981895,22.308953999981895,0.085,6.515,3.7089539999818957,2.4079539999818955,1.3010000000000002,12.0
S00008,Transcoder,core-1,core,19,DONE,1.51436,1.54057,26.2159500002781,26.2159500002781,0.117,10.573,3.5259500002780975,2.727950000278099,0.7979999999999983,12.0
S00006,IMS-CSCF,edge-B,edge,34,DONE,1.51871,1.57113,52.419644000110566,52.419644000110566,0.115,49.978,2.326644000110562,1.3236440001105692,1.002999999999993,0.0
S00009,IoT-GW,edge-A,edge,30,DONE,1.52319,1.52927,6.081253000047582,6.081253000047582,0.181,1.931,3.9692530000475816,3.015253000047582,0.9539999999999997,0.0
S00005,IMS-CSCF,edge-A,edge,26,DONE,1.55359,1.55831,4.726635000224633,4.726635000224633,0.12,2.757,1.8496350002246325,1.0626350002246325,0.7869999999999999,0.0
S00010,IoT-GW,edge-B,edge,31,DONE,1.55962,1.57179,12.173216000064713,12.173216000064713,0.168,1.225,10.780216000064712,0.39821600006471236,10.382,0.0
S00002,vRAN-DU,edge-B,edge,26,DONE,1.57121,1.57559,4.373492000013357,4.373492000013357,0.084,3.276,1.0134920000133572,0.5254920000133572,0.488,0.0
S00005,IMS-CSCF,edge-A,edge,27,DONE,1.5789,1.5827,3.8052849999985483,3.8052849999985483,0.132,1.843,1.8302849999985482,0.9572849999985484,0.8729999999999998,0.0
S00005,IMS-CSCF,edge-A,edge,28,DONE,1.59309,1.5972,4.108080000150949,4.108080000150949,0.094,2.406,1.6080800001509488,0.8510800001509486,0.7570000000000001,0.0
S00009,IoT-GW,edge-A,edge,31,DONE,1.60362,1.60676,3.1466059999729623,3.1466059999729623,0.122,1.387,1.6376059999729624,0.8506059999729625,0.7869999999999999,0.0
S00009,IoT-GW,edge-A,edge,32,DONE,1.60807,1.61316,5.094251999707922,5.094251999707922,0.078,3.415,1.6012519997079218,0.7062519997079217,0.895,0.0
S00003,UPF,edge-A,edge,27,DONE,1.6216,1.62634,4.736797000077786,4.736797000077786,0.11,3.024,1.602797000077786,0.856797000077786,0.746,0.0
S00006,IMS-CSCF,edge-B,edge,35,DONE,1.6219,1.62562,3.717281999797706,3.717281999797706,0.127,2.3,1.2902819997977062,0.7062819997977057,0.5840000000000005,0.0
S00009,IoT-GW,edge-A,edge,33,DONE,1.62331,1.6275,4.183636000107072,4.183636000107072,0.075,1.449,2.6596360001070716,0.5126360001070718,2.147,0.0
S00003,UPF,edge-A,edge,28,DONE,1.63178,1.63679,5.008617999919807,5.008617999919807,0.083,3.413,1.5126179999198066,0.7626179999198062,0.7500000000000004,0.0
S00002,vRAN-DU,edge-B,edge,27,DONE,1.64926,1.65402,4.7514960001535655,4.7514960001535655,0.134,2.93,1.6874960001535655,0.9124960001535656,0.7749999999999999,0.0
S00004,UPF,edge-B,edge,19,DONE,1.65079,1.65544,4.654918000142061,4.654918000142061,0.089,3.399,1.166918000142061,0.6439180001420608,0.5230000000000001,0.0
S00004,UPF,edge-B,edge,20,DONE,1.66977,1.675,5.228493000231538,5.228493000231538,0.092,2.706,2.4304930002315377,1.561493000231538,0.8689999999999998,0.0
S00006,IMS-CSCF,edge-B,edge,36,DONE,1.67514,1.67927,4.129744999772811,4.129744999772811,0.128,2.771,1.2307449997728108,0.6477449997728106,0.5830000000000002,0.0
S00004,UPF,edge-B,edge,21,DONE,1.67673,1.68087,4.141949999848293,4.141949999848293,0.104,2.589,1.4489499998482933,0.7209499998482936,0.7279999999999998,0.0
S00002,vRAN-DU,edge-B,edge,28,DONE,1.68421,1.68903,4.8159479997593735,4.8159479997593735,0.242,3.266,1.3079479997593735,0.7319479997593739,0.5759999999999996,0.0
S00006,IMS-CSCF,edge-B,edge,37,DONE,1.68437,1.68783,3.465289999894594,3.465289999894594,0.303,1.853,1.309289999894594,0.607289999894594,0.702,0.0
S00006,IMS-CSCF,edge-B,edge,38,DONE,1.69535,1.69841,3.0521180001414905,3.0521180001414905,0.088,1.621,1.3431180001414904,0.6641180001414906,0.6789999999999998,0.0
S00010,IoT-GW,edge-B,edge,32,DONE,1.70871,1.71418,5.473215999700187,5.473215999700187,0.124,3.265,2.084215999700187,1.0612159997001873,1.0229999999999997,0.0
S00006,IMS-CSCF,edge-B,edge,39,DONE,1.70894,1.71544,6.494003000170778,6.494003000170778,0.171,4.75,1.573003000170778,0.9130030001707778,0.6600000000000001,0.0
S00005,IMS-CSCF,edge-A,edge,29,DONE,1.7102,1.71462,4.421114000251691,4.421114000251691,0.097,2.871,1.4531140002516914,0.49511400025169117,0.9580000000000002,0.0
S00009,IoT-GW,edge-A,edge,34,DONE,1.71029,1.71459,4.294376999951055,4.294376999951055,0.058,1.83,2.406376999951055,1.008376999951055,1.398,0.0
S00002,vRAN-DU,edge-B,edge,29,DONE,1.71545,1.71943,3.977154000040173,3.977154000040173,0.073,2.994,0.9101540000401727,0.4401540000401729,0.46999999999999975,0.0
S00002,vRAN-DU,edge-B,edge,30,DONE,1.7178,1.72173,3.9274240002669103,3.9274240002669103,0.057,2.892,0.9784240002669105,0.5084240002669103,0.4700000000000002,0.0
S00001,vRAN-DU,edge-A,edge,31,DONE,1.76221,1.76686,4.6545949999199365,4.6545949999199365,0.095,3.173,1.3865949999199363,0.6655949999199366,0.7209999999999996,0.0
S00010,IoT-GW,edge-B,edge,33,DONE,1.7636,1.77106,7.461435000095662,7.461435000095662,0.095,1.277,6.089435000095662,0.5544350000956619,5.535,0.0
S00001,vRAN-DU,edge-A,edge,32,DONE,1.77429,1.78186,7.57079100003466,7.57079100003466,0.284,5.493,1.79379100003466,0.9307910000346604,0.8629999999999995,0.0
S00001,vRAN-DU,edge-A,edge,33,DONE,1.77448,1.78341,8.930218999921635,8.930218999921635,0.335,6.948,1.647218999921635,0.5572189999216359,1.089999999999999,0.0
S00004,UPF,edge-B,edge,22,DONE,1.77456,1.77767,3.1096480001906457,3.1096480001906457,0.075,2.079,0.9556480001906453,0.5016480001906456,0.45399999999999974,0.0
S00002,vRAN-DU,edge-B,edge,31,DONE,1.77768,1.78339,5.713346999982605,5.713346999982605,0.058,3.598,2.057346999982605,1.2153469999826045,0.8420000000000005,0.0
S00010,IoT-GW,edge-B,edge,34,DONE,1.78188,1.78478,2.9040019999229116,2.9040019999229116,0.049,1.469,1.3860019999229116,0.7820019999229118,0.6039999999999999,0.0
S00006,IMS-CSCF,edge-B,edge,40,DONE,1.79021,1.79307,2.8584930000761233,2.8584930000761233,0.149,1.515,1.1944930000761234,0.5814930000761231,0.6130000000000002,0.0
S00004,UPF,edge-B,edge,23,DONE,1.79157,1.79513,3.55360000003202,3.55360000003202,0.073,2.457,1.0236000000320202,0.47360000003201996,0.5500000000000003,0.0
S00006,IMS-CSCF,edge-B,edge,41,DONE,1.80046,1.80401,3.5566639999160543,3.5566639999160543,0.087,2.182,1.2876639999160542,0.7116639999160541,0.5760000000000001,0.0
S00010,IoT-GW,edge-B,edge,35,DONE,1.80182,1.80523,3.41242800004693,3.41242800004693,0.065,2.281,1.0664280000469297,0.5284280000469299,0.5379999999999998,0.0
S00005,IMS-CSCF,edge-A,edge,30,DONE,1.81371,1.81733,3.623026000241225,3.623026000241225,0.143,1.744,1.736026000241225,0.8550260002412253,0.8809999999999998,0.0
S00008,Transcoder,core-1,core,20,DONE,1.81852,1.8454,26.887132999945607,26.887132999945607,0.105,11.67,3.112132999945606,1.856132999945606,1.2560000000000002,12.0
S00004,UPF,edge-B,edge,24,DONE,1.82604,1.83614,10.101966000092943,10.101966000092943,0.196,5.594,4.311966000092943,2.150966000092944,2.1609999999999996,0.0
S00003,UPF,edge-A,edge,29,DONE,1.82627,1.83617,9.893937000015285,9.893937000015285,0.085,5.543,4.265937000015285,1.3859370000152857,2.879999999999999,0.0
S00007,Transcoder,core-1,core,16,DONE,1.82637,1.85519,28.818175999731466,28.818175999731466,0.168,11.423,7.227175999731465,2.883175999731465,4.344000000000001,10.0
S00006,IMS-CSCF,edge-B,edge,42,DONE,1.82643,1.8391,12.674286000219581,12.674286000219581,0.305,9.466,2.903286000219582,1.5902860002195816,1.3130000000000006,0.0
S00004,UPF,edge-B,edge,25,DONE,1.82795,1.84539,17.445305999899574,17.445305999899574,9.084,4.658,3.703305999899573,2.9943059998995736,0.7089999999999996,0.0
S00001,vRAN-DU,edge-A,edge,34,DONE,1.8303,1.84184,11.548295000011422,11.548295000011422,0.151,7.922,3.475295000011421,2.802295000011421,0.673,0.0
S00003,UPF,edge-A,edge,30,DONE,1.83919,1.84537,6.178707999879407,6.178707999879407,0.055,1.878,4.245707999879407,3.871707999879407,0.3740000000000001,0.0
S00007,Transcoder,core-1,core,17,DONE,1.84766,1.86646,18.80027600009271,18.80027600009271,0.091,6.196,2.5132760000927092,1.791276000092708,0.7220000000000004,10.0
S00008,Transcoder,core-1,core,21,DONE,1.85308,1.87341,20.332927999788808,20.332927999788808,0.058,5.816,2.458927999788809,1.6429279997888067,0.8160000000000007,12.0
S00002,vRAN-DU,edge-B,edge,32,DONE,1.85446,1.87534,20.877311000276677,20.877311000276677,0.114,5.548,15.215311000276678,0.438311000276677,14.777000000000001,0.0
S00006,IMS-CSCF,edge-B,edge,43,DONE,1.8624,1.87479,12.38027699992017,12.38027699992017,0.191,4.863,7.32627699992017,0.5062769999201695,6.82,0.0
S00003,UPF,edge-A,edge,31,DONE,1.86974,1.87378,4.038573999878281,4.038573999878281,0.087,2.808,1.143573999878281,0.5695739998782812,0.5739999999999998,0.0
S00007,Transcoder,core-1,core,18,DONE,1.89145,1.90987,18.421233000026405,18.421233000026405,0.089,6.135,2.1972330000264044,1.3622330000264036,0.835,10.0
S00002,vRAN-DU,edge-B,edge,33,DONE,1.89165,1.8982,6.544238000060432,6.544238000060432,0.093,5.076,1.375238000060432,0.6852380000604317,0.6900000000000004,0.0
S00005,IMS-CSCF,edge-A,edge,31,DONE,1.9035,1.90644,2.9389729998001712,2.9389729998001712,0.091,1.503,1.3449729998001714,0.6339729998001711,0.7110000000000003,0.0
S00004,UPF,edge-B,edge,26,DONE,1.90499,1.9086,3.6108659996898496,3.6108659996898496,0.086,2.437,1.0878659996898499,0.5708659996898495,0.5170000000000003,0.0
S00010,IoT-GW,edge-B,edge,36,DONE,1.92537,1.93748,12.113795999994181,12.113795999994181,0.092,2.951,9.070795999994182,8.02279599999418,1.048,0.0
S00005,IMS-CSCF,edge-A,edge,32,DONE,1.92785,1.93504,7.188739999946847,7.188739999946847,0.09,5.834,1.2647399999468476,0.7207399999468471,0.5440000000000005,0.0
S00002,vRAN-DU,edge-B,edge,34,DONE,1.93282,1.94535,12.537777000034112,12.537777000034112,0.087,9.637,2.8137770000341114,1.301777000034111,1.5120000000000005,0.0
S00007,Transcoder,core-1,core,19,DONE,1.9438,1.96681,23.009997000372095,23.009997000372095,0.136,10.454,2.4199970003720956,1.5549970003720954,0.8650000000000002,10.0
S00002,vRAN-DU,edge-B,edge,35,DONE,1.95578,1.96313,7.348351000018738,7.348351000018738,0.121,5.526,1.7013510000187377,1.010351000018738,0.6909999999999998,0.0
S00003,UPF,edge-A,edge,32,DONE,1.95605,1.96102,4.969539000285295,4.969539000285295,0.086,1.93,2.9535390002852946,2.3335390002852945,0.6200000000000001,0.0
S00010,IoT-GW,edge-B,edge,37,DONE,1.97428,1.97739,3.1092379999790865,3.1092379999790865,0.152,1.316,1.6412379999790865,0.7772379999790866,0.8639999999999999,0.0
S00005,IMS-CSCF,edge-A,edge,33,DONE,1.97861,1.98172,3.1053460002112843,3.1053460002112843,0.086,1.681,1.3383460002112841,0.6783460002112842,0.6599999999999999,0.0
S00002,vRAN-DU,edge-B,edge,36,DONE,1.98505,1.9896,4.549780000161263,4.549780000161263,0.282,3.011,1.256780000161263,0.631780000161263,0.625,0.0
S00006,IMS-CSCF,edge-B,edge,44,DONE,1.98527,1.98922,3.9445419997719,3.9445419997719,0.102,1.513,2.3295419997719,0.6315419997718998,1.6980000000000002,0.0
S00009,IoT-GW,edge-A,edge,35,DONE,1.99182,1.9951,3.279307000411791,3.279307000411791,0.125,1.038,2.1163070004117905,1.2883070004117907,0.8280000000000001,0.0
S00004,UPF,edge-B,edge,27,DONE,1.99204,1.99584,3.8016980001884804,3.8016980001884804,0.062,2.834,0.9056980001884805,0.4206980001884806,0.4849999999999999,0.0
S00007,Transcoder,core-1,core,20,DONE,1.99907,2.02054,21.46320200017726,21.46320200017726,0.094,7.807,3.562202000177262,2.1672020001772623,1.3949999999999987,10.0
S00009,IoT-GW,edge-A,edge,36,DONE,2.01071,2.01488,4.169575000105397,4.169575000105397,0.098,1.137,2.9345750001053963,0.9285750001053965,2.0060000000000002,0.0
S00004,UPF,edge-B,edge,28,DONE,2.0253,2.02945,4.1593210003156855,4.1593210003156855,0.151,2.628,1.3803210003156856,0.6793210003156855,0.7010000000000001,0.0
S00005,IMS-CSCF,edge-A,edge,34,DONE,2.03074,2.0337,2.9506159999073134,2.9506159999073134,0.09,1.745,1.1156159999073132,0.5786159999073135,0.5369999999999997,0.0
S00009,IoT-GW,edge-A,edge,37,DONE,2.0321,2.03495,2.850724999916565,2.850724999916565,0.047,0.94,1.863724999916565,1.3257249999165652,0.5379999999999999,0.0
S00008,Transcoder,core-1,core,22,DONE,2.04531,2.06826,22.955234000164637,22.955234000164637,0.09,8.953,1.9122340001646378,1.298234000164637,0.6140000000000008,12.0
S00003,UPF,edge-A,edge,33,DONE,2.04549,2.0494,3.9072139998097555,3.9072139998097555,0.095,2.192,1.6202139998097551,0.8852139998097557,0.7349999999999994,0.0
S00004,UPF,edge-B,edge,29,DONE,2.04884,2.05261,3.7738820001322892,3.7738820001322892,0.115,2.224,1.4348820001322888,0.541882000132289,0.8929999999999998,0.0
S00002,vRAN-DU,edge-B,edge,37,DONE,2.05696,2.06113,4.16737599971384,4.16737599971384,0.083,3.145,0.9393759997138402,0.46137599971384047,0.47799999999999976,0.0
S00003,UPF,edge-A,edge,34,DONE,2.06042,2.06529,4.874811999798112,4.874811999798112,0.086,2.019,2.769811999798112,1.8018119997981121,0.968,0.0
S00001,vRAN-DU,edge-A,edge,35,DONE,2.06231,2.06576,3.444234999733453,3.444234999733453,0.075,2.559,0.8102349997334528,0.421234999733453,0.3889999999999998,0.0
S00010,IoT-GW,edge-B,edge,38,DONE,2.07363,2.07619,2.5518590000501717,2.5518590000501717,0.098,1.151,1.3028590000501716,0.6378590000501718,0.6649999999999998,0.0
S00002,vRAN-DU,edge-B,edge,38,DONE,2.08446,2.08859,4.133449000164546,4.133449000164546,0.085,3.058,0.9904490001645465,0.4824490001645465,0.508,0.0
S00006,IMS-CSCF,edge-B,edge,45,DONE,2.08576,2.08817,2.4104439999064198,2.4104439999064198,0.057,1.301,1.05244399990642,0.48144399990641973,0.5710000000000002,0.0
S00003,UPF,edge-A,edge,35,DONE,2.09591,2.09947,3.558508999958576,3.558508999958576,0.092,2.156,1.310508999958576,0.6625089999585763,0.6479999999999997,0.0
S00009,IoT-GW,edge-A,edge,38,DONE,2.10578,2.10836,2.577352999651339,2.577352999651339,0.109,1.141,1.327352999651339,0.7573529996513388,0.5700000000000001,0.0
S00002,vRAN-DU,edge-B,edge,39,DONE,2.11059,2.11541,4.822113000045647,4.822113000045647,0.093,3.302,1.427113000045647,0.6751130000456467,0.7520000000000002,0.0
S00004,UPF,edge-B,edge,30,DONE,2.1197,2.12333,3.6361829997986206,3.6361829997986206,0.086,2.168,1.3821829997986206,0.6931829997986205,0.6890000000000001,0.0
S00006,IMS-CSCF,edge-B,edge,46,DONE,2.13168,2.13632,4.644996000024548,4.644996000024548,0.097,3.33,1.2179960000245482,0.6319960000245484,0.5859999999999999,0.0
S00003,UPF,edge-A,edge,36,DONE,2.13528,2.1391,3.8271359999271226,3.8271359999271226,0.282,2.303,1.2421359999271226,0.5631359999271228,0.6789999999999998,0.0
S00010,IoT-GW,edge-B,edge,39,DONE,2.15949,2.16239,2.9037920003247564,2.9037920003247564,0.093,1.322,1.4887920003247563,0.7517920003247562,0.7370000000000001,0.0
S00006,IMS-CSCF,edge-B,edge,47,DONE,2.16095,2.16383,2.886091000164015,2.886091000164015,0.218,1.399,1.269091000164015,0.422091000164015,0.847,0.0
S00004,UPF,edge-B,edge,31,DONE,2.16614,2.16943,3.2858100003068103,3.2858100003068103,0.078,2.196,1.0118100003068102,0.48581000030681043,0.5259999999999998,0.0
S00003,UPF,edge-A,edge,37,DONE,2.17998,2.18428,4.294518000278913,4.294518000278913,0.261,2.471,1.5625180002789127,0.8355180002789129,0.7269999999999999,0.0
S00004,UPF,edge-B,edge,32,DONE,2.18557,2.18908,3.51428100020712,3.51428100020712,0.099,2.137,1.2782810002071199,0.64028100020712,0.6379999999999999,0.0
S00006,IMS-CSCF,edge-B,edge,48,DONE,2.1954,2.19911,3.7094330000400078,3.7094330000400078,0.086,1.942,1.6814330000400077,1.1044330000400078,0.577,0.0
S00006,IMS-CSCF,edge-B,edge,49,DONE,2.20237,2.20523,2.8561819999595173,2.8561819999595173,0.097,1.476,1.2831819999595173,0.5981819999595173,0.685,0.0
S00004,UPF,edge-B,edge,33,DONE,2.21053,2.21416,3.6296309999670484,3.6296309999670484,0.084,2.246,1.2996309999670483,0.7626309999670484,0.5369999999999999,0.0
S00001,vRAN-DU,edge-A,edge,36,DONE,2.21843,2.22292,4.484090999994805,4.484090999994805,0.091,3.134,1.2590909999948052,0.6300909999948052,0.629,0.0
S00009,IoT-GW,edge-A,edge,39,DONE,2.23328,2.23736,4.07966500006296,4.07966500006296,0.175,1.408,2.4966650000629595,1.7016650000629596,0.7950000000000002,0.0
S00001,vRAN-DU,edge-A,edge,37,DONE,2.23348,2.2378,4.329069000050367,4.329069000050367,0.185,2.727,1.4170690000503674,0.7300690000503671,0.6870000000000003,0.0
S00002,vRAN-DU,edge-B,edge,40,DONE,2.24107,2.24525,4.176119000021572,4.176119000021572,0.085,2.858,1.233119000021572,0.5941190000215721,0.6389999999999998,0.0
S00008,Transcoder,core-1,core,23,DONE,2.24848,2.26977,21.283929999754037,21.283929999754037,0.094,6.105,3.084929999754035,2.5529299997540367,0.5319999999999991,12.0
S00002,vRAN-DU,edge-B,edge,41,DONE,2.24862,2.2534,4.784620000009454,4.784620000009454,0.08,3.69,1.014620000009454,0.4796200000094544,0.5349999999999997,0.0
S00006,IMS-CSCF,edge-B,edge,50,DONE,2.24985,2.25382,3.9716720002616057,3.9716720002616057,0.073,3.078,0.8206720002616059,0.42867200026160557,0.39200000000000035,0.0
S00004,UPF,edge-B,edge,34,DONE,2.25904,2.26453,5.4925679996813415,5.4925679996813415,0.069,4.516,0.9075679996813415,0.4955679996813416,0.4119999999999999,0.0
S00010,IoT-GW,edge-B,edge,40,DONE,2.29015,2.29297,2.822334000029514,2.822334000029514,0.093,1.164,1.565334000029514,0.8253340000295137,0.7400000000000002,0.0
S00003,UPF,edge-A,edge,38,DONE,2.29039,2.29515,4.751387999931467,4.751387999931467,0.093,3.174,1.4843879999314669,0.8203879999314667,0.6640000000000001,0.0
S00003,UPF,edge-A,edge,39,DONE,2.29051,2.29834,7.832148000034067,7.832148000034067,2.296,2.152,3.3841480000340667,2.119148000034067,1.2649999999999997,0.0
S00001,vRAN-DU,edge-A,edge,38,DONE,2.29516,2.30075,5.5916450000950135,5.5916450000950135,0.058,3.729,1.8046450000950136,0.38664500009501346,1.4180000000000001,0.0
S00010,IoT-GW,edge-B,edge,41,DONE,2.29547,2.29836,2.893704000143771,2.893704000143771,0.078,0.986,1.8297040001437708,1.392704000143771,0.43699999999999983,0.0
S00006,IMS-CSCF,edge-B,edge,51,DONE,2.29964,2.30331,3.6730969995915075,3.6730969995915075,0.07,2.411,1.1920969995915076,0.5530969995915074,0.6390000000000002,0.0
S00002,vRAN-DU,edge-B,edge,42,DONE,2.29974,2.30458,4.8372649998782435,4.8372649998782435,0.057,2.948,1.8322649998782436,1.0992649998782436,0.7330000000000001,0.0
S00005,IMS-CSCF,edge-A,edge,35,DONE,2.30795,2.31297,5.0192239996249555,5.0192239996249555,0.106,2.51,2.403223999624956,1.7052239996249554,0.6980000000000004,0.0
S00002,vRAN-DU,edge-B,edge,43,DONE,2.30941,2.31423,4.8190409997914685,4.8190409997914685,0.088,3.375,1.3560409997914684,0.7310409997914684,0.625,0.0
S00002,vRAN-DU,edge-B,edge,44,DONE,2.31557,2.3204,4.83108699972945,4.83108699972945,0.131,3.254,1.4460869997294505,0.6110869997294506,0.835,0.0
S00009,IoT-GW,edge-A,edge,40,DONE,2.32003,2.32297,2.9377409996413917,2.9377409996413917,0.084,1.624,1.2297409996413915,0.6337409996413919,0.5959999999999996,0.0
S00004,UPF,edge-B,edge,35,DONE,2.33541,2.34134,5.93313199988188,5.93313199988188,0.121,3.68,2.1321319998818797,1.1291319998818796,1.0030000000000001,0.0
S00001,vRAN-DU,edge-A,edge,39,DONE,2.33994,2.34849,8.552072999918892,8.552072999918892,0.163,6.663,1.726072999918891,0.9440729999188919,0.7819999999999991,0.0
S00006,IMS-CSCF,edge-B,edge,52,DONE,2.34135,2.34762,6.262171000344097,6.262171000344097,0.165,4.77,1.327171000344097,0.5701710003440965,0.7570000000000006,0.0
S00002,vRAN-DU,edge-B,edge,45,DONE,2.34272,2.37285,30.123686000024463,30.123686000024463,0.072,28.623,1.428686000024463,0.7696860000244641,0.6589999999999989,0.0
S00002,vRAN-DU,edge-B,edge,46,DONE,2.34851,2.38342,34.908925000308955,34.908925000308955,0.082,33.282,1.5449250003089574,0.7719250003089542,0.7730000000000032,0.0
S00009,IoT-GW,edge-A,edge,41,DONE,2.35106,2.35448,3.426279999985127,3.426279999985127,0.135,1.701,1.5902799999851267,0.8452799999851268,0.7449999999999999,0.0
S00006,IMS-CSCF,edge-B,edge,53,DONE,2.35578,2.37802,22.234735999973054,22.234735999973054,1.39,3.745,17.099735999973056,1.1587359999730538,15.941,0.0
S00007,Transcoder,core-1,core,21,DONE,2.36032,2.39321,32.89400099993145,32.89400099993145,0.142,19.323,3.42900099993145,2.5180009999314485,0.9110000000000014,10.0
S00007,Transcoder,core-1,core,22,DONE,2.36729,2.39141,24.122486999658577,24.122486999658577,0.105,7.405,6.612486999658575,2.234486999658577,4.377999999999999,10.0
S00007,Transcoder,core-1,core,23,DONE,2.37109,2.39728,26.19016000016927,26.19016000016927,5.82,7.287,3.083160000169272,2.2621600001692705,0.8210000000000015,10.0
S00003,UPF,edge-A,edge,40,DONE,2.39333,2.39747,4.14180900042993,4.14180900042993,0.173,2.552,1.41680900042993,0.48280900042993036,0.9339999999999997,0.0
S00001,vRAN-DU,edge-A,edge,40,DONE,2.40593,2.41243,6.499197000266577,6.499197000266577,0.186,4.618,1.6951970002665764,0.899197000266577,0.7959999999999994,0.0
S00002,vRAN-DU,edge-B,edge,47,DONE,2.41684,2.42252,5.686410999715008,5.686410999715008,0.29,3.402,1.994410999715008,0.8794109997150077,1.1150000000000002,0.0
S00004,UPF,edge-B,edge,36,DONE,2.41722,2.42262,5.390490000081627,5.390490000081627,0.222,3.7,1.4684900000816268,0.5514900000816265,0.9170000000000003,0.0
S00001,vRAN-DU,edge-A,edge,41,DONE,2.42901,2.43481,5.807220000406232,5.807220000406232,0.094,4.193,1.5202200004062325,0.7572200004062326,0.7629999999999999,0.0
S00010,IoT-GW,edge-B,edge,42,DONE,2.43054,2.43322,2.675004999673547,2.675004999673547,0.115,1.175,1.385004999673547,0.647004999673547,0.738,0.0
S00006,IMS-CSCF,edge-B,edge,54,DONE,2.43705,2.43989,2.8400489995874523,2.8400489995874523,0.123,1.55,1.1670489995874522,0.5780489995874523,0.589,0.0
S00006,IMS-CSCF,edge-B,edge,55,DONE,2.45034,2.45511,4.764490000070509,4.764490000070509,0.1,3.057,1.6074900000705092,0.8184900000705091,0.7890000000000001,0.0
S00005,IMS-CSCF,edge-A,edge,36,DONE,2.46241,2.46563,3.2187400001930655,3.2187400001930655,0.089,1.66,1.4697400001930656,0.7567400001930653,0.7130000000000003,0.0
S00005,IMS-CSCF,edge-A,edge,37,DONE,2.4761,2.47993,3.8305809998746554,3.8305809998746554,0.112,1.913,1.8055809998746555,0.8055809998746555,1.0,0.0
S00005,IMS-CSCF,edge-A,edge,38,DONE,2.47962,2.48278,3.166083999985858,3.166083999985858,0.067,2.081,1.018083999985858,0.4870839999858583,0.5309999999999997,0.0
S00004,UPF,edge-B,edge,37,DONE,2.48224,2.48918,6.9397800002661825,6.9397800002661825,0.088,5.43,1.4217800002661827,0.5287800002661829,0.8929999999999998,0.0
S00007,Transcoder,core-1,core,24,DONE,2.48636,2.50714,20.77810699984184,20.77810699984184,0.07,7.215,3.4931069998418387,2.4481069998418388,1.045,10.0
S00006,IMS-CSCF,edge-B,edge,56,DONE,2.48774,2.49105,3.3087870001509145,3.3087870001509145,0.138,1.537,1.6337870001509147,0.6787870001509146,0.9550000000000001,0.0
S00010,IoT-GW,edge-B,edge,43,DONE,2.50135,2.50492,3.5693489999175654,3.5693489999175654,0.093,2.129,1.3473489999175654,0.6813489999175655,0.6659999999999999,0.0
S00007,Transcoder,core-1,core,25,DONE,2.50619,2.52594,19.758401999752095,19.758401999752095,0.082,6.316,3.3604019997520957,1.9144019997520942,1.4460000000000006,10.0
S00009,IoT-GW,edge-A,edge,42,DONE,2.5104,2.51283,2.428018000045995,2.428018000045995,0.111,1.12,1.197018000045995,0.5600180000459949,0.637,0.0
S00002,vRAN-DU,edge-B,edge,48,DONE,2.5206,2.52519,4.589882999880501,4.589882999880501,0.106,3.109,1.3748829998805014,0.6218829998805013,0.7530000000000001,0.0
S00003,UPF,edge-A,edge,41,DONE,2.55632,2.56227,5.953381999916019,5.953381999916019,0.095,3.298,2.5603819999160184,1.284381999916019,1.2759999999999994,0.0
S00003,UPF,edge-A,edge,42,DONE,2.55891,2.56454,5.631108000216045,5.631108000216045,1.258,2.674,1.6991080002160452,0.6671080002160448,1.0320000000000005,0.0
S00008,Transcoder,core-1,core,24,DONE,2.57095,2.59491,23.96178500021051,23.96178500021051,0.105,7.755,4.101785000210512,2.8257850002105123,1.275999999999999,12.0
S00010,IoT-GW,edge-B,edge,44,DONE,2.57551,2.57921,3.7072959999022714,3.7072959999022714,0.109,1.637,1.9612959999022714,0.8862959999022713,1.0750000000000002,0.0
S00001,vRAN-DU,edge-A,edge,42,DONE,2.58676,2.5925,5.741227999806142,5.741227999806142,0.087,4.078,1.5762279998061421,0.8442279998061419,0.7320000000000002,0.0
S00006,IMS-CSCF,edge-B,edge,57,DONE,2.58697,2.59244,5.476590999933251,5.476590999933251,0.083,3.393,2.0005909999332507,1.179590999933251,0.8209999999999997,0.0
S00006,IMS-CSCF,edge-B,edge,58,DONE,2.59717,2.60128,4.104142999949545,4.104142999949545,0.089,2.732,1.2831429999495447,0.6341429999495447,0.649,0.0
S00010,IoT-GW,edge-B,edge,45,DONE,2.59852,2.6009,2.379652000399801,2.379652000399801,0.066,1.206,1.1076520003998012,0.6706520003998011,0.43700000000000006,0.0
S00005,IMS-CSCF,edge-A,edge,39,DONE,2.60259,2.60629,3.7072909999551484,3.7072909999551484,0.123,1.903,1.6812909999551486,0.8022909999551486,0.879,0.0
S00005,IMS-CSCF,edge-A,edge,40,DONE,2.60605,2.60941,3.354564999881404,3.354564999881404,0.071,2.045,1.2385649998814041,0.642564999881404,0.5960000000000001,0.0
S00001,vRAN-DU,edge-A,edge,43,DONE,2.6179,2.62459,6.690125999739394,6.690125999739394,0.131,3.21,3.3491259997393934,2.5191259997393933,0.8300000000000001,0.0
S00003,UPF,edge-A,edge,43,DONE,2.6205,2.62539,4.888111000127537,4.888111000127537,0.098,3.273,1.5171110001275374,0.8341110001275371,0.6830000000000003,0.0
S00006,IMS-CSCF,edge-B,edge,59,DONE,2.62661,2.63057,3.9581440000802104,3.9581440000802104,0.087,2.17,1.7011440000802103,0.8141440000802103,0.887,0.0
S00001,vRAN-DU,edge-A,edge,44,DONE,2.63002,2.63564,5.621289999908186,5.621289999908186,0.087,4.05,1.484289999908186,0.6622899999081859,0.8220000000000001,0.0
S00001,vRAN-DU,edge-A,edge,45,DONE,2.6369,2.64221,5.3058530002090265,5.3058530002090265,0.111,3.595,1.599853000209026,0.6208530002090269,0.9789999999999992,0.0
S00009,IoT-GW,edge-A,edge,43,DONE,2.64116,2.64376,2.6008050003838434,2.6008050003838434,0.145,1.008,1.4478050003838434,0.7308050003838433,0.7170000000000001,0.0
S00003,UPF,edge-A,edge,44,DONE,2.6413,2.6494,8.103439000024082,8.103439000024082,0.041,6.528,1.534439000024082,0.6434390000240819,0.891,0.0
S00002,vRAN-DU,edge-B,edge,49,DONE,2.64222,2.64862,6.396842999947694,6.396842999947694,0.085,4.927,1.3848429999476943,0.6268429999476943,0.758,0.0
S00004,UPF,edge-B,edge,38,DONE,2.64377,2.64981,6.042149999757385,6.042149999757385,0.066,4.8,1.176149999757385,0.5841499997573845,0.5920000000000005,0.0
S00010,IoT-GW,edge-B,edge,46,DONE,2.65613,2.66012,3.9843849999670056,3.9843849999670056,0.123,1.972,1.8893849999670058,1.0853849999670055,0.8040000000000003,0.0
S00009,IoT-GW,edge-A,edge,44,DONE,2.65759,2.66014,2.543699999932869,2.543699999932869,0.083,1.128,1.3326999999328693,0.8776999999328692,0.45500000000000007,0.0
S00009,IoT-GW,edge-A,edge,45,DONE,2.66014,2.66314,2.9951169999549165,2.9951169999549165,0.119,1.793,1.0831169999549166,0.4701169999549166,0.613,0.0
S00004,UPF,edge-B,edge,39,DONE,2.66641,2.67066,4.25030099995638,4.25030099995638,0.111,2.657,1.4823009999563799,0.6793009999563799,0.8029999999999999,0.0
S00004,UPF,edge-B,edge,40,DONE,2.66788,2.67427,6.382157000189181,6.382157000189181,1.866,3.102,1.4141570001891814,0.6081570001891814,0.806,0.0
S00006,IMS-CSCF,edge-B,edge,60,DONE,2.6847,2.6882,3.4987610001735447,3.4987610001735447,0.093,1.722,1.6837610001735448,0.8007610001735448,0.883,0.0
S00004,UPF,edge-B,edge,41,DONE,2.71355,2.71758,4.0326749999621825,4.0326749999621825,0.134,2.488,1.4106749999621826,0.6626749999621824,0.7480000000000002,0.0
S00004,UPF,edge-B,edge,42,DONE,2.71378,2.72088,7.094905000030849,7.094905000030849,2.584,2.954,1.5569050000308486,0.831905000030849,0.7249999999999996,0.0
S00004,UPF,edge-B,edge,43,DONE,2.72033,2.72492,4.590967000240198,4.590967000240198,0.08,3.097,1.413967000240198,0.776967000240198,0.637,0.0
S00004,UPF,edge-B,edge,44,DONE,2.73323,2.73736,4.129420000026585,4.129420000026585,0.368,2.291,1.4704200000265848,0.7444200000265848,0.726,0.0
S00001,vRAN-DU,edge-A,edge,46,DONE,2.74767,2.75253,4.862325999965833,4.862325999965833,0.089,3.061,1.7123259999658331,0.8423259999658335,0.8699999999999997,0.0
S00002,vRAN-DU,edge-B,edge,50,DONE,2.76291,2.76759,4.682118999880913,4.682118999880913,0.144,3.11,1.4281189998809132,0.7511189998809131,0.677,0.0
S00008,Transcoder,core-1,core,25,DONE,2.76425,2.78987,25.62153999997463,25.62153999997463,0.129,10.883,2.609539999974631,1.5625399999746303,1.0470000000000006,12.0
S00009,IoT-GW,edge-A,edge,46,DONE,2.76928,2.77235,3.0739500002709974,3.0739500002709974,0.154,1.381,1.5389500002709975,0.9399500002709975,0.599,0.0
S00001,vRAN-DU,edge-A,edge,47,DONE,2.77064,2.77993,9.28716099997473,9.28716099997473,0.067,6.102,3.11816099997473,0.8271609999747298,2.2910000000000004,0.0
S00002,vRAN-DU,edge-B,edge,51,DONE,2.77074,2.78058,9.841073999723449,9.841073999723449,0.101,7.91,1.8300739997234476,0.866073999723449,0.9639999999999986,0.0
S00010,IoT-GW,edge-B,edge,47,DONE,2.77763,2.78135,3.714890999617637,3.714890999617637,0.085,2.282,1.3478909996176371,0.9118909996176372,0.43599999999999994,0.0
S00004,UPF,edge-B,edge,45,DONE,2.77781,2.78333,5.5123470001490205,5.5123470001490205,1.21,1.981,2.3213470001490206,1.2103470001490209,1.1109999999999998,0.0
S00006,IMS-CSCF,edge-B,edge,61,DONE,2.78963,2.79264,3.0119439998088637,3.0119439998088637,0.082,1.698,1.2319439998088637,0.6249439998088637,0.607,0.0
S00009,IoT-GW,edge-A,edge,47,DONE,2.79804,2.8016,3.5637080000014976,3.5637080000014976,0.12,1.641,1.8027080000014974,0.8477080000014974,0.9550000000000001,0.0
S00004,UPF,edge-B,edge,46,DONE,2.80494,2.80993,4.993526999896858,4.993526999896858,0.198,3.029,1.766526999896858,1.1395269998968578,0.6270000000000002,0.0
S00006,IMS-CSCF,edge-B,edge,62,DONE,2.80509,2.80989,4.796013000031962,4.796013000031962,0.159,1.568,3.069013000031962,1.4100130000319622,1.659,0.0
S00009,IoT-GW,edge-A,edge,48,DONE,2.80994,2.81331,3.365023999776895,3.365023999776895,0.209,1.711,1.4450239997768948,0.691023999776895,0.7539999999999998,0.0
S00006,IMS-CSCF,edge-B,edge,63,DONE,2.81247,2.81575,3.284902999894257,3.284902999894257,0.12,1.974,1.190902999894257,0.5329029998942572,0.6579999999999999,0.0
S00002,vRAN-DU,edge-B,edge,52,DONE,2.81332,2.81971,6.393318999926123,6.393318999926123,0.089,4.74,1.5643189999261224,0.6053189999261228,0.9589999999999996,0.0
S00006,IMS-CSCF,edge-B,edge,64,DONE,2.81795,2.8218,3.8497860000461515,3.8497860000461515,0.097,2.532,1.2207860000461515,0.5967860000461513,0.6240000000000001,0.0
S00002,vRAN-DU,edge-B,edge,53,DONE,2.81803,2.8716,53.572334999898885,53.572334999898885,0.046,51.186,2.340334999898886,1.2253349998988838,1.115000000000002,0.0
S00008,Transcoder,core-1,core,26,DONE,2.83317,2.85456,21.39095600023211,21.39095600023211,0.122,6.789,2.479956000232109,1.4829560002321074,0.9970000000000008,12.0
S00004,UPF,edge-B,edge,47,DONE,2.85891,2.87507,16.162545000042883,16.162545000042883,0.108,5.406,10.648545000042883,0.657545000042882,9.991000000000001,0.0
S00001,vRAN-DU,edge-A,edge,48,DONE,2.86235,2.86717,4.82485100019403,4.82485100019403,0.075,3.053,1.6968510001940302,0.7608510001940303,0.9359999999999999,0.0
S00010,IoT-GW,edge-B,edge,48,DONE,2.86891,2.87339,4.485323000153585,4.485323000153585,0.813,1.786,1.8863230001535847,0.6343230001535849,1.2519999999999998,0.0
S00001,vRAN-DU,edge-A,edge,49,DONE,2.87352,2.88039,6.874934999814286,6.874934999814286,0.102,5.344,1.4289349998142855,0.7639349998142864,0.6649999999999991,0.0
S00005,IMS-CSCF,edge-A,edge,41,DONE,2.87733,2.88121,3.8834229999338277,3.8834229999338277,0.4,2.139,1.344422999933828,0.6484229999338278,0.6960000000000002,0.0
S00004,UPF,edge-B,edge,48,DONE,2.87893,2.88465,5.71522099971844,5.71522099971844,0.098,3.247,2.3702209997184402,1.6902209997184396,0.6800000000000006,0.0
S00005,IMS-CSCF,edge-A,edge,42,DONE,2.87905,2.88358,4.5256939997671,4.5256939997671,1.254,2.206,1.0656939997670998,0.5266939997670996,0.5390000000000001,0.0
S00005,IMS-CSCF,edge-A,edge,43,DONE,2.89104,2.89525,4.208371000004263,4.208371000004263,0.088,2.317,1.8033710000042626,0.957371000004263,0.8459999999999996,0.0
S00004,UPF,edge-B,edge,49,DONE,2.89527,2.89949,4.224873000111984,4.224873000111984,0.108,2.482,1.6348730001119836,0.8008730001119839,0.8339999999999996,0.0
S00010,IoT-GW,edge-B,edge,49,DONE,2.91089,2.91512,4.233287999795721,4.233287999795721,0.094,1.799,2.340287999795721,1.4702879997957208,0.8699999999999999,0.0
S00001,vRAN-DU,edge-A,edge,50,DONE,2.91237,2.91746,5.094716999792581,5.094716999792581,0.173,2.967,1.954716999792581,0.5267169997925816,1.4279999999999995,0.0
S00010,IoT-GW,edge-B,edge,50,DONE,2.91288,2.91575,2.8677080003944866,2.8677080003944866,0.63,1.317,0.9207080003944865,0.44170800039448643,0.4790000000000001,0.0
S00001,vRAN-DU,edge-A,edge,51,DONE,2.91967,2.92385,4.17155199966146,4.17155199966146,0.07,2.838,1.2635519996614604,0.6785519996614604,0.585,0.0
S00002,vRAN-DU,edge-B,edge,54,DONE,2.92813,2.93292,4.7911440001371375,4.7911440001371375,0.099,2.959,1.7331440001371372,0.7441440001371378,0.9889999999999994,0.0
S00009,IoT-GW,edge-A,edge,49,DONE,2.93722,2.94007,2.8501790002337657,2.8501790002337657,0.088,1.315,1.4471790002337657,0.7961790002337659,0.6509999999999998,0.0
S00004,UPF,edge-B,edge,50,DONE,2.94633,2.95402,7.691343000260531,7.691343000260531,0.088,6.155,1.4483430002605306,0.8233430002605306,0.625,0.0
S00001,vRAN-DU,edge-A,edge,52,DONE,2.95178,2.95931,7.528810000167141,7.528810000167141,0.067,5.236,2.225810000167141,0.7878100001671413,1.4379999999999997,0.0
S00004,UPF,edge-B,edge,51,DONE,2.95322,2.97201,18.783411999720556,18.783411999720556,0.046,17.59,1.147411999720557,0.6104119997205579,0.536999999999999,0.0
S00007,Transcoder,core-1,core,26,DONE,2.95627,2.97541,19.13673600029142,19.13673600029142,0.104,7.067,1.9657360002914217,1.2037360002914212,0.7619999999999996,10.0
S00009,IoT-GW,edge-A,edge,50,DONE,2.95933,2.96402,4.687850999744114,4.687850999744114,0.081,2.899,1.7078509997441143,0.979850999744114,0.7280000000000002,0.0
S00005,IMS-CSCF,edge-A,edge,44,DONE,2.96534,2.96858,3.2382809999944584,3.2382809999944584,0.082,2.037,1.1192809999944586,0.5902809999944583,0.5290000000000004,0.0
S00002,vRAN-DU,edge-B,edge,55,DONE,2.98672,2.99343,6.705885999963357,6.705885999963357,0.087,4.787,1.8318859999633572,0.8668859999633565,0.9650000000000007,0.0
S00005,IMS-CSCF,edge-A,edge,45,DONE,3.01059,3.0147,4.111955000098533,4.111955000098533,0.1,2.052,1.9599550000985326,1.0609550000985326,0.899,0.0
S00004,UPF,edge-B,edge,52,DONE,3.01471,3.01949,4.7756480003045,4.7756480003045,0.085,3.239,1.4516480003045,0.7396480003045003,0.7119999999999997,0.0
S00010,IoT-GW,edge-B,edge,51,DONE,3.03496,3.03828,3.3186360001309367,3.3186360001309367,0.116,1.401,1.8016360001309366,0.9126360001309366,0.889,0.0
S00003,UPF,edge-A,edge,45,DONE,3.04362,3.04907,5.443241000193666,5.443241000193666,0.102,3.754,1.587241000193666,0.8482410001936662,0.7389999999999999,0.0
S00010,IoT-GW,edge-B,edge,52,DONE,3.05542,3.05855,3.1344069998340274,3.1344069998340274,0.111,1.617,1.4064069998340274,0.6974069998340275,0.7089999999999999,0.0
S00003,UPF,edge-A,edge,46,DONE,3.05693,3.06052,3.584981000130938,3.584981000130938,0.088,2.362,1.1349810001309377,0.5349810001309381,0.5999999999999996,0.0
S00009,IoT-GW,edge-A,edge,51,DONE,3.06378,3.06685,3.071027999794751,3.071027999794751,0.081,1.663,1.327027999794751,0.7650279997947509,0.562,0.0
S00006,IMS-CSCF,edge-B,edge,65,DONE,3.07419,3.07852,4.332855000029667,4.332855000029667,0.149,1.565,2.6188550000296673,0.5618550000296674,2.057,0.0
S00004,UPF,edge-B,edge,53,DONE,3.07662,3.08017,3.549905999989278,3.549905999989278,0.058,2.503,0.988905999989278,0.5519059999892777,0.4370000000000003,0.0
S00009,IoT-GW,edge-A,edge,52,DONE,3.0903,3.09909,8.788176000052772,8.788176000052772,1.802,1.117,5.8691760000527715,5.111176000052772,0.758,0.0
S00007,Transcoder,core-1,core,27,DONE,3.09044,3.11457,24.12671299998692,24.12671299998692,0.083,6.855,7.188712999986919,6.28571299998692,0.9029999999999996,10.0
S00005,IMS-CSCF,edge-A,edge,46,DONE,3.09049,3.09907,8.578988999943249,8.578988999943249,0.269,1.338,6.971988999943249,5.471988999943249,1.5,0.0
S00001,vRAN-DU,edge-A,edge,53,DONE,3.09171,3.09995,8.248524999999063,8.248524999999063,0.152,3.816,4.280524999999063,3.7215249999990627,0.5590000000000002,0.0
S00009,IoT-GW,edge-A,edge,53,DONE,3.09295,3.10077,7.812870000179828,7.812870000179828,3.032,1.596,3.184870000179828,2.5118700001798278,0.673,0.0
S00010,IoT-GW,edge-B,edge,53,DONE,3.09823,3.1069,8.66844400025002,8.66844400025002,0.114,2.143,6.41144400025002,0.6774440002500199,5.734,0.0
S00004,UPF,edge-B,edge,54,DONE,3.1102,3.11459,4.392996999740717,4.392996999740717,0.12,2.724,1.5489969997407167,0.8909969997407172,0.6579999999999995,0.0
S00009,IoT-GW,edge-A,edge,54,DONE,3.11161,3.11458,2.971219999835739,2.971219999835739,0.127,1.099,1.7452199998357392,1.1962199998357392,0.5489999999999999,0.0
S00001,vRAN-DU,edge-A,edge,54,DONE,3.11459,3.11864,4.050837999784562,4.050837999784562,0.057,2.911,1.0828379997845623,0.3378379997845622,0.7450000000000001,0.0
S00001,vRAN-DU,edge-A,edge,55,DONE,3.11821,3.12229,4.076819999681902,4.076819999681902,0.097,2.874,1.105819999681902,0.6568199996819022,0.44899999999999984,0.0
S00009,IoT-GW,edge-A,edge,55,DONE,3.1235,3.12554,2.0438019996618095,2.0438019996618095,0.058,1.046,0.9398019996618094,0.43980199966180944,0.5,0.0
S00010,IoT-GW,edge-B,edge,54,DONE,3.13603,3.13904,3.0158640001900494,3.0158640001900494,0.136,1.513,1.3668640001900494,0.7138640001900494,0.653,0.0
S00007,Transcoder,core-1,core,28,DONE,3.13624,3.15773,21.49100599990561,21.49100599990561,0.083,9.532,1.87600599990561,1.1480059999056103,0.7279999999999998,10.0
S00006,IMS-CSCF,edge-B,edge,66,DONE,3.14129,3.14678,5.490608999934921,5.490608999934921,0.155,2.868,2.467608999934921,1.212608999934921,1.255,0.0
S00001,vRAN-DU,edge-A,edge,56,DONE,3.14266,3.15067,8.014790000288485,8.014790000288485,0.126,6.159,1.7297900002884852,1.069790000288485,0.6600000000000001,0.0
S00008,Transcoder,core-1,core,27,DONE,3.14945,3.17761,28.160580000076152,28.160580000076152,0.138,13.417,2.605580000076152,2.038580000076152,0.5670000000000002,12.0
S00004,UPF,edge-B,edge,55,DONE,3.15068,3.15374,3.0613349999839556,3.0613349999839556,0.065,2.102,0.8943349999839558,0.4463349999839554,0.4480000000000004,0.0
S00006,IMS-CSCF,edge-B,edge,67,DONE,3.15894,3.16449,5.547709999973449,5.547709999973449,0.078,4.31,1.1597099999734493,0.5577099999734489,0.6020000000000003,0.0
S00002,vRAN-DU,edge-B,edge,56,DONE,3.16229,3.16654,4.252926999924966,4.252926999924966,0.081,3.147,1.0249269999249666,0.4159269999249662,0.6090000000000004,0.0
S00001,vRAN-DU,edge-A,edge,57,DONE,3.1626,3.16951,6.901604999711708,6.901604999711708,0.14,2.736,4.025604999711708,1.2066049997117076,2.819,0.0
S00006,IMS-CSCF,edge-B,edge,68,DONE,3.16887,3.17118,2.3152409999056545,2.3152409999056545,0.068,1.373,0.8742409999056544,0.4982409999056545,0.3759999999999999,0.0
S00003,UPF,edge-A,edge,47,DONE,3.17119,3.17428,3.0839109999760694,3.0839109999760694,0.069,2.035,0.9799109999760693,0.48991099997606957,0.48999999999999977,0.0
S00001,vRAN-DU,edge-A,edge,58,DONE,3.17762,3.18318,5.563989999700425,5.563989999700425,0.075,4.255,1.2339899997004249,0.5459899997004252,0.6879999999999997,0.0
S00005,IMS-CSCF,edge-A,edge,47,DONE,3.183,3.18531,2.311821000148484,2.311821000148484,0.057,1.437,0.817821000148484,0.37882100014848397,0.43900000000000006,0.0
S00002,vRAN-DU,edge-B,edge,57,DONE,3.19957,3.20424,4.6674410000377975,4.6674410000377975,0.092,3.092,1.4834410000377973,0.7544410000377977,0.7289999999999996,0.0
S00001,vRAN-DU,edge-A,edge,59,DONE,3.20425,3.20934,5.087058999833971,5.087058999833971,0.089,3.726,1.272058999833971,0.547058999833971,0.7250000000000001,0.0
S00010,IoT-GW,edge-B,edge,55,DONE,3.20659,3.20844,1.8457319997651211,1.8457319997651211,0.071,0.983,0.7917319997651211,0.4377319997651212,0.35399999999999987,0.0
S00009,IoT-GW,edge-A,edge,56,DONE,3.21766,3.22092,3.2670069999767293,3.2670069999767293,0.143,1.799,1.3250069999767293,0.6570069999767294,0.6679999999999999,0.0
S00003,UPF,edge-A,edge,48,DONE,3.22414,3.22766,3.5141790003763163,3.5141790003763163,0.069,2.374,1.0711790003763162,0.5421790003763163,0.5289999999999999,0.0
S00003,UPF,edge-A,edge,49,DONE,3.22889,3.23197,3.0830040000182635,3.0830040000182635,0.065,2.061,0.9570040000182636,0.5070040000182634,0.4500000000000002,0.0
S00005,IMS-CSCF,edge-A,edge,48,DONE,3.23622,3.23879,2.5680019998617354,2.5680019998617354,0.08,1.401,1.0870019998617353,0.5470019998617355,0.5399999999999998,0.0
S00005,IMS-CSCF,edge-A,edge,49,DONE,3.24116,3.24638,5.219741000018985,5.219741000018985,0.132,1.461,3.626741000018985,3.076741000018985,0.5499999999999998,0.0
S00001,vRAN-DU,edge-A,edge,60,DONE,3.24256,3.24699,4.434873000263906,4.434873000263906,0.155,3.053,1.226873000263906,0.590873000263906,0.6360000000000001,0.0
S00010,IoT-GW,edge-B,edge,56,DONE,3.24639,3.24931,2.9180970000197703,2.9180970000197703,0.088,1.654,1.1760970000197704,0.4840970000197702,0.6920000000000002,0.0
S00002,vRAN-DU,edge-B,edge,58,DONE,3.24819,3.25237,4.177112999968813,4.177112999968813,0.051,2.636,1.4901129999688125,0.373112999968813,1.1169999999999995,0.0
S00010,IoT-GW,edge-B,edge,57,DONE,3.25155,3.25362,2.0771169997715333,2.0771169997715333,0.059,1.17,0.8481169997715334,0.3411169997715333,0.5070000000000001,0.0
S00002,vRAN-DU,edge-B,edge,59,DONE,3.25687,3.26258,5.708718000278168,5.708718000278168,0.114,4.573,1.0217180002781676,0.5117180002781678,0.5099999999999998,0.0
S00010,IoT-GW,edge-B,edge,58,DONE,3.25698,3.26251,5.522064999695431,5.522064999695431,0.141,1.12,4.261064999695431,0.7030649996954308,3.558,0.0
S00009,IoT-GW,edge-A,edge,57,DONE,3.26392,3.26704,3.11711699987427,3.11711699987427,0.158,1.375,1.58411699987427,0.7451169998742699,0.839,0.0
S00004,UPF,edge-B,edge,56,DONE,3.27233,3.27673,4.398736999974062,4.398736999974062,0.117,2.787,1.4947369999740623,0.7527369999740623,0.742,0.0
S00001,vRAN-DU,edge-A,edge,61,DONE,3.28102,3.28602,5.003297999792267,5.003297999792267,0.144,3.314,1.5452979997922665,0.7482979997922667,0.7969999999999997,0.0
S00009,IoT-GW,edge-A,edge,58,DONE,3.28844,3.29194,3.5042360000261397,3.5042360000261397,0.23,1.805,1.4692360000261395,0.7702360000261397,0.6989999999999998,0.0
S00003,UPF,edge-A,edge,50,DONE,3.30333,3.30767,4.344522999872424,4.344522999872424,0.117,2.736,1.4915229998724242,0.7685229998724243,0.7229999999999999,0.0
S00004,UPF,edge-B,edge,57,DONE,3.31426,3.31855,4.293291000067256,4.293291000067256,0.224,2.415,1.6542910000672562,0.8632910000672562,0.7909999999999999,0.0
S00002,vRAN-DU,edge-B,edge,60,DONE,3.31465,3.31899,4.340527999829646,4.340527999829646,0.052,2.919,1.3695279998296463,0.7135279998296467,0.6559999999999997,0.0
S00004,UPF,edge-B,edge,58,DONE,3.32945,3.33458,5.1251059999231074,5.1251059999231074,0.118,3.265,1.7421059999231074,0.8341059999231071,0.9080000000000004,0.0
S00003,UPF,edge-A,edge,51,DONE,3.3297,3.33456,4.863157000272622,4.863157000272622,0.124,3.078,1.6611570002726221,0.8481570002726224,0.8129999999999997,0.0
S00004,UPF,edge-B,edge,59,DONE,3.35899,3.36425,5.257777000224451,5.257777000224451,0.094,3.422,1.7417770002244506,0.8097770002244502,0.9320000000000004,0.0
S00007,Transcoder,core-1,core,29,DONE,3.36139,3.38049,19.094392000170046,19.094392000170046,0.107,7.042,1.9453920001700453,1.1993920001700467,0.7459999999999996,10.0
S00004,UPF,edge-B,edge,60,DONE,3.37857,3.38324,4.674943999816605,4.674943999816605,0.115,3.277,1.282943999816605,0.5969439998166051,0.6859999999999999,0.0
S00007,Transcoder,core-1,core,30,DONE,3.37874,3.40157,22.828349000064918,22.828349000064918,0.086,10.648,2.094349000064918,1.4473490000649178,0.6470000000000002,10.0
S00003,UPF,edge-A,edge,52,DONE,3.38552,3.3891,3.5740570001507876,3.5740570001507876,0.117,2.425,1.0320570001507878,0.5000570001507878,0.532,0.0
S00004,UPF,edge-B,edge,61,DONE,3.38798,3.39191,3.9236239999809186,3.9236239999809186,0.08,2.035,1.8086239999809184,0.48562399998091843,1.323,0.0
S00007,Transcoder,core-1,core,31,DONE,3.40283,3.42118,18.35642200012444,18.35642200012444,0.08,6.863,1.413422000124438,0.8704220001244387,0.5429999999999993,10.0
S00010,IoT-GW,edge-B,edge,59,DONE,3.40523,3.4082,2.968610000152694,2.968610000152694,0.108,1.341,1.5196100001526938,0.6256100001526939,0.8939999999999999,0.0
S00002,vRAN-DU,edge-B,edge,61,DONE,3.40755,3.41427,6.7198429997006315,6.7198429997006315,0.058,2.914,3.7478429997006315,3.4348429997006313,0.31300000000000017,0.0
S00010,IoT-GW,edge-B,edge,60,DONE,3.42052,3.42317,2.6467349998711143,2.6467349998711143,0.076,1.422,1.1487349998711143,0.6317349998711141,0.5170000000000001,0.0
S00007,Transcoder,core-1,core,32,DONE,3.42537,3.484,58.62584899978174,58.62584899978174,0.11,15.499,33.016848999781736,31.425848999781735,1.5909999999999993,10.0
S00002,vRAN-DU,edge-B,edge,62,DONE,3.45472,3.46917,14.455211000040435,14.455211000040435,0.147,11.718,2.5902110000404353,1.2212110000404355,1.3689999999999998,0.0
S00010,IoT-GW,edge-B,edge,61,DONE,3.45496,3.48061,25.642992000030063,25.642992000030063,18.458,2.583,4.601992000030066,3.8079920000300618,0.794000000000004,0.0
S00010,IoT-GW,edge-B,edge,62,DONE,3.45502,3.48569,30.666596999708418,30.666596999708418,24.474,4.319,1.8735969997084183,1.0915969997084183,0.782,0.0
S00010,IoT-GW,edge-B,edge,63,DONE,3.45506,3.4897,34.63352600010694,34.63352600010694,28.914,3.569,2.150526000106936,1.0885260001069383,1.0619999999999976,0.0
S00004,UPF,edge-B,edge,62,DONE,3.4551,3.47402,18.922869000107312,18.922869000107312,11.934,5.034,1.954869000107312,1.1988690001073117,0.7560000000000002,0.0
S00002,vRAN-DU,edge-B,edge,63,DONE,3.45513,3.46915,14.023289999840927,14.023289999840927,0.177,11.234,2.612289999840927,1.2062899998409264,1.4060000000000006,0.0
S00004,UPF,edge-B,edge,63,DONE,3.45517,3.48167,26.501815000301576,26.501815000301576,17.787,6.832,1.8828150003015764,1.181815000301576,0.7010000000000005,0.0
S00004,UPF,edge-B,edge,64,DONE,3.4552,3.48526,30.06547999984832,30.06547999984832,25.005,3.33,1.7304799998483205,1.1114799998483207,0.6189999999999998,0.0
S00010,IoT-GW,edge-B,edge,64,DONE,3.46353,3.49035,26.82272699985333,26.82272699985333,24.955,0.724,1.1437269998533317,0.5737269998533314,0.5700000000000003,0.0
S00002,vRAN-DU,edge-B,edge,64,DONE,3.46493,3.47487,9.937257999808935,9.937257999808935,2.772,6.303,0.8622579998089357,0.41825799980893485,0.44400000000000084,0.0
S00006,IMS-CSCF,edge-B,edge,69,DONE,3.48401,3.48707,3.062541999952373,3.062541999952373,0.815,1.291,0.956541999952373,0.662541999952373,0.29400000000000004,0.0
S00002,vRAN-DU,edge-B,edge,65,DONE,3.48929,3.4932,3.9072810000106983,3.9072810000106983,0.097,2.595,1.2152810000106982,0.8402810000106982,0.375,0.0
S00008,Transcoder,core-1,core,28,DONE,3.48971,3.51713,27.418895999744564,27.418895999744564,0.083,11.72,3.6158959997445628,2.759895999744563,0.8559999999999999,12.0
S00007,Transcoder,core-1,core,33,DONE,3.49639,3.51546,19.071200999860594,19.071200999860594,0.109,6.714,2.248200999860593,1.1902009998605934,1.0579999999999998,10.0
S00010,IoT-GW,edge-B,edge,65,DONE,3.50787,3.51082,2.9564260003098752,2.9564260003098752,0.111,1.625,1.2204260003098752,0.6464260003098752,0.5740000000000001,0.0
S00001,vRAN-DU,edge-A,edge,62,DONE,3.52938,3.53397,4.597028000262071,4.597028000262071,0.139,3.557,0.9010280002620714,0.4060280002620713,0.4950000000000001,0.0
S00009,IoT-GW,edge-A,edge,59,DONE,3.5372,3.53975,2.5499620001028234,2.5499620001028234,0.123,1.436,0.9909620001028234,0.5519620001028234,0.43900000000000006,0.0
S00002,vRAN-DU,edge-B,edge,66,DONE,3.56306,3.57052,7.461700000021665,7.461700000021665,0.142,5.726,1.5937000000216646,0.8227000000216647,0.7709999999999999,0.0
S00001,vRAN-DU,edge-A,edge,63,DONE,3.57053,3.57465,4.120240000247577,4.120240000247577,0.085,2.878,1.157240000247577,0.5812400002475768,0.5760000000000001,0.0
S00001,vRAN-DU,edge-A,edge,64,DONE,3.58297,3.58716,4.1968410000663425,4.1968410000663425,0.086,2.853,1.2578410000663425,0.6188410000663427,0.6389999999999998,0.0
S00002,vRAN-DU,edge-B,edge,67,DONE,3.59243,3.59637,3.939987000194378,3.939987000194378,0.087,2.812,1.0409870001943782,0.513987000194378,0.5270000000000001,0.0
S00010,IoT-GW,edge-B,edge,66,DONE,3.59375,3.59556,1.8096260000675102,1.8096260000675102,0.06,0.843,0.9066260000675102,0.40262600006751015,0.504,0.0
S00004,UPF,edge-B,edge,65,DONE,3.60159,3.60468,3.089128999818058,3.089128999818058,0.072,2.015,1.002128999818058,0.4771289998180581,0.5249999999999999,0.0
S00003,UPF,edge-A,edge,53,DONE,3.60692,3.61063,3.709350999997696,3.709350999997696,0.087,2.213,1.4093509999976956,0.6783509999976958,0.7309999999999999,0.0
S00010,IoT-GW,edge-B,edge,67,DONE,3.61023,3.61285,2.621054999963235,2.621054999963235,0.077,1.06,1.4840549999632349,0.5380549999632347,0.9460000000000002,0.0
S00007,Transcoder,core-1,core,34,DONE,3.62016,3.63947,19.310821000090073,19.310821000090073,0.118,6.905,2.287821000090073,1.449821000090072,0.8379999999999992,10.0
S00005,IMS-CSCF,edge-A,edge,50,DONE,3.62033,3.62494,4.609543000242411,4.609543000242411,0.124,2.597,1.8885430002424108,1.1435430002424107,0.7450000000000001,0.0
S00005,IMS-CSCF,edge-A,edge,51,DONE,3.62038,3.62622,5.8441820001462474,5.8441820001462474,2.833,1.318,1.6931820001462476,1.0961820001462472,0.5970000000000004,0.0
S00009,IoT-GW,edge-A,edge,60,DONE,3.62046,3.6249,4.443997999715066,4.443997999715066,0.172,1.607,2.664997999715066,1.4919979997150659,1.173,0.0
S00006,IMS-CSCF,edge-B,edge,70,DONE,3.63654,3.64083,4.288420000193582,4.288420000193582,0.153,2.583,1.5524200001935822,0.8404200001935824,0.7119999999999997,0.0
S00004,UPF,edge-B,edge,66,DONE,3.63671,3.64353,6.816072999754397,6.816072999754397,0.323,4.746,1.747072999754396,0.955072999754397,0.7919999999999989,0.0
S00008,Transcoder,core-1,core,29,DONE,3.63825,3.66451,26.257839999743737,26.257839999743737,0.115,11.25,2.892839999743737,1.961839999743738,0.9309999999999992,12.0
S00005,IMS-CSCF,edge-A,edge,52,DONE,3.64787,3.65719,9.31700599994656,9.31700599994656,0.123,4.765,4.429005999946559,3.5670059999465593,0.8620000000000001,0.0
S00006,IMS-CSCF,edge-B,edge,71,DONE,3.65031,3.65721,6.902272999923298,6.902272999923298,0.101,3.405,3.396272999923298,2.713272999923298,0.6830000000000003,0.0
S00004,UPF,edge-B,edge,67,DONE,3.65722,3.66232,5.104668000058155,5.104668000058155,0.09,3.384,1.6306680000581548,0.9346680000581546,0.6960000000000002,0.0
S00003,UPF,edge-A,edge,54,DONE,3.66236,3.66746,5.1017260002481635,5.1017260002481635,0.11,3.531,1.4607260002481635,0.6827260002481639,0.7779999999999996,0.0
S00002,vRAN-DU,edge-B,edge,68,DONE,3.66459,3.67093,6.343176999962452,6.343176999962452,0.098,4.783,1.4621769999624519,0.6811769999624522,0.7809999999999997,0.0
S00010,IoT-GW,edge-B,edge,68,DONE,3.67934,3.683,3.662960999918141,3.662960999918141,0.145,1.827,1.6909609999181412,0.9029609999181414,0.7879999999999998,0.0
S00001,vRAN-DU,edge-A,edge,65,DONE,3.68528,3.69125,5.973234000066441,5.973234000066441,0.109,4.125,1.7392340000664408,0.7702340000664405,0.9690000000000003,0.0
S00010,IoT-GW,edge-B,edge,69,DONE,3.68867,3.69188,3.210895999927743,3.210895999927743,0.093,2.054,1.0638959999277433,0.6008959999277432,0.4630000000000001,0.0
S00004,UPF,edge-B,edge,68,DONE,3.69127,3.69552,4.256557999724464,4.256557999724464,0.049,3.286,0.9215579997244641,0.37955799972446425,0.5419999999999998,0.0
S00009,IoT-GW,edge-A,edge,61,DONE,3.69425,3.69787,3.6145660001238866,3.6145660001238866,0.086,1.807,1.7215660001238866,0.6085660001238868,1.1129999999999998,0.0
S00010,IoT-GW,edge-B,edge,70,DONE,3.70222,3.70525,3.020791999915673,3.020791999915673,0.104,1.558,1.3587919999156728,0.6187919999156728,0.74,0.0
S00004,UPF,edge-B,edge,69,DONE,3.70648,3.71073,4.2499510000197915,4.2499510000197915,0.07,3.169,1.0109510000197917,0.4759510000197915,0.5350000000000001,0.0
S00003,UPF,edge-A,edge,55,DONE,3.70788,3.7119,4.021400999590696,4.021400999590696,0.099,2.801,1.121400999590696,0.5224009995906962,0.5989999999999998,0.0
S00005,IMS-CSCF,edge-A,edge,53,DONE,3.71054,3.7145,3.960709999773826,3.960709999773826,0.108,2.116,1.7367099997738258,1.1077099997738258,0.629,0.0
S00004,UPF,edge-B,edge,70,DONE,3.71981,3.72307,3.2674799999767856,3.2674799999767856,0.078,2.1,1.0894799999767857,0.5444799999767858,0.5449999999999999,0.0
S00003,UPF,edge-A,edge,56,DONE,3.71996,3.72416,4.200988999855326,4.200988999855326,0.083,3.092,1.025988999855326,0.6449889998553262,0.3809999999999998,0.0
S00001,vRAN-DU,edge-A,edge,66,DONE,3.72222,3.72641,4.1872490000969265,4.1872490000969265,0.089,2.784,1.3142490000969267,0.8322490000969265,0.4820000000000002,0.0
S00002,vRAN-DU,edge-B,edge,69,DONE,3.74183,3.74685,5.023508999784099,5.023508999784099,0.09,3.228,1.7055089997840986,0.782508999784099,0.9229999999999996,0.0
S00006,IMS-CSCF,edge-B,edge,72,DONE,3.74628,3.74866,2.3796609998498752,2.3796609998498752,0.06,1.335,0.9846609998498752,0.5916609998498752,0.393,0.0
S00006,IMS-CSCF,edge-B,edge,73,DONE,3.7499,3.7712,21.303394999904413,21.303394999904413,0.086,1.484,19.733394999904412,0.4713949999044118,19.262,0.0
S00003,UPF,edge-A,edge,57,DONE,3.75117,3.75436,3.188498999861622,3.188498999861622,0.134,1.999,1.055498999861622,0.438498999861622,0.617,0.0
S00005,IMS-CSCF,edge-A,edge,54,DONE,3.75344,3.75607,2.629379999689263,2.629379999689263,0.058,1.227,1.344379999689263,0.4153799996892631,0.9289999999999998,0.0
S00008,Transcoder,core-1,core,30,DONE,3.78556,3.80824,22.67587899996215,22.67587899996215,0.095,7.316,3.2648789999621517,2.022878999962151,1.2420000000000009,12.0
S00009,IoT-GW,edge-A,edge,62,DONE,3.787,3.7908,3.8019890002942702,3.8019890002942702,0.091,2.28,1.4309890002942702,0.6099890002942701,0.8210000000000002,0.0
S00004,UPF,edge-B,edge,71,DONE,3.7891,3.79257,3.4676570003284723,3.4676570003284723,0.093,2.227,1.1476570003284725,0.5836570003284725,0.5640000000000001,0.0
S00006,IMS-CSCF,edge-B,edge,74,DONE,3.79258,3.79469,2.109072000166634,2.109072000166634,0.054,1.227,0.828072000166634,0.4530720001666342,0.3749999999999998,0.0
S00008,Transcoder,core-1,core,31,DONE,3.7947,3.8157,20.997307000016008,20.997307000016008,0.067,6.832,2.098307000016007,1.6183070000160082,0.47999999999999954,12.0
S00010,IoT-GW,edge-B,edge,71,DONE,3.79712,3.79883,1.704446000076132,1.704446000076132,0.051,0.875,0.7784460000761318,0.40944600007613197,0.3689999999999999,0.0
S00010,IoT-GW,edge-B,edge,72,DONE,3.79884,3.8005,1.6620629999124503,1.6620629999124503,0.055,0.911,0.6960629999124502,0.30306299991245034,0.3929999999999999,0.0
S00006,IMS-CSCF,edge-B,edge,75,DONE,3.80471,3.80675,2.044081999883929,2.044081999883929,0.061,1.213,0.7700819998839288,0.4430819998839288,0.32699999999999996,0.0
S00005,IMS-CSCF,edge-A,edge,55,DONE,3.80679,3.81057,3.7769279997519334,3.7769279997519334,0.086,2.743,0.9479279997519336,0.4169279997519335,0.5310000000000001,0.0
S00003,UPF,edge-A,edge,58,DONE,3.80825,3.81138,3.125741000076232,3.125741000076232,0.062,2.264,0.7997410000762324,0.4007410000762319,0.39900000000000047,0.0
S00007,Transcoder,core-1,core,35,DONE,3.81993,3.84015,20.22098299994468,20.22098299994468,0.136,8.14,1.9449829999446813,1.297982999944681,0.6470000000000002,10.0
S00001,vRAN-DU,edge-A,edge,67,DONE,3.82321,3.82771,4.493043000366015,4.493043000366015,0.107,3.037,1.3490430003660148,0.472043000366015,0.8769999999999998,0.0
S00001,vRAN-DU,edge-A,edge,68,DONE,3.82553,3.83236,6.838630999936868,6.838630999936868,0.06,4.371,2.4076309999368677,0.477630999936868,1.9299999999999997,0.0
S00006,IMS-CSCF,edge-B,edge,76,DONE,3.82772,3.8319,4.180090999852837,4.180090999852837,0.084,1.403,2.6930909998528367,1.889090999852837,0.8039999999999998,0.0
S00004,UPF,edge-B,edge,72,DONE,3.84637,3.85032,3.9509119997092057,3.9509119997092057,0.095,2.06,1.7959119997092055,1.1609119997092057,0.6349999999999998,0.0
S00001,vRAN-DU,edge-A,edge,69,DONE,3.84779,3.85225,4.457287999684922,4.457287999684922,0.087,3.122,1.2482879996849223,0.6932879996849226,0.5549999999999997,0.0
S00002,vRAN-DU,edge-B,edge,70,DONE,3.85034,3.85417,3.8359949999176024,3.8359949999176024,0.105,2.622,1.1089949999176025,0.6139949999176024,0.4950000000000001,0.0
S00003,UPF,edge-A,edge,59,DONE,3.8564,3.86012,3.718985999967117,3.718985999967117,0.105,2.277,1.336985999967117,0.5979859999671171,0.7389999999999999,0.0
S00002,vRAN-DU,edge-B,edge,71,DONE,3.87047,3.87524,4.773005000060948,4.773005000060948,0.087,3.17,1.516005000060948,0.7600050000609482,0.7559999999999998,0.0
S00001,vRAN-DU,edge-A,edge,70,DONE,3.87066,3.87711,6.4530469999226625,6.4530469999226625,0.085,5.064,1.3040469999226625,0.6220469999226621,0.6820000000000004,0.0
S00002,vRAN-DU,edge-B,edge,72,DONE,3.87525,3.87983,4.580194000027404,4.580194000027404,0.065,3.426,1.0891940000274043,0.5111940000274044,0.5779999999999998,0.0
S00001,vRAN-DU,edge-A,edge,71,DONE,3.89121,3.89701,5.799992999982351,5.799992999982351,0.088,4.351,1.3609929999823507,0.7409929999823506,0.6200000000000001,0.0
S00003,UPF,edge-A,edge,60,DONE,3.89267,3.89646,3.7879910000810924,3.7879910000810924,0.103,2.643,1.0419910000810924,0.4529910000810924,0.589,0.0
S00008,Transcoder,core-1,core,32,DONE,3.90028,3.92094,20.66865799997686,20.66865799997686,0.128,6.237,2.303657999976858,1.4196579999768595,0.8839999999999995,12.0
S00004,UPF,edge-B,edge,73,DONE,3.91466,3.91865,3.9882269998088304,3.9882269998088304,0.087,2.668,1.23322699980883,0.5782269998088303,0.6549999999999998,0.0
S00004,UPF,edge-B,edge,74,DONE,3.92325,3.92714,3.888317000019015,3.888317000019015,0.08,2.365,1.4433170000190145,0.7923170000190147,0.6509999999999998,0.0
S00009,IoT-GW,edge-A,edge,63,DONE,3.94368,3.94725,3.5712929998226173,3.5712929998226173,0.14,1.43,2.0012929998226174,0.9402929998226175,1.061,0.0
S00005,IMS-CSCF,edge-A,edge,56,DONE,3.944,3.94839,4.392710000047373,4.392710000047373,0.147,1.916,2.329710000047373,0.8727100000473729,1.4570000000000003,0.0
S00010,IoT-GW,edge-B,edge,73,DONE,3.94982,3.95909,9.26966299994092,9.26966299994092,0.09,7.539,1.6406629999409201,0.9236629999409196,0.7170000000000005,0.0
S00009,IoT-GW,edge-A,edge,64,DONE,3.95116,3.95416,2.999596999870846,2.999596999870846,0.06,1.725,1.214596999870846,0.42059699987084587,0.794,0.0
S00002,vRAN-DU,edge-B,edge,73,DONE,3.95152,3.95918,7.655075000002398,7.655075000002398,2.683,3.674,1.2980750000023988,0.4450750000023982,0.8530000000000006,0.0
S00004,UPF,edge-B,edge,75,DONE,3.9667,3.97194,5.248327999652247,5.248327999652247,0.09,3.948,1.2103279996522467,0.6053279996522472,0.6049999999999995,0.0
S00004,UPF,edge-B,edge,76,DONE,3.96802,3.97416,6.136655000318569,6.136655000318569,2.904,1.993,1.2396550003185691,0.7616550003185694,0.47799999999999976,0.0
S00010,IoT-GW,edge-B,edge,74,DONE,3.9681,3.97063,2.5247439998565824,2.5247439998565824,0.061,1.049,1.4147439998565825,0.9777439998565824,0.43700000000000006,0.0
S00007,Transcoder,core-1,core,36,DONE,3.97195,3.99022,18.26783099977547,18.26783099977547,0.086,6.367,1.8148309997754701,1.0808309997754684,0.734,10.0
S00010,IoT-GW,edge-B,edge,75,DONE,3.98449,3.98714,2.653356999871903,2.653356999871903,0.087,1.317,1.2493569998719032,0.646356999871903,0.6030000000000002,0.0
S00009,IoT-GW,edge-A,edge,65,DONE,3.99244,3.99524,2.80199199960407,2.80199199960407,0.09,1.345,1.3669919996040698,0.7189919996040697,0.6480000000000001,0.0
S00006,IMS-CSCF,edge-B,edge,77,DONE,4.00514,4.00862,3.478512999663508,3.478512999663508,0.095,1.846,1.5375129996635077,0.7155129996635079,0.8219999999999998,0.0
S00007,Transcoder,core-1,core,37,DONE,4.00764,4.02887,21.23010000013892,21.23010000013892,0.086,8.62,2.524100000138919,1.2221000001389193,1.3019999999999996,10.0
S00004,UPF,edge-B,edge,77,DONE,4.01187,4.01643,4.551142000309483,4.551142000309483,0.084,2.631,1.8361420003094828,1.2371420003094826,0.5990000000000002,0.0
S00009,IoT-GW,edge-A,edge,66,DONE,4.02273,4.02557,2.840358999947057,2.840358999947057,0.086,1.385,1.3693589999470568,0.8733589999470568,0.496,0.0
S00006,IMS-CSCF,edge-B,edge,78,DONE,4.02295,4.02696,4.0177169998969475,4.0177169998969475,0.122,2.678,1.2177169998969477,0.6097169998969476,0.6080000000000001,0.0
S00006,IMS-CSCF,edge-B,edge,79,DONE,4.03117,4.03426,3.0934800001887197,3.0934800001887197,0.086,1.599,1.4084800001887197,0.7174800001887198,0.6909999999999998,0.0
S00002,vRAN-DU,edge-B,edge,74,DONE,4.03427,4.03849,4.21569099989938,4.21569099989938,0.079,2.975,1.1616909998993794,0.5256909998993797,0.6359999999999997,0.0
S00009,IoT-GW,edge-A,edge,67,DONE,4.03558,4.0376,2.0241020001776633,2.0241020001776633,0.084,1.025,0.9151020001776633,0.48510200017766336,0.42999999999999994,0.0
S00007,Transcoder,core-1,core,38,DONE,4.04489,4.06446,19.572399000026053,19.572399000026053,0.088,6.244,3.240399000026052,2.362399000026052,0.8780000000000001,10.0
S00003,UPF,edge-A,edge,61,DONE,4.04726,4.05127,4.009670999948867,4.009670999948867,0.093,2.308,1.6086709999488669,0.5206709999488668,1.088,0.0
S00007,Transcoder,core-1,core,39,DONE,4.05252,4.07087,18.342721999943024,18.342721999943024,0.069,5.9,2.3737219999430224,1.8707219999430222,0.5030000000000001,10.0
S00009,IoT-GW,edge-A,edge,68,DONE,4.06292,4.0665,3.577159000087704,3.577159000087704,0.084,1.24,2.253159000087704,1.587159000087704,0.6659999999999999,0.0
S00004,UPF,edge-B,edge,78,DONE,4.07211,4.07594,3.828133999832062,3.828133999832062,0.095,2.335,1.3981339998320617,0.6551339998320618,0.7429999999999999,0.0
S00010,IoT-GW,edge-B,edge,76,DONE,4.09031,4.09386,3.5461289999147994,3.5461289999147994,0.092,1.031,2.423128999914799,1.8221289999147994,0.601,0.0
S00001,vRAN-DU,edge-A,edge,72,DONE,4.09048,4.09457,4.088328999841906,4.088328999841906,0.095,2.77,1.2233289998419057,0.5643289998419059,0.6589999999999998,0.0
S00002,vRAN-DU,edge-B,edge,75,DONE,4.09387,4.09888,5.010836999645107,5.010836999645107,0.082,3.354,1.5748369996451075,0.7978369996451073,0.7770000000000001,0.0
S00003,UPF,edge-A,edge,62,DONE,4.09402,4.09817,4.144869999890943,4.144869999890943,0.09,2.583,1.4718699998909432,0.6458699998909432,0.8260000000000001,0.0
S00005,IMS-CSCF,edge-A,edge,57,DONE,4.09458,4.09963,5.049557999882381,5.049557999882381,0.048,1.531,3.4705579998823817,0.6345579998823814,2.8360000000000003,0.0
S00003,UPF,edge-A,edge,63,DONE,4.09964,4.1031,3.4600269996190036,3.4600269996190036,0.06,2.323,1.0770269996190036,0.3990269996190037,0.6779999999999999,0.0
S00001,vRAN-DU,edge-A,edge,73,DONE,4.1073,4.11125,3.9476390002164408,3.9476390002164408,0.061,2.762,1.1246390002164408,0.5476390002164409,0.577,0.0
S00003,UPF,edge-A,edge,64,DONE,4.11853,4.12196,3.4370190001027368,3.4370190001027368,0.081,2.124,1.2320190001027367,0.6470190001027367,0.585,0.0
S00001,vRAN-DU,edge-A,edge,74,DONE,4.12933,4.13967,10.34625700003744,10.34625700003744,0.088,8.748,1.5102570000374413,0.7582570000374407,0.7520000000000007,0.0
S00004,UPF,edge-B,edge,79,DONE,4.13171,4.136,4.291678000299726,4.291678000299726,0.083,2.352,1.8566780002997256,1.1336780002997258,0.7229999999999999,0.0
S00008,Transcoder,core-1,core,33,DONE,4.13601,4.15911,23.10379400023521,23.10379400023521,0.356,7.867,2.880794000235211,2.200794000235211,0.6799999999999997,12.0
S00001,vRAN-DU,edge-A,edge,75,DONE,4.13727,4.14668,9.410164000200893,9.410164000200893,0.119,5.21,4.081164000200894,2.9131640002008936,1.1680000000000001,0.0
S00006,IMS-CSCF,edge-B,edge,80,DONE,4.14287,4.14832,5.445130999760295,5.445130999760295,0.077,3.959,1.4091309997602943,0.6491309997602945,0.7599999999999998,0.0
S00002,vRAN-DU,edge-B,edge,76,DONE,4.15461,4.15918,4.577542999868456,4.577542999868456,0.098,2.616,1.8635429998684558,0.5635429998684556,1.3000000000000003,0.0
S00005,IMS-CSCF,edge-A,edge,58,DONE,4.15476,4.15867,3.9015429997562023,3.9015429997562023,0.189,2.037,1.6755429997562024,0.4955429997562022,1.1800000000000002,0.0
S00007,Transcoder,core-1,core,40,DONE,4.17148,4.19006,18.57922299996062,18.57922299996062,0.175,6.053,2.351222999960621,1.5582229999606199,0.7930000000000001,10.0
S00009,IoT-GW,edge-A,edge,69,DONE,4.17793,4.18031,2.372723999997106,2.372723999997106,0.092,1.072,1.208723999997106,0.6327239999971062,0.5759999999999998,0.0
S00006,IMS-CSCF,edge-B,edge,81,DONE,4.18152,4.18569,4.167421000147442,4.167421000147442,0.088,2.701,1.378421000147442,0.712421000147442,0.6659999999999999,0.0
S00009,IoT-GW,edge-A,edge,70,DONE,4.18799,4.19098,2.9909609997957887,2.9909609997957887,0.105,1.428,1.4579609997957887,0.7469609997957884,0.7110000000000003,0.0
S00008,Transcoder,core-1,core,34,DONE,4.18941,4.2162,26.79168899976503,26.79168899976503,0.104,9.393,5.294688999765029,2.3736889997650295,2.9209999999999994,12.0
S00001,vRAN-DU,edge-A,edge,76,DONE,4.19698,4.21018,13.199505000102363,13.199505000102363,0.539,11.026,1.6345050001023633,0.6595050001023637,0.9749999999999996,0.0
S00003,UPF,edge-A,edge,65,DONE,4.19848,4.20996,11.484796999866376,11.484796999866376,0.063,9.978,1.4437969998663753,0.5767969998663762,0.8669999999999991,0.0
S00002,vRAN-DU,edge-B,edge,77,DONE,4.20082,4.2082,7.384933000139426,7.384933000139426,0.088,3.25,4.046933000139426,3.1429330001394264,0.9039999999999999,0.0
S00009,IoT-GW,edge-A,edge,71,DONE,4.21631,4.21954,3.224721999686153,3.224721999686153,0.093,1.388,1.7437219996861533,0.9547219996861531,0.7890000000000001,0.0
S00009,IoT-GW,edge-A,edge,72,DONE,4.2208,4.23173,10.921979999693576,10.921979999693576,0.081,9.801,1.0399799996935766,0.5019799996935763,0.5380000000000003,0.0
S00006,IMS-CSCF,edge-B,edge,82,DONE,4.22923,4.23255,3.3164910000778036,3.3164910000778036,0.178,1.537,1.6014910000778038,0.8334910000778035,0.7680000000000002,0.0
S00001,vRAN-DU,edge-A,edge,77,DONE,4.23256,4.23725,4.68823200026236,4.68823200026236,0.112,3.122,1.45423200026236,0.7602320002623602,0.694,0.0
S00005,IMS-CSCF,edge-A,edge,59,DONE,4.23698,4.23978,2.7939050000895804,2.7939050000895804,0.063,1.638,1.0929050000895806,0.5799050000895805,0.5130000000000001,0.0
S00005,IMS-CSCF,edge-A,edge,60,DONE,4.24102,4.24366,2.637821000007534,2.637821000007534,0.068,1.547,1.0228210000075342,0.5138210000075341,0.5090000000000001,0.0
S00007,Transcoder,core-1,core,41,DONE,4.24791,4.27086,22.948134999751346,22.948134999751346,0.088,5.962,6.8981349997513455,6.179134999751348,0.7190000000000003,10.0
S00010,IoT-GW,edge-B,edge,77,DONE,4.25334,4.25601,2.6725729999270698,2.6725729999270698,0.091,1.087,1.4945729999270698,0.7225729999270698,0.772,0.0
S00010,IoT-GW,edge-B,edge,78,DONE,4.27087,4.27842,7.550221999736095,7.550221999736095,0.264,4.602,2.6842219997360948,1.2682219997360953,1.4159999999999995,0.0
S00006,IMS-CSCF,edge-B,edge,83,DONE,4.27105,4.27757,6.528294999952777,6.528294999952777,0.11,3.475,2.9432949999527773,0.9932949999527771,1.9500000000000002,0.0
S00009,IoT-GW,edge-A,edge,73,DONE,4.27607,4.27937,3.3064350000131526,3.3064350000131526,0.089,1.757,1.4604350000131527,0.7784350000131526,0.6820000000000002,0.0
S00005,IMS-CSCF,edge-A,edge,61,DONE,4.27758,4.28247,4.884597000000213,4.884597000000213,0.073,1.68,3.1315970000002125,0.6095970000002122,2.5220000000000002,0.0
S00010,IoT-GW,edge-B,edge,79,DONE,4.27844,4.28156,3.118794000329217,3.118794000329217,0.07,1.681,1.3677940003292168,0.6837940003292169,0.6839999999999999,0.0
S00004,UPF,edge-B,edge,80,DONE,4.28165,4.2864,4.754916999900161,4.754916999900161,0.061,3.034,1.6599169999001608,0.8199169999001605,0.8400000000000003,0.0
S00005,IMS-CSCF,edge-A,edge,62,DONE,4.28371,4.28577,2.063926000118954,2.063926000118954,0.066,1.302,0.695926000118954,0.37692600011895405,0.31899999999999995,0.0
S00010,IoT-GW,edge-B,edge,80,DONE,4.29184,4.29467,2.8257180001673987,2.8257180001673987,0.112,1.392,1.3217180001673987,0.5627180001673988,0.7589999999999999,0.0
S00007,Transcoder,core-1,core,42,DONE,4.29428,4.3143,20.01845399990998,20.01845399990998,0.181,6.913,2.9244539999099786,1.92845399990998,0.9959999999999996,10.0
S00006,IMS-CSCF,edge-B,edge,84,DONE,4.30202,4.30554,3.523459999996703,3.523459999996703,0.131,1.7,1.6924599999967032,0.802459999996703,0.8900000000000001,0.0
S00005,IMS-CSCF,edge-A,edge,63,DONE,4.31087,4.31469,3.8190269997357973,3.8190269997357973,0.09,2.51,1.2190269997357976,0.5560269997357974,0.6630000000000003,0.0
S00009,IoT-GW,edge-A,edge,74,DONE,4.31226,4.31468,2.4210080000557355,2.4210080000557355,0.065,1.258,1.0980080000557355,0.42400800005573536,0.6740000000000002,0.0
S00003,UPF,edge-A,edge,66,DONE,4.31385,4.31724,3.3950020001611847,3.3950020001611847,0.055,1.996,1.3440020001611845,0.7790020001611846,0.565,0.0
S00003,UPF,edge-A,edge,67,DONE,4.31954,4.32352,3.9868359999672975,3.9868359999672975,0.101,2.105,1.7808359999672976,1.0758359999672975,0.7050000000000001,0.0
S00006,IMS-CSCF,edge-B,edge,85,DONE,4.3219,4.32527,3.3646820002104505,3.3646820002104505,0.104,1.907,1.3536820002104504,0.6686820002104503,0.685,0.0
S00002,vRAN-DU,edge-B,edge,78,DONE,4.32647,4.33075,4.282917999717029,4.282917999717029,0.071,2.948,1.2639179997170285,0.6559179997170288,0.6079999999999997,0.0
S00006,IMS-CSCF,edge-B,edge,86,DONE,4.35618,4.35966,3.480584000044473,3.480584000044473,0.099,1.693,1.6885840000444732,0.8585840000444733,0.8299999999999998,0.0
S00003,UPF,edge-A,edge,68,DONE,4.35762,4.36168,4.061887000261777,4.061887000261777,0.089,2.381,1.591887000261777,0.8938870002617767,0.6980000000000004,0.0
S00004,UPF,edge-B,edge,81,DONE,4.36796,4.3738,5.83947499990245,5.83947499990245,0.16,4.079,1.60047499990245,0.7334749999024499,0.867,0.0
S00005,IMS-CSCF,edge-A,edge,64,DONE,4.36814,4.37129,3.153522000047815,3.153522000047815,0.097,1.839,1.2175220000478149,0.5055220000478147,0.7120000000000002,0.0
S00010,IoT-GW,edge-B,edge,81,DONE,4.37045,4.37385,3.4035550002045056,3.4035550002045056,0.078,1.414,1.9115550002045056,1.0255550002045055,0.8860000000000001,0.0
S00006,IMS-CSCF,edge-B,edge,87,DONE,4.3726,4.37699,4.390134000004764,4.390134000004764,0.061,3.215,1.1141340000047641,0.4831340000047639,0.6310000000000002,0.0
S00003,UPF,edge-A,edge,69,DONE,4.37391,4.37716,3.2505250001122477,3.2505250001122477,0.074,2.317,0.8595250001122476,0.45452500011224783,0.4049999999999998,0.0
S00004,UPF,edge-B,edge,82,DONE,4.37938,4.38908,9.704392000003281,9.704392000003281,0.222,5.773,3.709392000003281,0.7723920000032809,2.9370000000000003,0.0
S00003,UPF,edge-A,edge,70,DONE,4.37953,4.3871,7.571420000203943,7.571420000203943,0.088,6.217,1.2664200002039436,0.7634200002039435,0.5030000000000001,0.0
S00004,UPF,edge-B,edge,83,DONE,4.38711,4.39228,5.1677500000550936,5.1677500000550936,0.092,2.307,2.7687500000550935,2.1987500000550937,0.5699999999999998,0.0
S00001,vRAN-DU,edge-A,edge,78,DONE,4.39238,4.39679,4.416427000251133,4.416427000251133,0.099,3.049,1.2684270002511329,0.630427000251133,0.6379999999999999,0.0
S00006,IMS-CSCF,edge-B,edge,88,DONE,4.398,4.40062,2.620157999899675,2.620157999899675,0.088,1.436,1.0961579998996749,0.563157999899675,0.5329999999999999,0.0
S00008,Transcoder,core-1,core,35,DONE,4.39933,4.42536,26.02720999993835,26.02720999993835,1.128,10.38,2.519209999938349,1.9152099999383498,0.6039999999999992,12.0
S00005,IMS-CSCF,edge-A,edge,65,DONE,4.40493,4.40806,3.1275060000552912,3.1275060000552912,0.089,1.736,1.3025060000552913,0.5835060000552912,0.7190000000000001,0.0
S00004,UPF,edge-B,edge,84,DONE,4.40508,4.41494,9.86301100010678,9.86301100010678,0.089,8.64,1.1340110001067796,0.43801100010677985,0.6959999999999997,0.0
S00003,UPF,edge-A,edge,71,DONE,4.40756,4.4115,3.937496999697032,3.937496999697032,0.063,2.755,1.119496999697032,0.6424969996970322,0.47699999999999987,0.0
S00004,UPF,edge-B,edge,85,DONE,4.41023,4.4171,6.873555999845848,6.873555999845848,3.79,2.147,0.936555999845849,0.4125559998458481,0.5240000000000009,0.0
S00006,IMS-CSCF,edge-B,edge,89,DONE,4.42138,4.42539,4.007613999874593,4.007613999874593,0.255,1.921,1.8316139998745928,0.7986139998745929,1.033,0.0
S00004,UPF,edge-B,edge,86,DONE,4.42152,4.47198,50.45738899980279,50.45738899980279,0.087,47.735,2.6353889998027853,1.9893889998027845,0.6460000000000008,0.0
S00005,IMS-CSCF,edge-A,edge,66,DONE,4.43282,4.43808,5.254046000118251,5.254046000118251,0.323,2.273,2.658046000118251,1.460046000118251,1.198,0.0
S00001,vRAN-DU,edge-A,edge,79,DONE,4.43309,4.43816,5.064278999725502,5.064278999725502,0.121,3.082,1.8612789997255024,0.7792789997255021,1.0820000000000003,0.0
S00004,UPF,edge-B,edge,87,DONE,4.4374,4.47359,36.19042099990111,36.19042099990111,32.327,2.745,1.1184209999011117,0.6094209999011042,0.5090000000000074,0.0
S00004,UPF,edge-B,edge,88,DONE,4.45262,4.47666,24.037344000134908,24.037344000134908,4.024,2.871,17.14234400013491,0.9133440001349094,16.229,0.0
S00010,IoT-GW,edge-B,edge,82,DONE,4.45423,4.4751,20.874466999885044,20.874466999885044,3.79,1.276,15.808466999885045,0.43946699988504534,15.369,0.0
S00009,IoT-GW,edge-A,edge,75,DONE,4.4618,4.4652,3.3919319998858555,3.3919319998858555,0.135,1.306,1.9509319998858554,1.1219319998858555,0.829,0.0
S00006,IMS-CSCF,edge-B,edge,90,DONE,4.46425,4.47305,8.799325999916618,8.799325999916618,0.098,3.041,5.660325999916619,0.8173259999166183,4.843,0.0
S00010,IoT-GW,edge-B,edge,83,DONE,4.4736,4.47789,4.29264400008833,4.29264400008833,0.07,2.714,1.5086440000883306,0.5496440000883305,0.9590000000000001,0.0
S00007,Transcoder,core-1,core,43,DONE,4.48231,4.50315,20.830541999657726,20.830541999657726,0.086,7.959,2.7855419996577258,1.8225419996577266,0.9629999999999992,10.0
S00002,vRAN-DU,edge-B,edge,79,DONE,4.48252,4.48869,6.168701000206056,6.168701000206056,0.089,4.762,1.317701000206056,0.5897010002060563,0.7279999999999998,0.0
S00002,vRAN-DU,edge-B,edge,80,DONE,4.48314,4.48734,4.201139999622683,4.201139999622683,0.127,2.874,1.2001399996226825,0.4391399996226828,0.7609999999999997,0.0
S00005,IMS-CSCF,edge-A,edge,67,DONE,4.48742,4.49185,4.438901000412443,4.438901000412443,0.085,3.034,1.3199010004124432,0.5199010004124429,0.8000000000000003,0.0
S00010,IoT-GW,edge-B,edge,84,DONE,4.48993,4.49311,3.180253000209632,3.180253000209632,0.113,1.238,1.8292530002096319,0.5312530002096318,1.298,0.0
S00006,IMS-CSCF,edge-B,edge,91,DONE,4.49312,4.57222,79.10000699985176,79.10000699985176,0.049,76.917,2.1340069998517492,0.5030069998517632,1.630999999999986,0.0
S00010,IoT-GW,edge-B,edge,85,DONE,4.49638,4.57877,82.39300800005367,82.39300800005367,4.053,4.613,73.72700800005367,0.42200800005366546,73.305,0.0
S00009,IoT-GW,edge-A,edge,76,DONE,4.49863,4.50083,2.20733600008316,2.20733600008316,0.08,1.173,0.9543360000831598,0.4553360000831599,0.4989999999999999,0.0
S00010,IoT-GW,edge-B,edge,86,DONE,4.5054,4.58313,77.73029899999528,77.73029899999528,9.025,1.075,67.63029899999529,0.8902989999952808,66.74000000000001,0.0
S00003,UPF,edge-A,edge,72,DONE,4.50678,4.51052,3.7366729998211667,3.7366729998211667,0.112,2.39,1.2346729998211665,0.5396729998211667,0.6949999999999998,0.0
S00004,UPF,edge-B,edge,89,DONE,4.51275,4.57503,62.283320000005915,62.283320000005915,0.055,3.75,58.478320000005915,0.6003200000059152,57.878,0.0
S00006,IMS-CSCF,edge-B,edge,92,DONE,4.52033,4.57624,55.9145880001779,55.9145880001779,1.351,4.472,50.0915880001779,1.159588000177898,48.932,0.0
S00001,vRAN-DU,edge-A,edge,80,DONE,4.53137,4.53825,6.887281000217627,6.887281000217627,0.142,3.946,2.7992810002176265,2.1182810002176264,0.681,0.0
S00001,vRAN-DU,edge-A,edge,81,DONE,4.53544,4.54284,7.4063639999621955,7.4063639999621955,0.115,3.724,3.567363999962195,2.322363999962196,1.2449999999999992,0.0
S00003,UPF,edge-A,edge,73,DONE,4.53553,4.54258,7.050802999856387,7.050802999856387,0.168,3.019,3.8638029998563868,2.6058029998563867,1.258,0.0
S00008,Transcoder,core-1,core,36,DONE,4.54814,4.57443,26.291301000128442,26.291301000128442,0.093,10.37,3.8283010001284428,3.110301000128443,0.718,12.0
S00004,UPF,edge-B,edge,90,DONE,4.56378,4.58025,16.461326999888115,16.461326999888115,6.017,2.694,7.750326999888115,1.4443269998881156,6.305999999999999,0.0
S00010,IoT-GW,edge-B,edge,87,DONE,4.57138,4.58314,11.763881000206311,11.763881000206311,6.302,1.292,4.169881000206312,1.1188810002063114,3.051,0.0
S00010,IoT-GW,edge-B,edge,88,DONE,4.57753,4.58333,5.797355000140669,5.797355000140669,2.595,1.071,2.131355000140669,1.1043550001406697,1.0269999999999992,0.0
S00009,IoT-GW,edge-A,edge,77,DONE,4.57878,4.58203,3.247650000048452,3.247650000048452,0.084,1.916,1.247650000048452,0.4426500000484519,0.8050000000000002,0.0
S00003,UPF,edge-A,edge,74,DONE,4.58559,4.59137,5.7808009996733745,5.7808009996733745,0.123,2.492,3.1658009996733742,0.6438009996733749,2.5219999999999994,0.0
S00009,IoT-GW,edge-A,edge,78,DONE,4.59866,4.60157,2.9071999997540843,2.9071999997540843,0.118,1.392,1.3971999997540845,0.6491999997540843,0.7480000000000002,0.0
S00006,IMS-CSCF,edge-B,edge,93,DONE,4.6029,4.60606,3.1577439999637136,3.1577439999637136,0.181,1.578,1.3987439999637135,0.7067439999637135,0.692,0.0
S00004,UPF,edge-B,edge,91,DONE,4.60607,4.60946,3.393685999981244,3.393685999981244,0.063,2.104,1.2266859999812438,0.5146859999812441,0.7119999999999997,0.0
S00009,IoT-GW,edge-A,edge,79,DONE,4.61287,4.61559,2.722673999869585,2.722673999869585,0.091,1.367,1.2646739998695848,0.6516739998695846,0.6130000000000002,0.0
S00001,vRAN-DU,edge-A,edge,82,DONE,4.62791,4.6324,4.489517999900272,4.489517999900272,0.112,2.893,1.4845179999002722,0.7775179999002719,0.7070000000000003,0.0
S00001,vRAN-DU,edge-A,edge,83,DONE,4.64077,4.64494,4.168403000221588,4.168403000221588,0.091,2.82,1.2574030002215877,0.6794030002215878,0.5779999999999998,0.0
S00003,UPF,edge-A,edge,75,DONE,4.66024,4.66552,5.2801080000790535,5.2801080000790535,0.089,3.443,1.7481080000790534,0.9731080000790531,0.7750000000000004,0.0
S00002,vRAN-DU,edge-B,edge,81,DONE,4.66267,4.66679,4.115483000077802,4.115483000077802,0.081,2.809,1.2254830000778019,0.5984830000778021,0.6269999999999998,0.0
S00005,IMS-CSCF,edge-A,edge,68,DONE,4.67102,4.67437,3.3426360000703426,3.3426360000703426,0.084,1.639,1.6196360000703425,0.9516360000703425,0.6679999999999999,0.0
S00009,IoT-GW,edge-A,edge,80,DONE,4.68879,4.6928,4.00369299995873,4.00369299995873,0.083,1.744,2.17669299995873,0.7646929999587302,1.412,0.0
S00010,IoT-GW,edge-B,edge,89,DONE,4.68902,4.69139,2.369581000039034,2.369581000039034,0.089,1.245,1.0355810000390337,0.5625810000390339,0.47299999999999986,0.0
S00001,vRAN-DU,edge-A,edge,84,DONE,4.6914,4.69562,4.214287000195327,4.214287000195327,0.118,2.748,1.3482870001953269,0.8052870001953272,0.5429999999999997,0.0
S00006,IMS-CSCF,edge-B,edge,94,DONE,4.69685,4.70089,4.038003000005119,4.038003000005119,0.075,2.8,1.1630030000051192,0.6320030000051191,0.5310000000000001,0.0
S00005,IMS-CSCF,edge-A,edge,69,DONE,4.69914,4.70196,2.810858999964694,2.810858999964694,0.194,1.758,0.8588589999646938,0.421858999964694,0.43699999999999983,0.0
S00003,UPF,edge-A,edge,76,DONE,4.70202,4.70555,3.528270000060729,3.528270000060729,0.071,2.317,1.1402700000607289,0.5412700000607291,0.5989999999999998,0.0
S00009,IoT-GW,edge-A,edge,81,DONE,4.70539,4.70722,1.8316890000278363,1.8316890000278363,0.057,1.066,0.7086890000278363,0.3296890000278363,0.379,0.0
S00001,vRAN-DU,edge-A,edge,85,DONE,4.72694,4.73187,4.929341999741155,4.929341999741155,0.146,3.323,1.4603419997411549,0.8073419997411548,0.653,0.0
S00007,Transcoder,core-1,core,44,DONE,4.72941,4.75583,26.41991100017549,26.41991100017549,0.116,13.075,3.22891100017549,2.4409110001754897,0.7880000000000003,10.0
S00002,vRAN-DU,edge-B,edge,82,DONE,4.73188,4.73761,5.735983000249689,5.735983000249689,0.086,4.135,1.5149830002496891,0.7439830002496892,0.7709999999999999,0.0
S00007,Transcoder,core-1,core,45,DONE,4.73324,4.75917,25.92419200027507,25.92419200027507,0.113,11.457,4.35419200027507,3.34119200027507,1.013,10.0
S00001,vRAN-DU,edge-A,edge,86,DONE,4.73582,4.74215,6.330092000098375,6.330092000098375,0.11,4.79,1.4300920000983748,0.8280920000983754,0.6019999999999994,0.0
S00010,IoT-GW,edge-B,edge,90,DONE,4.74217,4.7492,7.031914999970468,7.031914999970468,0.11,1.391,5.530914999970467,4.592914999970468,0.938,0.0
S00001,vRAN-DU,edge-A,edge,87,DONE,4.75257,4.75795,5.388784999922791,5.388784999922791,0.112,3.918,1.3587849999227908,0.7027849999227911,0.6559999999999997,0.0
S00001,vRAN-DU,edge-A,edge,88,DONE,4.75555,4.76035,4.7954669998944155,4.7954669998944155,0.099,3.627,1.0694669998944155,0.4804669998944151,0.5890000000000004,0.0
S00010,IoT-GW,edge-B,edge,91,DONE,4.76761,4.77054,2.924474999872473,2.924474999872473,0.089,1.485,1.3504749998724728,0.6754749998724727,0.675,0.0
S00008,Transcoder,core-1,core,37,DONE,4.77177,4.79624,24.46791199963627,24.46791199963627,0.109,9.915,2.4439119996362724,1.7579119996362707,0.6860000000000017,12.0
S00003,UPF,edge-A,edge,77,DONE,4.77307,4.77865,5.581414000062068,5.581414000062068,0.138,2.47,2.973414000062068,0.631414000062068,2.342,0.0
S00002,vRAN-DU,edge-B,edge,83,DONE,4.77538,4.78009,4.710429999704502,4.710429999704502,0.102,3.435,1.173429999704502,0.45542999970450193,0.718,0.0
S00003,UPF,edge-A,edge,78,DONE,4.77866,4.78432,5.652003999784938,5.652003999784938,0.089,3.222,2.341003999784938,1.5610039997849379,0.7800000000000002,0.0
S00003,UPF,edge-A,edge,79,DONE,4.78433,4.78831,3.978375000315282,3.978375000315282,0.117,3.129,0.7323750003152818,0.3463750003152817,0.3860000000000001,0.0
S00006,IMS-CSCF,edge-B,edge,95,DONE,4.79949,4.80254,3.0458289998023247,3.0458289998023247,0.093,1.655,1.2978289998023247,0.6278289998023245,0.6700000000000002,0.0
S00005,IMS-CSCF,edge-A,edge,70,DONE,4.80255,4.80559,3.0413260001296294,3.0413260001296294,0.084,1.625,1.3323260001296293,0.7013260001296295,0.6309999999999998,0.0
S00006,IMS-CSCF,edge-B,edge,96,DONE,4.8056,4.80884,3.2411439997304115,3.2411439997304115,0.151,1.875,1.2151439997304117,0.6021439997304117,0.613,0.0
S00006,IMS-CSCF,edge-B,edge,97,DONE,4.80582,4.81023,4.417981000187865,4.417981000187865,1.881,1.196,1.340981000187865,0.667981000187865,0.673,0.0
S00008,Transcoder,core-1,core,38,DONE,4.8256,4.84677,21.16939400002593,21.16939400002593,0.096,7.099,1.9743940000259315,1.2903940000259322,0.6839999999999993,12.0
S00009,IoT-GW,edge-A,edge,82,DONE,4.82715,4.83081,3.6612379999496625,3.6612379999496625,0.09,1.181,2.3902379999496626,1.7892379999496624,0.601,0.0
S00001,vRAN-DU,edge-A,edge,89,DONE,4.83091,4.83463,3.7227020002319477,3.7227020002319477,0.061,2.749,0.9127020002319477,0.4317020002319478,0.48099999999999987,0.0
S00007,Transcoder,core-1,core,46,DONE,4.84494,4.86343,18.487399999685294,18.487399999685294,0.09,6.362,2.0353999996852945,1.2673999996852956,0.7679999999999998,10.0
S00007,Transcoder,core-1,core,47,DONE,4.86568,4.88732,21.63575199983825,21.63575199983825,0.115,7.649,3.8717519998382492,2.1457519998382484,1.726,10.0
S00001,vRAN-DU,edge-A,edge,90,DONE,4.86911,4.87385,4.735519999940152,4.735519999940152,0.098,3.188,1.449519999940152,0.6945199999401517,0.7550000000000003,0.0
S00009,IoT-GW,edge-A,edge,83,DONE,4.87719,4.88009,2.904618000229675,2.904618000229675,0.11,1.537,1.257618000229675,0.7216180002296753,0.5359999999999998,0.0
S00009,IoT-GW,edge-A,edge,84,DONE,4.8801,4.88286,2.7583469995988708,2.7583469995988708,0.08,1.247,1.4313469995988706,0.9673469995988708,0.46399999999999975,0.0
S00002,vRAN-DU,edge-B,edge,84,DONE,4.90278,4.90904,6.257660000301257,6.257660000301257,0.148,4.458,1.6516600003012574,0.6936600003012572,0.9580000000000002,0.0
S00004,UPF,edge-B,edge,92,DONE,4.90832,4.91187,3.550844999608671,3.550844999608671,0.096,2.276,1.1788449996086712,0.6028449996086711,0.5760000000000001,0.0
S00007,Transcoder,core-1,core,48,DONE,4.91314,4.93219,19.05605700039814,19.05605700039814,0.093,6.711,2.252057000398141,1.3950570003981415,0.8569999999999993,10.0
S00004,UPF,edge-B,edge,93,DONE,4.91862,4.92373,5.105794999963109,5.105794999963109,0.122,3.334,1.6497949999631092,0.9417949999631094,0.7079999999999997,0.0
S00009,IoT-GW,edge-A,edge,85,DONE,4.93348,4.93643,2.9530329998124216,2.9530329998124216,0.069,1.563,1.3210329998124217,0.6590329998124216,0.6620000000000001,0.0
S00006,IMS-CSCF,edge-B,edge,98,DONE,4.94681,4.95041,3.6052079999535636,3.6052079999535636,0.089,2.216,1.3002079999535634,0.6772079999535636,0.6229999999999998,0.0
S00009,IoT-GW,edge-A,edge,86,DONE,4.94701,4.94949,2.47722199992495,2.47722199992495,0.081,1.364,1.03222199992495,0.47722199992495007,0.5549999999999999,0.0
S00005,IMS-CSCF,edge-A,edge,71,DONE,4.95879,4.96197,3.177292000145826,3.177292000145826,0.085,1.974,1.1182920001458259,0.5712920001458262,0.5469999999999997,0.0
S00008,Transcoder,core-1,core,39,DONE,4.96105,4.98308,22.028738999779307,22.028738999779307,0.113,6.581,3.334738999779306,2.3197389997793074,1.0149999999999988,12.0
S00004,UPF,edge-B,edge,94,DONE,4.96419,4.96779,3.6047350004082546,3.6047350004082546,0.091,2.228,1.2857350004082542,0.6327350004082546,0.6529999999999996,0.0
S00007,Transcoder,core-1,core,49,DONE,4.97814,4.99593,17.793138999877556,17.793138999877556,0.114,6.041,1.6381389998775546,0.8811389998775567,0.7569999999999997,10.0
S00003,UPF,edge-A,edge,80,DONE,4.9874,4.9912,3.8051309998081706,3.8051309998081706,0.131,2.54,1.1341309998081703,0.4511309998081705,0.6829999999999998,0.0
S00001,vRAN-DU,edge-A,edge,91,DONE,4.99243,4.9965,4.069533999881969,4.069533999881969,0.071,3.094,0.904533999881969,0.41453399988196926,0.48999999999999977,0.0
S00009,IoT-GW,edge-A,edge,87,DONE,4.99374,4.99592,2.179719000196201,2.179719000196201,0.059,1.049,1.071719000196201,0.5237190001962009,0.548,0.0
S00007,Transcoder,core-1,core,50,DONE,4.99518,5.02206,26.873397000144905,26.873397000144905,0.113,7.013,9.747397000144904,9.022397000144906,0.7249999999999996,10.0
S00010,IoT-GW,edge-B,edge,92,DONE,4.99817,5.0005,2.327443000012863,2.327443000012863,0.089,1.096,1.1424430000128631,0.5224430000128633,0.6199999999999999,0.0
S00007,Transcoder,core-1,core,51,DONE,5.02176,5.04274,20.981535999908374,20.981535999908374,0.132,8.356,2.4935359999083744,1.5955359999083747,0.8979999999999997,10.0
S00010,IoT-GW,edge-B,edge,93,DONE,5.02332,5.02642,3.1015389999993204,3.1015389999993204,0.125,1.358,1.6185389999993203,0.8385389999993205,0.7799999999999998,0.0
S00009,IoT-GW,edge-A,edge,88,DONE,5.04803,5.05348,5.448829000215483,5.448829000215483,0.082,3.303,2.063829000215483,0.8298290002154829,1.234,0.0
S00006,IMS-CSCF,edge-B,edge,99,DONE,5.05584,5.05944,3.6005150000164576,3.6005150000164576,0.171,1.98,1.4495150000164578,0.6915150000164578,0.758,0.0
S00007,Transcoder,core-1,core,52,DONE,5.05602,5.07483,18.811228999766172,18.811228999766172,0.111,6.291,2.409228999766171,1.487228999766172,0.9219999999999997,10.0
S00002,vRAN-DU,edge-B,edge,85,DONE,5.06481,5.07137,6.562519999988581,6.562519999988581,0.116,4.822,1.624519999988581,0.8015199999885807,0.8230000000000004,0.0
S00004,UPF,edge-B,edge,95,DONE,5.07924,5.08434,5.106578999857447,5.106578999857447,0.144,3.423,1.5395789998574472,0.6915789998574473,0.8479999999999999,0.0
S00002,vRAN-DU,edge-B,edge,86,DONE,5.08071,5.08458,3.8655789999211265,3.8655789999211265,0.065,2.926,0.8745789999211264,0.41757899992112657,0.45699999999999985,0.0
S00009,IoT-GW,edge-A,edge,89,DONE,5.09893,5.10526,6.3290149996646505,6.3290149996646505,0.092,1.533,4.7040149996646505,2.9380149996646505,1.766,0.0
S00003,UPF,edge-A,edge,81,DONE,5.10137,5.10663,5.2593720001823385,5.2593720001823385,0.078,3.092,2.0893720001823386,1.4953720001823387,0.5939999999999999,0.0
S00001,vRAN-DU,edge-A,edge,92,DONE,5.11692,5.12154,4.618680000021413,4.618680000021413,0.12,3.127,1.3716800000214135,0.7166800000214133,0.6550000000000002,0.0
S00005,IMS-CSCF,edge-A,edge,72,DONE,5.12288,5.12618,3.297061000012036,3.297061000012036,0.076,1.752,1.4690610000120359,0.7290610000120359,0.74,0.0
S00005,IMS-CSCF,edge-A,edge,73,DONE,5.1325,5.13575,3.24802000022828,3.24802000022828,0.1,1.653,1.4950200002282799,0.81602000022828,0.6789999999999998,0.0
S00010,IoT-GW,edge-B,edge,94,DONE,5.14726,5.15032,3.0667680002807174,3.0667680002807174,0.092,1.306,1.6687680002807173,0.8587680002807172,0.81,0.0
S00004,UPF,edge-B,edge,96,DONE,5.16057,5.16372,3.1466209998143313,3.1466209998143313,0.063,2.049,1.0346209998143312,0.5866209998143312,0.44799999999999995,0.0
S00006,IMS-CSCF,edge-B,edge,100,DONE,5.17401,5.17703,3.013768000073469,3.013768000073469,0.091,1.518,1.404768000073469,0.7327680000734689,0.6720000000000002,0.0
S00006,IMS-CSCF,edge-B,edge,101,DONE,5.21846,5.22165,3.184924999914074,3.184924999914074,0.104,1.616,1.4649249999140737,0.7539249999140738,0.7109999999999999,0.0
S00006,IMS-CSCF,edge-B,edge,102,DONE,5.22166,5.22424,2.5854379996417265,2.5854379996417265,0.117,1.674,0.7944379996417266,0.4464379996417267,0.34799999999999986,0.0
S00004,UPF,edge-B,edge,97,DONE,5.22313,5.2268,3.6682279996966827,3.6682279996966827,0.049,2.079,1.5402279996966826,1.0362279996966826,0.504,0.0
S00005,IMS-CSCF,edge-A,edge,74,DONE,5.23353,5.2386,5.070840999906068,5.070840999906068,0.14,2.04,2.8908409999060676,1.9338409999060677,0.9569999999999999,0.0
S00003,UPF,edge-A,edge,82,DONE,5.24485,5.25034,5.490307999934885,5.490307999934885,0.193,3.228,2.0693079999348845,1.1343079999348848,0.9349999999999996,0.0
S00005,IMS-CSCF,edge-A,edge,75,DONE,5.24505,5.25005,4.9947479997172195,4.9947479997172195,0.142,1.621,3.2317479997172196,1.3297479997172195,1.9020000000000001,0.0
S00009,IoT-GW,edge-A,edge,90,DONE,5.24835,5.25262,4.271281000001181,4.271281000001181,0.056,2.128,2.087281000001181,1.5592810000011812,0.528,0.0
S00006,IMS-CSCF,edge-B,edge,103,DONE,5.25264,5.25695,4.310732999783795,4.310732999783795,0.085,2.584,1.641732999783795,0.7567329997837953,0.8849999999999998,0.0
S00006,IMS-CSCF,edge-B,edge,104,DONE,5.25631,5.261,4.690203999871301,4.690203999871301,0.082,2.322,2.286203999871301,1.0502039998713006,1.2360000000000002,0.0
S00004,UPF,edge-B,edge,98,DONE,5.26847,5.27289,4.419040999891877,4.419040999891877,0.094,2.564,1.7610409998918768,1.0500409998918765,0.7110000000000003,0.0
S00005,IMS-CSCF,edge-A,edge,76,DONE,5.26886,5.27292,4.0595159998702,4.0595159998702,0.169,2.35,1.5405159998702,0.8935159998702003,0.6469999999999998,0.0
S00007,Transcoder,core-1,core,53,DONE,5.27293,5.29981,26.88214199997674,26.88214199997674,0.12,13.879,2.88314199997674,1.8051419999767386,1.0780000000000012,10.0
S00005,IMS-CSCF,edge-A,edge,77,DONE,5.27852,5.28257,4.0421480002805765,4.0421480002805765,0.199,1.634,2.2091480002805763,1.4671480002805763,0.7420000000000002,0.0
S00005,IMS-CSCF,edge-A,edge,78,DONE,5.27876,5.28374,4.976585999884264,4.976585999884264,1.93,1.52,1.5265859998842641,0.9105859998842645,0.6159999999999997,0.0
S00002,vRAN-DU,edge-B,edge,87,DONE,5.28229,5.29434,12.04340599997522,12.04340599997522,0.123,9.894,2.0264059999752213,0.8644059999752205,1.1620000000000008,0.0
S00004,UPF,edge-B,edge,99,DONE,5.28606,5.29432,8.254962000137311,8.254962000137311,0.086,6.327,1.8419620001373112,0.7409620001373112,1.101,0.0
S00008,Transcoder,core-1,core,40,DONE,5.29047,5.31497,24.49932599984095,24.49932599984095,0.158,9.669,2.6723259998409485,1.9853259998409492,0.6869999999999994,12.0
S00005,IMS-CSCF,edge-A,edge,79,DONE,5.29674,5.30626,9.520311999949627,9.520311999949627,0.091,6.241,3.1883119999496268,2.4033119999496266,0.7850000000000001,0.0
S00006,IMS-CSCF,edge-B,edge,105,DONE,5.30137,5.30398,2.609239000321395,2.609239000321395,0.078,1.605,0.926239000321395,0.40823900032139493,0.518,0.0
S00008,Transcoder,core-1,core,41,DONE,5.31046,5.34026,29.7973350002394,29.7973350002394,0.092,14.326,3.379335000239399,2.5463350002394005,0.8329999999999984,12.0
S00009,IoT-GW,edge-A,edge,91,DONE,5.31174,5.31427,2.5292330001320806,2.5292330001320806,0.089,1.122,1.3182330001320806,0.5682330001320806,0.75,0.0
S00010,IoT-GW,edge-B,edge,95,DONE,5.31187,5.31363,1.7600539999875764,1.7600539999875764,0.065,0.951,0.7440539999875764,0.4100539999875763,0.3340000000000001,0.0
S00001,vRAN-DU,edge-A,edge,93,DONE,5.32025,5.32709,6.8428790000325534,6.8428790000325534,0.085,2.888,3.8698790000325536,0.8598790000325538,3.01,0.0
S00003,UPF,edge-A,edge,83,DONE,5.32039,5.33133,10.936529999980849,10.936529999980849,0.108,5.828,5.000529999980849,4.374529999980848,0.6260000000000003,0.0
S00010,IoT-GW,edge-B,edge,96,DONE,5.33263,5.33499,2.3659429998588166,2.3659429998588166,0.084,1.085,1.1969429998588166,0.5899429998588166,0.607,0.0
S00001,vRAN-DU,edge-A,edge,94,DONE,5.334,5.33871,4.712879999715369,4.712879999715369,0.143,3.407,1.1628799997153694,0.682879999715369,0.4800000000000004,0.0
S00003,UPF,edge-A,edge,84,DONE,5.33621,5.33937,3.159721999963949,3.159721999963949,0.097,1.984,1.0787219999639492,0.4217219999639492,0.657,0.0
S00002,vRAN-DU,edge-B,edge,88,DONE,5.34246,5.34798,5.525194999790983,5.525194999790983,0.09,4.399,1.0361949997909834,0.46419499979098333,0.5720000000000001,0.0
S00004,UPF,edge-B,edge,100,DONE,5.34263,5.34839,5.76042900001994,5.76042900001994,0.185,4.194,1.3814290000199403,0.5674290000199402,0.8140000000000001,0.0
S00007,Transcoder,core-1,core,54,DONE,5.34593,5.36583,19.902926000213483,19.902926000213483,0.109,7.388,2.4059260002134835,1.561926000213484,0.8439999999999994,10.0
S00004,UPF,edge-B,edge,101,DONE,5.34958,5.35291,3.3317040001747955,3.3317040001747955,0.099,2.121,1.1117040001747953,0.6027040001747954,0.5089999999999999,0.0
S00001,vRAN-DU,edge-A,edge,95,DONE,5.35186,5.35885,6.99408799982848,6.99408799982848,0.079,5.612,1.3030879998284801,0.7020879998284801,0.601,0.0
S00006,IMS-CSCF,edge-B,edge,106,DONE,5.35292,5.35955,6.628116000229056,6.628116000229056,0.077,5.719,0.832116000229056,0.4011160002290559,0.43100000000000005,0.0
S00006,IMS-CSCF,edge-B,edge,107,DONE,5.35476,5.37214,17.375978000018222,17.375978000018222,11.455,2.198,3.7229780000182213,0.5499780000182213,3.173,0.0
S00005,IMS-CSCF,edge-A,edge,80,DONE,5.36387,5.3672,3.3289620000687137,3.3289620000687137,0.191,1.879,1.2589620000687138,0.6099620000687138,0.649,0.0
S00009,IoT-GW,edge-A,edge,92,DONE,5.37855,5.38176,3.213573999801156,3.213573999801156,0.281,1.483,1.4495739998011556,0.7885739998011561,0.6609999999999996,0.0
S00009,IoT-GW,edge-A,edge,93,DONE,5.37878,5.3831,4.32128600004944,4.32128600004944,1.614,1.073,1.63428600004944,0.7692860000494401,0.8649999999999998,0.0
S00001,vRAN-DU,edge-A,edge,96,DONE,5.38431,5.38804,3.7396140000964806,3.7396140000964806,0.055,2.833,0.8516140000964803,0.3846140000964806,0.46699999999999964,0.0
S00009,IoT-GW,edge-A,edge,94,DONE,5.39645,5.4001,3.649660000064614,3.649660000064614,0.121,2.062,1.4666600000646142,0.7816600000646141,0.685,0.0
S00009,IoT-GW,edge-A,edge,95,DONE,5.40439,5.40715,2.7532829999472597,2.7532829999472597,0.104,1.317,1.3322829999472596,0.6082829999472597,0.724,0.0
S00003,UPF,edge-A,edge,85,DONE,5.40582,5.43152,25.699938999878214,25.699938999878214,0.053,23.528,2.118938999878214,0.7259389998782133,1.3930000000000007,0.0
S00005,IMS-CSCF,edge-A,edge,81,DONE,5.41036,5.43385,23.493679000239354,23.493679000239354,0.095,1.921,21.477679000239355,0.4826790002393544,20.994999999999997,0.0
S00005,IMS-CSCF,edge-A,edge,82,DONE,5.42997,5.43484,4.878619000010076,4.878619000010076,1.319,1.535,2.024619000010076,1.185619000010076,0.839,0.0
S00003,UPF,edge-A,edge,86,DONE,5.43097,5.43442,3.4501350000937236,3.4501350000937236,0.094,2.37,0.9861350000937237,0.5981350000937238,0.3879999999999999,0.0
S00001,vRAN-DU,edge-A,edge,97,DONE,5.44721,5.45247,5.262107999897125,5.262107999897125,0.202,3.727,1.3331079998971256,0.7641079998971252,0.5690000000000004,0.0
S00001,vRAN-DU,edge-A,edge,98,DONE,5.44871,5.45255,3.8320809999277117,3.8320809999277117,0.061,2.742,1.0290809999277117,0.42408099992771175,0.605,0.0
S00001,vRAN-DU,edge-A,edge,99,DONE,5.45377,5.45825,4.484740999942005,4.484740999942005,0.069,2.626,1.7897409999420053,0.7127409999420053,1.077,0.0
S00006,IMS-CSCF,edge-B,edge,108,DONE,5.45605,5.45908,3.0217240000638412,3.0217240000638412,0.128,2.005,0.8887240000638412,0.44272400006384105,0.4460000000000002,0.0
S00009,IoT-GW,edge-A,edge,96,DONE,5.45831,5.46028,1.9756469996536907,1.9756469996536907,0.104,1.245,0.6266469996536905,0.3266469996536907,0.2999999999999998,0.0
S00001,vRAN-DU,edge-A,edge,100,DONE,5.46247,5.46623,3.754367000055936,3.754367000055936,0.058,2.743,0.9533670000559362,0.511367000055936,0.44200000000000017,0.0
S00002,vRAN-DU,edge-B,edge,89,DONE,5.47752,5.48228,4.763438000281894,4.763438000281894,0.089,3.059,1.6154380002818942,0.7474380002818943,0.8679999999999999,0.0
S00002,vRAN-DU,edge-B,edge,90,DONE,5.48205,5.48631,4.264303000127256,4.264303000127256,0.063,3.111,1.090303000127256,0.6453030001272562,0.44499999999999984,0.0
S00004,UPF,edge-B,edge,102,DONE,5.48632,5.48968,3.3597700003156206,3.3597700003156206,0.146,2.136,1.0777700003156205,0.47977000031562067,0.5979999999999999,0.0
S00006,IMS-CSCF,edge-B,edge,109,DONE,5.4909,5.49321,2.3079620000316936,2.3079620000316936,0.055,1.377,0.8759620000316937,0.4509620000316936,0.42500000000000004,0.0
S00010,IoT-GW,edge-B,edge,97,DONE,5.50049,5.50299,2.4989809999169665,2.4989809999169665,0.083,1.218,1.1979809999169666,0.6299809999169665,0.5680000000000001,0.0
S00010,IoT-GW,edge-B,edge,98,DONE,5.51445,5.51946,5.011582999941311,5.011582999941311,0.736,2.386,1.889582999941311,0.8295829999413105,1.0600000000000005,0.0
S00004,UPF,edge-B,edge,103,DONE,5.52481,5.52848,3.6691149998659967,3.6691149998659967,0.091,2.313,1.2651149998659963,0.6801149998659968,0.5849999999999995,0.0
S00007,Transcoder,core-1,core,55,DONE,5.53382,5.55393,20.1161879999745,20.1161879999745,0.088,7.99,2.0381879999745003,1.3021879999744996,0.7360000000000007,10.0
S00010,IoT-GW,edge-B,edge,99,DONE,5.54828,5.5506,2.3144920000959246,2.3144920000959246,0.092,1.1,1.1224920000959244,0.5414920000959247,0.5809999999999997,0.0
S00001,vRAN-DU,edge-A,edge,101,DONE,5.56231,5.56689,4.583874999752879,4.583874999752879,0.134,2.942,1.5078749997528793,0.7918749997528796,0.7159999999999997,0.0
S00009,IoT-GW,edge-A,edge,97,DONE,5.5669,5.56907,2.1701549999306735,2.1701549999306735,0.065,1.114,0.9911549999306735,0.46115499993067344,0.53,0.0
S00006,IMS-CSCF,edge-B,edge,110,DONE,5.58835,5.59089,2.541925000059564,2.541925000059564,0.086,1.456,0.9999250000595639,0.500925000059564,0.4989999999999999,0.0
S00005,IMS-CSCF,edge-A,edge,83,DONE,5.59211,5.59483,2.7222819999224157,2.7222819999224157,0.085,1.443,1.1942819999224157,0.5742819999224156,0.6200000000000001,0.0
S00010,IoT-GW,edge-B,edge,100,DONE,5.59227,5.59428,2.0158950001132325,2.0158950001132325,0.085,1.039,0.8918950001132326,0.4948950001132326,0.397,0.0
S00007,Transcoder,core-1,core,56,DONE,5.59704,5.61584,18.79225699985909,18.79225699985909,0.084,6.352,2.3562569998590916,1.8662569998590914,0.4900000000000002,10.0
S00003,UPF,edge-A,edge,87,DONE,5.59718,5.60048,3.2985929997266794,3.2985929997266794,0.114,2.332,0.8525929997266797,0.3815929997266796,0.4710000000000001,0.0
S00003,UPF,edge-A,edge,88,DONE,5.60779,5.61249,4.701469999872643,4.701469999872643,0.083,3.528,1.0904699998726426,0.5194699998726424,0.5710000000000002,0.0
S00009,IoT-GW,edge-A,edge,98,DONE,5.60912,5.6114,2.281773000049725,2.281773000049725,0.065,1.225,0.9917730000497249,0.3727730000497249,0.619,0.0
S00010,IoT-GW,edge-B,edge,101,DONE,5.62009,5.62251,2.420509999865317,2.420509999865317,0.135,1.113,1.1725099998653168,0.5475099998653168,0.625,0.0
S00002,vRAN-DU,edge-B,edge,91,DONE,5.62675,5.6307,3.9519749998362386,3.9519749998362386,0.069,2.833,1.0499749998362384,0.5429749998362388,0.5069999999999997,0.0
S00003,UPF,edge-A,edge,89,DONE,5.63395,5.63747,3.5165700001016376,3.5165700001016376,0.092,2.144,1.2805700001016374,0.6445700001016377,0.6359999999999997,0.0
S00005,IMS-CSCF,edge-A,edge,84,DONE,5.63727,5.6395,2.233601000170893,2.233601000170893,0.08,1.357,0.7966010001708927,0.3446010001708928,0.45199999999999996,0.0
S00001,vRAN-DU,edge-A,edge,102,DONE,5.64984,5.65446,4.622548000043025,4.622548000043025,0.12,3.123,1.379548000043025,0.6155480000430256,0.7639999999999993,0.0
S00009,IoT-GW,edge-A,edge,99,DONE,5.65338,5.65646,3.0885249998391373,3.0885249998391373,0.061,1.572,1.4555249998391373,0.9935249998391371,0.4620000000000002,0.0
S00004,UPF,edge-B,edge,104,DONE,5.65348,5.65913,5.642103000354837,5.642103000354837,0.373,3.761,1.5081030003548364,0.6221030003548371,0.8859999999999992,0.0
S00007,Transcoder,core-1,core,57,DONE,5.65914,5.69107,31.930871999975352,31.930871999975352,0.193,18.733,3.00487199997535,1.8228719999753515,1.1819999999999986,10.0
S00007,Transcoder,core-1,core,58,DONE,5.65931,5.69103,31.721693000235973,31.721693000235973,0.204,18.522,2.995693000235974,1.8846930002359734,1.1110000000000007,10.0
S00004,UPF,edge-B,edge,105,DONE,5.66057,5.66494,4.367103999811661,4.367103999811661,0.082,2.734,1.5511039998116614,0.7261039998116612,0.8250000000000002,0.0
S00002,vRAN-DU,edge-B,edge,92,DONE,5.66721,5.67528,8.067691000178456,8.067691000178456,0.075,7.006,0.9866910001784559,0.4996910001784567,0.4869999999999992,0.0
S00002,vRAN-DU,edge-B,edge,93,DONE,5.67027,5.67778,7.512894000228698,7.512894000228698,0.079,6.344,1.089894000228698,0.549894000228698,0.54,0.0
S00006,IMS-CSCF,edge-B,edge,111,DONE,5.67157,5.67952,7.946842999899673,7.946842999899673,1.119,3.52,3.3078429998996723,0.7388429998996724,2.569,0.0
S00010,IoT-GW,edge-B,edge,102,DONE,5.67648,5.68004,3.5555499998736195,3.5555499998736195,0.904,1.608,1.0435499998736195,0.5395499998736195,0.504,0.0
S00009,IoT-GW,edge-A,edge,100,DONE,5.67779,5.68504,7.243364000260044,7.243364000260044,0.136,1.644,5.463364000260045,0.7383640002600442,4.725,0.0
S00010,IoT-GW,edge-B,edge,103,DONE,5.69851,5.7012,2.696997999919404,2.696997999919404,0.09,1.255,1.3519979999194038,0.7049979999194038,0.647,0.0
S00001,vRAN-DU,edge-A,edge,103,DONE,5.70858,5.71325,4.677858000377455,4.677858000377455,0.13,2.954,1.593858000377455,0.8378580003774552,0.7559999999999998,0.0
S00005,IMS-CSCF,edge-A,edge,85,DONE,5.70882,5.71771,8.894171000065398,8.894171000065398,0.198,5.788,2.9081710000653977,0.6081710000653988,2.299999999999999,0.0
S00006,IMS-CSCF,edge-B,edge,112,DONE,5.71327,5.71732,4.050561999974889,4.050561999974889,0.097,2.331,1.6225619999748888,0.4995619999748886,1.1230000000000002,0.0
S00001,vRAN-DU,edge-A,edge,104,DONE,5.71502,5.72097,5.948872999852028,5.948872999852028,0.101,2.704,3.1438729998520283,0.6398729998520283,2.504,0.0
S00003,UPF,edge-A,edge,90,DONE,5.71995,5.72299,3.044062999833841,3.044062999833841,0.059,1.831,1.154062999833841,0.519062999833841,0.635,0.0
S00001,vRAN-DU,edge-A,edge,105,DONE,5.72098,5.72736,6.387700999766821,6.387700999766821,0.076,3.599,2.7127009997668208,0.30770099976682097,2.405,0.0
S00006,IMS-CSCF,edge-B,edge,113,DONE,5.72249,5.72784,5.344162999790569,5.344162999790569,0.081,4.15,1.1131629997905685,0.5531629997905689,0.5599999999999996,0.0
S00008,Transcoder,core-1,core,42,DONE,5.72257,5.74476,22.192049999830488,22.192049999830488,0.085,7.026,3.081049999830487,2.5020499998304864,0.5790000000000006,12.0
S00006,IMS-CSCF,edge-B,edge,114,DONE,5.73209,5.73598,3.8880400002199167,3.8880400002199167,0.08,2.779,1.0290400002199167,0.47404000021991655,0.5550000000000002,0.0
S00010,IoT-GW,edge-B,edge,104,DONE,5.74022,5.74251,2.2855239999444166,2.2855239999444166,0.079,0.999,1.2075239999444165,0.4105239999444166,0.7969999999999999,0.0
S00004,UPF,edge-B,edge,106,DONE,5.74163,5.74482,3.196791999926063,3.196791999926063,0.054,1.868,1.2747919999260628,0.7377919999260629,0.5369999999999999,0.0
S00006,IMS-CSCF,edge-B,edge,115,DONE,5.75515,5.75913,3.9820859997234948,3.9820859997234948,0.091,2.101,1.7900859997234946,0.9880859997234945,0.802,0.0
S00001,vRAN-DU,edge-A,edge,106,DONE,5.75756,5.76204,4.485727999963274,4.485727999963274,0.088,3.037,1.3607279999632738,0.7227279999632739,0.6379999999999999,0.0
S00003,UPF,edge-A,edge,91,DONE,5.76206,5.76548,3.420141999868065,3.420141999868065,0.065,2.138,1.217141999868065,0.7281419998680647,0.4890000000000003,0.0
S00005,IMS-CSCF,edge-A,edge,86,DONE,5.77186,5.77509,3.2324650001100963,3.2324650001100963,0.139,1.735,1.3584650001100962,0.7434650001100964,0.6149999999999998,0.0
S00010,IoT-GW,edge-B,edge,105,DONE,5.7764,5.77912,2.7206170002500585,2.7206170002500585,0.09,1.398,1.2326170002500585,0.6126170002500584,0.6200000000000001,0.0
S00002,vRAN-DU,edge-B,edge,94,DONE,5.78035,5.78477,4.41461500031437,4.41461500031437,0.104,3.005,1.3056150003143703,0.7256150003143702,0.5800000000000001,0.0
S00005,IMS-CSCF,edge-A,edge,87,DONE,5.78479,5.78789,3.1035789997986285,3.1035789997986285,0.163,1.655,1.2855789997986284,0.6875789997986286,0.5979999999999999,0.0
S00004,UPF,edge-B,edge,107,DONE,5.79017,5.79379,3.6236199998711527,3.6236199998711527,0.088,2.306,1.2296199998711526,0.5936199998711529,0.6359999999999997,0.0
S00002,vRAN-DU,edge-B,edge,95,DONE,5.79622,5.80047,4.242581000198697,4.242581000198697,0.137,2.916,1.1895810001986975,0.5535810001986974,0.6360000000000001,0.0
S00006,IMS-CSCF,edge-B,edge,116,DONE,5.80494,5.80834,3.393854000023566,3.393854000023566,0.108,1.806,1.479854000023566,0.689854000023566,0.79,0.0
S00006,IMS-CSCF,edge-B,edge,117,DONE,5.81059,5.81334,2.7477400003590446,2.7477400003590446,0.082,1.438,1.2277400003590446,0.6037400003590445,0.6240000000000001,0.0
S00009,IoT-GW,edge-A,edge,101,DONE,5.81311,5.81584,2.728287000081764,2.728287000081764,0.099,1.343,1.2862870000817639,0.7072870000817639,0.579,0.0
S00005,IMS-CSCF,edge-A,edge,88,DONE,5.82014,5.82395,3.807969000263256,3.807969000263256,0.089,2.229,1.489969000263256,0.7459690002632562,0.7439999999999998,0.0
S00006,IMS-CSCF,edge-B,edge,118,DONE,5.82034,5.82333,2.9954950000501412,2.9954950000501412,0.101,1.811,1.0834950000501413,0.533495000050141,0.5500000000000003,0.0
S00009,IoT-GW,edge-A,edge,102,DONE,5.8272,5.82987,2.6713639999798033,2.6713639999798033,0.081,1.457,1.1333639999798033,0.6553639999798033,0.478,0.0
S00004,UPF,edge-B,edge,108,DONE,5.82933,5.83314,3.813431000253331,3.813431000253331,0.11,2.203,1.5004310002533314,0.734431000253331,0.7660000000000005,0.0
S00001,vRAN-DU,edge-A,edge,107,DONE,5.84108,5.84769,6.6150269999525335,6.6150269999525335,0.092,4.102,2.4210269999525336,1.0960269999525334,1.3250000000000002,0.0
S00006,IMS-CSCF,edge-B,edge,119,DONE,5.85614,5.86001,3.8628319998679217,3.8628319998679217,0.101,2.063,1.6988319998679215,0.8378319998679218,0.8609999999999998,0.0
S00008,Transcoder,core-1,core,43,DONE,5.8613,5.8829,21.600025000225287,21.600025000225287,0.12,6.786,2.694025000225288,1.8600250002252867,0.8340000000000005,12.0
S00006,IMS-CSCF,edge-B,edge,120,DONE,5.86488,5.86793,3.044651999971393,3.044651999971393,0.138,1.632,1.2746519999713928,0.6366519999713929,0.6379999999999999,0.0
S00010,IoT-GW,edge-B,edge,106,DONE,5.86794,5.87433,6.3881920000312675,6.3881920000312675,0.075,0.878,5.435192000031267,4.462192000031267,0.973,0.0
S00010,IoT-GW,edge-B,edge,107,DONE,5.87571,5.87838,2.669238000180485,2.669238000180485,0.08,1.307,1.282238000180485,0.5572380001804849,0.7250000000000001,0.0
S00007,Transcoder,core-1,core,59,DONE,5.91839,5.93906,20.676352999998926,20.676352999998926,0.086,7.95,2.6403529999989264,1.9883529999989253,0.652000000000001,10.0
S00006,IMS-CSCF,edge-B,edge,121,DONE,5.91859,5.9214,2.8080400002181705,2.8080400002181705,0.094,1.565,1.1490400002181704,0.5380400002181704,0.611,0.0
S00009,IoT-GW,edge-A,edge,103,DONE,5.92073,5.92419,3.463072000158718,3.463072000158718,0.097,2.094,1.272072000158718,0.5200720001587178,0.7520000000000002,0.0
S00009,IoT-GW,edge-A,edge,104,DONE,5.93156,5.93501,3.4471769999981916,3.4471769999981916,0.094,1.698,1.6551769999981916,1.1331769999981915,0.522,0.0
S00007,Transcoder,core-1,core,60,DONE,5.93428,5.95388,19.601370000145835,19.601370000145835,0.151,6.354,3.0963700001458356,2.2863700001458334,0.8100000000000005,10.0
S00010,IoT-GW,edge-B,edge,108,DONE,5.9346,5.93806,3.4642639998310187,3.4642639998310187,0.084,1.87,1.5102639998310186,0.7362639998310185,0.774,0.0
S00002,vRAN-DU,edge-B,edge,96,DONE,5.95033,5.95493,4.597278999881382,4.597278999881382,0.086,3.135,1.3762789998813827,0.6732789998813824,0.7030000000000003,0.0
S00005,IMS-CSCF,edge-A,edge,89,DONE,5.95052,5.95442,3.9002440003059746,3.9002440003059746,0.123,2.797,0.9802440003059747,0.4472440003059748,0.5329999999999999,0.0
S00005,IMS-CSCF,edge-A,edge,90,DONE,5.95184,5.95652,4.670756999985315,4.670756999985315,2.235,1.392,1.0437569999853151,0.46675699998531517,0.577,0.0
S00008,Transcoder,core-1,core,44,DONE,5.95241,5.97399,21.580995000022085,21.580995000022085,0.094,6.48,3.0069950000220835,2.2459950000220843,0.7609999999999992,12.0
S00003,UPF,edge-A,edge,92,DONE,5.97084,5.97508,4.234423000070819,4.234423000070819,0.15,2.767,1.3174230000708196,0.6284230000708195,0.6890000000000001,0.0
S00006,IMS-CSCF,edge-B,edge,122,DONE,5.98144,5.9843,2.851737000128196,2.851737000128196,0.152,1.484,1.2157370001281962,0.6457370001281961,0.5700000000000001,0.0
S00005,IMS-CSCF,edge-A,edge,91,DONE,5.98552,5.98836,2.838864999830548,2.838864999830548,0.07,1.47,1.2988649998305482,0.5758649998305483,0.7229999999999999,0.0
S00005,IMS-CSCF,edge-A,edge,92,DONE,5.98683,5.99296,6.12690499974633,6.12690499974633,0.866,4.256,1.00490499974633,0.6349049997463299,0.3700000000000001,0.0
S00001,vRAN-DU,edge-A,edge,108,DONE,5.98837,5.99233,3.9611520001017198,3.9611520001017198,0.048,3.042,0.8711520001017199,0.3961520001017198,0.4750000000000001,0.0
S00009,IoT-GW,edge-A,edge,105,DONE,5.99097,5.99418,3.2123320002028777,3.2123320002028777,0.05,1.703,1.4593320002028776,0.4993320002028776,0.96,0.0
S00006,IMS-CSCF,edge-B,edge,123,DONE,5.99236,5.99523,2.868557000056171,2.868557000056171,0.085,1.744,1.0395570000561711,0.41955700005617125,0.6199999999999999,0.0
S00005,IMS-CSCF,edge-A,edge,93,DONE,5.99419,5.99699,2.7958440000475093,2.7958440000475093,0.053,1.734,1.0088440000475094,0.43984400004750945,0.569,0.0
S00005,IMS-CSCF,edge-A,edge,94,DONE,5.99426,5.99941,5.153875999894808,5.153875999894808,2.011,1.769,1.3738759998948078,0.778875999894808,0.5949999999999998,0.0
S00006,IMS-CSCF,edge-B,edge,124,DONE,5.9992,6.00275,3.545958999893628,3.545958999893628,0.085,2.023,1.437958999893628,0.6869589998936281,0.7509999999999999,0.0
S00005,IMS-CSCF,edge-A,edge,95,DONE,6.01123,6.03254,21.310608000021602,21.310608000021602,0.131,19.044,2.135608000021602,1.2706080000216033,0.8649999999999984,0.0
S00002,vRAN-DU,edge-B,edge,97,DONE,6.01686,6.02367,6.807192999986,6.807192999986,0.123,4.855,1.8291929999859997,0.8601929999860003,0.9689999999999994,0.0
S00005,IMS-CSCF,edge-A,edge,96,DONE,6.02802,6.03509,7.07524800009196,7.07524800009196,1.629,2.255,3.1912480000919605,0.8762480000919606,2.315,0.0
S00004,UPF,edge-B,edge,109,DONE,6.03733,6.04132,3.9855800000623276,3.9855800000623276,0.144,2.388,1.4535800000623276,0.7035800000623276,0.75,0.0
S00006,IMS-CSCF,edge-B,edge,125,DONE,6.04378,6.04874,4.963506999956735,4.963506999956735,0.129,3.282,1.552506999956735,0.8365069999567352,0.7159999999999997,0.0
S00008,Transcoder,core-1,core,45,DONE,6.04523,6.06749,22.26152599996567,22.26152599996567,0.097,7.216,2.9485259999656694,2.1055259999656695,0.843,12.0
S00010,IoT-GW,edge-B,edge,109,DONE,6.05315,6.05549,2.3330349999923783,2.3330349999923783,0.102,1.239,0.9920349999923781,0.5180349999923783,0.47399999999999975,0.0
S00006,IMS-CSCF,edge-B,edge,126,DONE,6.05558,6.06984,14.26510600003894,14.26510600003894,0.338,12.492,1.4351060000389406,0.8861060000389411,0.5489999999999995,0.0
S00004,UPF,edge-B,edge,110,DONE,6.05578,6.07032,14.541758000177651,14.541758000177651,0.053,13.436,1.0527580001776506,0.5957580001776517,0.45699999999999896,0.0
S00002,vRAN-DU,edge-B,edge,98,DONE,6.05711,6.0731,15.993334000086179,15.993334000086179,11.68,2.971,1.3423340000861792,0.7173340000861792,0.625,0.0
S00003,UPF,edge-A,edge,93,DONE,6.07253,6.07694,4.411778999838134,4.411778999838134,0.084,3.015,1.3127789998381338,0.7577789998381341,0.5549999999999997,0.0
S00002,vRAN-DU,edge-B,edge,99,DONE,6.07266,6.07692,4.259247999925719,4.259247999925719,0.068,3.171,1.0202479999257195,0.6662479999257194,0.3540000000000001,0.0
S00003,UPF,edge-A,edge,94,DONE,6.07428,6.07998,5.697134999991249,5.697134999991249,1.045,2.375,2.277134999991249,1.665134999991249,0.6120000000000001,0.0
S00005,IMS-CSCF,edge-A,edge,97,DONE,6.07834,6.08133,2.983876000143937,2.983876000143937,0.115,1.881,0.9878760001439368,0.38887600014393664,0.5990000000000002,0.0
S00009,IoT-GW,edge-A,edge,106,DONE,6.08117,6.08303,1.8552250003267545,1.8552250003267545,0.056,1.091,0.7082250003267545,0.3392250003267545,0.369,0.0
S00001,vRAN-DU,edge-A,edge,109,DONE,6.10245,6.10699,4.535173000022041,4.535173000022041,0.091,2.964,1.4801730000220412,0.8761730000220416,0.6039999999999996,0.0
S00006,IMS-CSCF,edge-B,edge,127,DONE,6.1027,6.10804,5.333826999958546,5.333826999958546,2.489,1.478,1.3668269999585467,0.7348269999585462,0.6320000000000006,0.0
S00006,IMS-CSCF,edge-B,edge,128,DONE,6.11237,6.11665,4.28719399997135,4.28719399997135,0.083,2.162,2.0421939999713503,1.5651939999713504,0.47699999999999987,0.0
S00007,Transcoder,core-1,core,61,DONE,6.11443,6.13629,21.86444000017218,21.86444000017218,0.19,7.942,3.732440000172181,2.934440000172181,0.798,10.0
S00001,vRAN-DU,edge-A,edge,110,DONE,6.11465,6.12637,11.717440000211354,11.717440000211354,0.095,5.601,6.021440000211355,3.679440000211354,2.3420000000000005,0.0
S00004,UPF,edge-B,edge,111,DONE,6.11667,6.12638,9.71557799994116,9.71557799994116,0.084,2.026,7.605577999941161,0.8585779999411614,6.747,0.0
S00005,IMS-CSCF,edge-A,edge,98,DONE,6.11674,6.12769,10.944892000225082,10.944892000225082,0.067,4.617,6.260892000225081,5.361892000225081,0.899,0.0
S00003,UPF,edge-A,edge,95,DONE,6.13091,6.13413,3.219355000055657,3.219355000055657,0.07,2.015,1.134355000055657,0.598355000055657,0.536,0.0
S00010,IoT-GW,edge-B,edge,110,DONE,6.13225,6.13452,2.265193999846815,2.265193999846815,0.107,1.07,1.088193999846815,0.4761939998468152,0.6119999999999999,0.0
S00007,Transcoder,core-1,core,62,DONE,6.14666,6.168,21.339779999834718,21.339779999834718,0.118,7.085,4.136779999834719,1.6987799998347182,2.4379999999999997,10.0
S00010,IoT-GW,edge-B,edge,111,DONE,6.14803,6.15051,2.4780639996606624,2.4780639996606624,0.09,1.189,1.1990639996606622,0.5660639996606625,0.6329999999999998,0.0
S00003,UPF,edge-A,edge,96,DONE,6.17835,6.18209,3.73980099993787,3.73980099993787,0.093,2.259,1.3878009999378702,0.7308009999378702,0.657,0.0
S00009,IoT-GW,edge-A,edge,107,DONE,6.18214,6.18396,1.824175999900035,1.824175999900035,0.061,0.972,0.7911759999000352,0.39017599990003515,0.401,0.0
S00010,IoT-GW,edge-B,edge,112,DONE,6.19629,6.19964,3.3483249999335385,3.3483249999335385,0.089,1.747,1.5123249999335384,0.9013249999335384,0.611,0.0
S00001,vRAN-DU,edge-A,edge,111,DONE,6.20093,6.20682,5.892038999718352,5.892038999718352,0.124,4.408,1.360038999718352,0.6160389997183522,0.7439999999999998,0.0
S00006,IMS-CSCF,edge-B,edge,129,DONE,6.20227,6.20433,2.0553229996949085,2.0553229996949085,0.07,1.225,0.7603229996949084,0.35232299969490843,0.4079999999999999,0.0
S00010,IoT-GW,edge-B,edge,113,DONE,6.21112,6.21393,2.8067910002391727,2.8067910002391727,0.105,1.428,1.2737910002391728,0.5877910002391729,0.6859999999999999,0.0
S00004,UPF,edge-B,edge,112,DONE,6.21919,6.22491,5.714635999993334,5.714635999993334,0.08,4.365,1.2696359999933335,0.6516359999933341,0.6179999999999994,0.0
S00010,IoT-GW,edge-B,edge,114,DONE,6.22158,6.22748,5.90441499980443,5.90441499980443,0.103,3.228,2.57341499980443,2.0444149998044305,0.5289999999999995,0.0
S00006,IMS-CSCF,edge-B,edge,130,DONE,6.22173,6.22699,5.258500999843818,5.258500999843818,0.661,1.904,2.693500999843818,2.068500999843818,0.625,0.0
S00010,IoT-GW,edge-B,edge,115,DONE,6.23188,6.23414,2.263516000311938,2.263516000311938,0.073,1.08,1.110516000311938,0.5945160003119381,0.516,0.0
S00005,IMS-CSCF,edge-A,edge,99,DONE,6.24652,6.24986,3.335873000196443,3.335873000196443,0.091,1.621,1.6238730001964432,0.966873000196443,0.6570000000000003,0.0
S00006,IMS-CSCF,edge-B,edge,131,DONE,6.24987,6.25274,2.8611480001927703,2.8611480001927703,0.174,1.494,1.1931480001927703,0.6141480001927704,0.579,0.0
S00006,IMS-CSCF,edge-B,edge,132,DONE,6.25394,6.2563,2.3595739999109355,2.3595739999109355,0.065,1.397,0.8975739999109356,0.4515739999109356,0.44599999999999995,0.0
S00005,IMS-CSCF,edge-A,edge,100,DONE,6.2575,6.26025,2.7440150001893926,2.7440150001893926,0.111,1.477,1.1560150001893925,0.5190150001893925,0.637,0.0
S00009,IoT-GW,edge-A,edge,108,DONE,6.26032,6.26219,1.8779139995785954,1.8779139995785954,0.059,1.014,0.8049139995785954,0.3959139995785954,0.40900000000000003,0.0
S00003,UPF,edge-A,edge,97,DONE,6.26338,6.26625,2.8623309999602498,2.8623309999602498,0.055,1.955,0.8523309999602495,0.4103309999602498,0.4419999999999997,0.0
S00009,IoT-GW,edge-A,edge,109,DONE,6.2857,6.28848,2.77685700029906,2.77685700029906,0.158,1.188,1.4308570002990602,0.8248570002990601,0.6060000000000001,0.0
S00003,UPF,edge-A,edge,98,DONE,6.2989,6.30353,4.6293680002236215,4.6293680002236215,0.145,2.85,1.6343680002236214,0.8533680002236217,0.7809999999999997,0.0
S00002,vRAN-DU,edge-B,edge,100,DONE,6.30239,6.31318,10.791367999900103,10.791367999900103,0.088,8.072,2.631367999900105,1.1673679999001028,1.4640000000000022,0.0
S00002,vRAN-DU,edge-B,edge,101,DONE,6.30682,6.31704,10.221412999726454,10.221412999726454,0.112,7.439,2.6704129997264534,2.001412999726453,0.6690000000000005,0.0
S00004,UPF,edge-B,edge,113,DONE,6.3117,6.31766,5.963320000319072,5.963320000319072,0.082,4.225,1.6563200003190728,1.0153200003190719,0.6410000000000009,0.0
S00007,Transcoder,core-1,core,63,DONE,6.3132,6.33604,22.842021000087698,22.842021000087698,0.126,9.622,3.0940210000876984,2.3100210000876977,0.7840000000000007,10.0
S00010,IoT-GW,edge-B,edge,116,DONE,6.31987,6.32631,6.440431999635621,6.440431999635621,0.109,2.846,3.4854319996356207,2.858431999635621,0.6269999999999998,0.0
S00008,Transcoder,core-1,core,46,DONE,6.32316,6.3445,21.335845999601588,21.335845999601588,0.065,6.277,2.9938459996015876,2.393845999601588,0.5999999999999996,12.0
S00005,IMS-CSCF,edge-A,edge,101,DONE,6.32641,6.33065,4.245245999754843,4.245245999754843,0.137,2.326,1.782245999754843,0.9422459997548431,0.8399999999999999,0.0
S00010,IoT-GW,edge-B,edge,117,DONE,6.3404,6.34332,2.9190780001044914,2.9190780001044914,0.134,1.376,1.4090780001044916,0.6690780001044914,0.7400000000000002,0.0
S00003,UPF,edge-A,edge,99,DONE,6.34284,6.34802,5.1764169998023135,5.1764169998023135,0.134,3.468,1.5744169998023136,0.9344169998023135,0.6400000000000001,0.0
S00009,IoT-GW,edge-A,edge,110,DONE,6.34334,6.34591,2.573659000063344,2.573659000063344,0.058,1.132,1.3836590000633442,0.6966590000633441,0.687,0.0
S00005,IMS-CSCF,edge-A,edge,102,DONE,6.34938,6.35189,2.509256999928766,2.509256999928766,0.07,1.456,0.9832569999287661,0.4652569999287661,0.518,0.0
S00003,UPF,edge-A,edge,100,DONE,6.35417,6.35714,2.9679089998353447,2.9679089998353447,0.087,2.018,0.8629089998353447,0.4279089998353447,0.43500000000000005,0.0
S00009,IoT-GW,edge-A,edge,111,DONE,6.36242,6.36481,2.392983999925491,2.392983999925491,0.084,1.126,1.182983999925491,0.6659839999254908,0.5170000000000001,0.0
S00002,vRAN-DU,edge-B,edge,102,DONE,6.3963,6.40225,5.9472380003171565,5.9472380003171565,0.134,3.345,2.4682380003171565,1.1542380003171564,1.314,0.0
S00010,IoT-GW,edge-B,edge,118,DONE,6.39655,6.40223,5.6826089999049145,5.6826089999049145,0.235,3.175,2.272608999904915,1.473608999904915,0.7989999999999999,0.0
S00002,vRAN-DU,edge-B,edge,103,DONE,6.40226,6.40671,4.445791999842186,4.445791999842186,0.089,2.886,1.4707919998421857,0.5547919998421857,0.9159999999999999,0.0
S00002,vRAN-DU,edge-B,edge,104,DONE,6.40583,6.41079,4.957702999945468,4.957702999945468,0.088,3.391,1.478702999945468,0.969702999945468,0.5089999999999999,0.0
S00002,vRAN-DU,edge-B,edge,105,DONE,6.40906,6.41385,4.791083999862167,4.791083999862167,0.096,3.317,1.3780839998621666,0.7260839998621664,0.6520000000000001,0.0
S00008,Transcoder,core-1,core,47,DONE,6.41386,6.43599,22.1285339998758,22.1285339998758,0.112,7.479,2.537533999875798,1.5105339998757987,1.0270000000000001,12.0
S00002,vRAN-DU,edge-B,edge,106,DONE,6.41924,6.42368,4.434898999988945,4.434898999988945,0.082,2.911,1.4418989999889456,0.8708989999889454,0.5710000000000002,0.0
S00001,vRAN-DU,edge-A,edge,112,DONE,6.4237,6.43226,8.566899000015837,8.566899000015837,0.089,6.387,2.0908990000158374,0.8678990000158375,1.2229999999999999,0.0
S00003,UPF,edge-A,edge,101,DONE,6.425,6.4311,6.096936999711033,6.096936999711033,0.064,3.844,2.1889369997110335,1.5919369997110335,0.597,0.0
S00001,vRAN-DU,edge-A,edge,113,DONE,6.42835,6.43431,5.961093000223627,5.961093000223627,1.132,2.971,1.8580930002236276,0.561093000223627,1.2970000000000006,0.0
S00004,UPF,edge-B,edge,114,DONE,6.44127,6.44511,3.8484050000988645,3.8484050000988645,0.09,2.422,1.3364050000988645,0.7084050000988644,0.6280000000000001,0.0
S00008,Transcoder,core-1,core,48,DONE,6.44735,6.46768,20.334830999672704,20.334830999672704,0.085,6.221,2.028830999672703,1.5468309996727037,0.4820000000000002,12.0
S00003,UPF,edge-A,edge,102,DONE,6.45103,6.45436,3.3297599998149963,3.3297599998149963,0.087,2.053,1.1897599998149961,0.5317599998149962,0.6579999999999999,0.0
S00006,IMS-CSCF,edge-B,edge,133,DONE,6.45763,6.46004,2.4079670001810882,2.4079670001810882,0.083,1.253,1.0719670001810884,0.46496700018108816,0.6070000000000002,0.0
S00001,vRAN-DU,edge-A,edge,114,DONE,6.46529,6.4709,5.610902999706013,5.610902999706013,0.177,3.781,1.6529029997060132,0.6349029997060134,1.0179999999999998,0.0
S00010,IoT-GW,edge-B,edge,119,DONE,6.46556,6.46802,2.4555460004194174,2.4555460004194174,0.084,1.09,1.2815460004194172,0.4265460004194175,0.8549999999999998,0.0
S00010,IoT-GW,edge-B,edge,120,DONE,6.48236,6.48529,2.9241449997243762,2.9241449997243762,0.109,1.427,1.3881449997243762,0.7351449997243762,0.653,0.0
S00010,IoT-GW,edge-B,edge,121,DONE,6.49269,6.49591,3.2251910001832584,3.2251910001832584,0.087,1.368,1.7701910001832584,0.8151910001832583,0.9550000000000001,0.0
S00001,vRAN-DU,edge-A,edge,115,DONE,6.51029,6.51498,4.690282999945339,4.690282999945339,0.09,3.153,1.447282999945339,0.7262829999453388,0.7210000000000001,0.0
S00008,Transcoder,core-1,core,49,DONE,6.51386,6.53689,23.030439000194747,23.030439000194747,0.083,7.095,3.852439000194746,3.1894390001947457,0.6630000000000003,12.0
S00010,IoT-GW,edge-B,edge,122,DONE,6.51499,6.51727,2.2776190003241936,2.2776190003241936,0.142,1.169,0.9666190003241937,0.43961900032419354,0.5270000000000001,0.0
S00002,vRAN-DU,edge-B,edge,107,DONE,6.52768,6.53255,4.870192999987921,4.870192999987921,0.11,3.312,1.4481929999879215,0.795192999987921,0.6530000000000005,0.0
S00001,vRAN-DU,edge-A,edge,116,DONE,6.54226,6.54697,4.706546999841521,4.706546999841521,0.091,3.186,1.429546999841521,0.771546999841521,0.6579999999999999,0.0
S00004,UPF,edge-B,edge,115,DONE,6.55031,6.55448,4.171906999999919,4.171906999999919,0.087,2.596,1.488906999999919,0.6569069999999191,0.8319999999999999,0.0
S00006,IMS-CSCF,edge-B,edge,134,DONE,6.55182,6.55747,5.65113199991174,5.65113199991174,0.063,4.564,1.0241319999117406,0.6061319999117405,0.41800000000000015,0.0
S00002,vRAN-DU,edge-B,edge,108,DONE,6.55192,6.55785,5.927954000071622,5.927954000071622,1.262,3.47,1.1959540000716222,0.7179540000716225,0.47799999999999976,0.0
S00002,vRAN-DU,edge-B,edge,109,DONE,6.55326,6.56064,7.38035199992737,7.38035199992737,3.423,2.644,1.3133519999273702,0.4413519999273703,0.8719999999999999,0.0
S00002,vRAN-DU,edge-B,edge,110,DONE,6.56291,6.56939,6.488869999884628,6.488869999884628,0.076,5.108,1.3048699998846285,0.7668699998846273,0.5380000000000011,0.0
S00005,IMS-CSCF,edge-A,edge,103,DONE,6.56426,6.57002,5.761203000020032,5.761203000020032,0.125,4.472,1.1642030000200316,0.5382030000200322,0.6259999999999994,0.0
S00009,IoT-GW,edge-A,edge,112,DONE,6.56568,6.57034,4.665513999952964,4.665513999952964,0.256,3.164,1.2455139999529639,0.6045139999529638,0.641,0.0
S00009,IoT-GW,edge-A,edge,113,DONE,6.57003,6.57193,1.901051999993797,1.901051999993797,0.052,0.956,0.8930519999937969,0.5440519999937969,0.349,0.0
S00001,vRAN-DU,edge-A,edge,117,DONE,6.57194,6.5757,3.7537019998126198,3.7537019998126198,0.049,2.781,0.9237019998126197,0.49670199981261964,0.42700000000000005,0.0
S00003,UPF,edge-A,edge,103,DONE,6.58817,6.59206,3.8889320003363537,3.8889320003363537,0.099,2.4,1.3899320003363536,0.7809320003363536,0.609,0.0
S00009,IoT-GW,edge-A,edge,114,DONE,6.59122,6.59325,2.027862999966601,2.027862999966601,0.054,0.759,1.2148629999666007,0.6088629999666009,0.606,0.0
S00002,vRAN-DU,edge-B,edge,111,DONE,6.59551,6.60008,4.577096000048186,4.577096000048186,0.143,3.306,1.1280960000481866,0.5920960000481865,0.536,0.0
S00002,vRAN-DU,edge-B,edge,112,DONE,6.59569,6.60144,5.754233000061504,5.754233000061504,0.099,4.417,1.2382330000615038,0.5092330000615037,0.7290000000000001,0.0
S00006,IMS-CSCF,edge-B,edge,135,DONE,6.6001,6.60278,2.682082999854174,2.682082999854174,0.054,1.523,1.105082999854174,0.654082999854174,0.45100000000000007,0.0
S00003,UPF,edge-A,edge,104,DONE,6.6028,6.60733,4.52616400025363,4.52616400025363,0.097,3.315,1.1141640002536297,0.4681640002536298,0.6459999999999999,0.0
S00004,UPF,edge-B,edge,116,DONE,6.60631,6.61192,5.61642299999221,5.61642299999221,0.068,3.663,1.88542299999221,0.8864229999922095,0.9990000000000006,0.0
S00007,Transcoder,core-1,core,64,DONE,6.61527,6.63512,19.85375499998554,19.85375499998554,0.105,6.607,3.1417549999855403,1.3037549999855393,1.838,10.0
S00006,IMS-CSCF,edge-B,edge,136,DONE,6.6455,6.64847,2.9664899998351757,2.9664899998351757,0.093,1.529,1.3444899998351758,0.7084899998351757,0.6360000000000001,0.0
S00005,IMS-CSCF,edge-A,edge,104,DONE,6.64796,6.65087,2.9133289999663248,2.9133289999663248,0.106,1.484,1.3233289999663247,0.4953289999663246,0.8280000000000001,0.0
S00005,IMS-CSCF,edge-A,edge,105,DONE,6.65068,6.65292,2.232684999853518,2.232684999853518,0.089,1.302,0.8416849998535181,0.42768499985351816,0.4139999999999999,0.0
S00002,vRAN-DU,edge-B,edge,113,DONE,6.65293,6.65774,4.811085999790521,4.811085999790521,0.08,3.375,1.3560859997905208,0.6840859997905211,0.6719999999999997,0.0
S00007,Transcoder,core-1,core,65,DONE,6.65419,6.67288,18.69720900003813,18.69720900003813,0.089,6.4,2.208209000038128,1.6142090000381284,0.5939999999999994,10.0
S00010,IoT-GW,edge-B,edge,123,DONE,6.65752,6.65986,2.3423820002790308,2.3423820002790308,0.065,1.288,0.9893820002790308,0.4983820002790307,0.4910000000000001,0.0
S00005,IMS-CSCF,edge-A,edge,106,DONE,6.66315,6.666,2.848812000138423,2.848812000138423,0.09,1.478,1.2808120001384231,0.5018120001384232,0.7789999999999999,0.0
S00009,IoT-GW,edge-A,edge,115,DONE,6.66828,6.67072,2.438052999877982,2.438052999877982,0.067,1.43,0.9410529998779822,0.489052999877982,0.4520000000000002,0.0
S00010,IoT-GW,edge-B,edge,124,DONE,6.66841,6.67143,3.02452899995842,3.02452899995842,0.086,1.922,1.0165289999584202,0.49052899995842036,0.5259999999999998,0.0
S00005,IMS-CSCF,edge-A,edge,107,DONE,6.68016,6.68287,2.708468000037101,2.708468000037101,0.08,1.572,1.0564680000371007,0.5224680000371009,0.5339999999999998,0.0
S00010,IoT-GW,edge-B,edge,125,DONE,6.68039,6.68323,2.842681999936758,2.842681999936758,0.083,1.771,0.9886819999367582,0.4626819999367582,0.526,0.0
S00005,IMS-CSCF,edge-A,edge,108,DONE,6.68852,6.69192,3.4011300003840006,3.4011300003840006,0.091,1.893,1.4171300003840006,0.8171300003840005,0.6000000000000001,0.0
S00009,IoT-GW,edge-A,edge,116,DONE,6.69194,6.69714,5.193210000015824,5.193210000015824,0.061,3.915,1.2172100000158244,0.442210000015824,0.7750000000000004,0.0
S00002,vRAN-DU,edge-B,edge,114,DONE,6.6922,6.69685,4.648614999950951,4.648614999950951,0.142,3.296,1.210614999950951,0.5996149999509504,0.6110000000000007,0.0
S00006,IMS-CSCF,edge-B,edge,137,DONE,6.69355,6.69893,5.37585800020679,5.37585800020679,0.056,4.366,0.9538580002067905,0.5078580002067898,0.4460000000000006,0.0
S00007,Transcoder,core-1,core,66,DONE,6.70318,6.72196,18.773978000353964,18.773978000353964,0.086,6.443,2.2449780003539637,1.6039780003539637,0.641,10.0
S00006,IMS-CSCF,edge-B,edge,138,DONE,6.70565,6.70876,3.1020429996715393,3.1020429996715393,0.135,1.532,1.4350429996715393,0.8410429996715392,0.5940000000000001,0.0
S00002,vRAN-DU,edge-B,edge,115,DONE,6.72325,6.72989,6.640846999744099,6.640846999744099,0.094,4.994,1.5528469997440988,0.9388469997440989,0.6139999999999999,0.0
S00003,UPF,edge-A,edge,105,DONE,6.72453,6.73094,6.406446999790205,6.406446999790205,0.084,4.395,1.927446999790206,1.3704469997902056,0.5570000000000004,0.0
S00009,IoT-GW,edge-A,edge,117,DONE,6.72583,6.7279,2.068261999738752,2.068261999738752,0.06,0.873,1.1352619997387519,0.7272619997387519,0.4079999999999999,0.0
S00006,IMS-CSCF,edge-B,edge,139,DONE,6.72591,6.73163,5.720720999761397,5.720720999761397,0.299,1.735,3.686720999761397,2.2437209997613974,1.4429999999999996,0.0
S00004,UPF,edge-B,edge,117,DONE,6.72791,6.73234,4.436248999809322,4.436248999809322,0.212,2.768,1.4562489998093224,0.2722489998093227,1.1839999999999997,0.0
S00005,IMS-CSCF,edge-A,edge,109,DONE,6.73164,6.73389,2.252472000236594,2.252472000236594,0.058,1.36,0.8344720002365937,0.352472000236594,0.48199999999999976,0.0
S00010,IoT-GW,edge-B,edge,126,DONE,6.74115,6.74416,3.017863999957626,3.017863999957626,0.083,1.504,1.4308639999576263,0.644863999957626,0.7860000000000003,0.0
S00002,vRAN-DU,edge-B,edge,116,DONE,6.7454,6.74954,4.1371170000275015,4.1371170000275015,0.073,2.935,1.1291170000275015,0.5181170000275013,0.6110000000000002,0.0
S00006,IMS-CSCF,edge-B,edge,140,DONE,6.75386,6.75629,2.4322440003743395,2.4322440003743395,0.078,1.296,1.0582440003743394,0.5662440003743394,0.492,0.0
S00005,IMS-CSCF,edge-A,edge,110,DONE,6.75401,6.75647,2.463524999711808,2.463524999711808,0.087,1.27,1.106524999711808,0.46752499971180805,0.639,0.0
S00009,IoT-GW,edge-A,edge,118,DONE,6.75767,6.75955,1.8804970000019239,1.8804970000019239,0.128,0.989,0.7634970000019239,0.37049700000192387,0.393,0.0
S00004,UPF,edge-B,edge,118,DONE,6.805,6.80904,4.0369530001953535,4.0369530001953535,0.103,2.286,1.6479530001953533,0.6209530001953536,1.0269999999999997,0.0
S00006,IMS-CSCF,edge-B,edge,141,DONE,6.80844,6.81123,2.7951859997301653,2.7951859997301653,0.067,1.561,1.1671859997301655,0.7281859997301652,0.4390000000000003,0.0
S00003,UPF,edge-A,edge,106,DONE,6.83171,6.84491,13.202009000451653,13.202009000451653,0.093,10.731,2.3780090004516534,1.4800090004516537,0.8979999999999997,0.0
S00004,UPF,edge-B,edge,119,DONE,6.84228,6.84795,5.664756999976817,5.664756999976817,0.086,4.168,1.4107569999768161,0.7067569999768164,0.7039999999999997,0.0
S00003,UPF,edge-A,edge,107,DONE,6.84796,6.85135,3.3893410000018775,3.3893410000018775,0.078,2.364,0.9473410000018778,0.4523410000018777,0.4950000000000001,0.0
S00003,UPF,edge-A,edge,108,DONE,6.86172,6.86575,4.026886999781709,4.026886999781709,0.084,2.581,1.3618869997817091,0.7898869997817091,0.5720000000000001,0.0
S00005,IMS-CSCF,edge-A,edge,111,DONE,6.87204,6.87485,2.810014999795385,2.810014999795385,0.09,1.512,1.2080149997953848,0.6250149997953849,0.583,0.0
S00009,IoT-GW,edge-A,edge,119,DONE,6.87913,6.88147,2.3411439997289563,2.3411439997289563,0.074,1.244,1.0231439997289562,0.45414399972895625,0.569,0.0
S00010,IoT-GW,edge-B,edge,127,DONE,6.88054,6.88326,2.7243290001024434,2.7243290001024434,0.096,1.572,1.0563290001024432,0.5863290001024435,0.46999999999999975,0.0
S00002,vRAN-DU,edge-B,edge,117,DONE,6.88068,6.88585,5.173660999844287,5.173660999844287,0.088,3.341,1.744660999844287,1.0526609998442868,0.6920000000000002,0.0
S00010,IoT-GW,edge-B,edge,128,DONE,6.88708,6.88922,2.1442419997583784,2.1442419997583784,0.061,1.009,1.0742419997583785,0.5932419997583784,0.4810000000000001,0.0
S00009,IoT-GW,edge-A,edge,120,DONE,6.90068,6.90424,3.561628000170458,3.561628000170458,0.326,1.535,1.7006280001704581,0.9276280001704582,0.7729999999999999,0.0
S00009,IoT-GW,edge-A,edge,121,DONE,6.90861,6.9114,2.783207999982551,2.783207999982551,0.082,1.36,1.3412079999825508,0.742207999982551,0.5989999999999998,0.0
S00010,IoT-GW,edge-B,edge,129,DONE,6.93969,6.94521,5.516334999811079,5.516334999811079,0.077,4.005,1.434334999811079,0.7053349998110789,0.7290000000000001,0.0
S00006,IMS-CSCF,edge-B,edge,142,DONE,6.94646,6.94996,3.4959169997819117,3.4959169997819117,0.072,1.286,2.1379169997819116,1.6709169997819118,0.46699999999999986,0.0
S00001,vRAN-DU,edge-A,edge,118,DONE,6.94663,6.95925,12.622067999927822,12.622067999927822,0.084,11.448,1.0900679999278218,0.5060679999278221,0.5839999999999996,0.0
S00001,vRAN-DU,edge-A,edge,119,DONE,6.94869,6.95887,10.18590099965877,10.18590099965877,0.082,3.001,7.10290099965877,1.43290099965877,5.67,0.0
S00002,vRAN-DU,edge-B,edge,118,DONE,6.94979,6.95738,7.590119999804301,7.590119999804301,0.321,5.043,2.2261199998043013,1.797119999804301,0.42900000000000027,0.0
S00006,IMS-CSCF,edge-B,edge,143,DONE,6.95,6.95737,7.367067999894061,7.367067999894061,0.062,1.213,6.092067999894061,5.358067999894061,0.7339999999999998,0.0
S00003,UPF,edge-A,edge,109,DONE,6.95739,6.96353,6.14159099995959,6.14159099995959,0.049,3.953,2.13959099995959,1.33959099995959,0.7999999999999998,0.0
S00005,IMS-CSCF,edge-A,edge,112,DONE,6.95933,6.96189,2.562491999924532,2.562491999924532,0.05,1.649,0.8634919999245321,0.32449199992453215,0.5389999999999999,0.0
S00010,IoT-GW,edge-B,edge,130,DONE,6.96922,6.97259,3.3724419999998645,3.3724419999998645,0.091,1.728,1.5534419999998645,0.9894419999998645,0.5640000000000001,0.0
S00009,IoT-GW,edge-A,edge,122,DONE,6.97683,6.97945,2.6191050001216354,2.6191050001216354,0.085,1.329,1.2051050001216355,0.5961050001216353,0.6090000000000002,0.0
S00010,IoT-GW,edge-B,edge,131,DONE,7.0007,7.00558,4.880885999682505,4.880885999682505,0.504,2.447,1.9298859996825048,0.9578859996825049,0.972,0.0
S00009,IoT-GW,edge-A,edge,123,DONE,7.0009,7.00342,2.5222179997399508,2.5222179997399508,0.093,1.372,1.0572179997399507,0.5832179997399507,0.474,0.0
S00002,vRAN-DU,edge-B,edge,119,DONE,7.00343,7.00886,5.429139999705512,5.429139999705512,0.24,3.247,1.9421399997055122,0.6891399997055121,1.2530000000000001,0.0
S00009,IoT-GW,edge-A,edge,124,DONE,7.0056,7.00877,3.171229000145104,3.171229000145104,0.091,1.485,1.5952290001451037,0.8782290001451036,0.7170000000000001,0.0
S00001,vRAN-DU,edge-A,edge,120,DONE,7.02324,7.03168,8.444845000212808,8.444845000212808,0.128,6.389,1.927845000212808,1.036845000212808,0.891,0.0
S00004,UPF,edge-B,edge,120,DONE,7.02782,7.03364,5.815694999910193,5.815694999910193,0.092,4.197,1.5266949999101929,0.7746949999101922,0.7520000000000007,0.0
S00009,IoT-GW,edge-A,edge,125,DONE,7.04409,7.04802,3.932748999886826,3.932748999886826,0.119,1.671,2.142748999886826,1.327748999886826,0.815,0.0
S00003,UPF,edge-A,edge,110,DONE,7.04804,7.05338,5.345391999981075,5.345391999981075,0.084,3.888,1.373391999981075,0.6413919999810753,0.7319999999999998,0.0
S00006,IMS-CSCF,edge-B,edge,144,DONE,7.05777,7.06166,3.8984249999884923,3.8984249999884923,0.117,1.853,1.9284249999884924,0.8314249999884922,1.0970000000000002,0.0
S00002,vRAN-DU,edge-B,edge,120,DONE,7.06024,7.06858,8.337215000210563,8.337215000210563,0.066,6.82,1.4512150002105626,0.617215000210563,0.8339999999999996,0.0
S00001,vRAN-DU,edge-A,edge,121,DONE,7.06039,7.06647,6.078276000152982,6.078276000152982,0.091,3.652,2.335276000152982,1.5122760001529825,0.8229999999999995,0.0
S00006,IMS-CSCF,edge-B,edge,145,DONE,7.06289,7.07043,7.532887000252231,7.532887000252231,0.102,3.174,4.256887000252231,0.9028870002522309,3.354,0.0
S00009,IoT-GW,edge-A,edge,126,DONE,7.06301,7.06925,6.244299000172759,6.244299000172759,0.123,4.415,1.7062990001727592,0.48029900017275917,1.226,0.0
S00001,vRAN-DU,edge-A,edge,122,DONE,7.06649,7.07337,6.889128000238998,6.889128000238998,0.234,4.76,1.8951280002389979,0.8411280002389976,1.0540000000000003,0.0
S00006,IMS-CSCF,edge-B,edge,146,DONE,7.06666,7.0718,5.145840999830398,5.145840999830398,1.63,1.612,1.9038409998303978,0.44184099983039804,1.4619999999999997,0.0
S00003,UPF,edge-A,edge,111,DONE,7.0817,7.0857,3.9976520001800964,3.9976520001800964,0.093,2.363,1.5416520001800964,0.7626520001800965,0.7789999999999999,0.0
S00009,IoT-GW,edge-A,edge,127,DONE,7.08512,7.08881,3.693062999900576,3.693062999900576,0.066,1.94,1.6870629999005762,0.7900629999005759,0.8970000000000002,0.0
S00010,IoT-GW,edge-B,edge,132,DONE,7.0853,7.08815,2.852305000033084,2.852305000033084,0.092,1.359,1.401305000033084,0.7663050000330842,0.6349999999999998,0.0
S00005,IMS-CSCF,edge-A,edge,113,DONE,7.08729,7.09036,3.064397000343888,3.064397000343888,0.053,1.312,1.699397000343888,0.803397000343888,0.8960000000000001,0.0
S00002,vRAN-DU,edge-B,edge,121,DONE,7.10487,7.1114,6.5384580002501025,6.5384580002501025,0.126,4.009,2.403458000250102,1.5614580002501022,0.8419999999999996,0.0
S00009,IoT-GW,edge-A,edge,128,DONE,7.10846,7.11229,3.8297349997264973,3.8297349997264973,0.119,1.638,2.0727349997264977,0.7657349997264973,1.3070000000000002,0.0
S00004,UPF,edge-B,edge,121,DONE,7.11879,7.12601,7.22584300001472,7.22584300001472,0.142,5.264,1.8198430000147194,0.78684300001472,1.0329999999999995,0.0
S00006,IMS-CSCF,edge-B,edge,147,DONE,7.13228,7.13588,3.5951009999735106,3.5951009999735106,0.09,1.947,1.5581009999735107,0.7831009999735108,0.7749999999999999,0.0
S00002,vRAN-DU,edge-B,edge,122,DONE,7.13565,7.14339,7.737857000392978,7.737857000392978,0.054,6.698,0.9858570003929774,0.43985700039297804,0.5459999999999994,0.0
S00005,IMS-CSCF,edge-A,edge,114,DONE,7.13806,7.14442,6.361275000017486,6.361275000017486,0.148,3.38,2.8332750000174856,1.5322750000174858,1.3009999999999997,0.0
S00003,UPF,edge-A,edge,112,DONE,7.13833,7.14444,6.110109000019293,6.110109000019293,0.042,3.287,2.781109000019293,1.1291090000192927,1.6520000000000001,0.0
S00006,IMS-CSCF,edge-B,edge,148,DONE,7.14165,7.14574,4.0866620001906995,4.0866620001906995,0.206,2.41,1.4706620001906994,0.8276620001906996,0.6429999999999998,0.0
S00003,UPF,edge-A,edge,113,DONE,7.14576,7.1521,6.348802000047726,6.348802000047726,0.068,3.933,2.347802000047727,1.6848020000477266,0.6630000000000003,0.0
S00001,vRAN-DU,edge-A,edge,123,DONE,7.14862,7.153,4.372434999822872,4.372434999822872,0.06,3.158,1.1544349998228718,0.5664349998228717,0.5880000000000001,0.0
S00010,IoT-GW,edge-B,edge,133,DONE,7.15926,7.16277,3.5123149996252323,3.5123149996252323,0.084,1.776,1.6523149996252322,0.9013149996252321,0.7510000000000001,0.0
S00009,IoT-GW,edge-A,edge,129,DONE,7.17422,7.17703,2.8056780001861625,2.8056780001861625,0.084,1.211,1.5106780001861624,0.8936780001861626,0.6169999999999998,0.0
S00006,IMS-CSCF,edge-B,edge,149,DONE,7.17441,7.17764,3.2296059998770943,3.2296059998770943,0.117,1.913,1.199605999877094,0.6886059998770944,0.5109999999999997,0.0
S00006,IMS-CSCF,edge-B,edge,150,DONE,7.19292,7.19706,4.14135700020779,4.14135700020779,0.087,2.337,1.71735700020779,0.7043570002077906,1.0129999999999995,0.0
S00004,UPF,edge-B,edge,122,DONE,7.19634,7.20009,3.7577030002466927,3.7577030002466927,0.089,2.364,1.3047030002466928,0.6357030002466928,0.669,0.0
S00004,UPF,edge-B,edge,123,DONE,7.20128,7.20617,4.883146999873134,4.883146999873134,0.07,3.354,1.4591469998731337,0.6851469998731332,0.7740000000000005,0.0
S00004,UPF,edge-B,edge,124,DONE,7.20143,7.20901,7.582143000036012,7.582143000036012,3.742,2.355,1.4851430000360129,0.7691430000360127,0.7160000000000002,0.0
S00003,UPF,edge-A,edge,114,DONE,7.20737,7.21072,3.3514790002300288,3.3514790002300288,0.085,2.199,1.067479000230029,0.5494790002300287,0.5180000000000002,0.0
S00002,vRAN-DU,edge-B,edge,123,DONE,7.21902,7.2259,6.873857999835309,6.873857999835309,0.094,5.311,1.4688579998353086,0.759857999835309,0.7089999999999996,0.0
S00001,vRAN-DU,edge-A,edge,124,DONE,7.22231,7.22671,4.39965099985784,4.39965099985784,0.083,2.834,1.48265099985784,0.9146509998578405,0.5679999999999996,0.0
S00010,IoT-GW,edge-B,edge,134,DONE,7.22673,7.22988,3.157004000058805,3.157004000058805,0.131,1.289,1.7370040000588052,1.2190040000588052,0.518,0.0
S00006,IMS-CSCF,edge-B,edge,151,DONE,7.22685,7.2299,3.048451999802637,3.048451999802637,0.091,1.592,1.365451999802637,0.606451999802637,0.7590000000000001,0.0
S00006,IMS-CSCF,edge-B,edge,152,DONE,7.22914,7.23147,2.321827999821835,2.321827999821835,0.051,1.325,0.9458279998218351,0.510827999821835,0.43500000000000005,0.0
S00008,Transcoder,core-1,core,50,DONE,7.23982,7.26104,21.223168000233272,21.223168000233272,0.086,6.654,2.483168000233272,1.775168000233272,0.7080000000000002,12.0
S00004,UPF,edge-B,edge,125,DONE,7.24,7.27165,31.65537899985793,31.65537899985793,0.089,30.127,1.439378999857933,0.7003789998579322,0.7390000000000008,0.0
S00010,IoT-GW,edge-B,edge,135,DONE,7.24325,7.27366,30.40997799962497,30.40997799962497,0.098,27.668,2.6439779996249726,1.939977999624972,0.7040000000000006,0.0
S00010,IoT-GW,edge-B,edge,136,DONE,7.25066,7.2788,28.143391999947198,28.143391999947198,2.691,5.466,19.986391999947198,0.6153919999471995,19.371,0.0
S00004,UPF,edge-B,edge,126,DONE,7.25604,7.27464,18.59363299990946,18.59363299990946,1.818,2.579,14.19663299990946,0.5756329999094589,13.621,0.0
S00002,vRAN-DU,edge-B,edge,124,DONE,7.27135,7.27869,7.345261999944341,7.345261999944341,1.833,3.487,2.025261999944341,0.9782619999443414,1.0469999999999997,0.0
S00002,vRAN-DU,edge-B,edge,125,DONE,7.29844,7.30473,6.291827000040939,6.291827000040939,0.196,4.254,1.84182700004094,0.9808270000409394,0.8610000000000007,0.0
S00005,IMS-CSCF,edge-A,edge,115,DONE,7.29874,7.30479,6.047415000011824,6.047415000011824,0.101,4.069,1.8774150000118244,0.8864150000118247,0.9909999999999997,0.0
S00008,Transcoder,core-1,core,51,DONE,7.30115,7.32383,22.67637900013142,22.67637900013142,0.109,7.155,3.41237900013142,2.1243790001314196,1.2879999999999994,12.0
S00006,IMS-CSCF,edge-B,edge,153,DONE,7.31514,7.32036,5.227415999797813,5.227415999797813,0.09,2.52,2.6174159997978133,1.362415999797813,1.2550000000000003,0.0
S00002,vRAN-DU,edge-B,edge,126,DONE,7.32715,7.33511,7.958855000197218,7.958855000197218,0.129,6.234,1.5958550001972185,0.8248550001972177,0.7710000000000008,0.0
S00001,vRAN-DU,edge-A,edge,125,DONE,7.34649,7.3529,6.408764999832783,6.408764999832783,0.215,4.379,1.814764999832784,1.0147649998327832,0.8000000000000007,0.0
S00004,UPF,edge-B,edge,127,DONE,7.38028,7.38398,3.698164000070392,3.698164000070392,0.103,2.251,1.3441640000703918,0.7281640000703917,0.6160000000000001,0.0
S00007,Transcoder,core-1,core,67,DONE,7.38046,7.39865,18.193043999872316,18.193043999872316,0.086,6.153,1.9540439998723151,1.2100439998723154,0.7439999999999998,10.0
S00002,vRAN-DU,edge-B,edge,127,DONE,7.39875,7.40289,4.142805999890697,4.142805999890697,0.091,2.87,1.1818059998906971,0.5508059998906973,0.6309999999999998,0.0
S00009,IoT-GW,edge-A,edge,130,DONE,7.4263,7.42909,2.7884029996130266,2.7884029996130266,0.128,1.187,1.4734029996130267,0.7434029996130267,0.73,0.0
S00005,IMS-CSCF,edge-A,edge,116,DONE,7.42648,7.42958,3.1045830000948627,3.1045830000948627,0.165,1.719,1.2205830000948625,0.7005830000948627,0.5199999999999998,0.0
S00004,UPF,edge-B,edge,128,DONE,7.43081,7.43473,3.921242999695096,3.921242999695096,0.252,2.603,1.0662429996950955,0.537242999695096,0.5289999999999995,0.0
S00003,UPF,edge-A,edge,115,DONE,7.43093,7.43396,3.024996000021929,3.024996000021929,0.055,2.062,0.9079960000219289,0.5059960000219288,0.40200000000000014,0.0
S00009,IoT-GW,edge-A,edge,131,DONE,7.4338,7.43582,2.0264579998183763,2.0264579998183763,0.054,1.188,0.7844579998183763,0.37045799981837635,0.4139999999999999,0.0
S00001,vRAN-DU,edge-A,edge,126,DONE,7.44208,7.4463,4.220118999910483,4.220118999910483,0.077,2.897,1.246118999910483,0.6521189999104826,0.5940000000000003,0.0
S00006,IMS-CSCF,edge-B,edge,154,DONE,7.45667,7.45961,2.9391349999059457,2.9391349999059457,0.092,1.556,1.2911349999059456,0.6991349999059455,0.5920000000000001,0.0
S00002,vRAN-DU,edge-B,edge,128,DONE,7.47198,7.47689,4.9128789996757405,4.9128789996757405,0.095,3.389,1.4288789996757405,0.7488789996757408,0.6799999999999997,0.0
S00010,IoT-GW,edge-B,edge,137,DONE,7.47917,7.48163,2.4682180001036613,2.4682180001036613,0.122,1.148,1.1982180001036613,0.6062180001036612,0.5920000000000001,0.0
S00004,UPF,edge-B,edge,129,DONE,7.48489,7.48915,4.258930000105465,4.258930000105465,0.087,2.742,1.4299300001054651,0.7639300001054652,0.6659999999999999,0.0
S00005,IMS-CSCF,edge-A,edge,117,DONE,7.48916,7.4921,2.9418740000437538,2.9418740000437538,0.302,1.322,1.3178740000437537,0.6358740000437537,0.6819999999999999,0.0
S00002,vRAN-DU,edge-B,edge,129,DONE,7.48938,7.49536,5.973944000288611,5.973944000288611,0.081,4.702,1.190944000288611,0.5029440002886112,0.6879999999999997,0.0
S00006,IMS-CSCF,edge-B,edge,155,DONE,7.49109,7.49572,4.630562999864196,4.630562999864196,0.059,3.464,1.107562999864196,0.4755629998641959,0.6320000000000001,0.0
S00005,IMS-CSCF,edge-A,edge,118,DONE,7.49581,7.49887,3.0633329997726833,3.0633329997726833,0.071,1.946,1.0463329997726833,0.5123329997726831,0.5340000000000003,0.0
S00009,IoT-GW,edge-A,edge,132,DONE,7.50321,7.50597,2.7677260000018578,2.7677260000018578,0.083,1.334,1.3507260000018577,0.7357260000018577,0.615,0.0
S00003,UPF,edge-A,edge,116,DONE,7.53535,7.54006,4.713178999736556,4.713178999736556,0.091,2.72,1.9021789997365555,1.0451789997365557,0.8569999999999998,0.0
S00010,IoT-GW,edge-B,edge,138,DONE,7.54339,7.54629,2.902789000017947,2.902789000017947,0.17,1.122,1.6107890000179468,0.8837890000179467,0.7270000000000001,0.0
S00003,UPF,edge-A,edge,117,DONE,7.54497,7.54982,4.8485370002708805,4.8485370002708805,0.11,3.225,1.5135370002708806,0.8655370002708804,0.6480000000000001,0.0
S00004,UPF,edge-B,edge,130,DONE,7.54861,7.55267,4.053083000144397,4.053083000144397,0.126,2.479,1.4480830001443974,0.7760830001443972,0.6720000000000002,0.0
S00001,vRAN-DU,edge-A,edge,127,DONE,7.55494,7.56091,5.96907299996019,5.96907299996019,0.098,3.983,1.8880729999601895,0.9770729999601899,0.9109999999999996,0.0
S00009,IoT-GW,edge-A,edge,133,DONE,7.55735,7.5618,4.4482919997790304,4.4482919997790304,0.707,2.514,1.2272919997790308,0.6632919997790303,0.5640000000000005,0.0
S00008,Transcoder,core-1,core,52,DONE,7.55747,7.57916,21.689797999897564,21.689797999897564,0.097,6.566,3.026797999897564,2.1957979998975645,0.8309999999999995,12.0
S00003,UPF,edge-A,edge,118,DONE,7.56513,7.56827,3.136427999834268,3.136427999834268,0.09,1.97,1.076427999834268,0.5614279998342679,0.5150000000000001,0.0
S00003,UPF,edge-A,edge,119,DONE,7.58756,7.59242,4.859726999711711,4.859726999711711,0.092,3.127,1.640726999711711,0.6757269997117108,0.9650000000000003,0.0
S00001,vRAN-DU,edge-A,edge,128,DONE,7.59146,7.59547,4.009212999790179,4.009212999790179,0.062,2.766,1.1812129997901795,0.6832129997901792,0.4980000000000002,0.0
S00005,IMS-CSCF,edge-A,edge,119,DONE,7.60074,7.60429,3.5530230002223107,3.5530230002223107,0.094,1.702,1.7570230002223106,0.5300230002223105,1.227,0.0
S00005,IMS-CSCF,edge-A,edge,120,DONE,7.60312,7.60621,3.0841600000712788,3.0841600000712788,0.12,1.718,1.2461600000712787,0.7741600000712787,0.472,0.0
S00009,IoT-GW,edge-A,edge,134,DONE,7.61289,7.63235,19.4589940001606,19.4589940001606,0.196,17.344,1.9189940001605983,1.0709940001605993,0.847999999999999,0.0
S00001,vRAN-DU,edge-A,edge,129,DONE,7.61306,7.63338,20.322089999808668,20.322089999808668,0.104,19.13,1.0880899998086697,0.5230899998086684,0.5650000000000013,0.0
S00003,UPF,edge-A,edge,120,DONE,7.62742,7.635,7.576941000024817,7.576941000024817,0.936,3.134,3.506941000024817,0.6389410000248175,2.8679999999999994,0.0
S00002,vRAN-DU,edge-B,edge,130,DONE,7.62762,7.63255,4.930949000026885,4.930949000026885,0.091,3.785,1.0549490000268849,0.43494900002688475,0.6200000000000001,0.0
S00005,IMS-CSCF,edge-A,edge,121,DONE,7.65143,7.65493,3.4998259998246795,3.4998259998246795,0.092,2.023,1.3848259998246792,0.7288259998246795,0.6559999999999997,0.0
S00002,vRAN-DU,edge-B,edge,131,DONE,7.65166,7.65679,5.131338999945001,5.131338999945001,0.127,3.754,1.2503389999450008,0.5333389999450011,0.7169999999999996,0.0
S00007,Transcoder,core-1,core,68,DONE,7.65429,7.67428,19.99339099984354,19.99339099984354,0.093,7.046,2.8543909998435417,2.00139099984354,0.8529999999999998,10.0
S00008,Transcoder,core-1,core,53,DONE,7.66206,7.68659,24.52937899988683,24.52937899988683,0.075,10.186,2.2683789998868313,1.35737899988683,0.9110000000000014,12.0
S00002,vRAN-DU,edge-B,edge,132,DONE,7.67059,7.67509,4.491794999921694,4.491794999921694,0.093,3.343,1.0557949999216945,0.47979499992169483,0.5759999999999996,0.0
S00010,IoT-GW,edge-B,edge,139,DONE,7.68034,7.68357,3.2335500000044703,3.2335500000044703,0.098,1.663,1.4725500000044702,0.8815500000044705,0.5909999999999997,0.0
S00001,vRAN-DU,edge-A,edge,130,DONE,7.68278,7.68882,6.042153000180406,6.042153000180406,0.129,4.308,1.6051530001804064,0.609153000180406,0.9960000000000004,0.0
S00001,vRAN-DU,edge-A,edge,131,DONE,7.68787,7.69231,4.439724999883765,4.439724999883765,0.063,2.924,1.452724999883765,0.759724999883765,0.6930000000000001,0.0
S00002,vRAN-DU,edge-B,edge,133,DONE,7.69016,7.69562,5.457571000079042,5.457571000079042,0.088,2.995,2.374571000079042,1.620571000079042,0.754,0.0
S00009,IoT-GW,edge-A,edge,135,DONE,7.69686,7.69966,2.795667000100366,2.795667000100366,0.089,1.373,1.3336670001003659,0.632667000100366,0.7009999999999998,0.0
S00003,UPF,edge-A,edge,121,DONE,7.69831,7.70297,4.6657620000587485,4.6657620000587485,0.081,2.935,1.6497620000587485,0.6947620000587484,0.9550000000000001,0.0
S00002,vRAN-DU,edge-B,edge,134,DONE,7.70087,7.70633,5.46024999994188,5.46024999994188,0.144,4.135,1.1812499999418797,0.5222499999418799,0.6589999999999998,0.0
S00002,vRAN-DU,edge-B,edge,135,DONE,7.72078,7.72561,4.838941000343766,4.838941000343766,0.126,3.046,1.6669410003437664,0.7959410003437659,0.8710000000000004,0.0
S00006,IMS-CSCF,edge-B,edge,156,DONE,7.73091,7.73373,2.8193490002195176,2.8193490002195176,0.089,1.428,1.3023490002195177,0.6333490002195177,0.669,0.0
S00010,IoT-GW,edge-B,edge,140,DONE,7.737,7.73936,2.359182999953191,2.359182999953191,0.077,1.142,1.1401829999531912,0.597182999953191,0.5430000000000001,0.0
S00009,IoT-GW,edge-A,edge,136,DONE,7.73937,7.74146,2.0870780003861,2.0870780003861,0.086,0.98,1.0210780003861,0.48007800038610005,0.5409999999999999,0.0
S00004,UPF,edge-B,edge,131,DONE,7.74065,7.74361,2.9628350002894877,2.9628350002894877,0.058,2.073,0.8318350002894879,0.4048350002894878,0.42700000000000005,0.0
S00002,vRAN-DU,edge-B,edge,136,DONE,7.74481,7.76954,24.733800999911182,24.733800999911182,0.057,23.685,0.9918009999111845,0.47880099991118286,0.5130000000000017,0.0
S00009,IoT-GW,edge-A,edge,137,DONE,7.7522,7.75516,2.953897999759647,2.953897999759647,0.091,1.485,1.377897999759647,0.667897999759647,0.71,0.0
S00005,IMS-CSCF,edge-A,edge,122,DONE,7.7636,7.76679,3.19308199959778,3.19308199959778,0.089,1.768,1.33608199959778,0.7300819995977799,0.6060000000000001,0.0
S00006,IMS-CSCF,edge-B,edge,157,DONE,7.77384,7.77673,2.882925999983854,2.882925999983854,0.087,1.539,1.2569259999838542,0.7039259999838543,0.5529999999999999,0.0
S00010,IoT-GW,edge-B,edge,141,DONE,7.77522,7.77756,2.3355789999186527,2.3355789999186527,0.084,1.217,1.0345789999186525,0.4935789999186526,0.5409999999999999,0.0
S00008,Transcoder,core-1,core,54,DONE,7.78593,7.81472,28.79401800009873,28.79401800009873,0.082,14.341,2.371018000098731,1.5930180000987306,0.7780000000000005,12.0
S00005,IMS-CSCF,edge-A,edge,123,DONE,7.78615,7.78921,3.0608900001425354,3.0608900001425354,0.13,1.614,1.3168900001425352,0.5608900001425354,0.7559999999999998,0.0
S00008,Transcoder,core-1,core,55,DONE,7.78745,7.82345,36.003601999709645,36.003601999709645,0.143,15.688,8.172601999709642,3.3456019997096433,4.827,12.0
S00010,IoT-GW,edge-B,edge,142,DONE,7.78922,7.79159,2.373455999986618,2.373455999986618,0.108,1.141,1.1244559999866177,0.5694559999866178,0.5549999999999999,0.0
S00007,Transcoder,core-1,core,69,DONE,7.79053,7.82159,31.058260000008886,31.058260000008886,0.098,14.397,6.563260000008885,1.127260000008885,5.436,10.0
S00004,UPF,edge-B,edge,132,DONE,7.79288,7.79989,7.011405999946874,7.011405999946874,0.152,5.573,1.286405999946873,0.4474059999468736,0.8389999999999995,0.0
S00002,vRAN-DU,edge-B,edge,137,DONE,7.79298,7.79874,5.759109000337048,5.759109000337048,0.067,4.564,1.128109000337048,0.6111090003370485,0.5169999999999995,0.0
S00006,IMS-CSCF,edge-B,edge,158,DONE,7.79838,7.80189,3.5044090000155848,3.5044090000155848,0.047,2.516,0.9414090000155846,0.4514090000155848,0.48999999999999977,0.0
S00005,IMS-CSCF,edge-A,edge,124,DONE,7.79854,7.80172,3.1849639999563806,3.1849639999563806,0.083,2.024,1.0779639999563804,0.5709639999563807,0.5069999999999997,0.0
S00004,UPF,edge-B,edge,133,DONE,7.7999,7.80437,4.472024999813584,4.472024999813584,0.044,2.713,1.715024999813584,0.3800249998135845,1.3349999999999995,0.0
S00010,IoT-GW,edge-B,edge,143,DONE,7.80564,7.80735,1.7064300000129151,1.7064300000129151,0.06,0.935,0.711430000012915,0.346430000012915,0.365,0.0
S00003,UPF,edge-A,edge,122,DONE,7.80857,7.81446,5.885330000182876,5.885330000182876,0.084,4.675,1.1263300001828762,0.45833000018287606,0.6680000000000001,0.0
S00006,IMS-CSCF,edge-B,edge,159,DONE,7.80986,7.81208,2.219124000021111,2.219124000021111,0.062,1.182,0.975124000021111,0.499124000021111,0.476,0.0
S00005,IMS-CSCF,edge-A,edge,125,DONE,7.80995,7.81585,5.90143999988868,5.90143999988868,0.059,1.202,4.64043999988868,2.17543999988868,2.465,0.0
S00008,Transcoder,core-1,core,56,DONE,7.82287,7.8497,26.837747000172385,26.837747000172385,0.192,11.272,3.3737470001723846,2.818747000172385,0.5549999999999997,12.0
S00007,Transcoder,core-1,core,70,DONE,7.82346,7.84969,26.224948999697517,26.224948999697517,0.118,10.354,5.752948999697518,4.526948999697517,1.2260000000000009,10.0
S00004,UPF,edge-B,edge,134,DONE,7.82578,7.82892,3.1343539999397763,3.1343539999397763,0.088,2.17,0.8763539999397763,0.35535399993977634,0.5209999999999999,0.0
S00002,vRAN-DU,edge-B,edge,138,DONE,7.82703,7.83499,7.956640999964293,7.956640999964293,0.103,3.803,4.050640999964292,0.8946409999642926,3.156,0.0
S00002,vRAN-DU,edge-B,edge,139,DONE,7.83218,7.87113,38.95568699999785,38.95568699999785,0.065,34.506,4.384686999997854,3.386686999997849,0.9980000000000047,0.0
S00009,IoT-GW,edge-A,edge,138,DONE,7.83924,7.84509,5.844044999776088,5.844044999776088,0.187,3.364,2.293044999776088,1.3400449997760884,0.9529999999999998,0.0
S00001,vRAN-DU,edge-A,edge,132,DONE,7.84059,7.84684,6.254566999814415,6.254566999814415,0.157,3.038,3.059566999814415,0.7475669998144152,2.312,0.0
S00004,UPF,edge-B,edge,135,DONE,7.84807,7.87266,24.59440899974652,24.59440899974652,0.099,2.8,21.69540899974652,0.5074089997465201,21.188,0.0
S00010,IoT-GW,edge-B,edge,144,DONE,7.86403,7.88234,18.30891099962173,18.30891099962173,7.406,2.11,8.79291099962173,0.7249109996217307,8.068,0.0
S00006,IMS-CSCF,edge-B,edge,160,DONE,7.86537,7.87246,7.090306999998575,7.090306999998575,0.684,2.166,4.240306999998575,0.413306999998575,3.8269999999999995,0.0
S00009,IoT-GW,edge-A,edge,139,DONE,7.86667,7.86905,2.3759800001244002,2.3759800001244002,0.089,1.214,1.0729800001244003,0.5059800001244001,0.5670000000000002,0.0
S00002,vRAN-DU,edge-B,edge,140,DONE,7.87114,7.87626,5.119983000440698,5.119983000440698,0.618,3.602,0.8999830004406979,0.4339830004406977,0.4660000000000002,0.0
S00006,IMS-CSCF,edge-B,edge,161,DONE,7.87121,7.87695,5.735286999879463,5.735286999879463,3.312,1.452,0.9712869998794638,0.4562869998794632,0.5150000000000006,0.0
S00003,UPF,edge-A,edge,123,DONE,7.87247,7.87547,2.9909980003139935,2.9909980003139935,0.063,1.867,1.0609980003139936,0.4109980003139935,0.6500000000000001,0.0
S00004,UPF,edge-B,edge,136,DONE,7.87486,7.87838,3.5111829997731547,3.5111829997731547,0.873,1.852,0.7861829997731546,0.3551829997731546,0.43100000000000005,0.0
S00001,vRAN-DU,edge-A,edge,133,DONE,7.87695,7.88243,5.479831000229751,5.479831000229751,0.091,3.477,1.9118310002297512,1.4138310002297514,0.4979999999999998,0.0
S00008,Transcoder,core-1,core,57,DONE,7.88674,7.90745,20.703757000319456,20.703757000319456,0.068,6.402,2.233757000319457,1.6507570003194552,0.5830000000000002,12.0
S00009,IoT-GW,edge-A,edge,140,DONE,7.89224,7.89554,3.302516999610816,3.302516999610816,0.142,1.483,1.6775169996108161,0.9475169996108161,0.73,0.0
S00002,vRAN-DU,edge-B,edge,141,DONE,7.89888,7.9041,5.224086999987776,5.224086999987776,0.127,3.868,1.2290869999877758,0.6090869999877757,0.6200000000000001,0.0
S00006,IMS-CSCF,edge-B,edge,162,DONE,7.91174,7.91503,3.2870730001377524,3.2870730001377524,0.158,1.874,1.2550730001377524,0.6080730001377526,0.6469999999999998,0.0
S00005,IMS-CSCF,edge-A,edge,126,DONE,7.92339,7.92647,3.076323000186676,3.076323000186676,0.091,1.539,1.446323000186676,0.7823230001866759,0.6640000000000001,0.0
S00005,IMS-CSCF,edge-A,edge,127,DONE,7.93084,7.93407,3.23080399994069,3.23080399994069,0.166,1.718,1.3468039999406902,0.5448039999406902,0.802,0.0
S00009,IoT-GW,edge-A,edge,141,DONE,7.97645,7.97962,3.1660780000493105,3.1660780000493105,0.122,1.65,1.3940780000493107,0.6970780000493106,0.6970000000000001,0.0
S00006,IMS-CSCF,edge-B,edge,163,DONE,7.97787,7.98105,3.1715410000288102,3.1715410000288102,0.086,1.936,1.1495410000288104,0.6375410000288104,0.512,0.0
S00006,IMS-CSCF,edge-B,edge,164,DONE,7.97797,7.98355,5.579964999924414,5.579964999924414,1.898,1.966,1.715964999924414,1.2059649999244142,0.5099999999999998,0.0
S00007,Transcoder,core-1,core,71,DONE,7.98085,8.00474,23.888250999789307,23.888250999789307,0.151,11.042,2.695250999789307,1.3592509997893067,1.3360000000000003,10.0
S00010,IoT-GW,edge-B,edge,145,DONE,7.98331,7.9852,1.8962970002576185,1.8962970002576185,0.051,1.115,0.7302970002576186,0.36229700025761846,0.3680000000000001,0.0
S00004,UPF,edge-B,edge,137,DONE,7.98361,7.98778,4.166953000094509,4.166953000094509,0.046,3.345,0.7759530000945087,0.3469530000945089,0.4289999999999998,0.0
S00010,IoT-GW,edge-B,edge,146,DONE,8.00255,8.00493,2.3759890000292216,2.3759890000292216,0.088,1.006,1.2819890000292216,0.6929890000292216,0.589,0.0
S00006,IMS-CSCF,edge-B,edge,165,DONE,8.00476,8.00692,2.167866000036156,2.167866000036156,0.056,1.396,0.7158660000361561,0.369866000036156,0.3460000000000001,0.0
S00001,vRAN-DU,edge-A,edge,134,DONE,8.02132,8.02853,7.209108000097331,7.209108000097331,0.143,3.154,3.912108000097331,0.7791080000973309,3.133,0.0
S00003,UPF,edge-A,edge,124,DONE,8.02387,8.02879,4.918423000162875,4.918423000162875,0.076,3.881,0.961423000162875,0.5194230001628748,0.44200000000000017,0.0
S00009,IoT-GW,edge-A,edge,142,DONE,8.03916,8.04229,3.1282009999813454,3.1282009999813454,0.087,1.173,1.8682009999813454,1.2802009999813453,0.5880000000000001,0.0
S00004,UPF,edge-B,edge,138,DONE,8.04053,8.04433,3.799924999839277,3.799924999839277,0.083,2.731,0.985924999839277,0.4119249998392771,0.5739999999999998,0.0
S00006,IMS-CSCF,edge-B,edge,166,DONE,8.04363,8.04747,3.840756000045076,3.840756000045076,0.046,2.69,1.104756000045076,0.5237560000450756,0.5810000000000004,0.0
S00009,IoT-GW,edge-A,edge,143,DONE,8.05382,8.05662,2.8044209998370206,2.8044209998370206,0.098,1.283,1.4234209998370206,0.7444209998370206,0.679,0.0
S00010,IoT-GW,edge-B,edge,147,DONE,8.06501,8.06762,2.616648999719473,2.616648999719473,0.09,1.238,1.288648999719473,0.6766489997194731,0.6119999999999999,0.0
S00010,IoT-GW,edge-B,edge,148,DONE,8.06885,8.07075,1.9002409999302472,1.9002409999302472,0.06,1.008,0.8322409999302471,0.4122409999302472,0.41999999999999993,0.0
S00010,IoT-GW,edge-B,edge,149,DONE,8.08518,8.08834,3.1564890000481682,3.1564890000481682,0.089,1.787,1.2804890000481683,0.6874890000481684,0.593,0.0
S00008,Transcoder,core-1,core,58,DONE,8.09115,8.11398,22.823317000074894,22.823317000074894,0.085,9.005,1.7333170000748925,1.1203170000748948,0.6129999999999978,12.0
S00007,Transcoder,core-1,core,72,DONE,8.09531,8.11342,18.108513000242965,18.108513000242965,0.074,6.296,1.738513000242964,1.1815130002429655,0.5569999999999995,10.0
S00006,IMS-CSCF,edge-B,edge,167,DONE,8.10064,8.10676,6.121829999756301,6.121829999756301,0.104,1.277,4.740829999756301,0.6318299997563006,4.109,0.0
S00006,IMS-CSCF,edge-B,edge,168,DONE,8.11102,8.114,2.980881999974372,2.980881999974372,0.074,1.896,1.010881999974372,0.47388199997437175,0.5370000000000001,0.0
S00001,vRAN-DU,edge-A,edge,135,DONE,8.11624,8.1209,4.666058000111661,4.666058000111661,0.089,3.193,1.3840580001116614,0.6960580001116612,0.6880000000000002,0.0
S00004,UPF,edge-B,edge,139,DONE,8.12091,8.12487,3.9517380000688718,3.9517380000688718,0.092,2.609,1.2507380000688717,0.5197380000688718,0.7309999999999999,0.0
S00003,UPF,edge-A,edge,125,DONE,8.12225,8.12704,4.789202000210935,4.789202000210935,0.09,3.365,1.3342020002109347,0.4852020002109345,0.8490000000000002,0.0
S00005,IMS-CSCF,edge-A,edge,128,DONE,8.1282,8.13214,3.9422709996870253,3.9422709996870253,0.075,2.262,1.6052709996870251,0.9842709996870251,0.621,0.0
S00004,UPF,edge-B,edge,140,DONE,8.13336,8.13704,3.689358999963588,3.689358999963588,0.142,2.237,1.3103589999635878,0.643358999963588,0.6669999999999998,0.0
S00009,IoT-GW,edge-A,edge,144,DONE,8.14837,8.15125,2.888902999984566,2.888902999984566,0.089,1.44,1.3599029999845662,0.696902999984566,0.6630000000000003,0.0
S00003,UPF,edge-A,edge,126,DONE,8.15027,8.15383,3.5559929997361905,3.5559929997361905,0.066,2.201,1.2889929997361906,0.6369929997361905,0.6520000000000001,0.0
S00008,Transcoder,core-1,core,59,DONE,8.15502,8.17501,19.98553700013872,19.98553700013872,0.074,6.356,1.5555370001387203,0.9605370001387197,0.5950000000000006,12.0
S00005,IMS-CSCF,edge-A,edge,129,DONE,8.1552,8.15805,2.85135000012815,2.85135000012815,0.066,1.895,0.8903500001281499,0.46135000012814986,0.42900000000000005,0.0
S00001,vRAN-DU,edge-A,edge,136,DONE,8.15652,8.16071,4.1822419998425175,4.1822419998425175,0.064,3.28,0.8382419998425177,0.41124199984251764,0.42700000000000005,0.0
S00008,Transcoder,core-1,core,60,DONE,8.16393,8.19786,33.92922900002304,33.92922900002304,0.077,9.183,12.669229000023044,12.188229000023043,0.48099999999999987,12.0
S00004,UPF,edge-B,edge,141,DONE,8.1743,8.18012,5.816209999920829,5.816209999920829,0.064,4.178,1.5742099999208294,0.7242099999208298,0.8499999999999996,0.0
S00002,vRAN-DU,edge-B,edge,142,DONE,8.17484,8.19785,23.008576999927755,23.008576999927755,0.28,7.335,15.393576999927754,13.364576999927754,2.029,0.0
S00006,IMS-CSCF,edge-B,edge,169,DONE,8.17626,8.19783,21.568171000126313,21.568171000126313,1.321,4.491,15.756171000126313,13.782171000126313,1.9740000000000002,0.0
S00006,IMS-CSCF,edge-B,edge,170,DONE,8.17954,8.19784,18.30566499984343,18.30566499984343,1.433,1.185,15.68766499984343,12.82666499984343,2.8609999999999998,0.0
S00001,vRAN-DU,edge-A,edge,137,DONE,8.18272,8.20588,23.164592000284756,23.164592000284756,0.091,6.571,16.502592000284757,14.840592000284756,1.662,0.0
S00006,IMS-CSCF,edge-B,edge,171,DONE,8.19787,8.20269,4.823521999696823,4.823521999696823,0.113,2.749,1.9615219996968225,0.5945219996968225,1.367,0.0
S00009,IoT-GW,edge-A,edge,145,DONE,8.19838,8.20587,7.4913520002155565,7.4913520002155565,0.063,5.225,2.203352000215557,0.8583520002155565,1.3450000000000006,0.0
S00009,IoT-GW,edge-A,edge,146,DONE,8.19849,8.20591,7.413728999836167,7.413728999836167,2.536,0.914,3.9637289998361664,2.2557289998361663,1.7080000000000002,0.0
S00002,vRAN-DU,edge-B,edge,143,DONE,8.19855,8.20491,6.364951000250585,6.364951000250585,0.064,3.512,2.788951000250585,1.3609510002505854,1.4279999999999995,0.0
S00009,IoT-GW,edge-A,edge,147,DONE,8.19861,8.20696,8.35723499994856,8.35723499994856,3.555,0.9,3.9022349999485595,2.24123499994856,1.6609999999999996,0.0
S00006,IMS-CSCF,edge-B,edge,172,DONE,8.21325,8.2162,2.9483200000868237,2.9483200000868237,0.154,1.475,1.3193200000868237,0.6863200000868237,0.633,0.0
S00009,IoT-GW,edge-A,edge,148,DONE,8.22353,8.22587,2.3422209997079335,2.3422209997079335,0.091,1.175,1.0762209997079335,0.5662209997079335,0.51,0.0
S00002,vRAN-DU,edge-B,edge,144,DONE,8.22486,8.22969,4.8292910000782285,4.8292910000782285,0.092,3.267,1.4702910000782285,0.9072910000782284,0.5630000000000002,0.0
S00006,IMS-CSCF,edge-B,edge,173,DONE,8.22813,8.2307,2.569767999830219,2.569767999830219,0.082,1.457,1.030767999830219,0.5367679998302193,0.4939999999999998,0.0
S00003,UPF,edge-A,edge,127,DONE,8.24607,8.24993,3.856632999941212,3.856632999941212,0.1,2.187,1.569632999941212,0.7946329999412121,0.7749999999999999,0.0
S00010,IoT-GW,edge-B,edge,150,DONE,8.2613,8.26421,2.9163160002099175,2.9163160002099175,0.16,1.27,1.4863160002099176,0.8333160002099174,0.6530000000000002,0.0
S00003,UPF,edge-A,edge,128,DONE,8.26422,8.26781,3.5867380001946003,3.5867380001946003,0.09,2.208,1.2887380001946003,0.5487380001946005,0.7399999999999998,0.0
S00006,IMS-CSCF,edge-B,edge,174,DONE,8.26695,8.2697,2.7499959996930556,2.7499959996930556,0.093,1.499,1.1579959996930556,0.4619959996930558,0.6959999999999997,0.0
S00005,IMS-CSCF,edge-A,edge,130,DONE,8.272,8.27641,4.412751000018034,4.412751000018034,0.1,2.897,1.4157510000180338,0.7097510000180338,0.706,0.0
S00006,IMS-CSCF,edge-B,edge,175,DONE,8.28692,8.29059,3.6734750001414795,3.6734750001414795,0.095,1.808,1.7704750001414795,0.8044750001414793,0.9660000000000002,0.0
S00001,vRAN-DU,edge-A,edge,138,DONE,8.29032,8.29525,4.929518000153621,4.929518000153621,0.093,3.271,1.565518000153621,0.8375180001536213,0.7279999999999998,0.0
S00002,vRAN-DU,edge-B,edge,145,DONE,8.30778,8.31478,7.000050999977248,7.000050999977248,0.166,4.301,2.533050999977247,1.0430509999772477,1.4899999999999993,0.0
S00002,vRAN-DU,edge-B,edge,146,DONE,8.30806,8.31571,7.650909999938449,7.650909999938449,0.272,5.9,1.4789099999384483,0.7499099999384491,0.7289999999999992,0.0
S00004,UPF,edge-B,edge,142,DONE,8.30958,8.31871,9.12776799987114,9.12776799987114,3.569,4.312,1.246767999871139,0.5467679998711397,0.6999999999999993,0.0
S00006,IMS-CSCF,edge-B,edge,176,DONE,8.30975,8.31739,7.642986000064411,7.642986000064411,5.09,1.276,1.2769860000644115,0.809986000064411,0.4670000000000005,0.0
S00010,IoT-GW,edge-B,edge,151,DONE,8.31479,8.31921,4.422253000029741,4.422253000029741,1.175,1.637,1.6102530000297408,0.5462530000297412,1.0639999999999996,0.0
S00001,vRAN-DU,edge-A,edge,139,DONE,8.3225,8.32927,6.77949200007788,6.77949200007788,0.092,5.542,1.1454920000778808,0.5704920000778806,0.5750000000000002,0.0
S00010,IoT-GW,edge-B,edge,152,DONE,8.32629,8.33191,5.618318999950134,5.618318999950134,1.616,2.078,1.9243189999501338,0.8023189999501339,1.1219999999999999,0.0
S00006,IMS-CSCF,edge-B,edge,177,DONE,8.32657,8.33113,4.554824000024382,4.554824000024382,0.102,2.682,1.7708240000243824,0.6578240000243825,1.113,0.0
S00007,Transcoder,core-1,core,73,DONE,8.3305,8.34982,19.324191000123392,19.324191000123392,0.076,7.588,1.6601910001233922,0.9281910001233911,0.7320000000000011,10.0
S00004,UPF,edge-B,edge,143,DONE,8.34819,8.37033,22.139422000236664,22.139422000236664,0.091,20.459,1.589422000236663,0.8594220002366626,0.7300000000000004,0.0
S00003,UPF,edge-A,edge,129,DONE,8.35118,8.35503,3.85413799995149,3.85413799995149,0.086,2.778,0.9901379999514903,0.41913799995149015,0.5710000000000002,0.0
S00002,vRAN-DU,edge-B,edge,147,DONE,8.3531,8.37269,19.588990000102058,19.588990000102058,0.102,18.37,1.1169900001020565,0.5619900001020568,0.5549999999999997,0.0
S00010,IoT-GW,edge-B,edge,153,DONE,8.38001,8.38275,2.7436160003162513,2.7436160003162513,0.087,1.338,1.3186160003162513,0.6476160003162512,0.671,0.0
S00005,IMS-CSCF,edge-A,edge,131,DONE,8.38019,8.38281,2.6210739997623023,2.6210739997623023,0.085,1.552,0.9840739997623023,0.4320739997623022,0.552,0.0
S00007,Transcoder,core-1,core,74,DONE,8.38819,8.40762,19.430884000030346,19.430884000030346,0.086,7.762,1.5828840000303472,0.903884000030347,0.6789999999999994,10.0
S00002,vRAN-DU,edge-B,edge,148,DONE,8.39275,8.3984,5.655073000070843,5.655073000070843,0.106,3.207,2.342073000070843,1.6830730000708427,0.6590000000000003,0.0
S00003,UPF,edge-A,edge,130,DONE,8.39842,8.40178,3.3642739999777405,3.3642739999777405,0.094,2.197,1.0732739999777405,0.5152739999777403,0.5580000000000003,0.0
S00001,vRAN-DU,edge-A,edge,140,DONE,8.40084,8.40544,4.603207999934966,4.603207999934966,0.066,3.11,1.4272079999349665,0.44820799993496596,0.9790000000000005,0.0
S00003,UPF,edge-A,edge,131,DONE,8.40305,8.40714,4.095215999768698,4.095215999768698,0.084,2.906,1.1052159997686974,0.5062159997686977,0.5989999999999998,0.0
S00005,IMS-CSCF,edge-A,edge,132,DONE,8.40316,8.40775,4.5961849996274395,4.5961849996274395,1.959,1.496,1.1411849996274395,0.4961849996274399,0.6449999999999996,0.0
S00010,IoT-GW,edge-B,edge,154,DONE,8.40999,8.41338,3.383224999652157,3.383224999652157,0.112,1.802,1.4692249996521567,0.7472249996521567,0.722,0.0
S00009,IoT-GW,edge-A,edge,149,DONE,8.41339,8.41649,3.0977549999988696,3.0977549999988696,0.144,1.723,1.2307549999988696,0.5717549999988698,0.6589999999999998,0.0
S00001,vRAN-DU,edge-A,edge,141,DONE,8.4218,8.42635,4.5495949998439755,4.5495949998439755,0.122,3.16,1.2675949998439755,0.6275949998439754,0.6400000000000001,0.0
S00001,vRAN-DU,edge-A,edge,142,DONE,8.42966,8.43365,3.9867700002105266,3.9867700002105266,0.07,2.809,1.1077700002105266,0.5457700002105268,0.5619999999999998,0.0
S00009,IoT-GW,edge-A,edge,150,DONE,8.43895,8.44145,2.49250100023346,2.49250100023346,0.078,1.23,1.1845010002334602,0.6235010002334602,0.5609999999999999,0.0
S00009,IoT-GW,edge-A,edge,151,DONE,8.44989,8.4543,4.412116999901627,4.412116999901627,0.118,1.097,3.1971169999016276,2.6071169999016277,0.5900000000000001,0.0
S00004,UPF,edge-B,edge,144,DONE,8.45017,8.45659,6.427182000152243,6.427182000152243,0.183,4.392,1.8521820001522427,0.9991820001522429,0.8529999999999998,0.0
S00009,IoT-GW,edge-A,edge,152,DONE,8.46201,8.4692,7.1873050001158845,7.1873050001158845,0.121,3.455,3.6113050001158844,2.4193050001158847,1.1919999999999997,0.0
S00005,IMS-CSCF,edge-A,edge,133,DONE,8.46825,8.47283,4.57761399957235,4.57761399957235,0.102,2.608,1.8676139995723497,1.2046139995723495,0.6630000000000003,0.0
S00002,vRAN-DU,edge-B,edge,149,DONE,8.47053,8.47804,7.504918999984511,7.504918999984511,0.162,5.802,1.5409189999845117,0.8359189999845116,0.7050000000000001,0.0
S00010,IoT-GW,edge-B,edge,155,DONE,8.47069,8.47627,5.5799050001041905,5.5799050001041905,0.07,3.354,2.1559050001041906,1.4739050001041907,0.6819999999999999,0.0
S00004,UPF,edge-B,edge,145,DONE,8.50541,8.50967,4.2600419997143035,4.2600419997143035,0.087,2.67,1.5030419997143034,0.7900419997143033,0.7130000000000001,0.0
S00007,Transcoder,core-1,core,75,DONE,8.50564,8.52782,22.17544299992369,22.17544299992369,0.095,7.833,4.247442999923688,2.22844299992369,2.0189999999999992,10.0
S00006,IMS-CSCF,edge-B,edge,178,DONE,8.50799,8.51129,3.305324999928416,3.305324999928416,0.093,2.201,1.0113249999284162,0.46832499992841603,0.5430000000000001,0.0
S00009,IoT-GW,edge-A,edge,153,DONE,8.50973,8.51325,3.518440999869199,3.518440999869199,0.129,2.192,1.1974409998691988,0.6224409998691991,0.5749999999999997,0.0
S00002,vRAN-DU,edge-B,edge,150,DONE,8.51107,8.51841,7.334969000112324,7.334969000112324,0.127,4.3,2.907969000112324,2.4099690001123237,0.4980000000000002,0.0
S00005,IMS-CSCF,edge-A,edge,134,DONE,8.51842,8.52344,5.0159809998149285,5.0159809998149285,0.104,3.729,1.1829809998149283,0.6149809998149287,0.5679999999999996,0.0
S00001,vRAN-DU,edge-A,edge,143,DONE,8.5383,8.54319,4.887134999989939,4.887134999989939,0.088,3.349,1.450134999989939,0.7411349999899395,0.7089999999999996,0.0
S00001,vRAN-DU,edge-A,edge,144,DONE,8.55854,8.56555,7.0099489998938225,7.0099489998938225,0.088,4.03,2.891948999893822,1.8069489998938222,1.085,0.0
S00002,vRAN-DU,edge-B,edge,151,DONE,8.56303,8.56881,5.771660999926098,5.771660999926098,0.115,3.524,2.132660999926098,1.3786609999260984,0.7539999999999996,0.0
S00003,UPF,edge-A,edge,132,DONE,8.56556,8.57025,4.6915530001570005,4.6915530001570005,0.078,3.507,1.1065530001570005,0.6355530001570004,0.4710000000000001,0.0
S00006,IMS-CSCF,edge-B,edge,179,DONE,8.5745,8.57831,3.8037889999031904,3.8037889999031904,0.106,1.986,1.7117889999031903,1.1187889999031904,0.593,0.0
S00002,vRAN-DU,edge-B,edge,152,DONE,8.58665,8.59111,4.463389999727951,4.463389999727951,0.142,2.926,1.3953899997279513,0.6783899997279512,0.7170000000000001,0.0
S00010,IoT-GW,edge-B,edge,156,DONE,8.59333,8.59571,2.371742999912385,2.371742999912385,0.075,1.189,1.1077429999123851,0.5667429999123852,0.5409999999999999,0.0
S00009,IoT-GW,edge-A,edge,154,DONE,8.59791,8.60049,2.5802519999160722,2.5802519999160722,0.086,1.168,1.3262519999160722,0.7472519999160723,0.579,0.0
S00002,vRAN-DU,edge-B,edge,153,DONE,8.60469,8.60895,4.260789999989356,4.260789999989356,0.319,2.848,1.0937899999893563,0.4707899999893561,0.6230000000000002,0.0
S00004,UPF,edge-B,edge,146,DONE,8.62525,8.62868,3.4307860000808432,3.4307860000808432,0.089,2.253,1.0887860000808431,0.585786000080843,0.5030000000000001,0.0
S00008,Transcoder,core-1,core,61,DONE,8.6276,8.65032,22.716555999977572,22.716555999977572,0.087,8.423,2.2065559999775726,1.5045559999775726,0.702,12.0
S00002,vRAN-DU,edge-B,edge,154,DONE,8.63398,8.63824,4.266250000000582,4.266250000000582,0.082,2.859,1.3252500000005822,0.8172500000005822,0.508,0.0
S00004,UPF,edge-B,edge,147,DONE,8.64981,8.65368,3.8683110001329624,3.8683110001329624,0.1,2.472,1.2963110001329623,0.6483110001329622,0.6480000000000001,0.0
S00010,IoT-GW,edge-B,edge,157,DONE,8.65258,8.65536,2.777295000214508,2.777295000214508,0.079,1.366,1.332295000214508,0.5052950002145082,0.8269999999999997,0.0
S00002,vRAN-DU,edge-B,edge,155,DONE,8.67074,8.68026,9.515162000298005,9.515162000298005,0.199,3.108,6.208162000298005,5.270162000298005,0.9380000000000002,0.0
S00010,IoT-GW,edge-B,edge,158,DONE,8.67334,8.6793,5.955949000053806,5.955949000053806,0.277,1.649,4.029949000053806,3.041949000053806,0.988,0.0
S00007,Transcoder,core-1,core,76,DONE,8.68761,8.70698,19.366222999906313,19.366222999906313,0.06,6.238,3.068222999906313,1.3632229999063128,1.705,10.0
S00004,UPF,edge-B,edge,148,DONE,8.69107,8.6983,7.226454999909038,7.226454999909038,0.097,2.819,4.310454999909037,3.4884549999090377,0.8220000000000001,0.0
S00002,vRAN-DU,edge-B,edge,156,DONE,8.70828,8.71293,4.649578000226029,4.649578000226029,0.161,3.016,1.472578000226029,0.806578000226029,0.6659999999999999,0.0
S00009,IoT-GW,edge-A,edge,155,DONE,8.71274,8.71525,2.507650000097783,2.507650000097783,0.127,1.225,1.155650000097783,0.532650000097783,0.623,0.0
S00006,IMS-CSCF,edge-B,edge,180,DONE,8.71962,8.7227,3.071653000006336,3.071653000006336,0.23,1.597,1.2446530000063358,0.6376530000063356,0.6070000000000002,0.0
S00004,UPF,edge-B,edge,149,DONE,8.73303,8.73674,3.713165000135632,3.713165000135632,0.09,2.25,1.3731650001356321,0.7311650001356318,0.6420000000000003,0.0
S00003,UPF,edge-A,edge,133,DONE,8.73675,8.74013,3.3760860001166293,3.3760860001166293,0.115,2.138,1.1230860001166292,0.5470860001166291,0.5760000000000001,0.0
S00002,vRAN-DU,edge-B,edge,157,DONE,8.76052,8.76521,4.682066999976087,4.682066999976087,0.092,3.159,1.4310669999760868,0.7790669999760866,0.6520000000000001,0.0
S00001,vRAN-DU,edge-A,edge,145,DONE,8.78164,8.7869,5.259973999727663,5.259973999727663,0.093,3.331,1.835973999727663,1.0109739997276632,0.8249999999999997,0.0
S00007,Transcoder,core-1,core,77,DONE,8.78813,8.80726,19.122229000004154,19.122229000004154,0.086,6.196,2.840229000004154,2.090229000004154,0.75,10.0
S00009,IoT-GW,edge-A,edge,156,DONE,8.78952,8.79168,2.164113000162615,2.164113000162615,0.129,0.981,1.0541130001626153,0.4101130001626152,0.6440000000000001,0.0
S00010,IoT-GW,edge-B,edge,159,DONE,8.79079,8.79351,2.7168229999006144,2.7168229999006144,0.089,1.239,1.3888229999006143,0.6378229999006142,0.7510000000000001,0.0
S00009,IoT-GW,edge-A,edge,157,DONE,8.80377,8.80727,3.504875000089669,3.504875000089669,0.102,1.943,1.459875000089669,0.487875000089669,0.972,0.0
S00005,IMS-CSCF,edge-A,edge,135,DONE,8.80511,8.8079,2.7874869997503993,2.7874869997503993,0.061,1.528,1.1984869997503993,0.49248699975039933,0.706,0.0
S00009,IoT-GW,edge-A,edge,158,DONE,8.80791,8.81042,2.5110090000453056,2.5110090000453056,0.054,1.504,0.9530090000453055,0.4350090000453055,0.518,0.0
S00006,IMS-CSCF,edge-B,edge,181,DONE,8.82086,8.82454,3.6861300000055053,3.6861300000055053,0.094,1.751,1.8411300000055053,0.7431300000055052,1.098,0.0
S00003,UPF,edge-A,edge,134,DONE,8.83085,8.83455,3.7058370003251184,3.7058370003251184,0.087,2.306,1.3128370003251182,0.6548370003251183,0.6579999999999999,0.0
S00002,vRAN-DU,edge-B,edge,158,DONE,8.83575,8.8402,4.4465830001172435,4.4465830001172435,0.143,2.735,1.5685830001172438,0.7055830001172434,0.8630000000000004,0.0
S00001,vRAN-DU,edge-A,edge,146,DONE,8.84763,8.85675,9.117572999912227,9.117572999912227,0.096,4.103,4.918572999912227,3.1355729999122266,1.7830000000000004,0.0
S00004,UPF,edge-B,edge,150,DONE,8.84912,8.85564,6.523218999973324,6.523218999973324,0.18,4.448,1.8952189999733235,0.9992189999733236,0.8959999999999999,0.0
S00006,IMS-CSCF,edge-B,edge,182,DONE,8.85064,8.85941,8.76639200032514,8.76639200032514,0.16,4.337,4.269392000325141,0.7973920003251402,3.4720000000000004,0.0
S00008,Transcoder,core-1,core,62,DONE,8.86785,8.9014,33.54961500008358,33.54961500008358,0.112,19.062,2.3756150000835774,1.5776150000835756,0.7980000000000018,12.0
S00007,Transcoder,core-1,core,78,DONE,8.87035,8.9037,33.34601599999587,33.34601599999587,0.134,21.145,2.0670159999958706,1.432015999995869,0.6350000000000016,10.0
S00008,Transcoder,core-1,core,63,DONE,8.87066,8.90465,33.99135200015735,33.99135200015735,0.096,18.228,3.667352000157347,2.6013520001573482,1.065999999999999,12.0
S00004,UPF,edge-B,edge,151,DONE,8.872,8.88021,8.210508999582089,8.210508999582089,0.127,6.54,1.5435089995820892,0.5975089995820886,0.9460000000000006,0.0
S00010,IoT-GW,edge-B,edge,160,DONE,8.87857,8.88358,5.01659000019572,5.01659000019572,0.08,2.792,2.14459000019572,0.5665900001957196,1.5780000000000003,0.0
S00010,IoT-GW,edge-B,edge,161,DONE,8.88369,8.88558,1.8936589999611897,1.8936589999611897,0.074,0.79,1.0296589999611898,0.4836589999611898,0.5459999999999999,0.0
S00006,IMS-CSCF,edge-B,edge,183,DONE,8.88785,8.8904,2.547962999869924,2.547962999869924,0.141,1.182,1.2249629998699239,0.5979629998699239,0.627,0.0
S00009,IoT-GW,edge-A,edge,159,DONE,8.89045,8.89421,3.7582520003525133,3.7582520003525133,0.111,1.764,1.8832520003525133,0.9882520003525133,0.895,0.0
S00009,IoT-GW,edge-A,edge,160,DONE,8.89279,8.89722,4.432862000157911,4.432862000157911,0.078,2.386,1.9688620001579111,1.074862000157911,0.8940000000000001,0.0
S00004,UPF,edge-B,edge,152,DONE,8.89663,8.90152,4.892875000223285,4.892875000223285,0.389,2.44,2.063875000223285,1.0238750002232844,1.0400000000000005,0.0
S00010,IoT-GW,edge-B,edge,162,DONE,8.90274,8.90505,2.3127559998101788,2.3127559998101788,0.072,1.041,1.1997559998101788,0.5197559998101788,0.6799999999999999,0.0
S00006,IMS-CSCF,edge-B,edge,184,DONE,8.90622,8.90916,2.9394799998954113,2.9394799998954113,0.074,1.676,1.1894799998954113,0.6394799998954115,0.5499999999999998,0.0
S00005,IMS-CSCF,edge-A,edge,136,DONE,8.90917,8.91203,2.8557579998960136,2.8557579998960136,0.089,1.665,1.1017579998960136,0.5447579998960137,0.5569999999999999,0.0
S00005,IMS-CSCF,edge-A,edge,137,DONE,8.91055,8.91417,3.618861999711953,3.618861999711953,0.871,1.552,1.195861999711953,0.639861999711953,0.556,0.0
S00006,IMS-CSCF,edge-B,edge,185,DONE,8.9154,8.91826,2.8597760001503048,2.8597760001503048,0.086,1.59,1.1837760001503046,0.5667760001503046,0.617,0.0
S00004,UPF,edge-B,edge,153,DONE,8.91772,8.921,3.2798749998619314,3.2798749998619314,0.062,2.144,1.0738749998619315,0.6448749998619316,0.4289999999999998,0.0
S00001,vRAN-DU,edge-A,edge,147,DONE,8.92221,8.92667,4.45683599991753,4.45683599991753,0.08,3.128,1.2488359999175298,0.6318359999175298,0.617,0.0
S00002,vRAN-DU,edge-B,edge,159,DONE,8.94109,8.96955,28.46296000006987,28.46296000006987,0.156,26.758,1.5489600000698722,0.7949600000698709,0.7540000000000013,0.0
S00004,UPF,edge-B,edge,154,DONE,8.94353,8.97104,27.50992800019958,27.50992800019958,0.065,26.519,0.9259280001995798,0.49492800019957883,0.43100000000000094,0.0
S00007,Transcoder,core-1,core,79,DONE,8.95094,8.97062,19.673853000313102,19.673853000313102,0.09,7.095,2.488853000313103,1.5538530003131026,0.9349999999999996,10.0
S00001,vRAN-DU,edge-A,edge,148,DONE,8.9615,8.96731,5.811571000322147,5.811571000322147,0.126,4.119,1.5665710003221465,0.8175710003221468,0.7489999999999997,0.0
S00004,UPF,edge-B,edge,155,DONE,8.97434,8.98035,6.008243999986007,6.008243999986007,0.098,4.861,1.0492439999860075,0.5482439999860071,0.5010000000000003,0.0
S00002,vRAN-DU,edge-B,edge,160,DONE,8.97453,8.97919,4.661765000037121,4.661765000037121,0.091,3.533,1.0377650000371212,0.5147650000371211,0.5230000000000001,0.0
S00004,UPF,edge-B,edge,156,DONE,8.97463,8.98271,8.080920999873342,8.080920999873342,4.831,2.355,0.8949209998733423,0.4399209998733422,0.45500000000000007,0.0
S00008,Transcoder,core-1,core,64,DONE,8.99057,9.0248,34.227683000153775,34.227683000153775,0.145,16.507,5.575683000153774,4.555683000153774,1.0199999999999996,12.0
S00006,IMS-CSCF,edge-B,edge,186,DONE,8.99266,9.00072,8.05517199978567,8.05517199978567,0.184,4.88,2.9911719997856707,2.322171999785671,0.6689999999999996,0.0
S00005,IMS-CSCF,edge-A,edge,138,DONE,8.99475,9.00167,6.914902000062284,6.914902000062284,0.094,5.199,1.621902000062284,0.7459020000622845,0.8759999999999994,0.0
S00009,IoT-GW,edge-A,edge,161,DONE,8.99483,9.0001,5.269247999876825,5.269247999876825,0.114,0.816,4.339247999876825,2.772247999876825,1.567,0.0
S00002,vRAN-DU,edge-B,edge,161,DONE,8.99487,9.00299,8.120880000205943,8.120880000205943,0.083,6.605,1.4328800002059427,0.7438800002059436,0.6889999999999992,0.0
S00005,IMS-CSCF,edge-A,edge,139,DONE,8.99495,9.00796,13.014011999985087,13.014011999985087,3.602,5.2,4.212011999985087,2.634011999985086,1.5780000000000012,0.0
S00004,UPF,edge-B,edge,157,DONE,9.00526,9.0098,4.542223000044032,4.542223000044032,0.072,3.399,1.0712230000440321,0.43822300004403214,0.633,0.0
S00003,UPF,edge-A,edge,135,DONE,9.00781,9.01237,4.562446999898384,4.562446999898384,0.061,2.852,1.6494469998983843,1.268446999898384,0.3810000000000002,0.0
S00003,UPF,edge-A,edge,136,DONE,9.02368,9.03033,6.649363999713387,6.649363999713387,0.16,3.467,3.0223639997133867,1.5763639997133865,1.4460000000000002,0.0
S00006,IMS-CSCF,edge-B,edge,187,DONE,9.02431,9.02869,4.3793429999823275,4.3793429999823275,0.091,1.947,2.341342999982327,1.7093429999823275,0.6319999999999997,0.0
S00010,IoT-GW,edge-B,edge,163,DONE,9.02599,9.02871,2.7233569999225438,2.7233569999225438,0.079,1.377,1.2673569999225438,0.7223569999225439,0.5449999999999999,0.0
S00004,UPF,edge-B,edge,158,DONE,9.03558,9.03981,4.227194000122836,4.227194000122836,0.067,3.198,0.9621940001228357,0.48619400012283576,0.476,0.0
S00009,IoT-GW,edge-A,edge,162,DONE,9.03571,9.03959,3.8752089999434247,3.8752089999434247,0.072,2.793,1.0102089999434245,0.4862089999434249,0.5239999999999996,0.0
S00009,IoT-GW,edge-A,edge,163,DONE,9.06221,9.0667,4.490086999794585,4.490086999794585,0.085,2.043,2.3620869997945846,1.7960869997945847,0.5659999999999998,0.0
S00006,IMS-CSCF,edge-B,edge,188,DONE,9.06246,9.06656,4.103869000118721,4.103869000118721,0.089,2.82,1.1948690001187208,0.6128690001187205,0.5820000000000003,0.0
S00006,IMS-CSCF,edge-B,edge,189,DONE,9.06473,9.07149,6.761205000202608,6.761205000202608,2.919,2.015,1.827205000202608,0.6542050002026079,1.173,0.0
S00003,UPF,edge-A,edge,137,DONE,9.06792,9.07247,4.55431500040504,4.55431500040504,0.141,3.439,0.9743150004050403,0.4913150004050406,0.48299999999999965,0.0
S00005,IMS-CSCF,edge-A,edge,140,DONE,9.07373,9.07668,2.946720000181813,2.946720000181813,0.079,1.522,1.3457200001818128,0.505720000181813,0.8399999999999999,0.0
S00006,IMS-CSCF,edge-B,edge,190,DONE,9.07611,9.07862,2.5109150001298985,2.5109150001298985,0.07,1.541,0.8999150001298986,0.46891500012989873,0.4309999999999998,0.0
S00008,Transcoder,core-1,core,65,DONE,9.07793,9.10222,24.290288999964105,24.290288999964105,0.115,9.76,2.4152889999641047,1.4472889999641048,0.968,12.0
S00009,IoT-GW,edge-A,edge,164,DONE,9.0809,9.08453,3.6369580002428847,3.6369580002428847,0.092,1.181,2.3639580002428846,1.7399580002428847,0.6239999999999999,0.0
S00005,IMS-CSCF,edge-A,edge,141,DONE,9.08464,9.08786,3.2249400001092,3.2249400001092,0.054,2.303,0.8679400001092001,0.41694000010920007,0.45100000000000007,0.0
S00001,vRAN-DU,edge-A,edge,149,DONE,9.09322,9.09781,4.5886439997957496,4.5886439997957496,0.095,3.065,1.4286439997957494,0.7136439997957496,0.7149999999999999,0.0
S00005,IMS-CSCF,edge-A,edge,142,DONE,9.0968,9.09965,2.851314000054117,2.851314000054117,0.064,1.476,1.311314000054117,0.731314000054117,0.5800000000000001,0.0
S00001,vRAN-DU,edge-A,edge,150,DONE,9.11057,9.11718,6.612770000174351,6.612770000174351,0.097,4.988,1.5277700001743497,0.7777700001743506,0.7499999999999991,0.0
S00009,IoT-GW,edge-A,edge,165,DONE,9.11307,9.1161,3.031634999842936,3.031634999842936,0.64,1.174,1.2176349998429359,0.5036349998429359,0.714,0.0
S00009,IoT-GW,edge-A,edge,166,DONE,9.11951,9.12219,2.6790780002556858,2.6790780002556858,0.092,1.308,1.2790780002556856,0.645078000255686,0.6339999999999997,0.0
S00003,UPF,edge-A,edge,138,DONE,9.13894,9.14251,3.569626999706088,3.569626999706088,0.085,2.229,1.255626999706088,0.6116269997060879,0.6440000000000001,0.0
S00003,UPF,edge-A,edge,139,DONE,9.14776,9.15203,4.26539000000048,4.26539000000048,0.126,2.907,1.2323900000004797,0.5723900000004796,0.6600000000000001,0.0
S00005,IMS-CSCF,edge-A,edge,143,DONE,9.15827,9.16132,3.046909000204323,3.046909000204323,0.146,1.755,1.1459090002043233,0.5589090002043231,0.5870000000000002,0.0
S00001,vRAN-DU,edge-A,edge,151,DONE,9.15848,9.16359,5.116159999943193,5.116159999943193,0.311,3.508,1.2971599999431929,0.6891599999431932,0.6079999999999997,0.0
S00009,IoT-GW,edge-A,edge,167,DONE,9.16254,9.1647,2.1592060002149083,2.1592060002149083,0.049,0.971,1.1392060002149083,0.4292060002149083,0.71,0.0
S00005,IMS-CSCF,edge-A,edge,144,DONE,9.1679,9.17129,3.3911879995685013,3.3911879995685013,0.068,1.645,1.6781879995685012,1.0411879995685012,0.637,0.0
S00001,vRAN-DU,edge-A,edge,152,DONE,9.17131,9.18056,9.259572999781085,9.259572999781085,0.129,3.222,5.908572999781085,4.743572999781085,1.165,0.0
S00005,IMS-CSCF,edge-A,edge,145,DONE,9.17577,9.17913,3.366243999607832,3.366243999607832,0.22,1.606,1.5402439996078319,0.5012439996078317,1.0390000000000001,0.0
S00003,UPF,edge-A,edge,140,DONE,9.18036,9.18448,4.118530999676295,4.118530999676295,0.054,2.219,1.8455309996762956,1.3885309996762953,0.4570000000000003,0.0
S00005,IMS-CSCF,edge-A,edge,146,DONE,9.18567,9.18898,3.317395000067336,3.317395000067336,0.06,2.319,0.9383950000673358,0.432395000067336,0.5059999999999998,0.0
S00005,IMS-CSCF,edge-A,edge,147,DONE,9.188,9.19079,2.7898869998352893,2.7898869998352893,0.049,1.518,1.2228869998352894,0.3968869998352895,0.8259999999999998,0.0
S00009,IoT-GW,edge-A,edge,168,DONE,9.19828,9.23263,34.35495100029584,34.35495100029584,0.136,1.172,33.04695100029584,0.8619510002958393,32.185,0.0
S00010,IoT-GW,edge-B,edge,164,DONE,9.20387,9.20703,3.1574800000271352,3.1574800000271352,0.091,1.725,1.3414800000271352,0.6854800000271353,0.6559999999999999,0.0
S00009,IoT-GW,edge-A,edge,169,DONE,9.22153,9.23418,12.653247999878658,12.653247999878658,1.471,1.467,9.715247999878658,1.0662479998786587,8.649,0.0
S00006,IMS-CSCF,edge-B,edge,191,DONE,9.22401,9.22728,3.274023999892961,3.274023999892961,0.089,1.787,1.3980239998929611,0.8560239998929609,0.5420000000000003,0.0
S00006,IMS-CSCF,edge-B,edge,192,DONE,9.23161,9.23461,2.9970690002301126,2.9970690002301126,0.082,1.547,1.3680690002301126,0.8020690002301127,0.5659999999999998,0.0
S00003,UPF,edge-A,edge,141,DONE,9.23419,9.237,2.803168999889749,2.803168999889749,0.052,1.938,0.8131689998897491,0.3491689998897489,0.4640000000000002,0.0
S00006,IMS-CSCF,edge-B,edge,193,DONE,9.23824,9.24129,3.054258999782178,3.054258999782178,0.073,1.425,1.5562589997821779,0.770258999782178,0.7859999999999998,0.0
S00009,IoT-GW,edge-A,edge,170,DONE,9.23853,9.24065,2.117804999670625,2.117804999670625,0.058,1.202,0.857804999670625,0.48480499967062496,0.373,0.0
S00008,Transcoder,core-1,core,66,DONE,9.24005,9.26685,26.800603000083356,26.800603000083356,0.066,12.124,2.610603000083355,1.5616030000833554,1.0489999999999995,12.0
S00001,vRAN-DU,edge-A,edge,153,DONE,9.2413,9.24586,4.551304000415257,4.551304000415257,0.064,3.391,1.096304000415257,0.6223040004152574,0.47399999999999975,0.0
S00001,vRAN-DU,edge-A,edge,154,DONE,9.24373,9.25402,10.291828999925201,10.291828999925201,0.051,7.831,2.4098289999252005,1.876828999925202,0.5329999999999986,0.0
S00008,Transcoder,core-1,core,67,DONE,9.24587,9.26796,22.089180000421038,22.089180000421038,0.07,6.732,3.2871800004210385,2.5901800004210394,0.6969999999999992,12.0
S00006,IMS-CSCF,edge-B,edge,194,DONE,9.246,9.25105,5.057709000084287,5.057709000084287,0.103,2.711,2.243709000084287,1.0137090000842877,1.2299999999999995,0.0
S00005,IMS-CSCF,edge-A,edge,148,DONE,9.24606,9.25399,7.9370419998667785,7.9370419998667785,0.091,1.222,6.624041999866779,1.9310419998667783,4.6930000000000005,0.0
S00004,UPF,edge-B,edge,159,DONE,9.24683,9.25535,8.522831999925984,8.522831999925984,0.126,6.508,1.8888319999259835,1.3168319999259834,0.5720000000000001,0.0
S00006,IMS-CSCF,edge-B,edge,195,DONE,9.24694,9.25403,7.0948910001789045,7.0948910001789045,2.218,1.608,3.2688910001789044,2.6478910001789044,0.621,0.0
S00002,vRAN-DU,edge-B,edge,162,DONE,9.25858,9.26349,4.916467999919405,4.916467999919405,0.056,4.013,0.847467999919405,0.4974679999194054,0.34999999999999964,0.0
S00004,UPF,edge-B,edge,160,DONE,9.28735,9.29106,3.70969999994486,3.70969999994486,0.091,2.205,1.4136999999448596,0.7756999999448597,0.6379999999999999,0.0
S00009,IoT-GW,edge-A,edge,171,DONE,9.30851,9.31152,3.0019989999345853,3.0019989999345853,0.16,1.365,1.4769989999345854,0.8269989999345855,0.6499999999999999,0.0
S00004,UPF,edge-B,edge,161,DONE,9.3278,9.33158,3.7846830000489717,3.7846830000489717,0.09,2.315,1.379683000048972,0.7526830000489717,0.6270000000000002,0.0
S00005,IMS-CSCF,edge-A,edge,149,DONE,9.33984,9.34269,2.8502540003501053,2.8502540003501053,0.085,1.481,1.2842540003501053,0.7182540003501052,0.5660000000000001,0.0
S00010,IoT-GW,edge-B,edge,165,DONE,9.33999,9.34218,2.1857719998479297,2.1857719998479297,0.086,1.206,0.8937719998479297,0.4547719998479296,0.43900000000000006,0.0
S00003,UPF,edge-A,edge,142,DONE,9.34155,9.34472,3.1761340001139615,3.1761340001139615,0.053,1.807,1.3161340001139616,0.3961340001139617,0.9199999999999999,0.0
S00002,vRAN-DU,edge-B,edge,163,DONE,9.3427,9.34833,5.630097999983263,5.630097999983263,0.058,3.291,2.2810979999832637,1.7770979999832632,0.5040000000000004,0.0
S00010,IoT-GW,edge-B,edge,166,DONE,9.35467,9.3566,1.9323600004099717,1.9323600004099717,0.067,0.92,0.9453600004099716,0.5303600004099718,0.4149999999999998,0.0
S00004,UPF,edge-B,edge,162,DONE,9.35609,9.35875,2.654194999649917,2.654194999649917,0.051,1.841,0.7621949996499171,0.33319499964991683,0.42900000000000027,0.0
S00002,vRAN-DU,edge-B,edge,164,DONE,9.36193,9.36536,3.4336169997004617,3.4336169997004617,0.051,2.625,0.7576169997004616,0.3736169997004617,0.3839999999999999,0.0
S00009,IoT-GW,edge-A,edge,172,DONE,9.36757,9.36982,2.25545700004659,2.25545700004659,0.083,1.203,0.9694570000465901,0.44645700004659017,0.5229999999999999,0.0
S00002,vRAN-DU,edge-B,edge,165,DONE,9.38226,9.3867,4.43988500001069,4.43988500001069,0.093,3.011,1.3358850000106903,0.6328850000106905,0.7029999999999998,0.0
S00005,IMS-CSCF,edge-A,edge,150,DONE,9.40106,9.40451,3.4460990000297897,3.4460990000297897,0.092,1.888,1.4660990000297898,0.8430990000297895,0.6230000000000002,0.0
S00010,IoT-GW,edge-B,edge,167,DONE,9.40775,9.41044,2.69322199983435,2.69322199983435,0.203,1.19,1.3002219998343498,0.5852219998343497,0.7150000000000001,0.0
S00005,IMS-CSCF,edge-A,edge,151,DONE,9.43206,9.43552,3.457538000020577,3.457538000020577,0.118,1.768,1.5715380000205768,0.916538000020577,0.6549999999999998,0.0
S00001,vRAN-DU,edge-A,edge,155,DONE,9.44077,9.44477,4.003632000149082,4.003632000149082,0.111,2.701,1.1916320001490819,0.6066320001490824,0.5849999999999995,0.0
S00004,UPF,edge-B,edge,163,DONE,9.44478,9.44976,4.973702999905072,4.973702999905072,0.114,3.415,1.444702999905072,0.6567029999050717,0.7880000000000003,0.0
S00006,IMS-CSCF,edge-B,edge,196,DONE,9.45108,9.4535,2.42274099991846,2.42274099991846,0.176,1.292,0.9547409999184602,0.4737409999184601,0.4810000000000001,0.0
S00003,UPF,edge-A,edge,143,DONE,9.45244,9.45582,3.376190999915707,3.376190999915707,0.102,2.209,1.065190999915707,0.5061909999157068,0.5590000000000002,0.0
S00005,IMS-CSCF,edge-A,edge,152,DONE,9.45701,9.45956,2.549326000007568,2.549326000007568,0.061,1.539,0.9493260000075681,0.46632600000756774,0.4830000000000003,0.0
S00006,IMS-CSCF,edge-B,edge,197,DONE,9.4739,9.47712,3.221075000055862,3.221075000055862,0.092,1.735,1.3940750000558617,0.708075000055862,0.6859999999999997,0.0
S00007,Transcoder,core-1,core,80,DONE,9.47713,9.49636,19.229484000334196,19.229484000334196,0.091,7.354,1.7844840003341957,1.0624840003341962,0.7219999999999995,10.0
S00006,IMS-CSCF,edge-B,edge,198,DONE,9.49453,9.49846,3.9287690001401643,3.9287690001401643,0.088,2.403,1.4377690001401642,0.8137690001401641,0.6240000000000001,0.0
S00002,vRAN-DU,edge-B,edge,166,DONE,9.50082,9.51418,13.365020000037475,13.365020000037475,0.132,11.733,1.500020000037475,0.6180200000374754,0.8819999999999997,0.0
S00005,IMS-CSCF,edge-A,edge,153,DONE,9.50624,9.50948,3.2412059999842313,3.2412059999842313,0.084,1.767,1.3902059999842313,0.7372059999842313,0.653,0.0
S00009,IoT-GW,edge-A,edge,173,DONE,9.50953,9.5122,2.669353999863233,2.669353999863233,0.131,1.488,1.0503539998632332,0.550353999863233,0.5000000000000002,0.0
S00006,IMS-CSCF,edge-B,edge,199,DONE,9.51221,9.51558,3.3649930001047323,3.3649930001047323,0.051,1.258,2.055993000104732,0.7339930001047326,1.3219999999999998,0.0
S00009,IoT-GW,edge-A,edge,174,DONE,9.5142,9.51729,3.086226000050374,3.086226000050374,0.079,1.704,1.303226000050374,0.8212260000503737,0.4820000000000002,0.0
S00008,Transcoder,core-1,core,68,DONE,9.5143,9.53784,23.54378500012899,23.54378500012899,0.099,9.158,2.286785000128992,1.773785000128992,0.5129999999999999,12.0
S00009,IoT-GW,edge-A,edge,175,DONE,9.51559,9.51912,3.527359000145225,3.527359000145225,1.255,1.251,1.021359000145225,0.4513590001452248,0.5700000000000003,0.0
S00007,Transcoder,core-1,core,81,DONE,9.51853,9.53832,19.79214500033777,19.79214500033777,0.067,8.162,1.5631450003377676,0.9241450003377683,0.6389999999999993,10.0
S00010,IoT-GW,edge-B,edge,168,DONE,9.52348,9.53062,7.1410230002584285,7.1410230002584285,0.077,3.222,3.8420230002584286,3.2370230002584286,0.605,0.0
S00008,Transcoder,core-1,core,69,DONE,9.53064,9.55287,22.228335999898263,22.228335999898263,0.075,6.557,3.596335999898262,1.953335999898263,1.6429999999999998,12.0
S00001,vRAN-DU,edge-A,edge,156,DONE,9.53083,9.53814,7.317202000194811,7.317202000194811,0.12,5.359,1.8382020001948112,0.6252020001948111,1.213,0.0
S00005,IMS-CSCF,edge-A,edge,154,DONE,9.53315,9.53608,2.927722999629623,2.927722999629623,0.092,1.852,0.9837229996296226,0.5017229996296226,0.482,0.0
S00010,IoT-GW,edge-B,edge,169,DONE,9.54365,9.5465,2.8494150001279195,2.8494150001279195,0.084,1.483,1.2824150001279193,0.6164150001279194,0.6659999999999999,0.0
S00010,IoT-GW,edge-B,edge,170,DONE,9.54986,9.55365,3.785755000080826,3.785755000080826,0.104,2.382,1.2997550000808258,0.6007550000808259,0.6989999999999998,0.0
S00003,UPF,edge-A,edge,144,DONE,9.55595,9.56354,7.587750999846321,7.587750999846321,0.151,3.732,3.704750999846321,3.1157509998463206,0.5890000000000004,0.0
S00005,IMS-CSCF,edge-A,edge,155,DONE,9.56355,9.56626,2.7054039996983192,2.7054039996983192,0.057,1.777,0.8714039996983194,0.4354039996983192,0.43600000000000017,0.0
S00002,vRAN-DU,edge-B,edge,167,DONE,9.56371,9.57044,6.732515999829047,6.732515999829047,0.112,5.033,1.587515999829047,0.8545159998290472,0.7329999999999997,0.0
S00002,vRAN-DU,edge-B,edge,168,DONE,9.58168,9.58616,4.486463999910484,4.486463999910484,0.088,2.835,1.5634639999104838,0.888463999910484,0.6749999999999998,0.0
S00010,IoT-GW,edge-B,edge,171,DONE,9.59042,9.59323,2.8128270000706834,2.8128270000706834,0.073,1.624,1.1158270000706834,0.5378270000706835,0.5779999999999998,0.0
S00003,UPF,edge-A,edge,145,DONE,9.59449,9.59902,4.532063000169728,4.532063000169728,0.082,3.366,1.0840630001697282,0.5120630001697286,0.5719999999999996,0.0
S00002,vRAN-DU,edge-B,edge,169,DONE,9.60236,9.60795,5.593180000232678,5.593180000232678,0.076,2.772,2.7451800002326783,1.002180000232678,1.7430000000000003,0.0
S00010,IoT-GW,edge-B,edge,172,DONE,9.61044,9.6136,3.1655299999329145,3.1655299999329145,0.07,2.224,0.8715299999329145,0.46252999993291466,0.4089999999999998,0.0
S00001,vRAN-DU,edge-A,edge,157,DONE,9.63289,9.63902,6.130526999641006,6.130526999641006,0.084,4.575,1.4715269996410063,0.7135269996410063,0.758,0.0
S00008,Transcoder,core-1,core,70,DONE,9.63302,9.65345,20.423445999767864,20.423445999767864,0.087,6.608,1.7284459997678638,1.0044459997678636,0.7240000000000002,12.0
S00003,UPF,edge-A,edge,146,DONE,9.64543,9.65017,4.740459999993618,4.740459999993618,0.135,3.252,1.3534599999936185,0.7364599999936186,0.617,0.0
S00009,IoT-GW,edge-A,edge,176,DONE,9.65466,9.65761,2.9571620002570853,2.9571620002570853,0.172,1.254,1.5311620002570854,0.9381620002570852,0.5930000000000002,0.0
S00003,UPF,edge-A,edge,147,DONE,9.65483,9.65801,3.1854199996814714,3.1854199996814714,0.052,1.984,1.1494199996814713,0.5324199996814714,0.617,0.0
S00006,IMS-CSCF,edge-B,edge,200,DONE,9.65762,9.66052,2.898105999975087,2.898105999975087,0.088,1.696,1.1141059999750869,0.5351059999750869,0.579,0.0
S00009,IoT-GW,edge-A,edge,177,DONE,9.66053,9.66303,2.4975189999167924,2.4975189999167924,0.069,1.502,0.9265189999167924,0.44951899991679234,0.4770000000000001,0.0
S00010,IoT-GW,edge-B,edge,173,DONE,9.67432,9.6771,2.781531999971776,2.781531999971776,0.092,1.344,1.3455319999717756,0.6835319999717759,0.6619999999999997,0.0
S00004,UPF,edge-B,edge,164,DONE,9.67574,9.67895,3.2063220000964066,3.2063220000964066,0.062,2.272,0.8723220000964069,0.45632200009640655,0.41600000000000037,0.0
S00003,UPF,edge-A,edge,148,DONE,9.68632,9.69001,3.686335000111285,3.686335000111285,0.089,2.255,1.342335000111285,0.7353350001112848,0.6070000000000002,0.0
S00004,UPF,edge-B,edge,165,DONE,9.69225,9.69618,3.939922999961709,3.939922999961709,0.088,2.697,1.154922999961709,0.5879229999617093,0.5669999999999997,0.0
S00010,IoT-GW,edge-B,edge,174,DONE,9.69359,9.69558,1.9879000001310487,1.9879000001310487,0.118,0.894,0.9759000001310487,0.5819000001310488,0.3939999999999999,0.0
S00006,IMS-CSCF,edge-B,edge,201,DONE,9.69543,9.69775,2.3184950000540994,2.3184950000540994,0.05,1.085,1.1834950000540994,0.5644950000540994,0.619,0.0
S00005,IMS-CSCF,edge-A,edge,156,DONE,9.71225,9.71564,3.3980960001827043,3.3980960001827043,0.164,1.609,1.6250960001827044,0.7230960001827045,0.9019999999999999,0.0
S00005,IMS-CSCF,edge-A,edge,157,DONE,9.7125,9.71745,4.9432870000600815,4.9432870000600815,1.842,1.845,1.2562870000600812,0.6442870000600811,0.6120000000000001,0.0
S00005,IMS-CSCF,edge-A,edge,158,DONE,9.71485,9.71887,4.014578999885998,4.014578999885998,1.671,1.311,1.032578999885998,0.46557899988599827,0.5669999999999997,0.0
S00007,Transcoder,core-1,core,82,DONE,9.71863,9.73682,18.191617999946175,18.191617999946175,0.091,6.142,1.9586179999461741,1.184617999946175,0.7739999999999991,10.0
S00006,IMS-CSCF,edge-B,edge,202,DONE,9.74311,9.7465,3.386431000308221,3.386431000308221,0.09,1.767,1.529431000308221,0.8844310003082212,0.6449999999999998,0.0
S00001,vRAN-DU,edge-A,edge,158,DONE,9.74651,9.752,5.495292999967205,5.495292999967205,0.085,4.146,1.2642929999672052,0.6072929999672052,0.657,0.0
S00007,Transcoder,core-1,core,83,DONE,9.74995,9.77042,20.4665690002912,20.4665690002912,0.117,8.294,2.0555690002912,1.4725690002912017,0.5829999999999984,10.0
S00004,UPF,edge-B,edge,166,DONE,9.75425,9.75808,3.8318450001497695,3.8318450001497695,0.121,2.358,1.3528450001497694,0.7188450001497695,0.6339999999999999,0.0
S00004,UPF,edge-B,edge,167,DONE,9.75439,9.76022,5.827937000049133,5.827937000049133,2.556,2.244,1.027937000049132,0.5199370000491328,0.5079999999999991,0.0
S00005,IMS-CSCF,edge-A,edge,159,DONE,9.76144,9.76387,2.428287999919121,2.428287999919121,0.078,1.511,0.839287999919121,0.4212879999191208,0.41800000000000015,0.0
S00002,vRAN-DU,edge-B,edge,170,DONE,9.76509,9.77089,5.796727999950235,5.796727999950235,0.096,4.449,1.2517279999502353,0.5477279999502356,0.7039999999999997,0.0
S00010,IoT-GW,edge-B,edge,175,DONE,9.77208,9.77396,1.882487000330002,1.882487000330002,0.06,1.035,0.7874870003300021,0.37748700033000215,0.4099999999999999,0.0
S00009,IoT-GW,edge-A,edge,178,DONE,9.77618,9.77877,2.5885899999593676,2.5885899999593676,0.113,1.331,1.1445899999593676,0.5665899999593678,0.5779999999999998,0.0
S00009,IoT-GW,edge-A,edge,179,DONE,9.77629,9.77995,3.6561300003086217,3.6561300003086217,1.642,0.927,1.0871300003086217,0.5701300003086218,0.5169999999999999,0.0
S00008,Transcoder,core-1,core,71,DONE,9.78417,9.80563,21.456449999732286,21.456449999732286,0.085,5.828,3.5434499997322852,1.7574499997322857,1.7859999999999996,12.0
S00004,UPF,edge-B,edge,168,DONE,9.78959,9.79366,4.070570999829215,4.070570999829215,0.156,2.369,1.5455709998292146,0.7455709998292148,0.7999999999999998,0.0
S00008,Transcoder,core-1,core,72,DONE,9.79309,9.81865,25.56176799998866,25.56176799998866,0.067,9.858,3.6367679999886597,2.2617679999886597,1.375,12.0
S00005,IMS-CSCF,edge-A,edge,160,DONE,9.79696,9.79991,2.9437070002131804,2.9437070002131804,0.085,1.702,1.1567070002131805,0.5647070002131804,0.5920000000000001,0.0
S00004,UPF,edge-B,edge,169,DONE,9.79993,9.80354,3.606869999657647,3.606869999657647,0.085,2.167,1.3548699996576472,0.6888699996576468,0.6660000000000004,0.0
S00008,Transcoder,core-1,core,73,DONE,9.80009,9.822,21.912935000273137,21.912935000273137,0.067,7.591,2.254935000273136,1.7699350002731364,0.4850000000000003,12.0
S00006,IMS-CSCF,edge-B,edge,203,DONE,9.80474,9.8073,2.5570749999133113,2.5570749999133113,0.061,1.599,0.8970749999133114,0.4120749999133113,0.4850000000000001,0.0
S00005,IMS-CSCF,edge-A,edge,161,DONE,9.80852,9.81192,3.402857999844855,3.402857999844855,0.082,2.238,1.082857999844855,0.5948579998448551,0.488,0.0
S00006,IMS-CSCF,edge-B,edge,204,DONE,9.82328,9.82597,2.6898200003415695,2.6898200003415695,0.087,1.512,1.0908200003415696,0.49782000034156937,0.5930000000000002,0.0
S00007,Transcoder,core-1,core,84,DONE,9.82819,9.8465,18.302747000234376,18.302747000234376,0.138,6.377,1.7877470002343756,1.0037470002343767,0.7840000000000007,10.0
S00010,IoT-GW,edge-B,edge,176,DONE,9.83963,9.84296,3.3364660002916935,3.3364660002916935,0.087,1.983,1.2664660002916932,0.6324660002916933,0.6339999999999999,0.0
S00008,Transcoder,core-1,core,74,DONE,9.84973,9.87255,22.82740600003308,22.82740600003308,0.085,6.126,4.616406000033081,2.058406000033079,2.558,12.0
S00004,UPF,edge-B,edge,170,DONE,9.85103,9.85442,3.3906909998222545,3.3906909998222545,0.082,2.182,1.1266909998222547,0.43569099982225445,0.6910000000000003,0.0
S00008,Transcoder,core-1,core,75,DONE,9.85227,9.87257,20.300020999911794,20.300020999911794,0.063,6.448,1.789020999911795,1.3590209999117953,0.4299999999999997,12.0
S00004,UPF,edge-B,edge,171,DONE,9.85373,9.85696,3.226634000384365,3.226634000384365,0.1,2.062,1.0646340003843653,0.502634000384365,0.5620000000000003,0.0
S00002,vRAN-DU,edge-B,edge,171,DONE,9.87596,9.88085,4.882370999894192,4.882370999894192,0.193,3.483,1.206370999894192,0.5513709998941918,0.6550000000000002,0.0
S00004,UPF,edge-B,edge,172,DONE,9.87614,9.87978,3.646494999884453,3.646494999884453,0.247,2.245,1.1544949998844531,0.583494999884453,0.5710000000000002,0.0
S00007,Transcoder,core-1,core,85,DONE,9.88617,9.90397,17.803202999857604,17.803202999857604,0.087,6.012,1.7042029998576034,1.0142029998576039,0.6900000000000004,10.0
S00004,UPF,edge-B,edge,173,DONE,9.89254,9.89577,3.229330999602098,3.229330999602098,0.08,1.979,1.1703309996020979,0.5913309996020981,0.5789999999999997,0.0
S00009,IoT-GW,edge-A,edge,180,DONE,9.91434,9.91716,2.826913999797398,2.826913999797398,0.082,1.347,1.397913999797398,0.725913999797398,0.6719999999999999,0.0
S00010,IoT-GW,edge-B,edge,177,DONE,9.91944,9.92166,2.2273390000009385,2.2273390000009385,0.093,1.009,1.1253390000009387,0.46933900000093853,0.6560000000000001,0.0
S00003,UPF,edge-A,edge,149,DONE,9.92799,9.93193,3.938775000278838,3.938775000278838,0.087,2.5,1.3517750002788378,0.7277750002788381,0.6239999999999997,0.0
S00008,Transcoder,core-1,core,76,DONE,9.92821,9.94926,21.05560299969511,21.05560299969511,0.082,7.054,1.9196029996951118,1.302602999695111,0.617,12.0
S00006,IMS-CSCF,edge-B,edge,205,DONE,9.93317,9.93609,2.925818999756302,2.925818999756302,0.09,1.436,1.3998189997563022,0.576818999756302,0.8230000000000002,0.0
S00004,UPF,edge-B,edge,174,DONE,9.95661,9.96027,3.66502999986551,3.66502999986551,0.097,2.186,1.3820299998655101,0.7150299998655099,0.6670000000000003,0.0
S00010,IoT-GW,edge-B,edge,178,DONE,9.96661,9.9691,2.4926699998104596,2.4926699998104596,0.08,1.266,1.1466699998104595,0.6136699998104596,0.5329999999999999,0.0
S00010,IoT-GW,edge-B,edge,179,DONE,9.97026,9.97221,1.9495689998620946,1.9495689998620946,0.115,0.909,0.9255689998620946,0.5225689998620946,0.403,0.0
S00005,IMS-CSCF,edge-A,edge,162,DONE,9.97042,9.97332,2.9041679999863845,2.9041679999863845,0.082,1.594,1.2281679999863844,0.6641679999863843,0.5640000000000001,0.0
S00003,UPF,edge-A,edge,150,DONE,10.01859,10.02506,6.47002200003044,6.47002200003044,0.143,4.736,1.5910220000304403,0.8290220000304398,0.7620000000000005,0.0
S00006,IMS-CSCF,edge-B,edge,206,DONE,10.04048,10.04355,3.0737070001123357,3.0737070001123357,0.128,1.582,1.3637070001123357,0.7357070001123356,0.6280000000000001,0.0
S00005,IMS-CSCF,edge-A,edge,163,DONE,10.04295,10.04577,2.8238509999027883,2.8238509999027883,0.087,1.481,1.2558509999027883,0.6878509999027882,0.5680000000000001,0.0
S00003,UPF,edge-A,edge,151,DONE,10.05114,10.05571,4.56361900023694,4.56361900023694,0.113,3.115,1.3356190002369401,0.7576190002369403,0.5779999999999998,0.0
S00001,vRAN-DU,edge-A,edge,159,DONE,10.05263,10.05738,4.757205999794678,4.757205999794678,0.074,3.77,0.9132059997946782,0.48620599979467816,0.42700000000000005,0.0
S00005,IMS-CSCF,edge-A,edge,164,DONE,10.06172,10.06478,3.061118000005081,3.061118000005081,0.121,1.681,1.2591180000050808,0.5521180000050809,0.7069999999999999,0.0
S00002,vRAN-DU,edge-B,edge,172,DONE,10.06484,10.07076,5.926929999986896,5.926929999986896,0.095,4.632,1.1999299999868969,0.5979299999868966,0.6020000000000003,0.0
S00006,IMS-CSCF,edge-B,edge,207,DONE,10.06617,10.07246,6.284470000082365,6.284470000082365,0.065,5.149,1.0704700000823646,0.6004700000823648,0.46999999999999975,0.0
S00006,IMS-CSCF,edge-B,edge,208,DONE,10.06627,10.07456,8.288807999633718,8.288807999633718,5.13,1.765,1.3938079996337187,0.9488079996337184,0.4450000000000003,0.0
S00001,vRAN-DU,edge-A,edge,160,DONE,10.07368,10.07795,4.278619000160688,4.278619000160688,0.087,3.086,1.1056190001606883,0.5006190001606883,0.605,0.0
S00002,vRAN-DU,edge-B,edge,173,DONE,10.0924,10.09897,6.56346300002042,6.56346300002042,0.133,4.732,1.6984630000204195,0.8744630000204197,0.8239999999999998,0.0
S00002,vRAN-DU,edge-B,edge,174,DONE,10.12031,10.12462,4.302567999729945,4.302567999729945,0.092,2.958,1.2525679997299446,0.740567999729945,0.5119999999999996,0.0
S00010,IoT-GW,edge-B,edge,180,DONE,10.12176,10.12371,1.9495129999995697,1.9495129999995697,0.066,0.953,0.9305129999995698,0.5075129999995698,0.42300000000000004,0.0
S00001,vRAN-DU,edge-A,edge,161,DONE,10.13095,10.13559,4.638980999970954,4.638980999970954,0.111,3.008,1.519980999970954,0.7959809999709542,0.7239999999999998,0.0
S00002,vRAN-DU,edge-B,edge,175,DONE,10.14085,10.14916,8.302529999582475,8.302529999582475,0.088,5.953,2.261529999582475,1.692529999582475,0.569,0.0
S00002,vRAN-DU,edge-B,edge,176,DONE,10.14422,10.14825,4.0334220002478105,4.0334220002478105,0.074,2.886,1.0734220002478105,0.5594220002478103,0.5140000000000002,0.0
S00008,Transcoder,core-1,core,77,DONE,10.14437,10.16538,21.00665299985849,21.00665299985849,0.086,6.876,2.0446529998584886,1.343652999858488,0.7009999999999996,12.0
S00006,IMS-CSCF,edge-B,edge,209,DONE,10.1514,10.1697,18.30059900021297,18.30059900021297,0.088,16.865,1.3475990002129699,0.7765990002129683,0.5710000000000015,0.0
S00008,Transcoder,core-1,core,78,DONE,10.15149,10.17206,20.563742999911483,20.563742999911483,0.055,5.882,2.6267429999114835,1.4807429999114827,1.1460000000000008,12.0
S00003,UPF,edge-A,edge,152,DONE,10.15422,10.15799,3.777105000153824,3.777105000153824,0.084,2.166,1.5271050001538242,0.5251050001538244,1.0019999999999998,0.0
S00001,vRAN-DU,edge-A,edge,162,DONE,10.16022,10.16609,5.866517000413296,5.866517000413296,0.073,4.867,0.9265170004132957,0.4455170004132958,0.48099999999999987,0.0
S00004,UPF,edge-B,edge,175,DONE,10.16449,10.17207,7.582602000184124,7.582602000184124,0.09,2.215,5.277602000184125,0.9526020001841244,4.325,0.0
S00001,vRAN-DU,edge-A,edge,163,DONE,10.16461,10.16893,4.312078000111796,4.312078000111796,0.053,2.529,1.7300780001117966,0.4330780001117964,1.2970000000000002,0.0
S00010,IoT-GW,edge-B,edge,181,DONE,10.1709,10.17337,2.470155000082741,2.470155000082741,0.077,0.899,1.494155000082741,1.061155000082741,0.43300000000000005,0.0
S00004,UPF,edge-B,edge,176,DONE,10.17659,10.17976,3.170685999975831,3.170685999975831,0.063,2.082,1.0256859999758308,0.47668599997583083,0.5489999999999999,0.0
S00001,vRAN-DU,edge-A,edge,164,DONE,10.20105,10.20544,4.383618999781902,4.383618999781902,0.089,2.83,1.464618999781902,0.8076189997819019,0.657,0.0
S00009,IoT-GW,edge-A,edge,181,DONE,10.20545,10.2076,2.153653999812377,2.153653999812377,0.108,1.029,1.0166539998123771,0.5576539998123771,0.4590000000000001,0.0
S00005,IMS-CSCF,edge-A,edge,165,DONE,10.22195,10.22628,4.3326369996066205,4.3326369996066205,0.1,2.535,1.6976369996066203,0.8736369996066204,0.8239999999999998,0.0
S00006,IMS-CSCF,edge-B,edge,210,DONE,10.22225,10.22806,5.813396000121429,5.813396000121429,0.107,3.332,2.374396000121429,1.5593960001214295,0.8149999999999995,0.0
S00010,IoT-GW,edge-B,edge,182,DONE,10.22359,10.22841,4.820004000066547,4.820004000066547,0.341,1.547,2.932004000066547,2.1640040000665466,0.7680000000000002,0.0
S00005,IMS-CSCF,edge-A,edge,166,DONE,10.23366,10.23642,2.760413000032713,2.760413000032713,0.191,1.472,1.0974130000327131,0.5614130000327133,0.5359999999999998,0.0
S00005,IMS-CSCF,edge-A,edge,167,DONE,10.23379,10.23785,4.060578000007808,4.060578000007808,1.564,1.269,1.2275780000078083,0.6175780000078084,0.6099999999999999,0.0
S00008,Transcoder,core-1,core,79,DONE,10.26025,10.28119,20.93872100022054,20.93872100022054,0.08,6.36,2.498721000220538,1.4547210002205393,1.0439999999999996,12.0
S00004,UPF,edge-B,edge,177,DONE,10.27477,10.27843,3.6578340000232856,3.6578340000232856,0.091,2.156,1.4108340000232853,0.6388340000232855,0.7719999999999998,0.0
S00010,IoT-GW,edge-B,edge,183,DONE,10.28067,10.28312,2.447914000185847,2.447914000185847,0.117,1.286,1.0449140001858468,0.6109140001858469,0.43399999999999994,0.0
S00006,IMS-CSCF,edge-B,edge,211,DONE,10.2843,10.28694,2.637616999891179,2.637616999891179,0.084,1.545,1.0086169998911791,0.4886169998911791,0.52,0.0
S00005,IMS-CSCF,edge-A,edge,168,DONE,10.29226,10.29529,3.021659999831172,3.021659999831172,0.071,1.6,1.3506599998311721,0.7236599998311721,0.627,0.0
S00006,IMS-CSCF,edge-B,edge,212,DONE,10.2953,10.29791,2.6142589999835764,2.6142589999835764,0.081,1.444,1.0892589999835764,0.5622589999835763,0.5270000000000001,0.0
S00001,vRAN-DU,edge-A,edge,165,DONE,10.30221,10.3063,4.0961949998745695,4.0961949998745695,0.072,2.793,1.2311949998745693,0.6521949998745695,0.5789999999999997,0.0
S00009,IoT-GW,edge-A,edge,182,DONE,10.32562,10.3283,2.6744130000224686,2.6744130000224686,0.086,1.167,1.4214130000224685,0.8024130000224685,0.619,0.0
S00002,vRAN-DU,edge-B,edge,177,DONE,10.32585,10.33052,4.665400000249065,4.665400000249065,0.29,2.841,1.5344000002490645,0.8694000002490649,0.6649999999999996,0.0
S00001,vRAN-DU,edge-A,edge,166,DONE,10.33681,10.34186,5.04721699962829,5.04721699962829,0.094,3.34,1.6132169996282903,0.9182169996282905,0.6949999999999998,0.0
S00006,IMS-CSCF,edge-B,edge,213,DONE,10.34187,10.34761,5.738305999784643,5.738305999784643,0.576,3.71,1.4523059997846435,0.5853059997846435,0.867,0.0
S00001,vRAN-DU,edge-A,edge,167,DONE,10.34203,10.34597,3.9432869998563547,3.9432869998563547,0.057,2.991,0.8952869998563546,0.44028699985635456,0.45500000000000007,0.0
S00002,vRAN-DU,edge-B,edge,178,DONE,10.34264,10.34705,4.410527999880287,4.410527999880287,0.057,2.91,1.443527999880287,0.665527999880287,0.778,0.0
S00004,UPF,edge-B,edge,178,DONE,10.34881,10.35247,3.652125999906275,3.652125999906275,0.072,2.582,0.998125999906275,0.527125999906275,0.4710000000000001,0.0
S00002,vRAN-DU,edge-B,edge,179,DONE,10.36359,10.36796,4.3742280004153145,4.3742280004153145,0.133,2.974,1.2672280004153142,0.6722280004153145,0.5949999999999998,0.0
S00003,UPF,edge-A,edge,153,DONE,10.36797,10.37149,3.5160190000169678,3.5160190000169678,0.085,2.228,1.2030190000169676,0.5600190000169678,0.6429999999999998,0.0
S00003,UPF,edge-A,edge,154,DONE,10.37271,10.37651,3.7974009997014946,3.7974009997014946,0.062,1.938,1.7974009997014946,1.3154009997014944,0.4820000000000002,0.0
S00006,IMS-CSCF,edge-B,edge,214,DONE,10.37499,10.3778,2.8025030001117557,2.8025030001117557,0.076,1.41,1.3165030001117557,0.8745030001117557,0.44199999999999995,0.0
S00009,IoT-GW,edge-A,edge,183,DONE,10.37899,10.38108,2.084566000121413,2.084566000121413,0.14,1.104,0.8405660001214126,0.4185660001214129,0.4219999999999997,0.0
S00002,vRAN-DU,edge-B,edge,180,DONE,10.38222,10.38595,3.7329950000639656,3.7329950000639656,0.069,2.731,0.9329950000639657,0.4479950000639654,0.4850000000000003,0.0
S00007,Transcoder,core-1,core,86,DONE,10.38374,10.40123,17.49320599992643,17.49320599992643,0.085,5.988,1.4202059999264307,0.7862059999264304,0.6339999999999995,10.0
S00010,IoT-GW,edge-B,edge,184,DONE,10.39618,10.39824,2.0610679998753767,2.0610679998753767,0.079,0.953,1.0290679998753767,0.5410679998753767,0.488,0.0
S00001,vRAN-DU,edge-A,edge,168,DONE,10.39747,10.40131,3.8418050003201643,3.8418050003201643,0.083,2.834,0.924805000320164,0.3788050003201642,0.5459999999999998,0.0
S00004,UPF,edge-B,edge,179,DONE,10.40045,10.4036,3.149713000311749,3.149713000311749,0.059,2.358,0.7327130003117488,0.3347130003117491,0.3979999999999997,0.0
S00003,UPF,edge-A,edge,155,DONE,10.4189,10.42256,3.6648510003942647,3.6648510003942647,0.09,2.358,1.2168510003942647,0.5658510003942645,0.6510000000000002,0.0
S00003,UPF,edge-A,edge,156,DONE,10.42029,10.425,4.711907000000792,4.711907000000792,0.056,2.012,2.6439070000007923,1.6179070000007925,1.0259999999999998,0.0
S00004,UPF,edge-B,edge,180,DONE,10.42157,10.42505,3.478412999811553,3.478412999811553,0.143,2.35,0.9854129998115533,0.3774129998115532,0.6080000000000001,0.0
S00009,IoT-GW,edge-A,edge,184,DONE,10.44043,10.44293,2.4981629999274446,2.4981629999274446,0.118,1.23,1.1501629999274448,0.6251629999274446,0.5250000000000001,0.0
S00009,IoT-GW,edge-A,edge,185,DONE,10.44716,10.44981,2.6493590003155987,2.6493590003155987,0.065,1.327,1.2573590003155988,0.7453590003155988,0.512,0.0
S00002,vRAN-DU,edge-B,edge,181,DONE,10.45307,10.45829,5.220911999913369,5.220911999913369,0.089,2.796,2.3359119999133693,1.7549119999133689,0.5810000000000004,0.0
S00001,vRAN-DU,edge-A,edge,169,DONE,10.46458,10.46919,4.609752999840566,4.609752999840566,0.085,3.175,1.3497529998405664,0.8067529998405663,0.5430000000000001,0.0
S00001,vRAN-DU,edge-A,edge,170,DONE,10.46895,10.47274,3.7915369998700044,3.7915369998700044,0.063,2.804,0.9245369998700044,0.38053699987000433,0.544,0.0
S00007,Transcoder,core-1,core,87,DONE,10.4724,10.49218,19.77671599979658,19.77671599979658,0.082,6.631,3.063715999796578,2.481715999796579,0.5819999999999999,10.0
S00001,vRAN-DU,edge-A,edge,171,DONE,10.47252,10.47604,3.5265259998595866,3.5265259998595866,0.052,2.706,0.7685259998595866,0.3835259998595868,0.3849999999999998,0.0
S00005,IMS-CSCF,edge-A,edge,169,DONE,10.47592,10.47779,1.872283000011521,1.872283000011521,0.049,1.228,0.595283000011521,0.27928300001152095,0.31600000000000006,0.0
S00010,IoT-GW,edge-B,edge,185,DONE,10.47897,10.48361,4.643106999992597,4.643106999992597,0.084,3.652,0.9071069999925965,0.40010699999259636,0.5070000000000001,0.0
S00003,UPF,edge-A,edge,157,DONE,10.48578,10.48891,3.125311000076181,3.125311000076181,0.081,2.207,0.837311000076181,0.3623110000761809,0.4750000000000001,0.0
S00005,IMS-CSCF,edge-A,edge,170,DONE,10.51954,10.5225,2.9569790003733942,2.9569790003733942,0.088,1.458,1.4109790003733942,0.8609790003733941,0.55,0.0
S00006,IMS-CSCF,edge-B,edge,215,DONE,10.52775,10.53052,2.7668679999806045,2.7668679999806045,0.089,1.506,1.1718679999806045,0.5468679999806043,0.6250000000000002,0.0
S00010,IoT-GW,edge-B,edge,186,DONE,10.53172,10.53364,1.9210159998692689,1.9210159998692689,0.057,0.99,0.8740159998692689,0.41401599986926896,0.45999999999999996,0.0
S00007,Transcoder,core-1,core,88,DONE,10.53586,10.55435,18.491767999876174,18.491767999876174,0.119,6.148,2.2247679998761747,1.6027679998761748,0.6220000000000008,10.0
S00009,IoT-GW,edge-A,edge,186,DONE,10.54126,10.54405,2.789485999983299,2.789485999983299,0.134,1.104,1.5514859999832988,1.0594859999832988,0.492,0.0
S00001,vRAN-DU,edge-A,edge,172,DONE,10.54927,10.55299,3.7283970000316913,3.7283970000316913,0.064,2.835,0.8293970000316913,0.3993970000316911,0.43000000000000016,0.0
S00004,UPF,edge-B,edge,181,DONE,10.55158,10.55581,4.224023000006127,4.224023000006127,0.132,2.936,1.1560230000061273,0.6670230000061275,0.4889999999999999,0.0
S00002,vRAN-DU,edge-B,edge,182,DONE,10.56008,10.56426,4.178274999958376,4.178274999958376,0.098,2.629,1.4512749999583758,0.9652749999583756,0.4860000000000002,0.0
S00004,UPF,edge-B,edge,182,DONE,10.5614,10.56521,3.811661999861826,3.811661999861826,0.052,2.959,0.8006619998618261,0.2896619998618264,0.5109999999999997,0.0
S00008,Transcoder,core-1,core,80,DONE,10.56165,10.58424,22.586511000099563,22.586511000099563,0.128,8.545,1.9135110000995628,0.8825110000995622,1.0310000000000006,12.0
S00009,IoT-GW,edge-A,edge,187,DONE,10.56199,10.56538,3.392579999854206,3.392579999854206,0.103,1.162,2.1275799998542064,1.614579999854206,0.5130000000000001,0.0
S00009,IoT-GW,edge-A,edge,188,DONE,10.56656,10.56959,3.033478000361356,3.033478000361356,0.082,0.915,2.036478000361356,1.190478000361356,0.846,0.0
S00006,IMS-CSCF,edge-B,edge,216,DONE,10.56781,10.57042,2.6094029999512713,2.6094029999512713,0.055,1.665,0.8894029999512714,0.48940299995127123,0.40000000000000013,0.0
S00001,vRAN-DU,edge-A,edge,173,DONE,10.5696,10.58147,11.869421000028524,11.869421000028524,0.117,10.747,1.005421000028523,0.4564210000285236,0.5489999999999995,0.0
S00009,IoT-GW,edge-A,edge,189,DONE,10.5697,10.57795,8.251329999893642,8.251329999893642,4.174,2.31,1.7673299998936418,0.34632999989364155,1.4210000000000003,0.0
S00002,vRAN-DU,edge-B,edge,183,DONE,10.57363,10.58002,6.390447000285349,6.390447000285349,0.051,5.392,0.9474470002853481,0.3344470002853486,0.6129999999999995,0.0
S00009,IoT-GW,edge-A,edge,190,DONE,10.5771,10.58227,5.166103000192379,5.166103000192379,0.083,3.613,1.470103000192379,1.091103000192379,0.379,0.0
S00007,Transcoder,core-1,core,89,DONE,10.58002,10.59935,19.32515999988027,19.32515999988027,0.074,7.899,1.3521599998802714,0.8961599998802701,0.4560000000000004,10.0
S00005,IMS-CSCF,edge-A,edge,171,DONE,10.58743,10.59151,4.081302000031428,4.081302000031428,0.051,3.265,0.7653020000314279,0.39430200003142835,0.37099999999999955,0.0
S00002,vRAN-DU,edge-B,edge,184,DONE,10.58753,10.5915,3.9667470000495086,3.9667470000495086,0.059,2.608,1.2997470000495084,0.8117470000495088,0.48799999999999955,0.0
S00002,vRAN-DU,edge-B,edge,185,DONE,10.59774,10.60158,3.835684999557998,3.835684999557998,0.102,2.692,1.0416849995579978,0.4606849995579978,0.581,0.0
S00008,Transcoder,core-1,core,81,DONE,10.59902,10.62264,23.624644999927114,23.624644999927114,0.081,6.283,5.260644999927113,4.377644999927114,0.8829999999999991,12.0
S00007,Transcoder,core-1,core,90,DONE,10.61786,10.63649,18.625745000008465,18.625745000008465,0.08,6.052,2.493745000008465,1.8827450000084642,0.6110000000000007,10.0
S00009,IoT-GW,edge-A,edge,191,DONE,10.62222,10.62451,2.293077000103949,2.293077000103949,0.089,1.101,1.1030770001039492,0.441077000103949,0.6620000000000001,0.0
S00006,IMS-CSCF,edge-B,edge,217,DONE,10.63777,10.64053,2.760302000297088,2.760302000297088,0.087,1.464,1.209302000297088,0.6273020002970879,0.5820000000000001,0.0
S00001,vRAN-DU,edge-A,edge,174,DONE,10.64006,10.64406,4.009854999821982,4.009854999821982,0.117,2.746,1.1468549998219824,0.5258549998219824,0.621,0.0
S00009,IoT-GW,edge-A,edge,192,DONE,10.65028,10.65275,2.4776720001682406,2.4776720001682406,0.081,1.436,0.9606720001682407,0.49467200016824053,0.4660000000000002,0.0
S00004,UPF,edge-B,edge,183,DONE,10.65165,10.65487,3.2191949999287317,3.2191949999287317,0.116,2.151,0.9521949999287318,0.4631949999287319,0.4889999999999999,0.0
S00003,UPF,edge-A,edge,158,DONE,10.65175,10.65504,3.294876999916596,3.294876999916596,0.062,1.902,1.3308769999165961,0.37187699991659606,0.9590000000000001,0.0
S00005,IMS-CSCF,edge-A,edge,172,DONE,10.67745,10.68008,2.6316350003980915,2.6316350003980915,0.142,1.442,1.0476350003980917,0.6066350003980916,0.44100000000000006,0.0
S00004,UPF,edge-B,edge,184,DONE,10.67762,10.68129,3.6702700003843347,3.6702700003843347,0.088,2.299,1.2832700003843347,0.4222700003843345,0.8610000000000002,0.0
S00003,UPF,edge-A,edge,159,DONE,10.68865,10.69186,3.212560000065423,3.212560000065423,0.117,1.986,1.1095600000654229,0.5985600000654232,0.5109999999999997,0.0
S00010,IoT-GW,edge-B,edge,187,DONE,10.69098,10.69425,3.2723129997975775,3.2723129997975775,0.08,1.312,1.8803129997975774,1.3993129997975775,0.48099999999999987,0.0
S00002,vRAN-DU,edge-B,edge,186,DONE,10.69187,10.69559,3.7211710000519815,3.7211710000519815,0.103,2.815,0.8031710000519814,0.37517100005198145,0.42799999999999994,0.0
S00001,vRAN-DU,edge-A,edge,175,DONE,10.69426,10.69819,3.928582999833452,3.928582999833452,0.069,2.924,0.9355829998334522,0.4715829998334522,0.46399999999999997,0.0
S00005,IMS-CSCF,edge-A,edge,173,DONE,10.71252,10.71589,3.369022000242694,3.369022000242694,0.155,2.0,1.2140220002426942,0.7270220002426941,0.4870000000000001,0.0
S00009,IoT-GW,edge-A,edge,193,DONE,10.71273,10.71518,2.44914399991103,2.44914399991103,0.159,1.133,1.1571439999110298,0.6061439999110299,0.5509999999999999,0.0
S00010,IoT-GW,edge-B,edge,188,DONE,10.715,10.71702,2.0150820000708336,2.0150820000708336,0.119,1.03,0.8660820000708336,0.4120820000708336,0.45399999999999996,0.0
S00001,vRAN-DU,edge-A,edge,176,DONE,10.7159,10.71935,3.447524999955931,3.447524999955931,0.05,2.722,0.6755249999559312,0.338524999955931,0.3370000000000002,0.0
S00008,Transcoder,core-1,core,82,DONE,10.72556,10.74966,24.09768300003634,24.09768300003634,0.087,6.143,5.86768300003634,5.194683000036342,0.673,12.0
S00010,IoT-GW,edge-B,edge,189,DONE,10.72784,10.73065,2.8063569998266757,2.8063569998266757,0.072,1.457,1.2773569998266756,0.5323569998266757,0.7449999999999999,0.0
S00010,IoT-GW,edge-B,edge,190,DONE,10.74299,10.7458,2.8105370001867414,2.8105370001867414,0.118,1.244,1.4485370001867413,0.7575370001867414,0.6909999999999998,0.0
S00003,UPF,edge-A,edge,160,DONE,10.74582,10.75061,4.78813200015793,4.78813200015793,0.087,3.243,1.4581320001579297,0.78113200015793,0.6769999999999996,0.0
S00001,vRAN-DU,edge-A,edge,177,DONE,10.75062,10.75802,7.404928000141808,7.404928000141808,0.062,6.432,0.9109280001418076,0.4259280001418082,0.48499999999999943,0.0
S00006,IMS-CSCF,edge-B,edge,218,DONE,10.75077,10.75478,4.0174040000238165,4.0174040000238165,0.144,2.61,1.2634040000238165,0.46440400002381654,0.7989999999999999,0.0
S00009,IoT-GW,edge-A,edge,194,DONE,10.75253,10.75435,1.825176999773248,1.825176999773248,0.054,0.792,0.979176999773248,0.590176999773248,0.389,0.0
S00001,vRAN-DU,edge-A,edge,178,DONE,10.75383,10.75763,3.798573000040051,3.798573000040051,0.044,2.37,1.3845730000400507,0.5165730000400508,0.8679999999999999,0.0
S00005,IMS-CSCF,edge-A,edge,174,DONE,10.75764,10.7601,2.45495800027129,2.45495800027129,0.067,1.336,1.05195800027129,0.60895800027129,0.44300000000000006,0.0
S00003,UPF,edge-A,edge,161,DONE,10.7601,10.76421,4.106073999992077,4.106073999992077,0.047,2.98,1.0790739999920769,0.646073999992077,0.43299999999999983,0.0
S00009,IoT-GW,edge-A,edge,195,DONE,10.76236,10.76422,1.8610530000842118,1.8610530000842118,0.056,1.132,0.6730530000842119,0.3700530000842117,0.30300000000000016,0.0
S00006,IMS-CSCF,edge-B,edge,219,DONE,10.76548,10.7684,2.916428999924392,2.916428999924392,0.159,1.501,1.256428999924392,0.5724289999243921,0.6839999999999999,0.0
S00010,IoT-GW,edge-B,edge,191,DONE,10.78067,10.78376,3.091346000019257,3.091346000019257,0.081,1.656,1.3543460000192573,0.7073460000192573,0.647,0.0
S00001,vRAN-DU,edge-A,edge,179,DONE,10.83018,10.83485,4.672250000112399,4.672250000112399,0.118,3.016,1.538250000112399,0.7782500001123989,0.7600000000000002,0.0
S00007,Transcoder,core-1,core,91,DONE,10.84512,10.86866,23.54643600028794,23.54643600028794,0.132,11.451,1.96343600028794,1.3124360002879403,0.6509999999999998,10.0
S00009,IoT-GW,edge-A,edge,196,DONE,10.85556,10.85788,2.316261000032682,2.316261000032682,0.087,1.27,0.9592610000326822,0.5132610000326823,0.44599999999999995,0.0
S00003,UPF,edge-A,edge,162,DONE,10.871,10.87447,3.463613999883819,3.463613999883819,0.119,2.121,1.2236139998838187,0.5826139998838191,0.6409999999999996,0.0
S00002,vRAN-DU,edge-B,edge,187,DONE,10.87344,10.87765,4.211149000184378,4.211149000184378,0.116,2.816,1.2791490001843777,0.6181490001843777,0.661,0.0
S00008,Transcoder,core-1,core,83,DONE,10.87679,10.90037,23.573345999921003,23.573345999921003,0.083,6.256,5.234345999921004,1.9983459999210034,3.235999999999999,12.0
S00004,UPF,edge-B,edge,185,DONE,10.87884,10.88189,3.0562980000468087,3.0562980000468087,0.066,2.005,0.985298000046809,0.4942980000468089,0.4910000000000001,0.0
S00002,vRAN-DU,edge-B,edge,188,DONE,10.8819,10.88762,5.716940999718645,5.716940999718645,0.05,4.542,1.1249409997186453,0.6119409997186445,0.5130000000000008,0.0
S00001,vRAN-DU,edge-A,edge,180,DONE,10.88764,10.89372,6.081920999804424,6.081920999804424,0.117,4.629,1.3359209998044248,0.5689209998044245,0.7670000000000003,0.0
S00004,UPF,edge-B,edge,186,DONE,10.89341,10.89797,4.565485000057379,4.565485000057379,0.12,3.298,1.1474850000573786,0.5224850000573786,0.625,0.0
S00006,IMS-CSCF,edge-B,edge,220,DONE,10.90869,10.91155,2.8603999999177177,2.8603999999177177,0.157,1.59,1.1133999999177175,0.5213999999177177,0.5919999999999999,0.0
S00002,vRAN-DU,edge-B,edge,189,DONE,10.92284,10.9291,6.255892000353924,6.255892000353924,0.09,4.832,1.3338920003539245,0.6288920003539245,0.7050000000000001,0.0
S00006,IMS-CSCF,edge-B,edge,221,DONE,10.92723,10.92998,2.7476049999677343,2.7476049999677343,0.074,1.452,1.2216049999677343,0.7426049999677344,0.47899999999999987,0.0
S00005,IMS-CSCF,edge-A,edge,175,DONE,10.95848,10.96192,3.44794800003001,3.44794800003001,0.184,1.732,1.53194800003001,0.74594800003001,0.786,0.0
S00006,IMS-CSCF,edge-B,edge,222,DONE,10.97435,10.97808,3.732491999926424,3.732491999926424,0.09,2.427,1.215491999926424,0.650491999926424,0.565,0.0
S00008,Transcoder,core-1,core,84,DONE,10.97672,10.99709,20.368176999909338,20.368176999909338,0.084,5.999,2.285176999909339,1.6021769999093376,0.6830000000000007,12.0
S00008,Transcoder,core-1,core,85,DONE,10.9944,11.01738,22.97524200002954,22.97524200002954,0.084,6.165,4.72624200002954,1.877242000029538,2.849000000000001,12.0
S00008,Transcoder,core-1,core,86,DONE,10.9968,11.02072,23.92448399996283,23.92448399996283,0.111,7.35,4.463483999962833,3.8394839999628303,0.6240000000000014,12.0
S00003,UPF,edge-A,edge,163,DONE,11.0004,11.00409,3.6810090000471973,3.6810090000471973,0.09,2.355,1.2360090000471975,0.5920090000471974,0.6440000000000001,0.0
S00004,UPF,edge-B,edge,187,DONE,11.00997,11.01317,3.19147999971392,3.19147999971392,0.089,1.922,1.1804799997139197,0.64947999971392,0.5309999999999997,0.0
S00003,UPF,edge-A,edge,164,DONE,11.02073,11.02488,4.147662999912427,4.147662999912427,0.091,2.866,1.1906629999124267,0.6126629999124269,0.5779999999999998,0.0
S00004,UPF,edge-B,edge,188,DONE,11.02395,11.0272,3.2581149998804904,3.2581149998804904,0.078,2.236,0.9441149998804903,0.4691149998804902,0.4750000000000001,0.0
S00004,UPF,edge-B,edge,189,DONE,11.02404,11.02945,5.405840000094031,5.405840000094031,1.797,1.904,1.7048400000940314,1.187840000094031,0.5170000000000003,0.0
S00002,vRAN-DU,edge-B,edge,190,DONE,11.02955,11.03325,3.6990029998378304,3.6990029998378304,0.051,2.85,0.7980029998378302,0.4260029998378303,0.3719999999999999,0.0
S00003,UPF,edge-A,edge,165,DONE,11.03185,11.03498,3.125533999991603,3.125533999991603,0.078,2.084,0.9635339999916033,0.45753399999160305,0.5060000000000002,0.0
S00004,UPF,edge-B,edge,190,DONE,11.03718,11.04027,3.0883290000929264,3.0883290000929264,0.063,2.023,1.0023290000929261,0.5203290000929264,0.48199999999999976,0.0
S00006,IMS-CSCF,edge-B,edge,223,DONE,11.04762,11.05083,3.2092239998746663,3.2092239998746663,0.073,1.944,1.1922239998746664,0.6162239998746664,0.5760000000000001,0.0
S00005,IMS-CSCF,edge-A,edge,176,DONE,11.08018,11.08342,3.239987999677396,3.239987999677396,0.093,1.611,1.5359879996773962,0.9439879996773963,0.5919999999999999,0.0
S00006,IMS-CSCF,edge-B,edge,224,DONE,11.08266,11.08604,3.3754480000425247,3.3754480000425247,0.091,1.875,1.4094480000425247,0.6644480000425248,0.7449999999999999,0.0
S00009,IoT-GW,edge-A,edge,197,DONE,11.08285,11.0846,1.7452460001550207,1.7452460001550207,0.053,0.879,0.8132460001550207,0.40724600015502066,0.406,0.0
S00003,UPF,edge-A,edge,166,DONE,11.08833,11.09158,3.2472660000166798,3.2472660000166798,0.064,2.272,0.9112660000166799,0.4182660000166796,0.4930000000000003,0.0
S00010,IoT-GW,edge-B,edge,192,DONE,11.09063,11.09282,2.1972380000079283,2.1972380000079283,0.081,1.184,0.9322380000079284,0.43323800000792834,0.4990000000000001,0.0
S00007,Transcoder,core-1,core,92,DONE,11.09502,11.11287,17.850155999894923,17.850155999894923,0.082,6.041,1.7271559998949222,1.147155999894924,0.5800000000000001,10.0
S00002,vRAN-DU,edge-B,edge,191,DONE,11.09831,11.10224,3.9387809997606382,3.9387809997606382,0.069,2.929,0.9407809997606384,0.47178099976063814,0.4690000000000003,0.0
S00009,IoT-GW,edge-A,edge,198,DONE,11.11052,11.11349,2.9666290001841844,2.9666290001841844,0.093,1.161,1.7126290001841844,0.5166290001841842,1.1960000000000002,0.0
S00009,IoT-GW,edge-A,edge,199,DONE,11.11977,11.12205,2.27649599992219,2.27649599992219,0.081,1.085,1.1104959999221902,0.5744959999221901,0.536,0.0
S00003,UPF,edge-A,edge,167,DONE,11.13037,11.13471,4.346265000094718,4.346265000094718,0.08,2.815,1.4512650000947178,0.8542650000947178,0.597,0.0
S00005,IMS-CSCF,edge-A,edge,177,DONE,11.13273,11.13551,2.778221999960806,2.778221999960806,0.075,1.387,1.316221999960806,0.540221999960806,0.776,0.0
S00005,IMS-CSCF,edge-A,edge,178,DONE,11.13282,11.13681,3.9830590003475663,3.9830590003475663,1.604,1.441,0.9380590003475664,0.4550590003475663,0.4830000000000001,0.0
S00006,IMS-CSCF,edge-B,edge,225,DONE,11.15113,11.15707,5.938577000051737,5.938577000051737,0.051,2.992,2.8955770000517367,2.095577000051737,0.7999999999999998,0.0
S00005,IMS-CSCF,edge-A,edge,179,DONE,11.15252,11.15551,2.992299999732495,2.992299999732495,0.143,1.33,1.519299999732495,0.9712999997324951,0.5479999999999998,0.0
S00002,vRAN-DU,edge-B,edge,192,DONE,11.16134,11.16541,4.069464999702177,4.069464999702177,0.078,2.775,1.2164649997021773,0.5554649997021772,0.661,0.0
S00010,IoT-GW,edge-B,edge,193,DONE,11.16466,11.16679,2.130553999904805,2.130553999904805,0.062,1.124,0.9445539999048049,0.4685539999048052,0.47599999999999976,0.0
S00002,vRAN-DU,edge-B,edge,193,DONE,11.17916,11.1835,4.346673999862105,4.346673999862105,0.089,2.931,1.326673999862105,0.7016739998621051,0.625,0.0
S00009,IoT-GW,edge-A,edge,200,DONE,11.18481,11.18755,2.740589000040927,2.740589000040927,0.118,1.236,1.386589000040927,0.6725890000409271,0.714,0.0
S00008,Transcoder,core-1,core,87,DONE,11.19078,11.21288,22.09710199986148,22.09710199986148,0.086,8.283,1.7281019998614795,0.8561019998614796,0.8719999999999999,12.0
S00005,IMS-CSCF,edge-A,edge,180,DONE,11.19311,11.19571,2.601194999897416,2.601194999897416,0.077,1.346,1.178194999897416,0.7031949998974161,0.47499999999999987,0.0
S00007,Transcoder,core-1,core,93,DONE,11.19322,11.21685,23.630338999737432,23.630338999737432,0.072,8.197,5.361338999737434,1.6603389997374318,3.7010000000000023,10.0
S00003,UPF,edge-A,edge,168,DONE,11.20597,11.21282,6.8435900002441485,6.8435900002441485,0.077,5.416,1.3505900002441482,0.7105900002441485,0.6399999999999997,0.0
S00009,IoT-GW,edge-A,edge,201,DONE,11.21512,11.21724,2.120755999840185,2.120755999840185,0.07,1.125,0.9257559998401848,0.4727559998401849,0.45299999999999985,0.0
S00005,IMS-CSCF,edge-A,edge,181,DONE,11.21944,11.22187,2.430822999940574,2.430822999940574,0.079,1.526,0.825822999940574,0.3948229999405739,0.43100000000000005,0.0
S00002,vRAN-DU,edge-B,edge,194,DONE,11.22418,11.22809,3.9099969999369932,3.9099969999369932,0.085,2.717,1.1079969999369932,0.5849969999369931,0.5230000000000001,0.0
S00002,vRAN-DU,edge-B,edge,195,DONE,11.23939,11.24467,5.284697000206506,5.284697000206506,0.137,3.635,1.5126970002065065,0.7966970002065059,0.7160000000000006,0.0
S00007,Transcoder,core-1,core,94,DONE,11.24593,11.2639,17.97314399982497,17.97314399982497,0.09,6.028,1.8551439998249712,1.1691439998249695,0.6860000000000008,10.0
S00005,IMS-CSCF,edge-A,edge,182,DONE,11.25338,11.25588,2.5027949996001553,2.5027949996001553,0.096,1.388,1.0187949996001553,0.5117949996001552,0.5070000000000001,0.0
S00010,IoT-GW,edge-B,edge,194,DONE,11.26312,11.26533,2.2152919996187848,2.2152919996187848,0.087,0.923,1.2052919996187847,0.6292919996187847,0.5760000000000001,0.0
S00003,UPF,edge-A,edge,169,DONE,11.26391,11.26798,4.060580999976082,4.060580999976082,0.099,2.605,1.356580999976082,0.7305809999760822,0.6259999999999999,0.0
S00007,Transcoder,core-1,core,95,DONE,11.26799,11.29192,23.932926000270527,23.932926000270527,0.14,9.355,4.437926000270526,1.5959260002705271,2.8419999999999987,10.0
S00005,IMS-CSCF,edge-A,edge,183,DONE,11.27354,11.27634,2.7990769999632903,2.7990769999632903,0.138,1.471,1.1900769999632903,0.6490769999632904,0.5409999999999999,0.0
S00002,vRAN-DU,edge-B,edge,196,DONE,11.27635,11.28145,5.104299999857176,5.104299999857176,0.085,3.723,1.296299999857176,0.5892999998571762,0.7069999999999999,0.0
S00005,IMS-CSCF,edge-A,edge,184,DONE,11.27677,11.27922,2.449648000037996,2.449648000037996,0.059,1.73,0.6606480000379962,0.3396480000379962,0.32099999999999995,0.0
S00003,UPF,edge-A,edge,170,DONE,11.27801,11.28182,3.815952999957517,3.815952999957517,0.051,2.117,1.6479529999575169,0.755952999957517,0.8919999999999999,0.0
S00001,vRAN-DU,edge-A,edge,181,DONE,11.28303,11.28654,3.5133500000483764,3.5133500000483764,0.057,2.548,0.9083500000483764,0.38135000004837627,0.5270000000000001,0.0
S00002,vRAN-DU,edge-B,edge,197,DONE,11.29717,11.30137,4.203248000067106,4.203248000067106,0.091,2.878,1.2342480000671054,0.6182480000671058,0.6159999999999997,0.0
S00006,IMS-CSCF,edge-B,edge,226,DONE,11.30463,11.30715,2.5236429996766674,2.5236429996766674,0.075,1.46,0.9886429996766675,0.4976429996766676,0.4909999999999999,0.0
S00002,vRAN-DU,edge-B,edge,198,DONE,11.32647,11.33112,4.6467709998978535,4.6467709998978535,0.334,3.101,1.2117709998978534,0.6387709998978535,0.573,0.0
S00002,vRAN-DU,edge-B,edge,199,DONE,11.32788,11.33179,3.9171349999378435,3.9171349999378435,0.064,2.92,0.9331349999378435,0.4911349999378434,0.44200000000000017,0.0
S00002,vRAN-DU,edge-B,edge,200,DONE,11.35106,11.35722,6.161712999983138,6.161712999983138,0.093,4.972,1.0967129999831373,0.5447129999831377,0.5519999999999996,0.0
S00003,UPF,edge-A,edge,171,DONE,11.3524,11.35721,4.808830999991187,4.808830999991187,0.086,2.053,2.6698309999911873,2.148830999991187,0.5210000000000004,0.0
S00010,IoT-GW,edge-B,edge,195,DONE,11.35367,11.35575,2.0723480001834105,2.0723480001834105,0.119,1.165,0.7883480001834104,0.3773480001834104,0.41100000000000003,0.0
S00010,IoT-GW,edge-B,edge,196,DONE,11.3624,11.36436,1.9547339998098323,1.9547339998098323,0.064,1.028,0.8627339998098322,0.4437339998098324,0.4189999999999998,0.0
S00008,Transcoder,core-1,core,88,DONE,11.3637,11.38662,22.921905999737646,22.921905999737646,0.087,8.499,2.335905999737646,1.4659059997376467,0.8699999999999992,12.0
S00001,vRAN-DU,edge-A,edge,182,DONE,11.37057,11.3748,4.233443999964948,4.233443999964948,0.15,2.924,1.1594439999649477,0.5814439999649474,0.5780000000000003,0.0
S00005,IMS-CSCF,edge-A,edge,185,DONE,11.37482,11.37699,2.16991000024791,2.16991000024791,0.048,1.167,0.9549100002479098,0.30491000024790993,0.6499999999999999,0.0
S00002,vRAN-DU,edge-B,edge,201,DONE,11.37516,11.38234,7.173380000040197,7.173380000040197,0.088,3.074,4.011380000040197,3.453380000040197,0.5580000000000003,0.0
S00003,UPF,edge-A,edge,172,DONE,11.38355,11.38677,3.2220570001300075,3.2220570001300075,0.075,2.224,0.9230570001300071,0.4310570001300076,0.49199999999999955,0.0
S00004,UPF,edge-B,edge,191,DONE,11.38898,11.39225,3.2640839999658056,3.2640839999658056,0.08,2.128,1.0560839999658054,0.5480839999658054,0.508,0.0
S00009,IoT-GW,edge-A,edge,202,DONE,11.40964,11.41223,2.589224000075774,2.589224000075774,0.091,1.144,1.354224000075774,0.7012240000757739,0.653,0.0
S00006,IMS-CSCF,edge-B,edge,227,DONE,11.42668,11.42995,3.2728410001254815,3.2728410001254815,0.107,1.538,1.6278410001254815,0.7188410001254817,0.9089999999999998,0.0
S00001,vRAN-DU,edge-A,edge,183,DONE,11.427,11.43228,5.278356999951939,5.278356999951939,0.159,3.896,1.223356999951939,0.6183569999519385,0.6050000000000004,0.0
S00001,vRAN-DU,edge-A,edge,184,DONE,11.44468,11.44942,4.744047000258433,4.744047000258433,0.092,3.264,1.3880470002584335,0.7080470002584338,0.6799999999999997,0.0
S00004,UPF,edge-B,edge,192,DONE,11.45165,11.45612,4.469376000088232,4.469376000088232,0.095,2.723,1.651376000088232,0.514376000088232,1.137,0.0
S00005,IMS-CSCF,edge-A,edge,186,DONE,11.45399,11.45752,3.53843799985043,3.53843799985043,0.079,2.312,1.14743799985043,0.64743799985043,0.5,0.0
S00006,IMS-CSCF,edge-B,edge,228,DONE,11.45408,11.45636,2.2790580001128546,2.2790580001128546,0.069,1.292,0.9180580001128547,0.5040580001128547,0.4139999999999999,0.0
S00003,UPF,edge-A,edge,173,DONE,11.47187,11.47552,3.645227000106388,3.645227000106388,0.089,2.26,1.2962270001063882,0.6472270001063878,0.6490000000000005,0.0
S00006,IMS-CSCF,edge-B,edge,229,DONE,11.47205,11.47575,3.6989680002079695,3.6989680002079695,0.085,2.42,1.1939680002079696,0.5059680002079694,0.6880000000000002,0.0
S00005,IMS-CSCF,edge-A,edge,187,DONE,11.47696,11.47945,2.4885499997253646,2.4885499997253646,0.088,1.374,1.0265499997253644,0.5795499997253646,0.44699999999999984,0.0
S00003,UPF,edge-A,edge,174,DONE,11.47931,11.48205,2.74478800020006,2.74478800020006,0.054,1.98,0.7107880002000604,0.3397880002000604,0.371,0.0
S00003,UPF,edge-A,edge,175,DONE,11.48836,11.49181,3.4542059997875185,3.4542059997875185,0.13,2.188,1.1362059997875185,0.6332059997875183,0.5030000000000001,0.0
S00003,UPF,edge-A,edge,176,DONE,11.48856,11.49372,5.1660080002875475,5.1660080002875475,2.284,1.855,1.0270080002875481,0.5080080002875471,0.519000000000001,0.0
S00003,UPF,edge-A,edge,177,DONE,11.49182,11.49581,3.9908509997985675,3.9908509997985675,1.368,1.914,0.7088509997985675,0.3498509997985675,0.359,0.0
S00001,vRAN-DU,edge-A,edge,185,DONE,11.51018,11.5142,4.021790000024339,4.021790000024339,0.103,2.776,1.142790000024339,0.625790000024339,0.5169999999999999,0.0
S00006,IMS-CSCF,edge-B,edge,230,DONE,11.51036,11.51418,3.82605999993757,3.82605999993757,0.085,2.729,1.01205999993757,0.52305999993757,0.4889999999999999,0.0
S00009,IoT-GW,edge-A,edge,203,DONE,11.52044,11.52236,1.9233519997214898,1.9233519997214898,0.06,0.962,0.9013519997214898,0.43435199972148975,0.4670000000000001,0.0
S00006,IMS-CSCF,edge-B,edge,231,DONE,11.52758,11.5303,2.72722599993358,2.72722599993358,0.118,1.361,1.24822599993358,0.5602259999335804,0.6879999999999997,0.0
S00003,UPF,edge-A,edge,178,DONE,11.52988,11.53283,2.9524660003517056,2.9524660003517056,0.059,2.022,0.8714660003517056,0.3544660003517057,0.5169999999999999,0.0
S00002,vRAN-DU,edge-B,edge,202,DONE,11.53904,11.54282,3.777401000206737,3.777401000206737,0.085,2.764,0.9284010002067373,0.46240100020673713,0.4660000000000002,0.0
S00010,IoT-GW,edge-B,edge,197,DONE,11.54033,11.54201,1.6822850002427003,1.6822850002427003,0.06,0.901,0.7212850002427003,0.32028500024270024,0.401,0.0
S00003,UPF,edge-A,edge,179,DONE,11.55304,11.55641,3.376113000285841,3.376113000285841,0.081,2.164,1.1311130002858407,0.604113000285841,0.5269999999999997,0.0
S00004,UPF,edge-B,edge,193,DONE,11.56666,11.57038,3.7191119999988587,3.7191119999988587,0.086,2.465,1.168111999998859,0.5611119999988587,0.6070000000000002,0.0
S00001,vRAN-DU,edge-A,edge,186,DONE,11.57157,11.57549,3.9180200001283083,3.9180200001283083,0.081,2.828,1.0090200001283085,0.46102000012830846,0.548,0.0
S00003,UPF,edge-A,edge,180,DONE,11.57968,11.5841,4.417236999870511,4.417236999870511,0.059,2.948,1.4102369998705107,0.4402369998705109,0.9699999999999998,0.0
S00002,vRAN-DU,edge-B,edge,203,DONE,11.58196,11.58631,4.353025999989768,4.353025999989768,0.073,3.3,0.9800259999897682,0.5760259999897679,0.40400000000000036,0.0
S00003,UPF,edge-A,edge,181,DONE,11.58416,11.58807,3.909473000021535,3.909473000021535,0.053,2.698,1.158473000021535,0.8194730000215351,0.33899999999999997,0.0
S00006,IMS-CSCF,edge-B,edge,232,DONE,11.58808,11.59087,2.7954950001003454,2.7954950001003454,0.065,1.905,0.8254950001003454,0.44049500010034537,0.385,0.0
S00003,UPF,edge-A,edge,182,DONE,11.59507,11.59829,3.2196540000768437,3.2196540000768437,0.067,2.196,0.9566540000768433,0.4936540000768437,0.46299999999999963,0.0
S00001,vRAN-DU,edge-A,edge,187,DONE,11.60046,11.60389,3.427256000122725,3.427256000122725,0.055,2.549,0.8232560001227247,0.38025600012272465,0.44300000000000006,0.0
S00001,vRAN-DU,edge-A,edge,188,DONE,11.60173,11.6063,4.572973999984242,4.572973999984242,0.049,3.418,1.1059739999842422,0.6249739999842423,0.48099999999999987,0.0
S00010,IoT-GW,edge-B,edge,198,DONE,11.60862,11.61185,3.224346000024525,3.224346000024525,0.139,1.773,1.312346000024525,0.663346000024525,0.649,0.0
S00007,Transcoder,core-1,core,96,DONE,11.61103,11.63161,20.57872499972291,20.57872499972291,0.086,7.314,3.178724999722908,1.221724999722909,1.956999999999999,10.0
S00005,IMS-CSCF,edge-A,edge,188,DONE,11.62222,11.62937,7.149861000016244,7.149861000016244,0.094,5.707,1.3488610000162442,0.7618610000162445,0.5869999999999997,0.0
S00008,Transcoder,core-1,core,89,DONE,11.62627,11.64976,23.48420199996326,23.48420199996326,0.088,6.75,4.64620199996326,3.9982019999632605,0.6479999999999997,12.0
S00002,vRAN-DU,edge-B,edge,204,DONE,11.62939,11.63466,5.271848000120372,5.271848000120372,0.087,4.233,0.9518480001203722,0.36484800012037155,0.5870000000000006,0.0
S00006,IMS-CSCF,edge-B,edge,233,DONE,11.63162,11.63564,4.016663999664161,4.016663999664161,0.092,2.975,0.9496639996641605,0.3106639996641607,0.6389999999999998,0.0
S00008,Transcoder,core-1,core,90,DONE,11.64392,11.66453,20.60410200010665,20.60410200010665,0.09,6.83,1.68410200010665,1.0951020001066496,0.5890000000000004,12.0
S00001,vRAN-DU,edge-A,edge,189,DONE,11.64522,11.64993,4.704029999629711,4.704029999629711,0.094,3.49,1.1200299996297107,0.6370299996297106,0.4830000000000001,0.0
S00005,IMS-CSCF,edge-A,edge,189,DONE,11.64977,11.65427,4.500064999774622,4.500064999774622,0.102,1.371,3.0270649997746224,2.7480649997746225,0.2789999999999999,0.0
S00001,vRAN-DU,edge-A,edge,190,DONE,11.64998,11.6546,4.625456999747257,4.625456999747257,0.045,3.007,1.5734569997472572,0.6254569997472572,0.948,0.0
S00010,IoT-GW,edge-B,edge,199,DONE,11.66083,11.66334,2.509972999632737,2.509972999632737,0.086,1.256,1.1679729996327368,0.5629729996327368,0.605,0.0
S00003,UPF,edge-A,edge,183,DONE,11.68083,11.68553,4.69342799988226,4.69342799988226,0.088,3.008,1.5974279998822603,0.8574279998822605,0.7399999999999998,0.0
S00001,vRAN-DU,edge-A,edge,191,DONE,11.68229,11.68786,5.568004999986442,5.568004999986442,0.07,2.978,2.5200049999864422,0.42900499998644204,2.091,0.0
S00006,IMS-CSCF,edge-B,edge,234,DONE,11.6942,11.69718,2.9829420000169193,2.9829420000169193,0.087,1.621,1.2749420000169194,0.6729420000169193,0.6020000000000001,0.0
S00010,IoT-GW,edge-B,edge,200,DONE,11.70847,11.71101,2.536815999974351,2.536815999974351,0.146,1.167,1.2238159999743512,0.6258159999743511,0.5980000000000001,0.0
S00009,IoT-GW,edge-A,edge,204,DONE,11.72137,11.72405,2.6881099997808633,2.6881099997808633,0.127,1.255,1.3061099997808634,0.6541099997808635,0.6519999999999999,0.0
S00003,UPF,edge-A,edge,184,DONE,11.74845,11.7525,4.049496999869007,4.049496999869007,0.091,2.236,1.7224969998690063,1.0244969998690068,0.6979999999999995,0.0
S00005,IMS-CSCF,edge-A,edge,190,DONE,11.75459,11.75845,3.858525999930862,3.858525999930862,0.093,1.609,2.156525999930862,1.1585259999308617,0.9980000000000002,0.0
S00009,IoT-GW,edge-A,edge,205,DONE,11.75847,11.76089,2.419174999886309,2.419174999886309,0.108,1.208,1.1031749998863087,0.5711749998863087,0.532,0.0
S00001,vRAN-DU,edge-A,edge,192,DONE,11.76311,11.7679,4.789134000020567,4.789134000020567,0.081,2.971,1.7371340000205673,0.6291340000205672,1.108,0.0
S00003,UPF,edge-A,edge,185,DONE,11.7691,11.77234,3.242642999794043,3.242642999794043,0.07,2.068,1.1046429997940432,0.5566429997940432,0.548,0.0
S00002,vRAN-DU,edge-B,edge,205,DONE,11.77042,11.77561,5.185989999972662,5.185989999972662,0.094,2.978,2.113989999972662,0.6059899999726621,1.508,0.0
S00002,vRAN-DU,edge-B,edge,206,DONE,11.77562,11.77955,3.928051000002597,3.928051000002597,0.055,2.82,1.053051000002597,0.509051000002597,0.544,0.0
S00004,UPF,edge-B,edge,194,DONE,11.79994,11.80407,4.130428999815194,4.130428999815194,0.14,2.395,1.5954289998151943,0.9454289998151943,0.6499999999999999,0.0
S00010,IoT-GW,edge-B,edge,201,DONE,11.80017,11.80311,2.9353999998420477,2.9353999998420477,0.243,1.225,1.4673999998420477,0.7543999998420476,0.7130000000000001,0.0
S00009,IoT-GW,edge-A,edge,206,DONE,11.81449,11.8175,3.015425000285177,3.015425000285177,0.094,1.372,1.5494250002851766,0.7734250002851768,0.7759999999999998,0.0
S00008,Transcoder,core-1,core,91,DONE,11.82486,11.8458,20.93828300030509,20.93828300030509,0.1,6.101,2.7372830003050908,1.9552830003050907,0.782,12.0
S00003,UPF,edge-A,edge,186,DONE,11.82626,11.83018,3.922035999949003,3.922035999949003,0.098,2.35,1.474035999949003,0.7940359999490028,0.6800000000000002,0.0
S00003,UPF,edge-A,edge,187,DONE,11.83753,11.84127,3.745185000298079,3.745185000298079,0.099,2.419,1.2271850002980789,0.6031850002980792,0.6239999999999997,0.0
S00002,vRAN-DU,edge-B,edge,207,DONE,11.83891,11.84345,4.539456000202335,4.539456000202335,0.099,3.063,1.377456000202335,0.5294560002023356,0.8479999999999994,0.0
S00003,UPF,edge-A,edge,188,DONE,11.84346,11.84655,3.0900379997547134,3.0900379997547134,0.086,2.061,0.9430379997547136,0.3660379997547132,0.5770000000000004,0.0
S00002,vRAN-DU,edge-B,edge,208,DONE,11.86091,11.8671,6.18936599994413,6.18936599994413,0.911,3.102,2.17636599994413,0.9013659999441295,1.2750000000000004,0.0
S00006,IMS-CSCF,edge-B,edge,235,DONE,11.86109,11.86672,5.621691999749601,5.621691999749601,1.0,2.956,1.6656919997496007,1.0546919997496005,0.6110000000000002,0.0
S00001,vRAN-DU,edge-A,edge,193,DONE,11.86449,11.86892,4.4321830000626505,4.4321830000626505,0.131,3.242,1.0591830000626503,0.47318300006265046,0.5859999999999999,0.0
S00001,vRAN-DU,edge-A,edge,194,DONE,11.86711,11.87176,4.650615999707952,4.650615999707952,0.165,3.222,1.2636159997079521,0.6116159997079524,0.6519999999999997,0.0
S00002,vRAN-DU,edge-B,edge,209,DONE,11.87301,11.87856,5.553196000164462,5.553196000164462,0.103,4.085,1.3651960001644623,0.6501960001644624,0.7149999999999999,0.0
S00009,IoT-GW,edge-A,edge,207,DONE,11.87319,11.87538,2.186819999678846,2.186819999678846,0.075,1.126,0.9858199996788464,0.5808199996788461,0.40500000000000025,0.0
S00007,Transcoder,core-1,core,97,DONE,11.88387,11.90304,19.169400000009773,19.169400000009773,0.077,6.978,2.1144000000097734,1.3944000000097727,0.7200000000000006,10.0
S00004,UPF,edge-B,edge,195,DONE,11.89439,11.898,3.6092870000175026,3.6092870000175026,0.084,2.346,1.1792870000175024,0.5732870000175025,0.6059999999999999,0.0
S00009,IoT-GW,edge-A,edge,208,DONE,11.90847,11.91142,2.950258000055328,2.950258000055328,0.116,1.388,1.446258000055328,0.724258000055328,0.722,0.0
S00004,UPF,edge-B,edge,196,DONE,11.91975,11.92379,4.038246999698458,4.038246999698458,0.091,2.444,1.503246999698458,0.7182469996984584,0.7849999999999997,0.0
S00005,IMS-CSCF,edge-A,edge,191,DONE,11.92132,11.92529,3.9652260002185358,3.9652260002185358,0.219,2.288,1.458226000218536,0.7062260002185359,0.7520000000000002,0.0
S00001,vRAN-DU,edge-A,edge,195,DONE,11.92502,11.93049,5.470390000027692,5.470390000027692,0.059,4.285,1.1263900000276914,0.6483900000276916,0.47799999999999976,0.0
S00004,UPF,edge-B,edge,197,DONE,11.9305,11.93401,3.5085730000901094,3.5085730000901094,0.161,2.16,1.1875730000901092,0.5115730000901095,0.6759999999999997,0.0
S00005,IMS-CSCF,edge-A,edge,192,DONE,11.93185,11.93557,3.720013000020117,3.720013000020117,0.07,1.357,2.293013000020117,1.7180130000201173,0.5749999999999997,0.0
S00005,IMS-CSCF,edge-A,edge,193,DONE,11.9356,11.93803,2.4269160003314028,2.4269160003314028,0.076,1.469,0.8819160003314026,0.41891600033140275,0.46299999999999986,0.0
S00002,vRAN-DU,edge-B,edge,210,DONE,11.94029,11.94625,5.96074699978999,5.96074699978999,0.088,4.434,1.4387469997899895,0.7367469997899896,0.702,0.0
S00001,vRAN-DU,edge-A,edge,196,DONE,11.94491,11.9505,5.589379999946686,5.589379999946686,0.123,3.996,1.4703799999466867,0.8563799999466868,0.6139999999999999,0.0
S00005,IMS-CSCF,edge-A,edge,194,DONE,11.95051,11.95296,2.444818000185478,2.444818000185478,0.084,1.427,0.9338180001854779,0.432818000185478,0.5009999999999999,0.0
S00009,IoT-GW,edge-A,edge,209,DONE,11.96736,11.97069,3.334132999952999,3.334132999952999,0.149,1.605,1.580132999952999,0.7981329999529989,0.782,0.0
S00003,UPF,edge-A,edge,189,DONE,11.96757,11.97153,3.966729000239866,3.966729000239866,0.067,2.389,1.510729000239866,0.8097290002398658,0.7010000000000001,0.0
S00006,IMS-CSCF,edge-B,edge,236,DONE,11.98184,11.98572,3.8823509999019734,3.8823509999019734,0.089,2.146,1.6473509999019735,0.7313509999019736,0.9159999999999999,0.0
S00009,IoT-GW,edge-A,edge,210,DONE,11.98525,11.98826,3.0089739998402365,3.0089739998402365,0.115,1.217,1.6769739998402364,0.7219739998402366,0.9549999999999998,0.0
S00003,UPF,edge-A,edge,190,DONE,11.98827,11.99229,4.018692000045121,4.018692000045121,0.057,2.709,1.252692000045121,0.6536920000451207,0.5990000000000002,0.0
S00006,IMS-CSCF,edge-B,edge,237,DONE,11.99231,11.9979,5.599056999926688,5.599056999926688,0.111,2.918,2.570056999926688,0.7410569999266885,1.8289999999999993,0.0
S00001,vRAN-DU,edge-A,edge,197,DONE,11.99429,11.99807,3.775927999868145,3.775927999868145,0.086,2.705,0.984927999868145,0.4429279998681448,0.5420000000000003,0.0
S00002,vRAN-DU,edge-B,edge,211,DONE,12.00813,12.01296,4.834433999803878,4.834433999803878,0.091,3.138,1.6054339998038776,0.7924339998038779,0.8129999999999997,0.0
S00002,vRAN-DU,edge-B,edge,212,DONE,12.02334,12.02886,5.522878000192577,5.522878000192577,0.143,3.556,1.8238780001925772,0.8558780001925772,0.968,0.0
S00003,UPF,edge-A,edge,191,DONE,12.03114,12.03638,5.23860799967224,5.23860799967224,0.068,3.323,1.84760799967224,0.9436079996722402,0.9039999999999999,0.0
S00010,IoT-GW,edge-B,edge,202,DONE,12.03135,12.03534,3.9906910001263896,3.9906910001263896,0.089,1.647,2.25469100012639,0.7396910001263897,1.515,0.0
S00001,vRAN-DU,edge-A,edge,198,DONE,12.04164,12.04792,6.277885000145034,6.277885000145034,0.069,4.922,1.286885000145034,0.7028850001450335,0.5840000000000005,0.0
S00001,vRAN-DU,edge-A,edge,199,DONE,12.05519,12.05977,4.57101900019552,4.57101900019552,0.079,2.879,1.6130190001955196,0.9980190001955198,0.6149999999999998,0.0
S00006,IMS-CSCF,edge-B,edge,238,DONE,12.05864,12.0623,3.652926000086154,3.652926000086154,0.149,2.177,1.326926000086154,0.6559260000861542,0.6709999999999998,0.0
S00003,UPF,edge-A,edge,192,DONE,12.06965,12.07361,3.959312000006321,3.959312000006321,0.13,2.34,1.4893120000063211,0.6813120000063209,0.8080000000000003,0.0
S00010,IoT-GW,edge-B,edge,203,DONE,12.08095,12.08356,2.6088499998877523,2.6088499998877523,0.088,1.211,1.3098499998877522,0.7108499998877524,0.5989999999999998,0.0
S00005,IMS-CSCF,edge-A,edge,195,DONE,12.08358,12.08716,3.575872000055824,3.575872000055824,0.196,2.509,0.8708720000558241,0.41387200005582425,0.45699999999999985,0.0
S00009,IoT-GW,edge-A,edge,211,DONE,12.08374,12.08708,3.3428070000809385,3.3428070000809385,0.276,1.807,1.2598070000809383,0.6768070000809385,0.5829999999999997,0.0
S00010,IoT-GW,edge-B,edge,204,DONE,12.08497,12.08816,3.1859020000410965,3.1859020000410965,0.063,2.079,1.0439020000410961,0.32890200004109627,0.7149999999999999,0.0
S00008,Transcoder,core-1,core,92,DONE,12.09239,12.11234,19.95739699987098,19.95739699987098,0.112,6.329,1.516396999870981,1.0563969998709801,0.45999999999999996,12.0
S00010,IoT-GW,edge-B,edge,205,DONE,12.10068,12.10398,3.296935999969719,3.296935999969719,0.075,0.912,2.309935999969719,1.822935999969719,0.487,0.0
S00004,UPF,edge-B,edge,198,DONE,12.12001,12.12606,6.050242000128492,6.050242000128492,0.167,3.806,2.077242000128492,1.1632420001284922,0.9139999999999997,0.0
S00001,vRAN-DU,edge-A,edge,200,DONE,12.12943,12.13464,5.217052000261901,5.217052000261901,0.095,3.248,1.874052000261901,0.6950520002619012,1.1789999999999998,0.0
S00009,IoT-GW,edge-A,edge,212,DONE,12.14302,12.14603,3.0047579998608853,3.0047579998608853,0.091,1.332,1.5817579998608853,0.8577579998608855,0.7239999999999998,0.0
S00003,UPF,edge-A,edge,193,DONE,12.14831,12.1523,3.9939570001479296,3.9939570001479296,0.149,2.319,1.5259570001479297,0.8249570001479296,0.7010000000000001,0.0
S00004,UPF,edge-B,edge,199,DONE,12.15232,12.15617,3.8578190001317125,3.8578190001317125,0.196,2.303,1.3588190001317124,0.7788190001317123,0.5800000000000001,0.0
S00002,vRAN-DU,edge-B,edge,213,DONE,12.15567,12.16063,4.95667199993477,4.95667199993477,0.055,2.838,2.0636719999347695,0.7756719999347697,1.2879999999999998,0.0
S00004,UPF,edge-B,edge,200,DONE,12.16201,12.17051,8.499212000060652,8.499212000060652,0.12,6.104,2.2752120000606517,1.015212000060652,1.2599999999999998,0.0
S00006,IMS-CSCF,edge-B,edge,239,DONE,12.16226,12.17053,8.261440999831393,8.261440999831393,0.058,6.705,1.4984409998313932,0.790440999831393,0.7080000000000002,0.0
S00010,IoT-GW,edge-B,edge,206,DONE,12.16474,12.17152,6.7731569997704355,6.7731569997704355,1.036,1.437,4.300156999770436,3.0531569997704353,1.2470000000000003,0.0
S00002,vRAN-DU,edge-B,edge,214,DONE,12.16914,12.17589,6.75423500024408,6.75423500024408,0.053,5.314,1.3872350002440799,0.9282350002440802,0.45899999999999963,0.0
S00005,IMS-CSCF,edge-A,edge,196,DONE,12.17053,12.17592,5.385160000059841,5.385160000059841,0.114,3.288,1.9831600000598413,0.7501600000598412,1.233,0.0
S00007,Transcoder,core-1,core,98,DONE,12.17153,12.19132,19.7921359999782,19.7921359999782,0.093,6.966,2.733135999978199,1.9391359999782,0.7939999999999996,10.0
S00004,UPF,edge-B,edge,201,DONE,12.18123,12.18563,4.391452000163554,4.391452000163554,0.247,2.84,1.304452000163554,0.5054520001635536,0.7990000000000004,0.0
S00009,IoT-GW,edge-A,edge,213,DONE,12.18887,12.19149,2.621369999815215,2.621369999815215,0.111,1.221,1.289369999815215,0.4763699998152151,0.813,0.0
S00007,Transcoder,core-1,core,99,DONE,12.19673,12.22585,29.11737499971423,29.11737499971423,0.085,16.798,2.2343749997142304,1.4743749997142288,0.7600000000000016,10.0
S00009,IoT-GW,edge-A,edge,214,DONE,12.19805,12.20037,2.3256720000972564,2.3256720000972564,0.08,1.124,1.1216720000972562,0.6316720000972564,0.48999999999999977,0.0
S00004,UPF,edge-B,edge,202,DONE,12.20039,12.20645,6.056210000224382,6.056210000224382,0.087,3.23,2.739210000224382,1.4772100002243826,1.2619999999999996,0.0
S00010,IoT-GW,edge-B,edge,207,DONE,12.20646,12.20872,2.2591729998566734,2.2591729998566734,0.061,1.298,0.9001729998566734,0.3331729998566735,0.567,0.0
S00009,IoT-GW,edge-A,edge,215,DONE,12.20677,12.21607,9.306760000072245,9.306760000072245,3.102,1.929,4.275760000072245,1.2807600000722452,2.995,0.0
S00001,vRAN-DU,edge-A,edge,201,DONE,12.20683,12.21406,7.226850999813905,7.226850999813905,0.085,2.811,4.330850999813905,1.2318509998139051,3.099,0.0
S00003,UPF,edge-A,edge,194,DONE,12.20808,12.21528,7.200942000054056,7.200942000054056,0.146,4.083,2.9719420000540557,2.357942000054056,0.6139999999999999,0.0
S00010,IoT-GW,edge-B,edge,208,DONE,12.20991,12.21214,2.2240389998842147,2.2240389998842147,0.137,0.798,1.2890389998842147,0.27803899988421477,1.011,0.0
S00009,IoT-GW,edge-A,edge,216,DONE,12.22586,12.23106,5.205037999985507,5.205037999985507,0.089,1.697,3.4190379999855067,2.837037999985507,0.5819999999999999,0.0
S00006,IMS-CSCF,edge-B,edge,240,DONE,12.2293,12.2321,2.800646999730816,2.800646999730816,0.095,1.667,1.0386469997308159,0.4906469997308158,0.548,0.0
S00009,IoT-GW,edge-A,edge,217,DONE,12.23334,12.23566,2.325047999875096,2.325047999875096,0.104,1.275,0.9460479998750961,0.4140479998750961,0.532,0.0
S00010,IoT-GW,edge-B,edge,209,DONE,12.24096,12.24374,2.781690000119852,2.781690000119852,0.088,1.183,1.5106900001198518,0.8256900001198519,0.6849999999999998,0.0
S00003,UPF,edge-A,edge,195,DONE,12.2438,12.24734,3.5406080000939255,3.5406080000939255,0.083,2.328,1.1296080000939255,0.5106080000939257,0.6189999999999998,0.0
S00009,IoT-GW,edge-A,edge,218,DONE,12.24506,12.24812,3.051037000204815,3.051037000204815,0.062,1.127,1.8620370002048148,1.4270370002048147,0.43500000000000005,0.0
S00010,IoT-GW,edge-B,edge,210,DONE,12.24817,12.25046,2.287607000198477,2.287607000198477,0.076,1.058,1.153607000198477,0.5216070001984772,0.6319999999999999,0.0
S00008,Transcoder,core-1,core,93,DONE,12.25469,12.27729,22.5970880001114,22.5970880001114,0.09,6.955,3.5520880001113984,2.6860880001113987,0.8659999999999997,12.0
S00006,IMS-CSCF,edge-B,edge,241,DONE,12.26008,12.2665,6.413234999854467,6.413234999854467,0.089,1.519,4.805234999854467,4.257234999854466,0.5480000000000003,0.0
S00006,IMS-CSCF,edge-B,edge,242,DONE,12.27075,12.27384,3.081299000314175,3.081299000314175,0.147,1.569,1.365299000314175,0.5462990003141748,0.8190000000000002,0.0
S00002,vRAN-DU,edge-B,edge,215,DONE,12.2773,12.28291,5.613760999949591,5.613760999949591,0.093,4.313,1.207760999949591,0.6087609999495909,0.5990000000000002,0.0
S00009,IoT-GW,edge-A,edge,219,DONE,12.27759,12.28088,3.294889999779116,3.294889999779116,0.112,1.437,1.7458899997791157,0.8268899997791159,0.9189999999999998,0.0
S00009,IoT-GW,edge-A,edge,220,DONE,12.28089,12.28326,2.3668540002290683,2.3668540002290683,0.076,1.131,1.1598540002290683,0.5018540002290683,0.6579999999999999,0.0
S00005,IMS-CSCF,edge-A,edge,197,DONE,12.28551,12.28851,2.9947469997750886,2.9947469997750886,0.086,1.561,1.3477469997750886,0.7287469997750886,0.619,0.0
S00007,Transcoder,core-1,core,100,DONE,12.28852,12.31052,22.000281999680737,22.000281999680737,0.1,8.828,3.0722819996807385,2.018281999680738,1.0540000000000003,10.0
S00005,IMS-CSCF,edge-A,edge,198,DONE,12.29488,12.29879,3.907361000074161,3.907361000074161,0.098,1.412,2.397361000074161,0.6383610000741609,1.7590000000000001,0.0
S00009,IoT-GW,edge-A,edge,221,DONE,12.29888,12.30171,2.826360999733879,2.826360999733879,0.086,1.649,1.091360999733879,0.5143609997338792,0.5769999999999997,0.0
S00007,Transcoder,core-1,core,101,DONE,12.30084,12.32061,19.7789969997757,19.7789969997757,0.177,6.214,3.3879969997757,2.196996999775699,1.1909999999999998,10.0
S00004,UPF,edge-B,edge,203,DONE,12.31678,12.32054,3.7524969998230517,3.7524969998230517,0.088,2.286,1.3784969998230516,0.6314969998230517,0.7469999999999999,0.0
S00005,IMS-CSCF,edge-A,edge,199,DONE,12.32894,12.33193,2.995854999880976,2.995854999880976,0.095,1.557,1.343854999880976,0.6988549998809757,0.6450000000000002,0.0
S00007,Transcoder,core-1,core,102,DONE,12.34735,12.37987,32.52410499999314,32.52410499999314,0.073,17.891,4.560104999993143,3.093104999993141,1.4670000000000023,10.0
S00004,UPF,edge-B,edge,204,DONE,12.34887,12.35442,5.54712599978302,5.54712599978302,0.09,2.728,2.72912599978302,2.0341259997830203,0.6949999999999998,0.0
S00002,vRAN-DU,edge-B,edge,216,DONE,12.34962,12.35778,8.152335999966454,8.152335999966454,0.084,6.138,1.930335999966454,1.2873359999664533,0.6430000000000007,0.0
S00003,UPF,edge-A,edge,196,DONE,12.35444,12.36718,12.746837000122468,12.746837000122468,0.094,9.559,3.0938370001224698,1.0928370001224685,2.0010000000000012,0.0
S00005,IMS-CSCF,edge-A,edge,200,DONE,12.36,12.36824,8.247202999882575,8.247202999882575,0.085,4.961,3.2012029998825744,1.7672029998825742,1.4340000000000002,0.0
S00004,UPF,edge-B,edge,205,DONE,12.36132,12.37087,9.556348999922193,9.556348999922193,0.123,7.85,1.583348999922193,0.45134899992219246,1.1320000000000006,0.0
S00010,IoT-GW,edge-B,edge,211,DONE,12.36283,12.36726,4.425252000146429,4.425252000146429,0.07,2.909,1.4462520001464294,0.8552520001464292,0.5910000000000002,0.0
S00005,IMS-CSCF,edge-A,edge,201,DONE,12.36728,12.37005,2.777344999685738,2.777344999685738,0.057,1.263,1.4573449996857382,0.8953449996857381,0.562,0.0
S00001,vRAN-DU,edge-A,edge,202,DONE,12.37989,12.38444,4.553161000330874,4.553161000330874,0.114,3.147,1.2921610003308746,0.591161000330874,0.7010000000000005,0.0
S00003,UPF,edge-A,edge,197,DONE,12.38574,12.39129,5.550439000217011,5.550439000217011,0.39,3.734,1.4264390002170115,0.6794390002170108,0.7470000000000008,0.0
S00005,IMS-CSCF,edge-A,edge,202,DONE,12.38596,12.38915,3.1830510001782386,3.1830510001782386,0.093,1.42,1.6700510001782387,0.7490510001782384,0.9210000000000003,0.0
S00008,Transcoder,core-1,core,94,DONE,12.38916,12.41206,22.900341999957163,22.900341999957163,0.084,7.952,2.8643419999571638,2.043341999957164,0.8209999999999997,12.0
S00010,IoT-GW,edge-B,edge,212,DONE,12.39357,12.39693,3.3675890003905806,3.3675890003905806,0.116,1.554,1.6975890003905805,0.5825890003905805,1.115,0.0
S00010,IoT-GW,edge-B,edge,213,DONE,12.40555,12.40887,3.316341999834549,3.316341999834549,0.123,1.812,1.3813419998345489,0.6153419998345488,0.766,0.0
S00005,IMS-CSCF,edge-A,edge,203,DONE,12.40693,12.41164,4.711182999926677,4.711182999926677,0.108,3.195,1.4081829999266775,0.6931829999266776,0.7149999999999999,0.0
S00009,IoT-GW,edge-A,edge,222,DONE,12.41014,12.41372,3.5814390002997243,3.5814390002997243,0.264,1.822,1.495439000299724,0.7024390002997243,0.7929999999999997,0.0
S00009,IoT-GW,edge-A,edge,223,DONE,12.41492,12.41699,2.074176000405714,2.074176000405714,0.073,1.142,0.8591760004057143,0.42917600040571413,0.43000000000000016,0.0
S00009,IoT-GW,edge-A,edge,224,DONE,12.417,12.41901,2.00984499997503,2.00984499997503,0.059,1.201,0.7498449999750301,0.35584499997503016,0.3939999999999999,0.0
S00003,UPF,edge-A,edge,198,DONE,12.42231,12.43078,8.476073000110773,8.476073000110773,0.148,7.05,1.2780730001107736,0.7190730001107735,0.5590000000000002,0.0
S00009,IoT-GW,edge-A,edge,225,DONE,12.42977,12.43307,3.3072740002353385,3.3072740002353385,0.077,1.367,1.8632740002353385,1.0522740002353386,0.8109999999999999,0.0
S00006,IMS-CSCF,edge-B,edge,243,DONE,12.43206,12.43503,2.9711659999520634,2.9711659999520634,0.094,1.68,1.1971659999520634,0.6301659999520632,0.5670000000000002,0.0
S00006,IMS-CSCF,edge-B,edge,244,DONE,12.43835,12.4413,2.9510059998756333,2.9510059998756333,0.087,1.603,1.2610059998756333,0.6310059998756334,0.6299999999999999,0.0
S00010,IoT-GW,edge-B,edge,214,DONE,12.45372,12.45781,4.095648999737023,4.095648999737023,0.106,2.122,1.867648999737023,1.0476489997370226,0.8200000000000003,0.0
S00003,UPF,edge-A,edge,199,DONE,12.45784,12.4631,5.25995599991802,5.25995599991802,0.114,3.558,1.5879559999180204,0.8239559999180202,0.7640000000000002,0.0
S00005,IMS-CSCF,edge-A,edge,204,DONE,12.46312,12.46759,4.473245999633946,4.473245999633946,0.096,1.623,2.7542459996339455,2.238245999633946,0.5159999999999998,0.0
S00001,vRAN-DU,edge-A,edge,203,DONE,12.4676,12.473,5.3946309999446385,5.3946309999446385,0.14,4.028,1.2266309999446392,0.6406309999446389,0.5860000000000003,0.0
S00007,Transcoder,core-1,core,103,DONE,12.46772,12.49183,24.106645999836473,24.106645999836473,0.12,10.385,3.6016459998364745,2.7856459998364738,0.8160000000000007,10.0
S00008,Transcoder,core-1,core,95,DONE,12.47001,12.494,23.99284200009788,23.99284200009788,0.129,10.034,1.8298420000978801,1.24684200009788,0.5830000000000002,12.0
S00004,UPF,edge-B,edge,206,DONE,12.47838,12.48497,6.5832489999593236,6.5832489999593236,0.096,1.98,4.507248999959323,3.8232489999593238,0.6839999999999997,0.0
S00005,IMS-CSCF,edge-A,edge,205,DONE,12.4893,12.49228,2.9737569998360414,2.9737569998360414,0.087,1.671,1.2157569998360414,0.6057569998360415,0.6099999999999999,0.0
S00009,IoT-GW,edge-A,edge,226,DONE,12.49353,12.49556,2.0286750000195752,2.0286750000195752,0.061,1.081,0.8866750000195753,0.43867500001957516,0.4480000000000002,0.0
S00006,IMS-CSCF,edge-B,edge,245,DONE,12.50385,12.51077,6.9192730002214375,6.9192730002214375,0.106,4.818,1.995273000221438,0.8502730002214376,1.1450000000000005,0.0
S00005,IMS-CSCF,edge-A,edge,206,DONE,12.51207,12.53252,20.451586000035604,20.451586000035604,0.103,18.555,1.793586000035603,0.6045860000356029,1.189,0.0
S00003,UPF,edge-A,edge,200,DONE,12.51225,12.51699,4.740236000088771,4.740236000088771,0.175,3.394,1.1712360000887712,0.6022360000887712,0.569,0.0
S00009,IoT-GW,edge-A,edge,227,DONE,12.52938,12.53353,4.145824999795877,4.145824999795877,0.101,2.475,1.5698249997958773,0.7938249997958775,0.7759999999999998,0.0
S00009,IoT-GW,edge-A,edge,228,DONE,12.532,12.53582,3.8195390002329077,3.8195390002329077,0.097,1.487,2.2355390002329076,1.2005390002329075,1.0350000000000001,0.0
S00005,IMS-CSCF,edge-A,edge,207,DONE,12.53354,12.53631,2.770849000171438,2.770849000171438,0.165,1.644,0.9618490001714382,0.553849000171438,0.40800000000000014,0.0
S00003,UPF,edge-A,edge,201,DONE,12.541,12.54468,3.682869999920513,3.682869999920513,0.17,2.444,1.068869999920513,0.4988699999205126,0.5700000000000003,0.0
S00001,vRAN-DU,edge-A,edge,204,DONE,12.54111,12.54703,5.920453999806341,5.920453999806341,0.062,4.686,1.1724539998063408,0.6634539998063413,0.5089999999999995,0.0
S00003,UPF,edge-A,edge,202,DONE,12.54704,12.55056,3.5202049998588336,3.5202049998588336,0.07,2.488,0.9622049998588338,0.42720499985883365,0.5350000000000001,0.0
S00004,UPF,edge-B,edge,207,DONE,12.55478,12.55994,5.153111000254285,5.153111000254285,0.088,3.684,1.3811110002542843,0.6691110002542846,0.7119999999999997,0.0
S00007,Transcoder,core-1,core,104,DONE,12.55613,12.58085,24.72191099968768,24.72191099968768,0.088,10.583,4.05091099968768,3.2479109996876794,0.8030000000000008,10.0
S00004,UPF,edge-B,edge,208,DONE,12.56525,12.56994,4.689769999913551,4.689769999913551,0.084,3.535,1.070769999913551,0.5827699999135509,0.488,0.0
S00006,IMS-CSCF,edge-B,edge,246,DONE,12.57433,12.57736,3.0345629998009827,3.0345629998009827,0.084,1.68,1.2705629998009826,0.6085629998009825,0.6620000000000001,0.0
S00005,IMS-CSCF,edge-A,edge,208,DONE,12.58065,12.58434,3.691046000312781,3.691046000312781,0.095,2.263,1.3330460003127809,0.5710460003127809,0.762,0.0
S00002,vRAN-DU,edge-B,edge,217,DONE,12.58763,12.59328,5.65384899982746,5.65384899982746,0.112,4.167,1.37484899982746,0.6788489998274603,0.6959999999999997,0.0
S00009,IoT-GW,edge-A,edge,229,DONE,12.58902,12.59367,4.655176000142092,4.655176000142092,0.103,1.528,3.0241760001420914,0.5861760001420917,2.4379999999999997,0.0
S00006,IMS-CSCF,edge-B,edge,247,DONE,12.59369,12.60032,6.634274999669287,6.634274999669287,0.134,4.037,2.463274999669287,1.335274999669287,1.1280000000000001,0.0
S00002,vRAN-DU,edge-B,edge,218,DONE,12.59814,12.60705,8.908053999675758,8.908053999675758,0.063,6.336,2.509053999675758,1.1410539996757576,1.3680000000000003,0.0
S00010,IoT-GW,edge-B,edge,215,DONE,12.59831,12.60336,5.0526099998933205,5.0526099998933205,0.116,2.767,2.1696099998933205,0.7966099998933203,1.3730000000000002,0.0
S00002,vRAN-DU,edge-B,edge,219,DONE,12.60278,12.61029,7.50411199987866,7.50411199987866,0.061,5.488,1.9551119998786595,1.1991119998786601,0.7559999999999993,0.0
S00009,IoT-GW,edge-A,edge,230,DONE,12.60707,12.6104,3.3339990000058606,3.3339990000058606,0.121,1.561,1.6519990000058606,1.0099990000058607,0.6419999999999999,0.0
S00003,UPF,edge-A,edge,203,DONE,12.61368,12.63607,22.383813000033115,22.383813000033115,0.106,16.35,5.927813000033112,1.4708130000331145,4.456999999999997,0.0
S00007,Transcoder,core-1,core,105,DONE,12.61782,12.64334,25.519744000121136,25.519744000121136,0.095,12.878,2.5467440001211354,1.8107440001211366,0.7359999999999989,10.0
S00009,IoT-GW,edge-A,edge,231,DONE,12.61839,12.6361,17.710287000227254,17.710287000227254,0.09,12.91,4.710287000227254,1.2662870002272548,3.443999999999999,0.0
S00006,IMS-CSCF,edge-B,edge,248,DONE,12.63373,12.66989,36.162096000225574,36.162096000225574,0.12,34.347,1.6950960002255755,0.8730960002255728,0.8220000000000027,0.0
S00002,vRAN-DU,edge-B,edge,220,DONE,12.63388,12.67148,37.598330000037095,37.598330000037095,0.088,32.266,5.244330000037095,1.181330000037093,4.063000000000002,0.0
S00010,IoT-GW,edge-B,edge,216,DONE,12.6361,12.67215,36.05173100004322,36.05173100004322,31.311,2.288,2.4527310000432223,1.7957310000432187,0.6570000000000036,0.0
S00010,IoT-GW,edge-B,edge,217,DONE,12.64458,12.67363,29.049903999748494,29.049903999748494,2.668,0.924,25.457903999748495,0.543903999748494,24.914,0.0
S00003,UPF,edge-A,edge,204,DONE,12.64595,12.6515,5.552374999751919,5.552374999751919,0.091,2.396,3.065374999751919,0.9843749997519193,2.0809999999999995,0.0
S00004,UPF,edge-B,edge,209,DONE,12.66185,12.6746,12.743311999656726,12.743311999656726,1.147,3.053,8.543311999656726,1.0193119996567255,7.524,0.0
S00005,IMS-CSCF,edge-A,edge,209,DONE,12.67881,12.68335,4.537267000159773,4.537267000159773,0.084,2.165,2.2882670001597725,1.7492670001597728,0.5389999999999997,0.0
S00001,vRAN-DU,edge-A,edge,205,DONE,12.68011,12.6862,6.08599499992124,6.08599499992124,0.064,4.174,1.84799499992124,0.6319949999212406,1.2159999999999993,0.0
S00003,UPF,edge-A,edge,205,DONE,12.68555,12.68896,3.4115270000256714,3.4115270000256714,0.078,2.088,1.2455270000256715,0.7515270000256713,0.4940000000000002,0.0
S00005,IMS-CSCF,edge-A,edge,210,DONE,12.68565,12.69043,4.788011000073311,4.788011000073311,0.064,2.928,1.7960110000733112,1.2790110000733113,0.5169999999999999,0.0
S00001,vRAN-DU,edge-A,edge,206,DONE,12.69366,12.69922,5.561156000112533,5.561156000112533,0.071,4.257,1.2331560001125332,0.5441560001125323,0.689000000000001,0.0
S00003,UPF,edge-A,edge,206,DONE,12.698,12.70189,3.8932860002205416,3.8932860002205416,0.099,2.294,1.5002860002205414,0.5832860002205416,0.9169999999999998,0.0
S00007,Transcoder,core-1,core,106,DONE,12.70158,12.72487,23.293231000025116,23.293231000025116,0.088,10.392,2.8132310000251177,1.1682310000251164,1.6450000000000014,10.0
S00004,UPF,edge-B,edge,210,DONE,12.70529,12.71442,9.129764000135765,9.129764000135765,0.226,2.39,6.513764000135765,4.375764000135765,2.1379999999999995,0.0
S00005,IMS-CSCF,edge-A,edge,211,DONE,12.71784,12.73355,15.717190000032133,15.717190000032133,0.119,13.715,1.8831900000321333,0.999190000032133,0.8840000000000003,0.0
S00005,IMS-CSCF,edge-A,edge,212,DONE,12.73804,12.74269,4.650693000257888,4.650693000257888,0.262,2.497,1.8916930002578884,0.9396930002578885,0.952,0.0
S00005,IMS-CSCF,edge-A,edge,213,DONE,12.73846,12.74568,7.219183999950474,7.219183999950474,2.821,2.651,1.7471839999504741,0.7781839999504738,0.9690000000000003,0.0
S00002,vRAN-DU,edge-B,edge,221,DONE,12.74277,12.74965,6.880391999857238,6.880391999857238,0.111,5.119,1.6503919998572387,0.7623919998572379,0.8880000000000008,0.0
S00009,IoT-GW,edge-A,edge,232,DONE,12.75603,12.75983,3.804720000061934,3.804720000061934,0.118,1.948,1.7387200000619343,0.886720000061934,0.8520000000000003,0.0
S00010,IoT-GW,edge-B,edge,218,DONE,12.77633,12.78052,4.182421000223258,4.182421000223258,0.117,2.185,1.8804210002232575,1.0154210002232578,0.8649999999999998,0.0
S00006,IMS-CSCF,edge-B,edge,249,DONE,12.78593,12.78979,3.8651720001325884,3.8651720001325884,0.133,1.919,1.8131720001325884,0.8981720001325884,0.915,0.0
S00010,IoT-GW,edge-B,edge,219,DONE,12.78957,12.79242,2.8527000004032743,2.8527000004032743,0.122,1.583,1.1477000004032742,0.5517000004032742,0.5960000000000001,0.0
S00008,Transcoder,core-1,core,96,DONE,12.8149,12.84384,28.94295600026453,28.94295600026453,0.086,11.942,4.914956000264532,4.289956000264532,0.625,12.0
S00010,IoT-GW,edge-B,edge,220,DONE,12.81645,12.81946,3.008222000062233,3.008222000062233,0.114,1.42,1.4742220000622328,0.6872220000622327,0.7870000000000001,0.0
S00003,UPF,edge-A,edge,207,DONE,12.82369,12.83466,10.971000000154163,10.971000000154163,0.102,8.84,2.029000000154163,0.6470000001541631,1.3819999999999997,0.0
S00003,UPF,edge-A,edge,208,DONE,12.8238,12.83835,14.55031500017867,14.55031500017867,9.277,3.048,2.2253150001786715,1.48431500017867,0.7410000000000014,0.0
S00008,Transcoder,core-1,core,97,DONE,12.82607,12.85179,25.71424699999625,25.71424699999625,0.079,8.731,4.904246999996246,3.680246999996248,1.2240000000000002,12.0
S00001,vRAN-DU,edge-A,edge,207,DONE,12.82633,12.8343,7.969414000399411,7.969414000399411,0.074,5.999,1.8964140003994112,1.0464140003994107,0.8500000000000005,0.0
S00010,IoT-GW,edge-B,edge,221,DONE,12.82798,12.83908,11.099434000243491,11.099434000243491,0.085,7.93,3.0844340002434905,2.5664340002434916,0.5179999999999989,0.0
S00008,Transcoder,core-1,core,98,DONE,12.83836,12.85864,20.27201300006709,20.27201300006709,0.134,5.772,2.36601300006709,1.563013000067091,0.802999999999999,12.0
S00010,IoT-GW,edge-B,edge,222,DONE,12.84037,12.84388,3.5095019998152566,3.5095019998152566,0.084,1.411,2.0145019998152565,0.6815019998152567,1.3329999999999997,0.0
S00006,IMS-CSCF,edge-B,edge,250,DONE,12.84059,12.84584,5.2474690000963164,5.2474690000963164,0.062,1.363,3.8224690000963166,2.8344690000963166,0.9879999999999998,0.0
S00007,Transcoder,core-1,core,107,DONE,12.84585,12.86394,18.08373699986987,18.08373699986987,0.059,5.997,2.0277369998698695,1.2167369998698696,0.8109999999999999,10.0
S00009,IoT-GW,edge-A,edge,233,DONE,12.84951,12.8518,2.286834999722487,2.286834999722487,0.184,0.861,1.241834999722487,0.5428349997224868,0.6990000000000001,0.0
S00004,UPF,edge-B,edge,211,DONE,12.85298,12.86054,7.558594999863999,7.558594999863999,0.084,6.128,1.3465949998639992,0.3825949998639988,0.9640000000000004,0.0
S00002,vRAN-DU,edge-B,edge,222,DONE,12.87842,12.88297,4.551894000087486,4.551894000087486,0.094,2.999,1.4588940000874864,0.7578940000874863,0.7010000000000001,0.0
S00009,IoT-GW,edge-A,edge,234,DONE,12.88424,12.88778,3.539053000167769,3.539053000167769,0.139,1.909,1.4910530001677689,0.845053000167769,0.6459999999999999,0.0
S00004,UPF,edge-B,edge,212,DONE,12.89311,12.90226,9.155319000001327,9.155319000001327,0.088,7.804,1.263319000001327,0.7153190000013279,0.5479999999999992,0.0
S00003,UPF,edge-A,edge,209,DONE,12.8998,12.90464,4.83613599999444,4.83613599999444,0.088,2.268,2.48013599999444,0.7101359999944394,1.7700000000000005,0.0
S00010,IoT-GW,edge-B,edge,223,DONE,12.89994,12.90362,3.6794040001950634,3.6794040001950634,0.084,2.037,1.5584040001950634,0.9694040001950635,0.589,0.0
S00010,IoT-GW,edge-B,edge,224,DONE,12.9089,12.91141,2.517334000003757,2.517334000003757,0.158,1.234,1.125334000003757,0.599334000003757,0.526,0.0
S00005,IMS-CSCF,edge-A,edge,214,DONE,12.91365,12.91672,3.067224000005808,3.067224000005808,0.09,1.527,1.4502240000058082,0.5622240000058083,0.8879999999999999,0.0
S00002,vRAN-DU,edge-B,edge,223,DONE,12.91801,12.92235,4.336155999681068,4.336155999681068,0.086,2.845,1.4051559996810683,0.7391559996810684,0.6659999999999999,0.0
S00002,vRAN-DU,edge-B,edge,224,DONE,12.93471,12.93927,4.556645000320714,4.556645000320714,0.092,3.002,1.4626450003207139,0.7476450003207136,0.7150000000000003,0.0
S00004,UPF,edge-B,edge,213,DONE,12.95571,12.95967,3.9656469998590183,3.9656469998590183,0.103,2.427,1.435646999859018,0.8166469998590182,0.6189999999999998,0.0
S00003,UPF,edge-A,edge,210,DONE,12.96398,12.96779,3.812952000316727,3.812952000316727,0.089,2.185,1.5389520003167272,0.6729520003167271,0.8660000000000001,0.0
S00006,IMS-CSCF,edge-B,edge,251,DONE,12.96538,12.96836,2.9776719998153567,2.9776719998153567,0.081,1.811,1.0856719998153568,0.4956719998153565,0.5900000000000003,0.0
S00009,IoT-GW,edge-A,edge,235,DONE,12.97061,12.97292,2.312018000338867,2.312018000338867,0.085,1.1,1.1270180003388668,0.4850180003388669,0.6419999999999999,0.0
S00003,UPF,edge-A,edge,211,DONE,12.9719,12.97535,3.4517660001256445,3.4517660001256445,0.104,1.948,1.3997660001256444,0.5107660001256447,0.8889999999999998,0.0
S00003,UPF,edge-A,edge,212,DONE,12.97224,12.97783,5.591353999989224,5.591353999989224,2.076,2.369,1.1463539999892234,0.41635399998922384,0.7299999999999995,0.0
S00004,UPF,edge-B,edge,214,DONE,12.9752,12.97833,3.125024999917514,3.125024999917514,0.091,1.966,1.068024999917514,0.556024999917514,0.512,0.0
S00010,IoT-GW,edge-B,edge,225,DONE,12.99265,12.99527,2.621063000333379,2.621063000333379,0.104,1.242,1.275063000333379,0.704063000333379,0.571,0.0
S00001,vRAN-DU,edge-A,edge,208,DONE,13.00063,13.00678,6.147627000245848,6.147627000245848,0.088,4.548,1.5116270002458476,0.7756270002458479,0.7359999999999998,0.0
S00004,UPF,edge-B,edge,215,DONE,13.0042,13.00949,5.284365000079561,5.284365000079561,0.106,3.809,1.3693650000795605,0.7433650000795602,0.6260000000000003,0.0
S00008,Transcoder,core-1,core,99,DONE,13.00436,13.02825,23.888659000022017,23.888659000022017,0.079,7.318,4.491659000022018,3.070659000022017,1.4210000000000003,12.0
S00002,vRAN-DU,edge-B,edge,225,DONE,13.00843,13.01311,4.682187000071281,4.682187000071281,0.098,3.069,1.5151870000712808,0.4801870000712807,1.0350000000000001,0.0
S00004,UPF,edge-B,edge,216,DONE,13.00897,13.01368,4.706312000053003,4.706312000053003,0.082,3.402,1.2223120000530034,0.31631200005300375,0.9059999999999997,0.0
S00004,UPF,edge-B,edge,217,DONE,13.01312,13.01731,4.183502000159933,4.183502000159933,0.072,2.967,1.144502000159933,0.5335020001599333,0.6109999999999998,0.0
S00009,IoT-GW,edge-A,edge,236,DONE,13.02568,13.03007,4.385378999813838,4.385378999813838,0.109,2.626,1.6503789998138383,0.8473789998138384,0.8029999999999999,0.0
S00009,IoT-GW,edge-A,edge,237,DONE,13.03237,13.03544,3.072642999995878,3.072642999995878,0.114,1.598,1.360642999995878,0.7546429999958781,0.6059999999999999,0.0
S00003,UPF,edge-A,edge,213,DONE,13.04776,13.05324,5.478670000229613,5.478670000229613,0.103,4.041,1.3346700002296128,0.7186700002296131,0.6159999999999997,0.0
S00006,IMS-CSCF,edge-B,edge,252,DONE,13.04917,13.0527,3.5326329998497386,3.5326329998497386,0.107,2.018,1.4076329998497386,0.7366329998497387,0.6709999999999998,0.0
S00001,vRAN-DU,edge-A,edge,209,DONE,13.05551,13.05984,4.33166600032564,4.33166600032564,0.142,3.206,0.9836660003256403,0.49066600032564,0.4930000000000003,0.0
S00005,IMS-CSCF,edge-A,edge,215,DONE,13.05689,13.06136,4.475281999930303,4.475281999930303,0.092,2.032,2.3512819999303027,1.7872819999303027,0.5640000000000001,0.0
S00002,vRAN-DU,edge-B,edge,226,DONE,13.06967,13.07461,4.940145000091434,4.940145000091434,0.093,3.257,1.5901450000914337,0.8711450000914338,0.7189999999999999,0.0
S00006,IMS-CSCF,edge-B,edge,253,DONE,13.0732,13.07861,5.411107999861997,5.411107999861997,0.06,3.541,1.810107999861997,0.6851079998619971,1.125,0.0
S00005,IMS-CSCF,edge-A,edge,216,DONE,13.07462,13.07788,3.2557640001869004,3.2557640001869004,0.095,1.855,1.3057640001869004,0.5217640001869004,0.784,0.0
S00009,IoT-GW,edge-A,edge,238,DONE,13.07982,13.08218,2.3569180002596113,2.3569180002596113,0.082,1.109,1.1659180002596112,0.6189180002596113,0.5469999999999999,0.0
S00005,IMS-CSCF,edge-A,edge,217,DONE,13.08358,13.08649,2.9111799999554933,2.9111799999554933,0.098,1.489,1.324179999955493,0.43617999995549317,0.8879999999999999,0.0
S00002,vRAN-DU,edge-B,edge,227,DONE,13.08591,13.0906,4.684008999902289,4.684008999902289,0.097,3.085,1.5020089999022894,0.7720089999022894,0.73,0.0
S00001,vRAN-DU,edge-A,edge,210,DONE,13.10295,13.13134,28.39050500006124,28.39050500006124,0.12,26.522,1.7485050000612397,0.9635050000612395,0.7850000000000001,0.0
S00003,UPF,edge-A,edge,214,DONE,13.10645,13.13444,27.991304000352102,27.991304000352102,0.067,3.052,24.872304000352102,0.8583040003521027,24.014,0.0
S00002,vRAN-DU,edge-B,edge,228,DONE,13.11695,13.1256,8.648763000110193,8.648763000110193,0.098,6.079,2.471763000110194,1.6287630001101938,0.843,0.0
S00002,vRAN-DU,edge-B,edge,229,DONE,13.12062,13.12639,5.7740710003599816,5.7740710003599816,0.228,3.536,2.0100710003599813,1.3090710003599817,0.7009999999999996,0.0
S00005,IMS-CSCF,edge-A,edge,218,DONE,13.12091,13.13486,13.948556000286771,13.948556000286771,0.114,3.014,10.820556000286771,0.6375560002867715,10.183,0.0
S00003,UPF,edge-A,edge,215,DONE,13.13136,13.13874,7.381635000001552,7.381635000001552,0.073,3.363,3.945635000001552,0.6716350000015519,3.274,0.0
S00008,Transcoder,core-1,core,100,DONE,13.13309,13.1607,27.613307999672543,27.613307999672543,0.111,12.251,3.2513079996725427,2.4803079996725437,0.770999999999999,12.0
S00002,vRAN-DU,edge-B,edge,230,DONE,13.13329,13.13876,5.4650879997097945,5.4650879997097945,0.128,3.777,1.5600879997097943,0.6770879997097943,0.883,0.0
S00004,UPF,edge-B,edge,218,DONE,13.14532,13.15163,6.316243999663129,6.316243999663129,0.1,3.76,2.4562439996631293,0.7352439996631288,1.7210000000000005,0.0
S00001,vRAN-DU,edge-A,edge,211,DONE,13.14888,13.15726,8.377326999834622,8.377326999834622,0.09,6.662,1.6253269998346225,1.0233269998346222,0.6020000000000003,0.0
S00004,UPF,edge-B,edge,219,DONE,13.15048,13.17385,23.372194999865314,23.372194999865314,0.117,18.888,4.367194999865312,1.328194999865314,3.038999999999998,0.0
S00009,IoT-GW,edge-A,edge,239,DONE,13.15387,13.15617,2.2948360001464607,2.2948360001464607,0.073,1.129,1.0928360001464608,0.47683600014646066,0.6160000000000001,0.0
S00008,Transcoder,core-1,core,101,DONE,13.16806,13.19464,26.584651000121085,26.584651000121085,0.09,10.152,4.342651000121087,3.6586510001210844,0.684000000000001,12.0
S00002,vRAN-DU,edge-B,edge,231,DONE,13.17281,13.18095,8.14513800014538,8.14513800014538,0.09,5.94,2.1151380001453797,0.6841380001453796,1.431,0.0
S00003,UPF,edge-A,edge,216,DONE,13.17298,13.17806,5.0830219997806125,5.0830219997806125,0.093,2.086,2.9040219997806127,2.3360219997806126,0.5680000000000001,0.0
S00003,UPF,edge-A,edge,217,DONE,13.17808,13.18505,6.972322999899916,6.972322999899916,0.13,5.22,1.6223229998999162,0.9733229998999162,0.649,0.0
S00006,IMS-CSCF,edge-B,edge,254,DONE,13.17839,13.18386,5.472311000175978,5.472311000175978,0.119,3.494,1.8593110001759774,0.4953110001759775,1.3639999999999999,0.0
S00005,IMS-CSCF,edge-A,edge,219,DONE,13.18833,13.19287,4.532798999662191,4.532798999662191,0.162,2.682,1.688798999662191,0.6827989996621908,1.0060000000000002,0.0
S00010,IoT-GW,edge-B,edge,226,DONE,13.18975,13.19252,2.7666060000228754,2.7666060000228754,0.082,1.11,1.5746060000228752,1.0356060000228753,0.5389999999999999,0.0
S00008,Transcoder,core-1,core,102,DONE,13.1979,13.22304,25.13808699995934,25.13808699995934,0.092,10.371,2.6750869999593405,1.9520869999593415,0.722999999999999,12.0
S00001,vRAN-DU,edge-A,edge,212,DONE,13.20335,13.23525,31.893694999780564,31.893694999780564,0.112,29.625,2.156694999780566,1.1316949997805636,1.0250000000000021,0.0
S00009,IoT-GW,edge-A,edge,240,DONE,13.20359,13.21064,7.04805400027908,7.04805400027908,0.179,1.458,5.41105400027908,0.9130540002790806,4.497999999999999,0.0
S00008,Transcoder,core-1,core,103,DONE,13.21492,13.24252,27.602735000073153,27.602735000073153,0.083,11.975,3.5447350000731532,2.987735000073153,0.5570000000000004,12.0
S00004,UPF,edge-B,edge,220,DONE,13.21847,13.22445,5.980557999919256,5.980557999919256,0.171,4.007,1.802557999919256,0.613557999919256,1.189,0.0
S00008,Transcoder,core-1,core,104,DONE,13.22198,13.24946,27.48411499987924,27.48411499987924,0.086,11.243,4.155114999879238,3.086114999879239,1.068999999999999,12.0
S00002,vRAN-DU,edge-B,edge,232,DONE,13.23533,13.27346,38.126573999761604,38.126573999761604,0.086,36.924,1.1165739997616058,0.4935739997616011,0.6230000000000047,0.0
S00003,UPF,edge-A,edge,218,DONE,13.23675,13.24253,5.784000000403466,5.784000000403466,0.09,4.038,1.6560000004034663,0.6780000004034665,0.9779999999999998,0.0
S00009,IoT-GW,edge-A,edge,241,DONE,13.2398,13.24254,2.7414739997766446,2.7414739997766446,0.078,1.045,1.6184739997766446,0.4934739997766444,1.1250000000000002,0.0
S00004,UPF,edge-B,edge,221,DONE,13.24261,13.27423,31.619362000128604,31.619362000128604,0.08,30.365,1.1743620001286068,0.4623620001286035,0.7120000000000033,0.0
S00004,UPF,edge-B,edge,222,DONE,13.24644,13.27875,32.31122299985145,32.31122299985145,0.846,4.611,26.85422299985145,0.4122229998514513,26.442,0.0
S00004,UPF,edge-B,edge,223,DONE,13.24901,13.28306,34.05579099990064,34.05579099990064,5.738,3.719,24.598790999900636,0.788790999900634,23.810000000000002,0.0
S00004,UPF,edge-B,edge,224,DONE,13.25574,13.29167,35.931816000356775,35.931816000356775,9.72,7.25,18.961816000356777,1.2018160003567786,17.759999999999998,0.0
S00004,UPF,edge-B,edge,225,DONE,13.25706,13.3707,113.64251500026512,113.64251500026512,17.481,79.893,16.268515000265126,0.5275150002651259,15.741,0.0
S00008,Transcoder,core-1,core,105,DONE,13.26038,13.28239,22.001993999765546,22.001993999765546,0.126,7.675,2.2009939997655454,1.4509939997655454,0.75,12.0
S00005,IMS-CSCF,edge-A,edge,220,DONE,13.26384,13.26925,5.41523399988364,5.41523399988364,0.127,3.245,2.0432339998836397,1.1162339998836392,0.9270000000000005,0.0
S00007,Transcoder,core-1,core,108,DONE,13.27544,13.30707,31.622627999695396,31.622627999695396,0.109,19.497,2.0166279996953946,1.2106279996953972,0.8059999999999974,10.0
S00008,Transcoder,core-1,core,106,DONE,13.2824,13.30993,27.53120300030787,27.53120300030787,0.166,11.674,3.691203000307869,2.1712030003078695,1.5199999999999996,12.0
S00009,IoT-GW,edge-A,edge,242,DONE,13.28734,13.29169,4.35239599983106,4.35239599983106,0.087,2.195,2.07039599983106,1.4653959998310602,0.605,0.0
S00002,vRAN-DU,edge-B,edge,233,DONE,13.29291,13.36997,77.05899100028546,77.05899100028546,0.124,72.565,4.3699910002854665,1.6759910002854639,2.6940000000000026,0.0
S00007,Transcoder,core-1,core,109,DONE,13.30432,13.32842,24.105076000068948,24.105076000068948,0.091,12.098,1.9160760000689478,1.145076000068947,0.7710000000000008,10.0
S00002,vRAN-DU,edge-B,edge,234,DONE,13.30563,13.37325,67.62168499972177,67.62168499972177,0.083,3.059,64.47968499972177,0.7816849997217616,63.698,0.0
S00005,IMS-CSCF,edge-A,edge,221,DONE,13.32425,13.32826,4.012677999980951,4.012677999980951,0.09,2.226,1.6966779999809516,1.0766779999809515,0.6200000000000001,0.0
S00002,vRAN-DU,edge-B,edge,235,DONE,13.32843,13.37749,49.05977899989011,49.05977899989011,0.952,5.916,42.19177899989011,0.564778999890116,41.626999999999995,0.0
S00004,UPF,edge-B,edge,226,DONE,13.3439,13.37748,33.57181799992759,33.57181799992759,3.444,3.402,26.72581799992759,0.8288179999275869,25.897000000000002,0.0
S00005,IMS-CSCF,edge-A,edge,222,DONE,13.34935,13.35351,4.154276999997819,4.154276999997819,0.095,2.477,1.582276999997819,0.7292769999978193,0.8529999999999998,0.0
S00004,UPF,edge-B,edge,227,DONE,13.35575,13.38066,24.905668999963382,24.905668999963382,7.028,3.148,14.729668999963382,0.6096689999633824,14.12,0.0
S00009,IoT-GW,edge-A,edge,243,DONE,13.36011,13.36265,2.543411000260676,2.543411000260676,0.092,1.254,1.1974110002606757,0.6984110002606758,0.4989999999999999,0.0
S00003,UPF,edge-A,edge,219,DONE,13.36485,13.36841,3.552880999905028,3.552880999905028,0.063,2.466,1.0238809999050278,0.4588809999050283,0.5649999999999995,0.0
S00004,UPF,edge-B,edge,228,DONE,13.3719,13.38311,11.208170999907452,11.208170999907452,7.056,2.508,1.6441709999074519,0.9141709999074514,0.7300000000000004,0.0
S00003,UPF,edge-A,edge,220,DONE,13.37444,13.38155,7.101439000052778,7.101439000052778,0.206,5.406,1.4894390000527782,0.7854390000527784,0.7039999999999997,0.0
S00001,vRAN-DU,edge-A,edge,213,DONE,13.37455,13.38379,9.23706100002164,9.23706100002164,0.062,6.859,2.31606100002164,1.28406100002164,1.032,0.0
S00003,UPF,edge-A,edge,221,DONE,13.37579,13.38452,8.735517999866715,8.735517999866715,5.144,2.674,0.9175179998667158,0.3835179998667151,0.5340000000000007,0.0
S00010,IoT-GW,edge-B,edge,227,DONE,13.38979,13.39216,2.3673569999118627,2.3673569999118627,0.089,1.111,1.1673569999118627,0.6483569999118626,0.5190000000000001,0.0
S00006,IMS-CSCF,edge-B,edge,255,DONE,13.40651,13.40958,3.0684130001645826,3.0684130001645826,0.136,1.565,1.3674130001645826,0.7164130001645828,0.6509999999999998,0.0
S00002,vRAN-DU,edge-B,edge,236,DONE,13.40966,13.4173,7.642147000296973,7.642147000296973,0.067,5.554,2.0211470002969723,1.2461470002969728,0.7749999999999995,0.0
S00007,Transcoder,core-1,core,110,DONE,13.4288,13.45701,28.21259399979681,28.21259399979681,0.113,13.577,4.522593999796809,1.9815939997968073,2.541000000000002,10.0
S00007,Transcoder,core-1,core,111,DONE,13.43051,13.457,26.486925999961386,26.486925999961386,0.07,11.416,5.000925999961385,2.6239259999613864,2.376999999999999,10.0
S00001,vRAN-DU,edge-A,edge,214,DONE,13.43306,13.44249,9.425291999832552,9.425291999832552,0.283,3.763,5.379291999832552,4.357291999832553,1.0219999999999994,0.0
S00007,Transcoder,core-1,core,112,DONE,13.4425,13.46738,24.87561700036167,24.87561700036167,0.062,9.089,5.724617000361672,4.926617000361672,0.798,10.0
S00009,IoT-GW,edge-A,edge,244,DONE,13.44536,13.45064,5.2815059998465586,5.2815059998465586,0.131,1.443,3.7075059998465587,0.6245059998465585,3.083,0.0
S00005,IMS-CSCF,edge-A,edge,223,DONE,13.44556,13.45132,5.760721999649832,5.760721999649832,0.085,1.763,3.9127219996498317,3.0367219996498314,0.8760000000000003,0.0
S00009,IoT-GW,edge-A,edge,245,DONE,13.45258,13.45469,2.1103899998706765,2.1103899998706765,0.067,1.269,0.7743899998706767,0.37838999987067656,0.39600000000000013,0.0
S00007,Transcoder,core-1,core,113,DONE,13.45396,13.47646,22.49839600017367,22.49839600017367,0.088,8.572,3.838396000173672,2.82939600017367,1.0090000000000021,10.0
S00009,IoT-GW,edge-A,edge,246,DONE,13.45827,13.46042,2.1562760002780124,2.1562760002780124,0.06,1.149,0.9472760002780123,0.4322760002780124,0.5149999999999999,0.0
S00006,IMS-CSCF,edge-B,edge,256,DONE,13.4737,13.47886,5.1605630001176905,5.1605630001176905,0.091,3.667,1.4025630001176905,0.7305630001176908,0.6719999999999997,0.0
S00007,Transcoder,core-1,core,114,DONE,13.47385,13.49298,19.13497300029121,19.13497300029121,0.081,6.258,2.7959730002912107,2.0819730002912102,0.7139999999999995,10.0
S00002,vRAN-DU,edge-B,edge,237,DONE,13.47518,13.47916,3.9773859998604166,3.9773859998604166,0.061,3.13,0.7863859998604168,0.4743859998604165,0.3120000000000003,0.0
S00009,IoT-GW,edge-A,edge,247,DONE,13.50331,13.50592,2.615835000142397,2.615835000142397,0.135,1.127,1.3538350001423969,0.7508350001423969,0.603,0.0
S00002,vRAN-DU,edge-B,edge,238,DONE,13.51029,13.51453,4.246249000061653,4.246249000061653,0.089,2.883,1.2742490000616526,0.5912490000616528,0.6829999999999998,0.0
S00009,IoT-GW,edge-A,edge,248,DONE,13.51987,13.52296,3.091478999976971,3.091478999976971,0.092,1.479,1.5204789999769708,0.792478999976971,0.7279999999999998,0.0
S00002,vRAN-DU,edge-B,edge,239,DONE,13.5283,13.53308,4.781034999723488,4.781034999723488,0.215,3.138,1.4280349997234882,0.7950349997234878,0.6330000000000005,0.0
S00010,IoT-GW,edge-B,edge,228,DONE,13.52854,13.5315,2.963000000363536,2.963000000363536,0.095,1.327,1.541000000363536,0.6990000003635362,0.8419999999999999,0.0
S00009,IoT-GW,edge-A,edge,249,DONE,13.5353,13.53792,2.6189310001427657,2.6189310001427657,0.124,1.23,1.2649310001427656,0.6469310001427657,0.6179999999999999,0.0
S00002,vRAN-DU,edge-B,edge,240,DONE,13.54528,13.5512,5.926152000029106,5.926152000029106,0.097,4.147,1.682152000029105,0.8121520000291058,0.8699999999999992,0.0
S00005,IMS-CSCF,edge-A,edge,224,DONE,13.54543,13.55728,11.850091999804135,11.850091999804135,0.134,2.452,9.264091999804135,1.6050919998041362,7.658999999999999,0.0
S00003,UPF,edge-A,edge,222,DONE,13.55685,13.56239,5.539563000183989,5.539563000183989,0.127,3.863,1.5495630001839888,0.7825630001839894,0.7669999999999995,0.0
S00001,vRAN-DU,edge-A,edge,215,DONE,13.5617,13.56988,8.174234000307479,8.174234000307479,0.125,5.845,2.204234000307479,1.4822340003074785,0.7220000000000004,0.0
S00010,IoT-GW,edge-B,edge,229,DONE,13.56672,13.5705,3.7766610003018286,3.7766610003018286,0.092,2.253,1.4316610003018284,0.7826610003018284,0.649,0.0
S00010,IoT-GW,edge-B,edge,230,DONE,13.56691,13.57195,5.043552000188356,5.043552000188356,2.02,1.17,1.853552000188356,1.2425520001883559,0.6110000000000002,0.0
S00006,IMS-CSCF,edge-B,edge,257,DONE,13.58257,13.58682,4.2511820001891465,4.2511820001891465,0.11,2.137,2.0041820001891466,0.8941820001891463,1.1100000000000003,0.0
S00001,vRAN-DU,edge-A,edge,216,DONE,13.58937,13.59454,5.16626799981168,5.16626799981168,0.141,3.215,1.8102679998116802,0.7992679998116801,1.0110000000000001,0.0
S00010,IoT-GW,edge-B,edge,231,DONE,13.59301,13.59606,3.0487969997921027,3.0487969997921027,0.128,1.359,1.5617969997921026,0.7717969997921026,0.79,0.0
S00006,IMS-CSCF,edge-B,edge,258,DONE,13.59584,13.59872,2.8850530002273445,2.8850530002273445,0.065,1.263,1.5570530002273446,1.0800530002273445,0.4770000000000001,0.0
S00010,IoT-GW,edge-B,edge,232,DONE,13.59873,13.60296,4.229421999752958,4.229421999752958,0.075,3.154,1.000421999752958,0.3654219997529582,0.6349999999999998,0.0
S00002,vRAN-DU,edge-B,edge,241,DONE,13.59902,13.60527,6.252273999962199,6.252273999962199,0.415,4.375,1.462273999962199,0.48727399996219933,0.9749999999999996,0.0
S00009,IoT-GW,edge-A,edge,250,DONE,13.60749,13.60999,2.4993469996843487,2.4993469996843487,0.089,1.294,1.1163469996843487,0.5113469996843487,0.605,0.0
S00008,Transcoder,core-1,core,107,DONE,13.61,13.63397,23.965081999904214,23.965081999904214,0.091,9.693,2.1810819999042153,1.0940819999042137,1.0870000000000015,12.0
S00004,UPF,edge-B,edge,229,DONE,13.61251,13.61689,4.3842879999829165,4.3842879999829165,0.093,2.736,1.5552879999829163,0.8772879999829164,0.6779999999999999,0.0
S00002,vRAN-DU,edge-B,edge,242,DONE,13.61495,13.62532,10.37004199997682,10.37004199997682,0.119,8.9,1.35104199997682,0.596041999976821,0.754999999999999,0.0
S00003,UPF,edge-A,edge,223,DONE,13.61691,13.62481,7.90517399991586,7.90517399991586,0.1,5.718,2.0871739999158603,1.14217399991586,0.9450000000000003,0.0
S00006,IMS-CSCF,edge-B,edge,259,DONE,13.61704,13.62531,8.263696000085474,8.263696000085474,0.083,6.894,1.286696000085474,0.6146960000854742,0.6719999999999997,0.0
S00001,vRAN-DU,edge-A,edge,217,DONE,13.63369,13.639,5.3088509998815425,5.3088509998815425,0.106,3.279,1.9238509998815427,1.0978509998815422,0.8260000000000005,0.0
S00003,UPF,edge-A,edge,224,DONE,13.64738,13.6523,4.910237999865785,4.910237999865785,0.144,3.158,1.6082379998657852,0.7542379998657855,0.8539999999999996,0.0
S00010,IoT-GW,edge-B,edge,233,DONE,13.66662,13.67072,4.104168000139907,4.104168000139907,0.12,2.027,1.957168000139907,0.9321680001399071,1.025,0.0
S00002,vRAN-DU,edge-B,edge,243,DONE,13.67074,13.67559,4.857322000134445,4.857322000134445,0.107,3.251,1.4993220001344452,0.6663220001344454,0.8329999999999997,0.0
S00008,Transcoder,core-1,core,108,DONE,13.69806,13.72163,23.569375000079162,23.569375000079162,0.088,6.698,4.783375000079161,3.831375000079163,0.952,12.0
S00010,IoT-GW,edge-B,edge,234,DONE,13.69955,13.70726,7.712692000040988,7.712692000040988,0.178,2.076,5.458692000040989,1.0546920000409878,4.404,0.0
S00006,IMS-CSCF,edge-B,edge,260,DONE,13.6997,13.70729,7.588961000237759,7.588961000237759,0.113,1.88,5.595961000237759,1.1469610002377593,4.449,0.0
S00001,vRAN-DU,edge-A,edge,218,DONE,13.70106,13.70863,7.573779999802355,7.573779999802355,0.24,5.681,1.6527799998023545,0.7567799998023546,0.8959999999999999,0.0
S00004,UPF,edge-B,edge,230,DONE,13.71905,13.72496,5.908473000090453,5.908473000090453,0.172,3.66,2.0764730000904525,1.108473000090453,0.9679999999999995,0.0
S00008,Transcoder,core-1,core,109,DONE,13.71936,13.74619,26.827156999843282,26.827156999843282,0.086,11.163,3.578156999843282,2.7341569998432824,0.8439999999999994,12.0
S00009,IoT-GW,edge-A,edge,251,DONE,13.73124,13.73367,2.430615999855945,2.430615999855945,0.086,1.2,1.144615999855945,0.6276159998559452,0.5169999999999999,0.0
S00002,vRAN-DU,edge-B,edge,244,DONE,13.74396,13.75202,8.065494000220497,8.065494000220497,0.091,5.569,2.4054940002204965,1.470494000220497,0.9349999999999996,0.0
S00003,UPF,edge-A,edge,225,DONE,13.74941,13.75327,3.867969999646448,3.867969999646448,0.086,2.451,1.330969999646448,0.7669699996464479,0.5640000000000001,0.0
S00006,IMS-CSCF,edge-B,edge,261,DONE,13.75341,13.75693,3.5183820000384003,3.5183820000384003,0.231,1.922,1.3653820000384003,0.6323820000384002,0.7330000000000001,0.0
S00006,IMS-CSCF,edge-B,edge,262,DONE,13.75818,13.76199,3.8130410002850113,3.8130410002850113,0.073,2.479,1.2610410002850112,0.6460410002850114,0.6149999999999998,0.0
S00002,vRAN-DU,edge-B,edge,245,DONE,13.76435,13.77126,6.916348000231665,6.916348000231665,0.156,5.225,1.5353480002316653,0.5833480002316644,0.9520000000000008,0.0
S00004,UPF,edge-B,edge,231,DONE,13.76582,13.77263,6.815063999965787,6.815063999965787,0.183,2.356,4.276063999965787,1.153063999965787,3.123,0.0
S00009,IoT-GW,edge-A,edge,252,DONE,13.76724,13.77497,7.722051000200736,7.722051000200736,0.181,1.424,6.1170510002007354,0.5630510002007361,5.554,0.0
S00006,IMS-CSCF,edge-B,edge,263,DONE,13.76894,13.7758,6.854987999759032,6.854987999759032,0.07,3.084,3.7009879997590325,1.148987999759032,2.5520000000000005,0.0
S00002,vRAN-DU,edge-B,edge,246,DONE,13.7707,13.77636,5.660202999933972,5.660202999933972,0.061,3.319,2.280202999933972,1.1872029999339722,1.093,0.0
S00006,IMS-CSCF,edge-B,edge,264,DONE,13.78062,13.78406,3.448371000104089,3.448371000104089,0.11,2.096,1.242371000104089,0.5353710001040892,0.7069999999999999,0.0
S00002,vRAN-DU,edge-B,edge,247,DONE,13.78206,13.78879,6.735604000368767,6.735604000368767,0.15,5.055,1.5306040003687666,0.6016040003687664,0.9290000000000003,0.0
S00009,IoT-GW,edge-A,edge,253,DONE,13.78834,13.79136,3.0129659999147407,3.0129659999147407,0.126,1.194,1.6929659999147408,0.8889659999147406,0.8040000000000003,0.0
S00006,IMS-CSCF,edge-B,edge,265,DONE,13.79008,13.7935,3.419573999963177,3.419573999963177,0.102,2.038,1.2795739999631772,0.700573999963177,0.5790000000000002,0.0
S00008,Transcoder,core-1,core,110,DONE,13.79475,13.81941,24.65870099968015,24.65870099968015,0.092,10.866,1.7007009996801496,0.9907009996801506,0.7099999999999991,12.0
S00003,UPF,edge-A,edge,226,DONE,13.79824,13.80245,4.208580000067741,4.208580000067741,0.089,2.783,1.336580000067741,0.5845800000677408,0.7520000000000002,0.0
S00004,UPF,edge-B,edge,232,DONE,13.80366,13.80845,4.79587600011655,4.79587600011655,0.091,3.589,1.11587600011655,0.49987600011654987,0.6160000000000001,0.0
S00002,vRAN-DU,edge-B,edge,248,DONE,13.80494,13.87307,68.12464599988743,68.12464599988743,0.063,66.598,1.463645999887433,0.8796459998874298,0.5840000000000032,0.0
S00002,vRAN-DU,edge-B,edge,249,DONE,13.80558,13.87105,65.47011800012115,65.47011800012115,2.056,61.922,1.4921180001211525,0.45411800012114156,1.038000000000011,0.0
S00006,IMS-CSCF,edge-B,edge,266,DONE,13.80846,13.87495,66.48609200010469,66.48609200010469,61.503,3.804,1.1790920001046885,0.6700920001046882,0.5090000000000003,0.0
S00007,Transcoder,core-1,core,115,DONE,13.81878,13.83906,20.27759500015236,20.27759500015236,0.093,7.437,2.7475950001523586,1.990595000152359,0.7570000000000006,10.0
S00009,IoT-GW,edge-A,edge,254,DONE,13.81897,13.82243,3.4644789998310443,3.4644789998310443,0.087,1.678,1.6994789998310444,1.0534789998310443,0.6460000000000001,0.0
S00004,UPF,edge-B,edge,233,DONE,13.82061,13.87666,56.05659299999388,56.05659299999388,4.057,1.722,50.277592999993885,0.40759299999388077,49.870000000000005,0.0
S00008,Transcoder,core-1,core,111,DONE,13.82465,13.84621,21.560569000030227,21.560569000030227,0.127,6.591,2.8425690000302275,1.9835690000302275,0.859,12.0
S00002,vRAN-DU,edge-B,edge,250,DONE,13.84623,13.87759,31.36868299998241,31.36868299998241,1.847,4.926,24.59568299998241,0.5126829999824096,24.083000000000002,0.0
S00006,IMS-CSCF,edge-B,edge,267,DONE,13.84861,13.87973,31.120532999921124,31.120532999921124,5.89,1.727,23.503532999921124,1.7025329999211252,21.801,0.0
S00008,Transcoder,core-1,core,112,DONE,13.85616,13.87991,23.750113999994937,23.750113999994937,0.092,8.81,2.8481139999949363,1.8041139999949376,1.0439999999999987,12.0
S00009,IoT-GW,edge-A,edge,255,DONE,13.86263,13.86661,3.971566000018356,3.971566000018356,0.157,1.653,2.161566000018356,1.098566000018356,1.0630000000000002,0.0
S00009,IoT-GW,edge-A,edge,256,DONE,13.86634,13.86839,2.050602000053914,2.050602000053914,0.056,0.844,1.1506020000539139,0.4286020000539137,0.7220000000000001,0.0
S00009,IoT-GW,edge-A,edge,257,DONE,13.86649,13.8705,4.010968999864417,4.010968999864417,0.047,1.51,2.453968999864417,1.732968999864417,0.7210000000000001,0.0
S00004,UPF,edge-B,edge,234,DONE,13.86957,13.88034,10.765986000023986,10.765986000023986,6.793,2.562,1.4109860000239856,0.563986000023986,0.8469999999999995,0.0
S00004,UPF,edge-B,edge,235,DONE,13.87313,13.88228,9.158118999948783,9.158118999948783,5.679,1.696,1.7831189999487833,0.7111189999487841,1.0719999999999992,0.0
S00004,UPF,edge-B,edge,236,DONE,13.88164,13.88494,3.294771999662771,3.294771999662771,0.058,2.335,0.9017719996627713,0.41877199966277123,0.4830000000000001,0.0
S00001,vRAN-DU,edge-A,edge,219,DONE,13.90135,13.90718,5.838863000008132,5.838863000008132,0.09,3.667,2.0818630000081324,1.2618630000081321,0.8200000000000003,0.0
S00006,IMS-CSCF,edge-B,edge,268,DONE,13.90391,13.9072,3.2917890002863714,3.2917890002863714,0.111,1.851,1.3297890002863715,0.7927890002863713,0.5370000000000001,0.0
S00003,UPF,edge-A,edge,227,DONE,13.90639,13.91282,6.428230999972584,6.428230999972584,0.106,4.75,1.572230999972584,0.8882309999725839,0.6840000000000002,0.0
S00006,IMS-CSCF,edge-B,edge,269,DONE,13.90721,13.91035,3.1460730001526827,3.1460730001526827,0.109,1.898,1.1390730001526825,0.7200730001526825,0.41900000000000004,0.0
S00002,vRAN-DU,edge-B,edge,251,DONE,13.91285,13.97047,57.619262999651255,57.619262999651255,0.077,56.002,1.5402629996512545,0.7692629996512537,0.7710000000000008,0.0
S00005,IMS-CSCF,edge-A,edge,225,DONE,13.91524,13.91777,2.5337609999951383,2.5337609999951383,0.076,1.514,0.9437609999951382,0.39776099999513814,0.546,0.0
S00002,vRAN-DU,edge-B,edge,252,DONE,13.92502,13.97576,50.737561999994796,50.737561999994796,0.097,48.687,1.9535619999947968,1.3705619999947984,0.5829999999999984,0.0
S00010,IoT-GW,edge-B,edge,235,DONE,13.92639,13.97701,50.6267350001508,50.6267350001508,47.7,1.982,0.9447350001507999,0.5787350001508003,0.36599999999999966,0.0
S00010,IoT-GW,edge-B,edge,236,DONE,13.92781,13.97932,51.509199000065564,51.509199000065564,7.874,1.792,41.84319900006557,0.6271990000655663,41.215999999999994,0.0
S00003,UPF,edge-A,edge,228,DONE,13.92792,13.93147,3.5474999999678403,3.5474999999678403,0.088,2.311,1.1484999999678402,0.5314999999678403,0.617,0.0
S00003,UPF,edge-A,edge,229,DONE,13.94,13.94387,3.877161999753298,3.877161999753298,0.164,2.18,1.5331619997532977,0.8231619997532982,0.7099999999999995,0.0
S00004,UPF,edge-B,edge,237,DONE,13.94263,13.97612,33.48518699976921,33.48518699976921,3.775,2.826,26.884186999769213,0.47918699976921175,26.405,0.0
S00002,vRAN-DU,edge-B,edge,253,DONE,13.94616,13.97351,27.35054200002196,27.35054200002196,0.723,2.898,23.72954200002196,0.8005420000219594,22.929000000000002,0.0
S00002,vRAN-DU,edge-B,edge,254,DONE,13.95867,13.98237,23.697589000221342,23.697589000221342,7.078,5.555,11.064589000221343,0.8455890002213415,10.219000000000001,0.0
S00005,IMS-CSCF,edge-A,edge,226,DONE,13.95885,13.96168,2.821832000336144,2.821832000336144,0.087,1.593,1.1418320003361442,0.6138320003361439,0.5280000000000002,0.0
S00010,IoT-GW,edge-B,edge,237,DONE,13.97577,13.98292,7.157332999668142,7.157332999668142,2.779,3.229,1.1493329996681423,0.571332999668142,0.5780000000000003,0.0
S00004,UPF,edge-B,edge,238,DONE,13.9806,13.98599,5.397400000219932,5.397400000219932,1.377,3.157,0.863400000219932,0.43740000021993186,0.42600000000000016,0.0
S00007,Transcoder,core-1,core,116,DONE,13.9883,14.0122,23.901036999632197,23.901036999632197,0.104,11.135,2.662036999632198,1.7490369996321977,0.9130000000000003,10.0
S00001,vRAN-DU,edge-A,edge,220,DONE,13.99685,14.00161,4.762345000017376,4.762345000017376,0.088,3.345,1.3293450000173759,0.7653450000173763,0.5639999999999996,0.0
S00004,UPF,edge-B,edge,239,DONE,14.01154,14.01555,4.008693000287167,4.008693000287167,0.09,2.47,1.4486930002871667,0.7836930002871667,0.665,0.0
S00010,IoT-GW,edge-B,edge,238,DONE,14.02,14.02428,4.280276000372396,4.280276000372396,0.083,1.588,2.609276000372396,1.034276000372396,1.575,0.0
S00008,Transcoder,core-1,core,113,DONE,14.03661,14.06546,28.841704000114987,28.841704000114987,0.25,11.416,5.175704000114987,1.330704000114988,3.844999999999999,12.0
S00007,Transcoder,core-1,core,117,DONE,14.03805,14.06835,30.30296500037366,30.30296500037366,0.092,17.18,3.030965000373662,1.2729650003736594,1.7580000000000027,10.0
S00006,IMS-CSCF,edge-B,edge,270,DONE,14.0446,14.0746,30.002419000084046,30.002419000084046,0.109,25.635,4.258419000084043,3.549419000084047,0.7089999999999961,0.0
S00009,IoT-GW,edge-A,edge,258,DONE,14.04728,14.063,15.716985999915778,15.716985999915778,0.276,10.211,5.229985999915778,1.3309859999157787,3.898999999999999,0.0
S00002,vRAN-DU,edge-B,edge,255,DONE,14.0503,14.07619,25.888007000048674,25.888007000048674,0.127,5.6,20.161007000048674,0.5760070000486728,19.585,0.0
S00005,IMS-CSCF,edge-A,edge,227,DONE,14.05914,14.06557,6.4317890000893385,6.4317890000893385,0.197,1.757,4.477789000089339,3.5197890000893386,0.958,0.0
S00003,UPF,edge-A,edge,230,DONE,14.05929,14.06829,8.998591999898053,8.998591999898053,0.098,4.09,4.810591999898054,3.7785919998980537,1.032,0.0
S00004,UPF,edge-B,edge,240,DONE,14.06681,14.07729,10.47546700010571,10.47546700010571,2.486,5.237,2.7524670001057085,0.6204670001057089,2.1319999999999997,0.0
S00009,IoT-GW,edge-A,edge,259,DONE,14.07461,14.07907,4.458737000277324,4.458737000277324,0.112,1.408,2.938737000277324,0.8327370002773242,2.106,0.0
S00004,UPF,edge-B,edge,241,DONE,14.09045,14.09472,4.27017199990587,4.27017199990587,0.089,2.645,1.5361719999058696,0.7821719999058696,0.754,0.0
S00010,IoT-GW,edge-B,edge,239,DONE,14.09198,14.09592,3.940798000257928,3.940798000257928,0.198,0.945,2.797798000257928,0.6067980002579278,2.191,0.0
S00010,IoT-GW,edge-B,edge,240,DONE,14.09724,14.10032,3.074437000122998,3.074437000122998,0.195,1.423,1.456437000122998,0.8614370001229981,0.595,0.0
S00003,UPF,edge-A,edge,231,DONE,14.10257,14.10659,4.013599999780126,4.013599999780126,0.088,2.37,1.5555999997801262,0.6495999997801265,0.9059999999999997,0.0
S00005,IMS-CSCF,edge-A,edge,228,DONE,14.11286,14.11618,3.3212549997188034,3.3212549997188034,0.086,1.684,1.5512549997188034,0.7612549997188034,0.79,0.0
S00005,IMS-CSCF,edge-A,edge,229,DONE,14.11843,14.12226,3.831072000139102,3.831072000139102,0.069,2.304,1.458072000139102,0.7510720001391018,0.7070000000000003,0.0
S00005,IMS-CSCF,edge-A,edge,230,DONE,14.12558,14.1288,3.2205099996645004,3.2205099996645004,0.096,1.724,1.4005099996645003,0.6915099996645004,0.7089999999999999,0.0
S00005,IMS-CSCF,edge-A,edge,231,DONE,14.13214,14.13573,3.5856580002473493,3.5856580002473493,0.097,2.049,1.4396580002473494,0.6986580002473493,0.7410000000000001,0.0
S00003,UPF,edge-A,edge,232,DONE,14.13796,14.14253,4.5725119998678565,4.5725119998678565,0.128,2.012,2.4325119998678564,0.6475119998678567,1.7849999999999997,0.0
S00004,UPF,edge-B,edge,242,DONE,14.13816,14.14333,5.1706439999179565,5.1706439999179565,0.11,3.455,1.6056439999179566,0.8076439999179561,0.7980000000000005,0.0
S00005,IMS-CSCF,edge-A,edge,232,DONE,14.1496,14.15326,3.6664310000560363,3.6664310000560363,0.079,2.152,1.435431000056036,0.7494310000560365,0.6859999999999995,0.0
S00007,Transcoder,core-1,core,118,DONE,14.1498,14.17338,23.573726000449824,23.573726000449824,0.103,10.471,2.999726000449824,2.1427260004498248,0.8569999999999993,10.0
S00004,UPF,edge-B,edge,243,DONE,14.15448,14.15833,3.843707999749313,3.843707999749313,0.092,2.301,1.4507079997493126,0.769707999749313,0.6809999999999996,0.0
S00008,Transcoder,core-1,core,114,DONE,14.17067,14.19279,22.127780000118946,22.127780000118946,0.119,7.574,2.4347800001189466,1.7027800001189455,0.7320000000000011,12.0
S00008,Transcoder,core-1,core,115,DONE,14.18178,14.2119,30.123852000087936,30.123852000087936,0.087,13.733,4.303852000087936,2.6388520000879367,1.6649999999999991,12.0
S00001,vRAN-DU,edge-A,edge,221,DONE,14.19509,14.19964,4.547860000002402,4.547860000002402,0.099,3.559,0.8898600000024013,0.4678600000024016,0.4219999999999997,0.0
S00001,vRAN-DU,edge-A,edge,222,DONE,14.19823,14.20447,6.233110000266606,6.233110000266606,0.069,4.917,1.2471100002666065,0.7251100002666062,0.5220000000000002,0.0
S00003,UPF,edge-A,edge,233,DONE,14.20679,14.21188,5.0877099997705955,5.0877099997705955,0.088,2.543,2.4567099997705952,1.7707099997705953,0.6859999999999999,0.0
S00009,IoT-GW,edge-A,edge,260,DONE,14.2082,14.21189,3.6882770000374876,3.6882770000374876,0.068,2.057,1.5632770000374876,1.1962770000374876,0.367,0.0
S00009,IoT-GW,edge-A,edge,261,DONE,14.20831,14.21245,4.134932999932062,4.134932999932062,1.848,0.724,1.5629329999320616,0.7169329999320615,0.8460000000000001,0.0
S00009,IoT-GW,edge-A,edge,262,DONE,14.21197,14.21481,2.8332739998404577,2.8332739998404577,0.055,1.776,1.0022739998404577,0.6152739998404577,0.387,0.0
S00007,Transcoder,core-1,core,119,DONE,14.21606,14.25422,38.16184500010422,38.16184500010422,0.143,22.297,5.721845000104221,4.7648450001042235,0.9569999999999972,10.0
S00009,IoT-GW,edge-A,edge,263,DONE,14.2163,14.21857,2.267108000069129,2.267108000069129,0.059,1.19,1.0181080000691292,0.463108000069129,0.5550000000000002,0.0
S00001,vRAN-DU,edge-A,edge,223,DONE,14.22489,14.23476,9.862447999694268,9.862447999694268,0.111,6.656,3.0954479996942688,2.0364479996942686,1.0590000000000002,0.0
S00002,vRAN-DU,edge-B,edge,256,DONE,14.23036,14.24164,11.276686000201153,11.276686000201153,0.068,8.109,3.099686000201153,1.5166860002011529,1.5830000000000002,0.0
S00006,IMS-CSCF,edge-B,edge,271,DONE,14.23287,14.24327,10.404487999949197,10.404487999949197,0.06,6.52,3.8244879999491976,2.971487999949197,0.8530000000000006,0.0
S00009,IoT-GW,edge-A,edge,264,DONE,14.236,14.24016,4.16331899987199,4.16331899987199,0.091,2.602,1.4703189998719899,0.8653189998719899,0.605,0.0
S00010,IoT-GW,edge-B,edge,241,DONE,14.24166,14.24385,2.1908130001975223,2.1908130001975223,0.059,0.799,1.3328130001975222,0.9288130001975223,0.4039999999999999,0.0
S00004,UPF,edge-B,edge,244,DONE,14.24718,14.25164,4.466541999590845,4.466541999590845,0.134,2.712,1.620541999590845,0.7085419995908451,0.9119999999999999,0.0
S00009,IoT-GW,edge-A,edge,265,DONE,14.28365,14.28835,4.704766000031668,4.704766000031668,0.128,2.267,2.309766000031668,1.193766000031668,1.116,0.0
S00008,Transcoder,core-1,core,116,DONE,14.30481,14.32868,23.868347000188805,23.868347000188805,0.122,7.891,3.8553470001888055,2.9563470001888046,0.8990000000000009,12.0
S00004,UPF,edge-B,edge,245,DONE,14.30833,14.3148,6.477339999946707,6.477339999946707,0.091,3.891,2.495339999946707,0.9963399999467075,1.4989999999999997,0.0
S00005,IMS-CSCF,edge-A,edge,233,DONE,14.31482,14.31818,3.365858000051958,3.365858000051958,0.117,1.867,1.3818580000519578,0.8068580000519576,0.5750000000000002,0.0
S00009,IoT-GW,edge-A,edge,266,DONE,14.32253,14.3256,3.0721580001227267,3.0721580001227267,0.126,1.599,1.3471580001227266,0.5931580001227266,0.754,0.0
S00004,UPF,edge-B,edge,246,DONE,14.32421,14.33079,6.5838390000863,6.5838390000863,0.115,4.738,1.7308390000862994,0.9308390000863005,0.7999999999999989,0.0
S00005,IMS-CSCF,edge-A,edge,234,DONE,14.32782,14.33265,4.832736000025761,4.832736000025761,0.077,3.494,1.2617360000257611,0.7327360000257617,0.5289999999999995,0.0
S00006,IMS-CSCF,edge-B,edge,272,DONE,14.32793,14.33135,3.4175350001532934,3.4175350001532934,0.175,1.755,1.4875350001532934,0.6295350001532936,0.8579999999999999,0.0
S00008,Transcoder,core-1,core,117,DONE,14.33599,14.361,25.008887000240065,25.008887000240065,0.085,10.807,2.116887000240064,1.7048870002400651,0.41199999999999903,12.0
S00006,IMS-CSCF,edge-B,edge,273,DONE,14.33743,14.34265,5.2193259998603025,5.2193259998603025,0.189,2.91,2.1203259998603023,0.6003259998603028,1.5199999999999996,0.0
S00010,IoT-GW,edge-B,edge,242,DONE,14.33878,14.34267,3.8933089999773074,3.8933089999773074,0.077,1.693,2.1233089999773074,0.5423089999773074,1.581,0.0
S00001,vRAN-DU,edge-A,edge,224,DONE,14.33889,14.35016,11.276339999767515,11.276339999767515,0.086,8.164,3.026339999767515,1.5603399997675158,1.4659999999999993,0.0
S00002,vRAN-DU,edge-B,edge,257,DONE,14.34057,14.35427,13.695455000288348,13.695455000288348,0.128,9.665,3.9024550002883487,2.7344550002883476,1.168000000000001,0.0
S00003,UPF,edge-A,edge,234,DONE,14.34189,14.35126,9.371471999656933,9.371471999656933,0.103,7.26,2.0084719996569333,1.0864719996569328,0.9220000000000006,0.0
S00003,UPF,edge-A,edge,235,DONE,14.348,14.35493,6.930611000370845,6.930611000370845,2.075,3.014,1.841611000370845,1.2436110003708452,0.5979999999999999,0.0
S00003,UPF,edge-A,edge,236,DONE,14.34822,14.35794,9.723802999815234,9.723802999815234,5.097,2.569,2.057802999815234,1.5038029998152336,0.5540000000000003,0.0
S00005,IMS-CSCF,edge-A,edge,235,DONE,14.35018,14.35671,6.529937999857793,6.529937999857793,0.14,4.64,1.749937999857794,0.629937999857793,1.120000000000001,0.0
S00002,vRAN-DU,edge-B,edge,258,DONE,14.35673,14.36604,9.307270000135759,9.307270000135759,0.117,4.8,4.390270000135759,2.9052700001357588,1.4850000000000003,0.0
S00006,IMS-CSCF,edge-B,edge,274,DONE,14.35925,14.36731,8.05825499992352,8.05825499992352,0.08,6.708,1.2702549999235195,0.4442549999235199,0.8259999999999996,0.0
S00008,Transcoder,core-1,core,118,DONE,14.3594,14.3905,31.100527000035072,31.100527000035072,0.081,14.586,4.43352700003507,3.2985270000350724,1.1349999999999998,12.0
S00003,UPF,edge-A,edge,237,DONE,14.35948,14.36885,9.372888000143575,9.372888000143575,0.112,8.171,1.089888000143576,0.610888000143575,0.479000000000001,0.0
S00001,vRAN-DU,edge-A,edge,225,DONE,14.36074,14.36613,5.385827000282006,5.385827000282006,0.056,3.359,1.9708270002820063,1.1728270002820063,0.798,0.0
S00001,vRAN-DU,edge-A,edge,226,DONE,14.3628,14.36911,6.315266999990854,6.315266999990854,2.131,2.984,1.2002669999908537,0.4462669999908542,0.7539999999999996,0.0
S00004,UPF,edge-B,edge,247,DONE,14.36921,14.37833,9.123975999955292,9.123975999955292,0.079,7.831,1.2139759999552915,0.685975999955291,0.5280000000000005,0.0
S00010,IoT-GW,edge-B,edge,243,DONE,14.37051,14.3771,6.5953390003414825,6.5953390003414825,0.067,3.056,3.4723390003414822,2.9033390003414823,0.569,0.0
S00003,UPF,edge-A,edge,238,DONE,14.37712,14.43296,55.83927399993627,55.83927399993627,0.122,53.74,1.9772739999362656,1.15527399993627,0.8219999999999956,0.0
S00001,vRAN-DU,edge-A,edge,227,DONE,14.38068,14.43495,54.276150000077905,54.276150000077905,0.086,51.827,2.3631500000779084,1.739150000077906,0.6240000000000023,0.0
S00008,Transcoder,core-1,core,119,DONE,14.38082,14.40964,28.82106799961548,28.82106799961548,0.096,14.152,2.57306799961548,1.7960679996154791,0.777000000000001,12.0
S00007,Transcoder,core-1,core,120,DONE,14.38638,14.40873,22.34598699988055,22.34598699988055,0.076,10.261,2.008986999880552,1.0249869998805519,0.984,10.0
S00002,vRAN-DU,edge-B,edge,259,DONE,14.39744,14.40286,5.419528999937029,5.419528999937029,0.186,4.146,1.087528999937029,0.5205289999370288,0.5670000000000002,0.0
S00003,UPF,edge-A,edge,239,DONE,14.39838,14.43635,37.97239000004993,37.97239000004993,0.073,3.467,34.43239000004993,0.6603900000499294,33.772,0.0
S00009,IoT-GW,edge-A,edge,267,DONE,14.39849,14.43704,38.549328000044625,38.549328000044625,2.117,1.931,34.50132800004462,0.9053280000446264,33.596,0.0
S00009,IoT-GW,edge-A,edge,268,DONE,14.43297,14.43903,6.053963999875123,6.053963999875123,2.859,1.744,1.450963999875123,0.9259639998751226,0.5250000000000004,0.0
S00005,IMS-CSCF,edge-A,edge,236,DONE,14.43496,14.43905,4.082865999862406,4.082865999862406,0.716,2.249,1.1178659998624063,0.4698659998624062,0.6480000000000001,0.0
S00002,vRAN-DU,edge-B,edge,260,DONE,14.43636,14.44132,4.962126000009448,4.962126000009448,0.103,3.354,1.5051260000094477,0.7681260000094481,0.7369999999999997,0.0
S00010,IoT-GW,edge-B,edge,244,DONE,14.44761,14.45039,2.781007000066893,2.781007000066893,0.082,1.343,1.356007000066893,0.7060070000668928,0.6500000000000001,0.0
S00007,Transcoder,core-1,core,121,DONE,14.44891,14.46956,20.64512199967794,20.64512199967794,0.085,7.035,3.525121999677939,2.6671219996779403,0.8579999999999997,10.0
S00010,IoT-GW,edge-B,edge,245,DONE,14.46065,14.46294,2.2894019998602744,2.2894019998602744,0.118,1.141,1.0304019998602745,0.5194019998602744,0.5110000000000001,0.0
S00006,IMS-CSCF,edge-B,edge,275,DONE,14.47487,14.47758,2.7144759997099754,2.7144759997099754,0.086,1.435,1.1934759997099753,0.6914759997099753,0.502,0.0
S00003,UPF,edge-A,edge,240,DONE,14.47627,14.47995,3.6869710002065403,3.6869710002065403,0.087,2.043,1.55697100020654,1.0069710002065402,0.5499999999999998,0.0
S00004,UPF,edge-B,edge,248,DONE,14.48222,14.48554,3.3159640001940716,3.3159640001940716,0.096,2.219,1.0009640001940716,0.4689640001940716,0.532,0.0
S00004,UPF,edge-B,edge,249,DONE,14.49178,14.49499,3.20662900003299,3.20662900003299,0.064,2.186,0.95662900003299,0.49162900003299015,0.46499999999999986,0.0
S00010,IoT-GW,edge-B,edge,246,DONE,14.5023,14.50466,2.3645350001970655,2.3645350001970655,0.067,1.325,0.9725350001970656,0.5055350001970655,0.4670000000000001,0.0
S00005,IMS-CSCF,edge-A,edge,237,DONE,14.51899,14.52198,2.9898150000917667,2.9898150000917667,0.096,1.552,1.3418150000917666,0.7218150000917669,0.6199999999999997,0.0
S00003,UPF,edge-A,edge,241,DONE,14.53497,14.54076,5.789428999833035,5.789428999833035,0.23,2.738,2.821428999833035,1.478428999833035,1.343,0.0
S00009,IoT-GW,edge-A,edge,269,DONE,14.5389,14.54195,3.0501100000037695,3.0501100000037695,0.05,1.754,1.2461100000037695,0.6601100000037694,0.5860000000000001,0.0
S00004,UPF,edge-B,edge,250,DONE,14.53937,14.54389,4.521241000020382,4.521241000020382,0.132,2.564,1.8252410000203816,1.0872410000203816,0.738,0.0
S00008,Transcoder,core-1,core,120,DONE,14.5451,14.565,19.904468999811797,19.904468999811797,0.085,6.171,1.6484689998117972,1.1014689998117966,0.5469999999999997,12.0
S00002,vRAN-DU,edge-B,edge,261,DONE,14.54519,14.54856,3.366266999819345,3.366266999819345,0.058,2.567,0.7412669998193451,0.3602669998193453,0.3809999999999998,0.0
S00004,UPF,edge-B,edge,251,DONE,14.54641,14.5508,4.394396999941819,4.394396999941819,0.097,1.912,2.3853969999418188,1.8963969999418184,0.4890000000000003,0.0
S00004,UPF,edge-B,edge,252,DONE,14.54648,14.55254,6.063278000056016,6.063278000056016,2.099,1.669,2.295278000056016,1.8352780000560163,0.4599999999999995,0.0
S00001,vRAN-DU,edge-A,edge,228,DONE,14.55975,14.56353,3.7784999999530555,3.7784999999530555,0.078,2.711,0.9894999999530558,0.45749999995305535,0.5320000000000005,0.0
S00005,IMS-CSCF,edge-A,edge,238,DONE,14.57123,14.57387,2.63900600020861,2.63900600020861,0.135,1.483,1.02100600020861,0.5690060002086104,0.45199999999999974,0.0
S00001,vRAN-DU,edge-A,edge,229,DONE,14.57134,14.57532,3.9774399997440923,3.9774399997440923,0.109,2.677,1.1914399997440923,0.5954399997440922,0.5960000000000001,0.0
S00004,UPF,edge-B,edge,253,DONE,14.57511,14.58336,8.24803100022109,8.24803100022109,0.082,6.818,1.3480310002210905,0.7340310002210897,0.6140000000000008,0.0
S00006,IMS-CSCF,edge-B,edge,276,DONE,14.57861,14.58222,3.609891999985848,3.609891999985848,0.124,1.7,1.7858919999858482,0.9558919999858482,0.8300000000000001,0.0
S00005,IMS-CSCF,edge-A,edge,239,DONE,14.57884,14.58343,4.584501999943313,4.584501999943313,0.123,2.21,2.2515019999433132,1.4645019999433133,0.7869999999999999,0.0
S00009,IoT-GW,edge-A,edge,270,DONE,14.61272,14.61875,6.034180999904493,6.034180999904493,0.097,4.566,1.3711809999044924,0.5381809999044922,0.8330000000000002,0.0
S00010,IoT-GW,edge-B,edge,247,DONE,14.61287,14.6209,8.035813999867969,8.035813999867969,0.094,6.394,1.5478139998679685,0.7538139998679689,0.7939999999999996,0.0
S00003,UPF,edge-A,edge,242,DONE,14.61644,14.62067,4.233218000081251,4.233218000081251,0.097,2.569,1.5672180000812514,0.7062180000812512,0.8610000000000002,0.0
S00010,IoT-GW,edge-B,edge,248,DONE,14.62069,14.62315,2.458561999901576,2.458561999901576,0.074,1.336,1.048561999901576,0.5085619999015762,0.5399999999999998,0.0
S00010,IoT-GW,edge-B,edge,249,DONE,14.62634,14.62869,2.348188000269147,2.348188000269147,0.063,1.34,0.9451880002691468,0.472188000269147,0.47299999999999986,0.0
S00008,Transcoder,core-1,core,121,DONE,14.62764,14.64876,21.12719999968249,21.12719999968249,0.156,6.396,2.5751999996824892,1.7371999996824883,0.8380000000000001,12.0
S00008,Transcoder,core-1,core,122,DONE,14.63415,14.65699,22.838606999812328,22.838606999812328,0.061,7.516,3.2616069998123276,1.8786069998123267,1.383000000000001,12.0
S00001,vRAN-DU,edge-A,edge,230,DONE,14.64878,14.65662,7.833244999801536,7.833244999801536,0.085,4.899,2.8492449998015363,1.6552449998015364,1.194,0.0
S00002,vRAN-DU,edge-B,edge,262,DONE,14.649,14.65562,6.623489000048721,6.623489000048721,0.213,4.989,1.4214890000487213,0.8664890000487215,0.5549999999999997,0.0
S00007,Transcoder,core-1,core,122,DONE,14.65271,14.67636,23.652828999729536,23.652828999729536,0.129,9.893,3.6308289997295358,2.6888289997295356,0.9420000000000002,10.0
S00007,Transcoder,core-1,core,123,DONE,14.6537,14.67648,22.77883099986866,22.77883099986866,0.064,9.705,3.00983099986866,2.2538309998686596,0.7560000000000002,10.0
S00006,IMS-CSCF,edge-B,edge,277,DONE,14.67237,14.67742,5.054585999914707,5.054585999914707,0.254,3.509,1.291585999914707,0.4815859999147065,0.8100000000000005,0.0
S00010,IoT-GW,edge-B,edge,250,DONE,14.67266,14.67721,4.545472999780031,4.545472999780031,0.154,2.923,1.4684729997800314,0.528472999780031,0.9400000000000004,0.0
S00003,UPF,edge-A,edge,243,DONE,14.67524,14.68147,6.231231000128901,6.231231000128901,0.12,3.247,2.8642310001289006,1.3872310001289003,1.4770000000000003,0.0
S00006,IMS-CSCF,edge-B,edge,278,DONE,14.67539,14.67999,4.600499999924068,4.600499999924068,0.083,2.135,2.382499999924068,0.686499999924068,1.6960000000000002,0.0
S00007,Transcoder,core-1,core,124,DONE,14.67869,14.7017,23.010671000065486,23.010671000065486,0.138,10.281,2.5916710000654852,1.2866710000654855,1.3049999999999997,10.0
S00002,vRAN-DU,edge-B,edge,263,DONE,14.68001,14.6849,4.890475999673072,4.890475999673072,0.08,3.636,1.1744759996730716,0.5024759996730719,0.6719999999999997,0.0
S00004,UPF,edge-B,edge,254,DONE,14.68818,14.69338,5.198012999699131,5.198012999699131,0.108,3.973,1.1170129996991314,0.49601299969913093,0.6210000000000004,0.0
S00002,vRAN-DU,edge-B,edge,264,DONE,14.69083,14.69774,6.911420000051294,6.911420000051294,0.311,4.028,2.5724200000512942,1.6174200000512942,0.9550000000000001,0.0
S00002,vRAN-DU,edge-B,edge,265,DONE,14.70008,14.705,4.924806999952125,4.924806999952125,0.12,3.626,1.178806999952125,0.5198069999521246,0.6590000000000003,0.0
S00002,vRAN-DU,edge-B,edge,266,DONE,14.70628,14.77042,64.14817299992137,64.14817299992137,0.072,62.901,1.1751729999213651,0.7161729999213691,0.4589999999999961,0.0
S00002,vRAN-DU,edge-B,edge,267,DONE,14.70766,14.77029,62.63654999975188,62.63654999975188,0.09,61.045,1.501549999751873,0.8225499997518781,0.6789999999999949,0.0
S00002,vRAN-DU,edge-B,edge,268,DONE,14.70776,14.77328,65.52296000018032,65.52296000018032,61.016,2.955,1.5519600001803227,1.0309600001803148,0.5210000000000079,0.0
S00005,IMS-CSCF,edge-A,edge,240,DONE,14.73932,14.74336,4.042235000270011,4.042235000270011,0.15,2.001,1.8912350002700116,0.9712350002700112,0.9200000000000004,0.0
S00002,vRAN-DU,edge-B,edge,269,DONE,14.75065,14.77991,29.261119999773655,29.261119999773655,18.351,7.399,3.511119999773655,2.985119999773655,0.5259999999999998,0.0
S00002,vRAN-DU,edge-B,edge,270,DONE,14.75082,14.77708,26.255835000029037,26.255835000029037,20.734,3.496,2.025835000029037,0.9418350000290374,1.0839999999999996,0.0
S00005,IMS-CSCF,edge-A,edge,241,DONE,14.75218,14.75546,3.2824429999891436,3.2824429999891436,0.088,1.874,1.3204429999891434,0.5864429999891434,0.734,0.0
S00002,vRAN-DU,edge-B,edge,271,DONE,14.7703,14.78053,10.227655000107916,10.227655000107916,6.22,3.28,0.7276550001079158,0.36065500010791496,0.3670000000000009,0.0
S00005,IMS-CSCF,edge-A,edge,242,DONE,14.77652,14.78089,4.370466000182205,4.370466000182205,0.091,2.689,1.5904660001822046,0.5964660001822049,0.9939999999999998,0.0
S00010,IoT-GW,edge-B,edge,251,DONE,14.78417,14.78636,2.1907440000177303,2.1907440000177303,0.076,1.076,1.0387440000177302,0.5107440000177303,0.5279999999999998,0.0
S00007,Transcoder,core-1,core,125,DONE,14.80787,14.82935,21.484941999915463,21.484941999915463,0.099,7.38,4.005941999915464,1.8679419999154625,2.138000000000001,10.0
S00008,Transcoder,core-1,core,123,DONE,14.81543,14.8415,26.06424199984758,26.06424199984758,0.08,12.008,1.9762419998475824,1.0872419998475813,0.8890000000000011,12.0
S00006,IMS-CSCF,edge-B,edge,279,DONE,14.8199,14.82676,6.858700000066165,6.858700000066165,0.111,2.821,3.9267000000661643,0.9247000000661645,3.002,0.0
S00001,vRAN-DU,edge-A,edge,231,DONE,14.82543,14.83991,14.47283499965124,14.47283499965124,0.153,12.473,1.8468349996512394,0.5438349996512404,1.302999999999999,0.0
S00009,IoT-GW,edge-A,edge,271,DONE,14.82615,14.8326,6.450112000038644,6.450112000038644,3.464,1.33,1.6561120000386431,0.4451120000386437,1.2109999999999994,0.0
S00007,Transcoder,core-1,core,126,DONE,14.82677,14.85037,23.594655999659153,23.594655999659153,0.121,12.046,1.4276559996591534,0.8846559996591523,0.543000000000001,10.0
S00009,IoT-GW,edge-A,edge,272,DONE,14.83057,14.83925,8.679270999891742,8.679270999891742,0.082,6.737,1.8602709998917417,0.5002709998917414,1.3600000000000003,0.0
S00005,IMS-CSCF,edge-A,edge,243,DONE,14.8319,14.84356,11.66243600027883,11.66243600027883,0.202,3.638,7.822436000278831,2.1914360002788307,5.631,0.0
S00001,vRAN-DU,edge-A,edge,232,DONE,14.83428,14.8427,8.416856000167172,8.416856000167172,0.123,2.797,5.496856000167172,0.37985600016717136,5.117000000000001,0.0
S00004,UPF,edge-B,edge,255,DONE,14.84112,14.84506,3.9435669996237266,3.9435669996237266,0.084,2.599,1.2605669996237263,0.7345669996237265,0.5259999999999998,0.0
S00004,UPF,edge-B,edge,256,DONE,14.84833,14.87027,21.94009900040328,21.94009900040328,0.107,20.259,1.5740990004032795,0.6310990004032782,0.9430000000000014,0.0
S00010,IoT-GW,edge-B,edge,252,DONE,14.84849,14.87024,21.7527780000637,21.7527780000637,0.09,19.863,1.7997780000637,0.833778000063699,0.9660000000000011,0.0
S00005,IMS-CSCF,edge-A,edge,244,DONE,14.84972,14.85235,2.6258759999109316,2.6258759999109316,0.074,1.382,1.1698759999109316,0.4368759999109315,0.7330000000000001,0.0
S00002,vRAN-DU,edge-B,edge,272,DONE,14.85024,14.87313,22.896396000305685,22.896396000305685,0.134,2.941,19.821396000305686,0.8833960003056838,18.938000000000002,0.0
S00010,IoT-GW,edge-B,edge,253,DONE,14.86059,14.87436,13.768501999948057,13.768501999948057,2.802,1.352,9.614501999948057,0.6965019999480582,8.918,0.0
S00002,vRAN-DU,edge-B,edge,273,DONE,14.87258,14.87734,4.766755999753514,4.766755999753514,0.101,3.72,0.9457559997535134,0.4907559997535138,0.4549999999999996,0.0
S00007,Transcoder,core-1,core,127,DONE,14.89176,14.91183,20.07495599991671,20.07495599991671,0.079,6.743,3.2529559999167112,2.53395599991671,0.7190000000000003,10.0
S00010,IoT-GW,edge-B,edge,254,DONE,14.89322,14.89657,3.3495490001769213,3.3495490001769213,0.108,1.186,2.055549000176921,0.992549000176921,1.0630000000000002,0.0
S00003,UPF,edge-A,edge,244,DONE,14.89979,14.90312,3.337976999773673,3.337976999773673,0.08,2.25,1.007976999773673,0.5299769997736732,0.47799999999999976,0.0
S00003,UPF,edge-A,edge,245,DONE,14.90736,14.91055,3.1893229997876915,3.1893229997876915,0.076,2.075,1.0383229997876913,0.47532299978769155,0.5629999999999997,0.0
S00003,UPF,edge-A,edge,246,DONE,14.96114,14.96516,4.022378000172466,4.022378000172466,0.076,2.523,1.423378000172466,0.7813780001724662,0.6419999999999999,0.0
S00006,IMS-CSCF,edge-B,edge,280,DONE,14.97052,14.97375,3.228228999887506,3.228228999887506,0.091,1.699,1.4382289998875057,0.7322289998875058,0.706,0.0
S00004,UPF,edge-B,edge,257,DONE,14.97715,14.98169,4.535165000106645,4.535165000106645,0.081,2.196,2.2581650001066444,1.6791650001066447,0.5789999999999997,0.0
S00001,vRAN-DU,edge-A,edge,233,DONE,14.97848,14.9828,4.320639000070514,4.320639000070514,0.141,2.771,1.4086390000705142,0.495639000070514,0.9130000000000003,0.0
S00010,IoT-GW,edge-B,edge,255,DONE,14.98606,14.98894,2.889040999889403,2.889040999889403,0.082,1.492,1.3150409998894028,0.6600409998894028,0.655,0.0
S00003,UPF,edge-A,edge,247,DONE,14.98842,14.99188,3.4553730001789518,3.4553730001789518,0.15,2.244,1.0613730001789516,0.4933730001789516,0.5680000000000001,0.0
S00006,IMS-CSCF,edge-B,edge,281,DONE,14.99516,14.99867,3.510493000248971,3.510493000248971,0.101,1.824,1.5854930002489709,0.530493000248971,1.055,0.0
S00003,UPF,edge-A,edge,248,DONE,14.99529,14.99834,3.049067000119976,3.049067000119976,0.094,1.993,0.9620670001199758,0.5720670001199761,0.3899999999999997,0.0
S00010,IoT-GW,edge-B,edge,256,DONE,14.99993,15.00222,2.2914169999239675,2.2914169999239675,0.065,1.193,1.0334169999239675,0.5934169999239676,0.43999999999999995,0.0
